date,level,slope,curvature,residual,drift,transaction_cost
2001-08-06,0.0,0.0,0.0,0.0,0.0,0.0
2001-08-07,0.0,-0.0,-0.0,0.0,0.0,0.0
2001-08-08,-0.0,0.0,-0.0,-0.0,0.0,0.0
2001-08-09,0.0,0.0,0.0,0.0,0.0,0.0
2001-08-10,-0.0,0.0,-0.0,-0.0,0.0,0.0
2001-08-13,-0.0,0.0,-0.0,0.0,0.0,0.0
2001-08-14,0.0,-0.0,-0.0,-0.0,0.0,0.0
2001-08-15,0.0,-0.0,-0.0,0.0,0.0,0.0
2001-08-16,-0.0,0.0,0.0,-0.0,0.0,0.0
2001-08-17,-0.0,0.0,-0.0,-0.0,0.0,0.0
2001-08-20,0.0,-0.0,0.0,0.0,0.0,0.0
2001-08-21,-0.0,0.0,-0.0,-0.0,0.0,0.0
2001-08-22,0.0,-0.0,-0.0,0.0,0.0,0.0
2001-08-23,-0.0,0.0,0.0,-0.0,0.0,0.0
2001-08-24,0.0,0.0,-0.0,0.0,0.0,0.0
2001-08-27,0.0,-0.0,-0.0,-0.0,0.0,0.0
2001-08-28,-0.0,0.0,-0.0,-0.0,0.0,0.0
2001-08-29,-0.0,-0.0,-0.0,-0.0,0.0,0.0
2001-08-30,-0.0,0.0,0.0,0.0,0.0,0.0
2001-08-31,0.0,-0.0,0.0,0.0,0.0,0.0
2001-09-03,0.0,0.0,0.0,0.0,0.0,0.0
2001-09-04,0.0,-0.0,-0.0,0.0,0.0,0.0
2001-09-05,-0.0,0.0,0.0,-0.0,0.0,0.0
2001-09-06,-0.0,0.0,0.0,-0.0,0.0,0.0
2001-09-07,-0.0,0.0,0.0,-0.0,0.0,0.0
2001-09-10,0.0,0.0,0.0,0.0,0.0,0.0
2001-09-11,0.0,0.0,0.0,0.0,0.0,0.0
2001-09-12,0.0,0.0,0.0,0.0,0.0,0.0
2001-09-13,-0.0,0.0,0.0,-0.0,0.0,0.0
2001-09-14,-0.0,0.0,0.0,0.0,0.0,0.0
2001-09-17,0.0,-0.0,-0.0,-0.0,0.0,0.0
2001-09-18,0.0,0.0,-0.0,0.0,0.0,0.0
2001-09-19,-0.0,0.0,0.0,0.0,0.0,0.0
2001-09-20,0.0,-0.0,-0.0,0.0,0.0,0.0
2001-09-21,-0.0,-0.0,-0.0,-0.0,0.0,0.0
2001-09-24,0.0,-0.0,0.0,-0.0,0.0,0.0
2001-09-25,-0.0,0.0,0.0,0.0,0.0,0.0
2001-09-26,-0.0,-0.0,0.0,-0.0,0.0,0.0
2001-09-27,-0.0,-0.0,0.0,-0.0,0.0,0.0
2001-09-28,0.0,-0.0,0.0,0.0,0.0,0.0
2001-10-01,-0.0,-0.0,0.0,-0.0,0.0,0.0
2001-10-02,-0.0,0.0,0.0,0.0,0.0,0.0
2001-10-03,-0.0,-0.0,-0.0,-0.0,0.0,0.0
2001-10-04,0.0,0.0,0.0,0.0,0.0,0.0
2001-10-05,-0.0,0.0,0.0,-0.0,0.0,0.0
2001-10-08,0.0,0.0,0.0,0.0,0.0,0.0
2001-10-09,0.0,0.0,0.0,0.0,0.0,0.0
2001-10-10,-0.0,-0.0,-0.0,0.0,0.0,0.0
2001-10-11,0.0,-0.0,-0.0,0.0,0.0,0.0
2001-10-12,-0.0,0.0,0.0,-0.0,0.0,0.0
2001-10-15,-0.0,-0.0,-0.0,-0.0,0.0,0.0
2001-10-16,-0.0,-0.0,-0.0,0.0,0.0,0.0
2001-10-17,0.0,-0.0,-0.0,0.0,0.0,0.0
2001-10-18,-0.0,0.0,0.0,-0.0,0.0,0.0
2001-10-19,0.0,0.0,0.0,0.0,0.0,0.0
2001-10-22,0.0,-0.0,-0.0,-0.0,0.0,0.0
2001-10-23,0.0,0.0,0.0,0.0,0.0,0.0
2001-10-24,-0.0,0.0,0.0,-0.0,0.0,0.0
2001-10-25,-0.0,0.0,0.0,0.0,0.0,0.0
2001-10-26,-0.0,-0.0,-0.0,-0.0,0.0,0.0
2001-10-29,-0.0,0.0,0.0,0.0,0.0,0.0
2001-10-30,-0.0,0.0,0.0,-0.0,0.0,0.0
2001-10-31,-0.0,-0.0,0.0,0.0,0.0,0.0
2001-11-01,-0.0,-0.0,0.0,-0.0,0.0,0.0
2001-11-02,0.0,0.0,0.0,-0.0,0.0,0.0
2001-11-05,-0.0,-0.0,0.0,0.0,0.0,0.0
2001-11-06,-0.0,0.0,-0.0,0.0,0.0,0.0
2001-11-07,-0.0,-0.0,0.0,-0.0,0.0,0.0
2001-11-08,0.0,-0.0,-0.0,0.0,0.0,0.0
2001-11-09,0.0,-0.0,0.0,-0.0,0.0,0.0
2001-11-12,0.0,0.0,0.0,0.0,0.0,0.0
2001-11-13,0.0,-0.0,-0.0,0.0,0.0,0.0
2001-11-14,0.0,-0.0,-0.0,0.0,0.0,0.0
2001-11-15,0.0,-0.0,-0.0,0.0,0.0,0.0
2001-11-16,0.0,-0.0,0.0,-0.0,0.0,0.0
2001-11-19,-0.0,0.0,0.0,-0.0,0.0,0.0
2001-11-20,0.0,0.0,-0.0,0.0,0.0,0.0
2001-11-21,0.0,-0.0,0.0,0.0,0.0,0.0
2001-11-22,0.0,0.0,0.0,0.0,0.0,0.0
2001-11-23,0.0,-0.0,-0.0,-0.0,0.0,0.0
2001-11-26,0.0,-0.0,-0.0,0.0,0.0,0.0
2001-11-27,-0.0,0.0,-0.0,-0.0,0.0,0.0
2001-11-28,0.0,-0.0,0.0,-0.0,0.0,0.0
2001-11-29,-0.0,0.0,0.0,-0.0,0.0,0.0
2001-11-30,-0.0,0.0,-0.0,-0.0,0.0,0.0
2001-12-03,-0.0,0.0,-0.0,0.0,0.0,0.0
2001-12-04,-0.0,-0.0,-0.0,0.0,0.0,0.0
2001-12-05,0.0,-0.0,-0.0,0.0,0.0,0.0
2001-12-06,0.0,-0.0,-0.0,-0.0,0.0,0.0
2001-12-07,0.0,0.0,0.0,0.0,0.0,0.0
2001-12-10,-0.0,0.0,0.0,-0.0,0.0,0.0
2001-12-11,-0.0,0.0,-0.0,0.0,0.0,0.0
2001-12-12,-0.0,-0.0,-0.0,-0.0,0.0,0.0
2001-12-13,0.0,-0.0,-0.0,0.0,0.0,0.0
2001-12-14,0.0,-0.0,0.0,0.0,0.0,0.0
2001-12-17,0.0,0.0,0.0,-0.0,0.0,0.0
2001-12-18,-0.0,-0.0,0.0,-0.0,0.0,0.0
2001-12-19,-0.0,-0.0,-0.0,0.0,0.0,0.0
2001-12-20,0.0,-0.0,0.0,-0.0,0.0,0.0
2001-12-21,0.0,0.0,0.0,0.0,0.0,0.0
2001-12-24,0.0,-0.0,-0.0,0.0,0.0,0.0
2001-12-25,0.0,0.0,0.0,0.0,0.0,0.0
2001-12-26,0.0,-0.0,0.0,-0.0,0.0,0.0
2001-12-27,-0.0,0.0,-0.0,-0.0,0.0,0.0
2001-12-28,0.0,0.0,-0.0,-0.0,0.0,0.0
2001-12-31,-0.0,0.0,0.0,-0.0,0.0,0.0
2002-01-01,0.0,0.0,0.0,0.0,0.0,0.0
2002-01-02,0.0,-0.0,-0.0,0.0,0.0,0.0
2002-01-03,-0.0,0.0,-0.0,-0.0,0.0,0.0
2002-01-04,0.0,0.0,0.0,-0.0,0.0,0.0
2002-01-07,-0.0,0.0,0.0,0.0,0.0,0.0
2002-01-08,0.0,0.0,-0.0,-0.0,0.0,0.0
2002-01-09,-0.0,0.0,0.0,-0.0,0.0,0.0
2002-01-10,-0.0,0.0,0.0,0.0,0.0,0.0
2002-01-11,-0.0,0.0,0.0,0.0,0.0,0.0
2002-01-14,0.0,-0.0,-0.0,-0.0,0.0,0.0
2002-01-15,-0.0,-0.0,0.0,-0.0,0.0,0.0
2002-01-16,0.0,-0.0,-0.0,-0.0,0.0,0.0
2002-01-17,0.0,-0.0,0.0,0.0,0.0,0.0
2002-01-18,-0.0,0.0,0.0,0.0,0.0,0.0
2002-01-21,0.0,0.0,0.0,0.0,0.0,0.0
2002-01-22,0.0,-0.0,-0.0,-0.0,0.0,0.0
2002-01-23,0.0,-0.0,-0.0,0.0,0.0,0.0
2002-01-24,0.0,-0.0,-0.0,0.0,0.0,0.0
2002-01-25,0.0,-0.0,0.0,-0.0,0.0,0.0
2002-01-28,0.0,-0.0,0.0,0.0,0.0,0.0
2002-01-29,-0.0,0.0,0.0,0.0,0.0,0.0
2002-01-30,0.0,-0.0,0.0,-0.0,0.0,0.0
2002-01-31,0.0,-0.0,-0.0,0.0,0.0,0.0
2002-02-01,-0.0,0.0,0.0,-0.0,0.0,0.0
2002-02-04,-0.0,0.0,0.0,-0.0,0.0,0.0
2002-02-05,-0.0,-0.0,-0.0,-0.0,0.0,0.0
2002-02-06,0.0,0.0,-0.0,-0.0,0.0,0.0
2002-02-07,0.0,0.0,-0.0,-0.0,0.0,0.0
2002-02-08,-0.0,0.0,0.0,0.0,0.0,0.0
2002-02-11,0.0,0.0,-0.0,-0.0,0.0,0.0
2002-02-12,0.0,-0.0,-0.0,0.0,0.0,0.0
2002-02-13,0.0,-0.0,-0.0,0.0,0.0,0.0
2002-02-14,-0.0,-0.0,-0.0,-0.0,0.0,0.0
2002-02-15,-0.0,0.0,0.0,-0.0,0.0,0.0
2002-02-18,0.0,0.0,0.0,0.0,0.0,0.0
2002-02-19,0.0,0.0,-0.0,-0.0,0.0,0.0
2002-02-20,0.0,-0.0,-0.0,0.0,0.0,0.0
2002-02-21,-0.0,0.0,-0.0,0.0,0.0,0.0
2002-02-22,-0.0,-0.0,0.0,0.0,0.0,0.0
2002-02-25,0.0,-0.0,-0.0,-0.0,0.0,0.0
2002-02-26,0.0,-0.0,0.0,0.0,0.0,0.0
2002-02-27,-0.0,-0.0,-0.0,0.0,0.0,0.0
2002-02-28,0.0,0.0,0.0,-0.0,0.0,0.0
2002-03-01,0.0,-0.0,0.0,-0.0,0.0,0.0
2002-03-04,0.0,-0.0,-0.0,0.0,0.0,0.0
2002-03-05,0.0,-0.0,0.0,-0.0,0.0,0.0
2002-03-06,0.0,0.0,-0.0,0.0,0.0,0.0
2002-03-07,0.0,-0.0,0.0,-0.0,0.0,0.0
2002-03-08,0.0,-0.0,-0.0,0.0,0.0,0.0
2002-03-11,-0.0,-0.0,0.0,0.0,0.0,0.0
2002-03-12,-0.0,0.0,-0.0,-0.0,0.0,0.0
2002-03-13,-0.0,0.0,-0.0,-0.0,0.0,0.0
2002-03-14,0.0,-0.0,0.0,0.0,0.0,0.0
2002-03-15,-0.0,-0.0,-0.0,-0.0,0.0,0.0
2002-03-18,-0.0,-0.0,-0.0,-0.0,0.0,0.0
2002-03-19,-0.0,0.0,-0.0,-0.0,0.0,0.0
2002-03-20,0.0,-0.0,0.0,0.0,0.0,0.0
2002-03-21,0.0,-0.0,0.0,-0.0,0.0,0.0
2002-03-22,0.0,-0.0,-0.0,-0.0,0.0,0.0
2002-03-25,0.0,0.0,-0.0,-0.0,0.0,0.0
2002-03-26,-0.0,0.0,0.0,0.0,0.0,0.0
2002-03-27,0.0,0.0,0.0,-0.0,0.0,0.0
2002-03-28,0.0,-0.0,-0.0,0.0,0.0,0.0
2002-03-29,0.0,0.0,0.0,0.0,0.0,0.0
2002-04-01,0.0,-0.0,0.0,0.0,0.0,0.0
2002-04-02,-0.0,0.0,0.0,-0.0,0.0,0.0
2002-04-03,-0.0,0.0,0.0,0.0,0.0,0.0
2002-04-04,-0.0,-0.0,-0.0,-0.0,0.0,0.0
2002-04-05,-0.0,0.0,-0.0,-0.0,0.0,0.0
2002-04-08,0.0,0.0,-0.0,0.0,0.0,0.0
2002-04-09,-0.0,-0.0,0.0,-0.0,0.0,0.0
2002-04-10,0.0,-0.0,0.0,0.0,0.0,0.0
2002-04-11,-0.0,0.0,-0.0,-0.0,0.0,0.0
2002-04-12,-0.0,0.0,-0.0,-0.0,0.0,0.0
2002-04-15,-0.0,-0.0,0.0,-0.0,0.0,0.0
2002-04-16,0.0,-0.0,0.0,0.0,0.0,0.0
2002-04-17,0.0,0.0,-0.0,-0.0,0.0,0.0
2002-04-18,-0.0,0.0,0.0,-0.0,0.0,0.0
2002-04-19,-0.0,-0.0,0.0,0.0,0.0,0.0
2002-04-22,-0.0,-0.0,-0.0,-0.0,0.0,0.0
2002-04-23,0.0,-0.0,-0.0,-0.0,0.0,0.0
2002-04-24,-0.0,0.0,0.0,0.0,0.0,0.0
2002-04-25,-0.0,0.0,0.0,-0.0,0.0,0.0
2002-04-26,-0.0,0.0,-0.0,-0.0,0.0,0.0
2002-04-29,0.0,-0.0,0.0,0.0,0.0,0.0
2002-04-30,-0.0,-0.0,0.0,0.0,0.0,0.0
2002-05-01,-0.0,0.0,0.0,0.0,0.0,0.0
2002-05-02,0.0,-0.0,0.0,0.0,0.0,0.0
2002-05-03,-0.0,0.0,0.0,0.0,0.0,0.0
2002-05-06,0.0,-0.0,0.0,0.0,0.0,0.0
2002-05-07,-0.0,0.0,-0.0,0.0,0.0,0.0
2002-05-08,0.0,-0.0,-0.0,0.0,0.0,0.0
2002-05-09,-0.0,0.0,-0.0,-0.0,0.0,0.0
2002-05-10,-0.0,0.0,0.0,0.0,0.0,0.0
2002-05-13,0.0,-0.0,-0.0,0.0,0.0,0.0
2002-05-14,0.0,-0.0,-0.0,0.0,0.0,0.0
2002-05-15,-0.0,0.0,-0.0,0.0,0.0,0.0
2002-05-16,-0.0,0.0,-0.0,-0.0,0.0,0.0
2002-05-17,0.0,-0.0,-0.0,0.0,0.0,0.0
2002-05-20,-0.0,0.0,0.0,0.0,0.0,0.0
2002-05-21,-0.0,0.0,-0.0,-0.0,0.0,0.0
2002-05-22,-0.0,0.0,-0.0,0.0,0.0,0.0
2002-05-23,0.0,-0.0,-0.0,0.0,0.0,0.0
2002-05-24,0.0,-0.0,0.0,-0.0,0.0,0.0
2002-05-27,0.0,0.0,0.0,0.0,0.0,0.0
2002-05-28,0.0,-0.0,-0.0,0.0,0.0,0.0
2002-05-29,-0.0,0.0,-0.0,-0.0,0.0,0.0
2002-05-30,-0.0,0.0,0.0,-0.0,0.0,0.0
2002-05-31,0.0,-0.0,-0.0,0.0,0.0,0.0
2002-06-03,-0.0,0.0,-0.0,-0.0,0.0,0.0
2002-06-04,-0.0,0.0,0.0,0.0,0.0,0.0
2002-06-05,0.0,0.0,-0.0,-0.0,0.0,0.0
2002-06-06,-0.0,0.0,-0.0,0.0,0.0,0.0
2002-06-07,0.0,0.0,0.0,0.0,0.0,0.0
2002-06-10,-0.0,-0.0,0.0,0.0,0.0,0.0
2002-06-11,-0.0,0.0,0.0,-0.0,0.0,0.0
2002-06-12,-0.0,0.0,-0.0,0.0,0.0,0.0
2002-06-13,-0.0,0.0,0.0,-0.0,0.0,0.0
2002-06-14,-0.0,0.0,-0.0,-0.0,0.0,0.0
2002-06-17,0.0,0.0,-0.0,0.0,0.0,0.0
2002-06-18,-0.0,0.0,0.0,-0.0,0.0,0.0
2002-06-19,-0.0,0.0,-0.0,-0.0,0.0,0.0
2002-06-20,0.0,-0.0,-0.0,0.0,0.0,0.0
2002-06-21,-0.0,-0.0,0.0,0.0,0.0,0.0
2002-06-24,0.0,0.0,0.0,0.0,0.0,0.0
2002-06-25,0.0,0.0,-0.0,-0.0,0.0,0.0
2002-06-26,-0.0,0.0,-0.0,-0.0,0.0,0.0
2002-06-27,0.0,0.0,-0.0,0.0,0.0,0.0
2002-06-28,0.0,-0.0,-0.0,0.0,0.0,0.0
2002-07-01,-0.0,-0.0,0.0,0.0,0.0,0.0
2002-07-02,-0.0,0.0,-0.0,-0.0,0.0,0.0
2002-07-03,0.0,-0.0,0.0,0.0,0.0,0.0
2002-07-04,0.0,0.0,0.0,0.0,0.0,0.0
2002-07-05,0.0,-0.0,0.0,0.0,0.0,0.0
2002-07-08,-0.0,0.0,0.0,-0.0,0.0,0.0
2002-07-09,-0.0,0.0,0.0,0.0,0.0,0.0
2002-07-10,-0.0,0.0,-0.0,-0.0,0.0,0.0
2002-07-11,0.0,0.0,-0.0,-0.0,0.0,0.0
2002-07-12,-0.0,0.0,0.0,-0.0,0.0,0.0
2002-07-15,0.0,0.0,0.0,-0.0,0.0,0.0
2002-07-16,0.0,-0.0,-0.0,0.0,0.0,0.0
2002-07-17,-0.0,0.0,-0.0,-0.0,0.0,0.0
2002-07-18,-0.0,0.0,-0.0,-0.0,0.0,0.0
2002-07-19,-0.0,0.0,0.0,0.0,0.0,0.0
2002-07-22,-0.0,0.0,-0.0,-0.0,0.0,0.0
2002-07-23,-0.0,0.0,-0.0,-0.0,0.0,0.0
2002-07-24,0.0,0.0,-0.0,-0.0,0.0,0.0
2002-07-25,-0.0,0.0,0.0,0.0,0.0,0.0
2002-07-26,-0.0,0.0,0.0,0.0,0.0,0.0
2002-07-29,-31622.430817720553,71976.80351780567,-12214.574425757397,-8274.74690183924,134.948627511118,-3193.4553630610353
2002-07-30,-2757.7866748232814,36131.51210781713,-22852.957416676643,-10461.384748521881,134.0471750091732,0.0
2002-07-31,25254.25192826733,-88105.59821879336,-12373.963605565008,4248.254239444918,133.90771153845787,0.0
2002-08-01,8206.979007978201,-55886.86457846915,6438.839331576429,983.3750459467987,134.60297485320436,0.0
2002-08-02,24346.213815084495,-64432.87251936884,21541.163069156042,-1955.1067432741675,134.8148085561333,0.0
2002-08-05,8411.042068994606,-22790.912924006025,-2857.4906744141663,-2861.4769312025314,135.48760916008325,0.0
2002-08-06,-22461.965425481445,90281.5983690442,-3891.686081803604,-14338.816970200955,135.68958737683644,0.0
2002-08-07,14518.186788636338,-84888.77791023283,10262.407529410579,-137.37693524710747,135.04405471732724,0.0
2002-08-08,-12499.33256019945,87463.30088284478,-9279.466484489234,4313.645096707894,135.41104004342313,0.0
2002-08-09,12958.439901704596,72760.99161451867,29420.84237056215,14911.247941117936,135.13232953737273,0.0
2002-08-12,6855.165441072265,40900.824750359505,5545.590113884922,-3052.6405457957367,135.6696054474241,0.0
2002-08-13,16504.396297985975,-15464.064140450304,-9227.98869066383,8940.04784970996,135.87754244085136,0.0
2002-08-14,1551.6777681165488,185601.4817269717,-9469.129424624849,2181.021302026146,134.94862751111802,-15.530451167025603
2002-08-15,-17310.18000214956,576.514320753386,15635.349242243567,-9502.717162453926,135.1246976152662,0.0
2002-08-16,-18352.89050584202,-14693.602493602495,-44394.06528270215,-12495.918542299769,134.6096735265181,0.0
2002-08-19,4027.0334896080844,4225.309744717821,-15173.059598083257,6603.142318055258,133.9589872829506,0.0
2002-08-20,19954.86780049883,-41750.15420614069,10949.035720567235,135.3512951089482,134.0994323198129,0.0
2002-08-21,-4761.648489376172,-31885.093429915563,361.7239714831593,6222.414828187538,134.669901870933,0.0
2002-08-22,-15774.221623114845,9118.277711617498,13806.056345252482,-7048.303545433988,134.54646847621802,0.0
2002-08-23,6908.113305214801,-7006.747827070854,19412.45330180294,202.74800141669104,134.0766459294529,0.0
2002-08-26,3428.696831748973,21500.876235960422,4199.93444665579,549.3387123132887,134.29914398720595,0.0
2002-08-27,-10859.856312527096,25608.711632657953,-10834.982710972592,-3876.044020616765,134.42214988524108,0.0
2002-08-28,8590.519507010235,10038.939242572425,15840.385768715152,4922.513378217234,134.09341957702523,0.0
2002-08-29,10700.492901163949,-39042.90982807818,-6746.749596920913,4921.336451054714,134.39807755652768,0.0
2002-08-30,4585.0395723585625,43490.82861418852,-17698.58143418105,-10550.434758745476,134.6990483141478,0.0
2002-09-02,-7.376201396028716,-79.24053277315187,-47.521460279212555,-0.6433429869568223,134.78153743534992,0.0
2002-09-03,24831.94319378927,-25920.003903154357,27752.315105574813,3270.878810313317,134.78153743534992,0.0
2002-09-04,3182.1087751374366,31738.88729572268,1401.889123292362,-6324.224325073901,135.52403803394967,0.0
2002-09-05,8877.418613115797,-47155.155710313746,14327.98970326496,4218.556280937546,135.60152468881412,0.0
2002-09-06,-23707.811117059544,24736.741148788125,-7542.965492728125,-4967.077401625631,135.8531682638434,0.0
2002-09-09,-1318.8620524160801,52516.31265936213,5312.686110122294,-6694.546826635463,135.19033998071566,0.0
2002-09-10,-0.0,-0.0,-0.0,-0.0,0.0,-3177.9249118940056
2002-09-11,0.0,-0.0,0.0,0.0,0.0,0.0
2002-09-12,-0.0,0.0,-0.0,-0.0,0.0,0.0
2002-09-13,-0.0,-0.0,0.0,0.0,0.0,0.0
2002-09-16,-0.0,-0.0,0.0,-0.0,0.0,0.0
2002-09-17,-0.0,0.0,-0.0,-0.0,0.0,0.0
2002-09-18,-0.0,0.0,0.0,-0.0,0.0,0.0
2002-09-19,-0.0,0.0,0.0,-0.0,0.0,0.0
2002-09-20,0.0,0.0,-0.0,-0.0,0.0,0.0
2002-09-23,-0.0,-0.0,-0.0,0.0,0.0,0.0
2002-09-24,-0.0,-0.0,0.0,0.0,0.0,0.0
2002-09-25,0.0,0.0,-0.0,0.0,0.0,0.0
2002-09-26,0.0,0.0,0.0,-0.0,0.0,0.0
2002-09-27,-0.0,0.0,-0.0,-0.0,0.0,0.0
2002-09-30,-0.0,0.0,-0.0,0.0,0.0,0.0
2002-10-01,0.0,0.0,-0.0,-0.0,0.0,0.0
2002-10-02,-0.0,0.0,0.0,-0.0,0.0,0.0
2002-10-03,-0.0,0.0,-0.0,-0.0,0.0,0.0
2002-10-04,0.0,-0.0,-0.0,0.0,0.0,0.0
2002-10-07,-0.0,-0.0,-0.0,0.0,0.0,0.0
2002-10-08,0.0,-0.0,-0.0,-0.0,0.0,0.0
2002-10-09,-0.0,0.0,0.0,-0.0,0.0,0.0
2002-10-10,0.0,0.0,0.0,0.0,0.0,0.0
2002-10-11,0.0,-0.0,0.0,0.0,0.0,0.0
2002-10-14,0.0,0.0,0.0,0.0,0.0,0.0
2002-10-15,0.0,-0.0,0.0,0.0,0.0,0.0
2002-10-16,-0.0,0.0,0.0,-0.0,0.0,0.0
2002-10-17,0.0,0.0,-0.0,0.0,0.0,0.0
2002-10-18,-0.0,0.0,-0.0,-0.0,0.0,0.0
2002-10-21,0.0,-0.0,-0.0,0.0,0.0,0.0
2002-10-22,0.0,0.0,0.0,0.0,0.0,0.0
2002-10-23,-0.0,0.0,-0.0,-0.0,0.0,0.0
2002-10-24,-0.0,0.0,0.0,-0.0,0.0,0.0
2002-10-25,-0.0,0.0,0.0,0.0,0.0,0.0
2002-10-28,6694.8521432144935,-98199.30628536077,9764.035212493402,1605.4703021420978,134.94862751111802,-3177.293739487606
2002-10-29,19072.85241563427,-11696.862315759026,28706.688703440363,3796.4910504162126,135.09184569465117,0.0
2002-10-30,1255.7859272355631,-53665.170661812546,-11285.366292661427,-6703.301930660021,135.6868814412984,0.0
2002-10-31,9027.321389388819,-24021.950735166833,7841.59351384309,7216.722801189206,135.63376022933855,0.0
2002-11-01,-13476.157054218214,42056.82025472921,-28318.430882341025,-838.0781188550845,135.92097675119962,0.0
2002-11-04,-8415.316507476198,14618.773957163987,-37087.73392813898,511.3419318178245,135.53826345161536,0.0
2002-11-05,-3348.959751353145,-310.23034312816424,15276.192278445706,-11754.254413931625,135.27069134608647,0.0
2002-11-06,-2736.829914059299,24441.47027671393,32054.63718384554,6213.914457233659,135.1282028649355,0.0
2002-11-07,24461.22458290884,124874.1203215116,44040.47321844841,6779.002276437666,135.13930467431763,0.0
2002-11-08,5463.318373243405,89445.76602540229,-48355.0793385381,-6325.799630928849,136.02149984054705,0.0
2002-11-11,-7.354480301302433,-79.36056186930205,-47.58976773802875,-0.6438176024848236,134.948627511118,-11.434539505907894
2002-11-12,5526.726077751649,-57266.72084810043,-16880.717667936307,-1514.2361892258668,134.948627511118,0.0
2002-11-13,3184.447090302998,3010.420643569175,-28894.376532746577,-7465.137047991042,135.03864102206705,0.0
2002-11-14,-28853.279503407335,-16218.926112657775,-13097.64203458205,-1880.7506125635944,135.05682192948163,0.0
2002-11-15,-2018.4690090477675,40314.26169609862,-34351.34128082352,-3910.4006163404856,134.19295662266248,0.0
2002-11-18,2496.8487786765054,17425.58190969481,4125.1625356503055,5529.885995599427,134.098820045836,0.0
2002-11-19,3720.0478726457377,27613.11628655653,-530.2873222451781,-1182.5129911071879,134.22193170159366,0.0
2002-11-20,-14778.033047399123,-3716.6109634473564,-7484.905753858159,6417.653587767677,134.34530054956042,0.0
2002-11-21,-10569.431067689624,7757.207784906166,11094.667752070105,2151.490412483267,133.93368515788254,0.0
2002-11-22,-7517.125003697563,22223.22542564446,-6880.192541929223,2039.1434924714406,134.94862751111802,-14.236154856678695
2002-11-25,-464.32122486129055,-15073.026157521414,-3134.949497830999,-1437.0882479069974,134.75341574076495,0.0
2002-11-26,18497.283860410367,-25758.85358687662,-6273.853284151515,3195.6376211526213,134.71826713846772,0.0
2002-11-27,-29764.25604574113,19857.833557947317,-9811.27194888935,-780.5021295348811,135.24538740268088,0.0
2002-11-28,-7.131613152045916,-79.17833979790062,-47.45748063574306,-0.6392090827815493,134.4066426684711,0.0
2002-11-29,8396.536760212792,-4039.7102345159005,-7438.4236351595655,-7233.564741752239,134.4066426684711,0.0
2002-12-02,-684.7109867522254,5620.888631430527,-24107.620083716458,9040.533448646347,134.60092293662433,0.0
2002-12-03,-2629.3541224945984,-612.9974436893785,-5958.818875876982,-859.1394897521479,134.60696078949957,0.0
2002-12-04,10278.325972242954,-15711.587332517083,7941.524940907561,-2908.275919439127,134.5188115854384,0.0
2002-12-05,8237.916285688492,-13817.292092769401,4988.677099493088,341.34496698375455,134.80173287796993,0.0
2002-12-06,8266.79757238844,-47875.432307738425,-3123.530730133177,2537.5299823424457,135.03831968007464,0.0
2002-12-09,5402.68343473264,9102.007700832652,13828.503185035059,-8415.887327261642,135.25235765276207,0.0
2002-12-10,871.0749185951393,29208.776911087378,301.0631892993403,-10474.373287314418,135.3829181051468,0.0
2002-12-11,8757.286555763489,416.7386553508932,-9351.86946854882,142.97648211814186,135.37079818642474,0.0
2002-12-12,-1695.8238343865937,-16455.29293566598,9410.601443460051,8604.90614180502,135.60918478749926,0.0
2002-12-13,-9339.145306767437,-40842.62670829117,5891.155791323766,3827.4065719805367,135.60918478749926,0.0
2002-12-16,-11805.224425591607,875.9493697282437,10091.426434058912,-9412.173528218394,135.3474510450132,0.0
2002-12-17,3146.758978471692,-51836.926462471594,10155.908615563774,8321.887786909707,134.9738503153273,0.0
2002-12-18,11727.859598530194,-26222.07565188812,1144.119472309577,3090.8783607402643,135.08676105100574,0.0
2002-12-19,15288.225534041796,-14377.411905412082,29529.170395654564,-396.77875953223685,135.42537557797812,0.0
2002-12-20,-1108.2480345964664,32896.867278312246,-17218.767838895215,-4716.316798459455,135.88477259354156,0.0
2002-12-23,-3099.7007001809598,14802.562806205007,6791.246072846989,1395.198448374038,135.83080034110657,0.0
2002-12-24,6144.991594557803,-25347.74842953874,-15597.942210936966,4704.601299957651,135.7707894426184,0.0
2002-12-25,-7.62109631640463,-79.78888736856327,-47.8719744266626,-0.6507409028000487,135.9326990144305,0.0
2002-12-26,3685.5313267694396,-20676.295849058373,5708.064888612548,1212.2365366033903,135.9326990144305,0.0
2002-12-27,15968.041982353481,-29820.00369300779,5166.279088201418,9134.968216672172,136.03472510635137,0.0
2002-12-30,3077.3865203395344,27217.895983990842,3266.82465372614,-13697.05578556739,134.948627511118,-23.334007684385142
2002-12-31,-1842.294155439863,-4611.231674400038,-7899.7202381011375,4213.417550186784,134.98416853629396,0.0
2003-01-01,-7.35916095223377,-79.35345963758131,-47.586105301686295,-0.6438411180033597,134.9425670095047,0.0
2003-01-02,-37564.193831995864,26348.002557929376,-37124.69407741272,-1817.5225308240401,134.9425670095047,0.0
2003-01-03,2155.970537937641,-5627.88994773906,10558.792386413432,2573.4278920063384,133.83785423189192,0.0
2003-01-06,-7581.982828234861,24126.205962979962,-11639.06551585032,5266.7035018699335,133.92574455870462,0.0
2003-01-07,8745.361944787142,-32826.55485499321,-30.212207552611964,3976.4564902473157,134.94862751111802,-15.228140908911882
2003-01-08,7659.653149321528,-4458.027499206828,-26850.416194510693,3558.2585457270347,135.1981538660539,0.0
2003-01-09,-31795.759640320535,15332.313599237195,-17692.436762205067,3451.164445191917,135.40076284751186,0.0
2003-01-10,6926.7045832778695,-31968.079652956658,-29977.847256562985,4770.309822206462,134.5183446464073,0.0
2003-01-13,1495.1607873574771,15324.945451856474,22375.925687471095,-9352.015922016992,134.69009729359905,0.0
2003-01-14,9045.843341359307,-9719.497701889635,5061.332055405595,-4685.072063641181,134.71915789399733,0.0
2003-01-15,1143.5219157266463,5698.583146169581,-14434.667250052602,-2552.264810998715,134.95572535977954,0.0
2003-01-16,-109.95309523234026,8051.714183402475,-9623.141609060094,1546.4187350715254,134.96178581843867,0.0
2003-01-17,8280.032377568936,-13830.196619360831,4993.69140038578,341.90860362598715,134.96178581843867,0.0
2003-01-20,-7.376267496719395,-79.50211885849207,-47.675623140328796,-0.645097731137308,135.19910722667754,0.0
2003-01-21,6253.53141518809,-7485.920241180821,11753.006763617708,-630.5106761362528,135.19910722667754,0.0
2003-01-22,7745.2121595502285,20582.547173123105,22798.94507772857,-1051.276620003275,135.3834336455629,0.0
2003-01-23,-4555.14141355818,11886.72206605501,-3991.384047545144,-3612.393958368214,135.63955317025776,0.0
2003-01-24,6273.608626112143,654.9073932180384,2168.0268579389585,925.1077846956877,135.49618833136248,0.0
2003-01-27,-5955.864253591845,17921.975662235815,-6896.0981375211995,-5407.23049184153,135.68132951421254,0.0
2003-01-28,-1960.4060547615813,-952.6917763883355,-15649.199519634503,-1679.548388375135,135.49012067359024,0.0
2003-01-29,-11562.104307426533,15953.192077180898,1584.1407952598845,3749.4865562654263,135.40682930465093,0.0
2003-01-30,9921.4112695119,-10039.138999954035,-16160.266077862385,6169.199343075325,135.1152094171241,0.0
2003-01-31,377.4939383537064,31224.554787299905,-4534.630060772505,-7168.255519506058,135.40682930465093,0.0
2003-02-03,-1190.5407456311702,15772.328372966218,-27034.715531850114,2274.0543801254335,135.39469759069166,0.0
2003-02-04,7700.23294373176,-13513.370778278504,14658.696375861302,1153.0092525565688,135.3530953551432,0.0
2003-02-05,-10089.828041575425,15289.71286771163,-17749.367130920415,2135.345735770014,135.58566458305958,0.0
2003-02-06,7972.007439576544,-11828.821561515677,168.91667928953441,3653.67349527969,135.30545799672643,0.0
2003-02-07,5367.472432882403,-33930.91547544555,-2159.429760973478,-9453.429686502692,135.54394637153288,0.0
2003-02-10,-8812.16840226153,230.19582119968595,15126.289309071775,13261.123603735574,135.61602690173464,0.0
2003-02-11,2366.312184287458,-35334.66432275747,12253.632890329023,568.3107362037291,135.46059701462676,0.0
2003-02-12,6761.55092675001,-35622.89974998167,48312.90776158695,608.4002077789738,135.52047097501406,0.0
2003-02-13,9057.52618387075,-12224.63169834979,2121.2246121956164,-8915.847048910264,135.74743202867148,0.0
2003-02-14,-10010.89427887465,-1014.9753718486771,1463.9532212322645,-989.0820618733777,135.94534372951276,0.0
2003-02-17,-7.558058706710388,-79.66494755287438,-47.79189196689063,-0.6489520118852216,135.66385023836057,0.0
2003-02-18,-2028.4833514482561,24156.041217991606,22465.90876782041,5447.355707358827,135.66385023836057,0.0
2003-02-19,9799.823802392906,9009.19248477319,-11167.267734224564,2547.106309866268,135.68132951421254,0.0
2003-02-20,4831.723765480041,-15773.642632663368,23288.40345073196,-2233.6642229609774,135.9629739167827,0.0
2003-02-21,-7797.580540962181,-2941.441512597789,4450.134271191803,-4306.372252629538,136.1011616222307,0.0
2003-02-24,6397.033355131804,655.9588494601576,2172.1975242145986,929.5432422589785,135.86694715287868,0.0
2003-02-25,7459.884328749062,13718.05419521072,10135.63399844676,-950.6660151287069,136.0530428039002,0.0
2003-02-26,4295.922712891037,21238.034688372645,-5416.797112770598,-252.10891600395638,134.94862751111802,-16.44539562938371
2003-02-27,148.53706888357613,5159.644130002242,15503.234833177254,9083.838568465422,135.07963508330099,0.0
2003-02-28,10433.60594541535,16745.174739944116,-18766.28849592066,-8426.319566243988,135.15701455955403,0.0
2003-03-03,2538.0322872758893,-17473.691818766194,27955.97704187611,6983.956452957474,135.39645524197607,0.0
2003-03-04,5067.714313469197,-14050.903704275832,8727.901924452703,287.31418418633575,135.52834422956977,0.0
2003-03-05,4618.299893899173,-16517.637523049518,5769.816712160177,-3883.634968987855,135.6726417028119,0.0
2003-03-06,-6128.457879808248,-11732.606215510472,-16919.6784328238,4308.787829159997,135.77506888350376,0.0
2003-03-07,9877.803957986553,-37735.37028462933,-7821.207473206309,-4293.019293566073,135.60070410364634,0.0
2003-03-10,6098.324285843323,-26249.603043821404,16421.247946708158,3851.1728478516798,135.81763344241048,0.0
2003-03-11,-3266.376288401205,22971.408169912767,-2831.8005865214,2968.7829372561323,136.01074290152005,0.0
2003-03-12,-2385.2846724422416,82027.84578504863,-4084.6419607202365,-5520.5810881897005,135.95024487906753,0.0
2003-03-13,-25967.422976336315,31160.779309650443,-12406.30668709598,5867.31826467654,135.90767188141015,0.0
2003-03-14,4420.890809590374,-8350.404896332164,-3826.3005631771775,-2307.7221906115656,135.23451181159777,0.0
2003-03-17,-15350.930866446417,-2081.5016229259368,-10404.668360889927,-2718.334970220376,135.33637505351265,0.0
2003-03-18,-15773.034641325256,15271.916668417423,-2483.5241065057803,2837.790634243236,134.87674224250043,0.0
2003-03-19,-8228.981106553096,-49804.34169595412,-11569.814827250835,-193.36051493242192,134.4492765749203,0.0
2003-03-20,-5445.882385066365,1632.5214740718352,694.9018111747481,3178.109369378895,134.16077033007636,0.0
2003-03-21,-13135.228389834401,-8825.369561882711,-24780.577440920482,-2535.4470226194517,134.0194242144234,0.0
2003-03-24,19466.492202156987,-5572.346052499618,23926.193887197725,2044.7113356340656,134.948627511118,-15.775864971677947
2003-03-25,1781.4977718131731,-12570.454119042744,-2046.477581414689,2740.535142047043,135.5429929010412,0.0
2003-03-26,1596.1269259410021,-22406.30593315884,22060.473601633836,-1331.749899551395,135.59685037857184,0.0
2003-03-27,3909.9088943936295,-40466.63108659519,-16817.78057491041,3222.540210689522,135.64467464887693,0.0
2003-03-28,7296.27620648252,-37530.32135792037,3710.079444861857,-3512.8373617229536,135.7228825562527,0.0
2003-03-31,14060.885584217789,28749.91720679611,-2046.1108562375946,-220.2984442195486,135.88488346228283,0.0
2003-04-01,302.6371254162319,-2865.77642139208,-12634.539543376637,-4937.26978815843,134.94862751111802,-17.39285002680481
2003-04-02,-17331.77808729409,7055.796047223366,8940.757169804496,1261.0823683067622,134.91312075600425,0.0
2003-04-03,2914.993893511131,-39915.64634665802,-7104.529504767938,3973.247007949823,134.4383817402546,0.0
2003-04-04,-3339.237299737647,-29808.405189037792,5248.309944013754,-2090.4027975638874,134.5099523754463,0.0
2003-04-07,-13566.311953713648,44867.4941631484,-5920.17753097342,4873.881593075873,134.38618712287882,0.0
2003-04-08,12385.665589402139,13554.391002084303,-5102.021353892544,-1637.8473887274681,134.03786096470478,0.0
2003-04-09,4673.2117569735865,-22863.416855879106,861.8190754734467,-2882.2366461357524,134.40318162896614,0.0
2003-04-10,-4505.8014176449105,19032.44154961899,18279.55760840262,-2868.9008441962415,134.5099523754463,0.0
2003-04-11,-7743.276382267788,19725.730892920474,-9806.12088318297,-2076.95192956313,134.39712666400888,0.0
2003-04-14,-8796.834682485458,55941.4241230889,3075.1419594124654,-182.0506391293351,134.1610246905049,0.0
2003-04-15,7663.994557709157,-23478.72751147954,17344.25954580192,7872.611107297652,133.9424765498283,0.0
2003-04-16,4353.684182901298,26481.630271050464,-27461.13594505283,-3608.5050481732374,134.21909285959345,0.0
2003-04-17,-3948.6429911307596,34869.16811349585,-10417.971849534333,-590.503087470941,134.31354909924926,0.0
2003-04-18,-7.12096793167516,-79.06077311980958,-47.387007910095065,-0.6382591130985958,134.20700807467836,0.0
2003-04-21,-3174.3537166410806,-3020.265659800307,-20410.905093734513,6615.840521310915,134.20700807467836,0.0
2003-04-22,1232.558595806392,-6867.283125282832,-2975.5574583777716,-11417.332816941525,134.12475598052856,0.0
2003-04-23,-182.23360271296272,11659.413828863717,-17238.63287966775,-4286.013583945079,134.08971463481888,0.0
2003-04-24,13482.946753742714,-19118.515880423616,11889.382734432182,2977.0145540741705,134.04866006744487,0.0
2003-04-25,5091.224771657553,-29295.75833556807,-4009.7557015280636,-1948.7904934775636,134.46755922213907,0.0
2003-04-28,-2183.972366915359,14371.57551852022,-2872.0126711629923,573.6396794058446,134.5804879927897,0.0
2003-04-29,-6013.185153880644,-810.2432551376407,-2251.2971649705273,-915.6511824830941,134.52703309938022,0.0
2003-04-30,14164.33136672437,-29125.789789436003,-22859.62645140238,-2602.561239391339,134.34379396957164,0.0
2003-05-01,1893.7441247457855,-16218.712103073836,17218.861900941214,-3057.5888195799907,134.69962656919503,0.0
2003-05-02,-10420.562123493673,15568.877423831065,-8046.197267270153,2915.578243651183,134.74712020812504,0.0
2003-05-05,3444.7239539169827,4542.640377601025,5933.5297817408045,-4155.311056688513,134.4626087963921,0.0
2003-05-06,13043.294523436827,-60907.95614297134,22994.384929090083,4437.564532888773,134.55126495409507,0.0
2003-05-07,13656.853368402097,41827.92513413615,64803.4446593112,-481.2582927010911,134.94346763599393,0.0
2003-05-08,353.5115098582438,26634.160537283507,35131.60205250379,-2118.0890754620104,135.4442574265367,0.0
2003-05-09,2997.173299988063,-19359.455236576257,-16599.713929250476,2879.843307403074,135.50385111905328,0.0
2003-05-12,5124.071343168033,37107.492905577965,15129.273780117495,2851.6595855959877,135.5701117938606,0.0
2003-05-13,-334.42162025936693,2715.1726373013666,12587.961427555561,4994.319433110227,135.77438446352932,0.0
2003-05-14,19586.300377590072,61538.13230573674,-22825.02483020054,-17489.569140734613,135.81047107116228,0.0
2003-05-15,0.0,-0.0,0.0,0.0,0.0,-3153.927107378389
2003-05-16,-0.0,0.0,-0.0,-0.0,0.0,0.0
2003-05-19,-0.0,0.0,0.0,0.0,0.0,0.0
2003-05-20,-0.0,-0.0,0.0,0.0,0.0,0.0
2003-05-21,0.0,-0.0,0.0,0.0,0.0,0.0
2003-05-22,-0.0,-0.0,-0.0,0.0,0.0,0.0
2003-05-23,-0.0,-0.0,0.0,0.0,0.0,0.0
2003-05-26,0.0,0.0,0.0,0.0,0.0,0.0
2003-05-27,0.0,0.0,-0.0,-0.0,0.0,0.0
2003-05-28,0.0,0.0,-0.0,0.0,0.0,0.0
2003-05-29,-0.0,-0.0,-0.0,-0.0,0.0,0.0
2003-05-30,0.0,0.0,-0.0,0.0,0.0,0.0
2003-06-02,0.0,0.0,0.0,-0.0,0.0,0.0
2003-06-03,-0.0,0.0,0.0,-0.0,0.0,0.0
2003-06-04,-0.0,-0.0,-0.0,0.0,0.0,0.0
2003-06-05,0.0,-0.0,-0.0,-0.0,0.0,0.0
2003-06-06,0.0,0.0,0.0,-0.0,0.0,0.0
2003-06-09,-0.0,0.0,0.0,-0.0,0.0,0.0
2003-06-10,-0.0,-0.0,0.0,-0.0,0.0,0.0
2003-06-11,0.0,-0.0,0.0,-0.0,0.0,0.0
2003-06-12,-0.0,0.0,-0.0,0.0,0.0,0.0
2003-06-13,-0.0,-0.0,0.0,-0.0,0.0,0.0
2003-06-16,0.0,-0.0,-0.0,-0.0,0.0,0.0
2003-06-17,0.0,0.0,0.0,-0.0,0.0,0.0
2003-06-18,0.0,0.0,0.0,0.0,0.0,0.0
2003-06-19,-0.0,0.0,0.0,-0.0,0.0,0.0
2003-06-20,0.0,-0.0,-0.0,0.0,0.0,0.0
2003-06-23,-0.0,-0.0,-0.0,-0.0,0.0,0.0
2003-06-24,-0.0,-0.0,0.0,0.0,0.0,0.0
2003-06-25,0.0,-0.0,-0.0,0.0,0.0,0.0
2003-06-26,0.0,0.0,0.0,0.0,0.0,0.0
2003-06-27,0.0,0.0,0.0,-0.0,0.0,0.0
2003-06-30,-0.0,0.0,-0.0,0.0,0.0,0.0
2003-07-01,0.0,0.0,0.0,-0.0,0.0,0.0
2003-07-02,-0.0,-0.0,0.0,0.0,0.0,0.0
2003-07-03,0.0,0.0,0.0,0.0,0.0,0.0
2003-07-04,0.0,0.0,0.0,0.0,0.0,0.0
2003-07-07,0.0,0.0,0.0,-0.0,0.0,0.0
2003-07-08,0.0,-0.0,0.0,0.0,0.0,0.0
2003-07-09,-0.0,-0.0,0.0,-0.0,0.0,0.0
2003-07-10,-0.0,0.0,-0.0,-0.0,0.0,0.0
2003-07-11,-0.0,0.0,-0.0,0.0,0.0,0.0
2003-07-14,0.0,-0.0,0.0,0.0,0.0,0.0
2003-07-15,0.0,0.0,0.0,-0.0,0.0,0.0
2003-07-16,-5121.299687673865,42669.87079114591,-27802.939975384405,119.42024440105213,134.948627511118,-3155.2742367143346
2003-07-17,584.4771518782193,-1186.5464132817572,-27066.758164683764,-2441.605534500685,134.8000266871552,0.0
2003-07-18,-5267.652591377542,24754.70362753024,-5776.902770948653,6183.787527990699,134.7707666038641,0.0
2003-07-21,-26829.18713604695,-45622.251101871414,-13324.367099822914,-3883.3842375725076,134.6638234132762,0.0
2003-07-22,4417.243063630497,-14720.73670144384,-8656.400116827477,-1334.3951865378388,133.8234217944163,0.0
2003-07-23,5739.481224252175,5096.789880932131,291.3179301492919,8231.763476564083,133.92923217882264,0.0
2003-07-24,-7247.419545557574,-42041.65256197477,-19155.17349570107,-10998.535390649382,134.15190969056573,0.0
2003-07-25,-3449.553532224659,-50510.65827372561,3117.800483047095,10707.462695392456,134.94862751111802,-10.520177048325422
2003-07-28,-16039.329557028115,9169.02851941628,2262.6530627187576,4581.439115262077,134.8782946426539,0.0
2003-07-29,-15573.156903018158,-6932.227019110697,-27799.6982003699,697.907807419071,134.45407659254155,0.0
2003-07-30,8463.537713228896,6397.922128746238,23506.11035930217,10707.3994794954,133.96906532700294,0.0
2003-07-31,-22773.099185349638,9021.122601243645,42331.418435620544,-17907.18914703435,134.31320374695883,0.0
2003-08-01,4328.836892332184,97391.74930769244,1236.9437109677126,-3092.478538503585,134.948627511118,-16.829274010262452
2003-08-04,16266.390815293147,-94502.44014723958,20858.57325160768,7543.883503094868,135.12376292424648,0.0
2003-08-05,-20814.283855547306,82088.94717614393,3853.1982775687106,-15880.66022521119,135.58000634878425,0.0
2003-08-06,20413.644476063222,3019.430005519557,10553.954463135919,16119.921171737777,134.98231628188327,0.0
2003-08-07,6486.79418372303,-20885.30453804048,5779.959935180741,-11363.674512884116,135.6619378915831,0.0
2003-08-08,3307.6674303139207,-9682.673427152466,8724.644810384818,7773.750248609051,135.7692038902192,0.0
2003-08-11,-16665.006464084247,6374.353816156578,1257.6236415062847,-12178.37765422485,135.90609861442826,0.0
2003-08-12,5211.81120601715,-80478.16597129536,-22018.577189862743,7214.592705448087,135.39535348230177,0.0
2003-08-13,-30503.476393670466,18295.93459638058,-33132.47016268459,-15837.126151125496,135.4972549497111,0.0
2003-08-14,2963.828920692617,23548.606276614195,-605.3584394704072,3829.85629378703,134.5444348702451,0.0
2003-08-15,376.5278990866419,-6518.0592282460375,-4924.708436962826,938.9683668084576,134.66681469947054,0.0
2003-08-18,7043.166517342105,60144.79802816314,18296.679635590768,-5803.184814759783,134.67286020186128,0.0
2003-08-19,15869.2175983797,23024.85683351721,8628.906793996062,2393.8752731880154,134.90629225265386,0.0
2003-08-20,-9014.062360855214,12135.236811786746,-39981.61323347722,-3647.7263286692396,135.39535348230177,0.0
2003-08-21,-17631.978126953574,96723.20947339543,-27719.933358342063,8271.567201052883,135.088676616412,0.0
2003-08-22,5816.026395466322,15963.713525085519,14853.546860620514,3158.83077326542,134.67608934298175,0.0
2003-08-25,-6813.961509697487,29938.909353660387,-14491.599243837642,-8896.772922445367,134.88693422553456,0.0
2003-08-26,5096.390796865876,-29258.62830096015,-15558.633644864569,9691.44157560058,134.6519765248639,0.0
2003-08-27,-8258.288889543004,52027.61567284313,12715.234835284746,-6777.594221567372,134.810956173575,0.0
2003-08-28,18931.58080193098,-37463.2899282874,10960.48201913016,7519.711402393831,134.59302652059853,0.0
2003-08-29,-2668.744989870167,37958.76511791406,-37433.21310747864,-8124.5056366265035,135.15778377481618,0.0
2003-09-01,-7.511041754731096,-79.2961309643381,-47.569291049471346,-0.6457648667340441,135.02222863527453,0.0
2003-09-02,-22818.001345100438,4104.165322479904,-47331.30930842739,-4562.143057216998,135.02222863527453,0.0
2003-09-03,1036.1768048052843,-32764.236556339743,16958.578000370275,4637.164240580299,134.31369328375354,0.0
2003-09-04,13504.770461288279,-67220.60732769864,18088.070451502528,5372.611365505606,134.36642331903172,0.0
2003-09-05,29076.039567852586,-76257.8585047854,25441.294671967666,1619.97662771003,134.75923879418988,0.0
2003-09-08,-7731.455247238404,-11853.226216066107,-3427.4490187973906,-7496.861653127242,135.57394408289488,0.0
2003-09-09,5473.50362085804,-24163.43521535853,11541.726566405297,7141.439523878756,135.3078536370202,0.0
2003-09-10,14520.83288825606,-6657.004605390514,12119.209684225316,321.53394982264956,135.4972549497111,0.0
2003-09-11,-11409.524090506118,9474.52620174284,8312.499448966217,-7082.102247608255,135.913010253596,0.0
2003-09-12,11213.829613774506,-18675.20805956745,33176.11930622317,4631.518958913822,135.58000634878425,0.0
2003-09-15,1469.8516819224524,-40304.72463820338,6339.929302581548,-7798.720939623971,135.94249021192178,0.0
2003-09-16,-90.94702905545175,3596.970348475029,-7789.475392676306,-5953.472178860612,135.91908212604886,0.0
2003-09-17,10685.838075851165,59015.97454230453,17577.412228242174,3450.3558141783597,135.87749087053768,0.0
2003-09-18,-1799.1018237301196,58984.37099288706,-1381.7941668031804,4061.57637013497,134.948627511118,-13.99461731906922
2003-09-19,324.0324502726145,40065.12393701959,-8257.461951991692,7730.615936885285,134.95961815070737,0.0
2003-09-22,-9848.211087044516,-60930.384277787074,-12763.800743460715,-6722.493043283666,135.0301478075792,0.0
2003-09-23,4647.075620903794,10311.309705258162,-8419.424556389662,-6713.879067062867,134.65919281225624,0.0
2003-09-24,10033.811244409164,37278.79282752467,9505.05113525907,2906.400144863807,134.7535323182328,0.0
2003-09-25,3262.8141958613014,-756.0210748994477,16537.79166532957,10901.003188393654,135.09572324650318,0.0
2003-09-26,13180.689485546181,3806.828589286051,18924.4102104757,-5726.50057464851,135.26750922721263,0.0
2003-09-29,-6393.687887852306,-30466.029395146645,-663.361328214958,-2995.3567003254566,135.63065448920403,0.0
2003-09-30,20773.083512383953,-10358.308379300353,4596.016874441353,5516.30561478085,135.41634770442676,0.0
2003-10-01,2573.2672579432524,-9254.325796680017,-19479.548246070488,-4023.6409601942755,136.02604855590124,0.0
2003-10-02,-9033.19516577499,-29384.831205645514,-21155.534216207852,-1356.631784003013,136.04428008360787,0.0
2003-10-03,-32018.684179250606,30413.886493213275,-14616.933304119691,4922.4270710921965,135.74523695509774,0.0
2003-10-06,7489.790239594554,-22374.981602230506,6782.740898745423,-2039.3102988101082,134.89526466330028,0.0
2003-10-07,-14967.180729181906,-10211.086109033364,-815.9402583044027,-4259.231583695437,135.0907213045933,0.0
2003-10-08,-276.9175466491777,-39382.095546200675,13975.80423103024,5558.447576567318,134.6362778238594,0.0
2003-10-09,-6006.773443227452,7273.741329851171,-250.9789128271809,-10992.761415808136,134.64839012291407,0.0
2003-10-10,4171.1133701193,-16402.101343034963,-5811.447499779525,7765.3880425893085,134.41922462128377,0.0
2003-10-13,-7.168764147902642,-79.2521595087782,-47.50513438463315,-0.6402685633376265,134.56632660465158,0.0
2003-10-14,-12733.470981505368,11334.934378025715,5294.8069889352,-3705.7379450901167,134.56632660465158,0.0
2003-10-15,-8549.345019743438,31796.272817224715,-17407.594128999863,-5560.352337064968,134.1907870495261,0.0
2003-10-16,-12605.99628702619,119338.71974920416,22826.803610572668,409.72776358854924,133.91036911899334,0.0
2003-10-17,10080.955643794618,-13721.885756619198,3135.1497169003287,370.83176841269596,134.948627511118,-18.443508920511512
2003-10-20,1563.319240906359,-753.0681645563019,-19342.920433351206,-1617.352971618139,135.231566199521,0.0
2003-10-21,2781.2047664426273,21943.732344403783,13872.229742426078,1363.6157346551313,135.24367269343574,0.0
2003-10-22,14027.227883789312,-37937.39466546053,16595.21654876873,7490.069831123134,135.36132732666647,0.0
2003-10-23,-7997.673078745172,-17227.58706641033,18825.05502210072,-4089.2358386198493,135.78852622606965,0.0
2003-10-24,17112.306034219164,5695.691319466138,734.9303394391757,-3173.0760117340046,135.55695335869606,0.0
2003-10-27,-11175.238586372474,28272.300891588657,-7961.481024870747,236.70102080559232,136.02083805670122,0.0
2003-10-28,14548.608249071638,-62322.7509168849,-4019.4157644850347,2037.2307077957498,135.72881678164867,0.0
2003-10-29,-13894.055446581668,19581.673856340632,-4293.195262355195,-2208.37541454472,136.09289306701663,0.0
2003-10-30,-10200.813213158792,44985.864727054526,-19361.82157056122,4203.61363825384,135.71157410852283,0.0
2003-10-31,4803.6245486233165,27413.17498476714,-10192.870482197815,-2013.4809103673392,135.46210762070154,0.0
2003-11-03,-9723.16566917807,16935.579806811707,-20634.80338715958,-7115.794557790488,135.59230255450282,0.0
2003-11-04,9042.279701616495,-2477.057788032748,15811.435249887645,7693.126773624126,135.27277382069602,0.0
2003-11-05,-11172.586204612579,22859.47091604804,14288.33660833929,3651.8250746029225,135.58624511797356,0.0
2003-11-06,-12122.79942609933,13482.538378764419,-1376.7809834889747,-402.9267220896568,135.33107604176678,0.0
2003-11-07,-4955.003689568008,13857.69080094126,-8798.1031130914,-286.73443387140094,135.00052029217565,0.0
2003-11-10,-2619.5251935764873,8276.640105599683,1869.0415264405765,2324.065801702472,134.859298103753,0.0
2003-11-11,-7.357914735891017,-79.26892846376262,-47.53615093373376,-0.6432554610695029,134.80624959445686,0.0
2003-11-12,6591.957327669241,28187.180474803878,5382.614786306328,-331.9891754160357,134.80624959445686,0.0
2003-11-13,23574.629731750723,-20710.590845152,7489.488690582388,-143.70836067525423,135.0174679201116,0.0
2003-11-14,13484.481902205454,-33959.76074785346,18552.518919898444,2401.1532031675597,135.6743213943249,0.0
2003-11-17,7886.979070592909,-1705.4197452401079,-2663.4471916734733,-3231.513346178456,136.0557464799474,0.0
2003-11-18,60.88360787340933,33934.663852107784,8064.600818229612,-2195.0969057221005,134.948627511118,-13.678940648504067
2003-11-19,0.0,-0.0,-0.0,-0.0,0.0,-3173.3936387258527
2003-11-20,-0.0,0.0,0.0,-0.0,0.0,0.0
2003-11-21,-0.0,-0.0,0.0,-0.0,0.0,0.0
2003-11-24,0.0,-0.0,-0.0,0.0,0.0,0.0
2003-11-25,-0.0,0.0,0.0,-0.0,0.0,0.0
2003-11-26,0.0,-0.0,-0.0,0.0,0.0,0.0
2003-11-27,0.0,0.0,0.0,0.0,0.0,0.0
2003-11-28,0.0,-0.0,0.0,0.0,0.0,0.0
2003-12-01,0.0,-0.0,0.0,-0.0,0.0,0.0
2003-12-02,-0.0,0.0,0.0,0.0,0.0,0.0
2003-12-03,0.0,0.0,-0.0,-0.0,0.0,0.0
2003-12-04,-0.0,0.0,-0.0,-0.0,0.0,0.0
2003-12-05,-0.0,0.0,-0.0,-0.0,0.0,0.0
2003-12-08,0.0,0.0,-0.0,0.0,0.0,0.0
2003-12-09,0.0,-0.0,0.0,-0.0,0.0,0.0
2003-12-10,-0.0,0.0,-0.0,0.0,0.0,0.0
2003-12-11,-0.0,0.0,0.0,0.0,0.0,0.0
2003-12-12,-0.0,-0.0,0.0,-0.0,0.0,0.0
2003-12-15,0.0,-0.0,-0.0,0.0,0.0,0.0
2003-12-16,-0.0,0.0,-0.0,-0.0,0.0,0.0
2003-12-17,-0.0,-0.0,0.0,0.0,0.0,0.0
2003-12-18,-0.0,-0.0,0.0,0.0,0.0,0.0
2003-12-19,-0.0,0.0,0.0,-0.0,0.0,0.0
2003-12-22,0.0,0.0,0.0,0.0,0.0,0.0
2003-12-23,0.0,-0.0,-0.0,0.0,0.0,0.0
2003-12-24,-0.0,0.0,0.0,-0.0,0.0,0.0
2003-12-25,0.0,0.0,0.0,0.0,0.0,0.0
2003-12-26,-0.0,0.0,-0.0,-0.0,0.0,0.0
2003-12-29,0.0,-0.0,0.0,0.0,0.0,0.0
2003-12-30,0.0,0.0,0.0,0.0,0.0,0.0
2003-12-31,-0.0,0.0,-0.0,-0.0,0.0,0.0
2004-01-01,0.0,0.0,0.0,0.0,0.0,0.0
2004-01-02,0.0,-0.0,0.0,0.0,0.0,0.0
2004-01-05,0.0,-0.0,0.0,0.0,0.0,0.0
2004-01-06,-0.0,0.0,-0.0,-0.0,0.0,0.0
2004-01-07,-0.0,-0.0,0.0,0.0,0.0,0.0
2004-01-08,-0.0,-0.0,-0.0,0.0,0.0,0.0
2004-01-09,-0.0,0.0,-0.0,-0.0,0.0,0.0
2004-01-12,-0.0,-0.0,0.0,0.0,0.0,0.0
2004-01-13,-0.0,0.0,-0.0,-0.0,0.0,0.0
2004-01-14,-0.0,-0.0,-0.0,0.0,0.0,0.0
2004-01-15,-0.0,-0.0,0.0,-0.0,0.0,0.0
2004-01-16,0.0,-0.0,0.0,0.0,0.0,0.0
2004-01-19,0.0,0.0,0.0,0.0,0.0,0.0
2004-01-20,0.0,0.0,0.0,0.0,0.0,0.0
2004-01-21,-0.0,-0.0,-0.0,0.0,0.0,0.0
2004-01-22,-0.0,-0.0,-0.0,-0.0,0.0,0.0
2004-01-23,0.0,0.0,0.0,0.0,0.0,0.0
2004-01-26,0.0,0.0,0.0,-0.0,0.0,0.0
2004-01-27,-0.0,0.0,0.0,0.0,0.0,0.0
2004-01-28,0.0,-0.0,-0.0,0.0,0.0,0.0
2004-01-29,0.0,-0.0,-0.0,0.0,0.0,0.0
2004-01-30,-0.0,0.0,-0.0,-0.0,0.0,0.0
2004-02-02,0.0,0.0,0.0,0.0,0.0,0.0
2004-02-03,-0.0,0.0,-0.0,-0.0,0.0,0.0
2004-02-04,0.0,-0.0,0.0,0.0,0.0,0.0
2004-02-05,0.0,-0.0,0.0,0.0,0.0,0.0
2004-02-06,-0.0,0.0,-0.0,-0.0,0.0,0.0
2004-02-09,-0.0,-0.0,-0.0,0.0,0.0,0.0
2004-02-10,0.0,-0.0,-0.0,0.0,0.0,0.0
2004-02-11,-0.0,0.0,-0.0,-0.0,0.0,0.0
2004-02-12,0.0,0.0,0.0,0.0,0.0,0.0
2004-02-13,-0.0,0.0,-0.0,-0.0,0.0,0.0
2004-02-16,0.0,0.0,0.0,0.0,0.0,0.0
2004-02-17,0.0,-0.0,0.0,-0.0,0.0,0.0
2004-02-18,0.0,-0.0,-0.0,-0.0,0.0,0.0
2004-02-19,-0.0,-0.0,0.0,0.0,0.0,0.0
2004-02-20,0.0,-0.0,-0.0,-0.0,0.0,0.0
2004-02-23,-0.0,0.0,-0.0,-0.0,0.0,0.0
2004-02-24,-0.0,-0.0,0.0,0.0,0.0,0.0
2004-02-25,-0.0,-0.0,0.0,0.0,0.0,0.0
2004-02-26,0.0,0.0,-0.0,-0.0,0.0,0.0
2004-02-27,-0.0,-0.0,0.0,-0.0,0.0,0.0
2004-03-01,-0.0,-0.0,-0.0,0.0,0.0,0.0
2004-03-02,0.0,-0.0,-0.0,-0.0,0.0,0.0
2004-03-03,0.0,-0.0,0.0,0.0,0.0,0.0
2004-03-04,-0.0,-0.0,-0.0,0.0,0.0,0.0
2004-03-05,-0.0,0.0,-0.0,-0.0,0.0,0.0
2004-03-08,-0.0,0.0,-0.0,-0.0,0.0,0.0
2004-03-09,-0.0,-0.0,-0.0,0.0,0.0,0.0
2004-03-10,0.0,-0.0,0.0,0.0,0.0,0.0
2004-03-11,0.0,0.0,-0.0,-0.0,0.0,0.0
2004-03-12,0.0,0.0,-0.0,0.0,0.0,0.0
2004-03-15,0.0,-0.0,-0.0,0.0,0.0,0.0
2004-03-16,-0.0,-0.0,-0.0,0.0,0.0,0.0
2004-03-17,0.0,-0.0,-0.0,0.0,0.0,0.0
2004-03-18,0.0,0.0,0.0,-0.0,0.0,0.0
2004-03-19,0.0,0.0,0.0,0.0,0.0,0.0
2004-03-22,-0.0,-0.0,-0.0,-0.0,0.0,0.0
2004-03-23,-0.0,-0.0,0.0,-0.0,0.0,0.0
2004-03-24,-0.0,0.0,0.0,0.0,0.0,0.0
2004-03-25,0.0,0.0,-0.0,-0.0,0.0,0.0
2004-03-26,0.0,-0.0,0.0,0.0,0.0,0.0
2004-03-29,0.0,0.0,-0.0,0.0,0.0,0.0
2004-03-30,0.0,0.0,0.0,0.0,0.0,0.0
2004-03-31,-0.0,0.0,-0.0,0.0,0.0,0.0
2004-04-01,0.0,0.0,-0.0,-0.0,0.0,0.0
2004-04-02,0.0,-0.0,0.0,0.0,0.0,0.0
2004-04-05,0.0,0.0,0.0,0.0,0.0,0.0
2004-04-06,-0.0,0.0,-0.0,-0.0,0.0,0.0
2004-04-07,0.0,-0.0,-0.0,-0.0,0.0,0.0
2004-04-08,0.0,-0.0,0.0,0.0,0.0,0.0
2004-04-09,0.0,0.0,0.0,0.0,0.0,0.0
2004-04-12,0.0,-0.0,0.0,0.0,0.0,0.0
2004-04-13,0.0,-0.0,0.0,0.0,0.0,0.0
2004-04-14,0.0,-0.0,-0.0,0.0,0.0,0.0
2004-04-15,0.0,0.0,-0.0,-0.0,0.0,0.0
2004-04-16,-0.0,0.0,0.0,-0.0,0.0,0.0
2004-04-19,0.0,-0.0,-0.0,-0.0,0.0,0.0
2004-04-20,0.0,-0.0,-0.0,0.0,0.0,0.0
2004-04-21,0.0,-0.0,-0.0,-0.0,0.0,0.0
2004-04-22,-0.0,0.0,0.0,-0.0,0.0,0.0
2004-04-23,0.0,-0.0,-0.0,-0.0,0.0,0.0
2004-04-26,-0.0,-0.0,0.0,-0.0,0.0,0.0
2004-04-27,-0.0,0.0,0.0,-0.0,0.0,0.0
2004-04-28,0.0,-0.0,-0.0,0.0,0.0,0.0
2004-04-29,0.0,-0.0,0.0,0.0,0.0,0.0
2004-04-30,-0.0,0.0,0.0,0.0,0.0,0.0
2004-05-03,0.0,-0.0,-0.0,-0.0,0.0,0.0
2004-05-04,0.0,0.0,0.0,-0.0,0.0,0.0
2004-05-05,0.0,-0.0,0.0,0.0,0.0,0.0
2004-05-06,0.0,-0.0,-0.0,0.0,0.0,0.0
2004-05-07,0.0,-0.0,0.0,-0.0,0.0,0.0
2004-05-10,-0.0,0.0,0.0,0.0,0.0,0.0
2004-05-11,-0.0,-0.0,-0.0,-0.0,0.0,0.0
2004-05-12,0.0,0.0,-0.0,0.0,0.0,0.0
2004-05-13,0.0,-0.0,-0.0,-0.0,0.0,0.0
2004-05-14,-0.0,0.0,-0.0,0.0,0.0,0.0
2004-05-17,-0.0,0.0,0.0,-0.0,0.0,0.0
2004-05-18,0.0,-0.0,-0.0,0.0,0.0,0.0
2004-05-19,0.0,-0.0,0.0,0.0,0.0,0.0
2004-05-20,-0.0,0.0,-0.0,-0.0,0.0,0.0
2004-05-21,0.0,-0.0,0.0,0.0,0.0,0.0
2004-05-24,-0.0,0.0,-0.0,-0.0,0.0,0.0
2004-05-25,-0.0,-0.0,0.0,-0.0,0.0,0.0
2004-05-26,-0.0,0.0,-0.0,0.0,0.0,0.0
2004-05-27,-0.0,0.0,-0.0,-0.0,0.0,0.0
2004-05-28,8175.411602688292,-69234.69221755092,26697.316641429625,14496.912600944548,-134.94862751111802,-3206.7599872964565
2004-05-31,7.262582989660005,79.24181258053102,47.509519520686624,0.6416249364778335,-134.65554002735544,0.0
2004-06-01,9306.127137067519,237.74968945964395,-18833.32686190437,-659.6473968243594,-134.65554002735544,0.0
2004-06-02,6410.607058198277,-22597.856942788345,-893.8550533378819,-2855.295519410228,-134.41613492875365,0.0
2004-06-03,-3426.7659008016394,3529.7911617302448,-3927.088282025183,-5889.109460287654,-134.26444715833426,0.0
2004-06-04,11571.14932375551,-13424.468533306857,1369.8487598670044,398.25302909605915,-134.39812259746722,0.0
2004-06-07,-3542.9890269898024,-988.7370828146724,23927.501744579953,10650.142373026983,-134.0726218845658,0.0
2004-06-08,3831.5532045564755,-22192.561765571027,-38496.01165397909,-2854.5730914860746,-134.09060942763955,0.0
2004-06-09,6410.8797597956745,-38693.499406945986,6633.865998608628,5640.23220703754,-134.05464495128675,0.0
2004-06-10,-898.5290040440354,-25325.17337660547,-7950.980038959768,4493.286942604594,-133.85732790765135,0.0
2004-06-11,7.067268089084626,78.89735251877573,47.284702341414295,0.6363474366765228,-133.88567038595113,0.0
2004-06-14,16855.15110763582,-60492.355006524565,-39231.668447494514,2893.131287657548,-133.88567038595113,0.0
2004-06-15,-31861.61791149218,40875.817684183225,3931.0501301647546,-12810.301275343842,-134.948627511118,-24.879870353157166
2004-06-16,8356.864371282847,-45087.34118278405,9610.03129476394,7561.522602507301,-135.88759426278534,0.0
2004-06-17,-5762.006097663915,-6348.4173921162765,10401.782306847848,1677.8816428824316,-135.63971736550064,0.0
2004-06-18,3011.8516906658724,31187.106397169653,-15986.788632299662,-7990.642514706636,-135.78112826962644,0.0
2004-06-21,-3289.470524730622,1565.3427387569093,-10741.460439553377,2459.012638177331,-135.73997979958736,0.0
2004-06-22,2295.5670133178523,15247.53110596808,1288.472049537151,1485.3395728801029,-135.82832431486966,0.0
2004-06-23,-3101.3953813056078,2340.09581569943,6742.9552804970135,4114.7750120788705,-135.74599900331307,0.0
2004-06-24,-6976.640376107431,17652.005451370034,-14617.495204987179,-6257.706146874877,-135.79918943068586,0.0
2004-06-25,-1210.080168616031,-18346.025293305564,14375.974480856761,5316.160437008319,-136.0294559434945,0.0
2004-06-28,19245.361922411423,-28218.63489182833,-9194.331171045455,-937.0422881999444,-136.0294559434945,0.0
2004-06-29,-8579.68934358994,-15802.675846339593,-3406.8052476963344,-2405.818524677417,-135.54559088616884,0.0
2004-06-30,-16022.531471054592,68377.28609740242,1116.0060637434685,-3836.4509597876054,-135.81027025204872,0.0
2004-07-01,-10387.309182981173,3949.987217692054,9315.151128650854,7257.119464149601,-134.94862751111802,-16.684230160781226
2004-07-02,-16035.012381900106,36166.46758697973,-11839.791499284815,1702.4294716589288,-135.1895293209272,0.0
2004-07-05,7.5832155235408365,79.61984896158168,47.76812573997881,0.6490319613378303,-135.6202221864391,0.0
2004-07-06,3597.0135028875206,-4201.027241954082,-1802.7307387943347,-7429.9132349177335,-135.6202221864391,0.0
2004-07-07,1492.797723100425,-1504.3855575670482,12690.114239843533,-2480.7793628671084,-135.56688871330982,0.0
2004-07-08,-1872.8526277964936,8128.901912269928,-7691.841799181874,1531.1157155488959,-135.5256427906995,0.0
2004-07-09,-892.1754046001762,-4029.1679759132917,-27.03049231357473,5083.946790460846,-135.57291763380343,0.0
2004-07-12,-5216.489863309449,-20965.34234438996,15102.084911284268,1065.5864574970778,-135.57291763380343,0.0
2004-07-13,7176.4711831790455,-12126.628566254829,-7544.488513177874,2832.4842403549615,-135.7088880335187,0.0
2004-07-14,3801.111315248253,-11436.598135549648,-24164.424300064602,-8123.448630851573,-135.51358850929137,0.0
2004-07-15,-275.3997501180749,-39363.879782909215,14132.07662068008,5623.0756832910265,-135.48949417619872,0.0
2004-07-16,-18702.303282401594,24729.15621742348,-20815.2386286304,-5691.11517491814,-135.47745411960827,0.0
2004-07-19,1352.1976793667268,-14898.149591258925,-4926.508207643475,-1430.7696903896272,-136.03454057194054,0.0
2004-07-20,15937.325351764124,-52851.833919258395,11771.122720499925,6127.576648763869,-136.02248154401872,0.0
2004-07-21,7532.80163979195,10270.328553978094,-19884.870558516053,-7581.993712290654,-135.5832262744435,0.0
2004-07-22,-2667.3543621528565,3983.545674272159,3842.0999304875436,-5140.060238876919,-135.4353512070132,0.0
2004-07-23,-3664.1911091901543,-21616.100972345706,-4226.93086607145,-558.2064039264213,-135.52989506366995,0.0
2004-07-26,6461.724142635018,-36949.07451181501,1852.241022134982,9089.112654431025,-135.65388977043233,0.0
2004-07-27,21269.171628501303,54356.14336987468,-9108.615122738793,-5530.048557638226,-135.4525643339204,0.0
2004-07-28,-3507.4235144722043,29431.34726319503,2162.4965667841866,1989.7216972699948,-134.87657161927012,0.0
2004-07-29,-4566.541490277993,-9548.696462044214,25831.508576115444,8384.52873141894,-134.94147684498463,0.0
2004-07-30,-14204.847724297768,2175.9946286985028,-10216.014748040714,-7758.287315487802,-135.00042276389362,0.0
2004-08-02,-5268.429462531125,-16465.82182439104,13211.678540325678,8548.172995029505,-135.45338821408825,0.0
2004-08-03,-2749.1059159342963,-17516.544624556835,-4153.159719445563,-5646.601047493166,-135.54793916753871,0.0
2004-08-04,-504.631677320901,2099.485721704559,-4791.104781115021,3331.9226706056666,-135.6719338743011,0.0
2004-08-05,-3613.507774372458,-118.98781726633219,3772.2608799355694,-57.13916440953255,-135.6719338743011,0.0
2004-08-06,-35111.11980983532,101926.86665108388,-11904.63380132719,-6329.115663490726,-135.76677537724456,0.0
2004-08-09,7028.057179835162,-20208.53939183291,2057.609243578074,1257.821595930568,-134.94862751111802,-20.836141470259463
2004-08-10,9865.957482315536,-56419.65384820117,-12706.697549924806,-620.1932390544018,-134.75384576965521,0.0
2004-08-11,-2154.886049774633,-2463.8247802223664,-1047.8837252943256,-4140.670795937163,-134.5294980168059,0.0
2004-08-12,-3702.6481432744804,19753.28351546146,-23034.251855410857,-2829.868082054023,-134.61755651027673,0.0
2004-08-13,-9008.586210899244,-6517.173834635295,14055.072575977663,1603.7910890981152,-134.75286522936835,0.0
2004-08-16,5719.297754514095,-9728.350588977433,-2702.38345183462,6919.2108269925875,-134.98898747338202,0.0
2004-08-17,-7982.713661354311,44992.572249731566,-9454.521348840188,-7467.004740085636,-134.8000301700987,0.0
2004-08-18,1156.834762885713,-11272.313911187244,25103.201664394037,5176.1587264864165,-135.048339726469,0.0
2004-08-19,-671.7298857875827,26433.036247288477,-21908.491106738373,-3727.5609398185798,-134.96577557205296,0.0
2004-08-20,3599.19570953271,-20406.53317467595,5770.360351187766,1202.2524808372352,-135.01306431877006,0.0
2004-08-23,5786.210060328911,-17847.97130023077,6864.638131495896,5361.48566590851,-134.91249801013055,0.0
2004-08-24,7.314191912893832,79.24811882021308,47.519002291880184,0.6424515030699608,-134.72376452805702,0.0
2004-08-25,-1296.6870348362208,-23456.773354352055,-1247.5177968368616,-3813.681356329468,-134.72376452805702,0.0
2004-08-26,-6137.929052409191,-652.2635569119889,-2158.602978326766,-918.5010247591831,-134.8000301700987,0.0
2004-08-27,971.6230970590465,514.5056005502382,7822.407494016283,836.0544130060467,-134.98297122536863,0.0
2004-08-30,-4903.117623002299,-15553.41966048095,-7104.96913088634,-2332.575237667091,-134.94170346861307,0.0
2004-08-31,-11060.552401365765,1499.9858337220687,6363.323889866358,3136.558487637732,-135.11296268392093,0.0
2004-09-01,-497.7300471730661,2096.9168914910665,-4784.167005878812,3320.377972919398,-135.39781135858456,0.0
2004-09-02,11811.341351972716,5549.1001689921595,6407.97825417136,-3255.831767792133,-135.39781135858456,0.0
2004-09-03,19356.25486149764,-53529.20840803288,-19051.596121607054,3662.351090983078,-135.0776263663516,0.0
2004-09-06,7.321924834594427,79.14977802008147,47.46191303254643,0.641909716613322,-134.57552560383562,0.0
2004-09-07,-6488.1559811780335,-6746.088799633099,2579.9058815411963,826.694371540265,-134.57552560383562,0.0
2004-09-08,-13119.95268415593,11487.719869292783,5390.044505828304,-3722.7909637779267,-134.75797443597335,0.0
2004-09-09,3596.1347439554465,26195.39403151627,2443.5388729938754,8015.520427053375,-135.1362999564315,0.0
2004-09-10,-2679.075921814771,-17467.184774083547,-4139.773708734496,-5607.817553300063,-134.97094228319688,0.0
2004-09-13,-3595.627979721562,-21569.497867162838,-4216.563702848562,-555.3478444862016,-135.09491749373578,0.0
2004-09-14,-3581.8290878456783,16907.283094604685,2029.2211974338454,4705.235202785265,-135.21915111319677,0.0
2004-09-15,6259.454859114605,-8090.2173439666985,-5588.642077168708,-2280.9430971411357,-135.27866504506164,0.0
2004-09-16,-16112.030856433365,-14139.278660373178,-794.8516808164195,798.22294059948,-135.13028726166004,0.0
2004-09-17,11313.32310339129,-30945.192233119422,-16288.69076079349,6563.74654431934,-135.58781003459325,0.0
2004-09-20,-11748.805516649814,11610.168773608164,3546.3394924662434,-3721.209102867838,-135.2840828706444,0.0
2004-09-21,258.80070511579254,-24204.4951995546,-20568.95725196986,-5491.826523489955,-135.61747148167922,0.0
2004-09-22,-5542.439476510115,-51343.36494706404,-766.9945691619552,-2659.544477044033,-135.68290949675327,0.0
2004-09-23,5222.988455555551,-60572.18159939127,551.4544372039845,5251.8409254022745,-135.88612125919013,0.0
2004-09-24,5096.018428029292,-27228.893574006874,-8771.599239759802,1357.2667950294972,-135.7602796547895,0.0
2004-09-27,-6082.667432008267,1798.2606843825606,794.5427828351822,3254.612384360757,-135.64660828217765,0.0
2004-09-28,798.9139189104491,67091.61544391427,-10799.8727228902,-6936.7083030411995,-135.79014623062042,0.0
2004-09-29,14146.087744257222,5649.537577381763,4552.70295575099,-3250.845220215357,-135.77229203017825,0.0
2004-09-30,3305.0977456623827,-5029.726444788928,6924.022565162026,15257.607469271372,-135.40232156648122,0.0
2004-10-01,10090.689303979589,60097.47600625748,6930.296883154658,-6646.035594698385,-135.2240446207679,0.0
2004-10-04,-936.0805772999993,-29888.151444218107,-6126.644400443884,-2886.670723707389,-134.9341658977619,0.0
2004-10-05,-471.285292912233,-2367.0099159907045,-2903.6848480570325,-4147.059195712902,-135.00485123202125,0.0
2004-10-06,7958.0863482352515,-33961.379463197394,24133.263929174132,2302.489347471567,-135.046233694717,0.0
2004-10-07,4802.609448081453,14911.6136627327,-10184.81328963251,693.2577787281654,-134.80964520447674,0.0
2004-10-08,-20373.306872909474,11110.601853095195,1244.2093677171802,7827.876371050571,-134.6740365669249,0.0
2004-10-11,7.648127411616593,79.30730296844763,47.5911918675752,0.647923023288352,-135.19454527092773,0.0
2004-10-12,-6702.466922428908,14681.79612510334,10562.713466971562,1334.479281318019,-135.19454527092773,0.0
2004-10-13,-2995.661606563355,36454.43375500851,-22894.680858336884,-10661.123369248167,-135.3491406014819,0.0
2004-10-14,-10094.070323318827,-851.8279655260586,1553.474503524052,-986.0903328923129,-135.49200356108597,0.0
2004-10-15,6268.122517867602,-38621.84226859536,16354.197077986182,6590.563537739657,-135.77252750712765,0.0
2004-10-18,831.7814123209631,-12829.474754365627,-9742.241687598458,1907.392656037499,-135.57537432523586,0.0
2004-10-19,942.5475312376236,-20960.40662952484,-151.47631286506788,341.67874208043236,-135.56335721954173,0.0
2004-10-20,-10171.682134137123,-13419.493719810698,1416.6744373671845,1734.1513685216419,-135.551344844153,0.0
2004-10-21,2848.5447219227153,-37937.32422315739,-276.3088594548448,-4435.320951812975,-135.8261833592335,0.0
2004-10-22,-1668.777269720585,34955.23028155509,-21912.37890283626,-1391.245181834765,-135.80215387815065,0.0
2004-10-25,-1860.3609862920277,-19.696192569198054,1909.7357576812208,-28.38945271767034,-135.85606962027703,0.0
2004-10-26,1962.1882086830044,9094.74211969924,6051.551822839518,3269.541559937941,-135.90401011596754,0.0
2004-10-27,18320.56761608184,-609.8785077520052,-4069.670767917297,-2237.7324808553153,-135.82017421494487,0.0
2004-10-28,-6185.1031338855455,-3541.146071230164,22964.501129614164,6659.016258468186,-135.34871035029136,0.0
2004-10-29,-6885.466578407619,-6766.123564006343,2590.158880189777,837.499116139432,-135.45596643247288,0.0
2004-11-01,10242.541831051038,1010.9536402124188,-1458.862584652481,989.9584971543048,-135.64083720013065,0.0
2004-11-02,-2324.6459884920887,1994.7506507091903,-2921.216420855178,3298.053007157113,-135.3607085494381,0.0
2004-11-03,-372.9091824403266,-10497.245388547175,6670.826956928776,-5732.7984231279615,-135.40832243701522,0.0
2004-11-04,2359.679317406466,-26958.790767745144,2744.1731467327563,2136.295451425259,-135.4499643808902,0.0
2004-11-05,23694.155870562005,-49661.42322697234,-30484.807117220193,-2190.668721220894,-135.3903233673345,0.0
2004-11-08,89.4549448936178,-3570.2838899882745,7730.419776764794,5899.657991305883,-134.83237155023676,0.0
2004-11-09,2606.172977836367,20426.681287155367,-9274.490803488925,-13623.572386350224,-134.79107515257627,0.0
2004-11-10,4952.823745624931,6801.371390952693,-633.975582778426,-858.7664283820156,-134.79107515257627,0.0
2004-11-11,7.527398361476464,79.05474404507963,47.42886673654069,0.6443951146977591,-134.6554042577945,0.0
2004-11-12,-5830.043150844015,-86580.11340268415,-5977.127104112704,8751.355024466968,-134.6554042577945,0.0
2004-11-15,2025.1974385001586,-7015.7267257596495,-24035.663549658642,-670.2961959149102,-134.8378503447547,0.0
2004-11-16,2029.580556176681,-28522.205103465807,17144.531718948612,-378.111535857715,-134.81994305234298,0.0
2004-11-17,-13199.881614957718,-3019.258183726932,-1485.3554499235258,7364.516003292829,-134.76668565678733,0.0
2004-11-18,-1269.8687243983486,-31531.63871617411,8307.848311181622,-5412.58457795237,-135.09237544883527,0.0
2004-11-19,15252.137990539792,-13667.482043795651,-10101.032945063575,-379.6633589710021,-135.1694856208525,0.0
2004-11-22,-3090.2041661641165,-27131.79684906833,8280.106918782187,2038.2210418837271,-134.7841601095668,0.0
2004-11-23,2754.6682079718075,-20757.081301355807,-2000.9574217190209,368.5966618579768,-134.86689632287107,0.0
2004-11-24,3265.9696391644065,-22754.496785203617,2805.537118923361,-2945.7337471357996,-134.80763819348198,0.0
2004-11-25,7.723654396850159,78.97444919178308,47.40347646145778,0.646839251680293,-134.74841930177126,0.0
2004-11-26,6342.148408249519,21391.1925443405,-7149.5136357695455,-223.26698416317092,-134.74841930177126,0.0
2004-11-29,14131.08316979334,37462.10673354056,5870.52903585641,2978.3508677348846,-134.57138669500938,0.0
2004-11-30,539.7314589880972,61213.70071423412,11308.745652154532,-3432.336092208787,-134.13676956451394,0.0
2004-12-01,936.4765996996383,17413.938057404266,6050.71504903835,5542.559430422888,-134.08469211384232,0.0
2004-12-02,4714.638812975176,-2058.6343332096985,-8413.900493875295,-4018.5123181180425,-134.00893458930656,0.0
2004-12-03,-21253.003359032435,-12327.803852268138,-48.878215553947705,3975.7079135527097,-133.90948279004644,0.0
2004-12-06,-4008.700151093786,-15048.770061353614,665.6292126866241,-1496.4488156653183,-134.50144669754377,0.0
2004-12-07,438.70899843758224,-23281.309119330585,-3092.841761958538,-3800.455643892446,-134.63095471605033,0.0
2004-12-08,-13898.39893850747,-49066.40072772047,11423.350396280472,1364.2284441394158,-134.66027089288093,0.0
2004-12-09,5457.413941554835,21794.518816908865,-9101.680773749458,12350.273803857379,-135.05656437979334,0.0
2004-12-10,-2066.9337816931097,-22157.468897382976,-23408.046718529407,-2175.3739587447685,-134.83743682287994,0.0
2004-12-13,1462.4874503625606,-35378.78892357378,4522.354488909949,-269.60696167830883,-134.9497474796364,0.0
2004-12-14,-1900.80433760935,-21387.953551841492,-6053.979852543147,-528.543555374776,-134.931871812943,0.0
2004-12-15,-8788.04701615764,-31855.224151440023,4158.407568430318,6234.969661085587,-135.0088818874681,0.0
2004-12-16,16991.77785395363,51817.01338730183,1297.6905904810171,-8969.042331998746,-135.22871617970335,0.0
2004-12-17,2727.19236682195,-3800.819394881141,-3724.9648837895147,5130.367376713308,-134.78977305237981,0.0
2004-12-20,827.5495671114505,-25242.350295949116,-9816.601795526465,4596.721529525762,-134.69518998896058,0.0
2004-12-21,-4917.187528569106,-27200.3139391073,10119.379896773551,2009.0379443299332,-134.67734237241262,0.0
2004-12-22,2295.842910436837,32050.33049297182,-447.58363336456057,6243.506897268412,-134.8073516860025,0.0
2004-12-23,2297.001549659829,40091.33010874228,1549.005517504008,-3929.989392496199,-134.68923961584449,0.0
2004-12-24,7.6629663408172854,78.93594658836211,47.3740055873294,0.6456588591541125,-134.61857737566288,0.0
2004-12-27,11802.840168095881,13594.04464885409,-3160.5546093815205,-1689.78761373399,-134.61857737566288,0.0
2004-12-28,593.3615681138319,-18032.679199226837,12358.96819003348,5267.630596160591,-134.3007570084217,0.0
2004-12-29,4836.081750095653,-14530.51379615084,-8555.84337935957,-1350.7743654539768,-134.25377182400013,0.0
2004-12-30,-7294.879857771527,-9910.484269062707,-17650.77293437301,-4926.854250047032,-134.1480069710003,0.0
2004-12-31,-5939.625083749209,-40977.825180526364,33916.35460855383,3007.9460600367597,-134.40621264257754,0.0
2005-01-03,442.6906385014699,-23250.46144849304,-3089.3200609469777,-3802.497285609407,-134.54164650342366,0.0
2005-01-04,13518.447602529419,-28968.81223253514,-20874.220310307213,-2658.454844450671,-134.57099773390763,0.0
2005-01-05,122.38582923975403,-32906.85713327403,9279.743455281678,3833.904572070295,-134.26462168797565,0.0
2005-01-06,-2220.506751776023,35724.69063956591,5156.181045503427,1074.3962723347306,-134.25276172436654,0.0
2005-01-07,1425.4529568169157,-22782.42381781956,4639.518280391001,-2958.194403680294,-134.27648630315693,0.0
2005-01-10,1430.9373472146553,-35239.74382881315,4503.118792868666,-267.6795371373917,-134.26462168797565,0.0
2005-01-11,-2849.1982460487857,-21735.799162118736,-13748.99419121991,-1358.7980243109566,-134.24683348615264,0.0
2005-01-12,-3419.5906459152347,-11813.874964402643,20890.794302264396,4282.052344503197,-134.3642811546707,0.0
2005-01-13,-6100.117961756024,-15879.912989833461,-14789.473280849516,-3171.9572336467068,-134.41731844516332,0.0
2005-01-14,4698.590765307511,-11767.120674647502,3954.162553439668,3602.676529792368,-134.6295867478695,0.0
2005-01-17,7.763881286603692,78.78282230296388,47.295043372379375,0.6461658542949694,-134.48791281624187,0.0
2005-01-18,-2077.173544486422,-55985.43618943466,17571.232806201053,820.8380991410079,-134.48791281624187,0.0
2005-01-19,-785.6923764306448,-16487.936156522246,11343.842632211703,-3950.071924381602,-134.55862630300325,0.0
2005-01-20,-5746.914641834054,40859.83586686777,-13175.552437853199,-2383.9732762622593,-134.5999513652731,0.0
2005-01-21,-4560.322285917061,29613.64242907454,11739.684989430656,2814.740529621742,-134.75373415972993,0.0
2005-01-24,-2211.3445466244057,-72972.24542058149,7802.935634286035,7808.935961879125,-134.82483856537388,0.0
2005-01-25,10778.314990704663,32052.54728323832,-5905.116171205999,-6209.463118686577,-134.88407097170722,0.0
2005-01-26,2788.7699708167597,-33173.30898008184,-2131.8739230287624,3074.5830800110207,-134.61772910914806,0.0
2005-01-27,2365.9599346078553,-1822.9414220442054,2995.92501074046,-3284.0635284915516,-134.55270271097032,0.0
2005-01-28,-10166.488884185805,-25773.049653358954,1269.4222365633477,4425.622821082292,-134.50548388207343,0.0
2005-01-31,906.5776283740278,-46559.68079825353,-6227.048325605302,-7648.112891073618,-134.7714634884726,0.0
2005-02-01,930.8050423833363,8584.03971672832,-1737.6632022020126,2405.820974261935,-134.83073773200232,0.0
2005-02-02,1495.904213533971,-35277.590639782466,4511.549155805834,-270.1003941686843,-134.7892401830154,0.0
2005-02-03,2700.3718831387723,-29635.666360224015,27703.86262806671,9720.107745760797,-134.77148333080146,0.0
2005-02-04,-14952.945948095174,-34466.662701102396,6742.384635806286,1980.3226514720957,-134.6353313278936,0.0
2005-02-07,-2817.223894312467,-45984.755737027,3274.2831500889474,5734.617039276484,-135.0386584224439,0.0
2005-02-08,-1325.3611848958737,-43919.42517397787,8153.4594119891035,-2716.272261481409,-135.11019012541675,0.0
2005-02-09,-11508.565585350394,71703.96573252494,-23649.657598111793,2112.035208593314,-135.18184246206533,0.0
2005-02-10,14034.735895269643,31865.292317001775,-17384.356669872253,-7055.544587111046,-135.4443595489907,0.0
2005-02-11,7261.320417543552,-22531.961842911543,-893.2992865373253,-2913.040504567783,-135.12202918659378,0.0
2005-02-14,-2271.3209360742703,-72915.3168997336,7800.893654246018,7843.059048421459,-134.96742752189206,0.0
2005-02-15,2432.026035551906,27564.4815923355,1412.6736466486923,-1238.8560289654206,-135.02709005360342,0.0
2005-02-16,10695.953445615527,5406.081121070992,8212.026817137114,-3302.0294962833505,-134.9496880547472,0.0
2005-02-17,2349.408006775445,56877.18018077217,-174.92601289350037,830.1896217217942,-134.67680660262,0.0
2005-02-18,14054.96547333923,1198.2448066761142,-5133.898322618738,1041.8258735539755,-134.5702985583576,0.0
2005-02-21,7.77296785767756,78.59533926422311,47.185572886986456,0.6450470066650241,-134.1989270155521,0.0
2005-02-22,4879.702737279742,30868.115162333837,-17620.975935392835,-7893.8174512836185,-134.1989270155521,0.0
2005-02-23,-2294.701731881132,-14877.857490265802,-1176.6518493692517,-1468.7563977060868,-134.11080411264376,0.0
2005-02-24,4713.158041912733,-53459.97968184689,5387.613279957109,4237.43554723095,-134.1930254276232,0.0
2005-02-25,-2592.67971350511,-53809.45332472378,12737.557608960014,4118.596665207637,-134.0754188324344,0.0
2005-02-28,15290.795875595923,32528.145884338643,-1848.477989619996,-5273.727363665464,-134.14585428397473,0.0
2005-03-01,1188.5409868945246,-11136.086416831815,24817.13563866742,5149.42333791299,-133.74730962293557,0.0
2005-03-02,-1010.593518251682,28865.702187101582,-9216.867944346151,1206.5968382968247,-133.6655993889773,0.0
2005-03-03,2299.8121694386286,-14219.97649315082,2844.813666369642,-573.8244583291162,-133.67737372929884,0.0
2005-03-04,-8651.170820774356,-24351.188897585616,-11103.503670890019,-5547.90017681853,-133.62478668055138,0.0
2005-03-07,966.5830793061385,-49949.15285791143,1429.054968745365,-1706.2062629593254,-133.9228443543553,0.0
2005-03-08,8572.67762602188,22870.74065860444,25516.990803070683,3085.6898452185187,-133.94031133057513,0.0
2005-03-09,20704.975387627055,89180.97676305231,-5733.04625749581,-4363.557022172584,-133.64794651231634,0.0
2005-03-10,-6395.251932744908,-77681.2920987546,11474.251427834071,12737.241231177348,-134.94862751111802,-48.31144603709254
2005-03-11,12546.170490771281,5978.971785788816,14180.521949672922,-2405.491290488939,-135.10083393289807,0.0
2005-03-14,-3184.0869425779806,-36876.97770357351,-16918.41441253609,-2792.5155380318142,-134.7431824586905,0.0
2005-03-15,3088.6358060383527,19267.765882792144,1356.0338174636056,-3577.5405541626633,-134.89495213096725,0.0
2005-03-16,-4815.559990854003,10347.097088455792,-999.842948980071,5589.379005202661,-134.81305090247704,0.0
2005-03-17,-6230.343986140005,-9545.422196720416,-9995.548739041486,-4108.360568013662,-134.91283343450337,0.0
2005-03-18,6640.442867288982,19487.04527670652,-2356.4347338958924,-3530.593887660206,-135.13000915365714,0.0
2005-03-21,2883.3788701993444,35520.27020647724,-17779.43786304235,-479.71039211794863,-134.95382651226737,0.0
2005-03-22,17630.85887953714,-73492.16326325244,9646.862372332429,6403.730142386857,-134.87186867353427,0.0
2005-03-23,-2902.1176569862982,-2126.5401137856643,8552.261476933203,-3333.2017089267088,-134.3804168718441,0.0
2005-03-24,323.30986062653625,-40270.43260905658,-12910.77664982222,3122.613936444002,-134.4737048213959,0.0
2005-03-25,7.28340559624569,79.12380281137727,47.44230168177813,0.6411502049311719,-134.49066029433223,0.0
2005-03-28,5598.865292590366,15338.898129140414,-2422.025073773026,1519.8813109060097,-134.49066029433223,0.0
2005-03-29,-5529.129458262668,-2657.9410383778522,2650.8322782273453,-4188.719824394006,-134.31598775327708,0.0
2005-03-30,-7205.832951386566,-43974.940834278284,11773.968834595362,9668.087367966174,-134.4966044509761,0.0
2005-03-31,-9420.883274859289,33991.68493194695,-22152.363778264164,-2315.0897403169197,-134.66578756775755,0.0
2005-04-01,-7898.325817431222,8137.405321669881,7528.412183489088,2244.2222423849544,-134.94718773692927,0.0
2005-04-04,479.28328174912366,15087.697340699744,3139.6797150749667,1446.2335037611606,-135.1413361680791,0.0
2005-04-05,2661.7722841952777,4274.475735326684,-1734.3881243683516,-5033.129570246324,-135.10616042517285,0.0
2005-04-06,-7632.941971940759,22375.986882271813,-6785.275845917643,2046.1446435866933,-135.05909457656966,0.0
2005-04-07,7174.973571408311,21946.53954702723,599.8422679308201,615.0282420898147,-135.25349958715944,0.0
2005-04-08,4038.6597523300384,-43871.09848646329,2616.8606656291417,-2598.5848298479814,-135.0358977116688,0.0
2005-04-11,-6676.6682076194775,-15650.399761364335,-5249.552906381682,-2362.8977470172786,-134.965051579836,0.0
2005-04-12,-11712.38750330359,-17943.419951334985,-6440.896010603231,5953.7466588980005,-135.18249963808117,0.0
2005-04-13,-2240.8337560441605,48635.75047831467,5341.303885544735,-1631.1206313041193,-135.49528677780015,0.0
2005-04-14,-2937.4323192708175,75065.45694349577,-16671.049027605844,-5388.580747524329,-135.5251180898237,0.0
2005-04-15,-14644.381864892048,-10407.988756887627,-10385.675570286998,-5102.037290623442,-135.60234615611807,0.0
2005-04-18,-1221.7177348957905,-30946.62085737761,14232.194861645003,8057.583434290047,-136.05372483152334,0.0
2005-04-19,-11355.673782349002,-27426.72129580335,25501.79966317167,2761.614932918876,-136.04774221197005,0.0
2005-04-20,4052.4031675809683,24285.94476777157,-30433.394446989507,-7770.00486085213,-134.94862751111802,-14.325698435824961
2005-04-21,16221.449618751805,-63044.51973541771,4890.896813670209,12050.707582680541,-134.89544042057648,0.0
2005-04-22,-6999.670685663406,2565.3402450101216,-17585.170735549975,-7584.9856599855275,-134.40707796595677,0.0
2005-04-25,-545.2853928048278,-53418.629586356794,28360.17155538521,5767.6085338008,-134.67109776684086,0.0
2005-04-26,4979.813918796039,12139.968292912783,-22748.494601349,-4233.501303473013,-134.65917564410077,0.0
2005-04-27,-5228.579945399437,7888.817668131236,-3944.9779311188163,1457.9226674147828,-134.55914130808176,0.0
2005-04-28,-10046.75881437769,1161.5209581548024,-3265.9614476792804,2315.8927098152276,-134.70029833583044,0.0
2005-04-29,6566.557905262571,-44090.98237025077,-8869.27930419765,-3375.4344322937404,-134.97744847011657,0.0
2005-05-02,-1766.6045741466976,16979.43092808175,171.62681214189243,4711.489858370326,-134.8531571655433,0.0
2005-05-03,1008.8169582616791,-54116.41805717018,9136.45670191059,4174.11551643835,-134.86507462681968,0.0
2005-05-04,374.5137062609025,102967.27496846557,-45117.83824739828,-18198.522543385636,-134.84124436333448,0.0
2005-05-05,-4902.203474221255,39898.92605416429,-2593.895865168335,7648.22097024233,-134.91230067731513,0.0
2005-05-06,17342.87779343793,-88510.04508630754,6560.546262874195,4974.155744000069,-134.98341477998068,0.0
2005-05-09,4339.487374710614,-12612.065960528602,-1852.5374821738185,-9690.061327747439,-134.52342385139804,0.0
2005-05-10,-9908.123226306585,18093.827110839,6549.713394270302,-4592.105600649811,-134.4645435764017,0.0
2005-05-11,-4629.86509591277,-30949.83646640335,17834.919122086252,7875.640086482653,-134.75284441107902,0.0
2005-05-12,-4167.652223233726,13660.894733745612,-18310.889050341553,-1091.2775599757538,-134.84124436333448,0.0
2005-05-13,-9165.656793507982,-10980.337226091893,15933.347067537694,-5836.205514269329,-134.97703984625255,0.0
2005-05-16,886.3148134389429,8642.341114284021,-1747.6783974313043,2397.645231734168,-135.25538299565798,0.0
2005-05-17,-1769.9484804468557,-12579.124124240658,1768.0264586131098,2677.724647335689,-135.21388758211356,0.0
2005-05-18,-8924.480416895443,-415.8330691798836,9335.021208759821,-143.19872093698618,-135.25538299565798,0.0
2005-05-19,9589.608216384293,-43637.950523980355,-2957.515394066532,-2529.915808007087,-135.4931246531125,0.0
2005-05-20,5024.633257085777,-35319.23882886805,823.3882323605341,-211.965622747847,-135.27902231367713,0.0
2005-05-23,-9419.470862661718,-15414.66821633361,6236.800408899352,-1591.091906349984,-135.16621773101812,0.0
2005-05-24,-6878.733926101858,10264.537557842834,856.3138918117667,5617.62499010535,-135.43944885621335,0.0
2005-05-25,5562.903614991449,34434.8880339651,2597.6636430417357,-2131.2891331404085,-135.58838645952474,0.0
2005-05-26,3754.772180827284,9284.598656643284,-33575.52705486564,-9288.276437684723,-135.42165326269173,0.0
2005-05-27,7.702883415918285,79.39973122010821,47.65177889459121,0.6493747991660322,-135.4037683297837,0.0
2005-05-30,7.702883415918285,79.39973122010821,47.65177889459121,0.6493747991660322,-135.4037683297837,0.0
2005-05-31,-12223.308326812747,-36660.57563675968,9762.637888359222,-1313.2878637033434,-135.4037683297837,0.0
2005-06-01,-19124.428220395315,13720.50387216876,2353.1044103538134,12150.389854513298,-135.7615480995311,0.0
2005-06-02,-1864.079103126372,-64521.661042785585,27251.37026177261,-730.6814883495919,-134.948627511118,-8.86696741078049
2005-06-03,12449.676260156888,10442.565859323311,12306.68406094085,5035.349668499367,-135.01976756318376,0.0
2005-06-06,-1278.8912362996027,-35992.60592450255,-1383.525409892472,-1125.8053368110254,-134.61691659237806,0.0
2005-06-07,-5968.847777452961,-21305.94520410653,7261.213522964841,222.88519791120495,-134.68766892094186,0.0
2005-06-08,6357.991672058293,18695.32054961242,-19750.468537572146,-5156.919284907495,-134.86532076502448,0.0
2005-06-09,4016.9291984153433,-30471.703790421652,8574.373476553596,8005.8582488115735,-134.7230900280947,0.0
2005-06-10,12443.933089943821,-1239.497719064354,-8102.8279578674255,-3084.156191113983,-134.57516875314508,0.0
2005-06-13,6610.281852997571,58616.43503356593,-16332.71483769154,-9029.168800933689,-134.24498115092814,0.0
2005-06-14,3470.316083053993,17995.733632131145,11955.13193863286,6366.993301305605,-134.08075527496712,0.0
2005-06-15,1495.7253663783863,7464.548244327352,-17117.048427520323,-11578.239018357079,-133.91698530657047,0.0
2005-06-16,-6392.184719664576,-37044.530975077476,24337.43415754675,9482.11611211853,-133.95193397589915,0.0
2005-06-17,853.0279348987998,-20854.21985419153,-150.46013504199755,334.3574196704459,-134.08670760223046,0.0
2005-06-20,529.4302980597955,-1126.610767212734,10651.303704069009,9906.998669119657,-134.0748041109741,0.0
2005-06-21,-5186.2484182937715,-9841.530100864617,-19529.10662425197,-4855.765585987014,-133.99286223270306,0.0
2005-06-22,-17384.020601441098,330.84221494408433,-3608.9782442816527,1360.1865897092605,-134.20388185793126,0.0
2005-06-23,3366.5723409850325,16470.412437826857,-11211.603722585787,-8495.38360660765,-134.71116324149307,0.0
2005-06-24,-7345.671437707056,1694.892628671172,2643.9594801113685,3174.7556376210337,-134.66381534713875,0.0
2005-06-27,238.82968331950653,952.9796150798431,-20224.104473627252,-10812.23502171548,-134.85338697813154,0.0
2005-06-28,7541.726325074711,-47407.1185943562,44280.10621814376,15814.901908150121,-134.93045415983138,0.0
2005-06-29,2178.2729687309056,15154.577186682249,1279.5758101950014,1464.2927168996284,-134.61053810818743,0.0
2005-06-30,-6209.375612162276,-39006.54054100478,-19928.92856174747,5490.452186858697,-134.52790952693113,0.0
2005-07-01,18833.95475071325,-4163.125100288944,1786.1109647876954,3698.481803707712,-134.72873873443933,0.0
2005-07-04,7.147723832833271,79.02128574523296,47.36672710417094,0.6384009824619795,-134.17413766469912,0.0
2005-07-05,8499.655916856294,17490.32952367783,608.6968142819629,-6730.451281796371,-134.17413766469912,0.0
2005-07-06,-5061.659273719662,-4626.184942657493,-4067.9349374903463,4107.35014925294,-133.95123663124136,0.0
2005-07-07,-6133.45048627374,19035.831148411038,20165.853606933953,-2885.8174955879304,-134.0860793982467,0.0
2005-07-08,10087.543632926296,-11840.81071290057,-11178.672674536696,2840.7232467416843,-134.24498115092814,0.0
2005-07-11,954.9956714150056,-41412.32375287889,9229.5481368069,1463.7565532770914,-133.9571796607022,0.0
2005-07-12,5795.848673240852,33871.16937819654,-6998.9693514114015,-2880.543501823203,-133.93935405466755,0.0
2005-07-13,3288.196273934755,275.7408257807403,-3639.635452678121,57.042485958273666,-133.76987192654428,0.0
2005-07-14,3464.1057983486235,277.4006799261581,-3664.396203396535,57.83835263332339,-134.948627511118,-18.49787100400869
2005-07-15,-838.8814040730368,-8477.943034405067,1840.5145163704997,-2379.2272269925834,-134.8541916330811,0.0
2005-07-18,6417.188200146219,15043.800851278475,-12058.305980909032,720.2756988664888,-134.89543516639839,0.0
2005-07-19,-3405.6597207415366,-12663.040193091862,3618.2798583758627,2627.05515309397,-134.712761100867,0.0
2005-07-20,-2136.673688381406,-44576.01057277394,407.50087170548824,-3507.0770484117093,-134.8010611978407,0.0
2005-07-21,16646.956338865766,35401.243809889966,-767.0381378700648,-1102.5422636655983,-134.9128809558748,0.0
2005-07-22,-9543.561565186763,-31228.543786371094,23367.285317388338,7744.4180767715825,-134.42475361180848,0.0
2005-07-25,4946.100186488385,12144.805238653873,-22754.753838290493,-4229.937619142817,-134.65377082095208,0.0
2005-07-26,-449.65664805590853,-2365.9034610078447,-2899.977977009001,-4111.553414121024,-134.5537473246965,0.0
2005-07-27,3603.7465014309564,-36556.526458904205,13307.226302212524,9732.825792752561,-134.59481951845518,0.0
2005-07-28,-8231.172531633796,-12067.635274406472,-11065.665838879746,-8220.29247817348,-134.44790377215367,0.0
2005-07-29,11498.36372055648,-10662.226306110528,13941.038018025629,5329.676666567975,-134.7534456235619,0.0
2005-08-01,6012.538920986637,13329.56603515482,2385.023661175471,-1759.8157997948585,-134.38909068531794,0.0
2005-08-02,4374.104264000182,26636.209842239325,-27363.3920754779,-3607.6936537881375,-134.21354874749392,0.0
2005-08-03,-6655.782327008846,-315.3990071059605,7436.26748386248,-112.6374564269367,-134.1200131791928,0.0
2005-08-04,3370.4493923248465,276.48663914667014,-3650.8197485750056,57.409400101879754,-134.3072021875152,0.0
2005-08-05,12746.677698539597,-6891.968250274295,4384.491888251277,-509.1769272282053,-134.21354874749392,0.0
2005-08-08,5325.583991990782,-22969.469731383346,-8619.810244329441,-3658.2906754476817,-133.84604115985584,0.0
2005-08-09,-3656.8636775222203,10727.678074307982,6729.095449805336,6336.724576602242,-133.73519523444793,0.0
2005-08-10,-896.8686577525176,-353.9863079873305,-7678.9293996464,-821.9930303005182,-133.79356419885883,0.0
2005-08-11,-9258.181987617807,-18542.116198002568,-14037.673031791272,-7255.99044741728,-133.83418362105056,0.0
2005-08-12,-12198.43687529401,-28060.464760341023,9766.26497329304,1043.2201302342917,-134.17794143060644,0.0
2005-08-15,5638.719642565535,-1633.7285066066804,-695.8160186111867,-3198.9806730648584,-134.53539289544463,0.0
2005-08-16,-7671.555055527185,8117.386911636614,7506.427033237372,2228.3424915947894,-134.3944563190696,0.0
2005-08-17,9361.608146696968,25292.30882510216,-18544.980740977484,-6026.124824499582,-134.58836963834614,0.0
2005-08-18,-12247.988091995327,-19216.145935028297,17585.2416998822,4214.767338641479,-134.35940345047356,0.0
2005-08-19,784.7056809591579,-12789.385839684619,-9702.296278708325,1882.8934048195329,-134.6825372937457,0.0
2005-08-22,472.0387944529397,2523.861253590793,2995.294694626558,4124.271924187436,-134.6706566080345,0.0
2005-08-23,-2567.3728131647576,3968.345457193066,3825.130397069558,-5089.556767136063,-134.62949885081457,0.0
2005-08-24,-2113.8767940899534,6415.522087085291,6775.881649574449,-969.6296598147069,-134.72372361934208,0.0
2005-08-25,-455.2370656796462,-14905.381069652938,-3038.6934380445045,-1438.1077342696663,-134.77682385918692,0.0
2005-08-26,5160.335062576531,-33585.84932589026,-13613.625024528237,2280.7773993996448,-134.81212415168073,0.0
2005-08-29,-871.4487240688562,-4007.576900427016,-26.87709197175915,5040.596747060949,-134.69403059331796,0.0
2005-08-30,-8999.1065480147,39952.344858456534,22275.230938752502,-3276.1561347393695,-134.69403059331796,0.0
2005-08-31,-23884.28386004627,14593.295374798303,-2740.3537794476597,1893.8847523255408,-134.91253036212916,0.0
2005-09-01,-3878.600567388868,112255.28480147713,25347.669701059374,-13588.78277214165,-135.57116300630915,0.0
2005-09-02,900.6386380431071,-29123.206751315756,-2164.079008675448,10550.998166898142,-135.64278191472116,0.0
2005-09-05,7.619086251898798,79.57129730575507,47.743521686230075,0.6492515772132981,-135.5831568210972,0.0
2005-09-06,10932.013995057425,35688.6238737091,-34953.62212701958,-1180.3321723321994,-135.5831568210972,0.0
2005-09-07,10390.089255611378,4372.673632774454,-30419.63341191275,5989.556982093575,-135.30369307781433,0.0
2005-09-08,500.29348171340706,-1935.3273186741615,4870.833411824214,-3300.7861955063654,-135.01337935709626,0.0
2005-09-09,-2788.2756862645742,-51594.94259112783,25448.54648609738,9063.706466138321,-135.01337935709626,0.0
2005-09-12,8949.144213519105,31031.75471392517,-31124.18026807998,-8644.488697695335,-135.04878041317804,0.0
2005-09-13,-8569.238338067344,-16621.065859363265,16879.86761652424,8425.67730676371,-134.8597025671766,0.0
2005-09-14,4858.033922261341,6824.066574913234,-635.8366891232935,-858.1864083238567,-135.04878041317804,0.0
2005-09-15,7681.634856067085,67359.82982615188,-18186.038297643507,-6720.513503619727,-134.9128809558748,0.0
2005-09-16,9347.846761905797,-16765.004023625796,-17110.118834416247,-5383.012407985502,-134.70680624941312,0.0
2005-09-19,-3795.3903502696353,23297.290984316292,6894.503487341419,3718.141802320361,-134.50080900255728,0.0
2005-09-20,2788.2305341992546,-87165.18852997458,16552.242896030475,7997.390619238791,-134.5656465707359,0.0
2005-09-21,-7885.550303579583,6552.700888680422,-15665.161355718703,-12643.1925452314,-134.48297580062098,0.0
2005-09-22,-1362.0885735179968,10542.136568151791,-4706.888193776343,5647.074431809711,-134.7946605411844,0.0
2005-09-23,9440.966986121306,-46411.86106639706,22133.977412088938,5007.503849033582,-134.80060842268432,0.0
2005-09-26,9582.344895848328,26961.755814354987,-32954.4687023941,-3537.754315636394,-134.51213651670605,0.0
2005-09-27,1341.7545922863233,-10358.528689157856,4788.424196299763,-5609.495019037012,-134.27751495267083,0.0
2005-09-28,-6148.674997821031,-72968.75856869484,21093.482794757565,8436.183643592365,-134.2715809789242,0.0
2005-09-29,5901.914357245274,39.93030853388907,-15099.912994810315,-715.7213940685548,-134.4295387716625,0.0
2005-09-30,7261.698729610515,-9593.051761366163,-4538.994171480011,6893.0148686332295,-134.28285851889393,0.0
2005-10-03,8594.391896260622,9390.478703610597,10124.905724001872,-8258.480294019257,-134.04886792561493,0.0
2005-10-04,574.4139520877488,11458.847954331131,-26676.8591438858,-5072.824136101103,-133.82744721015777,0.0
2005-10-05,-4327.8841173036235,-38897.15860264309,27255.465076355835,6257.907030221345,-133.86220509994837,0.0
2005-10-06,453.0308267854344,15001.069603923745,3118.9338270594285,1425.383582448241,-133.94955881800269,0.0
2005-10-07,-2381.5554153332873,-4124.045336955076,13320.101785324234,-6576.765850346416,-133.91474571874457,0.0
2005-10-10,7.121314044233898,78.9358878828363,47.313450377699596,0.6374271104849663,-134.0080794152547,0.0
2005-10-11,6328.154677803773,-5605.382081401415,-2613.064452170028,1844.9648244312611,-134.0080794152547,0.0
2005-10-12,7991.290858676736,28300.2870775913,3603.1243613599886,-298.69287140957374,-133.82152940811943,0.0
2005-10-13,2943.352132283552,31873.462520629517,-10082.078194063819,5400.2121686621285,-134.94862751111802,-21.079970599872468
2005-10-14,2516.057070380705,-17174.259712663523,-9704.177991095055,-5502.793732342815,-134.8256342786732,0.0
2005-10-17,3057.232005211395,-5829.7428352806755,1082.8306465183898,1803.1088981087453,-134.8078084201806,0.0
2005-10-18,-3712.339645374802,-9879.743129695104,16189.190355237486,7549.353982159198,-134.71407642875783,0.0
2005-10-19,-1888.5394856395685,24306.04943571315,-15218.245814596907,-7033.583288760748,-134.7668673383717,0.0
2005-10-20,-728.1262129129994,-41709.33905086143,11133.952459470805,1450.347036432546,-134.86066056571266,0.0
2005-10-21,-10145.626191687932,4822.585523325522,-10969.5825965017,-3557.208439505636,-134.88977555392097,0.0
2005-10-24,8969.677125440312,13917.947986941155,8324.064758116658,-911.3498972310973,-135.20727072053361,0.0
2005-10-25,14800.955385179235,-11250.43100043133,-7159.692635603095,3755.010785364056,-134.94268440076584,0.0
2005-10-26,9304.43858527499,21649.18016185479,-10863.789201522364,-164.17166138638208,-134.5210326587249,0.0
2005-10-27,-4620.283318057209,-6643.767062022606,728.127275514864,850.2522350514794,-134.2531051521596,0.0
2005-10-28,3399.0966314376824,-29227.062790686326,-2062.971802835077,-1973.715521032706,-134.38694011888364,0.0
2005-10-31,-1294.4703517832197,-6446.91268451693,-2970.580283863451,908.1344849151917,-134.3225427983325,0.0
2005-11-01,2548.1475612971108,-8258.998248425043,-1864.2446475666247,-2308.9536936517716,-134.36323008825124,0.0
2005-11-02,3170.2347550200348,-5045.2454820357,18425.00916816348,3420.530044274971,-134.31069470328595,0.0
2005-11-03,7522.9516295980675,4554.551699621753,-7270.4788017108385,-4885.1303145315815,-134.1828789205685,0.0
2005-11-04,2761.266927530007,30925.84339725788,-15831.422692714215,-7816.612998651147,-133.99706863141893,0.0
2005-11-07,-1636.6941087900996,-12518.130809666563,1757.2388507410467,2631.176911858417,-133.95660535888393,0.0
2005-11-08,-10418.93871949361,-24307.512074527498,252.47167157211314,-4743.826712603921,-133.99706863141893,0.0
2005-11-09,9460.028577469307,-15160.16205315406,6088.093568303747,9484.433324835254,-134.3454596747154,0.0
2005-11-10,-10173.479072330583,-2080.5499985399583,-11996.134118993297,-14954.978308740057,-134.02572785634933,0.0
2005-11-11,7.23058776657051,79.11744894648633,47.432655769399844,0.6403049475973287,-134.42099743005397,0.0
2005-11-14,7826.9014027168505,-27781.36496970673,7803.486189102783,12144.710404267062,-134.42099743005397,0.0
2005-11-15,-6667.605639298213,-17264.003055798727,9158.920292495137,-4807.192574219984,-134.1414549389299,0.0
2005-11-16,-11590.79192071929,-11454.037791622668,-1546.7017207897898,4953.502937996093,-134.36249731686163,0.0
2005-11-17,-6441.706197745869,14660.763120251566,10540.474188856004,1323.5971960770635,-134.6778940846879,0.0
2005-11-18,8115.431776918854,31326.82434491636,-21458.98357590156,-7820.373950719507,-134.83043118745204,0.0
2005-11-21,-6479.08916811204,-31815.041974075015,2308.68856942417,6196.157019773527,-134.64882939015277,0.0
2005-11-22,-5434.055142601863,66171.05729546618,-12962.10691774862,-7752.7363537230785,-134.81857617243122,0.0
2005-11-23,7385.818193757945,6583.534250273555,-12121.494480090107,-1635.8876789816477,-134.98325240323345,0.0
2005-11-24,7.366277384238949,79.2562023768461,47.52958570125233,0.6432972272300821,-134.79536268956744,0.0
2005-11-25,-6527.457977136405,-6755.159553577266,2583.5843914214133,828.4813007416991,-134.79536268956744,0.0
2005-11-28,-5041.451391223284,-49653.10387339404,22471.352809332948,12339.050565149942,-134.9773185455432,0.0
2005-11-29,12814.09788331208,-1241.8594818841777,-8122.124846927904,-3104.817280165883,-135.05956965444514,0.0
2005-11-30,2616.969812840994,-8268.758553360125,-1867.2609516733462,-2321.8432732834553,-134.73068326154336,0.0
2005-12-01,4804.423464345403,-5722.500791288615,-770.7290949329946,1831.5065894491252,-134.6778940846879,0.0
2005-12-02,-765.1868098177911,12938.243141797564,9789.127200124432,-1878.413104269218,-134.5374770004456,0.0
2005-12-05,7806.094392566485,908.4626668601186,399.3112067385053,945.7024212734175,-134.5493181808296,0.0
2005-12-06,-10878.904805692202,4373.372294028088,-18677.977994557754,-4364.259834719816,-134.32178192077274,0.0
2005-12-07,1504.0918301605088,-694.6585439455965,18442.431826122476,10825.544085501195,-134.6778940846879,0.0
2005-12-08,-9523.075650666062,3604.612612442905,-316.7817125084354,6427.842395254235,-134.55524049931884,0.0
2005-12-09,13392.179863463683,23505.075288108852,-17457.82002480096,-9277.150302434891,-134.78943345110335,0.0
2005-12-12,1514.2252018952,-30191.35183060311,20014.712423754827,8757.068092159137,-134.46769027424432,0.0
2005-12-13,-3005.2372627572518,5972.636691874125,-984.9669080031574,-1794.086096605655,-134.3743338904203,0.0
2005-12-14,-12169.86440311571,2268.935054764394,-12035.44885921761,-7681.08044622575,-134.46769027424432,0.0
2005-12-15,1541.6938686570943,-5154.9882705771115,20329.246006008834,3418.919853196908,-134.87145728615653,0.0
2005-12-16,-1517.9641388322418,5312.129393357795,-20226.869188045188,-3413.4038677294857,-134.78943345110335,0.0
2005-12-19,504.11282287235724,-14477.123722430888,4728.885585485477,-605.2773837351488,-134.87145728615653,0.0
2005-12-20,4383.880370524696,-20717.48110388821,-3859.0913503198394,395.29312229985345,-134.86552920176032,0.0
2005-12-21,3091.3765298640365,6712.3612812208485,1218.2155656698105,-884.5326809112833,-134.75980456388845,0.0
2005-12-22,-7753.3794816895315,-21389.12589330931,9109.148962032803,194.56466967905243,-134.67197176619865,0.0
2005-12-23,-9704.690866964935,-25934.752413192324,1276.1766541492616,4411.4297575419905,-134.8947309784661,0.0
2005-12-26,7.565835624980012,79.34341034451285,47.60327559493679,0.6469145285305881,-135.1594360929602,0.0
2005-12-27,-5297.719098768101,-17237.034924280717,7349.4018055999995,-4845.07645049488,-135.1594360929602,0.0
2005-12-28,4966.877971870033,11294.018945820295,-2506.9828639967236,6619.1186938136,-135.33648263199987,0.0
2005-12-29,-360.16495540734604,-23049.697991648016,6529.247172502253,-3002.0330480046255,-135.1594360929602,0.0
2005-12-30,3977.7743006563574,-6168.876581083648,-8552.432932462556,1006.2075391517766,-135.19476185101738,0.0
2006-01-02,7.562419464332986,79.30513944082098,47.58034044341977,0.6466060361131468,-135.09450538468684,0.0
2006-01-03,-5867.1270537610535,56455.53704769717,-528.7106503694996,-125.96791888186921,-135.09450538468684,0.0
2006-01-04,-1489.4923199800573,39340.650746856045,-12150.204329249125,-5640.374591453483,-135.21848111419004,0.0
2006-01-05,-676.7511588003667,-32845.42559139637,18998.533064184718,4667.393960498217,-135.2775651039185,0.0
2006-01-06,4880.6811290595915,-14639.07280994339,-8620.031127136797,-1361.2866344467664,-135.27163009068266,0.0
2006-01-09,7.561256351297769,79.3503587504677,47.60685870732906,0.6468915223297974,-135.16536533142428,0.0
2006-01-10,9974.97166246874,27029.59037124896,-33059.05493287163,-3570.0833313335006,-135.16536533142428,0.0
2006-01-11,3710.612811608214,-24037.986367850484,13459.438159004934,7093.228792217621,-134.92988924819224,0.0
2006-01-12,-7753.915005558966,19.59822608810999,17075.476454354593,691.8529711668124,-134.7889588155553,0.0
2006-01-13,-11045.551138878189,-11048.221095733461,6220.645554479984,5831.289928862493,-134.98285097567694,0.0
2006-01-16,7.595588965804491,79.38526302468387,47.63126426640592,0.647647273658577,-135.25976353055282,0.0
2006-01-17,-664.7575494002749,21981.03807615507,-20060.308804964203,-11219.102606762783,-135.25976353055282,0.0
2006-01-18,915.514619162616,4178.426431814427,122.2759889162105,-5080.868693011326,-135.34834688192518,0.0
2006-01-19,4275.608940848867,-34198.440416625395,16310.71600205424,14002.107387592401,-135.34834688192518,0.0
2006-01-20,719.3080696610959,15958.789075120241,-17155.63619347905,-9420.83561876566,-135.1594360929602,0.0
2006-01-23,-1779.3210209090544,12537.603681138322,2041.1801446943016,-2734.051770973444,-135.20068993541358,0.0
2006-01-24,3345.039200099272,-13158.359023999794,16501.28359386479,13646.488835344655,-135.2538319830671,0.0
2006-01-25,15918.072616796313,970.0748323031835,-16655.050171003644,258.93948398154487,-135.07701403542828,0.0
2006-01-26,6054.465062257377,8915.542898653965,-7296.878497624492,2464.935520112127,-134.65421172332915,0.0
2006-01-27,2333.5083364825623,7140.661294196718,-26756.549448248345,-12484.607324129354,-134.4729804049909,0.0
2006-01-30,655.9116193225722,-21743.868375251077,20071.754574257262,11116.576813413465,-134.50198109081947,0.0
2006-01-31,1566.9061611598902,-5039.727568061884,-17284.939692177406,-8997.303700727023,-134.4144412258017,0.0
2006-02-01,5740.350955556665,-30304.02701101474,6706.271863497483,8020.494246730067,-134.44342061135876,0.0
2006-02-02,-373.0954478201973,-6003.668086275426,4772.699924872342,1738.3144683141345,-134.2508590908572,0.0
2006-02-03,-3372.016060999748,-29562.422420747742,5329.0526236723745,-2089.0310857729964,-134.2508590908572,0.0
2006-02-06,967.5118565734623,-37002.568267214694,7382.912580485015,8870.384522086213,-134.37308969038608,0.0
2006-02-07,2180.668275502366,27616.490441236165,1412.4794126904808,-1216.430039195933,-134.3146131454876,0.0
2006-02-08,3293.408015095586,-9378.509576198554,-17251.580202027002,-16338.006890912107,-134.23905469915698,0.0
2006-02-09,-6265.347103642625,-114920.67411204394,60038.17614963688,21483.367019202757,-134.26207210947854,0.0
2006-02-10,6994.4448829808,9327.359887410536,460.3030233408187,3289.827566314513,-134.33179438684195,0.0
2006-02-13,-937.6542517394669,12131.943769316835,-7547.80506500045,-3500.0572377282515,-134.11053649216558,0.0
2006-02-14,5207.971724654234,21710.996694934576,2441.3113698061925,579.5486022545433,-134.15708815346497,0.0
2006-02-15,-918.6856312843838,-25315.823184639004,-7951.059188570878,4508.857363313642,-133.98872713821845,0.0
2006-02-16,-2529.5350416242245,3952.951868440645,3809.575533762852,-5060.224292269058,-134.01752075974596,0.0
2006-02-17,-7651.847247408178,-21312.478287201553,9075.007010777454,193.54557816370186,-134.11053649216558,0.0
2006-02-20,7.352455241152834,78.97550844190235,47.3626253717734,0.6412053320133861,-134.33179438684195,0.0
2006-02-21,6072.658670840943,-20543.751107253513,-5691.863678184124,421.97340149224397,-134.33179438684195,0.0
2006-02-22,-5889.1864409968975,-16808.406889125952,16883.573979022458,-3993.359838229299,-134.18010151389288,0.0
2006-02-23,7076.220537149891,-12055.666839539172,4043.3832398999475,-8831.692221331981,-134.36080589669191,0.0
2006-02-24,2583.307571680337,-3797.3722338831208,-3718.0609390140594,5077.336347069265,-134.2149278886893,0.0
2006-02-27,2588.419190706377,16730.80833782454,-1587.5068291011446,-7659.447570791878,-134.1217505911483,0.0
2006-02-28,-7707.191315572457,8094.795053448027,7486.487886372532,2224.9878130312422,-134.08109138424055,0.0
2006-03-01,5542.502503003102,23387.17839553834,-11938.076471772338,3060.7015137379553,-134.27334191052321,0.0
2006-03-02,7390.15847529098,32281.88576543167,5524.816625104154,-5339.010910986767,-134.0987550170664,0.0
2006-03-03,6266.580373752935,2473.4995418825138,-12113.50539657482,3377.9558657237944,-133.88999039726707,0.0
2006-03-06,7666.355593003765,34661.37500335429,8444.35410922189,-1230.0032354425898,-133.70464840787844,0.0
2006-03-07,7.354480301302433,79.36056186930205,47.58976773802876,0.6438176024848234,-134.94862751111802,-25.623310941543153
2006-03-08,-2892.090925708743,31880.65882397897,16694.349623191127,-5547.968893950193,-134.94862751111802,0.0
2006-03-09,471.9244512442321,2530.85869118554,3003.4429179556655,4133.5440641545165,-135.01904517328575,0.0
2006-03-10,3453.33173757551,277.52199971116846,-3665.7743421106416,57.8280287843158,-134.97824461439214,0.0
2006-03-13,2101.2783408138002,18847.693000578296,-6418.963141769063,-4404.615666811335,-134.88487748358574,0.0
2006-03-14,-12958.310355848776,20436.00492470129,1662.10969923465,11109.405928236893,-134.8441611581113,0.0
2006-03-15,4143.174430541558,8077.64585040022,-22899.02327063086,802.008496667077,-135.13630920095983,0.0
2006-03-16,-12736.837958988368,13198.44673183298,-9062.99916545458,-1233.9651161114275,-135.0368292464951,0.0
2006-03-17,4391.50287639814,-3729.1504601988013,-5610.274988411728,5157.590378642016,-135.4057846368343,0.0
2006-03-20,-2204.083028110608,-15055.636475870637,-1189.6029516720039,-1472.523870476072,-135.26498259250428,0.0
2006-03-21,10180.218629895424,-22507.716389528196,-4619.343330882043,-2828.773407842091,-135.3469501579197,0.0
2006-03-22,426.9517237069433,-23410.452493701294,-3108.205687827965,-3799.5266977793317,-135.10073068639628,0.0
2006-03-23,5348.1574630472805,-7755.3376336890815,4054.068733152293,-1465.5484919524217,-135.12976539430315,0.0
2006-03-24,-10106.778205827222,1163.7235878366362,-3272.3844641333385,2321.9220339919775,-134.98942807001163,0.0
2006-03-27,4095.0711221832603,19745.144095570715,9148.6353405155,-2753.6068466121105,-135.26443994312407,0.0
2006-03-28,15412.14122260703,-13278.855902396199,-2340.2048297327515,458.95823365478043,-135.14161568695368,0.0
2006-03-29,2833.133799880934,22953.03641513685,-17899.573047659127,2205.5355825567403,-134.72137278146337,0.0
2006-03-30,6871.753748762165,21901.539167032457,598.1854696724224,609.3845264535935,-134.63422076978355,0.0
2006-03-31,-847.756977869509,21053.813947058985,245.7048442338588,-334.2214957647957,-134.41979041275033,0.0
2006-04-03,3834.437151915093,-26800.20982820847,882.6639685598085,2128.141568968837,-134.43161771799805,0.0
2006-04-04,-2235.889631158125,22619.85217512448,-12313.834893747271,2108.6742493984725,-134.3271214119839,0.0
2006-04-05,-4259.252741705083,11976.599888382741,-3869.5153807654297,-3554.3699189048657,-134.37935336874395,0.0
2006-04-06,8488.794829564471,21993.75668664928,-1254.2138266218908,636.665554568885,-134.51849067841968,0.0
2006-04-07,10282.546643095731,23743.416983248393,-17508.89751125919,3130.3722979212444,-134.2582089577143,0.0
2006-04-10,6.918837630057039,79.04055948507306,47.352511107802606,0.6350518718809353,-133.94696009481362,0.0
2006-04-11,-4938.685691764396,-21586.016817576838,-2348.2073933476345,-574.0958151987262,-133.94696009481362,0.0
2006-04-12,7490.516843157302,13422.939193286544,534.7786913884032,-1722.608349434366,-134.11367330764753,0.0
2006-04-13,9816.83845120853,9529.383343761187,-3232.215646236382,3312.8762094868016,-133.89501637166077,0.0
2006-04-14,7.354480301302433,79.36056186930205,47.58976773802875,0.6438176024848236,-134.948627511118,-15.445934287779965
2006-04-17,-6909.786222324235,12241.594724206128,7608.2106400943185,-2805.0705144653134,-134.948627511118,0.0
2006-04-18,-7025.24883794115,46332.020667130135,4149.223843960708,6683.5377456156475,-135.14049231669682,0.0
2006-04-19,7451.988064577717,28093.44757902818,-4157.0750097553555,-1140.214322637092,-135.26325838080157,0.0
2006-04-20,0.0,-0.0,-0.0,-0.0,0.0,-3299.8853530422634
2006-04-21,-0.0,-0.0,0.0,-0.0,0.0,0.0
2006-04-24,-0.0,-0.0,0.0,0.0,0.0,0.0
2006-04-25,0.0,0.0,-0.0,-0.0,0.0,0.0
2006-04-26,0.0,-0.0,0.0,0.0,0.0,0.0
2006-04-27,-0.0,0.0,-0.0,0.0,0.0,0.0
2006-04-28,-0.0,0.0,0.0,-0.0,0.0,0.0
2006-05-01,0.0,-0.0,-0.0,0.0,0.0,0.0
2006-05-02,-0.0,-0.0,0.0,-0.0,0.0,0.0
2006-05-03,0.0,0.0,-0.0,-0.0,0.0,0.0
2006-05-04,0.0,-0.0,0.0,0.0,0.0,0.0
2006-05-05,-0.0,-0.0,-0.0,-0.0,0.0,0.0
2006-05-08,0.0,-0.0,-0.0,-0.0,0.0,0.0
2006-05-09,0.0,0.0,-0.0,0.0,0.0,0.0
2006-05-10,0.0,-0.0,-0.0,-0.0,0.0,0.0
2006-05-11,0.0,0.0,-0.0,-0.0,0.0,0.0
2006-05-12,0.0,0.0,-0.0,-0.0,0.0,0.0
2006-05-15,-0.0,-0.0,-0.0,0.0,0.0,0.0
2006-05-16,-0.0,-0.0,-0.0,-0.0,0.0,0.0
2006-05-17,0.0,0.0,0.0,0.0,0.0,0.0
2006-05-18,-0.0,-0.0,0.0,0.0,0.0,0.0
2006-05-19,-0.0,-0.0,0.0,-0.0,0.0,0.0
2006-05-22,-0.0,0.0,0.0,0.0,0.0,0.0
2006-05-23,0.0,-0.0,-0.0,-0.0,0.0,0.0
2006-05-24,-0.0,0.0,-0.0,0.0,0.0,0.0
2006-05-25,0.0,0.0,-0.0,0.0,0.0,0.0
2006-05-26,-0.0,0.0,0.0,0.0,0.0,0.0
2006-05-29,0.0,0.0,0.0,0.0,0.0,0.0
2006-05-30,0.0,-0.0,-0.0,-0.0,0.0,0.0
2006-05-31,0.0,-0.0,-0.0,-0.0,0.0,0.0
2006-06-01,-0.0,-0.0,-0.0,0.0,0.0,0.0
2006-06-02,-0.0,0.0,0.0,0.0,0.0,0.0
2006-06-05,0.0,-0.0,-0.0,-0.0,0.0,0.0
2006-06-06,-0.0,-0.0,0.0,-0.0,0.0,0.0
2006-06-07,0.0,-0.0,-0.0,-0.0,0.0,0.0
2006-06-08,-0.0,-0.0,0.0,0.0,0.0,0.0
2006-06-09,-0.0,-0.0,0.0,-0.0,0.0,0.0
2006-06-12,0.0,-0.0,-0.0,0.0,0.0,0.0
2006-06-13,-0.0,-0.0,-0.0,0.0,0.0,0.0
2006-06-14,0.0,-0.0,-0.0,-0.0,0.0,0.0
2006-06-15,0.0,0.0,0.0,0.0,0.0,0.0
2006-06-16,0.0,0.0,-0.0,0.0,0.0,0.0
2006-06-19,0.0,-0.0,-0.0,-0.0,0.0,0.0
2006-06-20,0.0,0.0,0.0,-0.0,0.0,0.0
2006-06-21,0.0,-0.0,0.0,0.0,0.0,0.0
2006-06-22,0.0,0.0,-0.0,-0.0,0.0,0.0
2006-06-23,0.0,-0.0,-0.0,0.0,0.0,0.0
2006-06-26,0.0,0.0,0.0,0.0,0.0,0.0
2006-06-27,-0.0,-0.0,0.0,-0.0,0.0,0.0
2006-06-28,0.0,-0.0,-0.0,0.0,0.0,0.0
2006-06-29,-0.0,0.0,0.0,0.0,0.0,0.0
2006-06-30,-0.0,-0.0,0.0,0.0,0.0,0.0
2006-07-03,0.0,-0.0,-0.0,-0.0,0.0,0.0
2006-07-04,0.0,0.0,0.0,0.0,0.0,0.0
2006-07-05,0.0,0.0,-0.0,0.0,0.0,0.0
2006-07-06,-0.0,-0.0,-0.0,0.0,0.0,0.0
2006-07-07,-0.0,-0.0,0.0,-0.0,0.0,0.0
2006-07-10,-0.0,-0.0,0.0,-0.0,0.0,0.0
2006-07-11,-0.0,-0.0,-0.0,0.0,0.0,0.0
2006-07-12,0.0,-0.0,0.0,-0.0,0.0,0.0
2006-07-13,-0.0,0.0,0.0,0.0,0.0,0.0
2006-07-14,-0.0,0.0,0.0,0.0,0.0,0.0
2006-07-17,0.0,-0.0,-0.0,-0.0,0.0,0.0
2006-07-18,0.0,-0.0,-0.0,0.0,0.0,0.0
2006-07-19,-0.0,0.0,0.0,0.0,0.0,0.0
2006-07-20,-0.0,0.0,0.0,-0.0,0.0,0.0
2006-07-21,0.0,0.0,-0.0,0.0,0.0,0.0
2006-07-24,0.0,-0.0,-0.0,0.0,0.0,0.0
2006-07-25,0.0,0.0,0.0,-0.0,0.0,0.0
2006-07-26,-0.0,0.0,0.0,-0.0,0.0,0.0
2006-07-27,0.0,0.0,-0.0,0.0,0.0,0.0
2006-07-28,-0.0,0.0,0.0,-0.0,0.0,0.0
2006-07-31,-0.0,0.0,-0.0,-0.0,0.0,0.0
2006-08-01,-0.0,0.0,-0.0,0.0,0.0,0.0
2006-08-02,-0.0,-0.0,-0.0,-0.0,0.0,0.0
2006-08-03,0.0,-0.0,0.0,-0.0,0.0,0.0
2006-08-04,-0.0,0.0,0.0,-0.0,0.0,0.0
2006-08-07,0.0,-0.0,-0.0,0.0,0.0,0.0
2006-08-08,-0.0,0.0,0.0,-0.0,0.0,0.0
2006-08-09,0.0,0.0,-0.0,-0.0,0.0,0.0
2006-08-10,0.0,-0.0,-0.0,0.0,0.0,0.0
2006-08-11,0.0,-0.0,0.0,-0.0,0.0,0.0
2006-08-14,0.0,-0.0,-0.0,-0.0,0.0,0.0
2006-08-15,-0.0,-0.0,0.0,-0.0,0.0,0.0
2006-08-16,-0.0,0.0,0.0,0.0,0.0,0.0
2006-08-17,0.0,-0.0,-0.0,-0.0,0.0,0.0
2006-08-18,-0.0,-0.0,-0.0,0.0,0.0,0.0
2006-08-21,-0.0,0.0,0.0,-0.0,0.0,0.0
2006-08-22,0.0,-0.0,-0.0,0.0,0.0,0.0
2006-08-23,0.0,0.0,0.0,0.0,0.0,0.0
2006-08-24,0.0,-0.0,0.0,-0.0,0.0,0.0
2006-08-25,-0.0,0.0,-0.0,-0.0,0.0,0.0
2006-08-28,0.0,-0.0,-0.0,0.0,0.0,0.0
2006-08-29,-0.0,-0.0,0.0,-0.0,0.0,0.0
2006-08-30,-0.0,0.0,-0.0,0.0,0.0,0.0
2006-08-31,-0.0,0.0,0.0,-0.0,0.0,0.0
2006-09-01,-0.0,0.0,0.0,0.0,0.0,0.0
2006-09-04,0.0,0.0,0.0,0.0,0.0,0.0
2006-09-05,0.0,0.0,-0.0,-0.0,0.0,0.0
2006-09-06,0.0,0.0,-0.0,0.0,0.0,0.0
2006-09-07,-0.0,-0.0,-0.0,0.0,0.0,0.0
2006-09-08,-0.0,0.0,-0.0,0.0,0.0,0.0
2006-09-11,0.0,-0.0,-0.0,-0.0,0.0,0.0
2006-09-12,-0.0,-0.0,0.0,0.0,0.0,0.0
2006-09-13,-0.0,0.0,0.0,-0.0,0.0,0.0
2006-09-14,0.0,-0.0,0.0,-0.0,0.0,0.0
2006-09-15,0.0,-0.0,-0.0,0.0,0.0,0.0
2006-09-18,0.0,0.0,-0.0,0.0,0.0,0.0
2006-09-19,-0.0,0.0,0.0,0.0,0.0,0.0
2006-09-20,0.0,-0.0,-0.0,-0.0,0.0,0.0
2006-09-21,-0.0,0.0,0.0,0.0,0.0,0.0
2006-09-22,-0.0,-0.0,-0.0,-0.0,0.0,0.0
2006-09-25,-0.0,-0.0,0.0,-0.0,0.0,0.0
2006-09-26,0.0,-0.0,-0.0,0.0,0.0,0.0
2006-09-27,0.0,0.0,0.0,-0.0,0.0,0.0
2006-09-28,0.0,0.0,-0.0,0.0,0.0,0.0
2006-09-29,0.0,-0.0,-0.0,-0.0,0.0,0.0
2006-10-02,-0.0,0.0,0.0,-0.0,0.0,0.0
2006-10-03,0.0,-0.0,-0.0,0.0,0.0,0.0
2006-10-04,-0.0,0.0,0.0,-0.0,0.0,0.0
2006-10-05,0.0,-0.0,-0.0,-0.0,0.0,0.0
2006-10-06,0.0,-0.0,-0.0,0.0,0.0,0.0
2006-10-09,0.0,0.0,0.0,0.0,0.0,0.0
2006-10-10,0.0,-0.0,-0.0,-0.0,0.0,0.0
2006-10-11,0.0,-0.0,-0.0,-0.0,0.0,0.0
2006-10-12,-0.0,0.0,-0.0,0.0,0.0,0.0
2006-10-13,0.0,0.0,-0.0,-0.0,0.0,0.0
2006-10-16,-0.0,-0.0,0.0,-0.0,0.0,0.0
2006-10-17,-0.0,0.0,-0.0,0.0,0.0,0.0
2006-10-18,0.0,-0.0,0.0,-0.0,0.0,0.0
2006-10-19,0.0,0.0,0.0,0.0,0.0,0.0
2006-10-20,0.0,-0.0,-0.0,-0.0,0.0,0.0
2006-10-23,0.0,0.0,-0.0,-0.0,0.0,0.0
2006-10-24,0.0,-0.0,-0.0,-0.0,0.0,0.0
2006-10-25,-0.0,-0.0,-0.0,0.0,0.0,0.0
2006-10-26,-0.0,0.0,0.0,0.0,0.0,0.0
2006-10-27,-0.0,0.0,0.0,-0.0,0.0,0.0
2006-10-30,0.0,-0.0,-0.0,0.0,0.0,0.0
2006-10-31,-0.0,0.0,0.0,-0.0,0.0,0.0
2006-11-01,-0.0,0.0,0.0,0.0,0.0,0.0
2006-11-02,0.0,0.0,-0.0,-0.0,0.0,0.0
2006-11-03,0.0,-0.0,-0.0,-0.0,0.0,0.0
2006-11-06,-0.0,-0.0,0.0,0.0,0.0,0.0
2006-11-07,-0.0,0.0,-0.0,-0.0,0.0,0.0
2006-11-08,-0.0,-0.0,0.0,0.0,0.0,0.0
2006-11-09,-0.0,-0.0,-0.0,-0.0,0.0,0.0
2006-11-10,-5174.134430238609,-12776.01401366594,5478.919794352475,2606.177277062508,-134.94862751111802,-3280.1942521909514
2006-11-13,4375.124174825297,-8189.274447755399,-3729.08764358474,-2300.3207377138465,-135.08327383212375,0.0
2006-11-14,-6045.701175554097,-21337.987928125793,7273.548838741352,223.65757605873728,-134.9836121499654,0.0
2006-11-15,7912.360282632822,-20560.183473123052,-7582.531945498722,453.6713466829237,-135.15935955269347,0.0
2006-11-16,8701.462166364774,574.2851761661944,-9230.563138124004,143.74442017590303,-134.95994027927398,0.0
2006-11-17,-11107.899796239328,29361.88595301304,19192.99527745356,2674.3512191234436,-134.72613083281436,0.0
2006-11-20,-845.8037495546885,-8482.051119991529,1841.652183710745,-2383.576999068514,-134.9836121499654,0.0
2006-11-21,-3080.100970921113,-6567.1631963301725,-1125.4497339082916,887.4721251065715,-135.02454587170865,0.0
2006-11-22,-1741.2191816030977,-19.669822486393933,1904.951025250851,-28.022533159237685,-135.112418974769,0.0
2006-11-23,7.457834643690653,79.41962079282239,47.63611991743909,0.6457841987413969,-135.15935955269347,0.0
2006-11-24,-3103.2594406600424,-6570.900525017339,-1126.2261119015413,889.0534300580676,-135.15935955269347,0.0
2006-11-27,-2150.923953054357,6434.713318891884,6797.857482002861,-974.9840471828733,-135.24740489614496,0.0
2006-11-28,-6183.258521006388,8255.877637238487,5687.573141427288,2279.8265471996783,-135.30035829290347,0.0
2006-11-29,2579.098546967942,-158.31357208315399,-11470.724040984776,-781.3575744546939,-135.44755308957315,0.0
2006-11-30,-10632.624612853193,12065.723025812764,11345.691003167914,-2879.3727932688594,-135.39450519532735,0.0
2006-12-01,-9334.240911723888,57254.0235649497,20672.311740397974,1470.8282606153089,-135.683592969925,0.0
2006-12-04,409.243423842517,6218.341213913955,-4724.7465761428575,-1766.9708806611109,-135.86718095250083,0.0
2006-12-05,1778.8963772370264,17279.249668096665,-3558.4367590622064,4818.293175835776,-135.86718095250083,0.0
2006-12-06,8003.585691779445,-29567.649192237157,-15488.063289382764,-2762.5225487677917,-135.78437476944464,0.0
2006-12-07,589.8116506553661,6984.667636019742,12756.463203366102,-109.00048777873886,-135.618772782724,0.0
2006-12-08,13747.151472191967,-26780.62455131929,-18093.16658244946,1492.0105534788147,-135.58343876823088,0.0
2006-12-11,-4928.643713400738,-15584.230480996901,-7119.442853953336,-2338.511194701141,-135.23596258710558,0.0
2006-12-12,-7502.194325557299,23200.349652376786,10650.047654173895,3701.824881739015,-135.40636414161284,0.0
2006-12-13,16022.51404085226,973.3926031243896,-16712.93643786632,259.96899195686103,-135.56562093985113,0.0
2006-12-14,5261.888938571505,-4092.261765099414,-3655.9913199714424,-7358.456846272688,-135.14204043593975,0.0
2006-12-15,-483.9388965997846,2094.9623966694244,-4777.426674644152,3301.44548641985,-135.04231184533666,0.0
2006-12-18,-774.4950783869365,12979.703847949286,9822.004075566258,-1887.3429014722556,-135.04231184533666,0.0
2006-12-19,394.1864833971999,6194.1307653324975,-4703.569740689095,-1749.6933464605283,-135.0541615800721,0.0
2006-12-20,7.379306775573282,79.40915563015038,47.62117850518018,0.6445206691682926,-135.0541615800721,0.0
2006-12-21,-7890.05697092141,11813.448921941605,-168.67065870903429,-3643.173696213985,-135.0541615800721,0.0
2006-12-22,11577.472634074575,10023.339250477045,4536.061755412446,4211.365346054535,-135.28889911798538,0.0
2006-12-25,7.314639320446171,79.37792737431359,47.59554985031355,0.6433285717816841,-134.93144511685495,0.0
2006-12-26,-2553.638036665587,-21143.64022240722,3561.2367615755247,280.4929648348417,-134.93144511685495,0.0
2006-12-27,9531.662226496857,-7891.354203793313,-9298.962891346286,-2211.4868362033462,-135.01322785832886,0.0
2006-12-28,7336.0149956246105,-14087.711006051888,-2688.1147526342634,-489.4328205967323,-134.7734470112339,0.0
2006-12-29,942.7955571592657,513.8822078080403,7809.042636841552,830.8722645262493,-134.5809758325426,0.0
2007-01-01,7.193136543719752,79.21865787598617,47.48811472332324,0.6404143410995026,-134.54032348412863,0.0
2007-01-02,-3828.187792920977,-2564.147387728416,803.6686606163679,-4165.508719642523,-134.54032348412863,0.0
2007-01-03,-3708.7041255554145,15207.443190470547,16459.269757815073,2181.054483886444,-134.67419369509295,0.0
2007-01-04,-8513.616118989936,-415.4312935943153,9318.498720342015,-141.90923666299898,-134.73860208298655,0.0
2007-01-05,6059.216579100246,-20651.137504601775,-5720.88161694942,423.63201652055665,-134.97232237834368,0.0
2007-01-08,1725.1766350065686,-12373.986622802346,-1943.8598791816285,2715.632952916632,-134.82015944805653,0.0
2007-01-09,-91.65868135069276,-4349.866351530832,-9650.59700515747,4230.508532943139,-134.76752846916185,0.0
2007-01-10,4759.063499374065,6817.7956339596585,-635.0364274972105,-854.4725219145718,-134.76161107618174,0.0
2007-01-11,8504.517999514368,573.6336539204714,-9216.64313702307,143.04205899145634,-134.6275701615832,0.0
2007-01-12,5042.613131971733,12902.039183021197,-5367.746598513211,-2586.7044367824774,-134.39489009368282,0.0
2007-01-15,7.092297727125246,79.11518266818281,47.415868621010446,0.6381881945925817,-134.26153721091106,0.0
2007-01-16,-2954.665232858078,5973.772285211847,-984.8692734414187,-1789.1968870112469,-134.26153721091106,0.0
2007-01-17,6709.236938773527,-12050.76023024756,-7489.375251630539,2785.049822674112,-134.35434964743558,0.0
2007-01-18,-5045.336527093419,-9082.163304552865,-2213.9103752223236,-3241.0784943830445,-134.16293722079112,0.0
2007-01-19,5044.260217499176,-12146.329330752924,-5637.953120761995,2756.9663588171998,-134.33662845410979,0.0
2007-01-22,-3227.2303936796116,-8214.191120883788,13274.142503598241,-1590.3584663177373,-134.1915623147212,0.0
2007-01-23,7527.46173124588,21525.180394816056,-9000.166503588918,-192.07266247160567,-134.2843075268374,0.0
2007-01-24,3.5547003573485414,12585.43919089472,183.35189849531776,-2661.1658981559494,-134.06445884343483,0.0
2007-01-25,8244.184640647693,5018.818168615009,-11048.17187592975,7488.362191501686,-134.07035903519704,0.0
2007-01-26,2457.988870970921,4252.204256659784,-1723.1731240442252,-4943.550655822007,-133.79921241792076,0.0
2007-01-29,2160.887136257827,7022.448808540959,10783.346876776448,-78.33014266489953,-133.75313864821052,0.0
2007-01-30,-3163.814941169084,1559.6515942817778,-10695.770589256881,2434.882563654629,-134.94862751111802,-16.109849500608107
2007-01-31,-7796.7079738668435,-8880.851180358362,9269.435291033504,-2499.386157092413,-135.03588902775118,0.0
2007-02-01,2267.0574662776535,-14414.069808758877,2882.2132625645168,-578.7765370010874,-135.2634118582572,0.0
2007-02-02,-2248.3677075333803,14568.557496678333,-2785.9623176061345,579.7547909238126,-135.21075157426213,0.0
2007-02-05,-3509.178971655318,-118.83991589664979,3765.693050640709,-56.7840039441476,-135.2634118582572,0.0
2007-02-06,-6262.338295985355,-13235.012056911943,-2302.7587903920203,1781.4175610031527,-135.3569902243165,0.0
2007-02-07,-4044.7840562806646,10014.430302723178,944.8691472486953,-6931.854246731824,-135.5326538378272,0.0
2007-02-08,-2987.1301934334056,-31008.14533207401,16071.49181641822,7983.307734507834,-135.6735868963922,0.0
2007-02-09,9901.648638757877,9165.442164620303,-11069.82089933006,2551.70872901675,-135.7146981497526,0.0
2007-02-12,2686.6367807253623,-8300.62615762028,-1875.1935365593652,-2339.99067732343,-135.43884547465285,0.0
2007-02-13,2653.4371135162046,8754.66731205925,-3610.0738724554244,2426.3201706286814,-135.38606803678897,0.0
2007-02-14,-14213.929222175382,7423.205710288433,5334.112303468751,1326.710309771277,-135.29835297347668,0.0
2007-02-15,-6376.856433347073,11942.688499336782,-2032.1881105695147,-3644.683025859725,-135.6735868963922,0.0
2007-02-16,-1288.1399712686127,-14651.373511187936,6621.113975977083,-641.0569894305851,-135.86191025708396,0.0
2007-02-19,7.734401847425254,79.6903598309699,47.82657109995546,0.6518022250666742,-135.90313500341725,0.0
2007-02-20,-2219.173070592598,6454.386574588264,6822.066784070574,-982.8906561426006,-135.90313500341725,0.0
2007-02-21,1828.3640420315808,179.1767548705397,-1818.0014671515505,29.619843724917278,-135.95624919826304,0.0
2007-02-22,7683.072710159394,-5997.234117367479,-12323.021738876247,1071.0122441096964,-135.90906493620534,0.0
2007-02-23,-8598.322626490335,5713.905529726042,4597.595701297046,-1909.7910211933531,-135.7146981497526,0.0
2007-02-26,-9507.03623096237,-6555.277393737513,14149.259110407576,1626.9469924308642,-135.95031811423007,0.0
2007-02-27,-25103.4403721108,49294.79061552334,24635.164485032106,1308.4338990662998,-134.948627511118,-15.17020846808009
2007-02-28,10658.239132227156,675.6955295333147,-11129.378111736254,173.50394595451385,-135.58925008892027,0.0
2007-03-01,-1771.9562787496714,17036.902217573814,172.20666257815753,4727.143703891148,-135.30662769941594,0.0
2007-03-02,-7779.091677259254,25190.19404080177,17417.81500993557,-4708.821660884114,-135.31849873100995,0.0
2007-03-05,-2547.451204271435,12917.332737143484,11714.586295870437,-1925.3450046746286,-135.52463353254004,0.0
2007-03-06,0.0,-0.0,-0.0,-0.0,0.0,-3281.133893223476
2007-03-07,-0.0,0.0,0.0,-0.0,0.0,0.0
2007-03-08,0.0,-0.0,-0.0,0.0,0.0,0.0
2007-03-09,0.0,-0.0,-0.0,-0.0,0.0,0.0
2007-03-12,-0.0,0.0,0.0,0.0,0.0,0.0
2007-03-13,-0.0,0.0,0.0,0.0,0.0,0.0
2007-03-14,0.0,0.0,-0.0,-0.0,0.0,0.0
2007-03-15,0.0,-0.0,-0.0,0.0,0.0,0.0
2007-03-16,0.0,0.0,-0.0,0.0,0.0,0.0
2007-03-19,0.0,-0.0,-0.0,0.0,0.0,0.0
2007-03-20,-0.0,0.0,-0.0,0.0,0.0,0.0
2007-03-21,-0.0,0.0,0.0,-0.0,0.0,0.0
2007-03-22,0.0,0.0,-0.0,0.0,0.0,0.0
2007-03-23,0.0,-0.0,0.0,-0.0,0.0,0.0
2007-03-26,-0.0,0.0,-0.0,0.0,0.0,0.0
2007-03-27,0.0,0.0,-0.0,0.0,0.0,0.0
2007-03-28,-0.0,0.0,0.0,-0.0,0.0,0.0
2007-03-29,0.0,-0.0,-0.0,0.0,0.0,0.0
2007-03-30,0.0,0.0,0.0,-0.0,0.0,0.0
2007-04-02,0.0,-0.0,-0.0,0.0,0.0,0.0
2007-04-03,0.0,-0.0,-0.0,0.0,0.0,0.0
2007-04-04,-0.0,0.0,0.0,-0.0,0.0,0.0
2007-04-05,0.0,0.0,-0.0,0.0,0.0,0.0
2007-04-06,0.0,-0.0,-0.0,0.0,0.0,0.0
2007-04-09,-0.0,0.0,0.0,-0.0,0.0,0.0
2007-04-10,-0.0,0.0,-0.0,0.0,0.0,0.0
2007-04-11,0.0,-0.0,0.0,-0.0,0.0,0.0
2007-04-12,-0.0,-0.0,0.0,0.0,0.0,0.0
2007-04-13,0.0,-0.0,-0.0,0.0,0.0,0.0
2007-04-16,-0.0,-0.0,0.0,0.0,0.0,0.0
2007-04-17,-0.0,0.0,0.0,0.0,0.0,0.0
2007-04-18,-0.0,0.0,0.0,0.0,0.0,0.0
2007-04-19,0.0,0.0,-0.0,-0.0,0.0,0.0
2007-04-20,0.0,0.0,-0.0,-0.0,0.0,0.0
2007-04-23,-0.0,-0.0,0.0,-0.0,0.0,0.0
2007-04-24,-0.0,0.0,0.0,0.0,0.0,0.0
2007-04-25,0.0,-0.0,-0.0,-0.0,0.0,0.0
2007-04-26,0.0,-0.0,-0.0,-0.0,0.0,0.0
2007-04-27,0.0,0.0,-0.0,0.0,0.0,0.0
2007-04-30,-0.0,-0.0,0.0,0.0,0.0,0.0
2007-05-01,0.0,-0.0,0.0,-0.0,0.0,0.0
2007-05-02,0.0,-0.0,-0.0,0.0,0.0,0.0
2007-05-03,0.0,-0.0,-0.0,0.0,0.0,0.0
2007-05-04,-0.0,-0.0,0.0,0.0,0.0,0.0
2007-05-07,-0.0,-0.0,0.0,-0.0,0.0,0.0
2007-05-08,-0.0,0.0,-0.0,-0.0,0.0,0.0
2007-05-09,0.0,-0.0,-0.0,0.0,0.0,0.0
2007-05-10,-0.0,0.0,-0.0,-0.0,0.0,0.0
2007-05-11,0.0,0.0,0.0,-0.0,0.0,0.0
2007-05-14,0.0,-0.0,0.0,-0.0,0.0,0.0
2007-05-15,0.0,0.0,-0.0,0.0,0.0,0.0
2007-05-16,-0.0,0.0,0.0,0.0,0.0,0.0
2007-05-17,0.0,-0.0,0.0,0.0,0.0,0.0
2007-05-18,0.0,0.0,0.0,-0.0,0.0,0.0
2007-05-21,-0.0,-0.0,-0.0,0.0,0.0,0.0
2007-05-22,0.0,0.0,0.0,-0.0,0.0,0.0
2007-05-23,0.0,0.0,-0.0,-0.0,0.0,0.0
2007-05-24,-0.0,-0.0,0.0,0.0,0.0,0.0
2007-05-25,0.0,0.0,0.0,-0.0,0.0,0.0
2007-05-28,0.0,0.0,0.0,0.0,0.0,0.0
2007-05-29,0.0,-0.0,0.0,0.0,0.0,0.0
2007-05-30,0.0,-0.0,-0.0,-0.0,0.0,0.0
2007-05-31,0.0,-0.0,0.0,0.0,0.0,0.0
2007-06-01,0.0,-0.0,-0.0,-0.0,0.0,0.0
2007-06-04,-0.0,-0.0,0.0,0.0,0.0,0.0
2007-06-05,0.0,0.0,0.0,-0.0,0.0,0.0
2007-06-06,-0.0,0.0,-0.0,-0.0,0.0,0.0
2007-06-07,0.0,0.0,0.0,0.0,0.0,0.0
2007-06-08,-953.8042858236082,-25631.36430113959,-8097.657672124005,4547.8776315758305,134.948627511118,-3303.948045085701
2007-06-11,-2187.6562317041894,-15187.437051454406,-1282.3973061189865,-1468.0087374803118,134.9199976240995,0.0
2007-06-12,-17749.538610876654,-29401.67851812006,-2123.865804639337,-673.4383653996123,134.83917942678428,0.0
2007-06-13,7606.173531348443,47212.16079148219,8528.171812362685,-3902.725316461314,134.31523574894675,0.0
2007-06-14,-4316.606475809187,-711.6349940627834,-4104.279573401151,-887.2399556751676,134.5560355798934,0.0
2007-06-15,9374.392486797184,-2803.7319905539352,6135.175729462738,6807.677188720087,134.42370730266225,0.0
2007-06-18,3435.0236503837446,-29438.473908550233,-2162.2337695464603,-1982.9385579324826,134.73483494809966,0.0
2007-06-19,11096.966565377594,-7944.529052924248,-11239.381491762508,-2177.6487194613896,134.79881184871863,0.0
2007-06-20,-7487.032856061748,-7365.844834001414,-5290.544497259577,-6.270880971996064,135.0828417070265,0.0
2007-06-21,-3315.2308164243577,-20964.210779201978,13097.317591721965,1082.7331828764195,134.86283473913394,0.0
2007-06-22,6257.659269673841,-23584.070706139904,-18391.887255765283,-4499.659677491662,134.77621168470728,0.0
2007-06-25,8500.493929943406,415.9775463026689,-9330.29807847117,142.02624455935708,134.89242969822047,0.0
2007-06-26,-3374.5577390856633,8634.28693064751,11521.209487748285,3132.3976805310126,135.12430681586218,0.0
2007-06-27,1807.8989073875546,17032.15119742187,7949.521468537864,-6904.249773345499,135.0660229894535,0.0
2007-06-28,-6552.552771624428,22688.23820826824,897.7044076532492,2875.5541634555984,135.10060557243173,0.0
2007-06-29,16303.6151529168,4910.477069771469,-16682.805750731462,-4784.544723240619,134.9495696322991,0.0
2007-07-02,3962.4823883024983,15163.952732852225,-670.4968294332258,1502.7943653013135,135.36792814750063,0.0
2007-07-03,-8039.753497256725,-13508.440249960562,-538.7759766336894,1752.851489571844,135.496043659412,0.0
2007-07-04,-7.418704117855756,-79.51955374154406,-47.69063928814295,-0.6458595177944764,135.2747566653372,0.0
2007-07-05,-17910.82341291388,-3526.6733802217955,15591.130494919411,-4431.7217532158675,135.2747566653372,0.0
2007-07-06,-5297.3245599886595,-21793.525551794897,-14022.614932777982,11049.25302738821,134.77029728336015,0.0
2007-07-09,4665.969046252308,6660.462020803745,-730.0467711362217,-853.4483874026606,134.649443174151,0.0
2007-07-10,21393.90824496759,-6580.596002439949,-4969.928009337332,-370.6712511281091,134.7821272331598,0.0
2007-07-11,-8439.890507752385,-3369.6630175772443,-3363.892116943107,-5101.87592990019,135.37978567002338,0.0
2007-07-12,-7776.476666433051,7998.42379180243,7448.973444390022,2240.653554714749,135.11245389466072,0.0
2007-07-13,3021.8164570531285,19134.40129925237,1262.1842287376849,-3572.157854916239,134.92098352094405,0.0
2007-07-16,9534.653009677575,851.783670816163,-1551.8328722180313,976.1583411665952,135.00185713202325,0.0
2007-07-17,-4456.41094354065,-714.2036052639063,-4121.090452466174,-894.796368364622,135.2747566653372,0.0
2007-07-18,11255.18297704962,-7958.68898040758,-11261.805395222591,-2186.1973370639016,135.14113952831096,0.0
2007-07-19,-4404.685869846826,8207.801888882841,3737.8157247718877,2307.330053617556,135.42641731197378,0.0
2007-07-20,13288.98704700418,-19680.15771769502,4181.4339792153,2184.5369218140418,135.32725491666125,0.0
2007-07-23,-1389.0936574359432,5956.658463256923,-2952.8308128473623,-1792.511030836944,135.70088163157564,0.0
2007-07-24,5421.196562608742,-7938.30695794227,3971.792724446831,-1474.7560590086,135.65407620672988,0.0
2007-07-25,3568.3765542344795,-12495.528385731122,-3915.676073252028,2774.013251041177,135.79458021631174,0.0
2007-07-26,26764.59565948617,-67899.90214231194,-675.0451768691415,-7784.431600464302,135.89433794985285,0.0
2007-07-27,17.05522883937166,-4544.107571861824,1820.8067847533753,-7428.70306924183,134.94862751111802,-24.715874236340824
2007-07-30,-4817.285803956799,10197.974001777964,-1095.8685074102486,5589.7578698822035,134.90789865808324,0.0
2007-07-31,6855.011238560897,12866.612021278015,-7329.326032396202,-2573.107484736773,134.80874110668557,0.0
2007-08-01,1697.9174465657516,17044.94821369169,-3635.980586960362,4767.617534360044,134.9893844162,0.0
2007-08-02,-3029.413896130447,14736.754234266627,6758.8590772420985,1384.4818036004142,135.07098247486994,0.0
2007-08-03,14382.208020304279,-64897.21242202266,-16592.232372124257,-2923.6916894321334,135.01238548718584,0.0
2007-08-06,-1264.3868884114424,-14779.770253640478,6508.547420211439,-637.7847611136907,135.33482483329416,0.0
2007-08-07,-11452.060613533553,50017.76076332906,9711.505696941786,1542.000392083866,135.29387091627413,0.0
2007-08-08,-14327.499954027593,-2518.41209729198,17686.341248946,8958.073803724705,135.0301693964144,0.0
2007-08-09,13021.20158928532,-112659.07451464741,-749.6504800711314,279.3110384342511,134.697862584362,0.0
2007-08-10,-1028.4509589759089,-21983.921075378825,-15808.234989928158,-1331.3117182796764,134.99016366544302,0.0
2007-08-13,3484.5725592370336,9020.832376070632,4080.626130548429,3239.7169618130442,134.92061185150587,0.0
2007-08-14,8716.39101377872,-32859.61640247974,-30.240382446207516,3977.4794127957693,135.04873909847726,0.0
2007-08-15,11102.795697708232,-94118.74735015463,6141.016929200632,-3393.173276330704,135.29456224811386,0.0
2007-08-16,22234.300302236872,-82176.3934348566,-32042.17730650149,-8390.481747845199,135.52990998833204,0.0
2007-08-17,-15491.374196818892,14132.185725624582,19886.414260959882,1193.6069066296725,136.0137911913071,0.0
2007-08-20,6871.30808463333,-29372.354443986755,-17536.72459281836,9789.075724218748,135.6246650855068,0.0
2007-08-21,7911.6123768623065,-20826.334260655218,-7717.115715756764,454.4540462484742,135.83094779069,0.0
2007-08-22,-9319.42666088318,65489.993832815686,11006.418154511006,3034.109280554894,136.03175258640061,0.0
2007-08-23,-1337.9833726935158,57294.76929565829,3461.3517349947106,771.0487951320132,135.84821006488048,0.0
2007-08-24,-5517.607832069644,105151.42756559642,-6869.966021308266,-2544.304412522994,135.85954742693107,0.0
2007-08-27,4141.104186283317,-5581.288214270186,8807.668849401596,2662.7518008773063,135.7586827074708,0.0
2007-08-28,16940.520784763343,-102237.87015822531,10185.287711848085,-4897.580142263474,135.89431662051672,0.0
2007-08-29,-6256.778741304232,-3591.8188730307024,-26628.836712127235,5895.476588424978,136.27353870462184,0.0
2007-08-30,12392.562190406778,-13744.933173486823,12946.612867095328,-11405.07099191319,136.10186839844027,0.0
2007-08-31,-6081.607374312778,45760.54313110337,5992.45866080748,-5806.34304510914,134.948627511118,-23.725113592648995
2007-09-03,-7.321899046604102,-79.28052164839397,-47.5389587684925,-0.6427858632656025,134.78416532675615,0.0
2007-09-04,-1028.380448584777,-21948.286915147317,-15783.032784696179,-1329.511060611894,134.78416532675615,0.0
2007-09-05,14634.271429169481,-28402.06205347282,-5516.6197929376585,-980.2866897101655,134.71430369516452,0.0
2007-09-06,-5721.215838496203,26777.21494508561,971.9953990538273,-2175.765545115345,135.10148615250478,0.0
2007-09-07,24821.496542064895,-63531.43616444308,-10316.467086990157,-1108.5419181430145,134.948627511118,0.0
2007-09-10,6587.1396386875995,14938.8675383522,-12202.617655397138,724.7296228839914,135.59117046227203,0.0
2007-09-11,-8232.226451923532,58490.56993319326,-3607.33881358687,3172.509369538697,135.77475156847368,0.0
2007-09-12,-5143.980152714889,-20214.114593282546,-16969.922524855414,1923.835900524837,135.6026990568357,0.0
2007-09-13,-17221.545782095687,43627.36436666117,20063.87020755944,3216.917803659088,135.43738184656158,0.0
2007-09-14,5232.759568973411,-4248.164542980679,-3748.5211241615903,-7351.99988487828,135.030659552545,0.0
2007-09-17,-3137.3677072139803,22874.70040806009,-2818.0753397215185,2937.4110540585157,135.13066242250264,0.0
2007-09-18,1237.9095413127175,-91178.40424547442,-11654.451295135537,1431.2073571936514,135.07171812168423,0.0
2007-09-19,-4194.750428767651,-42115.87336577943,14767.190961045382,1394.0720058634356,135.0372721467035,0.0
2007-09-20,-23423.43803319247,-24040.029390218067,-9083.755161264844,-3337.978388442874,134.91435156615375,0.0
2007-09-21,8089.9841565705365,21046.405113335233,-18698.343158794203,-989.4499291031161,134.2035165078688,0.0
2007-09-24,1183.5888026241628,2031.2428283877039,-6711.525160336928,3298.0681349076344,134.43007649008146,0.0
2007-09-25,3850.3768466881515,-48437.05627004747,4381.4131512142685,-9947.405343442675,134.47666551095662,0.0
2007-09-26,274.0548882929339,-23497.265710991636,-14753.411275754994,7812.989525661433,134.50645096599774,0.0
2007-09-27,7522.960953476307,25853.124322188793,577.7440471274624,-4400.2489813046195,134.52433619032476,0.0
2007-09-28,-1315.0843601487336,18495.092428584445,-2802.241138362743,-4447.608674228865,134.73986374577686,0.0
2007-10-01,478.8863858023688,65960.76338022888,9418.007281203361,3960.1898109686845,134.68715855952505,0.0
2007-10-02,5109.977874973082,-16803.20272771284,-3882.0960805482882,-4636.225611840598,134.77976783692435,0.0
2007-10-03,-4684.263757238893,19105.976828612147,6744.29368879246,8761.964667885471,134.88535694990188,0.0
2007-10-04,2938.526391964873,-2331.387357811604,-6711.984395390833,-4063.6006027016274,134.8206282827757,0.0
2007-10-05,-17225.430192357977,-14404.064113437214,966.2217823587471,763.4102736770543,134.87343463032173,0.0
2007-10-08,-7.053549730402771,-79.21524090625046,-47.47050456731565,-0.6382701668169912,134.37756537078582,0.0
2007-10-09,-5856.171121323146,50133.32018321093,4113.726930259939,1607.7427359502794,134.37756537078582,0.0
2007-10-10,1720.4344112657743,8892.925713461822,5915.185156514227,3185.3088336806377,134.2548080582328,0.0
2007-10-11,394.8590161997244,-23492.1578655482,-3190.835561662958,-3762.7379751284125,134.33593885710147,0.0
2007-10-12,-9817.31155212449,42136.55057057542,26956.66248549176,814.0825884270387,134.3072469618453,0.0
2007-10-15,1740.5134297549303,-8075.227730424692,7632.348456873439,-1503.649132978903,134.08581780498486,0.0
2007-10-16,8221.383198022288,-62953.50123492872,-15776.9248633058,288.3093499315996,134.13221932657757,0.0
2007-10-17,17061.653448836925,-30614.258576380205,-12153.43528533473,-5011.099907924877,134.31319244682882,0.0
2007-10-18,8823.39816225405,-18588.358494962176,-14342.136772348329,3761.4956167154483,134.75085326949906,0.0
2007-10-19,20607.643490093316,-24068.421392336848,-11027.642428694551,-5935.871584024823,134.9970452652649,0.0
2007-10-22,-4921.064315697239,39931.29136188713,-2701.730059185698,7678.3164038036875,135.5270002168984,0.0
2007-10-23,2638.071498612507,-33666.78646071623,-2246.539275021634,3071.074404699333,135.45584041686604,0.0
2007-10-24,10521.389753975935,-16569.34356800417,-9488.194846709359,-4589.696080353113,135.5210174885197,0.0
2007-10-25,-2272.168556935935,-10775.39690231388,-3167.4964021403935,6007.326569347295,135.76963923582537,0.0
2007-10-26,-5377.057992432854,3300.4164551792946,-2192.9998653867087,-6010.564797645498,135.72823835261525,0.0
2007-10-29,923.8687550513114,30058.670580797843,6159.5658682421745,2893.5496285749077,135.54495541599567,0.0
2007-10-30,-3446.927561805499,8655.675039317379,11553.500947159131,3150.4221783201983,135.6155855019836,0.0
2007-10-31,-15849.81031766285,41323.192207218766,15258.017081711325,-909.263545505293,135.55632233009533,0.0
2007-11-01,22887.34978693037,-47456.190844119476,-27645.90435238015,1962.5886108226703,135.1551418335455,0.0
2007-11-02,12456.708285702343,-58824.97100960329,-9899.197780006607,-3923.2269799144733,135.75167350947987,0.0
2007-11-05,-5444.499242150564,3305.36329899772,-2196.711233269116,-6031.239931948894,136.0250344520306,0.0
2007-11-06,-4514.777849201099,-13344.806027460203,-4273.888804665599,1814.7351857327176,135.84103509180497,0.0
2007-11-07,8513.359717795565,-68866.15274551706,6345.9664647531745,3704.1586795812786,135.71083681685872,0.0
2007-11-08,13890.261749678739,-98428.82163622086,2355.6100068533938,1735.1355731949773,135.93050039194392,0.0
2007-11-09,8784.681876345012,8613.48894278046,-19064.63360155274,1711.401610860149,136.26404736592517,0.0
2007-11-12,-7.354480301302433,-79.36056186930205,-47.58976773802876,-0.6438176024848234,134.94862751111802,-29.350845139924065
2007-11-13,-9494.530313325899,84041.27443701678,15948.238665418705,-629.9314166199417,134.94862751111802,0.0
2007-11-14,-3078.1460434262153,18365.140384146103,-945.6364571479471,-4491.149055715023,134.75338209237847,0.0
2007-11-15,23573.02150326118,-102210.44713977353,-35839.436418484336,4480.120170205229,134.6532512562174,0.0
2007-11-16,3991.102940868236,-1898.686475296006,1064.729491147982,-3251.7177820145157,135.23843222077755,0.0
2007-11-19,17158.48153386658,-68923.23134532194,-20420.071396174746,2192.9876621820335,135.33327943061929,0.0
2007-11-20,3807.8110755955304,-45908.38120280056,17057.240550336624,-5132.431710836717,135.7558957824718,0.0
2007-11-21,16157.62810491103,-88349.1290015428,-12028.770495713885,-5936.098946527309,135.8216459022398,0.0
2007-11-22,-7.658827495171567,-79.90643800114837,-47.94546410080215,-0.6521023834758222,136.16283198059787,0.0
2007-11-23,-3547.7632533673072,71902.76644974666,12277.618404686173,-10459.147816085002,136.16283198059787,0.0
2007-11-26,31344.56753030572,12997.271938564792,-9292.35052904463,-3911.512179589541,136.07274336927895,0.0
2007-11-27,-21833.198099749192,23445.7509872289,3145.16804425777,5107.330440751163,134.94862751111802,-27.68279587633333
2007-11-28,-15746.65411509777,51168.69500883681,802.1225406864386,3913.8614588854252,134.37373871864955,0.0
2007-11-29,14042.640832748582,-28263.106724036086,-17004.86952694036,10561.25347947767,133.97297457991027,0.0
2007-11-30,-2012.354715566197,-52750.96563873125,9853.01042008591,-5030.703065846739,134.40900773307771,0.0
2007-12-03,17223.374941991733,-60090.611112026076,-10558.122428181543,-7043.442774455664,134.29730192535837,0.0
2007-12-04,-7.213992487941633,-79.31126737766577,-47.54502079637273,-0.6413521613507138,134.7116328233308,0.0
2007-12-05,-3265.268969054512,-37960.8483956794,14816.191002782485,-3637.7994596781627,134.7116328233308,0.0
2007-12-06,-18417.169044666247,20266.45389489109,28301.786493793425,180.6225880067822,134.58752226974306,0.0
2007-12-07,-16631.805293778845,2614.2979600720073,-762.3111761006122,5438.8074400437245,134.0977315340655,0.0
2007-12-10,-5585.263417388348,18629.22830039215,10541.744098983354,-3720.6576094987045,134.94862751111802,-14.89513438758513
2007-12-11,32426.342518603742,-71537.2746282918,-17786.11415453673,-3342.5680830846723,134.7948142165093,0.0
2007-12-12,-14694.819873716833,60482.379903609,18435.315365913895,-4546.186984932182,135.63814641229942,0.0
2007-12-13,-22091.640639569017,23445.79177627033,14745.193715279216,-6588.114067103856,135.2686264769128,0.0
2007-12-14,-12858.74783938136,37211.66106066365,11391.183435124329,4184.338635782396,134.6472699583826,0.0
2007-12-17,8839.41528210714,-22979.450507801106,-12435.449341906973,-3626.783870140177,134.34106458638843,0.0
2007-12-18,9230.254304021486,17066.22303269391,-20643.24985812832,4055.0419090459513,134.54706738103056,0.0
2007-12-19,12921.815828317607,9166.710675752955,-14820.137285223609,2579.636723548487,134.82410106650576,0.0
2007-12-20,3016.7426403667228,-10433.255778002314,-8728.316095593347,6067.506263312569,135.19712872976453,0.0
2007-12-21,-21855.6889920933,-17070.35873109161,1726.8594646409551,-3439.9956536449913,135.29817754537166,0.0
2007-12-24,-9118.675947163016,9552.378404426257,-5152.496458247741,4685.503065217546,134.65923729582562,0.0
2007-12-25,-7.171292287124047,-79.16112969410145,-47.45177201948591,-0.6396966958039567,134.42389069651531,0.0
2007-12-26,-11428.540420342368,5325.063246977396,8172.5373154440385,-1936.7765690524686,134.42389069651531,0.0
2007-12-27,12955.23949413553,3485.047420528986,-2297.761892417542,5110.683790024269,134.09564902672295,0.0
2007-12-28,18670.698287869076,-15977.175401819377,-18684.196611145464,-4399.976746890906,134.50597999429945,0.0
2007-12-31,11740.447252212578,-5497.928699158958,-8292.988019555121,1949.1807953678579,134.98997245983898,0.0
2008-01-01,-7.496781982419643,-79.49413315853396,-47.68438256659246,-0.6468756216070777,135.3221733291531,0.0
2008-01-02,25298.058685217333,-51058.91432378307,-10200.056998055148,-3817.915873528174,135.3221733291531,0.0
2008-01-03,2247.413351563549,-48806.92296416666,-5360.046427761817,1636.6903527913569,135.96711074241102,0.0
2008-01-04,9594.342474961386,-61088.43034531365,-1322.7285360437374,-7333.411284837795,135.99723236589023,0.0
2008-01-07,1983.044672895487,26078.56724346412,15894.314583424682,-3765.9870131745884,136.1774740271809,0.0
2008-01-08,-392.8603072554757,-6190.340319423227,4700.467282107368,1747.784717060215,134.94862751111802,-19.08380893366728
2008-01-09,8666.209657019444,-29165.636073620928,-7732.456003257442,-1903.0662076519918,134.94862751111802,0.0
2008-01-10,-12622.10233878542,-70560.31035170206,11189.463794933334,1700.4795063739305,135.15719374962583,0.0
2008-01-11,15380.258999722819,-44978.833680937,-7586.820382242086,6759.714165298865,134.7712471108305,0.0
2008-01-14,640.0796721551484,12199.592266253374,-21162.26039988259,8185.904365449341,135.21742644938158,0.0
2008-01-15,13550.137895816495,28680.73191451311,-2039.9456986251187,-218.43231287517185,135.2651472996457,0.0
2008-01-16,-1746.909379546864,-42483.97320537834,3280.9817945029617,621.6010562900905,135.67184570333515,0.0
2008-01-17,14304.582967935863,-2991.6306524125753,4400.408233694972,-5597.234169912578,135.60004247049721,0.0
2008-01-18,4060.6744172637123,-78481.52695037983,-5624.963915560385,-404.63208942461415,135.9785598069642,0.0
2008-01-21,-7.60920028996484,-79.85635614510639,-47.910405315041146,-0.6510124496903691,136.02697419980268,0.0
2008-01-22,31122.75173436757,-161072.09920541194,-13192.48538384417,2993.4916299316733,136.02697419980268,0.0
2008-01-23,68.15974093539991,8818.03505520791,7791.302958054783,3187.553618290809,134.94862751111802,-31.453885865263146
2008-01-24,-29521.760858282538,24293.72274549728,-11664.225385722732,6654.689659086956,134.9844657776254,0.0
2008-01-25,8728.846043405816,44841.250253059385,-7798.731803996177,3593.304757243654,134.18006414743778,0.0
2008-01-28,1241.6370532362123,-27477.058582923848,-5116.7164184664025,1272.9564929847354,134.48259104405398,0.0
2008-01-29,-12335.04688217558,21844.29628222459,10237.121707413111,-9663.75590619811,134.50066129793856,0.0
2008-01-30,-12355.070464147951,-58417.49502611028,-17589.971401986837,8944.046624547096,134.11461450070865,0.0
2008-01-31,20479.25737360811,-30150.8268108917,-6269.060574099465,-4194.318616128053,134.948627511118,-14.549506992520037
2008-02-01,10256.275110604294,-35270.220231636034,-4854.981058814771,-126.8550413159752,135.48682115754133,0.0
2008-02-04,-6002.013686013371,-45921.83834378892,-13445.792279824758,-5259.958555915074,135.74534920563073,0.0
2008-02-05,16756.707067329844,-79633.40480385315,-13808.556729951893,-3516.0696757770083,135.4993376531183,0.0
2008-02-06,-3294.036318259274,-3184.288809661841,28947.89977049183,7531.428232998583,135.88449089326042,0.0
2008-02-07,-19024.80953105214,-74359.15725831277,-15283.27064244827,7579.36811760258,135.866274842603,0.0
2008-02-08,14833.103840550346,14526.0454330565,10459.875154207108,10.613709528464208,135.30287658835414,0.0
2008-02-11,2720.3984808263153,13080.816644678318,6042.371151083789,-1842.9397965546684,135.75823707837344,0.0
2008-02-12,-6289.2222185509045,-26069.846075469763,-2544.307480976735,4501.161980507536,135.84237685416224,0.0
2008-02-13,-3050.952219840198,-66205.42067487192,1979.673552217775,-3225.8164351961714,135.66814165923248,0.0
2008-02-14,-18412.947609055,-95888.40258061708,-11647.712072039647,-4673.612533473909,135.5186724442037,0.0
2008-02-15,10385.830064338741,54130.12077298205,-1851.8162678856916,6805.057045797068,134.88183069797998,0.0
2008-02-18,-7.2160717866106685,-79.65840361560652,-47.74982421793754,-0.6437110495869979,135.26801066974167,0.0
2008-02-19,-22845.085770495803,50329.87362555694,-9211.765095148188,2187.1538927345705,135.26801066974167,0.0
2008-02-20,-8564.19108202623,65987.01120878923,-20934.645116519547,3826.1496970384846,134.63748890395706,0.0
2008-02-21,27087.369650098684,-41114.80654706702,22897.928177746362,-10477.378429940327,134.42403837836483,0.0
2008-02-22,-2916.2942654153903,-27490.715350575967,8235.37096281395,2026.7557915913198,135.1838315819278,0.0
2008-02-25,-22663.269631207746,46607.42084999251,-1482.0079122867512,8052.562631569224,135.10056885770007,0.0
2008-02-26,7803.427279988449,-56720.33254633254,-10948.317526367811,-645.8105023517076,134.51254160277816,0.0
2008-02-27,4203.030237603166,-12016.151584309973,3881.2253704615214,3556.1897917510573,134.6909354039456,0.0
2008-02-28,22698.808921201045,-27211.393686059324,2608.3815232908782,795.1500284522346,134.83327854517614,0.0
2008-02-29,33348.12129130715,-58883.90850563154,-9934.51773214225,-5220.193589683788,135.50113698809818,0.0
2008-03-03,1677.1927996882205,-38459.11192681069,-8147.376786781813,-5205.652713606888,134.948627511118,-27.820129627987626
2008-03-04,-11979.46708812467,-47387.5438684647,16273.229376126304,-6977.538812225531,134.93103354895104,0.0
2008-03-05,-9378.649402865918,-47518.53928897008,-6780.800716954327,3883.4258352670336,134.53155285467673,0.0
2008-03-06,13609.943146284628,-63942.360871191544,-10721.981145399117,10277.315856360774,134.23527301620607,0.0
2008-03-07,5789.753015616768,16767.36870768569,32270.968079511535,4774.911609351006,134.6459217180034,0.0
2008-03-10,14496.51436330792,30750.222584643274,-8717.120503630853,3100.4274015757414,134.89599109357502,0.0
2008-03-11,-32145.872224922245,139518.01647303125,12757.364664763018,9857.468735768014,135.3515758062044,0.0
2008-03-12,19956.430580217817,11197.597268795791,-25087.413401682246,-6453.448992386099,134.60188792901002,0.0
2008-03-13,-7999.775566182894,-51985.12486508217,-6786.863208548087,-3500.0196910001127,135.1283966520377,0.0
2008-03-14,23997.234698295313,-32731.89439547654,-22559.047403817465,-9055.914868996468,134.8353186028202,0.0
2008-03-17,18757.096141658756,-44612.16599811775,9935.798507537085,-4043.3123268195213,135.43575344243638,0.0
2008-03-18,-28102.63087286875,116129.16965298566,7846.759611099429,-6459.83870002404,135.93146979660995,0.0
2008-03-19,14291.177682386398,66072.24270853934,-22867.100377845494,2577.996501934989,135.20070358812205,0.0
2008-03-20,1903.137963961352,72730.6408724735,12497.440175910724,3095.0799660577572,135.6464618841684,0.0
2008-03-21,-7.748242888741979,-79.60690516910145,-47.77893688151113,-0.6514530626410759,135.78553800199558,0.0
2008-03-24,-41952.42816791142,66042.56530618902,-1993.360463225952,5901.919835956649,135.78553800199558,0.0
2008-03-25,6906.576413011637,-7760.5248036226885,-9457.56391731349,10220.849495369152,134.70829660158438,0.0
2008-03-26,4956.440133510712,-81998.47276123552,4051.562660647338,-7006.385068864917,134.94768690283004,0.0
2008-03-27,-8049.121541821501,-17896.98298073641,-10243.365672214459,5990.895628810096,134.9960618395651,0.0
2008-03-28,13275.645096005046,-6297.736335997785,21692.09227111905,1122.9900675567765,134.77476611243006,0.0
2008-03-31,6594.423179110926,-19168.43350426909,-8702.26451702869,-8787.961510136713,135.18816212165868,0.0
2008-04-01,-26305.20486747069,63826.90975620546,8292.474216956027,13648.022185163913,135.3025780021062,0.0
2008-04-02,-7149.390542085066,70341.6782223088,-13062.017717814113,-354.49984639853136,134.69069943417486,0.0
2008-04-03,-3853.0739832400623,10602.880593820513,6660.342188882556,6404.367039104668,134.51733217382673,0.0
2008-04-04,17042.428344164782,4.224330786570582,13211.482631600911,-564.1262273350346,134.45760903228327,0.0
2008-04-07,-15654.062862444229,59798.42576963013,-988.3747696430067,6340.374860036236,134.96545505308717,0.0
2008-04-08,3749.0912829550107,-66050.28691676886,-22794.227558414725,-4724.264155680666,134.60022033254864,0.0
2008-04-09,16720.17016776015,-31942.841869053507,11867.268424402486,-6727.097591452074,134.60672050483245,0.0
2008-04-10,-10297.638221831181,26107.509960783937,-3093.1035447506165,-3072.534624149756,135.04365669576703,0.0
2008-04-11,11909.263244880372,-30585.709719059556,3005.4059816061213,-4334.8342219713095,134.75007700223446,0.0
2008-04-14,-6153.770961942198,-21486.199331777374,7176.8233599482965,222.8753079346854,135.04970176799438,0.0
2008-04-15,-12306.738171611603,-5199.103286717056,3233.8383379125517,4040.9519792611923,134.86996376638496,0.0
2008-04-16,-22304.56553514304,15615.203195862186,22287.300052513812,4348.102371773781,134.54146707918824,0.0
2008-04-17,-10753.2273724055,104820.8157412192,25625.163342578962,-159.9238465955245,133.95938054150116,0.0
2008-04-18,-4400.401513613078,61663.4406114136,-14889.497506185124,-2648.3909852873626,133.74544884068325,0.0
2008-04-21,1626.4957647141214,29364.23658364237,-3468.929197279972,2046.2667387114504,133.6270884079554,0.0
2008-04-22,-792.2637524511935,42064.97048503416,8059.934221443405,157.09728287749638,133.70346642165723,0.0
2008-04-23,-2688.2126693983005,-34349.17459165882,-13963.09955390186,1316.4105948649778,133.7207316120573,0.0
2008-04-24,-22246.105547375104,88653.35175572053,14346.064289418573,8943.355162538748,133.60911013820504,0.0
2008-04-25,-7406.286873727392,-11019.069162621674,2417.149946092672,5873.257462745036,134.94862751111802,-33.94102738151014
2008-04-28,9806.511463880797,-27030.314841292067,-14397.229212101642,1419.0886783445253,134.7645838969167,0.0
2008-04-29,3084.0869775231813,2102.482404390377,2995.2184875957428,-8318.109606916076,135.0203318977809,0.0
2008-04-30,12296.860219340826,1386.6191435252547,4373.594335146077,1841.1048021543486,135.067958177172,0.0
2008-05-01,-5164.912134391485,55225.861166542294,21667.52145693507,-1794.462295469711,135.43797734996951,0.0
2008-05-02,-18400.25378572478,12751.557039924206,-3590.1230982654774,-1327.9208739026678,135.34787591582122,0.0
2008-05-05,3965.2187511726597,-44000.478621312795,2519.3816827997866,-2591.8117500431367,134.82945542859412,0.0
2008-05-06,-3567.7910713160577,-72754.03082476709,-10688.82165722803,-3095.162881362836,134.9010663079691,0.0
2008-05-07,9406.254862367787,-24252.634326501568,-1822.509761298687,6334.558019118238,134.71791793743495,0.0
2008-05-08,15079.906573370612,27935.891788906483,-9732.573672889679,-13491.969455867478,135.00893387117233,0.0
2008-05-09,258.01060219007564,-15565.596607602043,24994.56432099052,10255.276019845813,135.37851628064044,0.0
2008-05-12,-3462.895302082245,33829.82836254999,11812.574018784491,-2265.151021039239,135.46214272748324,0.0
2008-05-13,-24459.958550326544,59505.03316218527,8311.401815256744,6213.761402062801,135.39011116968652,0.0
2008-05-14,-6071.081894210022,37631.84120832531,3983.4049545531443,4305.87681335158,134.78797618120228,0.0
2008-05-15,15739.691971386746,-10987.806349486242,12074.94075140205,-7061.1285402048115,134.6690201811562,0.0
2008-05-16,-3514.1808724688867,-277.45005101292924,3665.951770322944,-57.99199928746881,135.09097649203395,0.0
2008-05-19,5155.691621367158,-21232.343887583105,-13589.835469505497,-412.3304543501644,134.99566180536735,0.0
2008-05-20,10134.776714556327,-35193.240640606266,-4843.557104203767,-126.36150721651632,135.1090416800698,0.0
2008-05-21,-8506.585215938401,39654.923286022145,1023.0504777218158,7622.394091809736,135.36596960328072,0.0
2008-05-22,-21758.465607978036,51053.30691274876,6379.639431238694,3870.308748154414,135.19845917626915,0.0
2008-05-23,13776.756452160762,-28810.910109594133,-13273.089153404044,-1812.5759081854765,134.6509940835857,0.0
2008-05-26,-7.421556947973094,-79.3464403068779,-47.58894044736407,-0.6447422750366762,135.00167997725168,0.0
2008-05-27,-15340.286070351449,9603.47651024992,10039.718968601575,5429.398192990654,135.00167997725168,0.0
2008-05-28,-14935.372436746246,6034.694682578605,-19913.455743905146,-1150.9270279595726,134.61560895280735,0.0
2008-05-29,-8354.180250162612,-572.1719940912149,9190.786949843065,-142.30666011944618,134.1612357887225,0.0
2008-05-30,2722.8543898494945,22701.324117779914,-17911.919386389774,2183.914209421929,133.92615194262547,0.0
2008-06-02,16741.81025237544,-78562.24948874951,-5951.322078405936,-2633.601639766536,134.01410068244627,0.0
2008-06-03,10191.148603668431,-7593.029623837663,-1608.4517926531462,-1368.6322394689569,134.43311941827585,0.0
2008-06-04,-8990.730161321493,-40657.92113792139,5861.105610085573,3787.9140462435366,134.7171418638255,0.0
2008-06-05,-10804.16253526132,4221.960839911969,-18799.689407364494,-4365.212412399479,134.4571802571582,0.0
2008-06-06,19909.101769373792,-15089.568030132283,-3164.6145040515094,-2723.0524528053634,134.09814802670238,0.0
2008-06-09,-25884.62324350895,241298.37676326084,31454.217625302837,3308.181196437895,134.6644999681618,0.0
2008-06-10,-19383.17020620842,83044.43168893704,26944.404742227038,-794.9449557484988,134.13641448023353,0.0
2008-06-11,5038.231275640666,-70960.11622546206,-2541.1490857072736,-1297.1062755754824,133.65991841303065,0.0
2008-06-12,-24011.78184216382,104032.50628044314,-8583.05152077657,-1163.2567269459646,133.74855929932076,0.0
2008-06-13,-5860.62549937963,866.5354691449191,-16711.727183376173,1570.868586100634,134.94862751111802,-30.273302221652557
2008-06-16,2830.2498725692553,-2297.66151985015,-18273.443640736477,7575.055598462108,134.7719297493367,0.0
2008-06-17,7026.861228598378,-66959.93158222515,5287.765982937635,-5518.5382358771085,134.87221504797986,0.0
2008-06-18,11838.07699505978,3370.784079336552,11130.725178418388,-6529.631481125691,135.0026487516,0.0
2008-06-19,-13275.601719105904,45495.03892197752,1845.0472285011083,5769.367216889829,135.3220394727029,0.0
2008-06-20,13885.427976750565,-45913.96950166044,-11574.306768620043,-6557.139518507845,135.01387311652607,0.0
2008-06-23,-9309.065501532084,73326.49551907762,1359.5169927071956,4570.2313564496835,135.32805363114494,0.0
2008-06-24,17274.790264940282,-38511.95333571597,7021.321070994719,-5813.455180889601,135.1437911799181,0.0
2008-06-25,31.793823744233297,-33291.180882607754,-40168.08293246466,3068.561819296939,135.5831943746689,0.0
2008-06-26,14078.6852848638,-80171.22752197903,-19751.740711358278,-4386.189211548308,135.53013161202767,0.0
2008-06-27,12571.039697295802,39265.02956258792,4806.639402060509,-6289.2735058296,135.8226634532187,0.0
2008-06-30,1832.116600269696,-17115.242894179384,-173.08675267209244,-4773.188421283681,136.1752684380828,0.0
2008-07-01,-1274.9289389776425,-19345.95300133928,8424.930552878459,-8172.639763602191,136.18735483036517,0.0
2008-07-02,4794.8916987492685,5931.536324291894,-18268.641133839374,-2528.2303026097475,136.10355916928023,0.0
2008-07-03,3157.671902078812,-57429.95388241636,-5433.305378933413,-747.2523410317668,136.20549333911555,0.0
2008-07-04,-7.652293178571659,-79.96053162858983,-47.976611952570224,-0.6523657405333652,136.24180250026504,0.0
2008-07-07,8107.1510993945,-33513.39162605881,-7870.443076656645,3184.0489347330727,136.24180250026504,0.0
2008-07-08,5735.078408806814,32217.037995381546,7319.205159878892,-5406.270191578332,134.948627511118,-26.020642988733016
2008-07-09,10695.863451960393,-15744.955998442783,7963.535453326899,-2933.4691949718017,135.11478187522076,0.0
2008-07-10,249.93853479292622,22189.465536000076,25395.40138043239,2148.838680117929,135.40103669755985,0.0
2008-07-11,-24870.155841503838,37990.62887147016,315.99047450792466,5726.625851091466,135.46655449606985,0.0
2008-07-14,12860.321014373436,-46239.415356541285,-30887.17554116315,4278.967610804656,134.83498234185163,0.0
2008-07-15,8146.302000513859,-66580.65016848849,13077.959219079354,-4706.186847939121,135.15639285268318,0.0
2008-07-16,-15029.83068294171,-43523.878366513185,8499.613606853536,-419.61010224973086,135.32961397812383,0.0
2008-07-17,-19596.194111082816,59237.186851970095,-5053.301728328311,5425.520203287613,134.88379509702577,0.0
2008-07-18,-8537.050392852812,49563.35857326774,-1791.2967997467604,753.6158186581856,134.38676058185354,0.0
2008-07-21,2105.018660188123,14970.886461138009,1182.092377309626,1454.1161222832334,134.17441148637724,0.0
2008-07-22,-9728.931633147882,34894.92442187429,4726.296398945129,123.75081472268702,134.25651190646863,0.0
2008-07-23,-5668.418427406851,33807.310244119035,23137.49690461617,-1459.3696365359338,134.00351603965524,0.0
2008-07-24,23154.418273668918,-69974.79745046324,-34332.960815751925,10542.06908282005,133.87979841834715,0.0
2008-07-25,-15307.26791330011,-5422.763226200197,18478.036492409377,-7651.600723613562,134.5335115331277,0.0
2008-07-28,14630.359022641253,-39171.379848511264,-8497.180225568643,-7390.915425510238,134.06843638091226,0.0
2008-07-29,-6402.929598098791,35128.049416619535,1030.2184011336205,180.77858175898763,134.42190238032833,0.0
2008-07-30,2694.8325914424813,-7644.16058113622,15383.440066734829,-680.9159302249029,134.26251202970136,0.0
2008-07-31,15298.110002573772,-49300.29539430645,-5702.561688111258,-641.455462061711,134.35072795088877,0.0
2008-08-01,3033.5925054546765,6559.607680804067,1123.8821456963217,-884.2908652544508,134.75284002482616,0.0
2008-08-04,-1630.225360417825,4251.624401734185,11507.981862877488,-4264.382219350218,134.84164515509065,0.0
2008-08-05,-7518.658380306505,-28787.010199614564,-13247.320712209295,-502.30317825194993,134.7882043512441,0.0
2008-08-06,-4517.849218931485,-18576.55472649944,17869.739458455446,5159.634964508682,134.5343424457171,0.0
2008-08-07,22410.643963663566,-4457.620340993497,-11619.420147651388,2934.3846295051076,134.43993110885037,0.0
2008-08-08,-6148.72848868927,62831.02431153786,4264.344048098554,-1071.4641642952226,135.0972974185363,0.0
2008-08-11,-9576.204602659902,-4669.715327274408,9156.716455718328,4905.543785835729,134.96604415286615,0.0
2008-08-12,15586.261444838758,-36846.117111565014,-5577.885119344114,-3329.959596049623,134.72878515268587,0.0
2008-08-13,-6633.235788415538,22674.70314800454,897.3683972960475,2880.267317944663,135.12682827298957,0.0
2008-08-14,9168.022185177051,-1598.7326194722145,-4504.75857090263,-3156.94105118713,134.97206201623294,0.0
2008-08-15,8280.715054715676,2432.801798331987,-14167.78983761988,3452.000550251001,135.21007923057414,0.0
2008-08-18,6150.255254597769,-17177.571017123988,-13550.993836960779,-5493.4454400184195,135.4488517810984,0.0
2008-08-19,-475.4922154752121,-40317.15225171551,-3422.9681150623273,3972.740461582471,135.56267642926093,0.0
2008-08-20,9791.857984616936,-25143.012766646214,-7683.525045195374,-6997.0772910795295,135.53894691208959,0.0
2008-08-21,-10869.014815686789,37185.423215999974,-77.72794992181181,3453.437067649752,135.74880493622067,0.0
2008-08-22,-8025.78324560456,62854.79854377234,6135.556540145104,-1105.2374214817478,135.49109316686756,0.0
2008-08-25,14714.046031306008,-22019.106742278167,-640.1364643510716,-1935.3631012920796,135.3115247925204,0.0
2008-08-26,-1832.4867755002838,16901.729450153452,76.96228819321094,4752.502860125346,135.70045763941917,0.0
2008-08-27,5415.216773161091,-16859.280798018586,-3898.764439660883,-4696.399922712882,135.6883827249156,0.0
2008-08-28,-6987.595671871375,47990.63594046261,-10452.87305075241,9257.045340941764,135.7964878159613,0.0
2008-08-29,-4054.982985274586,-45003.108529568264,2176.670930510045,-3577.407540046185,135.67631256935684,0.0
2008-09-01,-7.566671773977463,-79.56547512537514,-47.73423416904975,-0.6484160140638576,135.51479708246617,0.0
2008-09-02,16106.91112468991,-19923.47121118068,-7339.7487804908405,1409.516251069282,135.51479708246617,0.0
2008-09-03,5640.35642065232,21742.702028948588,14011.74813449591,-11224.213595364263,135.95285354616686,0.0
2008-09-04,12089.695462293,-7212.057385666253,6200.937057884162,-551.2848167050894,136.07926375543792,0.0
2008-09-05,-4060.3736856503037,22421.265543700465,-10592.17851306393,2096.33802750244,134.94862751111802,-17.632348244491368
2008-09-08,-4771.65084872756,61203.6408719586,5281.228903559039,8126.119263038195,134.8470775287741,0.0
2008-09-09,9826.172669339581,-10820.155211281211,-21951.75608785762,-7141.9477513354905,134.80489293148747,0.0
2008-09-10,-2678.73580845068,-30195.153746550408,-4373.867003790078,-2912.763940354996,135.0141003717952,0.0
2008-09-11,5117.830759337915,-13140.341719698496,-11582.167412010887,-10525.241896628602,134.89482058685837,0.0
2008-09-12,-16095.974491803947,-45536.30890403328,3585.4737734330265,7924.147718218087,134.96069809554098,0.0
2008-09-15,54771.7672775821,-178110.54787625515,-51692.80164071451,-6245.225033073517,134.51442928804943,0.0
2008-09-16,-5794.149904390523,103530.96540083217,7673.378788924272,-5058.809866143283,135.91719889011503,0.0
2008-09-17,19378.4645366535,-169117.3511125984,-43847.44140673591,13042.266866197757,135.808102810007,0.0
2008-09-18,-21857.31685123306,52308.36581814664,-14035.713694820386,-7047.798047016447,136.25656521597952,0.0
2008-09-19,-51224.503205423454,120788.74137669652,55439.86277305948,15659.894073105852,135.6221342614424,0.0
2008-09-22,-4356.402696979236,-56097.74184533825,-20154.73123693142,798.4250372027899,134.39104368045457,0.0
2008-09-23,-413.5068219724972,-32049.69074705125,-1402.5677033285308,-6102.117661347471,134.20277911762074,0.0
2008-09-24,11606.530539510752,-45161.04087469683,19212.205890374713,-16387.255938334503,134.13251310213712,0.0
2008-09-25,-16559.749917482128,100338.30069484546,-46910.72138257959,13888.898517599599,134.3870087315299,0.0
2008-09-26,6326.924386093007,-8556.391935455309,-15248.377562714551,-3027.9042486758217,133.9789890520136,0.0
2008-09-29,49469.47073968209,-135310.4829613809,-69616.38207999947,-17563.59105190038,134.13251310213712,0.0
2008-09-30,-42473.04492490427,81347.7843864338,26140.327326525883,-3647.3056715906187,135.3772256298337,0.0
2008-10-01,18095.15307962203,-63629.5727012808,-53899.48511050413,-1954.7429793429733,134.19907846529506,0.0
2008-10-02,22951.82097432088,-103861.27788323369,-2106.0751766296567,-8749.305307032442,134.6384196955899,0.0
2008-10-03,5788.956058252887,16955.490134712814,-5426.570333957261,-7625.7044728974915,135.21716472792536,0.0
2008-10-06,26526.99353521104,-38089.20721493008,-4142.212844015394,-5619.659289005991,135.35459780973707,0.0
2008-10-07,-3260.909408893521,8665.76929453115,23284.226395031565,-8600.018802591689,136.088650559338,0.0
2008-10-08,-32398.70432605548,64086.70831009814,-60185.33425637373,-11516.145266503887,135.97976081322852,0.0
2008-10-09,-11210.634471361926,-42064.530194362655,-55313.88872617253,-11080.417403440348,134.9491987837695,0.0
2008-10-10,-516.6843315282401,-41906.858021287124,-15088.4336574408,-22343.623681645346,134.4530049077459,0.0
2008-10-13,-7.354480301302425,-79.36056186930203,-47.58976773802874,-0.6438176024848233,134.948627511118,-25.627326440316626
2008-10-14,-32982.4342258686,57336.88142942466,-17248.332902701582,2758.937071634471,134.948627511118,0.0
2008-10-15,14354.306188248098,-115770.76131750646,-32441.003152097936,-6198.031545155811,134.04371646825922,0.0
2008-10-16,6140.943078117044,-19217.45541268125,28921.375591342625,3667.3809277986306,134.31674411886783,0.0
2008-10-17,-2831.157281328228,-23050.27565116922,55522.953210359665,10179.447506314382,134.5407927959584,0.0
2008-10-20,3238.8428037666245,96720.54162289217,31103.151912417135,8481.869311643333,134.5638739911165,0.0
2008-10-21,23621.38772246268,-48704.74056205683,43858.39926636922,1089.510475510321,134.8111244030063,0.0
2008-10-22,16047.015317669307,60100.357522125734,-19995.33142474072,4382.4936517958895,135.5152726374015,0.0
2008-10-23,3335.146324787681,62421.1285185436,-32225.207488363107,-3421.8464593771682,136.00842185321633,0.0
2008-10-24,-15264.88634262811,-71817.10418350899,-579.298014431341,-12473.660086942591,134.94862751111802,-10.142295612808084
2008-10-27,-3883.867851528666,5387.398908687813,-8837.3689964461,-2619.1528129015196,134.38996074581544,0.0
2008-10-28,-12995.618556369936,-12522.961227510852,-5606.918777632121,-8272.007420808668,134.25381169698633,0.0
2008-10-29,-2818.656121196764,-93758.43318812207,-22466.0458584917,8908.186540299545,134.948627511118,-11.087412736713304
2008-10-30,-8473.803119853656,-21125.57064085764,-30602.257188332398,210.68716976600342,134.8251646491793,0.0
2008-10-31,697.7794874979404,-60429.28526454559,25335.763785062813,-5708.027418027336,134.5298753761005,0.0
2008-11-03,11283.138230268316,-64609.15618764713,-5093.710548123773,-2126.0994881472357,134.50687631386816,0.0
2008-11-04,20919.179484773158,47250.73126016572,25577.86262849358,-4537.601858815502,134.7800153601796,0.0
2008-11-05,10586.900074714496,30972.8350611621,4646.945479765789,3871.7250759493027,135.43976291540346,0.0
2008-11-06,1873.176403170486,-101763.35787495447,2759.2570159307325,-3447.7720939429328,135.793102580591,0.0
2008-11-07,-13108.873502306127,-3982.7816082453933,-19098.0242397616,5738.838950484025,135.75794989256488,0.0
2008-11-10,6762.366221277435,-22023.411309677416,-21356.832498374624,-13726.246944246212,135.39285135026114,0.0
2008-11-11,-7.3295762585598085,-79.7055571020756,-47.79029450382676,-0.6457520777565766,135.4711799422187,0.0
2008-11-12,14697.438142186755,-38435.66010069713,30204.745877135287,-16741.18769886869,135.4711799422187,0.0
2008-11-13,-15817.763255565456,-82182.58332699019,49873.07419398785,7664.354325869606,135.81292989815896,0.0
2008-11-14,15684.526938111383,69914.42470701654,16951.271366857218,-2496.5906268529357,135.40608341796192,0.0
2008-11-17,3184.2161521209955,20050.538484475495,7141.318334037233,9818.84367643444,135.92054847403514,0.0
2008-11-18,17489.50142419148,8113.073328601169,30023.742227778057,25399.0685488632,136.08890109224401,0.0
2008-11-19,23083.435020686975,79779.57739809135,-2991.8851797385737,-10006.075866550733,134.948627511118,-26.273884937603725
2008-11-20,37165.53588471145,178297.86513268203,-45862.17911894977,22253.948937985777,135.61625256379213,0.0
2008-11-21,-14381.808221510897,12897.651169546292,4280.572505321669,-12931.364080868214,134.94862751111802,-17.166243183770348
2008-11-24,-28664.741040641937,100229.5742979532,-4996.500806999664,3786.9376238589452,134.47298558176726,0.0
2008-11-25,31956.550802622398,10965.096366856498,8283.240076614049,28660.16412639607,134.948627511118,-16.965646980985184
2008-11-26,14683.880982739294,35729.82958320507,-12596.558077715861,23348.723380782096,136.06285876474547,0.0
2008-11-27,-7.354480301302433,-79.36056186930205,-47.58976773802876,-0.6438176024848234,134.94862751111802,-17.300463130859285
2008-11-28,13664.98428288347,-4523.676925348039,-30436.67017377436,-8839.585811272196,134.94862751111802,0.0
2008-12-01,33683.358082987135,83263.14562379185,10052.986285397703,-16623.943173083408,135.25799270425256,0.0
2008-12-02,6327.7082295775845,22076.686170205354,21712.42880642639,-10251.771833720399,134.94862751111802,-13.686720057470666
2008-12-03,4510.032248743899,-20945.202873435668,7623.040006977536,-11303.12740677117,135.119188032298,0.0
2008-12-04,16372.314190149486,46217.344621734046,2156.2592607037427,5398.29507726183,135.18018766628367,0.0
2008-12-05,-20539.53747713587,43252.42009854289,-35321.35980781494,1564.4999429392751,135.72564087574344,0.0
2008-12-08,-12755.341258095666,-11217.999160408239,-29734.51343809808,-6690.537104442614,135.14363062213084,0.0
2008-12-09,20664.57101672976,-28467.229516509422,-9135.237237747499,-13331.36534807444,134.6934845068785,0.0
2008-12-10,-3398.990029024385,-8413.352083839658,13253.571425713917,-1611.190121071564,135.19848255547257,0.0
2008-12-11,9295.397492675902,-34868.07094758347,4796.544147947498,680.7025985748611,135.10088366833594,0.0
2008-12-12,2279.4745932032406,3280.3777834719544,6900.637282279073,17549.59503899378,135.35732696730506,0.0
2008-12-15,10627.903461838652,42770.740462602866,-12682.216629194814,-478.444677564668,135.53496349463623,0.0
2008-12-16,24928.49805230709,15807.451160712879,18644.883203945952,1814.2948720118202,135.8546411685025,0.0
2008-12-17,11999.73103730983,217384.6343452728,-10532.491543915876,31013.177533822098,134.948627511118,-17.7620537187031
2008-12-18,-0.0,-0.0,0.0,-0.0,0.0,-3084.8766048358307
2008-12-19,0.0,-0.0,0.0,-0.0,0.0,0.0
2008-12-22,0.0,-0.0,-0.0,-0.0,0.0,0.0
2008-12-23,0.0,-0.0,0.0,-0.0,0.0,0.0
2008-12-24,0.0,0.0,0.0,0.0,0.0,0.0
2008-12-25,0.0,0.0,0.0,0.0,0.0,0.0
2008-12-26,-0.0,-0.0,-0.0,-0.0,0.0,0.0
2008-12-29,-0.0,0.0,0.0,-0.0,0.0,0.0
2008-12-30,-0.0,-0.0,0.0,-0.0,0.0,0.0
2008-12-31,0.0,0.0,0.0,0.0,0.0,0.0
2009-01-01,0.0,0.0,0.0,0.0,0.0,0.0
2009-01-02,0.0,0.0,0.0,0.0,0.0,0.0
2009-01-05,0.0,0.0,-0.0,-0.0,0.0,0.0
2009-01-06,0.0,0.0,-0.0,-0.0,0.0,0.0
2009-01-07,0.0,-0.0,-0.0,0.0,0.0,0.0
2009-01-08,-0.0,-0.0,-0.0,0.0,0.0,0.0
2009-01-09,-0.0,0.0,-0.0,0.0,0.0,0.0
2009-01-12,-0.0,-0.0,-0.0,-0.0,0.0,0.0
2009-01-13,0.0,-0.0,-0.0,-0.0,0.0,0.0
2009-01-14,-0.0,-0.0,0.0,0.0,0.0,0.0
2009-01-15,-0.0,-0.0,0.0,0.0,0.0,0.0
2009-01-16,0.0,0.0,0.0,0.0,0.0,0.0
2009-01-19,0.0,0.0,0.0,0.0,0.0,0.0
2009-01-20,0.0,0.0,-0.0,-0.0,0.0,0.0
2009-01-21,0.0,0.0,-0.0,-0.0,0.0,0.0
2009-01-22,0.0,0.0,-0.0,0.0,0.0,0.0
2009-01-23,0.0,-0.0,-0.0,-0.0,0.0,0.0
2009-01-26,0.0,0.0,-0.0,0.0,0.0,0.0
2009-01-27,-0.0,-0.0,-0.0,0.0,0.0,0.0
2009-01-28,0.0,0.0,-0.0,-0.0,0.0,0.0
2009-01-29,0.0,0.0,0.0,-0.0,0.0,0.0
2009-01-30,-0.0,0.0,-0.0,0.0,0.0,0.0
2009-02-02,-0.0,-0.0,-0.0,0.0,0.0,0.0
2009-02-03,0.0,0.0,-0.0,-0.0,0.0,0.0
2009-02-04,0.0,0.0,0.0,0.0,0.0,0.0
2009-02-05,-0.0,-0.0,-0.0,0.0,0.0,0.0
2009-02-06,0.0,0.0,0.0,0.0,0.0,0.0
2009-02-09,0.0,-0.0,-0.0,0.0,0.0,0.0
2009-02-10,-0.0,-0.0,-0.0,0.0,0.0,0.0
2009-02-11,-0.0,-0.0,-0.0,-0.0,0.0,0.0
2009-02-12,-0.0,0.0,-0.0,-0.0,0.0,0.0
2009-02-13,0.0,0.0,-0.0,-0.0,0.0,0.0
2009-02-16,0.0,0.0,0.0,0.0,0.0,0.0
2009-02-17,-0.0,-0.0,-0.0,-0.0,0.0,0.0
2009-02-18,0.0,-0.0,0.0,-0.0,0.0,0.0
2009-02-19,0.0,0.0,-0.0,-0.0,0.0,0.0
2009-02-20,-0.0,-0.0,0.0,0.0,0.0,0.0
2009-02-23,0.0,-0.0,0.0,-0.0,0.0,0.0
2009-02-24,0.0,-0.0,0.0,0.0,0.0,0.0
2009-02-25,0.0,0.0,0.0,-0.0,0.0,0.0
2009-02-26,0.0,0.0,-0.0,-0.0,0.0,0.0
2009-02-27,-0.0,0.0,-0.0,0.0,0.0,0.0
2009-03-02,-0.0,0.0,-0.0,-0.0,0.0,0.0
2009-03-03,0.0,0.0,-0.0,0.0,0.0,0.0
2009-03-04,0.0,-0.0,0.0,0.0,0.0,0.0
2009-03-05,-0.0,-0.0,-0.0,-0.0,0.0,0.0
2009-03-06,0.0,-0.0,0.0,-0.0,0.0,0.0
2009-03-09,0.0,0.0,-0.0,-0.0,0.0,0.0
2009-03-10,0.0,0.0,-0.0,-0.0,0.0,0.0
2009-03-11,-0.0,-0.0,-0.0,0.0,0.0,0.0
2009-03-12,-0.0,-0.0,-0.0,-0.0,0.0,0.0
2009-03-13,-0.0,0.0,-0.0,0.0,0.0,0.0
2009-03-16,0.0,0.0,-0.0,0.0,0.0,0.0
2009-03-17,0.0,0.0,0.0,-0.0,0.0,0.0
2009-03-18,-0.0,-0.0,-0.0,-0.0,0.0,0.0
2009-03-19,0.0,0.0,0.0,0.0,0.0,0.0
2009-03-20,0.0,0.0,-0.0,0.0,0.0,0.0
2009-03-23,0.0,0.0,-0.0,-0.0,0.0,0.0
2009-03-24,-0.0,-0.0,0.0,0.0,0.0,0.0
2009-03-25,0.0,0.0,0.0,-0.0,0.0,0.0
2009-03-26,-0.0,-0.0,0.0,-0.0,0.0,0.0
2009-03-27,-0.0,-0.0,0.0,0.0,0.0,0.0
2009-03-30,-0.0,0.0,-0.0,0.0,0.0,0.0
2009-03-31,-0.0,0.0,0.0,0.0,0.0,0.0
2009-04-01,-0.0,-0.0,-0.0,0.0,0.0,0.0
2009-04-02,0.0,0.0,0.0,0.0,0.0,0.0
2009-04-03,0.0,0.0,0.0,-0.0,0.0,0.0
2009-04-06,0.0,0.0,0.0,-0.0,0.0,0.0
2009-04-07,-0.0,0.0,-0.0,0.0,0.0,0.0
2009-04-08,-0.0,-0.0,-0.0,-0.0,0.0,0.0
2009-04-09,0.0,0.0,0.0,0.0,0.0,0.0
2009-04-10,0.0,0.0,0.0,0.0,0.0,0.0
2009-04-13,-0.0,0.0,0.0,0.0,0.0,0.0
2009-04-14,-0.0,-0.0,-0.0,0.0,0.0,0.0
2009-04-15,0.0,0.0,-0.0,0.0,0.0,0.0
2009-04-16,0.0,-0.0,-0.0,-0.0,0.0,0.0
2009-04-17,0.0,-0.0,0.0,0.0,0.0,0.0
2009-04-20,-0.0,-0.0,0.0,0.0,0.0,0.0
2009-04-21,0.0,0.0,0.0,0.0,0.0,0.0
2009-04-22,0.0,0.0,-0.0,-0.0,0.0,0.0
2009-04-23,-0.0,0.0,0.0,0.0,0.0,0.0
2009-04-24,0.0,0.0,0.0,-0.0,0.0,0.0
2009-04-27,-0.0,0.0,0.0,-0.0,0.0,0.0
2009-04-28,0.0,0.0,-0.0,-0.0,0.0,0.0
2009-04-29,0.0,0.0,0.0,0.0,0.0,0.0
2009-04-30,0.0,0.0,0.0,0.0,0.0,0.0
2009-05-01,-4750.880079074816,-28311.56379828494,4235.827383925764,-11308.332134076958,134.94862751111802,-3115.5631199302443
2009-05-04,1281.4079475186911,36020.78940223501,1384.636651136581,1126.915592940892,134.73198552235633,0.0
2009-05-05,-2985.257464791255,27270.863846809883,6886.458264253896,-1307.0412680124211,134.80393683264342,0.0
2009-05-06,54.24889136230727,-24363.63170538665,5505.899637224991,18646.872465872904,134.73751109838244,0.0
2009-05-07,-17195.835195573054,-80825.96288262492,19546.043156526466,8424.095359211791,134.83387176727862,0.0
2009-05-08,-1125.0431118085614,-18365.17539839157,14152.695918252311,5203.174641655929,134.34795029188336,0.0
2009-05-11,17318.771959929632,16648.226427215664,1886.9978191509183,3338.154930095099,134.34795029188336,0.0
2009-05-12,2514.0782459296847,-4780.365740907826,-9665.41223690821,-8200.717853756261,134.9003664246194,0.0
2009-05-13,7795.901529025426,42889.84415351612,-1153.1172399483778,301.75457758034406,134.91255119470367,0.0
2009-05-14,2425.26301452455,7815.66649114671,-21129.823874915714,773.359449058157,135.17210697153897,0.0
2009-05-15,-4955.029075283555,-15739.596824118289,-7213.457225130016,-2340.317398505911,135.22664678757639,0.0
2009-05-18,-13106.334265009333,-26338.738256569864,4897.242843534043,4352.756184190813,135.05133780567834,0.0
2009-05-19,-3192.157788786751,-32580.814176565214,-18879.264366341577,4610.750665317842,134.68387368674402,0.0
2009-05-20,10175.558905383266,17484.478709245075,-1337.3845983688939,-6721.6438034014745,134.57016933504087,0.0
2009-05-21,-19538.339138660103,-101995.16876475028,-14621.083190112173,-3734.7828231212957,134.84658777289843,0.0
2009-05-22,-11609.777987441903,-39928.02741679338,-10673.206835587363,-6988.59107964424,134.16464536512902,0.0
2009-05-25,-7.354480301302433,-79.36056186930205,-47.58976773802876,-0.6438176024848234,134.94862751111802,-8.71058442573445
2009-05-26,-10009.236183567638,-15214.382945392534,4198.616683154495,10890.05381829465,134.94862751111802,0.0
2009-05-27,-21252.516027867965,-110779.14307422507,-58234.717624377205,-19356.6248945933,134.71501184414524,0.0
2009-05-28,1922.4597482843985,52767.17487295545,-21554.17194864552,16729.58869989463,134.948627511118,-8.841157776558248
2009-05-29,25123.217200410847,114779.67132965427,-2479.150366299964,12836.304788686622,135.109545217079,0.0
2009-06-01,-33665.834829172265,-113071.41865067666,-48317.43055917462,2123.421615128585,135.98208512570415,0.0
2009-06-02,6568.668562081021,32681.57230082875,3520.0171607072516,7096.040365178449,134.942538006798,0.0
2009-06-03,12673.047489286788,2158.97358097018,21803.485544766685,3492.0175202797154,135.19931355340844,0.0
2009-06-04,-21625.703384494605,-60444.159153262,-23934.948394955936,-5271.0989946929785,135.6077856370576,0.0
2009-06-05,-35596.30493144032,230464.14620461295,24232.52109227317,20822.971040624583,134.9069485781796,0.0
2009-06-08,-12611.674086469686,54895.039915554065,-10555.00231167024,-1867.92685720272,134.19060240444128,0.0
2009-06-09,10286.670651089576,-57484.25198114249,9348.620305971166,-2255.559049401465,133.84168110052886,0.0
2009-06-10,-15251.345135868665,-56172.496674727445,12076.52211067288,-10146.183727759328,134.10198002315263,0.0
2009-06-11,11439.60607922658,35767.98737726713,10539.260192252033,12118.197723743451,134.94862751111802,-21.135567101227934
2009-06-12,9937.05896092151,-2814.3080047459453,6164.111990021196,6898.274181477826,135.38283500126803,0.0
2009-06-15,8730.411682922273,-1266.3677397619458,5146.90924857682,-2373.52942863292,135.7061452261282,0.0
2009-06-16,13543.687237412367,72288.21007819926,-25853.433321440796,804.1517442231203,135.94058492378363,0.0
2009-06-17,802.6191488715982,-42555.405650553665,-8221.903035287465,-160.25909054185655,134.948627511118,-13.822547507290437
2009-06-18,-25059.545489516084,-31354.585734125343,-29523.484689782734,-4065.2748054117533,134.9312340980185,0.0
2009-06-19,10044.617295006,56721.89781321576,-26857.109224889715,-666.9721753564776,134.13063832167649,0.0
2009-06-22,12050.423415233818,-5823.180193318762,-17882.256542171737,1133.9218299141098,134.43781874392573,0.0
2009-06-23,9275.70454341722,38553.180332930664,-12710.792618538173,4555.048584218588,134.77683521835584,0.0
2009-06-24,-9373.624578683466,-21749.297272421776,22489.13455247445,-11513.591301132823,135.08689342859546,0.0
2009-06-25,22285.065468814526,31416.43223722715,40888.58792944979,4828.145483447589,134.76466745634832,0.0
2009-06-26,5934.0136786634475,2642.5169116963684,8941.551663357697,-7505.211505831525,135.5184119978658,0.0
2009-06-29,-329.01738060964186,2715.6797476141455,12586.582643820147,4980.491566695858,135.65697159392758,0.0
2009-06-30,-1884.4915181287952,-9105.101968860205,-6053.84983775809,-3248.6172723110617,135.69306264273888,0.0
2009-07-01,2166.4253971751627,-62112.86714611163,-11339.926886735093,-9075.24777121581,135.6087241780046,0.0
2009-07-02,9485.881230880472,-39432.978319807036,6684.736069886767,-6795.31393913672,135.5610795911204,0.0
2009-07-03,-7.59065003228236,-79.7099265134726,-47.82204008630502,-0.6497488445401491,135.7723654766001,0.0
2009-07-06,636.7732632769769,-39976.30233918771,16018.534829121998,-6955.043405225686,135.7723654766001,0.0
2009-07-07,5175.975624669834,41635.13703895264,24911.11531855924,-1424.5510503437479,135.74240011023264,0.0
2009-07-08,21904.506899554057,48692.51259894462,3357.639791552021,-2937.7491933637734,135.94139726356346,0.0
2009-07-09,-16573.785238680153,-73094.88364482093,357.43968192642103,9176.280574063563,134.948627511118,-19.950765609639348
2009-07-10,15847.892856640685,54942.464067137706,21519.723981358937,-3076.964552692939,134.46978339005923,0.0
2009-07-13,-7580.0836494286505,-28817.74524769274,-13263.082350611208,-503.4566109015702,134.99067429134584,0.0
2009-07-14,-17180.348656548933,-56496.17497272735,2422.188056911973,1406.549895695305,134.73274396835353,0.0
2009-07-15,-18652.73601773335,-24067.6602307853,-33880.19924266742,7496.981223134969,134.20179453809374,0.0
2009-07-16,7109.634083078872,-3376.297510036553,11806.367916473317,-5674.653117026739,134.94862751111802,-12.49639504973129
2009-07-17,-10627.297103174807,-43620.03753570136,-4867.413044474922,-1168.7865463840335,135.13418597543168,0.0
2009-07-20,9079.67212632358,19847.92660314918,3468.2977349216912,-2650.9629610089823,134.7878900714093,0.0
2009-07-21,14681.753811537495,42407.86669867194,23303.411233666335,-435.91078106663514,135.05657251105913,0.0
2009-07-22,-10992.57504236977,-35543.57619294325,-14475.716797032295,385.6147980630101,135.53668196654917,0.0
2009-07-23,-24009.538432578727,-15116.860326848557,-12835.04253336789,11547.27438268591,135.1882657635947,0.0
2009-07-24,4601.631284151266,-2228.6764047409943,-8552.353466125602,-4023.8134288228784,134.54350654122186,0.0
2009-07-27,-8951.88832751152,-23650.007092824344,4130.5606522059925,8499.050030391778,134.64481808952243,0.0
2009-07-28,2073.2881972696473,69583.13424295653,-134.20125300204222,-1855.784035053211,134.41912868430026,0.0
2009-07-29,-1155.563021624454,88084.10830540003,-24128.763095830007,16879.032491580852,134.5191926724746,0.0
2009-07-30,3888.671378140449,48237.75071566841,1606.0975697786453,-13960.053937565895,134.61346622175438,0.0
2009-07-31,20630.830489951266,51138.38277809934,15894.49321679,2029.10586610797,134.68456633042712,0.0
2009-08-03,-19808.152204175185,-43198.47808837604,-27481.98573119432,-460.53461042185165,135.34900139398783,0.0
2009-08-04,-4781.822395277067,-11268.774759883054,2499.805418261152,-6562.798334734954,134.7322970672361,0.0
2009-08-05,-12763.225543170069,-68327.75152514577,17881.965218287445,-6649.0935937535005,134.553686302722,0.0
2009-08-06,2298.1549102948466,20284.648837014156,-20873.031486439297,-1901.3224066039058,134.1213327112609,0.0
2009-08-07,-16405.48161238495,13116.583795911967,4175.26621627616,-481.96896237510305,134.16868211827435,0.0
2009-08-10,15158.882557426325,7259.154610281334,-11866.820657910745,-686.1651373077931,134.948627511118,-16.73816911862923
2009-08-11,11607.67481323561,39504.62858865942,2843.4367891245274,6272.144337889394,135.37223611225193,0.0
2009-08-12,-3416.186290182018,-75110.06812532434,20338.10686896487,17923.885180898473,135.76783363847838,0.0
2009-08-13,18449.235212972104,23994.53026414371,24288.632433241153,4102.965929231757,135.74405612889083,0.0
2009-08-14,8376.98969391166,-18285.652825639725,6859.539254958829,-7085.82475074189,134.94862751111802,-15.078542854675106
2009-08-17,11509.69337710984,30529.491552657495,6581.179919328119,-8637.633730750156,135.14649170167118,0.0
2009-08-18,-5546.832031178349,3323.890408017046,-13793.915728206222,5740.000469498245,135.4589054824357,0.0
2009-08-19,10069.501464765204,15112.120121991784,-15900.194934204455,780.3380083169984,135.32048556165083,0.0
2009-08-20,2225.8394335330963,44737.65602020641,-409.2452269345726,3542.8856821759946,135.603691411245,0.0
2009-08-21,-23383.00197490091,-13058.708684797579,-7951.570222533443,3203.841340925307,135.7182707761008,0.0
2009-08-24,14342.00066798404,6825.913553952847,-19652.894990944656,-1523.2295186019473,135.06807749698564,0.0
2009-08-25,4415.037591241574,33867.63485830121,-5293.700572349023,-2963.1778559667664,135.4528135753791,0.0
2009-08-26,1885.751830117027,17053.40276123246,7965.143799858603,-6962.714934145736,135.57931651800922,0.0
2009-08-27,-2871.664184349605,-34716.44019141333,-14126.034592824197,1343.4490708165135,135.6154526116272,0.0
2009-08-28,3478.3990021586933,-8799.208655751481,-11631.279904648152,-3154.5289966888568,135.5010435832128,0.0
2009-08-31,9203.22035443011,-6957.203708066262,17709.921948595307,235.29555856043052,135.56149420872515,0.0
2009-09-01,5674.903602943486,-45793.50094873355,15191.409042690559,-5115.55735667598,135.83951601381182,0.0
2009-09-02,13258.633504907482,49866.27154317506,-1846.484036331603,-562.1464007060264,135.9548160897569,0.0
2009-09-03,-6424.513159471484,-27606.75562869373,11925.667612707453,1970.6525479466002,134.94862751111802,-15.942146277258871
2009-09-04,-14640.968719847426,-69317.18672845674,2372.770023909446,-8322.02681993671,134.76840836410304,0.0
2009-09-07,-7.025289912720803,-79.15455146197071,-47.43158206577429,-0.6374338319296078,134.24885727239538,0.0
2009-09-08,-2930.374550628347,-31758.707792749214,-1488.64297015914,6205.561459197003,134.24885727239538,0.0
2009-09-09,-1179.1864157328473,-14710.481826843696,6470.883398815404,-627.7660469731842,134.17180714039034,0.0
2009-09-10,15636.300790496247,77176.00393144212,-2312.2105007189325,-1728.806725163039,134.13028182746032,0.0
2009-09-11,1280.784486467388,10920.46064812372,1111.2061581748421,6484.48720660504,134.64878292831173,0.0
2009-09-14,-10581.111712056185,-2215.248484759972,-23706.995627088912,-3440.740958559737,134.73256478602048,0.0
2009-09-15,-6742.32844077985,-21883.005437529813,-597.4963854322524,-606.9911249062856,134.3737829806714,0.0
2009-09-16,-4256.19752465614,45752.04967506866,-7410.62860187193,5824.814577332505,134.15354723572602,0.0
2009-09-17,8644.3898144824,27881.010026120577,-6073.15823262704,-1096.413676961427,134.0816129381201,0.0
2009-09-18,-10678.444357083516,568.0204503189497,-11109.372169542386,1473.3686353184648,134.3494437003642,0.0
2009-09-21,1656.5566672115972,-4427.587427804229,-35.01913029718736,-7310.618452550299,134.02796157511443,0.0
2009-09-22,3339.728916590689,21491.388295536,4196.273075385249,546.710238859022,134.03403853862167,0.0
2009-09-23,5090.008162812799,-49875.10446599461,5391.19427953778,-809.0932141284925,134.15861450166523,0.0
2009-09-24,5783.801160071084,8755.545289860025,-7385.018305283999,2445.0745269751787,134.2782979256048,0.0
2009-09-25,3899.915701312567,87458.81635950367,13655.322033020757,4504.593329011321,134.4633007436952,0.0
2009-09-28,5118.8524871015325,37836.4724334539,-5197.203450777786,-7966.15611886124,134.68386686011988,0.0
2009-09-29,-888.9637135563826,20918.386114315916,151.02087829242328,-337.58363968618204,134.80976040567052,0.0
2009-09-30,3408.996819758289,-38311.8246186332,-9991.174085561019,-5172.576883444152,134.79759802118252,0.0
2009-10-01,15411.37564100109,-12642.857632235684,14964.229189581307,2094.0867443329066,134.82801305119622,0.0
2009-10-02,-4409.353592836549,-21423.762248983137,5330.322850842431,252.08009169170185,135.29830644068758,0.0
2009-10-05,488.67788463354583,-2095.649877271415,4779.778378663945,-3307.971816210774,135.16543018469548,0.0
2009-10-06,-6936.930531301055,-16707.456054149923,14956.949854093065,8482.387917842887,135.16543018469548,0.0
2009-10-07,11909.278373282705,19589.094457302046,3558.2640957195563,-15122.900920641618,135.0206380311627,0.0
2009-10-08,-10998.446530457133,-44515.51938918807,15451.713535817802,9698.608784459746,135.29830644068758,0.0
2009-10-09,-21159.841062170624,-31594.294679693292,-5167.303161734123,7649.0253480288175,135.02672950916173,0.0
2009-10-12,-7.153884061188744,-79.1790498115534,-47.46038745717708,-0.6395522883550139,134.4328736182742,0.0
2009-10-13,11410.233932613866,-9939.16212940038,-6405.624890299192,-5443.787849830018,134.4328736182742,0.0
2009-10-14,-15388.145826625709,-51963.25390942477,10264.84563901942,-2791.6340326395407,134.72647330802144,0.0
2009-10-15,-5602.312199120361,-11659.327002660413,-16789.76889843183,4220.244749907132,134.2366852128449,0.0
2009-10-16,7028.324491228249,49171.45210599421,3715.4754217337454,-633.0473306170117,134.06444147953925,0.0
2009-10-19,1723.2750165215475,33945.247341017464,6188.799824201541,-2147.9776209633237,134.31385560518038,0.0
2009-10-20,8926.566395398957,7280.124381294669,3323.9895306006265,33.33252345547551,134.38506223521082,0.0
2009-10-21,-11268.814183638513,-5534.038957513492,-6385.654342555167,3221.9286555003823,134.66021387589865,0.0
2009-10-22,-996.4048950947052,-34434.347821862626,-15884.928301198126,1349.0603215766594,134.3372813158762,0.0
2009-10-23,-10883.141014695493,11418.178290414508,3436.6155657964255,-3663.745929752201,134.2722137105361,0.0
2009-10-26,-10391.41630959167,-41391.774380644325,-9635.039907119884,2102.636165025995,133.93898052006008,0.0
2009-10-27,16316.094423296181,4001.5123683706447,15187.879012780768,-5640.43443195911,134.948627511118,-14.056969275825395
2009-10-28,7559.346490593194,2772.243748614376,-4528.13589488007,4270.615061214909,135.41072409138587,0.0
2009-10-29,-13116.967855029197,-49944.81807586759,1747.6333302671144,558.9032168797829,135.64594824224176,0.0
2009-10-30,19919.1689274604,24921.489488408875,2045.4170484312199,-6749.559779926482,135.2486790321372,0.0
2009-11-02,-4989.254820182073,-11332.16630360134,2515.5012711413947,-6642.812734312847,135.80331596126945,0.0
2009-11-03,-7110.222192771695,-55346.99643023804,8730.054260275294,3249.1435351423634,135.62202355602312,0.0
2009-11-04,-7163.7927894015875,-60559.13234132474,-6861.699965229531,-5875.7912717066465,135.41133292908822,0.0
2009-11-05,2329.62978290979,-14609.041760594268,14379.976693247632,-12254.318030995508,135.1237060163738,0.0
2009-11-06,5749.518107923574,-22519.372163994827,8654.879358414697,-2070.424025318263,135.12981035820846,0.0
2009-11-09,43.846057379308206,13315.61964698361,5937.520602526288,10641.345640381418,135.27994792374727,0.0
2009-11-10,1326.3815510188842,-14222.494302012761,841.7441638587612,11940.108922328867,135.35779088552346,0.0
2009-11-11,-7.4544451656448665,-79.6066744796131,-47.745973936304885,-0.6469867451909442,135.45408032675377,0.0
2009-11-12,5017.861273018838,-13256.100367471683,14584.691336545262,13659.530552935606,135.45408032675377,0.0
2009-11-13,2925.7520240555564,35518.84625289533,-17958.8832852185,-484.4385796145964,135.68310949673045,0.0
2009-11-16,14926.75046828004,41789.224191837,5906.410117872901,-2094.313404198428,135.76759268997856,0.0
2009-11-17,-7.354480301302425,-79.36056186930205,-47.58976773802875,-0.6438176024848233,134.948627511118,-16.35045391023476
2009-11-18,-3146.838059569138,-28180.44533634921,-9195.851432416366,388.18620082377623,134.948627511118,0.0
2009-11-19,3447.434352014895,-29453.449399337318,-2163.448193707432,-1985.004885866639,134.82876303785213,0.0
2009-11-20,-2589.834025278412,8285.140334879658,1870.560943686465,2321.4530992014,134.8951291657564,0.0
2009-11-23,-855.3273262399758,16474.02504481698,2018.9313300420952,-7750.343476086827,134.8409645083562,0.0
2009-11-24,7760.286661778044,751.7574546881618,305.00709886166806,945.4382909773498,134.78683414458004,0.0
2009-11-25,4577.687032890387,13892.225186634303,21575.708510885812,-161.05712185375742,135.02118100512718,0.0
2009-11-26,-7.441861300834525,-79.44988679614758,-47.65217124186865,-0.6457443668130965,135.1896637056638,0.0
2009-11-27,9991.848526785423,-19082.59010499793,25325.90570101978,3770.170575156324,135.1896637056638,0.0
2009-11-30,1797.5890263517128,-4456.313975012824,-35.291687916198505,-7453.939134799266,135.51618731916602,0.0
2009-12-01,-6742.6930577191115,-49996.73554473305,-1889.5148003274185,-11919.45274791385,135.52229838803345,0.0
2009-12-02,-6800.303338844511,34502.59570268186,-16405.40163587266,-1461.7541378621522,135.22631187149008,0.0
2009-12-03,-9174.48968867146,-37063.56420693589,-1835.193224683581,-2081.131990944662,135.02728599259538,0.0
2009-12-04,-15347.215870583597,19704.634660702483,7216.617353110692,-1395.282768332722,134.72136859206458,0.0
2009-12-07,6358.936996002178,-38936.969982680384,6552.691984383571,5643.638480813039,134.2848850935798,0.0
2009-12-08,7354.972132204335,-30462.556996866406,16322.595457839734,-3564.026700399398,134.48805509434402,0.0
2009-12-09,-5597.2797301369155,834.0276464302888,-5131.4156757603205,-10050.481137601497,134.68563162829201,0.0
2009-12-10,-7769.328327127597,-43862.177985919545,21303.509483099155,10432.458801901319,134.4585598401221,0.0
2009-12-11,-7406.24012524445,37589.94777010747,-31761.832352994155,-8088.912479385623,134.27987551684342,0.0
2009-12-14,-3735.613151061394,31212.415724978702,-2741.1331808836353,5212.340054821299,134.00054426562232,0.0
2009-12-15,-5488.26170736565,-11646.35900871178,-16765.73909097008,4201.930237337313,133.9348107206136,0.0
2009-12-16,695.4190854323323,-21871.42546073854,-17655.89445339646,-1303.0477988082691,134.948627511118,-10.990134761574154
2009-12-17,17366.08622924985,14242.822060042276,-1061.3894946799508,-765.7680075436487,134.92513756110094,0.0
2009-12-18,-8954.13169679544,7568.842093644403,-339.1759785828363,1413.228178411533,135.4351106841864,0.0
2009-12-21,-19666.505751916182,-24197.028494648075,-22457.29381340553,-4103.4277421417255,135.1945341432465,0.0
2009-12-22,-9807.130911971552,9086.660226334621,-1359.586398316593,-7756.337235213064,134.56759397449778,0.0
2009-12-23,-2128.7582633013412,1831.2342562036474,-3003.753098461276,3235.7788321524476,134.2410660702326,0.0
2009-12-24,-9087.10564885774,-17177.65866224129,8987.660326063771,7514.404299457948,134.1936692042074,0.0
2009-12-25,-6.930097334072929,-79.04279287636315,-47.35508535336091,-0.6352379560228537,133.9632135198198,0.0
2009-12-28,-7288.158985987152,54340.45838293283,15609.984394143994,-2611.471834015837,133.9632135198198,0.0
2009-12-29,3314.148998635154,37825.72115444538,-14925.314779385693,3650.495998794304,134.94862751111802,-13.917206861613522
2009-12-30,2983.1384793676684,14697.561106449068,-8450.13693723296,663.4378621488434,135.07346593262181,0.0
2009-12-31,-9482.564598387367,30272.7850972978,-14609.3030897644,3570.133353250118,135.16292158663126,0.0
2010-01-01,-7.377963406725761,-79.32492954835239,-47.571393076043044,-0.6439355812465329,134.9182216123677,0.0
2010-01-04,3133.5984682103817,-52573.121860254476,4313.661454786298,-4978.075524080837,134.9182216123677,0.0
2010-01-05,13537.706961841937,-13523.845638562341,-576.8362542342354,428.0263034435338,134.94862751111802,0.0
2010-01-06,-10107.774513811308,-78982.90247866612,9276.484486216756,-631.8023738272996,135.33082369461548,0.0
2010-01-07,-1371.2215979986322,22972.17293653731,-4674.291028073195,2958.1956570865846,134.99733981258007,0.0
2010-01-08,5683.9158113573485,-56525.46331100697,529.0606880221555,125.3970820769269,134.9851544767972,0.0
2010-01-11,-2572.543987877576,-33904.675774059964,3333.5389325343044,2973.0550853141035,135.1110209435933,0.0
2010-01-12,15161.957740940803,62807.899547044966,4225.483412166565,-2382.520648791837,135.0339248969873,0.0
2010-01-13,-11390.282001139003,-25530.16185229892,20515.924883935513,6053.864630093805,135.5112548882245,0.0
2010-01-14,8117.3948034190025,31262.49495299357,-21618.831121528354,-7843.995370338119,135.22993429137634,0.0
2010-01-15,10251.584946448798,-1166.5420527002575,3280.984550222919,-2332.355578615689,135.41532706023358,0.0
2010-01-18,-7.590623938235855,-79.66295401019983,-47.79435577259166,-0.6494335323834736,135.69736725341076,0.0
2010-01-19,-5867.731968452365,14250.673742363697,838.0421353645713,523.7331511133527,135.69736725341076,0.0
2010-01-20,6651.689302288104,36456.13931989771,-4196.325267222547,1224.7352834432052,135.5470549006784,0.0
2010-01-21,10080.033042791869,-7302.2629265627775,8055.426205707397,-577.8438399773003,135.7631196573644,0.0
2010-01-22,1739.8020715546447,-21544.76116020226,-9937.737630155794,-475.35883897415,136.04658179574255,0.0
2010-01-25,-5844.343835060229,-23636.059137168155,12074.185875646312,-3116.629655163005,136.0649198637976,0.0
2010-01-26,178.97530168684105,695.5684149506739,17453.443693512425,1657.2940810830191,135.88396009478637,0.0
2010-01-27,-3869.079490578615,33150.93848871958,-17301.17133461037,7867.910658698292,135.9199876874904,0.0
2010-01-28,457.50510341014314,-40745.64642601982,-1476.0855173439074,-8627.604926974172,135.85952149337655,0.0
2010-01-29,10366.593694525827,2507.987069706131,-4451.813640247373,-8281.341819586378,135.7936587972068,0.0
2010-02-01,-8149.7512976914195,-9085.164644364024,9226.520308332198,-2529.9502564644567,136.03492377889327,0.0
2010-02-02,1380.101649321094,6495.129603707924,2995.7328421002994,-923.983747433361,135.79977027057686,0.0
2010-02-03,-8042.894868817178,-38791.07997093202,10820.097012740445,-4590.881808854396,135.8418504728539,0.0
2010-02-04,17449.42373358463,8158.333947044389,3700.817867941571,988.7580601500716,135.57758796749053,0.0
2010-02-05,6575.429110040567,-12005.4227535793,13688.321558788813,-8165.89907914669,136.0893876538368,0.0
2010-02-08,-4032.3259099787,5398.204135258147,-8860.430890660191,-2640.3959621306117,134.94862751111802,-17.66070528741693
2010-02-09,-9450.519037117123,-4668.037304266827,9151.39636041315,4892.858803223837,134.8111633961093,0.0
2010-02-10,-10959.687235774138,4120.607099393619,18814.932384306503,8022.875341923519,134.57249829548917,0.0
2010-02-11,-1954.0059654023087,-26892.59264225736,15935.179248580826,2840.0874558589417,134.32242373757947,0.0
2010-02-12,7436.114707049759,-25057.678093164082,-17314.39751826564,4652.056986688156,134.28101616191944,0.0
2010-02-15,-7.167924313770398,-79.20456735853969,-47.47699398445307,-0.6399367307045709,134.48942238746767,0.0
2010-02-16,4667.158791494827,6651.933180041587,-729.1308147463743,-852.5783138874458,134.48942238746767,0.0
2010-02-17,-12063.873128012177,-14082.998803683915,-4594.145259347262,847.2487753138544,134.6262627841235,0.0
2010-02-18,-7669.136533697373,-5327.969874129317,-10072.190576174466,3260.9390921215995,134.26397436898196,0.0
2010-02-19,-1242.999862900682,56751.417449901615,3424.793956898155,755.3984301378474,134.03925930042027,0.0
2010-02-22,322.74507887680835,-44818.78504452813,-11121.843630077836,-4243.102624201799,134.05009387012277,0.0
2010-02-23,14582.219151302224,41874.490838611135,13587.901685747547,-1225.2789127862482,133.9919711597099,0.0
2010-02-24,-1893.7449563572895,3506.7800827410383,-17424.07688002887,5725.075600152301,134.47115701835745,0.0
2010-02-25,9811.06104781996,-1160.8155378404329,3262.6908042541963,-2305.3083844469465,134.42966258003054,0.0
2010-02-26,4347.796972138004,13097.695219001413,4148.432384602089,-1795.307791257167,134.70951306891826,0.0
2010-03-01,971.0816672468951,-16656.580588814908,9454.529738476544,-3898.9022412827976,134.84070028517394,0.0
2010-03-02,-366.9527753629473,-10649.35514261123,6564.929863168704,-5673.740586224224,134.8467948014597,0.0
2010-03-03,-1624.2655247049868,4251.410065417303,11506.687244569273,-4261.504378906847,134.80506766686895,0.0
2010-03-04,-349.57957688062646,44802.55093344845,11068.502370070166,4280.045766867912,134.75118188415277,0.0
2010-03-05,-12175.09516141715,-22204.256070150637,4963.537654293473,-697.04799466178,134.8102458869695,0.0
2010-03-08,-2979.694454344702,-36211.90640778676,373.69802333385644,-1153.6537939462994,134.44682014174077,0.0
2010-03-09,1769.0346011701004,-8082.468047634359,7641.147896946525,-1508.8977802414267,134.32850614173088,0.0
2010-03-10,-4796.204428858576,18275.840742497276,-10633.421866882061,7091.05239045136,134.3760262614854,0.0
2010-03-11,-2664.3680141325176,58360.691080620556,-9124.535330269855,3200.8652774441744,134.27493496724006,0.0
2010-03-12,2867.582669645337,27150.125314227225,-8274.78319946973,-2012.7939011654992,134.24454712491746,0.0
2010-03-15,-3.630910162781084,-12594.716017033563,-183.5500419294389,2672.376460686759,134.32739120638783,0.0
2010-03-16,7294.084828382597,7175.602269072479,5170.915586665376,4.943554576330382,134.33346635842773,0.0
2010-03-17,342.76407831194683,35528.428670187925,-6374.6532202944045,295.2052692883899,134.55931638754635,0.0
2010-03-18,-6616.894403123304,5653.917864725746,-8925.083371609624,9773.910301600812,134.58877063557978,0.0
2010-03-19,-4009.3522606912165,34871.499912104686,-10421.353712883418,-592.0787998794423,134.44580060101626,0.0
2010-03-22,4528.996782288953,-3127.3027122225976,23203.309220102245,-4868.3592340062205,134.33849901362524,0.0
2010-03-23,-2945.966141319812,-14802.500682546219,8322.627231226046,-660.7237552573157,134.469138477258,0.0
2010-03-24,-22425.848796857455,-35087.55665825986,-44713.24618730498,12633.887482661157,134.37999345195215,0.0
2010-03-25,-7432.981676682776,-28845.95879968332,-1684.9496747183107,-12171.058476426999,134.948627511118,-17.052659988949017
2010-03-26,8193.056657014227,-26349.922068135496,4847.5585017799585,3020.49288499826,134.64612246196296,0.0
2010-03-29,-1795.828674145128,-9076.6210287885,-6030.154888332635,-3212.932270967778,134.88987743831476,0.0
2010-03-30,-394.3516651249275,18923.014093559304,4971.677894680328,-3625.2237679082564,134.8068948542067,0.0
2010-03-31,6917.334079312835,-7806.191011150742,2097.8731920795954,-1431.090589599817,134.79471829027597,0.0
2010-04-01,-6201.478481809343,2850.659975891966,-9963.24413349572,-6798.590317481851,134.98515720543602,0.0
2010-04-02,-12001.002124161876,-5203.089253363381,3234.8743285148275,4025.9452154379815,134.7593580324111,0.0
2010-04-05,-10155.218413593137,24429.65685316645,-213.50357675327038,6067.886973418431,134.43352165644328,0.0
2010-04-06,5052.624856693051,-20401.796873077863,3803.7009336376855,1215.3678707511438,134.18518249171862,0.0
2010-04-07,14958.767201032257,13338.096505552208,-16564.94376478158,-2413.850130383095,134.332877438912,0.0
2010-04-08,-3411.7462275811617,12274.948638127975,3798.1709147821985,-2740.353492539602,134.7532703553011,0.0
2010-04-09,727.9055951569144,4044.8981944491125,-11533.142522104225,6593.117500924937,134.65220530339212,0.0
2010-04-12,5660.3251169733285,15181.84772194204,9041.06469614181,-10104.904511702623,134.69967956671283,0.0
2010-04-13,3105.7665805994557,15458.620911940512,8959.813964898594,2297.439321199682,134.83010865425135,0.0
2010-04-14,-4872.098285747371,-28282.006553965737,-7340.425618681847,359.57574562514753,134.95471276975687,0.0
2010-04-15,3994.935571353758,-22569.99071724555,10490.159530610956,-2092.292267688059,134.78863182255722,0.0
2010-04-16,11322.989023652344,-7176.1989690104,6163.5206910262195,-542.7065265036288,134.88987743831476,0.0
2010-04-19,-6691.846355450185,1204.7754875147534,-7090.908682523668,2382.995295508285,135.2177882484393,0.0
2010-04-20,-919.5127327176342,50560.886556074205,-1444.9618963791613,1708.140977896776,135.03284238206342,0.0
2010-04-21,7393.315788569733,27898.367842106592,-4246.611009427481,-1139.1145103239787,135.05010124909853,0.0
2010-04-22,-7068.2590520192725,3994.831466502576,5517.166782124382,7343.878254048835,135.27082471013384,0.0
2010-04-23,-5825.764704717357,5302.490214751263,-7010.098496570123,-2675.6022903448375,135.1212576030028,0.0
2010-04-26,1337.2217256954839,-6090.225869188958,2844.0348261992735,1776.5122409934206,134.93646061981053,0.0
2010-04-27,19059.650371513562,29653.82690175928,21384.204789729312,-10167.107508539675,134.984136120027,0.0
2010-04-28,-10679.499243466911,-50915.25439543632,-27232.16067849315,-1877.6550067464482,135.52204069545306,0.0
2010-04-29,5792.524902476378,7107.392518536244,7053.780316019367,-23.67468880483191,135.14561073149576,0.0
2010-04-30,10637.46197574341,22007.79660394265,-3214.4381302711167,671.0014129949457,135.32480481962958,0.0
2010-05-03,-4696.46693358629,20031.113755928844,-13595.161486213792,-2053.1826449699097,135.64257956899553,0.0
2010-05-04,14418.41851913835,39250.55644396972,2932.184019451674,-6251.276101569437,135.49837579098056,0.0
2010-05-05,10969.890658289836,-29179.972594601288,-9634.36067669021,-1898.5199557832843,135.90130207716032,0.0
2010-05-06,29464.041453884918,43711.572244045215,-21482.234453834906,-11828.327871606409,134.948627511118,-13.892806937612477
2010-05-07,-10851.3532276475,-5259.155892127231,50865.45768633025,4905.584534204229,135.74295032918778,0.0
2010-05-10,0.0,0.0,0.0,-0.0,0.0,-3126.803995905965
2010-05-11,-0.0,0.0,-0.0,-0.0,0.0,0.0
2010-05-12,0.0,-0.0,-0.0,-0.0,0.0,0.0
2010-05-13,-0.0,0.0,-0.0,0.0,0.0,0.0
2010-05-14,-0.0,-0.0,0.0,0.0,0.0,0.0
2010-05-17,0.0,0.0,0.0,-0.0,0.0,0.0
2010-05-18,-0.0,-0.0,-0.0,0.0,0.0,0.0
2010-05-19,0.0,-0.0,-0.0,-0.0,0.0,0.0
2010-05-20,-0.0,-0.0,-0.0,-0.0,0.0,0.0
2010-05-21,-0.0,-0.0,0.0,-0.0,0.0,0.0
2010-05-24,0.0,0.0,-0.0,-0.0,0.0,0.0
2010-05-25,-0.0,-0.0,-0.0,0.0,0.0,0.0
2010-05-26,5777.835145081033,15352.697710677765,9146.132317758636,-10141.716546006404,-134.948627511118,-3113.0016380255074
2010-05-27,18715.20960463983,54932.767150782485,10168.315473559487,-3866.556730803152,-134.81616586671686,0.0
2010-05-28,-9892.933743076643,67363.61702270112,15778.281032561346,7037.689291932822,-134.2411879290984,0.0
2010-05-31,7.04337824316516,79.25744664968263,47.49424036881946,0.6383985512991969,-134.4334638129664,0.0
2010-06-01,-1713.5717651745706,-33989.46307009984,-6196.145238266907,2148.2640814468555,-134.4334638129664,0.0
2010-06-02,8419.139968572095,9460.382405515204,-1390.9807210832087,3308.232424461097,-134.50488435709562,0.0
2010-06-03,4995.492709338702,34308.77153609165,2583.4961392279947,-2085.43065244668,-134.22997124145428,0.0
2010-06-04,-26416.626370505146,-41374.402230715474,-22804.98108476763,2662.396198439047,-134.06354277140085,0.0
2010-06-07,-2812.9411582017196,-26357.639048350473,-23563.734895453043,2876.2903064770694,-134.91927598141783,0.0
2010-06-08,1551.4378137471474,-9632.988720177955,22233.745300049788,-4012.24904282429,-135.03351689217715,0.0
2010-06-09,2186.8978596701045,15196.333647172009,1283.1279545701236,1468.6318744190016,-134.99133583121593,0.0
2010-06-10,19159.322685644,52964.3815685004,14999.915818014788,-7159.801796415433,-134.9070626698501,0.0
2010-06-11,-13339.304728825022,-39087.52218807286,-2916.325828609603,6146.807661932691,-134.33165347986002,0.0
2010-06-14,6384.891296422757,19475.848777675288,-2353.512703967662,-3505.007093015224,-134.7327666637884,0.0
2010-06-15,5095.8943544006825,9264.662386068288,2314.9466327454575,3253.3906000358215,-134.55284168569852,0.0
2010-06-16,-7419.907783575455,-8862.636790210756,9242.981588395774,-2474.10054238762,-134.37339220587143,0.0
2010-06-17,-8063.363973175089,-15749.870661010691,-3391.9846188613114,-2373.4879773313987,-134.60693326108597,0.0
2010-06-18,4352.351066061915,713.0648730450752,4112.9613736707415,889.9715059546437,-134.8771838314694,0.0
2010-06-21,2147.1593424114694,15184.039307296558,1281.707118631146,1463.035962853167,-134.73887149622178,0.0
2010-06-22,-10684.912453719055,-28840.25388068919,-9444.641716316779,-556.0629796465871,-134.65495308871925,0.0
2010-06-23,-8579.185204555375,-416.1144018124151,9334.783390487586,-142.2901645174234,-135.00965762255385,0.0
2010-06-24,2416.433065009136,20567.668009240766,-20918.784673817652,-1924.1356924809866,-135.25142069310488,0.0
2010-06-25,-3950.7767210843413,1899.426480199167,-1064.9492759576958,3247.003238785938,-135.20300617169022,0.0
2010-06-28,-10229.429979576531,-20337.912942349736,-11273.808921245467,1829.5235924197743,-135.29986621857043,0.0
2010-06-29,-9494.982586660166,-45936.50778916002,-9614.976451545674,-5307.261170262708,-135.61536518166864,0.0
2010-06-30,-693.8182502986928,-20362.810017353353,19218.82890690048,1973.7622397539417,-135.96287900238585,0.0
2010-07-01,-364.16580301158007,-35779.11876148689,6425.679225861446,-300.10685059422855,-135.96287900238585,0.0
2010-07-02,5443.075504195525,42712.58733723074,-7017.2137425799965,-567.0022037797968,-135.99344862976687,0.0
2010-07-05,7.672078265625244,79.68377472443073,47.81572680508062,0.6508109608816623,-135.82239075601822,0.0
2010-07-06,-7893.792233781359,-24288.912807328208,-15105.234154561504,7001.444241535336,-135.82239075601822,0.0
2010-07-07,7283.984955274461,42821.76984458829,-8885.759820342215,-538.3440725306481,-136.0424080062738,0.0
2010-07-08,4065.370596159608,32440.42211104564,-2316.2538909977307,6302.060707077001,-135.82239075601822,0.0
2010-07-09,5555.5364065343665,21876.89382325894,14086.95461159993,-11176.489104437665,-135.65181467268016,0.0
2010-07-12,1671.4962838403833,-4267.526576126869,-11555.300264088026,4296.267392882534,-135.52419781589168,0.0
2010-07-13,8579.837370017427,24886.064578106838,11365.213307471533,5609.452432269451,-135.46948354755,0.0
2010-07-14,-12267.907375094084,-13967.085866959551,-4514.037300892364,853.3165088338535,-135.16073597645428,0.0
2010-07-15,-9069.914676952054,-35314.38171485711,-16251.126565294493,415.0589104465035,-135.53031725486525,0.0
2010-07-16,-5789.516086846787,-9896.643329306542,-31361.573657621277,6827.790572099369,-135.8346308532439,0.0
2010-07-19,4649.411976128873,25953.436371460433,4410.46901258858,-4550.721586623142,-136.00568872699256,0.0
2010-07-20,-1499.9764083925943,1665.9539531582627,-12615.664096451725,2491.6451160026863,-135.87735009077508,0.0
2010-07-21,-11714.527429437865,-51447.36986816999,14512.06837551913,-1930.7302413870586,-135.92009946540443,0.0
2010-07-22,7353.82938891513,32506.87758105611,-6017.294120987283,6291.535778527222,-134.948627511118,-15.259885108018352
2010-07-23,7906.70274669743,39318.339871617034,18196.735846561594,-5464.537618277466,-134.68244764400998,0.0
2010-07-26,2422.427621696491,-157.6890204405063,-11413.943045618485,-770.4109509806271,-134.42955298682628,0.0
2010-07-27,8052.647671210439,11430.152565866043,5345.04763051366,-4998.135007800277,-134.3753002250712,0.0
2010-07-28,-7298.3738380967325,21544.010557178026,-24100.865774067577,396.28562337345545,-134.14721591387934,0.0
2010-07-29,-2724.8760400014207,29099.2310713512,-18993.668376186044,12746.229494747486,-134.38140340279043,0.0
2010-07-30,-13916.781086501347,-37076.05846967817,-7727.268623524528,9424.788594138688,-134.3936134069038,0.0
2010-08-02,7650.962376242012,46698.688753241775,-8755.830890274867,-5561.405796552945,-134.79752421267594,0.0
2010-08-03,-8408.859501875631,13067.6718898655,-33924.89178407156,9629.69624500415,-134.5802962985207,0.0
2010-08-04,7496.555913492168,-5231.780341260105,16718.184130674777,-8945.746549533633,-134.8097488254834,0.0
2010-08-05,-6075.885183974316,7465.831199313052,-11716.24021968749,626.0003411434666,-134.62246023705003,0.0
2010-08-06,-9589.794222675635,-18644.187953750457,-14121.977645269822,-7332.715255897414,-134.8097488254834,0.0
2010-08-09,3440.6907170778404,-25675.543383573986,-9784.89480551965,-7884.9434469980115,-135.1674362425035,0.0
2010-08-10,-8401.542399396749,5835.391956707096,-44742.111823502855,-2685.1322520615427,-135.14297726692314,0.0
2010-08-11,-6326.18275874781,-68853.63261814327,-6827.065743321715,-8254.422716913452,-135.45370519332033,0.0
2010-08-12,3860.1064072924028,-3425.2649110672583,15671.02843060317,-5796.155498095329,-135.7414601460252,0.0
2010-08-13,-6656.01764970794,-49056.18715646034,15671.415570788338,-10296.697156560162,-135.6494876620117,0.0
2010-08-16,-15985.862896759652,-82920.18541735763,22723.002413327937,5238.745242631085,-135.91354678541293,0.0
2010-08-17,7068.247492338248,30828.546430586775,8438.052207142193,3800.102497443961,-134.948627511118,-11.313098149883444
2010-08-18,-928.9580526458321,-21926.62180985217,33529.41763996986,-540.3960622064335,-134.68682408676858,0.0
2010-08-19,-8543.318128159659,-34401.53526209289,1214.0003578622502,2044.1934644926903,-134.69293411318827,0.0
2010-08-20,5179.242798020212,3903.172428581849,36057.37549003959,-5004.829865422631,-134.96085121899847,0.0
2010-08-23,-3599.956733982424,-8980.684297803213,-15645.713592897107,8400.872466692972,-134.79026816922877,0.0
2010-08-24,-10678.005055146717,-65647.50181533577,-30145.996679264754,-3296.7225754302535,-134.87549923415935,0.0
2010-08-25,5898.427731628952,-5305.484170235476,7015.5131319427155,2682.692662545414,-135.29735997030235,0.0
2010-08-26,-6000.906403524665,-29473.5660099734,16853.461704070007,-1328.5425713603586,-135.10747622005835,0.0
2010-08-27,21449.400754855524,82748.60367516753,-29.492992034273257,6605.132079287528,-135.29124872564444,0.0
2010-08-30,-15918.784712775858,-25449.981434098907,-11565.916900296348,-6492.021775852095,-134.57740632300013,0.0
2010-08-31,-10552.301921324866,-34550.84056741042,3073.9011652531426,2028.6617693254077,-135.12580629962855,0.0
2010-09-01,15685.064197969514,71146.30620935503,-5267.055672114222,-839.7330190074521,-135.44468627632054,0.0
2010-09-02,6003.466207531695,51081.7610087954,-8773.390042305775,1823.1175647342764,-134.9547387557759,0.0
2010-09-03,10431.808867130698,39900.297359920245,12554.18066485582,7022.575513886179,-134.74158545501012,0.0
2010-09-06,7.045690188632267,79.20200644099322,47.46182718275239,0.6380620000955582,-134.34758581247337,0.0
2010-09-07,-14188.109425651097,-64614.223100346586,600.0541773485949,-905.0550387819338,-134.34758581247337,0.0
2010-09-08,7788.662741265192,13466.03383268056,536.8185362474755,-1738.6707238592605,-134.83286859941057,0.0
2010-09-09,16664.38678699358,45909.21010286529,4185.253438922187,-7054.407752559915,-134.60183425262662,0.0
2010-09-10,4517.888846946851,23772.283267612263,-2357.955685785218,3833.9415316994614,-134.10600345881178,0.0
2010-09-13,-10310.482585436797,725.4618152015116,-10995.332545195763,1464.8970024444009,-133.93159692271036,0.0
2010-09-14,-8956.904317771525,-3596.926539663195,-22540.921148458914,5696.250260536236,-134.25696720597148,0.0
2010-09-15,7117.828201906373,57550.07556724659,-5733.715044039738,903.015870258246,-134.52918600120685,0.0
2010-09-16,3354.6509956602554,46751.89702972132,4571.12972243941,-4778.2673342810085,-134.27529728554168,0.0
2010-09-17,-2511.7072533532855,-12983.24046013554,-5989.9788618385965,1806.7950452529274,-134.160982744823,0.0
2010-09-20,-4163.523776863134,-13085.577158631626,-4141.65559369958,1780.839893012481,-134.2453133591241,0.0
2010-09-21,-13506.767671943635,-31788.394978195443,-18286.272666534438,-5502.200508046206,-134.37814813017306,0.0
2010-09-22,-4281.244105601901,-47173.207971116,-690.3891444259569,-7655.743428222382,-134.8695689863813,0.0
2010-09-23,500.87512891560294,-14506.773293969862,4737.872530647255,-605.62017718289,-135.0769049329426,0.0
2010-09-24,6590.480259481952,45438.58545668195,3755.2731529362177,4410.450146449368,-135.07078637213326,0.0
2010-09-27,-10334.175722287946,-55984.19970569241,-4902.7979371164365,1522.3742592277429,-134.8147302140998,0.0
2010-09-28,-10058.508168683657,18175.967879471886,6580.645640258233,-4621.405063174972,-135.16249936853148,0.0
2010-09-29,7370.342998544652,-23023.462881274154,-22170.648391152317,8036.6546534335575,-135.4628768009333,0.0
2010-09-30,-806.4015662237915,17464.158451090778,7961.882699983639,5562.955586308432,-135.2482153357295,0.0
2010-10-01,761.1542281807942,16791.19520286668,-11335.454762952882,3943.232008010263,-135.21758293126896,0.0
2010-10-04,-3731.639337319279,2774.281088372508,-21383.155443583226,-7592.775226763342,-135.1747401519032,0.0
2010-10-05,189.1030147109376,22486.59727841579,-23896.11420104125,1355.7663239603185,-135.3524160457789,0.0
2010-10-06,-10675.949736372393,-35403.34383650031,-2768.789440956734,-11338.243462315879,-135.3524160457789,0.0
2010-10-07,186.30925546516224,47725.54624213385,-23667.79982089841,-4075.879045917382,-135.75857170441924,0.0
2010-10-08,-722.0408020696508,31017.96250953728,-23883.56586467674,3742.121443684525,-135.7708271488585,0.0
2010-10-11,7.663747561922823,79.6611897667039,47.80148643089253,0.6505329459493367,-135.77695670546854,0.0
2010-10-12,5808.75921574233,19117.862484245677,-10176.8719326279,-4398.725488549298,-135.77695670546854,0.0
2010-10-13,2057.387321524303,31538.430200375453,-17925.367313952374,4605.122539460224,-135.63516273668984,0.0
2010-10-14,8560.52471188645,41155.45303734901,3777.119043440116,-3015.4216882245437,-135.54895859251235,0.0
2010-10-15,6613.271524440701,62549.32957070782,2024.6875901048638,9173.515956072828,-135.2849523417915,0.0
2010-10-18,-7625.001350311519,-42032.548768476074,-30739.293872190057,549.1765752365872,-134.9916048214812,0.0
2010-10-19,-3974.3568096878153,-10683.61068804421,-1202.2200619500857,5951.878496007513,-135.2849523417915,0.0
2010-10-20,-702.5404902754065,9335.124201318778,17564.645234112704,4012.9602284823313,-135.37691715612584,0.0
2010-10-21,7930.656987487976,30565.58651876217,-1197.7676828516492,3006.3442994207767,-135.34624096473783,0.0
2010-10-22,746.5552869394643,7744.64293943726,30157.009996845525,1531.7335429513905,-135.07701734256906,0.0
2010-10-25,1081.7004744933035,-37240.996413464105,19010.155386366536,-2755.7666807530263,-135.00386271167193,0.0
2010-10-26,11643.005916427237,41280.37770125739,52.582742943167005,-2933.1174431091827,-134.9916048214812,0.0
2010-10-27,9134.541721183701,42233.00253016385,28926.885945185495,-516.7131857185059,-134.63278525624162,0.0
2010-10-28,-9142.384366580034,20744.139192977716,-51205.08906353749,10282.968760761045,-134.29426673391228,0.0
2010-10-29,-8804.425284216493,-19852.08836248055,-3467.2187828107453,2637.613013457693,-134.56635347951,0.0
2010-11-01,2115.424359775183,19668.267370622834,-586.1902452219333,8862.875224298006,-134.83953131099733,0.0
2010-11-02,-5256.251281863487,-52152.4415816481,19520.927765372166,8141.491136465602,-134.71200137969143,0.0
2010-11-03,5918.5680496371715,115812.73840161644,-83427.09522134461,1731.3445389525236,-134.83953131099733,0.0
2010-11-04,-11768.314319641713,-44239.87811382523,-46427.39675010616,-26783.93377352095,-134.66955159212006,0.0
2010-11-05,10333.483738846508,16931.787615819307,-18697.575096686014,-8420.150432216682,-135.27272693862596,0.0
2010-11-08,3541.475018391691,-20430.548213223043,5775.42276547363,1200.051509570339,-135.0281688307408,0.0
2010-11-09,19144.395234575582,48511.072315215075,16872.50813106585,-14574.642208462774,-134.92444284641337,0.0
2010-11-10,-5705.7064012767805,3876.693302844641,-30085.619973611123,-17453.580445929245,-134.38426425098794,0.0
2010-11-11,7.164278483188644,79.33483848662551,47.55335679155927,0.6407546967091702,-134.69322845808256,0.0
2010-11-12,13732.345670103146,-36154.841055165845,51434.26214110797,10679.895569443674,-134.69322845808256,0.0
2010-11-15,19539.977090348282,67317.16425211157,57536.302199144324,-5682.38643784678,-134.18479574881613,0.0
2010-11-16,-9627.745680896964,-73478.78201263426,36469.21250802742,-3227.736186984947,-134.948627511118,-10.318995944428025
2010-11-17,3472.5802258418216,46935.02683310102,-7001.456001703332,6870.184050919002,-135.25838135073298,0.0
2010-11-18,1467.9154649759826,-26634.653172288876,12383.440413967046,2925.746621029825,-135.09429577859916,0.0
2010-11-19,-1002.2027753481038,-35321.53212589848,27611.613723132148,-11172.602305785727,-135.0395969522228,0.0
2010-11-22,-11830.371670506238,-10593.882782088122,-33444.833598436075,5849.731781969737,-135.12457597930066,0.0
2010-11-23,-5863.523612906414,14384.0034179902,932.0074893961475,524.4279232612548,-135.48403357751855,0.0
2010-11-24,23540.800749364862,22750.361623077664,33283.30803412118,1672.667467387628,-135.63691957452627,0.0
2010-11-25,7.332145014145579,79.349776041096,47.580915938236025,0.6434058677506129,-134.90624286122818,0.0
2010-11-26,-8085.501908297608,-44564.05848489431,15605.684525051698,-2791.604642363095,-134.90624286122818,0.0
2010-11-29,-3957.525382849728,-40278.35217246618,395.8721200168703,3898.4979463453783,-135.17322207235546,0.0
2010-11-30,-7789.49201788209,21500.70683461224,25119.25046482456,1194.7156932692933,-135.29489458650443,0.0
2010-12-01,24162.796290445614,26843.312296734442,33333.11871213408,-3411.1622984840137,-135.4657562584217,0.0
2010-12-02,5669.766799798902,7254.204365101777,7134.454910575259,-22.260724045280913,-134.73700304820744,0.0
2010-12-03,-1389.873416026166,82161.93366377856,-7752.24993398609,7011.218615777798,-134.55602308740396,0.0
2010-12-06,-0.0,0.0,-0.0,0.0,0.0,-3096.747650712038
2010-12-07,0.0,0.0,0.0,0.0,0.0,0.0
2010-12-08,0.0,-0.0,0.0,0.0,0.0,0.0
2010-12-09,-0.0,-0.0,0.0,-0.0,0.0,0.0
2010-12-10,0.0,0.0,0.0,0.0,0.0,0.0
2010-12-13,-0.0,0.0,-0.0,0.0,0.0,0.0
2010-12-14,0.0,0.0,0.0,0.0,0.0,0.0
2010-12-15,0.0,0.0,-0.0,-0.0,0.0,0.0
2010-12-16,-0.0,-0.0,-0.0,-0.0,0.0,0.0
2010-12-17,-0.0,-0.0,0.0,-0.0,0.0,0.0
2010-12-20,0.0,0.0,-0.0,0.0,0.0,0.0
2010-12-21,-0.0,-0.0,-0.0,-0.0,0.0,0.0
2010-12-22,0.0,-0.0,0.0,-0.0,0.0,0.0
2010-12-23,0.0,-0.0,0.0,-0.0,0.0,0.0
2010-12-24,0.0,0.0,0.0,0.0,0.0,0.0
2010-12-27,-0.0,-0.0,-0.0,-0.0,0.0,0.0
2010-12-28,0.0,0.0,0.0,0.0,0.0,0.0
2010-12-29,-0.0,-0.0,-0.0,-0.0,0.0,0.0
2010-12-30,0.0,0.0,0.0,0.0,0.0,0.0
2010-12-31,-0.0,-0.0,0.0,-0.0,0.0,0.0
2011-01-03,0.0,0.0,-0.0,0.0,0.0,0.0
2011-01-04,0.0,0.0,-0.0,-0.0,0.0,0.0
2011-01-05,0.0,0.0,0.0,0.0,0.0,0.0
2011-01-06,-0.0,0.0,-0.0,-0.0,0.0,0.0
2011-01-07,-0.0,0.0,-0.0,0.0,0.0,0.0
2011-01-10,-0.0,0.0,-0.0,0.0,0.0,0.0
2011-01-11,0.0,0.0,0.0,0.0,0.0,0.0
2011-01-12,0.0,0.0,-0.0,0.0,0.0,0.0
2011-01-13,-0.0,-0.0,-0.0,-0.0,0.0,0.0
2011-01-14,0.0,0.0,-0.0,-0.0,0.0,0.0
2011-01-17,0.0,0.0,0.0,0.0,0.0,0.0
2011-01-18,0.0,0.0,0.0,0.0,0.0,0.0
2011-01-19,-0.0,-0.0,-0.0,0.0,0.0,0.0
2011-01-20,0.0,0.0,0.0,-0.0,0.0,0.0
2011-01-21,-0.0,-0.0,0.0,-0.0,0.0,0.0
2011-01-24,-0.0,-0.0,-0.0,0.0,0.0,0.0
2011-01-25,-0.0,-0.0,-0.0,-0.0,0.0,0.0
2011-01-26,0.0,0.0,0.0,-0.0,0.0,0.0
2011-01-27,-0.0,0.0,-0.0,0.0,0.0,0.0
2011-01-28,-0.0,0.0,-0.0,-0.0,0.0,0.0
2011-01-31,0.0,0.0,-0.0,0.0,0.0,0.0
2011-02-01,0.0,0.0,0.0,-0.0,0.0,0.0
2011-02-02,0.0,-0.0,0.0,-0.0,0.0,0.0
2011-02-03,0.0,-0.0,0.0,-0.0,0.0,0.0
2011-02-04,0.0,0.0,0.0,0.0,0.0,0.0
2011-02-07,-603.6223676030125,22619.305661757353,-14304.16448419852,2153.5325625330743,134.94862751111802,-3126.273782407581
2011-02-08,-13199.767387879432,23938.69542681823,-6134.321825559079,5250.50973828195,134.94252935501714,0.0
2011-02-09,11273.857471889958,10632.783024438511,10245.688607777807,17429.703824543707,134.6024596687446,0.0
2011-02-10,-8954.863590402187,3118.6862672040575,-10047.967209194034,5656.269025959953,135.0495338908911,0.0
2011-02-11,5296.22115767205,35000.96297688425,8322.263775248512,11187.478375017308,134.81649421886007,0.0
2011-02-14,2211.9398292416486,40137.27583749838,1460.7177338473293,-3925.9499176489176,135.06699027794127,0.0
2011-02-15,3061.209287703765,-14888.27637205318,-6852.652523306933,-1388.9614286194571,135.13854701190866,0.0
2011-02-16,-2680.4843939506695,8286.197834120461,1871.9157183708628,2335.6943774763513,135.19872253619764,0.0
2011-02-17,8184.867622353155,-36954.74584849011,11475.586771356146,-2656.960601255809,135.14463425711773,0.0
2011-02-18,-1275.19198521064,-39910.76338669422,6231.024564356723,4778.2846344486325,135.34899983498667,0.0
2011-02-21,-7.557679813707883,-79.44926727453237,-47.66474693907345,-0.6475002784866022,135.31919430580027,0.0
2011-02-22,18797.1745068426,38929.75188123865,38914.82479181385,-6201.902866981839,135.31919430580027,0.0
2011-02-23,-3683.896146729051,8783.198422087155,-37933.21627977047,2374.903700249086,135.8918708510797,0.0
2011-02-24,4940.099748128396,27426.385015936296,-10202.812288873298,-2024.4036867056438,135.76490205461326,0.0
2011-02-25,5174.0445787345125,15614.19459840344,7139.0845676816425,2362.6296252127386,135.89797386470838,0.0
2011-02-28,3398.292325649918,-13243.463070882884,-9730.071912174033,-10559.705970104147,134.948627511118,-9.147371594142896
2011-03-01,2982.631179670011,-14893.72134267219,-6852.004062340025,-1383.0655576631627,134.96693610901602,0.0
2011-03-02,-8249.519843322252,-19593.335129675466,4213.754398755164,3492.0315668732605,135.02722201550137,0.0
2011-03-03,-19895.646031407927,2088.503308228593,-6683.004110072897,4626.814251981632,134.79936456523603,0.0
2011-03-04,15646.151683030426,-50556.03682303359,16452.372824681584,-2280.5890310510654,134.23847217522132,0.0
2011-03-07,-3006.087186966857,5830.202441057702,-1082.6036912463094,-1798.0173129099774,134.6800991409784,0.0
2011-03-08,-6698.0879493357725,-17480.5372585817,9094.497429452616,-4823.857040239685,134.5844555522641,0.0
2011-03-09,9707.270914626255,24708.259057492403,9354.161849026934,5555.221270467798,134.35807559924103,0.0
2011-03-10,14836.234549343875,15240.414485835936,27810.58111728106,1643.8841162645697,134.70965072478356,0.0
2011-03-11,-1906.6980328195941,-17996.624460202227,-13889.698342478881,-6424.295112761054,135.20149109281246,0.0
2011-03-14,6730.088977161352,-9496.674792228729,16570.793032376874,-3930.0427303885062,135.08143693325874,0.0
2011-03-15,2563.802060308825,50811.73391012291,-5166.0088012424585,1770.7043338072842,135.26805287060685,0.0
2011-03-16,17237.660524391762,23490.03258151364,28052.052175758017,-8485.96850621935,135.3823454080445,0.0
2011-03-17,-5970.666954846214,-10963.428257736618,563.8472270984116,5974.055232965001,135.87911068003046,0.0
2011-03-18,-4823.31298699629,2990.3235495786976,-23485.718782736774,4947.2728801349995,135.73937664947715,0.0
2011-03-21,-10159.508804982854,27880.003392610255,-17609.4526699106,-576.8738165638485,135.6060298459701,0.0
2011-03-22,-1509.1051660895478,18551.34982866349,-14405.500025589297,7234.159145258547,135.31570460039947,0.0
2011-03-23,-1354.3876497199976,1469.9653966485973,-1073.1715871752958,-9251.122310986419,135.30959808746593,0.0
2011-03-24,-9072.432640756268,-5785.075706706942,-17908.402137211495,2465.6492486295797,135.21917642912754,0.0
2011-03-25,-8680.91861762205,29006.914949882463,7637.276467781493,1901.778572447002,134.948627511118,0.0
2011-03-28,-2697.054139046627,16390.14743675018,-7690.2790020323255,3864.5666603771338,134.73837840660016,0.0
2011-03-29,-3503.3013202496527,-21700.912499328475,-4304.180650540052,-553.1413790022405,134.6843762082761,0.0
2011-03-30,4421.005099352822,4977.3118712290925,13694.765553944686,-3333.3769006276566,134.55909329800028,0.0
2011-03-31,-1078.2902019709209,12058.872933249371,-19233.765916769302,8118.492718553002,134.6904669378571,0.0
2011-04-01,1597.873468589119,20674.828756858176,-11320.134809555157,-1111.6407251923183,134.6904669378571,0.0
2011-04-04,3173.4983342754817,-31101.867851259456,12274.219216026064,-4470.280162754497,134.73228646481826,0.0
2011-04-05,-9681.661973284341,36665.889380178,-9701.01708670895,2611.7039724741203,134.79241477412813,0.0
2011-04-06,-7711.470853007165,-42957.81964622526,1055.5254386459692,-301.8477634800381,134.54082837929147,0.0
2011-04-07,154.22386147693433,-67162.72644615528,12667.853067875478,-5592.953979432585,134.2849650005567,0.0
2011-04-08,-2134.696121163284,14352.149745762774,-2867.097750690074,570.7842663093405,134.22628950385842,0.0
2011-04-11,-1119.901118672986,6682.451309444405,14412.543192736877,-136.58822326160418,134.17264208366413,0.0
2011-04-12,12517.711400261644,-15918.90898369065,-3516.485713366768,-3665.224109118046,134.16046910484093,0.0
2011-04-13,4660.521227815818,6653.098916642104,-729.2389451912991,-852.4958993493141,134.50008769900896,0.0
2011-04-14,-2844.915264521087,28161.786540906087,-24935.091883872396,-455.65006122359495,134.63738758089684,0.0
2011-04-15,12456.173448144762,-628.1337415632286,9173.833179807712,-1449.7564284389673,134.54176099629794,0.0
2011-04-18,5361.640287067174,-3475.1633596869738,13660.905089310076,-5699.431837214805,134.91279221163637,0.0
2011-04-19,1624.0801570338172,8149.720397115638,-11481.118554762015,1578.3132489315424,135.0508982853558,0.0
2011-04-20,-6775.0706349111015,-15800.142605044362,-16937.505202604345,9323.911352617153,135.0990288574473,0.0
2011-04-21,1328.9345504411115,-6092.147965954155,2844.6121166088624,1775.0619426945116,134.92499915873105,0.0
2011-04-22,-7.335624944627045,-79.38917223017917,-47.60452135767506,-0.6437228734618917,134.97304140594312,0.0
2011-04-25,4106.984361993811,-1124.6819660879971,18478.267428351857,-1600.5179596686592,134.97304140594312,0.0
2011-04-26,8286.068076931853,32007.035288747647,-4173.472096147701,-6193.821434726682,135.10513537038088,0.0
2011-04-27,-5233.488944260176,-47061.20809692273,8865.103800075462,-6901.68879804431,135.32792127556885,0.0
2011-04-28,7608.674418517464,-927.1952534621873,14776.726010518074,-1546.0956322975746,135.11735204555026,0.0
2011-04-29,3612.1501145393195,4560.344379041054,5961.110532797675,-4203.01480495006,135.3462554163478,0.0
2011-05-02,1757.0713561074044,12607.431936943298,-1771.7056631195387,-2679.211477438255,135.43680404971303,0.0
2011-05-03,2214.0274488455075,19541.07621272709,-683.1094761019542,8954.359357306488,135.47906594150024,0.0
2011-05-04,3541.900846813303,17191.189188838838,-5510.231464789814,4834.030436403278,135.6060298459701,0.0
2011-05-05,10589.012475877593,32961.58426892703,11430.42757545752,-4561.827388861823,135.73937664947715,0.0
2011-05-06,-798.1672273860077,-29456.895223399086,11242.233203683674,-1258.8865223079697,136.04952997853312,0.0
2011-05-09,2124.0250555679772,-7367.078917265917,25212.820451552732,120.75969265847435,136.01299888837124,0.0
2011-05-10,-8539.08903045663,-12226.173930703491,-22769.153172107806,3399.467505756764,134.948627511118,-11.939076506117999
2011-05-11,6028.422096875015,652.4279710787283,2158.471187966145,915.8421723246728,134.68389625840246,0.0
2011-05-12,-5047.69218019056,-33612.66117406321,14813.399896920917,3742.7739882958886,134.8704449545049,0.0
2011-05-13,5166.883778246088,34208.61761986914,2494.3155089911515,-2102.6055014112753,134.73812197321826,0.0
2011-05-16,5546.472261304441,6327.823798940347,-10361.708318523277,-1662.2224763063186,134.90646715862167,0.0
2011-05-17,4410.319200662057,38249.69202016633,4429.811444554758,-7191.65125305489,135.05136641345055,0.0
2011-05-18,-9833.6111855529,-18016.239899078813,-8397.410913799304,5971.9654484314,135.17209307037976,0.0
2011-05-19,2212.0888181622286,-27105.545071937984,2645.008001678561,2112.372119605362,134.90035987469497,0.0
2011-05-20,2386.099731359762,-1223.517420567357,20331.68762069448,-1629.230777217873,134.96084573100447,0.0
2011-05-23,3071.179904690332,19132.955339190717,1262.4423344068803,-3581.9644068832854,135.04525547685347,0.0
2011-05-24,-35.78537091766931,16955.93646950141,-1780.9326125283685,4747.813844770277,135.1297841094104,0.0
2011-05-25,-471.472775266804,-27667.27090443148,-3278.364554867578,1254.8536569939195,135.1659833516557,0.0
2011-05-26,11561.103514814085,-11649.734302613133,8040.083688405715,-7990.966001286552,135.13589504600748,0.0
2011-05-27,98.5692435360939,-8222.828071230113,9547.39175662338,-1558.559816398078,135.42688746871303,0.0
2011-05-30,-7.535019980422126,-79.53274344210402,-47.71140847808091,-0.6477155681060262,135.42688746871303,0.0
2011-05-31,4433.843805972441,-8361.442925794856,-3831.466785508895,-2311.4278640942716,135.42688746871303,0.0
2011-06-01,11495.634148382202,42297.6808424102,27085.031366159055,-496.1799448189866,135.53025571550342,0.0
2011-06-02,-10993.015489610318,-64528.21380650712,4593.790764794365,-23.48406424190788,135.92039311405702,0.0
2011-06-03,7310.247975945586,1091.551328840926,9971.253218111307,1767.2026255969372,135.57280374660235,0.0
2011-06-06,-2594.299566250549,-16929.253512583393,13232.426974041697,-4003.9067200774734,135.8043674150087,0.0
2011-06-07,1317.5024004554361,-40243.32707670542,-5289.131817959674,4009.444521977451,135.71287540638528,0.0
2011-06-08,7786.893982048803,36081.55610009094,9377.517587044807,-23144.637139026934,135.73738504386668,0.0
2011-06-09,-7994.7750748897715,22349.089256581825,-18547.028213517857,13864.809598995766,135.86547986363843,0.0
2011-06-10,4387.673067605007,12383.097028936734,-13309.579909394115,-3473.7573341662496,135.71287540638528,0.0
2011-06-13,-1402.6588320464678,-19258.754496875412,-3227.7172593849227,3644.4102611901685,135.81049421304866,0.0
2011-06-14,-16963.459876821456,-33871.471776676444,-13749.365094532703,3630.5964582027923,135.7739239685789,0.0
2011-06-15,20546.560545217846,23685.41678480146,24323.650660790085,-8411.701809713886,135.27559605074578,0.0
2011-06-16,5164.8708101819475,24565.093113922125,15021.906099259963,5581.952479713504,135.8716103296837,0.0
2011-06-17,-2117.597899748152,-18847.67477690174,6419.811337587566,4410.51271155141,134.94862751111802,-12.851345958904858
2011-06-20,-2372.2396583650884,-3399.709406316303,-18551.866004938645,-5796.28769912607,134.90625185023546,0.0
2011-06-21,-3422.077768085761,-277.25006617493204,3661.673321782377,-57.69058513808923,134.77930412784542,0.0
2011-06-22,-1398.0649369698788,-15507.673881119394,-10901.342783692733,-2265.9989759059004,134.6825907163625,0.0
2011-06-23,11799.63456714239,4134.964179332869,28488.06867701869,-4867.315685965744,134.60434186368778,0.0
2011-06-24,6216.472971243307,-3947.6136434720192,53316.434538610745,-5720.260849141863,134.96698276009005,0.0
2011-06-27,-13435.023908645668,-31693.894982775968,27083.395194972334,7759.713598263705,135.17931034336797,0.0
2011-06-28,-16572.525401433126,20205.79531911657,-43968.37422336035,10272.746300358134,134.8455618175357,0.0
2011-06-29,-9726.162860241559,-49001.51496512548,-41487.51146546242,624.1237888787294,134.38098216368766,0.0
2011-06-30,-3427.3519725712626,-4558.498395531011,-55064.16125737243,3350.0064796182396,134.0099832082206,0.0
2011-07-01,-6538.9893559726725,18193.85335802156,2764.9740547729484,-4554.786684332999,134.948627511118,-9.380298137706632
2011-07-04,-7.289320153957225,-79.28189806195235,-47.53612975560594,-0.6422999977720946,134.74964796928757,0.0
2011-07-05,10299.572464119556,-38061.11874079264,31811.176225691255,-4264.701400565353,134.74964796928757,0.0
2011-07-06,5769.733240573511,19665.818252373876,7185.7739103534495,-2718.301954342737,135.0391333096991,0.0
2011-07-07,-9506.893197901152,30279.925968874853,-14613.344696200456,3572.4354522904587,135.21438887234956,0.0
2011-07-08,22293.276786868577,3054.92669731288,31848.025775730763,-7217.599310145844,134.9663648010501,0.0
2011-07-11,12459.275808919663,29361.4966628249,17285.009862008435,1406.2826243743991,135.6150539957561,0.0
2011-07-12,2285.60322382148,6902.369080424965,10757.893270838735,-80.81420259628152,134.948627511118,-9.406819260057091
2011-07-13,1752.3790572497928,8115.433609047861,101.50049780080155,-10104.346614705699,135.0334506072474,0.0
2011-07-14,-9258.833838647057,-45144.389157321966,-3840.4767029806176,8049.402168714496,135.0334506072474,0.0
2011-07-15,4250.855758473549,-12902.686704686255,35716.092960395516,2723.3594799940115,134.77322358346422,0.0
2011-07-18,-674.804137301387,-20426.98586834276,19019.164680149628,1947.6766979833858,134.948627511118,0.0
2011-07-19,4463.390346435687,81275.28922400688,-28896.188068747157,-6977.440129206683,134.948627511118,0.0
2011-07-20,0.0,0.0,0.0,-0.0,0.0,-3092.309467226063
2011-07-21,0.0,0.0,0.0,-0.0,0.0,0.0
2011-07-22,-0.0,-0.0,-0.0,0.0,0.0,0.0
2011-07-25,0.0,0.0,-0.0,0.0,0.0,0.0
2011-07-26,-0.0,-0.0,-0.0,0.0,0.0,0.0
2011-07-27,0.0,-0.0,0.0,-0.0,0.0,0.0
2011-07-28,-0.0,-0.0,-0.0,0.0,0.0,0.0
2011-07-29,-0.0,-0.0,-0.0,0.0,0.0,0.0
2011-08-01,-0.0,-0.0,-0.0,-0.0,0.0,0.0
2011-08-02,-0.0,-0.0,0.0,0.0,0.0,0.0
2011-08-03,-0.0,-0.0,0.0,-0.0,0.0,0.0
2011-08-04,-0.0,-0.0,0.0,0.0,0.0,0.0
2011-08-05,0.0,0.0,0.0,-0.0,0.0,0.0
2011-08-08,-0.0,-0.0,-0.0,-0.0,0.0,0.0
2011-08-09,-26806.385362716166,-30381.21824901483,-59433.478678874824,-3243.969081882752,-134.948627511118,-3073.8206813317956
2011-08-10,-1246.4038180441155,-23604.30876095351,10371.868296217099,-15686.953683241665,-135.86115296281739,0.0
2011-08-11,23102.316000051782,194705.65606416468,-39273.58326315592,-8399.440173549421,-134.948627511118,-8.97278048977023
2011-08-12,-10463.761152519779,-79703.79326263996,-15783.333158975727,-3067.262997742477,-134.22071449220596,0.0
2011-08-15,4469.765022789022,31033.10784339504,19898.954557627214,4556.432790569932,-134.64170631686335,0.0
2011-08-16,-7157.669753783774,-61795.27023137831,-3859.375882978918,3306.3839151450547,-134.4338927404088,0.0
2011-08-17,-8340.526069945989,-63181.38986463336,20195.537234560485,1640.0165306676947,-134.6845854533063,0.0
2011-08-18,-9389.63022988516,-97720.90788768456,15906.721076508686,-8661.234331427735,-134.948627511118,0.0
2011-08-19,-2849.327716375969,-39081.734723657275,25623.42080919441,6397.681160370713,-135.33145356106223,0.0
2011-08-22,5459.75171750882,4815.301070420179,4194.517909785065,-4180.67267213999,-135.37482468278534,0.0
2011-08-23,4859.228336623818,40898.40865076733,-4103.660310370856,8657.265414271644,-135.23255842286713,0.0
2011-08-24,18106.086587513044,105562.24370579854,8779.692052818718,-2168.7056636792827,-135.01647498476737,0.0
2011-08-25,-7483.836572827003,-12378.848915275168,-32223.7122451065,2575.4504000067286,-134.40940133699166,0.0
2011-08-26,-6784.686953062963,-25405.41507960736,7188.437306535124,5248.984212602378,-134.67233975192835,0.0
2011-08-29,10048.33603959543,67030.72053619205,8012.021617401922,4953.54909532472,-134.85640780477314,0.0
2011-08-30,-10127.434346257116,-72890.45400764851,-3165.6188994656504,-3187.3494160580044,-134.47049480365405,0.0
2011-08-31,5512.036045772645,48609.26836991379,-11721.553277891435,-2304.996560785976,-134.85640780477314,0.0
2011-09-01,-10315.669022673488,-55933.13012595626,-4898.252329461722,1520.7564224922999,-134.6845854533063,0.0
2011-09-02,-14032.962918767058,-150339.56197135005,37340.496294887635,-12963.45346453691,-135.03484537161285,0.0
2011-09-05,7.701550328671914,79.51870212274754,47.72174076859488,0.6501521517690604,-135.59214537178332,0.0
2011-09-06,-3953.3254862652566,-52939.37800918262,11867.297756410935,-5140.348236911774,-135.59214537178332,0.0
2011-09-07,9618.580326598496,70453.83957056422,-7489.169404005479,-1775.7791508388082,-135.76043813260821,0.0
2011-09-08,-6846.232138925813,-15684.689132611222,-5263.185778216715,-2377.6992142424797,-135.45553640150007,0.0
2011-09-09,-10275.309016440804,-26802.646918123388,-16184.206766050766,2797.2735134001277,-135.68541586023622,0.0
2011-09-12,4191.983458230212,-47569.99274350797,21894.566483663835,-8381.608570874936,-134.94862751111802,-7.330853497165663
2011-09-13,6853.8584325908605,59608.34380000155,-10561.28585522099,4203.724589105151,-134.88085089785486,0.0
2011-09-14,1570.6105559361622,16273.15023063789,28278.3392520382,3896.925541947292,-134.62181042348024,0.0
2011-09-15,6862.371515713432,18241.652126030396,8284.395028606677,6449.650559908981,-134.50495116515594,0.0
2011-09-16,-2749.856328734232,6746.643668618843,16366.306777811422,-163.62461125567253,-134.23532564624244,0.0
2011-09-19,-14229.31893160194,-69026.67485133566,-9079.096055256268,3294.3409087129503,-134.296515335573,0.0
2011-09-20,-902.7626722436485,-29923.497054895786,-6129.903430710406,-2871.2754534945266,-134.78181369729117,0.0
2011-09-21,-7124.40491725628,-146289.9405547087,59871.47907544156,-6247.998271620015,-134.85596976509794,0.0
2011-09-22,-22251.418529891464,-167372.43472275016,32984.60353751615,6365.334310641515,-135.14100511139,0.0
2011-09-23,16955.077353976078,57364.54645264684,16904.69405776112,202.88725259796854,-135.84635979176412,0.0
2011-09-26,9658.8192132897,59443.09679995534,-22082.884747690914,3449.9005857761326,-135.30282259745027,0.0
2011-09-27,10218.868491602461,67025.43978232618,8013.737236987236,4967.757833084737,-134.98631292266313,0.0
2011-09-28,3863.8625826799903,2722.845301295608,-708.8255673899315,4171.060635592139,-134.5973349126046,0.0
2011-09-29,-4915.505378267176,-50367.59430044962,16600.210299674025,-981.7023843316744,-134.45600013827786,0.0
2011-09-30,-9891.618415989744,-79451.67693519322,41138.348897033924,-1474.0672288965927,-134.62820079581738,0.0
2011-10-03,-15886.306281444979,-90242.82395165526,-7445.180177004603,3638.751056991415,-134.9429694299711,0.0
2011-10-04,2836.0406162050804,-3855.537424828085,7851.946578418554,-6622.396790304518,-135.47126121969922,0.0
2011-10-05,12414.519427075878,76123.96628420647,14021.923477419821,8243.39293128912,-135.42145805977194,0.0
2011-10-06,11756.899445068346,41241.84894777096,-11518.175016152625,8739.679017019256,-134.9429694299711,0.0
2011-10-07,10139.194941275611,38161.82530669492,26954.156684270263,4532.343523438505,-134.52981341516093,0.0
2011-10-10,7.030381987338946,79.08117988613267,47.388912366510354,0.6370193132093088,-134.13749355319123,0.0
2011-10-11,10426.221178965368,49520.93066170948,114.17419502787084,-576.3064049028617,-134.13749355319123,0.0
2011-10-12,6179.121575397718,76965.51030064421,8910.121678985826,-1919.8049275165233,-134.948627511118,-11.678933800925734
2011-10-13,-6653.768604926588,-24513.117940468917,-24644.454383163178,6096.186161615901,-134.70912804969547,0.0
2011-10-14,6028.053146683864,64447.87197406345,-2802.337074204851,12429.983833497781,-134.9239372540109,0.0
2011-10-17,-8887.339979352431,-66412.01325457159,-143.55193527355746,-4102.402821609418,-134.6295419700285,0.0
2011-10-18,1521.0466530699523,28998.508447499178,-20819.50672187522,434.9247359289686,-134.97311462308144,0.0
2011-10-19,-1427.3198817409898,1659.042428671775,-12553.294988813064,2461.5159590825115,-134.93006086526114,0.0
2011-10-20,2678.911482331756,13176.832879977494,6106.91408897598,-1827.6853366621303,-134.97311462308144,0.0
2011-10-21,5320.320527748069,35300.06724038684,-29271.122680112097,-1254.42810137269,-134.88703778090908,0.0
2011-10-24,2261.924444185302,7057.499422403948,10844.521611689814,-79.2627592442292,-134.74590630987666,0.0
2011-10-25,-16083.328341438133,-68449.83727609848,10148.079268128045,4914.936728758214,-134.66013555610397,0.0
2011-10-26,12454.677527972646,48169.29097402183,12729.568514669556,-3052.5457262972545,-135.15788779846937,0.0
2011-10-27,23813.805543899343,145631.7642726052,-14624.621385044618,4823.239398882608,-134.75815230998506,0.0
2011-10-28,-11770.369327553779,-41075.13890620194,42.64410080848912,2937.812760458217,-134.94862751111802,-7.067126027024642
2011-10-31,-24152.52838851057,-116403.33024184781,-8088.556976333853,8110.399497235554,-135.3107779116839,0.0
2011-11-01,-19160.67261520167,-111981.4273493583,-136.266043942815,-8586.685363986253,-134.948627511118,-8.912162330641877
2011-11-02,2085.8908772750447,31513.653609737674,-17915.953413086056,4613.504302480213,-135.65407492835243,0.0
2011-11-03,7150.275608214028,47179.89482270181,-10733.362616197013,6959.743836666958,-135.56699135488515,0.0
2011-11-04,-4114.52517705424,5563.5860197511365,-8779.227045337913,-2652.773213089071,-135.30036122439128,0.0
2011-11-07,-1338.24709650397,-48694.01838160976,-1526.2075760468074,1571.890767716209,-135.44272459544428,0.0
2011-11-08,8151.4998444033945,55709.143203260006,-923.6879539109971,-2408.352504045885,-135.5112486607004,0.0
2011-11-09,-11074.494794292576,-71093.81598276018,3585.415808099625,-11633.873167975757,-135.2509288097126,0.0
2011-11-10,6642.931062023399,60998.31164506917,-21293.281605884542,-5869.084074720977,-135.69153901556408,0.0
2011-11-11,7.6462337138442384,79.51091046722667,47.710968353252184,0.649259281705231,-135.51737181602826,0.0
2011-11-14,-686.2812581775993,-20306.66297560124,19163.02422371648,1965.4373818783788,-135.51737181602826,0.0
2011-11-15,3200.7285257868084,-5844.63079418036,1086.4206910022092,1821.5338277293147,-135.51737181602826,0.0
2011-11-16,-5908.998313743076,-36734.42482793032,-5461.764426133829,-2036.3759770597683,-135.41822952767026,0.0
2011-11-17,-5885.3922875009575,-57488.09142157251,3994.990247804044,-888.2265518620767,-135.63570546206384,0.0
2011-11-18,6856.965222787987,-6560.077882389847,29348.95107039671,1025.676895871369,-135.84783888509568,0.0
2011-11-21,-5013.1028085687785,-11150.497105483528,2606.358392943183,-6640.001027273046,-135.6173469962663,0.0
2011-11-22,-4458.413727901257,-29440.095587943433,15042.179975639818,-1313.4972983053894,-135.80412564437887,0.0
2011-11-23,-7252.692007482925,-61125.7040355905,13541.419591994336,4971.925078590145,-134.948627511118,-6.739740204924601
2011-11-24,7.468740783083189,79.41573885980013,47.635050832078115,0.6459239111598089,-135.1654543861212,0.0
2011-11-25,10971.146587865684,57861.74806271594,-9464.979883187949,969.2404086919504,-135.1654543861212,0.0
2011-11-28,-1352.6416320092017,23100.588411331442,-4572.905361364485,2954.7759748358417,-134.80666130269435,0.0
2011-11-29,3888.641507491141,15279.417628818734,-573.2340068391965,1494.675915576853,-134.81890302883235,0.0
2011-11-30,8120.358957263749,87559.50164665462,437.1432775369231,3773.7481819407503,-134.68333494088202,0.0
2011-12-01,4763.270872994761,29132.27165418582,-24462.028055103543,487.68717264223886,-134.35174126008462,0.0
2011-12-02,-8983.346488888155,-46538.08879534301,10676.262944099451,5487.9318750682,-134.21106331666377,0.0
2011-12-05,409.8450895063102,-23357.575495942223,-3099.146410496716,-3765.9075872893213,-134.48045032883792,0.0
2011-12-06,4145.922396016176,63442.8250992721,-6766.706405892462,-890.9347433251041,-134.51117047871318,0.0
2011-12-07,-7211.86287239368,-28602.322799966514,-13131.640290304895,-497.26517526253417,-134.35174126008462,0.0
2011-12-08,-5039.458391586331,-12764.177887632733,5471.4691284258315,2592.406002347891,-134.61555931183713,0.0
2011-12-09,8883.554496455185,74720.84455161396,-9325.792104591765,5654.881275453392,-134.7570725795231,0.0
2011-12-12,-3439.6937080886287,-42968.378938652626,-12165.331978474285,-1041.2633004458432,-134.41298908753427,0.0
2011-12-13,-7094.703420819894,-61863.61457946992,7695.635676725682,-8286.19905554202,-134.57253358127764,0.0
2011-12-14,-3644.1250967775836,-60953.87536264852,21400.321529761157,-6629.645403344852,-134.87436022967844,0.0
2011-12-15,786.355925944792,-257.08895221508885,-9589.562811015761,-805.9104655543422,-135.04138791589773,0.0
2011-12-16,-8368.887960934475,-28326.65161752457,-3534.0360832088318,304.0790166694663,-135.03526521934793,0.0
2011-12-19,-4156.578687382799,-54582.99228111786,26333.981720350093,-7620.868003252429,-135.3081699249504,0.0
2011-12-20,15223.36349497537,90217.948918104,-11837.75187701075,7255.9190890876625,-135.48256489541205,0.0
2011-12-21,6810.018986425622,33717.73538624742,-16673.72466255274,-3719.0810826091483,-134.948627511118,0.0
2011-12-22,-833.451361740461,-8475.444459422779,1839.776556838104,-2375.983178321311,-134.7634815919652,0.0
2011-12-23,7978.326491215005,39334.00260525993,18206.663120715362,-5474.821271850407,-134.80666130269435,0.0
2011-12-26,7.159292413398973,79.24739302278773,47.50126713508297,0.6400926680119211,-134.54804523928155,0.0
2011-12-27,-538.8972344350968,-19334.05352061953,-12726.82357566758,2784.5325140869227,-134.54804523928155,0.0
2011-12-28,-12134.62096636546,-78330.60904209175,20803.085475763335,148.64291423064125,-134.5788341308619,0.0
2011-12-29,-2786.8472467106308,-4887.478184229248,-15581.015403318861,3380.23547909166,-134.97968914962766,0.0
2011-12-30,-4972.39577459631,18488.056837614076,-10575.913039721938,7157.557679406432,-135.0663888419542,0.0
2012-01-02,7.464012097714112,79.42291397704733,47.63875085359262,0.6459001543169935,-135.171577082671,0.0
2012-01-03,11069.304790748176,49734.92582775646,114.77613136129426,-584.3408325963431,-135.171577082671,0.0
2012-01-04,2528.5020353485365,50853.348226376234,-5057.448895696917,1762.598674246216,-134.81278155470417,0.0
2012-01-05,2336.6344535780104,12423.230607899512,-22855.959135466674,8167.935174526745,-134.69557911156,0.0
2012-01-06,-5025.617339192419,-17220.112311222736,7335.611165218318,-4796.936499057767,-134.5971912218509,0.0
2012-01-09,-91.36308750186244,-4351.268045299304,-9653.120964633252,4229.286252692775,-134.781846014653,0.0
2012-01-10,1400.8890608186748,28065.856129695854,11043.458517870877,-415.69613659046195,-134.7757233181032,0.0
2012-01-11,-8121.0494518353435,-57862.51305582832,-1935.6918350523622,-1734.7871145383017,-134.70170303086826,0.0
2012-01-12,1059.2872316184662,17511.29501846224,17674.403228678297,-6099.947517733373,-135.00417749162375,0.0
2012-01-13,-5792.015376971138,-53692.16438775989,-15299.504800547287,4908.6731742502625,-134.97312563511892,0.0
2012-01-16,7.459282467983345,79.43009052723103,47.64245161403523,0.6458763927297195,-135.1777010019793,0.0
2012-01-17,-3397.203270840983,4317.748566457985,13481.77340356978,-4310.151536545967,-135.1777010019793,0.0
2012-01-18,7805.985662570176,29762.85241322728,-18636.280269360075,1360.8699694199086,-135.2830282536718,0.0
2012-01-19,10936.017496511167,54185.46853099414,-1754.6779415506464,6854.0460298316475,-135.04751183520602,0.0
2012-01-20,5625.261085108111,32344.380168297175,7404.549957082753,-5380.332458398351,-134.6463691705058,0.0
2012-01-23,4609.488373606322,36349.763576543104,-2226.1386785468935,1180.4389481834025,-134.4743276322881,0.0
2012-01-24,-1644.847570053406,12512.687810968495,2034.4491112555017,-2692.7795611251277,-134.3027767519671,0.0
2012-01-25,-9721.611563696897,5753.088455746735,-54279.07438995121,8878.474292854877,-134.35786517939292,0.0
2012-01-26,-5297.185872357062,-22431.50501222537,-19749.432957642934,-2211.2207691288772,-134.67086729450676,0.0
2012-01-27,-3490.385905436603,-21576.20920620052,-4215.6768106506215,-552.6187628881448,-134.88661173782128,0.0
2012-01-30,-6846.404199701749,-59509.24730256705,10667.101916312447,-4206.689117993816,-135.0164289997666,0.0
2012-01-31,-4848.245538372203,-36294.82908636147,2329.785741541896,-1192.9282850452946,-135.27690066419686,0.0
2012-02-01,5615.167959235111,44278.17457438325,-21485.81926986223,1945.602268428587,-135.45117082384667,0.0
2012-02-02,-965.1445676461599,-356.45774788036243,-7741.287167763347,-837.2132596370197,-135.27077429842583,0.0
2012-02-03,13470.4170577804,86378.44759468327,9341.43006306471,1389.8744881905461,-135.3142950673222,0.0
2012-02-06,-4318.773120253553,-42687.567727959,-2557.8848158345913,-244.25707038085147,-134.83727478706226,0.0
2012-02-07,8912.709704370094,35371.51962995692,16294.97721783111,-411.40035024584864,-135.00417749162375,0.0
2012-02-08,1226.2781024030392,-10357.570851885721,-6760.4644155073565,5993.777814058087,-134.69557911156,0.0
2012-02-09,5551.468342800277,35998.49326184705,-287.4548963791695,-11233.45717338217,-134.64024769637766,0.0
2012-02-10,-9333.522722115127,-64351.55299233898,-4956.520539865347,-822.0726929844948,-134.51117047871318,0.0
2012-02-13,5263.000290623155,4807.300541083929,4184.985030062386,-4148.15768941667,-134.85599213969218,0.0
2012-02-14,-8173.279234121375,-57844.349367419076,-1935.3053952599073,-1736.2415425580436,-134.7142136991558,0.0
2012-02-15,1641.7796866529004,20862.500232508148,-11244.047853235947,-1115.126509759114,-135.01690446298156,0.0
2012-02-16,7695.76221444157,33242.11143850919,22966.93445807896,-3739.5794079601824,-134.97357011939928,0.0
2012-02-17,2166.978516077947,15172.117254606266,1280.9175388054834,1464.3836907971088,-134.7142136991558,0.0
2012-02-20,7.209380698513179,79.26212795987749,47.51554712177194,0.6409526339768657,-134.62800841413943,0.0
2012-02-21,6021.380022596189,13353.526626058827,2389.297635466561,-1762.8807370216996,-134.62800841413943,0.0
2012-02-22,-6312.937980106236,-19284.252225667668,2444.1549327556595,3495.931676410817,-134.44373247956094,0.0
2012-02-23,-896.6394028698377,-29900.25770893427,-6124.514920207925,-2866.082995266639,-134.62800841413943,0.0
2012-02-24,-1110.9550213811199,-22692.322875002577,16138.557112907805,-2175.41863051525,-134.70197930279502,0.0
2012-02-27,-7855.363046934313,-34731.13680091841,-8407.741748982206,1243.556461103158,-134.74512816537603,0.0
2012-02-28,2111.563004171067,23310.471550988936,-8288.782808831356,3021.9363437315897,-135.01078665423077,0.0
2012-02-29,3728.2554554884287,9942.930791404613,21577.32046320364,4886.417438849352,-134.92414894600083,0.0
2012-03-01,5948.339065247361,51030.370384865484,-8763.325823437108,1818.6972392690939,-134.75124475298605,0.0
2012-03-02,-6449.817919787777,-11178.713117310368,-7106.0855612104315,5040.059339977717,-134.53580840030241,0.0
2012-03-05,3822.6153306524284,-10625.390966162207,-6673.33291002058,-6406.84582568262,-134.72033272938418,0.0
2012-03-06,-6030.170588435337,-25736.645034965688,-2430.784466943398,4446.742427262776,-134.658861262283,0.0
2012-03-07,3444.287083416593,25377.80577635558,-3388.7567958573472,-5318.64689759031,-134.8376350487032,0.0
2012-03-08,7305.796423657275,28016.446931938197,-4144.459840537696,-1133.7261039174039,-134.75124475298605,0.0
2012-03-09,1694.1239234188583,178.06179579643933,-1804.4783139555263,29.076217122126817,-134.52357644591976,0.0
2012-03-12,208.81429729003779,-16139.376703174246,19142.11313033996,-3077.0762571686882,-134.47446728707106,0.0
2012-03-13,11999.75222960448,52475.33992214012,10819.187502097246,4355.373688516573,-134.47446728707106,0.0
2012-03-14,21077.583401012165,79988.13205771503,6705.938176323039,-9082.993143156353,-134.03397631904636,0.0
2012-03-15,-2909.2245017874457,11228.777037071392,14552.655210525505,7262.740881701695,-134.948627511118,-14.179290306637995
2012-03-16,1911.116022577825,950.3679309675393,15604.765649629167,1668.7173768362732,-134.96698001079105,0.0
2012-03-19,10539.067381544362,35459.08034813428,14431.279725625149,-382.02675872852063,-134.88110295051024,0.0
2012-03-20,511.5670420565437,-31476.277143842057,6453.625793284521,-5307.023470721179,-134.52657772495343,0.0
2012-03-21,-10246.945341650908,-38909.75490543262,-6624.191015815591,6227.175584072644,-134.5570260982783,0.0
2012-03-22,-3043.0700539444592,5991.191304725024,-988.1855584616638,-1802.5739055416884,-134.86886673021806,0.0
2012-03-23,-5620.663000309905,-40353.63684744059,2251.9598780954175,3857.3069496658204,-134.96698001079105,0.0
2012-03-26,368.6086430441032,23232.50457120907,-6438.5724389079205,2996.381135827495,-135.13910134375996,0.0
2012-03-27,-7988.368545328997,-9656.970200089572,-8151.243969779645,-4143.515065564786,-135.102144985963,0.0
2012-03-28,2170.660337540308,6301.163166170326,-6571.189651934939,-1728.807345160193,-135.37943076225957,0.0
2012-03-29,-5383.997829943319,-17237.01531702875,-4236.737737806969,6880.13398101349,-135.33007716115597,0.0
2012-03-30,7084.921327388886,55292.298043517396,-8721.02769549427,-3244.4471538375237,-135.46598322811477,0.0
2012-04-02,-959.6337305805472,-356.5345404071768,-7742.148409066757,-836.5192870094841,-135.24983312554514,0.0
2012-04-03,10810.382920590382,22937.55047670373,14323.402202611349,2318.6685683631727,-135.2930015641667,0.0
2012-04-04,-6654.645607132607,-20098.592411283593,-14961.15520418742,1879.3194817603392,-134.93014614318506,0.0
2012-04-05,-6725.17503001443,-37154.413809006364,-13242.70877495968,-2862.808530602451,-135.15134244821851,0.0
2012-04-06,-17311.725196878375,-53121.185278533194,-26451.099979587,6435.549519735351,-135.41044558252457,0.0
2012-04-09,-1195.7546625453708,-22804.15899175008,16237.773471215898,-2212.855821223684,-135.9503593583017,0.0
2012-04-10,-8245.379921331758,-6863.074374168107,4442.848715641436,800.5542073692582,-134.948627511118,-8.953819628526617
2012-04-11,6612.452830243539,19501.644361662045,-2357.9947566353903,-3530.153945975265,-135.18939245711042,0.0
2012-04-12,3048.782743007552,36317.70235568511,-374.9182161801499,1161.0209840016093,-135.00406243375227,0.0
2012-04-13,-8529.445974000004,-42555.19400965956,10784.434943081342,502.86259682907155,-134.88069584175537,0.0
2012-04-16,-2202.0688004443305,-15043.162760847857,-1188.615588654163,-1471.2819055981226,-135.15219991599002,0.0
2012-04-17,4086.987947706991,19743.75384224445,9147.68576068073,-2752.491065792947,-135.23886562255174,0.0
2012-04-18,-3154.8225549116564,-15476.829636808243,-8972.60859507509,-2305.93052721446,-135.10891347118346,0.0
2012-04-19,-2320.7744864596875,-6911.235475992775,-10774.332123622575,81.11587221966411,-135.23886562255174,0.0
2012-04-20,2276.5855437226382,-14417.116306339089,2883.024196401535,-579.3051767190688,-135.3256552596087,0.0
2012-04-23,-5276.492584546699,-12791.891713424791,5487.482828326574,2617.8040225726086,-135.269996491466,0.0
2012-04-24,5010.912599612563,28331.543028094722,7356.6693597023705,-361.8736904502433,-135.41256903698695,0.0
2012-04-25,1258.4580740031538,27344.77595221484,-6367.403672248109,-2064.1208080061338,-135.23886562255174,0.0
2012-04-26,-3667.0238714688444,-13465.346480797747,-13806.123044426606,998.1406959859228,-135.20164334803647,0.0
2012-04-27,-1834.1971495559515,-8931.79769711835,-5947.101860421105,-3232.249277610516,-135.33178131658838,0.0
2012-04-30,-70.01308118463935,-8835.07146814093,-7809.753933728806,-3207.6890199835975,-135.4186950939666,0.0
2012-05-01,4042.864022105518,27899.250490614326,-437.9956936411871,-1202.0862165357137,-135.45607254397464,0.0
2012-05-02,-3910.3295371678337,-31395.277359556836,8250.053813207262,7110.2009727544955,-135.3256552596087,0.0
2012-05-03,803.7708557261643,-257.4675855776322,-9607.126752500277,-810.0020892137165,-135.41256903698695,0.0
2012-05-04,-6776.516173144423,-28269.179736381786,-5400.608845385489,334.4028034965293,-135.40644420304056,0.0
2012-05-07,1002.8320794130132,516.0429417359775,7849.759927981529,842.8205326846424,-135.6303979749015,0.0
2012-05-08,-4547.677360552744,-30207.759004308267,-2429.494697925429,-2962.461147261285,-135.5867698539951,0.0
2012-05-09,-481.46483013750566,-2377.7184186862414,-2917.704499106003,-4178.438707426877,-135.76146976013328,0.0
2012-05-10,3650.305151969012,25472.76635168251,-3404.708496830818,-5390.192135819147,-135.8052229175947,0.0
2012-05-11,-6507.87121730166,-34764.86405225971,-10310.680373801773,1289.150037111021,-135.71774790151838,0.0
2012-05-14,-5678.982857463616,-66263.1608122665,-3855.709915071479,-4067.1977876873266,-134.948627511118,-7.693374655820662
2012-05-15,-2014.3661319252587,-31299.874183576445,17971.788281949623,-4583.097509898717,-135.19722237791132,0.0
2012-05-16,513.1732908806023,-14507.194709391268,4740.017912587494,-608.2176296172878,-135.2844170581885,0.0
2012-05-17,-6516.930742119845,-86683.96149179008,15230.73026276142,-2130.238487197381,-135.27829848618157,0.0
2012-05-18,1006.2001248634008,515.5103995722912,7842.278137431697,842.6146476779423,-135.52840037763448,0.0
2012-05-21,1135.349523864607,22805.360030001648,21679.13310480894,14767.071203180352,-135.48459939703486,0.0
2012-05-22,6609.705514930217,52775.30768453542,-11669.681715590628,-7397.5731132977235,-135.3219427181608,0.0
2012-05-23,-8357.409060888693,-36459.96213979744,6042.297188002803,-1249.0735247947955,-135.1475533046382,0.0
2012-05-24,5847.430056995236,27983.509010332975,-2297.5467565850627,-1173.5855068173516,-135.4215634640494,0.0
2012-05-25,-1439.899012300633,-15376.610266032629,-10832.788730247767,-2283.86337665777,-135.2408040962699,0.0
2012-05-28,7.575058986743163,79.43871806220585,47.660472008362845,0.6476936608490078,-135.3219427181608,0.0
2012-05-29,-471.0192785442788,-2373.0351371835895,-2910.9153185607433,-4155.317429958007,-135.3219427181608,0.0
2012-05-30,-15193.469518473154,-72951.20947346525,10189.374796748889,-2478.1987086174945,-135.36561824671853,0.0
2012-05-31,-5069.790151424633,-36353.08903541365,2335.330271319209,-1204.1079377370206,-135.8664816268001,0.0
2012-06-01,-14189.251380001924,-91906.98830721554,16726.642983365058,-10495.454668636585,-134.948627511118,-6.916273552240455
2012-06-04,7136.693042883861,21063.78301648231,32543.96210732963,-241.7517742744317,-135.48643670985692,0.0
2012-06-05,4644.417821436625,52710.25858467098,-21399.979068285313,4302.661758053107,-135.22308822350294,0.0
2012-06-06,10932.862782800636,66749.67919352542,-1617.960341534096,4159.441464554902,-135.04815262908417,0.0
2012-06-07,663.2040147817154,7861.700056837183,-19131.70596528463,740.2045535155952,-134.6502571300275,0.0
2012-06-08,209.11982536034057,5413.319894438378,-22080.455973657867,-3371.8825332476677,-134.6441348921859,0.0
2012-06-11,-5887.929823075978,-38324.5340625318,8993.52075118822,-4495.609374123537,-134.68141919156653,0.0
2012-06-12,9644.61529260173,22462.405515951334,6518.689252344426,1473.6614671976274,-134.90503480238357,0.0
2012-06-13,-7264.410406955033,-49270.70761288253,-3724.8982040101014,637.6457000446505,-134.58240133564308,0.0
2012-06-14,3520.717757448627,21721.145059779043,4308.491493517684,554.0424456391936,-134.84311401105276,0.0
2012-06-15,-5762.4307320916205,-11521.882065243117,-16733.289088238904,4249.951849270988,-134.71261730693027,0.0
2012-06-18,-1122.6859140753695,-22711.043623868445,16154.55406516258,-2180.855517981732,-134.89279399317584,0.0
2012-06-19,6018.686356087171,38511.874785636144,-8907.973329713112,4514.843022092892,-134.93638670191024,0.0
2012-06-20,2300.1260825974227,-22498.463041171977,12433.379584422204,-2118.192074245274,-134.71261730693027,0.0
2012-06-21,-2907.2957004549157,-27214.870581580337,8296.11336182519,2021.5152357433044,-134.65694734548475,0.0
2012-06-22,6510.995270821555,57901.30537823937,3884.2835249343807,1710.2273918965514,-134.7438515000226,0.0
2012-06-25,-6848.526004933404,-43152.28461568453,-8460.716700842857,-1100.3919569800141,-134.48962894751088,0.0
2012-06-26,3603.475137279077,13594.926480678532,13866.860028060406,-991.360695398043,-134.74996762974672,0.0
2012-06-27,-1785.8969290820264,-4446.351741470857,-7790.853353746403,4193.17876046054,-134.61965816025742,0.0
2012-06-28,-5341.120720127396,-22418.235980681002,-19740.710167895973,-2213.256647350792,-134.66306347520884,0.0
2012-06-29,8970.040612121282,53263.167778655916,-17298.58822491454,5174.702683557104,-134.8805580704551,0.0
2012-07-02,-8900.333101919747,-27936.04840476391,6087.914366054328,1103.637202229324,-134.5640529461354,0.0
2012-07-03,4751.053362810255,36385.08755182334,-2229.4086227852754,1187.515678660816,-134.84311401105276,0.0
2012-07-04,7.231075390179567,79.27260656553362,47.524146296166755,0.6413525740427679,-134.66918082592267,0.0
2012-07-05,-3367.5173666525175,-4578.346754917792,5620.2118908810735,-7455.953131509322,-134.66918082592267,0.0
2012-07-06,-6913.562237455878,-34313.254823524665,-640.2116818323574,2076.681791783736,-134.8118222386404,0.0
2012-07-09,-3906.648603858842,-32159.114102547737,2401.407119689087,-6241.262013203241,-135.0359069308268,0.0
2012-07-10,-778.0050273930062,-12152.808568377193,9554.685929844836,3511.338508450604,-135.21084252524554,0.0
2012-07-11,979.1375285459187,515.1682988509546,7833.36340311373,838.075613927609,-135.21084252524554,0.0
2012-07-12,-4342.062847522729,-13153.673985312944,7428.957044585403,-9899.796565778472,-135.16706146556052,0.0
2012-07-13,1357.7787592394304,11106.470290734369,1210.1812204515152,6552.625263159382,-135.35462042124107,0.0
2012-07-16,-3622.584620637736,-4556.617376774864,-5956.626078697362,4202.3187879777115,-135.26690076845583,0.0
2012-07-17,4028.293091957201,15309.222066993814,-574.685398276537,1506.3388148530673,-135.36074510456785,0.0
2012-07-18,-2648.427396288453,21022.13065298031,2105.1004880233872,-366.62832731068113,-135.22308822350294,0.0
2012-07-19,2736.0743482245034,13190.952155030489,6115.5887198212085,-1836.0583119890566,-135.28527848842032,0.0
2012-07-20,-6171.983188862403,-42842.08888864647,-703.6984801708375,-274.21102680441095,-135.1976848837824,0.0
2012-07-23,-3142.6375719143407,-19159.815171923517,-1264.6932299736732,3600.636301674336,-135.41690530264376,0.0
2012-07-24,-3428.295010758218,-37906.57207538401,14965.542491699445,-3678.770568983168,-135.5048144298214,0.0
2012-07-25,-1390.3565454665813,-6483.5564314757185,-2990.886357529531,923.8535555124946,-135.63691553471728,0.0
2012-07-26,3623.341772870868,12870.402956879961,-3539.983269078071,-2660.885633249984,-135.68101265452876,0.0
2012-07-27,16294.426973269456,90697.16595700032,-4044.221763565841,8107.100467381773,-135.58672301187403,0.0
2012-07-30,-6990.862500174316,-21779.412349457598,-504.15479743524577,-610.9742830573474,-135.00449724332023,0.0
2012-07-31,-2217.4249889645876,-15046.106646554877,-1188.9884201355117,-1473.3126093575938,-135.23533881337264,0.0
2012-08-01,5857.8997253547395,24318.217133164788,5419.32729136493,4738.593462060419,-135.3229954153066,0.0
2012-08-02,-5260.527416213187,-38723.21882973907,-628.7329214317401,-5328.67559045354,-135.09796407663683,0.0
2012-08-03,11232.79096967583,71250.7159213069,8104.5085990739535,-86.02691920792824,-135.3168695087637,0.0
2012-08-06,-1428.1864893781376,1658.8897451181203,-12552.290375198487,2461.586739886345,-134.92340518396773,0.0
2012-08-07,10040.932884422766,28584.277489831024,1772.2928233441867,-273.76681767204894,-134.96699789270215,0.0
2012-08-08,3765.622194513713,6382.1429784601905,-8401.212152737027,-1682.8230413466338,-134.6441348921859,0.0
2012-08-09,2060.9612896318135,18820.624674563187,-6407.791934053559,-4384.80384389345,-134.54517684552889,0.0
2012-08-10,-5470.479689252243,-15202.10795362782,2519.5262715215877,-1515.0315968329398,-134.50186487023163,0.0
2012-08-13,7.216896059776892,79.2941217119613,47.53524109809503,0.6412813373041586,-134.68754020713735,0.0
2012-08-14,8600.966885377493,60458.284595099976,4981.246649698694,5850.967937279931,-134.68754020713735,0.0
2012-08-15,8406.782389480337,55935.02912169618,6837.082109366775,-1539.707788937788,-134.34116811959623,0.0
2012-08-16,5571.716100705853,25083.376026990154,-14820.503275374747,-6018.066877789653,-134.03971815962927,0.0
2012-08-17,-3056.61487772984,-19124.32859553311,-1261.7791711476812,3577.671271921721,-134.94862751111802,-7.264515161947202
2012-08-20,-17.1613503535423,4545.372901568771,-1821.5006708665958,7438.436680445253,-135.03546653557208,0.0
2012-08-21,-1304.2350380537328,-36053.38707309761,-1386.2885378285953,-1131.2057928151983,-134.9920314754756,0.0
2012-08-22,-13750.466644895621,-20495.037073516884,-7538.49220810099,1770.030068005377,-135.06669374209883,0.0
2012-08-23,-2633.516924110402,-25653.636733620875,5442.925564174243,-7202.953510162439,-135.48990084224522,0.0
2012-08-24,1332.0159006671183,-14865.132962482718,-4914.449808245648,-1424.2977549491782,-135.62133168516752,0.0
2012-08-27,-3684.1036431462826,-21621.606515559248,-4228.3998223541885,-558.8663949123152,-135.60908537697793,0.0
2012-08-28,-1816.8469778848844,-19.710826421024574,1910.2971856471759,-28.28395564033012,-135.74079942338227,0.0
2012-08-29,1807.0473826593307,17250.3338446996,-3553.596178431277,4825.311181749281,-135.79088970713434,0.0
2012-08-30,-3812.9223511444625,-13483.15842195792,-13833.648865780282,1006.1829109427176,-135.70298577248388,0.0
2012-08-31,-11513.762705503412,-11091.379705830112,6249.1569715105425,5893.638276322222,-135.83488902210954,0.0
2012-09-03,7.354480301302433,79.36056186930205,47.58976773802876,0.6438176024848234,-134.94862751111802,-9.380018834836036
2012-09-04,3178.5239017717095,-1400.9304705435593,10790.950124733023,-2433.5949284500425,-134.94862751111802,0.0
2012-09-05,1626.6384925667646,-4252.69389119705,-11510.39082133578,4263.644106652225,-134.85531339785123,0.0
2012-09-06,11208.367556349363,55768.32962786491,-4629.659957306987,-2326.5452595495954,-134.79952199936253,0.0
2012-09-07,-2719.258121117632,24644.68386988152,-17132.871444248118,5385.074338310424,-134.44001972829233,0.0
2012-09-10,2156.2599999127415,10704.155595272408,3144.083424857624,-5920.62323893577,-134.49555684507376,0.0
2012-09-11,1752.702399314527,9059.403924103348,6016.432995763813,3194.5893463474054,-134.45225778941403,0.0
2012-09-12,7510.325882185576,59948.53375688412,-2782.2476566463547,4997.608832283412,-134.36575281753895,0.0
2012-09-13,-2443.557665971492,29941.37051197796,-39174.45908584352,2008.7227307686649,-134.06396062013312,0.0
2012-09-14,15160.0275419032,83813.61393112784,-8884.898541221888,8871.786255676992,-134.15615333763935,0.0
2012-09-17,-3988.8747886971287,-33056.71766401807,34265.367087447696,-7084.82600722119,-134.948627511118,-10.143124185886336
2012-09-18,-3549.5871074768934,-21587.295789848078,-4219.029798464651,-554.4689906957145,-135.0910410128768,0.0
2012-09-19,-2293.107972349434,-36520.830920602624,-9174.698823477636,-1972.1749024046817,-135.22148867358155,0.0
2012-09-20,88.9324808612369,-3586.05260706765,7763.143013574164,5914.887659375407,-135.33997120535457,0.0
2012-09-21,-2818.787288966126,-9362.85838709718,-13733.004892495388,-4071.531052825983,-135.29636391026511,0.0
2012-09-24,-3029.085634885895,-31763.418114206484,10198.635386967451,-5437.916331237966,-135.4272795831405,0.0
2012-09-25,-4964.8078488655065,-36317.29073725325,2332.1863684194245,-1198.5884928567239,-135.5584770167181,0.0
2012-09-26,-7748.197502506766,-45019.53889566927,5996.416702280161,-3641.562113245682,-135.7338464630644,0.0
2012-09-27,2578.617947939019,33856.05015153302,-3328.9756616400414,-2970.743810320836,-134.948627511118,-6.961371967005107
2012-09-28,-2581.3470460190915,8440.767598588493,1965.1072325541063,2322.973395834494,-134.86768775487351,0.0
2012-10-01,-64.19587073371152,-21379.16371855071,-7928.286360195517,-495.84736276936343,-134.92345242032764,0.0
2012-10-02,-1259.1909918586,14990.07103161034,4994.806736582506,1411.7633553859969,-134.95475020766781,0.0
2012-10-03,392.10236770952656,6192.019690926446,-4701.563860499851,-1747.5911988667708,-134.9669992693479,0.0
2012-10-04,6459.493311072407,53541.73400052716,-5819.879920332342,5953.619608002205,-134.9669992693479,0.0
2012-10-05,8365.920191842066,21246.42949951479,-18649.35650483406,-995.1159595437659,-134.70618632423472,0.0
2012-10-08,7.107686330423881,79.23192702055411,47.48638673528579,0.63920473520407,-134.4652048214678,0.0
2012-10-09,-2311.8370093969256,-7796.312912552388,21061.134649021387,-765.4343836496233,-134.4652048214678,0.0
2012-10-10,-2105.7275549477454,-40092.41746018338,-1457.8821822259056,3889.1432850168844,-134.52068457837242,0.0
2012-10-11,-1171.1532433881891,-31577.63451942475,8307.928093891465,-5342.367289098094,-134.5950046292852,0.0
2012-10-12,-1968.108742055775,-14241.805200791887,16201.19102674025,171.27459067633615,-134.67557283986682,0.0
2012-10-15,1224.4584617452886,14739.76328261223,-6487.636243429077,632.8215609578367,-134.7250839794498,0.0
2012-10-16,6000.612324392931,42911.68242433418,796.9557876901346,273.5774767565607,-134.68169309187667,0.0
2012-10-17,11117.12428279404,26953.454929430376,14340.013675073329,-2717.025532729861,-134.4652048214678,0.0
2012-10-18,2871.8393962822397,36197.28368517473,-373.3203247021535,1146.1287291509198,-134.10207616630862,0.0
2012-10-19,-6918.290692624795,-68376.86690510606,2822.866368846896,-7392.760143605032,-134.94862751111802,-7.031409170696861
2012-10-22,4097.876806733757,-934.2835605569907,7000.8277701908855,10115.053498834666,-135.24679625583096,0.0
2012-10-23,-5601.227821977202,-10795.007643049792,12236.161330646724,-5776.743481564657,-135.06049363200165,0.0
2012-10-24,770.39496447871,16782.42611112239,-11332.032945740137,3949.8981355553215,-135.25291635446428,0.0
2012-10-25,8593.116349645505,20368.8545450977,13213.61425113326,-1858.2124356096929,-135.2093530645434,0.0
2012-10-26,-9358.508907346975,-37644.75024072238,-19145.37976808006,-3718.9187690757353,-134.93638853544917,0.0
2012-10-29,-4878.574853265401,-36283.56762192465,2329.331632287169,-1193.9378635260057,-135.290390767914,0.0
2012-10-30,7.634586011301091,79.48637178594805,47.69520600957686,0.6489177609076516,-135.46508156773362,0.0
2012-10-31,-2772.8419899500227,-13033.97883723859,-6023.151409815166,1843.7335304865537,-135.46508156773362,0.0
2012-11-01,3584.676569241914,29914.492273093434,-5273.168007209196,2122.68632524602,-135.55261499012576,0.0
2012-11-02,0.0810857718254274,25232.400213956615,321.53700987819127,-5421.091270403896,-135.42136190201026,0.0
2012-11-05,-4145.362045105679,-19591.505068476912,-9058.245581327412,2763.2636128992363,-135.43360332121173,0.0
2012-11-06,7886.625353658619,16288.816897877823,13160.145081744944,3223.7517931780058,-135.56485640932723,0.0
2012-11-07,-13525.981669610968,-44005.640464258024,-10703.799490708625,-2038.127211695371,-135.290390767914,0.0
2012-11-08,-6405.71739035214,-47385.09398248125,1169.8446002739586,-7792.134826589951,-135.74642290634222,0.0
2012-11-09,-1228.3152883288972,-14592.659929420124,6589.517121568997,-633.5932763088732,-134.948627511118,-7.27040614249745
2012-11-12,7.377454183254673,79.37165607830961,47.59887262224513,0.6442411092484912,-134.99222399305788,0.0
2012-11-13,-3066.1631131587974,-19127.00208087103,-1262.0205749999905,3580.0246837824957,-134.99222399305788,0.0
2012-11-14,-389.04206352897756,19093.01931911243,5071.856143080875,-3640.7538877216075,-135.0795109427006,0.0
2012-11-15,-1734.947942362075,-19.671302963982512,1904.9721278379645,-28.006590339910467,-135.09175664095798,0.0
2012-11-16,397.01657608000505,6195.484811597248,-4705.164834339488,-1752.194981492543,-135.14157184521915,0.0
2012-11-19,3966.651747443749,15298.47932307356,-574.1337322761502,1501.3862341584925,-135.14157184521915,0.0
2012-11-20,6901.8323914077,30066.453503890858,-8974.59236119722,2161.7033212946703,-135.00446969131525,0.0
2012-11-21,2730.4834522557458,9505.842270911711,13796.712066278478,4040.926135880453,-134.77455424936426,0.0
2012-11-22,7.194124077151515,79.28312500120566,47.52621622952416,0.6408615524073779,-134.64432686028866,0.0
2012-11-23,1701.4432259154798,-12367.853932395217,-1942.4547198559087,2708.0750291949457,-134.64432686028866,0.0
2012-11-26,-4651.6673671475955,-11115.362520290279,2594.889770736025,-6536.33078598142,-134.58873917219657,0.0
2012-11-27,-2257.0954136450023,-6898.516334145419,-10749.675222418846,80.60194374061884,-134.77455424936426,0.0
2012-11-28,-1426.4809017337625,1658.2084045032177,-12546.965932469166,2460.2423385087914,-134.861528400107,0.0
2012-11-29,-1719.275632012695,12536.90331831874,2039.8416260251809,-2717.4912393630384,-134.90506232231934,0.0
2012-11-30,-199.5126168542289,16333.645186970403,-19096.660005039543,3097.4883081327544,-134.96087320937536,0.0
2012-12-03,1063.2733225973789,-7612.306554550429,17397.70508945331,-713.7109842911057,-134.96087320937536,0.0
2012-12-04,-1222.9014676503214,-14593.26017084999,6589.281991195,-633.1300340282645,-134.91730802057674,0.0
2012-12-05,-1897.6539375610278,-791.5324280242983,-15508.361502005124,-1667.4912592001879,-134.96087320937536,0.0
2012-12-06,-1725.9079735152404,-12583.766281047314,1767.8849252614716,2666.6804704839933,-135.0480974929765,0.0
2012-12-07,5771.708282116251,36862.62937238132,5550.036012425155,2026.9226305529096,-135.09175664095798,0.0
2012-12-10,-1708.067347213062,-19.657561459764967,1903.1511574956578,-27.914650617482422,-134.87377409836438,0.0
2012-12-11,3518.122795891979,21735.970209232262,4311.326912893931,554.2844827488365,-134.92343270390353,0.0
2012-12-12,6762.3101910074165,47066.3703884293,-10697.548983331682,6878.296531357765,-134.79292463094842,0.0
2012-12-13,3552.278654954233,-15954.576612058605,15449.797347491709,-3019.0969262741796,-134.5266251398067,0.0
2012-12-14,-3124.802151458766,-3805.332207910681,22984.86088372864,-5799.025606049758,-134.4279030166851,0.0
2012-12-17,7580.218102985953,43002.2387378399,-1056.2923958137033,301.2249445969928,-134.53274982313349,0.0
2012-12-18,0.0,0.0,-0.0,0.0,0.0,-3052.0540915821607
2012-12-19,-0.0,-0.0,-0.0,-0.0,0.0,0.0
2012-12-20,-0.0,-0.0,0.0,-0.0,0.0,0.0
2012-12-21,-0.0,-0.0,0.0,-0.0,0.0,0.0
2012-12-24,0.0,0.0,0.0,-0.0,0.0,0.0
2012-12-25,0.0,0.0,0.0,0.0,0.0,0.0
2012-12-26,-0.0,-0.0,-0.0,-0.0,0.0,0.0
2012-12-27,-0.0,-0.0,-0.0,0.0,0.0,0.0
2012-12-28,-0.0,-0.0,-0.0,-0.0,0.0,0.0
2012-12-31,0.0,0.0,-0.0,0.0,0.0,0.0
2013-01-01,0.0,0.0,0.0,0.0,0.0,0.0
2013-01-02,0.0,0.0,-0.0,0.0,0.0,0.0
2013-01-03,0.0,0.0,0.0,-0.0,0.0,0.0
2013-01-04,0.0,-0.0,0.0,0.0,0.0,0.0
2013-01-07,-0.0,-0.0,-0.0,-0.0,0.0,0.0
2013-01-08,-0.0,-0.0,0.0,0.0,0.0,0.0
2013-01-09,-0.0,0.0,-0.0,0.0,0.0,0.0
2013-01-10,0.0,0.0,0.0,0.0,0.0,0.0
2013-01-11,-0.0,-0.0,-0.0,0.0,0.0,0.0
2013-01-14,0.0,0.0,0.0,0.0,0.0,0.0
2013-01-15,-0.0,-0.0,-0.0,0.0,0.0,0.0
2013-01-16,-0.0,-0.0,-0.0,-0.0,0.0,0.0
2013-01-17,0.0,0.0,0.0,0.0,0.0,0.0
2013-01-18,-0.0,-0.0,0.0,0.0,0.0,0.0
2013-01-21,0.0,0.0,0.0,0.0,0.0,0.0
2013-01-22,-0.0,-0.0,-0.0,0.0,0.0,0.0
2013-01-23,0.0,0.0,0.0,0.0,0.0,0.0
2013-01-24,0.0,0.0,0.0,-0.0,0.0,0.0
2013-01-25,0.0,0.0,0.0,-0.0,0.0,0.0
2013-01-28,0.0,0.0,0.0,0.0,0.0,0.0
2013-01-29,0.0,0.0,-0.0,0.0,0.0,0.0
2013-01-30,-0.0,0.0,0.0,0.0,0.0,0.0
2013-01-31,-0.0,-0.0,0.0,-0.0,0.0,0.0
2013-02-01,0.0,0.0,-0.0,0.0,0.0,0.0
2013-02-04,-0.0,-0.0,0.0,-0.0,0.0,0.0
2013-02-05,0.0,0.0,-0.0,0.0,0.0,0.0
2013-02-06,-0.0,-0.0,-0.0,0.0,0.0,0.0
2013-02-07,-0.0,0.0,0.0,-0.0,0.0,0.0
2013-02-08,0.0,-0.0,0.0,-0.0,0.0,0.0
2013-02-11,0.0,-0.0,-0.0,0.0,0.0,0.0
2013-02-12,0.0,0.0,-0.0,-0.0,0.0,0.0
2013-02-13,0.0,0.0,0.0,-0.0,0.0,0.0
2013-02-14,-0.0,-0.0,-0.0,0.0,0.0,0.0
2013-02-15,0.0,-0.0,-0.0,0.0,0.0,0.0
2013-02-18,0.0,0.0,0.0,0.0,0.0,0.0
2013-02-19,0.0,0.0,0.0,-0.0,0.0,0.0
2013-02-20,-0.0,0.0,0.0,-0.0,0.0,0.0
2013-02-21,-0.0,-0.0,0.0,-0.0,0.0,0.0
2013-02-22,-0.0,-0.0,-0.0,0.0,0.0,0.0
2013-02-25,-0.0,-0.0,-0.0,-0.0,0.0,0.0
2013-02-26,0.0,0.0,0.0,0.0,0.0,0.0
2013-02-27,0.0,0.0,-0.0,0.0,0.0,0.0
2013-02-28,-0.0,0.0,0.0,-0.0,0.0,0.0
2013-03-01,-0.0,-0.0,0.0,0.0,0.0,0.0
2013-03-04,0.0,0.0,0.0,0.0,0.0,0.0
2013-03-05,0.0,0.0,-0.0,0.0,0.0,0.0
2013-03-06,0.0,0.0,0.0,-0.0,0.0,0.0
2013-03-07,0.0,0.0,0.0,-0.0,0.0,0.0
2013-03-08,0.0,0.0,0.0,0.0,0.0,0.0
2013-03-11,-857.5184219773016,-8640.401295604477,1746.2805362474003,-2383.309446176528,134.948627511118,-3064.271686083868
2013-03-12,4357.917247064379,30131.259412604555,2421.6368249156867,2934.1763491200254,134.9054645261818,0.0
2013-03-13,-970.010258015888,-514.949535517494,-7828.812386154419,-836.4061976646426,135.0783015252736,0.0
2013-03-14,-678.9825879619534,-20432.6463194506,19026.377538885616,1950.2163225423399,135.0350459845838,0.0
2013-03-15,5310.37641961195,4651.6368641447425,4093.2723045567486,-4160.131266504727,135.0350459845838,0.0
2013-03-18,5006.164093679201,37050.506213376284,15100.233267306221,2836.338625051914,135.1771510434043,0.0
2013-03-19,5703.535880257256,23386.29913186886,-12119.314736075474,3093.4351779825215,135.3880793289187,0.0
2013-03-20,-6182.371088257235,-29687.182155563612,16796.810452423102,-1338.3236381492407,135.57452828966942,0.0
2013-03-21,1659.1425980569738,33311.17860720969,-11223.096127983552,-3830.9058773512525,135.3880793289187,0.0
2013-03-22,2659.032878043185,8593.820093217684,-3705.190161552065,2427.962749692433,135.42546059806477,0.0
2013-03-25,400.75372884624744,-19121.24620703943,-5081.883292115056,3664.3618925298338,135.5186832180581,0.0
2013-03-26,979.0079488953646,12941.18488146226,7887.130325870795,-1873.4425098395882,135.53093136180067,0.0
2013-03-27,5550.124733604173,30635.887862624197,10227.642841565937,3804.4998834762705,135.56840360634263,0.0
2013-03-28,-932.9897948974439,-4187.468873999931,-122.57764810308095,5107.249460330512,135.7868566699422,0.0
2013-03-29,-7.78028824093794,-79.58510449389684,-47.769670044500394,-0.6517938906070941,135.7868566699422,0.0
2013-04-01,2640.164655354362,-317.59144351341547,-11579.95631772741,-787.2118141373932,135.7868566699422,0.0
2013-04-02,-3671.08108432861,-278.27468512017856,3679.5227597697262,-58.58885502169782,135.84289174263824,0.0
2013-04-03,7465.556082405214,26275.54639228089,10247.90996487184,-3671.8113611837425,135.74310351248081,0.0
2013-04-04,7363.530137453138,27883.40944732481,-4244.077103972102,-1137.8111083168933,134.94862751111802,-7.344899163614173
2013-04-05,7219.12428838351,98919.49654188979,-24734.565737703568,-1382.396747529676,135.17820700539784,0.0
2013-04-08,0.0,0.0,0.0,-0.0,0.0,-3056.9267869202527
2013-04-09,0.0,0.0,-0.0,0.0,0.0,0.0
2013-04-10,0.0,0.0,0.0,-0.0,0.0,0.0
2013-04-11,-0.0,-0.0,-0.0,-0.0,0.0,0.0
2013-04-12,-0.0,-0.0,0.0,-0.0,0.0,0.0
2013-04-15,-0.0,-0.0,0.0,-0.0,0.0,0.0
2013-04-16,0.0,0.0,-0.0,0.0,0.0,0.0
2013-04-17,-0.0,-0.0,0.0,-0.0,0.0,0.0
2013-04-18,-0.0,-0.0,0.0,-0.0,0.0,0.0
2013-04-19,0.0,0.0,0.0,-0.0,0.0,0.0
2013-04-22,-0.0,0.0,-0.0,0.0,0.0,0.0
2013-04-23,0.0,0.0,0.0,0.0,0.0,0.0
2013-04-24,-0.0,-0.0,-0.0,0.0,0.0,0.0
2013-04-25,0.0,0.0,-0.0,-0.0,0.0,0.0
2013-04-26,-0.0,-0.0,-0.0,-0.0,0.0,0.0
2013-04-29,-0.0,0.0,0.0,-0.0,0.0,0.0
2013-04-30,0.0,-0.0,-0.0,0.0,0.0,0.0
2013-05-01,-0.0,-0.0,0.0,0.0,0.0,0.0
2013-05-02,-0.0,-0.0,0.0,0.0,0.0,0.0
2013-05-03,0.0,0.0,-0.0,0.0,0.0,0.0
2013-05-06,0.0,0.0,0.0,0.0,0.0,0.0
2013-05-07,0.0,0.0,0.0,0.0,0.0,0.0
2013-05-08,-0.0,-0.0,0.0,-0.0,0.0,0.0
2013-05-09,0.0,0.0,-0.0,-0.0,0.0,0.0
2013-05-10,0.0,0.0,-0.0,0.0,0.0,0.0
2013-05-13,0.0,0.0,0.0,-0.0,0.0,0.0
2013-05-14,0.0,0.0,-0.0,0.0,0.0,0.0
2013-05-15,-0.0,-0.0,-0.0,-0.0,0.0,0.0
2013-05-16,-0.0,-0.0,0.0,-0.0,0.0,0.0
2013-05-17,0.0,0.0,-0.0,0.0,0.0,0.0
2013-05-20,0.0,0.0,0.0,0.0,0.0,0.0
2013-05-21,-0.0,-0.0,0.0,-0.0,0.0,0.0
2013-05-22,0.0,0.0,0.0,0.0,0.0,0.0
2013-05-23,842.8094613746977,8481.680171865875,-1841.4600717234582,2382.0218109715597,134.948627511118,-3063.120732637477
2013-05-24,1722.7016807734972,12579.717096656672,-1767.2689632493357,-2665.1087107647786,134.99184869161428,0.0
2013-05-27,-7.400048797325275,-79.3825671368528,-47.60782719707295,-0.6446576244852831,135.03510075573627,0.0
2013-05-28,-18675.38991977411,-70324.20899094193,-22907.03371107996,1630.6245140011463,135.03510075573627,0.0
2013-05-29,2002.091468879272,35643.21474525478,-8226.132365785626,322.4385250296319,134.41401203496875,0.0
2013-05-30,-284.6529719543893,-1754.62989536685,14376.05746415379,-2476.2564994404393,134.4936300101149,0.0
2013-05-31,-3636.1283523262246,-18007.03910302151,-23535.343607628147,5200.655445568668,134.4875134225049,0.0
2013-06-03,3389.265294745219,21527.914398269902,4204.311686977013,548.8360650273061,134.3650721664884,0.0
2013-06-04,-3289.236683346646,-3931.4590925083967,11341.631788162267,5784.726205003173,134.4936300101149,0.0
2013-06-05,5843.175980603484,21293.09858198461,-7254.290616294208,-221.9645718094482,134.43851487777366,0.0
2013-06-06,2140.482216803345,15008.06500089758,1185.3120429452758,1461.2578288199552,134.6224632345485,0.0
2013-06-07,-13053.895231057686,-52157.88625619963,-12772.460277458484,8065.55501665187,134.70850538518138,0.0
2013-06-10,-4759.8069374566885,-24557.689043947772,-14995.360082464147,-5471.026903823503,134.3100486728041,0.0
2013-06-11,1691.6228300371197,33926.25231376507,6183.49801357575,-2140.3251779405973,134.09654788194806,0.0
2013-06-12,-5087.982244885292,-30635.38249582674,-10254.667929932975,-3731.0725192773057,134.16962984763344,0.0
2013-06-13,6616.5501067086125,18043.65121025822,8167.160640279697,6399.699342197604,133.95658493531795,0.0
2013-06-14,8433.327352142998,9255.549774477513,10051.894829755045,-8252.756817060781,134.2245570524638,0.0
2013-06-17,-5061.744970947465,-63857.3675905905,-994.3996788132954,62.1684586539214,134.45686464090707,0.0
2013-06-18,-547.5969615468484,5583.4039031851335,-12533.515726377605,-2556.505751301136,134.25514609783545,0.0
2013-06-19,-17655.271697496395,-14632.346920192816,-67438.67813540727,10692.262084337912,134.21244596535024,0.0
2013-06-20,-11010.428567717041,-41570.2149132823,-9685.298464445976,2130.993317934119,134.94862751111802,-9.978104798035929
2013-06-21,-14790.459456488801,-15388.963744991242,-27885.80911659776,-1643.134774122944,134.59390333392713,0.0
2013-06-24,-6456.2603884864075,25465.264221133857,-24115.934495153706,-4590.312017590994,134.0955796991012,0.0
2013-06-25,-3821.5638496311735,-23411.441845922393,10144.200875645589,-3046.1438076033983,134.94862751111802,-10.227135563327465
2013-06-26,6543.497454544986,-9450.444118864687,4975.555721954805,7727.028865787684,134.81450366324592,0.0
2013-06-27,8950.948995831788,5623.181677236992,17800.08681023137,-2460.7570762697605,135.05246847876583,0.0
2013-06-28,-2140.9387956990695,10854.256356786253,-32938.777525854566,-6029.5845089071345,135.32803189817034,0.0
2013-07-01,4268.839126570321,12355.795268244246,-13274.315319323307,-3450.6514397447663,135.19929367189545,0.0
2013-07-02,1825.8848693267712,8932.072342613994,5946.807325296048,3229.7479232451933,135.2973352938314,0.0
2013-07-03,-5492.379373393862,-1150.4004804983956,-11916.657162421927,-1735.631620502836,135.38325219708815,0.0
2013-07-04,-7.438875485127288,-79.45802880749858,-47.65663580103895,-0.645753578230652,135.19929367189545,0.0
2013-07-05,-27764.57537295036,-105715.244551356,-39195.0984300688,2046.440845195185,135.19929367189545,0.0
2013-07-08,10646.399308333099,12576.662903694063,28513.913727412495,-2511.8169644554705,134.28127461197732,0.0
2013-07-09,93.54947536454291,-8199.767282131363,9512.50903333865,-1540.9296878541202,134.63846128228397,0.0
2013-07-10,-6046.289047389991,-22253.233177701666,-10220.59627775653,-1409.8878299164392,134.63846128228397,0.0
2013-07-11,13969.657275101403,-5122.536164701619,58355.70864209788,-8000.851202452313,134.42034769726638,0.0
2013-07-12,-3062.181152378775,22863.782269348743,-2815.577149072974,2923.9423397026817,134.8695748947657,0.0
2013-07-15,5555.325356295965,2667.5060747387865,-2660.42302975715,4204.610635507877,134.80859739075413,0.0
2013-07-16,3040.900326173212,19138.1541738121,1262.5635878967119,-3576.615672480889,134.99758459888847,0.0
2013-07-17,5000.670875746414,-9595.85548480637,18428.7703320339,-3958.7564313207868,135.08307581552123,0.0
2013-07-18,-5203.070225110938,-42583.70763413992,6990.815888282609,561.0806835209247,135.2237917598772,0.0
2013-07-19,7410.378756513686,49390.47471157826,3735.0645522882173,-641.1157371941546,135.05256653743604,0.0
2013-07-22,-112.5857848246762,8061.311709732197,-9638.358038721242,1554.3225270312926,135.30958678243496,0.0
2013-07-23,-3487.7711492337035,-17332.72771029057,5407.436253301194,-4814.488514018667,135.30958678243496,0.0
2013-07-24,-10302.061858906254,-41963.64799658152,-19346.07909281526,1328.4434450184824,135.1748135341806,0.0
2013-07-25,1718.6938556854466,-17006.39161804531,-171.8132948839245,-4695.268981297844,134.82696545716635,0.0
2013-07-26,4215.790814896653,21245.611212300842,-5416.951483470993,-251.3668899750741,134.8392169457699,0.0
2013-07-29,-4549.6503196946,-23094.871715981262,19790.168441554237,-2238.2591348051155,134.97326350736063,0.0
2013-07-30,-2258.8843414601442,-7062.970413747595,-10852.537791047655,79.29543506414747,134.8330905901519,0.0
2013-07-31,3718.6245867761245,10694.334755872289,-10371.641566196775,5712.142173926957,134.74796225822982,0.0
2013-08-01,-18160.60435368889,-65910.52599864059,-13194.923826038836,-2605.2585721592145,134.8879539619266,0.0
2013-08-02,15564.426989901904,17302.404749415404,32648.17746091679,-6617.48805915672,134.26965689667017,0.0
2013-08-05,-5506.285732299612,-15388.869377813186,2429.0932453737096,-1519.6393991259233,134.76634499423778,0.0
2013-08-06,-7.082908254473999,-79.32397612833267,-47.537863721266945,-0.6394453095892604,134.58419341366283,0.0
2013-08-07,5005.279327203895,43141.320443789264,-1238.8186445223773,12660.247264825612,134.58419341366283,0.0
2013-08-08,4219.361020528907,8682.816720898138,-5553.604307850668,2432.037059970826,134.8392169457699,0.0
2013-08-09,445.17872841470637,27513.384706525012,3182.2654446362917,-1250.83899142256,134.97939230919326,0.0
2013-08-12,-4843.877136111665,-28305.025640021504,-7345.5633449474435,359.4562849930673,135.00983608749203,0.0
2013-08-13,-13156.868301558974,-40440.70056325657,-30062.278557247173,3748.6344225199196,134.8392169457699,0.0
2013-08-14,458.69781996550887,-2091.564817729368,4765.492757658693,-3267.0282872234034,134.40252732856692,0.0
2013-08-15,-8399.577460413155,-26431.45683370878,-8433.641958265875,3565.9805616900207,134.40252732856692,0.0
2013-08-16,-7596.9260120931,-35618.823553423645,-25837.697137011502,-389.2348489583633,134.13705644152253,0.0
2013-08-19,-4489.7078916386,-22168.485637823484,-12087.91549669459,-1388.8396013544946,134.94862751111802,-9.565716949189664
2013-08-20,6787.991237953932,20854.47770675878,32344.761289974947,-240.53768501150296,134.77898087488776,0.0
2013-08-21,-8123.60979029695,-9778.777616266763,-19822.358026126134,7540.220156897392,135.0336307964963,0.0
2013-08-22,-5566.408434159732,44658.248114184746,-32602.232146908573,3410.076156521213,134.80911504333883,0.0
2013-08-23,9873.648253389514,45379.19878406638,-54.9605960296225,4445.5168774624535,134.65765407589944,0.0
2013-08-26,4639.1598073513715,21975.718300107776,23569.893073804673,-10295.06990368187,135.00917055365466,0.0
2013-08-27,9732.91494920536,30439.51111922823,-3147.598950690528,3032.1368389479453,135.13078899634644,0.0
2013-08-28,-8755.72504021634,-20381.56510400133,-13226.108096965334,1865.3616075788168,135.44822240835262,0.0
2013-08-29,4779.1140293914095,27361.531209551034,-10173.08842907168,-2008.5407567402071,135.17953806676394,0.0
2013-08-30,-2449.4272660424126,-3403.431085227963,-18582.21855477695,-5834.1955468751385,135.31374355293838,0.0
2013-09-02,-7.503221913914448,-79.40404666840244,-47.632013190250376,-0.6463695248943788,135.18565129746162,0.0
2013-09-03,-11921.482232977587,-36821.37626604306,9663.324371727564,-1308.5027718408683,135.18565129746162,0.0
2013-09-04,-6343.240506122829,15425.577222652795,-21378.063416286277,2174.2821483454463,134.82095165160612,0.0
2013-09-05,-14351.861297091418,-7708.866769488461,-9418.953443100043,11507.214587967246,134.63322309278095,0.0
2013-09-06,8211.571885718895,-38839.463033966895,16231.005032745521,-5893.480039451383,134.25923055647127,0.0
2013-09-09,6179.983305249555,9496.864719449008,21518.963949338773,-7514.952095680571,134.4642937154398,0.0
2013-09-10,-9585.73350693088,7104.24767250588,-8100.310911454893,568.7765549354156,134.6393290114257,0.0
2013-09-11,6463.018727917841,-5809.518707789663,8822.852216944266,-9735.714044568143,134.35559618904577,0.0
2013-09-12,1210.5793489361602,-10500.664600869875,-6845.481557050825,5984.092435912684,134.50037665515393,0.0
2013-09-13,1763.298962595059,8900.124156120313,5922.339073010644,3200.7754802516056,134.55480470138167,0.0
2013-09-16,4203.460134865082,-51305.986588512176,29448.101527522922,-2494.5983319813304,134.6393290114257,0.0
2013-09-17,4285.292179241303,4210.777558872421,-3680.875432898165,-4976.992099355338,134.74840862082286,0.0
2013-09-18,22505.484412763704,26040.63545912501,74601.42708447964,-3431.7324210034594,134.84539725883366,0.0
2013-09-19,-8484.180736776523,-35776.33032878753,-25998.99732952676,-398.1517228361865,135.60132965538762,0.0
2013-09-20,1150.76818785388,22747.252884837984,-16186.832879003689,2193.187629893116,135.30160038626022,0.0
2013-09-23,3609.765171526312,34180.84150735358,4360.615811575014,-2150.114347326158,135.34432800973931,0.0
2013-09-24,6822.516523793353,40848.68810834956,5538.174685179909,-3046.843492246215,135.46657308178933,0.0
2013-09-25,3890.562094290308,22400.186112183754,21696.113522688996,2217.0389004955,135.68112039828554,0.0
2013-09-26,-3345.57191781525,-40856.140047977606,-9369.300946360461,3121.2632606258485,135.84718795481558,0.0
2013-09-27,2924.0663473150053,4900.62445326645,15635.502881136092,-3416.741872002198,135.730240420243,0.0
2013-09-30,514.4779723296194,-14695.201878356656,4656.478487667929,-614.064676638679,135.81633322877764,0.0
2013-10-01,-3771.76693215932,-17320.414008429958,-6204.181576566119,6961.307613077686,135.82245378303213,0.0
2013-10-02,5152.454087933956,-1464.6309473722945,8871.684504546827,-2433.9529628107266,135.7363609744975,0.0
2013-10-03,288.26232473821005,5142.100545711068,27186.4931682218,-2635.6271322518996,135.8777907276981,0.0
2013-10-04,-5415.464878155008,-12067.714250556812,-26596.745982215147,3505.393879154281,135.9086686695821,0.0
2013-10-07,60.2909918297895,46620.282485853015,8230.851902845689,-4942.606652572281,135.7363609744975,0.0
2013-10-08,-2771.633059294188,20894.365911945777,2014.1748855906371,-371.0040282499995,135.754917241879,0.0
2013-10-09,-979.1692208221656,-42744.24985731509,-6385.426318825011,-191.0765793213991,135.69354273274442,0.0
2013-10-10,-1976.5420397881999,-30595.63460784286,-14046.948382347258,-3752.74791976165,135.6259151490237,0.0
2013-10-11,1892.1466381528146,4460.629243950783,7823.308256750888,-4247.003499318791,135.50942181299123,0.0
2013-10-14,-7.664646713092822,-79.51979441038162,-47.71826110157805,-0.6495986596854278,135.5523008847379,0.0
2013-10-15,-6376.185685817846,-17870.641735783247,-526.0497534935845,-5708.097493425115,135.5523008847379,0.0
2013-10-16,8448.39052867234,23913.348627525193,-6184.507349916,3959.0991618927633,135.325973674039,0.0
2013-10-17,9763.403770462492,37735.6835126222,19205.150336855888,3754.305903802841,135.60132965538762,0.0
2013-10-18,900.6582920473554,8510.764097385518,-1849.8479309158652,2417.154406419359,135.95182195628,0.0
2013-10-21,-4025.0497769167478,-19718.42466164213,-9133.72875083449,2742.254561882433,134.94862751111802,-7.774975711639854
2013-10-22,11457.94018547302,35721.22971807835,22102.530573070966,449.40751048072576,134.8206990479386,0.0
2013-10-23,2194.5399089880957,19512.348553243723,-682.0167400206644,8929.577269418123,135.217542341926,0.0
2013-10-24,-3555.3193434973086,-277.7936535273447,3671.16371897623,-58.17044159668892,135.34628989235918,0.0
2013-10-25,1782.895176140303,-4449.357281623244,-35.23245655619595,-7433.553625510789,135.2481875499152,0.0
2013-10-28,-1374.6242944240817,-6632.678379800375,-3080.5859182205973,917.7515887475929,135.25430703657844,0.0
2013-10-29,1464.6191483257376,-14229.971965524903,12430.063768025464,228.71943555561174,135.2114216336946,0.0
2013-10-30,-2641.785847295919,3823.25156738024,3744.418777977178,-5125.921674695867,135.26042774480982,0.0
2013-10-31,-657.3701441301586,-15870.339436623648,-20567.23934583895,-3090.010588870768,135.16244715727257,0.0
2013-11-01,-9827.381843222673,-31381.502986951684,-14369.139350996282,-4671.504448790602,135.08906850975166,0.0
2013-11-04,1393.070625959443,-9745.576302269641,10536.856771928151,7631.292455702052,134.73556436731258,0.0
2013-11-05,-6511.0420132387035,-45387.0253225316,-3750.302947376117,-4397.075659489017,134.82681853460184,0.0
2013-11-06,3654.4867607290194,-24230.720151921334,24912.34831138508,-4562.372005305518,134.5717758880801,0.0
2013-11-07,5880.461781667725,33872.162421222514,-7128.470366212451,-2901.4047501105288,134.6689123442966,0.0
2013-11-08,-17859.206301348364,-72315.88274000141,-18071.23324539682,-1664.9985991920744,134.8451843253109,0.0
2013-11-11,-6.9696283899837645,-79.18416851307406,-47.44281646329551,-0.6367865178722985,134.23339988422558,0.0
2013-11-12,-5113.60231244041,3309.224703437646,-13715.058866360096,5639.692034163631,134.23339988422558,0.0
2013-11-13,6753.317247160414,5505.591015062003,19570.648641348074,-2454.7426044187023,134.09476403203473,0.0
2013-11-14,8501.002499919587,5609.147683562168,17740.926601558156,-2434.146868586187,134.3178143975527,0.0
2013-11-15,-2986.2047200383577,5828.524532557567,-1082.1765348512388,-1795.5629025462526,134.59014167878914,0.0
2013-11-18,4691.357048934853,28083.64997238244,7230.934046799799,-358.3030364969997,134.4931229066527,0.0
2013-11-19,-4482.151489114482,-39129.097800151976,-21906.573701844736,5517.011700562495,134.66279041416144,0.0
2013-11-20,-8321.782329717109,-85560.16628267759,6304.42758802066,-12071.769081729528,134.50536798913035,0.0
2013-11-21,882.4385780498432,12885.06039886789,7839.623568996014,-1833.7332671359832,134.13149194969566,0.0
2013-11-22,3279.1736978894514,51042.10852435312,2612.4160192679033,2566.856893335007,134.16747048556238,0.0
2013-11-25,1174.1462119168216,2030.558352957695,-6708.410957139764,3292.7196084060447,134.32393510578407,0.0
2013-11-26,4203.537901089913,13090.92052962051,4143.971435068017,-1784.2893048012252,134.37230910170595,0.0
2013-11-27,-2290.0915223398097,-15940.320446657504,-18659.40892670745,-3086.2724786091176,134.50536798913035,0.0
2013-11-28,-7.017463161366484,-79.24510171584522,-47.48406978904749,-0.6379219626763041,134.38455662893546,0.0
2013-11-29,-1284.8792826476013,-6616.075636230363,-3069.470224189412,905.2890108153508,134.38455662893546,0.0
2013-12-02,-7656.759941836139,-14218.211802422002,-17903.38247786668,101.49842318446039,134.34230456314873,0.0
2013-12-03,3679.7629635505127,-1891.110771976144,1059.1044736038182,-3196.549892197686,134.07717126768532,0.0
2013-12-04,-7387.8680199767,-25971.971111188537,-671.565766160127,4378.777493274052,134.17359486044938,0.0
2013-12-05,-4593.269888546889,-14042.819846458107,-21658.555844891347,159.69695238518625,134.948627511118,-7.774835434916895
2013-12-06,-211.87136075681676,16163.173741732682,-19174.584680725846,3088.503318875104,134.77898087488774,0.0
2013-12-09,2155.517218569407,15019.859874608564,1186.3690332994609,1463.9654028313637,134.77898087488774,0.0
2013-12-10,6162.029162990555,34657.66315229352,10269.565022585884,-1273.5428329406845,134.86374427097763,0.0
2013-12-11,-6274.912286431285,-22276.613051043012,-10237.64977417074,-1420.1647803563258,135.07617751912338,0.0
2013-12-12,-6520.4612610337435,-2457.137270205901,622.9990330137581,8245.653720253522,134.85762463072425,0.0
2013-12-13,1593.4557942939111,20682.08519641769,-11323.504017660993,-1111.4338621842783,134.71217282194812,0.0
2013-12-16,-1231.108890339628,-14738.026024836332,6487.484582395312,-633.3494319526613,134.7545096412415,0.0
2013-12-17,4037.8864923210776,15882.232584493324,16720.01735587904,3126.4125292368158,134.71217282194812,0.0
2013-12-18,-3324.3434268326373,-28937.771521645835,-26592.15996176669,-1250.8575483781196,134.88169966433048,0.0
2013-12-19,-7687.728080663849,17004.203060261578,-33960.10506892923,4624.847603976391,134.72440599653424,0.0
2013-12-20,3444.0181077901657,85952.74215046558,-32634.05736847377,12843.924434385,134.49482175463308,0.0
2013-12-23,-4802.532053883557,-20159.41560741542,-5326.949900274936,-9731.096939906265,134.6938322128596,0.0
2013-12-24,-6534.670906917728,-32742.903005196466,-15153.503268278757,4543.012847090536,134.47648480506928,0.0
2013-12-25,-7.058319527758142,-79.14196584999594,-47.42785573896253,-0.6378513976212123,134.2659925143378,0.0
2013-12-26,-3156.234855526403,13016.69047317712,21138.414646225618,-1099.221061756254,134.2659925143378,0.0
2013-12-27,-891.5553905670259,-29998.300332257382,-6204.986631960028,-2852.0896801371,134.19955086591972,0.0
2013-12-30,4555.262195529878,19159.16714674016,-591.7715501508313,-3509.70228613925,134.12783443876324,0.0
2013-12-31,-5964.68668718161,-47249.34136943063,-10468.663996363266,3928.6143556349457,134.2598826366404,0.0
2014-01-01,-6.947787594016176,-79.08858939505049,-47.38405032283711,-0.6358138220108597,134.0562411339146,0.0
2014-01-02,4224.10072092733,34449.612438375356,12076.952912199973,-1287.5651101726642,134.0562411339146,0.0
2014-01-03,-2034.2738772562932,6250.276329559579,6668.584407128777,-962.5486890536762,134.21787318698966,0.0
2014-01-06,4204.3103895660515,13069.171550654806,4137.21317761221,-1781.8760020233592,134.16367724983752,0.0
2014-01-07,2103.544213611785,14985.954988619498,1183.2484209427387,1455.1601550198034,134.29581306384503,0.0
2014-01-08,-7936.645647420716,10880.268099561352,-29161.107085122036,6341.212377441636,134.37998024432673,0.0
2014-01-09,3072.937296554234,24276.15856223188,16733.039122748203,5433.2260317062055,134.15146602374534,0.0
2014-01-10,14140.796085400158,16410.999048604604,17120.416195365706,-8295.338207770887,134.31345935823776,0.0
2014-01-13,4932.4138881614,19967.952504476365,16791.049545056278,-1905.1588653842464,134.7239480575629,0.0
2014-01-14,-5499.443280074431,-18124.372828405685,-21717.894428878564,5206.8169426648465,134.89359469379315,0.0
2014-01-15,-3544.918924449715,7837.617898942822,-5897.719604942716,1487.3768595973665,134.7239480575629,0.0
2014-01-16,4322.658376304268,30080.93221602511,2417.324356740835,2926.0131322105185,134.62708820565368,0.0
2014-01-17,3063.251877027683,6557.706719091148,1123.750318466704,-885.5700420179643,134.79649535459342,0.0
2014-01-20,-7.401701129787837,-79.28891088082463,-47.552819185166484,-0.6440548392033568,134.88748603498226,0.0
2014-01-21,-1563.686129418414,9616.925796224466,-22200.33379337102,4012.2066405297614,134.88748603498226,0.0
2014-01-22,-5342.079039501902,24746.56818872357,-5776.432364857695,6197.148082418082,134.845029421841,0.0
2014-01-23,13243.067024547878,9897.878784953878,14128.527055930748,-7435.597351102364,134.7357836760288,0.0
2014-01-24,6256.680779898853,13209.66480680957,2298.3896486111034,-1778.3239144321979,135.10632843308647,0.0
2014-01-27,-4153.738220131439,-19730.20469883791,-9144.133539067201,2758.828469944667,135.2892787223476,0.0
2014-01-28,675.8514447996612,-1322.5636153560713,22197.327894788577,-1664.764144081221,135.16118646687084,0.0
2014-01-29,10495.588334433864,29196.34277305958,19099.33912764661,1371.1148823218687,135.1977425919326,0.0
2014-01-30,-4225.2750958655915,-19748.234261080153,-9155.143799286463,2769.361282859634,135.55239268441505,0.0
2014-01-31,7877.474832486472,11644.864774644459,14923.722045123475,-4268.525658845656,135.4237554436846,0.0
2014-02-03,9592.309127087274,15454.466848019794,-6254.661447430125,1599.684545979297,135.6505310528502,0.0
2014-02-04,-4614.8154022467415,-21464.32554581318,5344.61701252228,254.5484109014527,135.93346395736856,0.0
2014-02-05,-8324.815254725747,-43164.70812660113,1061.9518095950737,-307.1708232364851,135.7979761438673,0.0
2014-02-06,-3293.215209487229,-3069.1334418021606,-8944.564864069545,-5039.863844670369,135.53394471388867,0.0
2014-02-07,4695.86607120889,-24624.994563548786,15347.54254481599,-5433.3631062833565,135.39928129711598,0.0
2014-02-10,-441.4192689213142,23432.638917347515,3112.9275503106433,3824.9395589106657,135.50330370120213,0.0
2014-02-11,-7923.687131575328,768.847345119479,-14892.38221545316,1556.2905157054488,135.53394471388867,0.0
2014-02-12,-6114.558308734941,-20605.19184107928,-24719.224273461674,1080.4084030848257,135.30150457501867,0.0
2014-02-13,9236.338024469482,-6167.045257198991,35074.71098752152,1878.2812528955062,135.08816833861388,0.0
2014-02-14,-1582.6590537848917,5167.698139347793,-20387.907563118748,-3441.765776931689,135.40539849481144,0.0
2014-02-17,-7.566004160030196,-79.44380193970595,-47.66245626577615,-0.6475901405100128,135.31985250602227,0.0
2014-02-18,4210.85463495241,3343.9741259626217,16629.50522151454,5861.45166453025,135.31985250602227,0.0
2014-02-19,-4513.90372237457,-4381.078246198517,3598.3293018984127,5029.481224035139,135.49718406094874,0.0
2014-02-20,-4678.28594681557,-5151.767832601071,-13844.885836640073,3371.9565936050208,135.39928129711598,0.0
2014-02-21,3909.580341791904,23269.72387497221,-10251.509465145584,3060.959407158064,135.26489170795702,0.0
2014-02-24,-2681.5464905030294,3823.601215802577,3745.7464811205755,-5139.910258041448,135.39928129711598,0.0
2014-02-25,6393.743795372305,22125.984044470988,10149.864071602564,1424.6039508828871,135.30150457501867,0.0
2014-02-26,4599.160173844858,13132.755254656882,4163.445201435458,-1817.1460345519997,135.52171153930254,0.0
2014-02-27,2706.12802678467,21182.521325473645,-3571.32475327205,-283.8137492215954,135.65664702974087,0.0
2014-02-28,-1128.6683759844457,7628.694122058463,-17452.962207139346,722.5919325320422,135.7426788761668,0.0
2014-03-03,7565.450168786368,22593.66666398405,17969.820032945398,2276.650094137858,135.69964771883048,0.0
2014-03-04,-12425.174554492221,-57013.965230283975,-20552.9041846043,-142.9046581307386,134.94862751111802,-7.461828241037438
2014-03-05,-7.135048654083143,-79.24514468034151,-47.497233326936076,-0.6397091681779824,134.51713582953866,0.0
2014-03-06,-6239.887477421042,-2486.505342324205,12175.245582249447,-3390.224775884102,134.51713582953866,0.0
2014-03-07,-8298.645845437957,-16619.53325762648,-32379.07647640601,7572.190842140335,134.32336556634343,0.0
2014-03-10,895.9638298956257,-12162.518101098252,7560.747288426171,3480.503447674671,134.06418826579224,0.0
2014-03-11,2889.984228874054,19066.287604182144,1256.8281507084891,-3534.8407253265605,134.11240379785735,0.0
2014-03-12,4624.892704682744,28043.00077495088,7218.931924181241,-357.0152833375132,134.1966989872296,0.0
2014-03-13,9308.79450165612,22257.239143032366,6406.687390331162,1461.3351932952567,134.36564753833198,0.0
2014-03-14,-898.0566472727287,25380.309730598026,-1715.0218275113866,7063.33891915782,134.68080601321302,0.0
2014-03-17,-6040.47695248113,-17816.22849841503,-523.9796912543181,-5639.945807534472,134.71109679812184,0.0
2014-03-18,2982.312968975083,-5980.879873295157,986.1755055857294,1793.7936259580397,134.48656052153052,0.0
2014-03-19,-19337.256359392504,60088.37490858634,-48407.00688171538,17863.004132173224,134.58362071251142,0.0
2014-03-20,858.3801001489834,-25467.255657313406,1614.7125747280782,-7013.668277471667,134.09346511584317,0.0
2014-03-21,3958.6663305630723,46212.50869826663,-16643.20692271874,5962.7116814054125,134.06353695560622,0.0
2014-03-24,-236.9837112850008,45606.22466896292,-20704.906963683905,5094.88510436642,134.2322466583056,0.0
2014-03-25,-1202.022452643931,-14703.287339617083,6469.830839109754,-629.5349166644553,134.26229419262077,0.0
2014-03-26,6850.087928327646,9150.836875355068,11895.734724811284,-8290.199438968493,134.22004212683407,0.0
2014-03-27,2026.159950786622,23091.809945320576,-8357.721437196766,2996.4156838937697,134.4014344591742,0.0
2014-03-28,-4883.692737007068,-20105.40619130552,-16865.017907751317,1898.0130997979697,134.486208148833,0.0
2014-03-31,470.19022017291513,-14609.217326722279,4622.4210389426435,-601.5206488675183,134.31678069608085,0.0
2014-04-01,-3772.8448148414477,-32216.616771235513,2297.5726541151716,-6185.134593843112,134.3228847875624,0.0
2014-04-02,-7992.3048395507985,-11415.543742205426,-5337.6620876569705,4986.509714357313,134.15393623646003,0.0
2014-04-03,2787.7297372394587,14627.896362483061,-8401.143704410364,653.2456554005238,133.9251129348385,0.0
2014-04-04,8550.370845968973,-2495.571403819413,27228.398990916892,-3957.2140323944877,134.0153311706382,0.0
2014-04-07,4618.396152027525,6645.707163940717,-728.3313729187307,-850.3998896751823,134.28670812465018,0.0
2014-04-08,2499.8688723119476,8560.858370890192,-3687.2799265287276,2394.4053801170608,134.42585813192565,0.0
2014-04-09,51.210872989661304,-46592.748446656464,3271.708382830909,-6745.592057841705,134.51674078533944,0.0
2014-04-10,7410.934192664001,33023.21907970126,22816.912868480395,-3712.3197103569646,134.45030130142533,0.0
2014-04-11,2917.4537459712706,27219.07148785816,-8297.865668957815,-2022.9854321412631,134.70498295697982,0.0
2014-04-14,0.0,-0.0,0.0,-0.0,0.0,-3081.0464052552356
2014-04-15,0.0,-0.0,0.0,-0.0,0.0,0.0
2014-04-16,0.0,-0.0,0.0,-0.0,0.0,0.0
2014-04-17,0.0,0.0,0.0,-0.0,0.0,0.0
2014-04-18,0.0,0.0,0.0,0.0,0.0,0.0
2014-04-21,-0.0,0.0,0.0,0.0,0.0,0.0
2014-04-22,0.0,-0.0,0.0,-0.0,0.0,0.0
2014-04-23,-0.0,-0.0,0.0,0.0,0.0,0.0
2014-04-24,0.0,-0.0,0.0,-0.0,0.0,0.0
2014-04-25,-0.0,-0.0,-0.0,0.0,0.0,0.0
2014-04-28,0.0,0.0,-0.0,0.0,0.0,0.0
2014-04-29,0.0,0.0,-0.0,-0.0,0.0,0.0
2014-04-30,-0.0,0.0,-0.0,0.0,0.0,0.0
2014-05-01,-0.0,-0.0,0.0,0.0,0.0,0.0
2014-05-02,-0.0,-0.0,0.0,-0.0,0.0,0.0
2014-05-05,0.0,0.0,-0.0,0.0,0.0,0.0
2014-05-06,-0.0,-0.0,0.0,-0.0,0.0,0.0
2014-05-07,-0.0,0.0,-0.0,0.0,0.0,0.0
2014-05-08,0.0,0.0,-0.0,-0.0,0.0,0.0
2014-05-09,0.0,0.0,-0.0,0.0,0.0,0.0
2014-05-12,0.0,0.0,0.0,0.0,0.0,0.0
2014-05-13,-0.0,-0.0,-0.0,0.0,0.0,0.0
2014-05-14,-0.0,-0.0,-0.0,0.0,0.0,0.0
2014-05-15,-0.0,-0.0,0.0,-0.0,0.0,0.0
2014-05-16,0.0,0.0,0.0,0.0,0.0,0.0
2014-05-19,0.0,0.0,-0.0,-0.0,0.0,0.0
2014-05-20,-0.0,0.0,-0.0,0.0,0.0,0.0
2014-05-21,0.0,0.0,-0.0,-0.0,0.0,0.0
2014-05-22,0.0,0.0,0.0,-0.0,0.0,0.0
2014-05-23,-0.0,-0.0,-0.0,0.0,0.0,0.0
2014-05-26,0.0,0.0,0.0,0.0,0.0,0.0
2014-05-27,-0.0,-0.0,0.0,-0.0,0.0,0.0
2014-05-28,-0.0,-0.0,-0.0,-0.0,0.0,0.0
2014-05-29,2221.1598966564507,10722.008985536513,3150.8290106092213,-5959.049265290833,-134.94862751111802,-3078.0802641632927
2014-05-30,3140.8104692392144,15619.986049663119,9057.500251344725,2301.6511039477464,-134.90580972296863,0.0
2014-06-02,8332.116477296193,20340.674546931306,13188.6032245307,-1846.1528218285234,-134.7775386633674,0.0
2014-06-03,7713.6462849628715,22331.874999672164,8358.940113356282,1436.8283227884551,-134.50958297236295,0.0
2014-06-04,1185.523017873752,14713.81983065717,-6472.899242738664,628.4466063171467,-134.24271834801766,0.0
2014-06-05,-2542.9021361582477,-453.8140220217684,-5852.708284775128,-852.7949409723022,-134.20038392213422,0.0
2014-06-06,2226.225175696226,-9938.85768102217,12546.593449837183,-4770.350569604212,-134.29119556701258,0.0
2014-06-09,3402.630556113179,-7828.281190541352,5886.7471463406,-1475.5904745895684,-134.24271834801766,0.0
2014-06-10,3287.2969591052833,276.56898791878467,-3650.3699489234773,57.182576771920715,-134.14585760217395,0.0
2014-06-11,-383.5278123507317,10953.52633985828,3050.5597309594946,6404.476175117605,-134.04912160900255,0.0
2014-06-12,-7799.592155041078,-32668.961086568466,-1656.871212893326,-7030.239393038999,-134.01301490865504,0.0
2014-06-13,3899.8096272091916,-22368.24492058863,10560.330689097522,-2077.8505340586,-134.32136573092856,0.0
2014-06-16,2038.9907244056628,-31294.33973329988,-6941.248460032964,6291.320665743329,-134.2182794451423,0.0
2014-06-17,7250.3804579748885,11750.668930887592,14930.805136709338,-4189.232845277094,-134.15152560487311,0.0
2014-06-18,-6408.58879159072,13092.171661834542,-24130.79672934789,-1926.7479814372077,-133.92810048681625,0.0
2014-06-19,2811.482260132708,31767.853467426743,-10041.449570838999,5343.424875097873,-134.1576286325375,0.0
2014-06-20,-790.506586790484,-33473.321490911985,1560.9700825435002,2963.3329166706735,-134.0308052222812,0.0
2014-06-23,98.50172902523497,17006.05691958772,9846.462799385185,-6849.328621787664,-134.0608449010814,0.0
2014-06-24,-3779.742073893603,-36451.63063018515,-7274.6446857384535,-1969.6882325736012,-134.07304973965879,0.0
2014-06-25,-3314.5000562932946,-12637.290703744386,3609.3930403619097,2610.5320051130334,-134.23622447656635,0.0
2014-06-26,-5554.830816837633,-7080.742381204377,-7022.755373880874,23.43170269620161,-134.3271465566521,0.0
2014-06-27,458.1838445283066,15056.890510396013,3130.940944942143,1432.5386605806923,-134.5093557201076,0.0
2014-06-30,-1391.820255678274,-23408.914708310884,-12793.076301403169,7797.913731555059,-134.47291730349087,0.0
2014-07-01,6460.584119394289,40849.417755462724,5606.674866184596,-3005.906553374318,-134.50325025797642,0.0
2014-07-02,8029.205631597211,28397.321041547457,3615.5575464973813,-299.78325503733043,-134.2908262399584,0.0
2014-07-03,3306.2001680741155,-16681.856850466604,-1923.6350153030846,-4620.912208161235,-134.02470219461682,0.0
2014-07-04,6.954751339866077,79.0259941314486,47.3479403475884,0.6354999937510385,-133.96418581265408,0.0
2014-07-07,-1965.5102220072063,-23056.089443283403,8340.7872448743,-2977.291251134753,-133.96418581265408,0.0
2014-07-08,-6637.522966177233,-34195.310341469856,-637.6109651964719,2056.4783274456872,-134.04864492825257,0.0
2014-07-09,-1759.444971523422,-4438.166854994981,-7774.79773249475,4176.1586063342775,-134.26641656216594,0.0
2014-07-10,-3353.962104786304,37442.0879304458,4154.852823911527,-8066.720904817893,-134.30884112360272,0.0
2014-07-11,-2114.1928594145784,-40051.642282454675,-1456.5224752053807,3888.502574671544,-134.42429569896916,0.0
2014-07-14,3109.8788793719455,11132.562093918497,10899.844728501674,-5097.28178081525,-134.49714601323336,0.0
2014-07-15,2165.6848018479536,-1831.719330608405,3005.3994192357127,-3245.9074605929572,-134.41208599209494,0.0
2014-07-16,-339.9598933829388,-22991.88421539302,6506.6565309178795,-2965.909600375033,-134.3634981861726,0.0
2014-07-17,-10620.25788012849,-36879.827848401495,116.81085905680284,-2093.6648918570622,-134.39988115351755,0.0
2014-07-18,5669.381748286954,-14177.925631339449,-833.3372360583095,-518.3898337092836,-134.7591558680318,0.0
2014-07-21,-1114.1865950481038,-22670.95443224241,16124.421345140894,-2174.810831752473,-134.60665715435846,0.0
2014-07-22,-2582.760117917021,8425.912536106638,1961.7265811540933,2319.810452844138,-134.64932319215168,0.0
2014-07-23,291.60068184953496,1754.8244794608227,-14383.52538413304,2486.7450194471917,-134.70422193432492,0.0
2014-07-24,6993.267287831156,4899.640854425688,2326.80634422793,-4116.1550794812465,-134.69812012341188,0.0
2014-07-25,-5551.427709006156,-40240.28955815568,2245.265497717007,3840.116474289447,-134.5092183329192,0.0
2014-07-28,4045.002101664046,2689.995291430563,10843.836101854271,-7464.086217292822,-134.67982198803082,0.0
2014-07-29,-4362.994245903472,-25610.220991897204,-4280.007565092466,4477.399652389738,-134.5883626663756,0.0
2014-07-30,12346.25756851728,52479.06806500848,10825.20809667083,4377.02007923041,-134.7164517022565,0.0
2014-07-31,-776.9830479449722,29892.392966969837,8053.677758157579,2829.7299953650713,-134.27835638665144,0.0
2014-08-01,-10326.770382522616,23782.149277446824,-17460.72464049003,4437.018791666607,-134.25421902125686,0.0
2014-08-04,-550.7331598687948,5743.466722921362,-12448.845562429578,-2569.5533034436603,-134.5458255516207,0.0
2014-08-05,-1667.5568195314258,-17010.997190429593,3627.737939581163,-4744.940275704373,-134.58843106786588,0.0
2014-08-06,10.894703242029266,-12459.138539477704,-88.90649960908186,2684.277030174607,-134.6737328699441,0.0
2014-08-07,-8740.8008088718,-1185.47694177797,-8067.498009687469,-1776.9770520473242,-134.66762862520105,0.0
2014-08-08,1853.2039002894303,-7943.355555324747,7759.479057724437,-1520.6695139389606,-134.94868630928997,0.0
2014-08-11,1177.1618047482812,-6699.488109784372,-14460.894660642269,138.0494076796618,-134.89973019646123,0.0
2014-08-12,1815.5448800790086,34161.55045735895,6298.895689633398,-2166.0094319367186,-134.88751805448294,0.0
2014-08-13,-5272.424354475137,-4645.713929788808,-4087.64279164483,4150.571739850324,-134.81412502135575,0.0
2014-08-14,-3833.206359728598,-23243.320833614707,10236.536489893298,-3047.4978234290065,-134.95479542551746,0.0
2014-08-15,-7054.0350431824745,-51358.87684887296,1091.5167424177826,-2663.3914661112053,-135.08963322255772,0.0
2014-08-18,7522.092237590182,36201.321911532075,-13740.09257579076,414.7612546505566,-135.34791313876264,0.0
2014-08-19,2167.0872161948896,-6269.3057066187885,-6695.774154004248,975.535488735166,-135.1203839501911,0.0
2014-08-20,5995.081509318185,-17884.90881592808,18444.479739786773,-6326.022761232231,-135.0651991937187,0.0
2014-08-21,-2595.1980854326457,-21119.033065926127,3558.1585695225444,281.011697628814,-134.91815899703084,0.0
2014-08-22,1931.150321006136,-54515.16392373325,11085.019380771144,-8321.21873850078,-135.00394680991167,0.0
2014-08-25,-1150.1225499033737,-22698.0433052028,16152.273023865271,-2189.064057074564,-135.02248651288602,0.0
2014-08-26,-102.40505638994368,20747.66461554686,-9383.592090028595,-1146.5148386826027,-135.06545669163788,0.0
2014-08-27,-4428.31449091391,-16762.134420012942,3547.613220965517,7709.270912398601,-135.07155485419014,0.0
2014-08-28,-4029.7542606044344,-15122.531835909447,668.8959544456045,-1503.8770383142457,-135.1636862814528,0.0
2014-08-29,82.3317402353806,21539.4985260043,8030.174980868644,500.9809474081256,-135.299064564472,0.0
2014-09-01,7.610185812736422,79.3802085820292,47.62991658362572,0.6478352120376976,-135.26814619042898,0.0
2014-09-02,11614.382550994007,21798.23114094099,-12756.342266004436,-137.28358751128783,-135.26814619042898,0.0
2014-09-03,-1643.9921814311776,-8135.811079754585,11464.302078065824,-1579.4575946895939,-134.93663771812902,0.0
2014-09-04,6047.258902969204,29593.585148731923,-16738.220464793656,1329.619152343935,-134.9856450261698,0.0
2014-09-05,-517.4210765069804,31622.51570787672,-6360.49780276839,5342.908649506074,-134.80199610055823,0.0
2014-09-08,3193.259356892061,-13936.527653276946,10637.903392428738,257.5397440795089,-134.77140382322818,0.0
2014-09-09,3666.2476155350496,-15940.679799829102,15444.861651151712,-3033.2905729109975,-134.67372504095704,0.0
2014-09-10,5235.369052423463,9250.304314656285,2312.478954708729,3264.2513626845134,-134.57617241740715,0.0
2014-09-11,386.13431783913444,6170.150353214554,-4684.011726616447,-1737.8793190813246,-134.39362535591474,0.0
2014-09-12,8614.876652769039,60311.590707214265,4969.502008478272,5840.817560457331,-134.39362535591474,0.0
2014-09-15,-2659.7148582577793,-4866.42435856038,-15502.73424710744,3341.3446102910575,-134.05434864049693,0.0
2014-09-16,-1318.8487771692405,35527.22135981341,-4419.069731349372,266.46843191950353,-134.13898749756615,0.0
2014-09-17,4654.746538912416,-22670.95695050478,955.2073239325738,-2873.954794974616,-134.15726740548305,0.0
2014-09-18,1490.3329381567441,-9582.884528130931,22105.005385527453,-3967.613936649905,-134.04825776607052,0.0
2014-09-19,-5285.719406548632,-48246.629774773864,11759.97902530081,2282.9005751116283,-134.0059833043776,0.0
2014-09-22,-3063.550974265009,1553.3628637264108,-10647.535598638922,2413.373831798757,-134.17526106894954,0.0
2014-09-23,-3807.756798910866,-15071.535334485192,666.0248720844802,-1484.961809498326,-134.26617099579732,0.0
2014-09-24,5198.410602162256,4793.817055484554,4172.566344143196,-4129.734566068436,-134.39971744423826,0.0
2014-09-25,-8983.725527631788,-15334.140256641493,-5316.876820204728,10009.623572784487,-134.26008012137092,0.0
2014-09-26,4493.478322515624,-24367.319632227878,15368.940594729414,-5369.267855392827,-134.49093113687698,0.0
2014-09-29,-5163.129519826,-21600.7718619372,-2351.528527912472,-578.7429817229342,-134.38753448148833,0.0
2014-09-30,2569.5674953727803,21239.907038851434,-3456.082987966907,-278.55321711741055,-134.56398702655306,0.0
2014-10-01,-14296.781286461253,-28964.39751305242,-5723.528748502106,-613.5378304309944,-134.4787457460229,0.0
2014-10-02,2624.615660149842,21272.858771858053,-3462.6280888275874,-279.9445268982671,-134.93663771812902,0.0
2014-10-03,2752.740543522394,-41466.01494198128,7417.601079993218,1510.175534285485,-134.8509108357814,0.0
2014-10-06,-3980.5534831264386,14426.275700357904,-924.7483050970185,549.1384132709877,-134.7837125490592,0.0
2014-10-07,-9400.516405463895,-28714.03053855009,-11296.68072230652,-531.1218622751934,-134.88766210366296,0.0
2014-10-08,-6029.782080137828,56512.90150019735,-12108.67286496444,11608.717652874895,-135.20064882478388,0.0
2014-10-09,32.827860528094895,-4387.262774979379,1917.8997924947141,-7473.218126690535,-135.28035589730322,0.0
2014-10-10,-4960.008117274374,-19234.231691482124,594.9196995197815,3573.269359664808,-135.32347910992362,0.0
2014-10-13,7.687034699441441,79.44561531568705,47.67704805260487,0.6494415688175669,-135.45913963655087,0.0
2014-10-14,-15624.769393123855,-14493.735882730296,-10446.542430464824,-10.691603534806791,-135.45913963655087,0.0
2014-10-15,-9795.373747217778,15400.216907088117,-17590.496045029755,2120.6015126704624,-134.94862751111802,-7.103571609584833
2014-10-16,3122.103954942502,6733.3542118832,1222.1698471567024,-888.3512942690688,-135.23802723269995,0.0
2014-10-17,7951.625370142494,911.6484590006128,400.8152459102389,951.491159608574,-135.14551465218577,0.0
2014-10-20,-3926.322563268295,1895.744890825249,-1062.8068436641286,3238.3106775444794,-134.90560102876265,0.0
2014-10-21,4808.340587365333,19388.24744218023,-499.20610346102995,-3549.829654157325,-135.00391935667835,0.0
2014-10-22,3444.142227836495,-12278.635454088588,-3799.9054640354543,2745.493998503081,-134.86872192576715,0.0
2014-10-23,6272.43276720682,22219.13379973331,21787.768487854843,-10224.649475189892,-134.76447551567347,0.0
2014-10-24,7.182988911766121,79.25885458892128,47.51066924711642,0.6405296190529612,-134.59304236685674,0.0
2014-10-27,-1754.6438808484675,-8905.627153000545,-5925.444951407839,-3199.725968584072,-134.59304236685674,0.0
2014-10-28,3478.807508963508,9165.557969612977,4169.1272986600825,3233.6534699719264,-134.6786979153295,0.0
2014-10-29,7904.54254818654,-44854.1028172763,21096.026929693304,-4169.352172820461,-134.54414722015733,0.0
2014-10-30,-3052.312619098926,-10970.087878708198,-10798.378157839918,5084.827697905731,-134.33667017426262,0.0
2014-10-31,5144.1295591480375,4797.891377529824,4175.310807953586,-4125.247501876283,-134.42202149217727,0.0
2014-11-03,1676.9163516145252,-12343.846245581719,-1938.2743330560236,2697.0554305208548,-134.28183214669252,0.0
2014-11-04,-1182.0375191661994,-14545.499390534662,6564.302010298533,-627.7571579795505,-134.22702929392074,0.0
2014-11-05,827.8281977148472,8613.657530021228,-1739.9247689522374,2362.888356045343,-134.26962913216462,0.0
2014-11-06,5093.009746274743,4793.527402144161,4170.878710259766,-4115.168392594026,-134.22702929392074,0.0
2014-11-07,-9319.059621110568,-14126.970712415978,-15922.754441445593,74.36091290933862,-134.08721322088192,0.0
2014-11-10,8497.084159394171,9447.2795759009,-1389.3012997116887,3309.5906547116174,-134.40371149521454,0.0
2014-11-11,7.046674733553329,79.06098627695786,47.378832499590025,0.6371315269237653,-134.12362503702494,0.0
2014-11-12,-438.1641984495544,-2361.751334767154,-2893.713878334596,-4087.555427872577,-134.12362503702494,0.0
2014-11-13,-2474.9078112102657,3963.141768497579,3817.8235998569417,-5052.2351171108285,-134.16616433617128,0.0
2014-11-14,-3398.095579601071,-34023.982048890866,-4336.435922260785,2119.6626125067946,-134.26352944921754,0.0
2014-11-17,2620.895696342916,13134.332717434816,6085.279087361477,-1815.956748487533,-134.38541244604716,0.0
2014-11-18,-2119.479660706362,-2461.9689376964498,-1046.814022947251,-4126.392288096245,-134.3000611281325,0.0
2014-11-19,4757.794343093841,15677.526527912149,7180.480360309096,2316.3455494061664,-134.3915109132127,0.0
2014-11-20,-3320.3509512107034,-12633.741011005175,3608.5023221464385,2610.6989552023474,-134.21483114380814,0.0
2014-11-21,-2938.4241544820543,-23517.162541780865,604.4760346165607,-3820.0146206314876,-134.30615959529806,0.0
2014-11-24,-1302.9068080774643,-6449.934842190938,-2972.2754272489474,909.4939057057554,-134.4342321362319,0.0
2014-11-25,-5557.366332334035,-10734.415879390604,654.5116646950124,5871.791315148682,-134.47698376945775,0.0
2014-11-26,-2332.0970763197183,-28303.94889073764,-18694.811049993954,-414.6240243206192,-134.61762196901475,0.0
2014-11-27,7.352546515197959,79.22753388653642,47.51115685785677,0.6428963617795094,-134.7341336213706,0.0
2014-11-28,-10849.113882817559,1497.4119931550892,6350.457060888247,3121.552261123252,-134.7341336213706,0.0
2014-12-01,6517.00151056113,27598.26796982133,-11925.028887804025,-1975.0767435563448,-135.0290010716664,0.0
2014-12-02,10516.10850936817,-7444.433013847032,-1516.2636559396128,-1375.9224311406217,-134.84450071576262,0.0
2014-12-03,1822.15194874504,-20456.254054684752,7606.069984937514,1167.4050645068448,-134.55038265029916,0.0
2014-12-04,-5462.929420411807,-23288.13670874703,12060.269570218728,-3059.5662873461715,-134.49537926141775,0.0
2014-12-05,12707.723813050296,-51404.834480169986,2901.511824302163,-3990.7420154725573,-134.6790032684969,0.0
2014-12-08,-6291.933444938504,-44305.78064704972,13699.01176325025,-2749.544855599204,-134.3611306811994,0.0
2014-12-09,-4967.165015593718,-19936.270929472947,-16766.89888032214,1904.9791025475024,-134.58127857729644,0.0
2014-12-10,-7885.042855750566,8125.83198795765,7517.670731399661,2240.9280203502003,-134.75307834553672,0.0
2014-12-11,4069.1347280564128,-18734.303598101433,2887.094088518059,-7997.284941932303,-134.95581214871714,0.0
2014-12-12,-14681.307935149729,-20117.622583479155,2094.4636016159357,2577.4771043661094,-134.89442368815986,0.0
2014-12-15,4757.777515204,-36993.947817281536,15289.84414817094,-2723.046383812901,-135.3201505045233,0.0
2014-12-16,-7775.522503862093,-19744.970263131265,-5326.978119517038,2704.1747072336457,-135.20907891789687,0.0
2014-12-17,11248.829080694055,5879.206402749313,16047.444826605979,-2451.8566554157524,-135.43824367463452,0.0
2014-12-18,12620.900995779097,22203.672138386697,-4966.550241951138,701.4667023695825,-135.11032422152903,0.0
2014-12-19,-5299.145238398699,-38593.548862417294,-626.7443464216869,-5320.775325103591,-134.7348266376507,0.0
2014-12-22,1320.8143067298442,-39867.97225028665,-5165.233473556706,3986.5441586554502,-134.95026598675517,0.0
2014-12-23,13658.53411376914,52091.311033307684,12766.531943601562,-8121.246771312016,-134.92594733353965,0.0
2014-12-24,-300.90390369940917,-9656.199030123084,12453.217837797634,7613.395902531133,-134.52655615130175,0.0
2014-12-25,7.378740861075224,79.05211560564877,47.410707771811,0.6421183819497874,-134.48368262048473,0.0
2014-12-26,-2189.239225880289,-14969.626247946522,-1182.7857970744483,-1463.8486081000028,-134.48368262048473,0.0
2014-12-29,-4441.037488852639,-13065.012362182168,-4139.777725635458,1798.2235414108968,-134.5694602208287,0.0
2014-12-30,-4903.581779891205,10325.828536538576,-998.139104804817,5597.633512345807,-134.70443134711087,0.0
2014-12-31,-4107.19349048762,5542.6812727236,-8746.545983302005,-2643.73251470722,-134.80874852216255,0.0
2015-01-01,7.57722869184107,79.20430807780464,47.522574127962656,0.6461550891468401,-134.95026598675517,0.0
2015-01-02,-7185.622558050371,-34263.14994823064,-639.7243502831814,2088.2621907988632,-134.95026598675517,0.0
2015-01-05,-8734.706125213741,-79261.76988406102,-9909.31065500062,-2253.9473087803467,-135.17255731680333,0.0
2015-01-06,-11699.03651876089,-32505.936840246923,-1752.9508509753266,5385.247073384146,-135.50793522356523,0.0
2015-01-07,-3091.938786463402,23015.361609809388,-2720.2289333766835,2931.754737541841,-134.94862751111802,-14.859198781075975
2015-01-08,7434.446848424433,53984.67260529402,1959.0749428504803,6792.0911398988555,-135.0102216560023,0.0
2015-01-09,-7317.713476638052,-7195.39738963156,-5185.2225019910575,-4.9575978078231415,-134.70793837991565,0.0
2015-01-12,-9131.58613245334,-19864.755856441167,-3471.5266900289766,2655.429203107718,-134.94202980125004,0.0
2015-01-13,-2235.315118948924,14575.270032291515,-2786.940207704424,579.3836908806377,-135.22030445790514,0.0
2015-01-14,-6282.5652284862035,3013.3386839718237,-9883.123759899856,-6822.7295483035205,-135.27596823956728,0.0
2015-01-15,-15354.945321972355,2551.956742493672,-12197.871650694447,4757.765331507012,-135.5119481043917,0.0
2015-01-16,10181.656998621751,-7149.211640020592,8159.306072271617,-577.8403368242718,-135.94851419977365,0.0
2015-01-19,7.599687803229007,79.6300963811089,47.77600515644568,0.6493509877785354,-135.65514032856208,0.0
2015-01-20,154.8755861148573,-62957.41010023745,10982.843578143802,1804.7278845265323,-135.65514032856208,0.0
2015-01-21,6457.085780790103,34936.389593820895,10407.912868117008,-1285.8651810001738,-135.67436676989192,0.0
2015-01-22,4225.249138771644,11621.452229103856,18757.42480037234,-4317.0025290062085,-135.4561213500358,0.0
2015-01-23,-10730.85479128981,-52431.174691281856,-12634.963391600759,-4370.896458530901,-135.32554851539174,0.0
2015-01-26,4117.373516926828,-1743.2017785527294,1162.8939277381405,-3271.598627210722,-135.7242291581365,0.0
2015-01-27,-1006.2680892047113,4120.830458993519,-9631.406162866135,6652.468329994849,-135.62453691751563,0.0
2015-01-28,-15380.379239989854,-47861.02284161462,-1134.0591754238164,3857.0819213102895,-135.62453691751563,0.0
2015-01-29,5264.357612077938,21832.13075448137,2455.152466916476,583.3077940353741,-134.94862751111802,-11.367063174729992
2015-01-30,-13544.10890562166,-24906.699371941704,-17228.164349356197,5990.770723916004,-134.76884626647958,0.0
2015-02-02,1292.1473235691326,-14844.367393369474,-4905.062273608384,-1415.0070922218958,-135.1847563795216,0.0
2015-02-03,15542.850547733562,62937.203810231586,4320.551220225843,-2390.1997200069563,-135.1725293188277,0.0
2015-02-04,2158.5941879929546,15171.338756768406,1280.768417529711,1463.3481470615566,-134.67608814732057,0.0
2015-02-05,2521.394809013435,21270.205789149466,-3459.8117896432022,-277.9768278956497,-134.58956336423913,0.0
2015-02-06,22232.952075137542,-35544.907205461335,16037.590618268769,-13164.158743247524,-134.50316244153666,0.0
2015-02-09,1346.5862458397985,6625.715261793669,3076.302762103503,-913.655642225841,-134.94862751111802,-10.809756626795206
2015-02-10,6867.81539626582,30052.64692568169,-8969.77755946393,2159.031326382812,-134.90536422572887,0.0
2015-02-11,-347.6273807760326,-10485.75315855801,6655.432679400936,-5657.201644626937,-134.67730497085049,0.0
2015-02-12,-3818.8725585333764,48426.038019125604,7177.906477879717,-1640.1223978137489,-134.72041393760895,0.0
2015-02-13,6640.980959054669,-296.23166264309396,-24774.800267983777,-1520.4268385916687,-134.8001864440172,0.0
2015-02-16,7.19994781489911,79.27650814504842,47.522967551082544,0.6409056932129181,-134.64032920424296,0.0
2015-02-17,15072.98463253248,46618.94876900697,11865.008054401524,6160.400204943098,-134.64032920424296,0.0
2015-02-18,-11719.347029592114,36210.046435105905,-15474.029906289441,1733.4455101855222,-134.10138048139112,0.0
2015-02-19,7594.610747822631,-16089.886761811142,2127.792853057188,-3757.6008364321265,-134.44982098800355,0.0
2015-02-20,2288.3628926916344,-1062.0333614251015,20358.837063386913,-1611.269439183396,-134.24790421962672,0.0
2015-02-23,-9038.795481494604,-30351.472461434838,3134.709870164225,-2986.8102152453553,-134.16239121313382,0.0
2015-02-24,-11117.788154580663,-9801.391898905493,-15975.729718275514,7420.898846296769,-134.48053229037936,0.0
2015-02-25,-2499.9005278284044,-38158.13038372072,5290.588975057162,-4443.585015914115,-134.80629615696628,0.0
2015-02-26,11263.524289184761,13670.204004219693,-3175.331184521226,-1683.620803668108,-134.9297909089402,0.0
2015-02-27,-5530.289458862248,1794.8351174803704,791.7225351803123,3195.2042998468673,-134.59728178244137,0.0
2015-03-02,11208.518166487915,35104.885825401514,4796.7862109726075,-1184.136876582644,-134.74483089103808,0.0
2015-03-03,5529.7415863053575,7245.440567879081,7122.983391863889,-22.14415169223983,-134.38250515637972,0.0
2015-03-04,-830.3541676101652,21044.514387362156,245.51348129988958,-332.93601603784043,-134.19903126669317,0.0
2015-03-05,-2559.4547504931375,3999.9486941202917,-7716.139437536736,6493.768915708149,-134.21123488074306,0.0
2015-03-06,19151.17996391263,27431.61790621237,5075.884581444378,-2566.7022081767645,-134.26011026453185,0.0
2015-03-09,-6131.498435353929,-653.0745575857161,-2161.2013197712176,-919.2770597780279,-134.948627511118,-10.621462780791262
2015-03-10,-7512.908926891085,-49379.717598650066,-3735.153530635647,642.5345315406684,-135.13923823921223,0.0
2015-03-11,-4020.1086884754736,-27731.176190599737,533.2228251241835,1202.6573751414796,-135.39861620579904,0.0
2015-03-12,-2194.827139846104,19025.323648231082,6943.62001618541,-3692.813905209477,-135.52872193374014,0.0
2015-03-13,2770.3667477495997,5091.104898842832,4112.766443424205,8365.315124818608,-135.59047059199384,0.0
2015-03-16,-4936.268998039396,-6678.189901125548,732.6695246083386,863.73874551342,-135.454164747111,0.0
2015-03-17,-3217.2017908809344,-70341.84895144777,-7666.666603197894,1044.5787149146233,-135.59657908063693,0.0
2015-03-18,-23484.490654238332,21212.988806076864,287.20593827326365,988.9095042111967,-135.74618465144988,0.0
2015-03-19,9245.500662721244,-22124.205366615766,5024.199556361987,-2010.5462249563595,-134.948627511118,-13.686050403513946
2015-03-20,-7867.16334604142,-5178.346447758067,-9998.345772558318,3281.980270962708,-134.69590346555069,0.0
2015-03-23,-561.9445466238913,5753.4086693455365,-12474.334980271418,-2582.198833140447,-134.93030930978702,0.0
2015-03-24,-6546.1095859827965,-19319.82562333103,2450.1025748376474,3523.166099138841,-134.9736218129436,0.0
2015-03-25,6318.697136575032,22280.982714567144,10240.867037714836,1422.1272955320462,-135.15939290089116,0.0
2015-03-26,11306.855637565977,55796.79568977557,-4632.680341462392,-2331.0568678813283,-134.93641416018954,0.0
2015-03-27,-8890.217935513327,-27941.347487855703,6088.932415056088,1103.5965649935645,-134.57881813284612,0.0
2015-03-30,749.7652637893336,16759.902957816248,-11311.745735892388,3926.8571434154087,-134.8559880846458,0.0
2015-03-31,-4007.0401420080293,10016.59887924615,-10626.768366275131,4779.7515729329925,-134.81276839289598,0.0
2015-04-01,-8745.421638436877,-43325.054796478056,-6622.784329575104,-1135.3031178766194,-134.91145447244514,0.0
2015-04-02,6217.035295178288,42995.09111943999,798.9665184140781,275.70679460506796,-135.22118611821762,0.0
2015-04-03,-11544.726854871049,15306.082617901027,-15739.935010280678,2093.21736607699,-135.00415823416105,0.0
2015-04-06,9756.63826294985,43228.747755878125,-2920.306642908727,333.48417521019275,-135.34489883350872,0.0
2015-04-07,-2434.116837730483,-46319.234444617075,14872.938100599877,-6007.161478925224,-135.02860929100459,0.0
2015-04-08,4069.4977332406465,-5403.641875838497,8870.612474012394,2646.8193707144255,-135.15261825054492,0.0
2015-04-09,8648.499999928094,38265.06887979333,-8826.158707554308,-7934.652248310272,-135.01026917075814,0.0
2015-04-10,-726.0221315816053,-29152.11747538644,11267.768732215633,-1235.9538078526687,-134.78179537104867,0.0
2015-04-13,-3523.5310959621274,20556.7442798412,-5671.184626472063,-1196.9914063217125,-134.81887567682264,0.0
2015-04-14,-5709.873462181805,-19661.31608817346,-7182.8637313979,2712.872018248129,-134.92367512776627,0.0
2015-04-15,-412.6037256386533,23568.075196620543,3203.3677916406755,3801.366786466315,-135.10309932671996,0.0
2015-04-16,-1442.4711809294834,14228.634738908502,-12425.616887650258,-228.09298772729682,-135.07195278369662,0.0
2015-04-17,-2939.11528462976,-44319.48685904292,10051.793343597905,-2712.2133190410996,-135.12144310346238,0.0
2015-04-20,5950.369052591746,8176.969983507699,-24763.551544063554,832.5152258560365,-135.24563717506115,0.0
2015-04-21,2707.395665168274,13179.938605493595,6109.446664067497,-1831.4068828267038,-135.09087623532662,0.0
2015-04-22,10075.009514795478,41147.974587931014,1909.1872928076784,-2966.841821406791,-135.00415823416105,0.0
2015-04-23,-5179.66768688,-4646.482739870808,-4087.0658352814003,4138.463386499048,-134.68940180601072,0.0
2015-04-24,-3590.0833954723917,-890.1995695613211,-13644.30276284387,-1692.7659209916346,-134.83109389670912,0.0
2015-04-27,1062.5931799796658,-7612.990261204673,17399.04885312465,-713.684815232039,-134.96695666760155,0.0
2015-04-28,7700.437014780404,38622.95006278613,-10765.812060058799,4539.638496359415,-134.92367512776627,0.0
2015-04-29,7660.8586447490625,55559.9283216603,-920.2619779152327,-2377.098487495567,-134.65241399807053,0.0
2015-04-30,-61.890153602075394,-21339.87518972701,-7909.074876383494,-492.01527204485285,-134.3944816238528,0.0
2015-05-01,9790.151663536197,32951.43861129929,11452.217120910618,-4478.591819320747,-134.4251778547514,0.0
2015-05-04,4403.771205269693,44402.07925268446,-11756.360522254172,2704.0371091792085,-134.1132250401575,0.0
2015-05-05,4417.831736932881,712.7756222958943,4112.373840814559,891.967427467577,-134.948627511118,-7.36520328491315
2015-05-06,8931.300651949354,36245.26111026398,-15564.28995089098,439.7843385911027,-134.80729311304196,0.0
2015-05-07,-8364.775358655594,-46940.707186064166,12628.031180736147,-6885.372566672018,-134.5315653982618,0.0
2015-05-08,-4902.964782002545,31025.040862716156,-10428.506210626936,4446.4012062415895,-134.84420021750896,0.0
2015-05-11,16153.50329670069,71455.0942623504,2522.4164151386917,0.20720461159133272,-134.9547346412548,0.0
2015-05-12,-1211.627128311662,2425.9509561410723,4846.040854496261,4071.568597899515,-134.4215736694662,0.0
2015-05-13,195.516146779374,43018.52597964107,-21649.342932537074,-11372.808401287653,-134.42767836644046,0.0
2015-05-14,-7236.790053829455,-2730.788984216348,-7044.2347511794205,7369.930902057237,-134.48262713965366,0.0
2015-05-15,-10602.030096291119,-66520.02577853316,1710.5396354306488,-4133.5253834496825,-134.67220337488268,0.0
2015-05-18,12776.652325843821,41699.553934737916,7835.305457312439,-2104.7445719667644,-135.06541141963595,0.0
2015-05-19,7722.133633648508,-16099.608096092083,2129.651155702311,-3770.0994079772254,-134.659983028053,0.0
2015-05-20,-2620.085778716903,29074.371781304042,-7451.076282605991,1175.0275131809146,-134.45820591827237,0.0
2015-05-21,-8030.67832068661,-57820.448393561994,-1933.9435580875083,-1730.4435854966448,-134.51928617575058,0.0
2015-05-22,4790.289606351161,-22748.19777245188,958.8718295487678,-2896.216167568814,-134.81950372341112,0.0
2015-05-25,7.2600118202576365,79.27722302564418,47.53009998908204,0.6418232636891953,-134.709158098673,0.0
2015-05-26,-8457.464134207097,-72061.05277911667,12365.579801518597,-1537.0586077319203,-134.709158098673,0.0
2015-05-27,-874.8013333864737,-4016.5956361229028,-26.938323042761336,5053.345739791008,-135.0104472388709,0.0
2015-05-28,-1844.2055189093885,20662.58435797602,-7530.923694453504,-1172.4377726076964,-135.0104472388709,0.0
2015-05-29,-2233.414558370253,1995.494611514563,-2920.2055361821162,3275.6348072738956,-135.06581717241988,0.0
2015-06-01,9800.685842110823,22475.953524203374,6524.369363052348,1478.525908841525,-135.115116855335,0.0
2015-06-02,9677.91144662064,56435.82164259984,14619.299156419896,-718.5251896498663,-134.7950873670791,0.0
2015-06-03,13994.761492352845,33611.56810424681,3958.8151555636937,7989.457772463161,-134.45210365318488,0.0
2015-06-04,-0.0,-0.0,0.0,-0.0,0.0,-3077.405340429164
2015-06-05,0.0,0.0,0.0,0.0,0.0,0.0
2015-06-08,-0.0,0.0,-0.0,-0.0,0.0,0.0
2015-06-09,0.0,0.0,-0.0,0.0,0.0,0.0
2015-06-10,0.0,0.0,0.0,0.0,0.0,0.0
2015-06-11,-0.0,-0.0,0.0,-0.0,0.0,0.0
2015-06-12,0.0,-0.0,0.0,-0.0,0.0,0.0
2015-06-15,-0.0,0.0,-0.0,0.0,0.0,0.0
2015-06-16,-0.0,-0.0,-0.0,-0.0,0.0,0.0
2015-06-17,-0.0,0.0,-0.0,0.0,0.0,0.0
2015-06-18,0.0,0.0,-0.0,-0.0,0.0,0.0
2015-06-19,-0.0,-0.0,-0.0,-0.0,0.0,0.0
2015-06-22,0.0,0.0,0.0,-0.0,0.0,0.0
2015-06-23,0.0,0.0,0.0,0.0,0.0,0.0
2015-06-24,-0.0,-0.0,0.0,-0.0,0.0,0.0
2015-06-25,0.0,0.0,0.0,0.0,0.0,0.0
2015-06-26,0.0,0.0,-0.0,0.0,0.0,0.0
2015-06-29,-0.0,-0.0,0.0,-0.0,0.0,0.0
2015-06-30,0.0,0.0,0.0,0.0,0.0,0.0
2015-07-01,0.0,0.0,-0.0,-0.0,0.0,0.0
2015-07-02,-0.0,0.0,-0.0,0.0,0.0,0.0
2015-07-03,0.0,0.0,0.0,0.0,0.0,0.0
2015-07-06,-0.0,-0.0,0.0,0.0,0.0,0.0
2015-07-07,-0.0,-0.0,0.0,-0.0,0.0,0.0
2015-07-08,-0.0,-0.0,-0.0,0.0,0.0,0.0
2015-07-09,0.0,0.0,-0.0,-0.0,0.0,0.0
2015-07-10,0.0,0.0,0.0,-0.0,0.0,0.0
2015-07-13,0.0,-0.0,-0.0,0.0,0.0,0.0
2015-07-14,-0.0,0.0,-0.0,-0.0,0.0,0.0
2015-07-15,-0.0,-0.0,0.0,0.0,0.0,0.0
2015-07-16,0.0,-0.0,0.0,-0.0,0.0,0.0
2015-07-17,-0.0,-0.0,0.0,-0.0,0.0,0.0
2015-07-20,0.0,-0.0,0.0,-0.0,0.0,0.0
2015-07-21,-0.0,-0.0,-0.0,0.0,0.0,0.0
2015-07-22,-0.0,-0.0,-0.0,0.0,0.0,0.0
2015-07-23,-0.0,-0.0,0.0,-0.0,0.0,0.0
2015-07-24,-0.0,-0.0,0.0,0.0,0.0,0.0
2015-07-27,-0.0,-0.0,-0.0,0.0,0.0,0.0
2015-07-28,0.0,0.0,0.0,-0.0,0.0,0.0
2015-07-29,0.0,0.0,-0.0,0.0,0.0,0.0
2015-07-30,-0.0,-0.0,0.0,0.0,0.0,0.0
2015-07-31,-0.0,0.0,-0.0,-0.0,0.0,0.0
2015-08-03,-0.0,-0.0,0.0,0.0,0.0,0.0
2015-08-04,0.0,-0.0,0.0,0.0,0.0,0.0
2015-08-05,0.0,0.0,0.0,-0.0,0.0,0.0
2015-08-06,-0.0,-0.0,-0.0,-0.0,0.0,0.0
2015-08-07,-0.0,-0.0,-0.0,0.0,0.0,0.0
2015-08-10,0.0,0.0,0.0,0.0,0.0,0.0
2015-08-11,-0.0,-0.0,-0.0,0.0,0.0,0.0
2015-08-12,-0.0,0.0,-0.0,-0.0,0.0,0.0
2015-08-13,0.0,-0.0,0.0,0.0,0.0,0.0
2015-08-14,0.0,-0.0,0.0,-0.0,0.0,0.0
2015-08-17,-0.0,-0.0,-0.0,-0.0,0.0,0.0
2015-08-18,0.0,0.0,-0.0,0.0,0.0,0.0
2015-08-19,-0.0,0.0,-0.0,0.0,0.0,0.0
2015-08-20,-0.0,-0.0,0.0,-0.0,0.0,0.0
2015-08-21,-0.0,0.0,-0.0,0.0,0.0,0.0
2015-08-24,-0.0,0.0,-0.0,-0.0,0.0,0.0
2015-08-25,0.0,0.0,-0.0,0.0,0.0,0.0
2015-08-26,0.0,0.0,-0.0,0.0,0.0,0.0
2015-08-27,0.0,-0.0,-0.0,0.0,0.0,0.0
2015-08-28,0.0,-0.0,0.0,-0.0,0.0,0.0
2015-08-31,0.0,0.0,-0.0,-0.0,0.0,0.0
2015-09-01,-0.0,0.0,-0.0,-0.0,0.0,0.0
2015-09-02,0.0,0.0,-0.0,-0.0,0.0,0.0
2015-09-03,-0.0,-0.0,-0.0,0.0,0.0,0.0
2015-09-04,-0.0,-0.0,0.0,-0.0,0.0,0.0
2015-09-07,0.0,0.0,0.0,0.0,0.0,0.0
2015-09-08,0.0,0.0,-0.0,-0.0,0.0,0.0
2015-09-09,0.0,-0.0,0.0,0.0,0.0,0.0
2015-09-10,0.0,0.0,0.0,-0.0,0.0,0.0
2015-09-11,-0.0,0.0,0.0,-0.0,0.0,0.0
2015-09-14,-0.0,-0.0,-0.0,-0.0,0.0,0.0
2015-09-15,0.0,0.0,-0.0,-0.0,0.0,0.0
2015-09-16,0.0,0.0,0.0,0.0,0.0,0.0
2015-09-17,-0.0,0.0,0.0,0.0,0.0,0.0
2015-09-18,-0.0,-0.0,-0.0,-0.0,0.0,0.0
2015-09-21,0.0,0.0,-0.0,-0.0,0.0,0.0
2015-09-22,-0.0,-0.0,0.0,0.0,0.0,0.0
2015-09-23,0.0,-0.0,0.0,-0.0,0.0,0.0
2015-09-24,-0.0,-0.0,0.0,0.0,0.0,0.0
2015-09-25,0.0,0.0,-0.0,-0.0,0.0,0.0
2015-09-28,-0.0,-0.0,0.0,0.0,0.0,0.0
2015-09-29,-0.0,0.0,-0.0,-0.0,0.0,0.0
2015-09-30,0.0,0.0,-0.0,0.0,0.0,0.0
2015-10-01,-0.0,-0.0,0.0,-0.0,0.0,0.0
2015-10-02,-0.0,0.0,-0.0,0.0,0.0,0.0
2015-10-05,0.0,0.0,-0.0,0.0,0.0,0.0
2015-10-06,-0.0,-0.0,-0.0,-0.0,0.0,0.0
2015-10-07,0.0,-0.0,-0.0,0.0,0.0,0.0
2015-10-08,0.0,0.0,-0.0,-0.0,0.0,0.0
2015-10-09,-0.0,-0.0,0.0,0.0,0.0,0.0
2015-10-12,0.0,0.0,0.0,0.0,0.0,0.0
2015-10-13,-0.0,-0.0,-0.0,-0.0,0.0,0.0
2015-10-14,-0.0,0.0,0.0,-0.0,0.0,0.0
2015-10-15,0.0,-0.0,0.0,0.0,0.0,0.0
2015-10-16,0.0,-0.0,0.0,-0.0,0.0,0.0
2015-10-19,0.0,0.0,-0.0,-0.0,0.0,0.0
2015-10-20,0.0,-0.0,-0.0,-0.0,0.0,0.0
2015-10-21,-0.0,-0.0,0.0,0.0,0.0,0.0
2015-10-22,-0.0,0.0,0.0,0.0,0.0,0.0
2015-10-23,0.0,-0.0,0.0,-0.0,0.0,0.0
2015-10-26,-0.0,-0.0,-0.0,0.0,0.0,0.0
2015-10-27,-0.0,0.0,-0.0,0.0,0.0,0.0
2015-10-28,0.0,-0.0,0.0,-0.0,0.0,0.0
2015-10-29,0.0,0.0,0.0,0.0,0.0,0.0
2015-10-30,-0.0,-0.0,0.0,-0.0,0.0,0.0
2015-11-02,0.0,-0.0,0.0,-0.0,0.0,0.0
2015-11-03,0.0,0.0,-0.0,-0.0,0.0,0.0
2015-11-04,0.0,-0.0,0.0,-0.0,0.0,0.0
2015-11-05,0.0,0.0,-0.0,0.0,0.0,0.0
2015-11-06,0.0,0.0,-0.0,-0.0,0.0,0.0
2015-11-09,0.0,0.0,0.0,-0.0,0.0,0.0
2015-11-10,-0.0,-0.0,-0.0,-0.0,0.0,0.0
2015-11-11,0.0,0.0,0.0,0.0,0.0,0.0
2015-11-12,0.0,-0.0,-0.0,0.0,0.0,0.0
2015-11-13,-0.0,0.0,-0.0,0.0,0.0,0.0
2015-11-16,0.0,-0.0,-0.0,-0.0,0.0,0.0
2015-11-17,-0.0,-0.0,0.0,-0.0,0.0,0.0
2015-11-18,0.0,-0.0,0.0,0.0,0.0,0.0
2015-11-19,-0.0,-0.0,0.0,-0.0,0.0,0.0
2015-11-20,0.0,0.0,-0.0,0.0,0.0,0.0
2015-11-23,-0.0,-0.0,0.0,0.0,0.0,0.0
2015-11-24,-0.0,0.0,-0.0,0.0,0.0,0.0
2015-11-25,-0.0,-0.0,-0.0,-0.0,0.0,0.0
2015-11-26,0.0,0.0,0.0,0.0,0.0,0.0
2015-11-27,-0.0,0.0,-0.0,0.0,0.0,0.0
2015-11-30,0.0,-0.0,0.0,-0.0,0.0,0.0
2015-12-01,-9580.973620339242,-25967.74347254214,1277.486791188468,4406.178929203882,-134.94862751111802,-3089.473562044328
2015-12-02,4600.257881038333,-19993.168570684196,13564.894658872454,2042.4776312695221,-135.22570984693704,0.0
2015-12-03,19482.141878196635,99590.99825183341,11677.102728929794,-389.3807734483497,-135.07789106874003,0.0
2015-12-04,-5879.322018709718,-42714.49712599569,-701.0567760429873,-271.2593046182908,-134.42214679995715,0.0
2015-12-07,-7214.3774359280205,-27851.52303307045,4237.823146614328,1132.7349501569004,-134.63590509434766,0.0
2015-12-08,1721.415961549927,12733.181777238608,-1671.1231952575395,-2658.6289306051076,-134.862605188359,0.0
2015-12-09,-3237.1789524201145,9681.311469949671,-20254.939072504316,3975.6664733081793,-134.81963996406307,0.0
2015-12-10,4041.6337882420557,-9862.477581126233,10727.631553324807,-4784.379346197882,-134.91169265398037,0.0
2015-12-11,-17782.961151356565,-24772.032574510336,-3895.3867371029824,6741.727758115033,-134.8135495499292,0.0
2015-12-14,16861.700811384962,1408.2319593750517,-8897.156472111092,1097.5980611082016,-135.33051351857085,0.0
2015-12-15,6678.677097865044,20241.769980339537,15045.330509940399,-1877.2956153943242,-134.84433757793644,0.0
2015-12-16,5121.458832721173,-16624.611458928226,-3782.4730035179227,-4629.893036406364,-134.6237303186421,0.0
2015-12-17,-7449.173968228228,-46493.62837370836,20383.9175533729,-6056.659470008263,-134.51380068282066,0.0
2015-12-18,-7916.761632455502,-5179.802430420683,-10002.186216688304,3286.305170471911,-134.78311563441963,0.0
2015-12-21,860.7889705321496,21198.853029223963,-1609.866729265194,-308.4500851822126,-135.01650489477697,0.0
2015-12-22,6560.218766053712,6922.486161187064,-2491.7616394422107,-828.4624442647071,-134.97950504379395,0.0
2015-12-23,5157.473406540034,12923.571129645976,-5378.611756249846,-2600.2978087779206,-134.78919999788664,0.0
2015-12-24,-2144.3391516719594,-40086.23309169041,-1458.108824334494,3900.711038986832,-134.6483202457834,0.0
2015-12-25,7.306183219099862,79.25262747082586,47.52076444985455,0.64236002408508,-134.72193516386528,0.0
2015-12-28,-64.09795872566225,-21347.276531723448,-7916.456670267198,-495.104914286599,-134.72193516386528,0.0
2015-12-29,12635.254525481898,32725.896231027917,-9.573672046319643,-5282.430787370775,-134.75271194857777,0.0
2015-12-30,-1303.1802409110167,6073.902751473097,-2835.2920718827063,-1764.7181263177793,-134.38578803061364,0.0
2015-12-31,-5617.237650768824,-7081.715776963628,-7025.026828506712,23.478939702106555,-134.43458274577316,0.0
2016-01-01,7.275064543407499,79.20942988582678,47.49183065818933,0.6415975137189237,-134.61792260114248,0.0
2016-01-04,-5506.803252934703,6217.771486971098,10478.665726414943,-1024.4996857023818,-134.61792260114248,0.0
2016-01-05,2396.879587715275,7958.667432375838,-20986.921694879977,770.9694716797648,-134.77095053473352,0.0
2016-01-06,-11732.085562587097,-11477.099154063606,-1550.0837438752615,4972.122249666629,-134.71585563525318,0.0
2016-01-07,-4876.685712860994,10357.664582527637,-1001.0657642717377,5606.420503376457,-135.0474511025636,0.0
2016-01-08,-4582.067122637324,7575.483876860406,-13598.588796494465,660.0450414934634,-135.1520408410428,0.0
2016-01-11,4388.547361803106,38462.35891413327,-7064.053904527998,4509.285802196355,-135.29394558997186,0.0
2016-01-12,-6955.705047011137,-42479.882042186764,8936.768117015514,533.5556996968301,-135.1210403778671,0.0
2016-01-13,-6294.5747745119925,-13229.040603757934,-2301.9468408527664,1782.37393204081,-135.34334064226684,0.0
2016-01-14,3077.826165957803,40049.86019669618,-8098.832948103268,-4758.680109237229,-135.52905051448656,0.0
2016-01-15,-11960.152204250819,-27797.36829801087,17630.958757544035,1899.3985494953783,-135.44832237314458,0.0
2016-01-18,7.723004397656788,79.62328713108546,47.785770966161856,0.6511793484166336,-135.7832418433207,0.0
2016-01-19,4643.024297748258,-11884.75374896469,3992.099332240968,3624.26592518165,-135.7832418433207,0.0
2016-01-20,-8191.452861324825,-13345.300139113346,-443.3210706647008,1760.1417533024262,-135.63428736017553,0.0
2016-01-21,902.0059623402813,21274.826006339026,-1616.877407655657,-311.943362320903,-135.8705002532817,0.0
2016-01-22,8288.730692297195,914.0404749712594,402.1445666322531,960.6048756630922,-135.83295800547378,0.0
2016-01-25,-4143.585747553127,-24084.076595268052,-7192.537875243967,-4726.290065588964,-135.59079813025227,0.0
2016-01-26,-3632.69828900836,12477.454969141909,3911.3662389187684,-2779.5996926454604,-135.76494150805289,0.0
2016-01-27,-538.4917992133106,19185.744665001963,-6536.031429498192,8136.789762412289,-135.8705002532817,0.0
2016-01-28,-3330.209336103428,1565.1735261797594,-10742.698153796722,2464.2370372255796,-135.83295800547378,0.0
2016-01-29,-11079.55072114981,20248.094601317865,1758.0384563104033,-1331.2491149998596,-135.92638252333654,0.0
2016-02-01,6563.399065113271,-22658.60036801426,-896.5775022818509,-2873.2725673060627,-134.948627511118,-13.19778302839768
2016-02-02,-15624.027363757563,-26677.05434721103,-930.413647994096,3480.07466099557,-134.7884221032688,0.0
2016-02-03,-28.560300941442677,42263.978108503856,-1412.8500886601316,-648.2066087729108,-135.25850236625612,0.0
2016-02-04,-2249.339423609473,14570.732548559681,-2786.392058961381,579.870160228505,-135.23331949984583,0.0
2016-02-05,334.14301106054035,-40443.16862497199,-12972.59061730976,3151.6841560367675,-135.289019718761,0.0
2016-02-08,-17651.74903265865,-30531.666438178785,20236.538818507463,-2342.7796695137226,-135.30812417560514,0.0
2016-02-09,-173.14856713350272,-25900.797093567497,-17712.999808579167,3789.0311443978044,-135.83776729734194,0.0
2016-02-10,-1459.3361410727045,-32498.441857416776,-9127.976506129264,-7100.413009081931,-135.86333512077812,0.0
2016-02-11,-9546.706468181868,15336.020101273183,5560.875616519787,-21215.240622100122,-134.94862751111802,-7.951888953199159
2016-02-12,16429.585675097438,24919.850102282253,-5738.497067334931,4910.455088532713,-135.3403547380095,0.0
2016-02-15,7.285787792254801,79.32738989365535,47.56254389563625,0.6425513061638333,-134.81827288771018,0.0
2016-02-16,5986.205724626622,8933.725697042988,-7310.0753530149295,2464.2448828585866,-134.81827288771018,0.0
2016-02-17,4323.045741917199,25797.26927728404,4378.807047668317,-4470.598629427156,-134.62660321678388,0.0
2016-02-18,-8452.74345771666,-21835.14250759262,1349.1272555325233,-635.1048711257206,-134.49690096187481,0.0
2016-02-19,3455.8647013464406,-41838.96715484312,-2204.2644879529385,701.9099691620431,-134.7748836174394,0.0
2016-02-22,2098.6238004551155,-6261.767159321535,-6684.140830127864,969.1319866524649,-134.7010331202289,0.0
2016-02-23,-3858.560211358641,-2564.9764685320865,804.0320319692846,-4172.266761913611,-134.64551757461146,0.0
2016-02-24,-506.6321458838627,19100.509391315627,-6500.499528185554,8020.016970221787,-134.78778056931617,0.0
2016-02-25,-6555.107193619757,1360.362371665664,-6976.296211112234,2371.8044291173933,-134.75048733481836,0.0
2016-02-26,10801.716082359279,-22794.861367263566,-14240.223208005607,-3621.7430009342097,-134.94252661890084,0.0
2016-02-29,-2931.334399547812,-2130.1520723162366,8568.0034075133,-3343.639396686318,-134.67666110714197,0.0
2016-03-01,14712.62233308623,13850.676282727476,-6879.262901640291,-1624.9913385912678,-134.77559213740483,0.0
2016-03-02,1509.766925375103,-9597.449762497046,22142.842501584,-3981.3380601516697,-134.34358445852436,0.0
2016-03-03,-2410.3293697594545,-24723.93538811149,11223.027696918898,6111.079566534074,-134.30047406492474,0.0
2016-03-04,7648.332431429314,13429.716658300096,535.2301836522025,-1729.3966967576341,-134.34358445852436,0.0
2016-03-07,4705.329910014194,-13806.365852162917,8758.360819751118,283.3309695321083,-134.11009266118745,0.0
2016-03-08,-11290.906062338412,-32798.95665514893,-9477.144748802462,4431.17222050001,-133.9630784394867,0.0
2016-03-09,8189.345404379435,24737.28106973898,11289.375817243232,5536.872362118879,-134.32533633811263,0.0
2016-03-10,5981.3881710075675,-11727.488452152533,13625.959520293894,-7961.869849090539,-134.01205126355038,0.0
2016-03-11,7771.021058071874,9036.481531717556,-9170.252478516253,2497.698516238076,-134.948627511118,-13.008313714861288
2016-03-14,-831.9150908063489,-8472.752409188739,1839.1442180653005,-2374.6046363976475,-134.7081727094882,0.0
2016-03-15,495.1428352188097,-14480.389714601257,4728.467679274774,-603.5061298753927,-134.7513306577263,0.0
2016-03-16,-9976.232708993779,81699.91769377062,1511.8118500839082,6891.424236155959,-134.7452446304338,0.0
2016-03-17,-3879.659344344911,-27696.477820699994,532.2371650577877,1193.961858831044,-134.94191663328544,0.0
2016-03-18,-5397.651667458152,16046.745775148825,-13537.13675823218,3015.1994066665984,-135.07185416896937,0.0
2016-03-21,6595.5744911184875,6933.1990390194505,-2495.7837740455016,-830.2990684453817,-135.22037255103137,0.0
2016-03-22,4446.23840983985,-28888.19936600769,5711.207855481854,-1153.9408768925857,-135.02851067627734,0.0
2016-03-23,-9439.514558084551,-21535.98107410397,10984.38936409342,166.1962854573045,-134.91753134358427,0.0
2016-03-24,3974.726667035421,2730.8312771175674,-711.2151984864104,4201.716639669028,-135.20207084682062,0.0
2016-03-25,7.38131932638003,79.41117911683402,47.6225958365062,0.6445648193713351,-135.05965909909153,0.0
2016-03-28,-2293.944175150244,-6906.771505459203,-10765.314218586243,80.90799583301377,-135.05965909909153,0.0
2016-03-29,-14356.34570832624,30879.425648927696,20075.007664469336,-6569.869064326495,-135.14643915808352,0.0
2016-03-30,635.895490420967,54637.860599897955,-22560.267782509134,7580.892845169855,-135.56193720793206,0.0
2016-03-31,-7621.949051887344,-7220.488120550073,-5206.647011860546,-5.0071227869840245,-135.4868805805294,0.0
2016-04-01,3610.7696704626273,-16810.90740302328,-1941.1823052302702,-4721.550270548867,-135.72365309983542,0.0
2016-04-04,-2680.6210552225357,-4130.298154031823,1836.3556468553345,5060.423718214332,-135.66156253468355,0.0
2016-04-05,-8532.26887472928,-19493.553811827784,4324.545358019129,3523.970158929412,-135.7114240085322,0.0
2016-04-06,5035.035599579392,19472.963502592287,-501.75662868856733,-3591.7333244335055,-135.94898416088037,0.0
2016-04-07,-9565.517442710518,-19939.70941838538,-3487.228819111933,2685.492033525671,-135.81124471160894,0.0
2016-04-08,3071.3238383324474,19283.04971927169,1356.9587066237914,-3576.3836367167883,-134.948627511118,-13.59848170596888
2016-04-11,852.1757722493701,8637.992187048154,-1745.6141811829302,2380.1825836641838,-134.86167496725122,0.0
2016-04-12,9127.737586402098,7454.05275618606,3427.1388255245834,34.793918720386486,-134.81824544083142,0.0
2016-04-13,-1646.4189991040976,-29553.323725531074,3491.6048390826,-2061.4567296676582,-134.53392295081653,0.0
2016-04-14,5194.152495698446,4802.219199358101,4179.696989257662,-4135.151372524602,-134.6143437582114,0.0
2016-04-15,-6719.03950853071,-12849.021299671485,7316.9827062274835,2561.3827535492137,-134.47242493656526,0.0
2016-04-18,3025.4483215784476,6716.695651078549,1218.536748846102,-881.7099588066806,-134.663745420337,0.0
2016-04-19,2934.4629037922105,-2169.2640286044602,-6605.939500490712,-4052.6741326981755,-134.57106961046486,0.0
2016-04-20,8993.884853442421,19977.818868601753,3557.7095638075707,-2641.501844238981,-134.51563711700962,0.0
2016-04-21,4610.679426695879,6803.409738575706,-633.3803327045263,-848.3874185595678,-134.2385527566521,0.0
2016-04-22,2488.282402726791,-8254.025905049964,-1862.4015193513274,-2298.557533438567,-134.09738715187365,0.0
2016-04-25,2456.9332523468306,8705.403733294075,-3585.392000967694,2383.2674617073894,-134.0422801548335,0.0
2016-04-26,4071.9171451249285,21305.662765885747,-5294.264247277875,-247.5275729714555,-133.95041863924226,0.0
2016-04-27,-9763.687905015167,-14181.158899804072,-15995.397352713499,75.19278504403455,-134.948627511118,-11.67967472334567
2016-04-28,-7071.809068608685,16727.126898381597,5748.798860877547,4643.668676670935,-135.2706919824434,0.0
2016-04-29,-1659.519219116713,-8162.541130600345,11503.208152998106,-1586.360136101677,-135.43185447992525,0.0
2016-05-02,7592.170146621292,15520.10385551945,-4297.524700782237,1565.5021051266249,-135.48157379587565,0.0
2016-05-03,-10698.077620007687,-1288.2584518898148,-6235.989777202094,-1817.3122015825986,-135.24550271272764,0.0
2016-05-04,-2760.489722164298,-13049.837575175337,-6029.868956323724,1844.107283835666,-135.58110982745208,0.0
2016-05-05,-5784.295364533421,-6348.199255694144,10402.148227101796,1678.9910975651906,-135.66855743711378,0.0
2016-05-06,4626.435540423567,715.4673357331371,4130.988528057312,902.0625183930564,-135.8182935563747,0.0
2016-05-09,-3691.8310370976537,8032.404870263496,-5833.115578165342,1506.0234890171314,-135.67466606246643,0.0
2016-05-10,7.678649690930585,79.64910316472272,47.79602873165614,0.650678378239019,-135.77445996554843,0.0
2016-05-11,-2327.779489350308,-41097.37354102906,-7326.013010854238,-9492.745621082784,-135.77445996554843,0.0
2016-05-12,4699.615252618695,-3767.047528734824,6010.3706094078925,-6623.534460018729,-135.93776210531885,0.0
2016-05-13,-5008.717470316787,-36375.30908825266,2336.2158938026705,-1202.0626338318953,-135.83772164097525,0.0
2016-05-16,6531.713222910714,6922.775438878245,-2491.6761945981207,-827.863839679702,-134.94862751111802,-9.52128036990689
2016-05-17,3073.94020443931,-22837.732663920142,2812.6078572150814,-2923.1078431173614,-134.75659142241926,0.0
2016-05-18,16983.28466744965,162.758373327875,13333.616614056049,-563.4291709745278,-134.69495196667393,0.0
2016-05-19,-3774.9594299755177,-10625.223454374707,-1194.7144122100049,5872.853461779189,-134.17135975857056,0.0
2016-05-20,-364.8779808062443,-6012.84705736018,4778.072511957863,1733.9160354405878,-134.26350923202884,0.0
2016-05-23,309.7173935510833,-15217.859463409233,-12629.555964350302,-2225.206162703687,-134.26350923202884,0.0
2016-05-24,3454.484008239433,4695.1948286187035,6020.9570411125615,-4148.8097165022455,-134.29442426428662,0.0
2016-05-25,726.6109929648622,16707.05483401655,-11270.688608136656,3895.6536383760135,-134.20221557770162,0.0
2016-05-26,-7107.697411480808,14204.135800978049,2773.721526675733,487.0474427256748,-134.15919767141085,0.0
2016-05-27,4311.601061059983,-16266.96217020509,5825.81844819225,-3816.168378495654,-134.36186850995782,0.0
2016-05-30,7.101031028132079,79.10644048413077,47.41169255931524,0.6382623025676597,-134.2574263741457,0.0
2016-05-31,-2885.391684660904,14842.017348974854,6824.77800043402,1371.2828284588347,-134.2574263741457,0.0
2016-06-01,2533.9527568270937,-33306.93344555658,-2136.7040036048734,3033.0894887173154,-134.3187581163582,0.0
2016-06-02,-5820.537133073346,-21266.81492994475,7245.0145379534215,221.59122893843744,-134.251344725905,0.0
2016-06-03,-17190.706321328293,35932.27990104665,-9938.770077093364,1658.837451139366,-134.43601262149275,0.0
2016-06-06,3854.5420052756576,6387.229928312635,-8411.150421376846,-1690.7144442941503,-134.93643150089528,0.0
2016-06-07,-2589.69874196598,8436.967549411,1964.34677421618,2323.4056110442625,-134.83730610911837,0.0
2016-06-08,-1610.8599243463248,-20697.024373496457,11333.654881672413,1114.185770434797,-134.8929487979164,0.0
2016-06-09,-3425.730945894823,-17138.653839447757,5490.472923141026,-4793.637024505774,-134.93643150089528,0.0
2016-06-10,-7469.173920178059,1698.5247103864208,2650.29188685289,3189.6112542312035,-135.0731642965635,0.0
2016-06-13,-2830.0260387939643,-4893.78821398783,-15604.969171008568,3392.964149874541,-135.27218455660804,0.0
2016-06-14,908.785313926375,-8395.482721590228,-14.561339970302724,-2367.111403367558,-135.35968201100744,0.0
2016-06-15,-5455.729842405737,37543.30972409149,-5560.596277220417,3529.3325238154625,-135.3535797558508,0.0
2016-06-16,-2615.51506082724,-38244.93532293411,5306.580293865166,-4487.1783059499885,-135.4717263845249,0.0
2016-06-17,5553.5161295369135,30806.450890626507,10326.480690926428,3805.5022099976563,-135.59729030611476,0.0
2016-06-20,7564.955846459028,2930.767957218595,-4431.873585743776,4270.352677007096,-135.377996067903,0.0
2016-06-21,6316.110990632703,5248.319342989267,11974.67174403974,-3327.7796994420264,-135.13507142537412,0.0
2016-06-22,-2289.241290352463,5655.945318024954,-10621.244340751313,-2610.5110594100715,-134.94862751111802,0.0
2016-06-23,7915.002021286927,13474.103404945343,537.2835737978535,-1744.3877422705932,-135.04178636089998,0.0
2016-06-24,-26450.666085695662,3495.842604664641,-2045.3876981577835,-4641.72858300695,-134.80607687748747,0.0
2016-06-27,-16144.337400179953,-77199.86662565339,10134.303784498627,2606.3565330990928,-135.63395125989916,0.0
2016-06-28,-378.15134665287076,-6031.619195684624,4795.646817583425,1749.0723522651842,-134.94862751111802,-11.593174184206594
2016-06-29,4878.8517851237475,15721.150996927176,7203.209516762083,2331.7363286981513,-134.94862751111802,0.0
2016-06-30,-2956.4887171653527,27430.163094970485,6981.1631789277435,-1304.70788382007,-134.7678621583811,0.0
2016-07-01,-3756.5914032269957,-48362.112693749565,9962.670280637167,2332.9138324764344,-134.83590915655793,0.0
2016-07-04,7.345046741015457,79.37487597477421,47.59714915025981,0.6437702084225346,-134.96084207447197,0.0
2016-07-05,-12115.904466758393,-51660.181836859636,6660.130562676943,-2741.616120018993,-134.96084207447197,0.0
2016-07-06,1782.9962450110854,-12401.191324253818,-1949.1767373190637,2736.2729184594637,-135.37400110282195,0.0
2016-07-07,1959.256131477198,951.4363677678388,15628.779462822651,1677.5520420427488,-135.31778298543495,0.0
2016-07-08,-2393.6580643157613,-40961.961883408316,-18896.248174400185,2284.0426602942466,-135.22988549676109,0.0
2016-07-11,10087.613786003682,-15260.792159555655,17716.319128963423,-2131.9393994953375,-135.34345556457856,0.0
2016-07-12,13265.146087436335,52243.420368860425,1213.0808865977492,3584.980836753162,-135.0494375927901,0.0
2016-07-13,-6376.678713741246,-36283.65016000908,4173.759035321827,-1211.0118515249023,-134.59449242597424,0.0
2016-07-14,6484.848528209857,49017.77204312044,-3946.468541401167,-1472.2163876483346,-134.81852207461657,0.0
2016-07-15,8647.207947602144,18339.681846492942,6433.278216131318,6491.6662777627425,-134.60058937553643,0.0
2016-07-18,-2035.0872403003461,18931.804650857543,6901.062740285588,-3629.8638798690126,-134.27850931753713,0.0
2016-07-19,-2644.082884444446,-34384.78067928394,-13943.066340539937,1321.3387373703822,-134.3401020144131,0.0
2016-07-20,5060.312871071407,375.5896401263531,-5505.984891598227,85.89597642532092,-134.45801261788787,0.0
2016-07-21,-4285.5781743452235,16421.32886542617,-5729.324440147885,3814.9157833720474,-134.30962940372748,0.0
2016-07-22,1335.369693500796,-10372.942950080389,4794.589076999114,-5611.412525564328,-134.41461369213576,0.0
2016-07-25,1787.9327180800592,-7927.917193805579,7739.9041346149825,-1508.8709792163063,-134.40851917031463,0.0
2016-07-26,314.7566270567489,-27749.50351161676,-12772.364295560765,443.32772557134507,-134.35905810785798,0.0
2016-07-27,-7277.6914930438425,-19702.484035076253,-5309.589927702546,2668.310047688451,-134.38415321381092,0.0
2016-07-28,-861.2140002641082,8524.980210416055,109.48444137839581,2346.4492018617934,-134.6136406426,0.0
2016-07-29,-9475.94236862947,-849.5569446641226,1547.6817290070862,-973.0091833165186,-134.6197327379491,0.0
2016-08-01,6134.379968801357,42928.263178586945,797.5600993866548,274.70876623370157,-134.9120130086026,0.0
2016-08-02,4232.079966038008,38372.157649741406,-7043.330348621489,4472.130439815592,-134.693766599346,0.0
2016-08-03,7.176040360140529,79.21782850419338,47.485715752171686,0.6401489743347062,-134.51973359084025,0.0
2016-08-04,-6358.883795670623,-6751.8888741266655,2581.199735337627,824.4267695803542,-134.51973359084025,0.0
2016-08-05,14229.126280850338,-9259.837812229942,-406.6458623376963,-4601.388342871049,-134.7120683803261,0.0
2016-08-08,959.512395751805,-28985.106731010696,9388.044560995271,-1200.7898393470957,-134.3157214990766,0.0
2016-08-09,-6680.13337769692,-12836.602634166495,7309.316067581991,2556.8060313560054,-134.30353852114186,0.0
2016-08-10,-5695.168739606404,-3432.065820835844,-14711.3383752752,-5823.395290935901,-134.4953482200212,0.0
2016-08-11,12222.124911781617,-15459.005132094642,6188.328864720591,-2889.467742299408,-134.7251579990558,0.0
2016-08-12,-9351.177009908544,-848.6577076532136,1545.7231146573033,-969.9508582133363,-134.3780647557947,0.0
2016-08-15,5700.309420529573,19785.725229105978,7265.128118188939,-2705.7188157838727,-134.66938122852696,0.0
2016-08-16,4153.039967581863,-12588.897281755304,-13399.236720130099,1932.9135445945703,-134.4892549115977,0.0
2016-08-17,-2433.9645854823566,315.78116105175724,11498.692819739374,772.3858011884703,-134.3780647557947,0.0
2016-08-18,-4305.869940809902,11973.435680201681,-3869.2189958093854,-3560.167626442572,-134.43364180970846,0.0
2016-08-19,7756.333264879235,-11625.603584418881,263.18126386643405,3625.054207853545,-134.58230216862344,0.0
2016-08-22,-4172.818577918947,-33694.08719883365,5261.9096439862005,2921.8522997903533,-134.33469700176158,0.0
2016-08-23,-756.6680893120417,12940.189138609741,9788.701158199685,-1875.030651885507,-134.4648938055013,0.0
2016-08-24,266.7805816391028,-6320.4889267489425,-16368.025136366836,12542.841006044593,-134.47707193366296,0.0
2016-08-25,4244.895846332285,4361.677226026108,-3578.8368411891483,-4957.515069348888,-134.42146368154684,0.0
2016-08-26,8172.403712998566,-30586.881939633022,6793.465133287987,-4361.322209963951,-134.32252372083954,0.0
2016-08-29,-8324.175241602092,-25422.587532347,9010.50642947158,5189.730405618392,-134.1128731083362,0.0
2016-08-30,3.636397919447013,12595.515338254307,183.56619120795702,-2673.2068208972314,-134.3476406365235,0.0
2016-08-31,939.7741034284978,513.0645646127003,7796.403723327269,829.3208617351085,-134.35372303865654,0.0
2016-09-01,-1681.0658375184498,12496.208147374158,2032.5537369359345,-2699.7393107843686,-134.3103552846234,0.0
2016-09-02,4966.046900844186,20995.818718335035,-14903.260012411563,-1049.3764140985968,-134.36589147487265,0.0
2016-09-05,7.122927054785659,79.06985656637966,47.39257978157235,0.6383497831414038,-134.22371318587903,0.0
2016-09-06,-9313.531756223596,16112.707350378678,-180.21315190629872,3728.3272079334424,-134.22371318587903,0.0
2016-09-07,-1305.5291596924408,-6451.288965942022,-2972.9902170448922,909.9649518135116,-134.47707193366296,0.0
2016-09-08,11514.38218966101,32262.44138868243,-7766.599858333131,-6095.413535623762,-134.52053328233728,0.0
2016-09-09,7558.118080303125,42894.56966552413,-1053.6403764331108,300.4497812414524,-134.1926072245336,0.0
2016-09-12,-114.13020869069263,12612.22082506954,-11330.016119507827,8859.725195043613,-133.927527480147,0.0
2016-09-13,7863.6688553872655,38585.75893570272,810.3346599419968,-7124.8138235208135,-134.94862751111802,-11.704833958603558
2016-09-14,-6064.028620971255,3808.674086102769,-4025.444306120545,6487.686795545098,-134.72529109866588,0.0
2016-09-15,354.8498858498297,48325.25497790676,-6157.519895703808,-2390.3834591154096,-134.87383647191535,0.0
2016-09-16,-338.52512215556425,-48172.86018266183,6252.939213540206,2389.835012211138,-134.84869496712773,0.0
2016-09-19,1647.7411291693888,-8718.153460107158,-9645.107457198334,-3154.5778757552816,-134.87383647191535,0.0
2016-09-20,-2192.69815879833,-10560.341375249349,-3054.482992939409,5952.513743408497,-134.86163834190268,0.0
2016-09-21,-2919.5128022485737,-31710.316610822647,10175.314468655213,-5395.380120992339,-134.90511732520974,0.0
2016-09-22,-4319.0768137807145,-33805.78965937643,5282.166753036276,2947.3030892838765,-135.03574159670225,0.0
2016-09-23,-2248.3091526658927,14563.515105267155,-2785.0136731118037,579.5867296282894,-135.1666474074895,0.0
2016-09-26,-4084.1101244020247,-7008.525941546193,-8913.503266228536,52.41929735918155,-135.22254349604725,0.0
2016-09-27,-3906.738282045506,-23288.306588578223,10259.419106535166,-3062.5757108983603,-135.35992669556953,0.0
2016-09-28,1393.7490278782843,6639.247469207562,3084.337681616955,-920.7527821921611,-135.49759432683823,0.0
2016-09-29,-2177.4358079272606,6439.898340403137,6804.711515514505,-977.748714036199,-135.45370763683732,0.0
2016-09-30,6143.240592918939,4514.825468316459,-17068.64561168032,6760.583680330693,-135.50980217305204,0.0
2016-10-03,5421.774866781426,-7759.318169487579,4057.0854389858023,-1469.6972924402698,-135.3100336053302,0.0
2016-10-04,7970.43801644635,30510.76310236106,-1195.7613802305357,3004.5316495320994,-135.1605501630032,0.0
2016-10-05,6059.792166683318,4470.882564620594,-5443.558412127011,-4956.248995239489,-134.88682923119933,0.0
2016-10-06,3509.118463566625,9164.727699585426,4169.373312161783,3238.2361463579773,-134.73820860287472,0.0
2016-10-07,-3014.4700002392915,18520.851915904215,-850.2348790990994,-4476.8419062637695,-134.60205529515193,0.0
2016-10-10,7.258833046673125,79.27670732884829,47.52966437515353,0.6418018927980035,-134.7070066434729,0.0
2016-10-11,6830.849263257999,474.93843423017444,-7367.066193478403,114.67273456302287,-134.7070066434729,0.0
2016-10-12,1769.84042998289,9057.880127101665,6016.423252034054,3199.427790414098,-134.50941290988095,0.0
2016-10-13,-5575.5260515496675,-7084.440399703279,-7026.800111175211,23.45664600092204,-134.42298324954416,0.0
2016-10-14,5037.111297843226,59449.00171477534,-8694.924604711025,4159.018190263122,-134.60814526485615,0.0
2016-10-17,-4528.988679745982,-2227.6582727483037,10410.289908529781,-3356.194600801636,-134.39808475064007,0.0
2016-10-18,-1845.8282113465632,-13330.585299027653,-15613.372798614762,1017.7548469700143,-134.54596363663413,0.0
2016-10-19,81.22326957472214,8965.583857299855,7874.132672068628,3174.569806891108,-134.62642244526512,0.0
2016-10-20,1725.7086210950513,-29364.96526032045,-212.94648551140554,-2005.7533674206045,-134.58922494113364,0.0
2016-10-21,-2134.7385096430985,-15004.540804428554,-1184.9844673003136,-1460.3027099356807,-134.57094412380516,0.0
2016-10-24,3860.814635007803,27808.29380187521,-436.2428741702982,-1189.2435867976646,-134.65755981288552,0.0
2016-10-25,968.1675247488655,-29017.16686092483,9399.672695897789,-1203.725579355854,-134.52768281930565,0.0
2016-10-26,2521.5761309935306,21257.654604898817,-3457.808895126512,-277.84415247477426,-134.5155016682271,0.0
2016-10-27,7131.95177638967,44967.89233187537,-5865.15265181302,3575.2299627777647,-134.4290720078903,0.0
2016-10-28,813.2545881332377,21133.465075192475,-1603.4402692528122,-304.6883110882453,-134.1644359703845,0.0
2016-10-31,-3265.5499494317464,-25156.423681710938,3472.4800864720164,5264.912073431282,-134.12754140578662,0.0
2016-11-01,-2018.3962979769253,18931.875526364085,6900.143968196027,-3624.8552743469695,-134.21353883394585,0.0
2016-11-02,-4232.854513085818,3901.141260083802,-5866.99589072527,6474.28488224131,-134.2748572919576,0.0
2016-11-03,1935.3381900510017,26919.7712089987,-15948.453935033645,-2837.865582153138,-134.37322807258244,0.0
2016-11-04,-0.0,-0.0,0.0,0.0,0.0,-3070.0037761994645
2016-11-07,0.0,0.0,0.0,-0.0,0.0,0.0
2016-11-08,0.0,-0.0,0.0,0.0,0.0,0.0
2016-11-09,0.0,0.0,-0.0,-0.0,0.0,0.0
2016-11-10,0.0,0.0,0.0,0.0,0.0,0.0
2016-11-11,-7.354480301302433,-79.36056186930205,-47.58976773802876,-0.6438176024848234,134.94862751111802,-3087.162987742198
2016-11-14,-13655.977919352817,21490.790306189,-9088.98362943852,1119.222615091109,134.94862751111802,0.0
2016-11-15,-973.3878822400335,29013.696233926028,-9399.42267454603,1204.7112332272854,134.55614073507556,0.0
2016-11-16,3105.4176642074135,19990.84672955598,-30533.279053528553,-2712.758688813392,134.54397865519113,0.0
2016-11-17,-10554.917044788666,-36304.59578793034,17397.725022476407,-467.21489084385803,134.59900738918168,0.0
2016-11-18,-6676.882594361673,21051.72640677893,-33801.6642293384,-402.5497310619013,134.27526158991103,0.0
2016-11-21,896.8277345030092,12863.2487902016,7828.64106012028,-1836.0627845086947,134.04407033903504,0.0
2016-11-22,2186.2050609802886,-5633.83852612107,10572.192465174601,2581.6820238247346,134.08052944898995,0.0
2016-11-23,-7666.142925046623,19703.051644708692,-9793.39489464857,-2071.4596394471014,134.17175807024714,0.0
2016-11-24,-6.975024245942406,-78.98947228326364,-47.32868279143991,-0.6355632242956515,133.92874254494154,0.0
2016-11-25,358.6405433804153,6003.415374822913,-4769.3371453002965,-1726.6475154479706,133.92874254494154,0.0
2016-11-28,4247.560720404953,9407.25518268204,11791.04267398504,4026.581989413719,133.92874254494154,0.0
2016-11-29,4051.395297444767,12290.769945726002,-13193.881691073246,-3404.9005126383986,134.10487968192817,0.0
2016-11-30,-8858.774714624255,-36905.632465185015,-1826.4192401902856,-2061.384732297248,134.20223607558674,0.0
2016-12-01,-10769.477822746538,-34957.01325957254,-4773.731483901321,1172.0597316792862,133.89236926175025,0.0
2016-12-02,7188.786370846502,-7037.216291409201,19508.61171217902,204.86958087301767,134.948627511118,-15.352933169713651
2016-12-05,846.7736324339081,33630.473263991196,-1570.0017933312215,-3010.010160380697,135.18137915021882,0.0
2016-12-06,-788.5268901589495,-24882.393065503897,9323.116926659968,6211.351320695565,135.2122020733721,0.0
2016-12-07,7489.978930430261,27911.441198841883,-4249.528528329643,-1142.1482682640208,135.2182858147353,0.0
2016-12-08,-8379.386922025727,-44812.73925436887,15550.398002173546,-2814.2102006123864,135.44587406695442,0.0
2016-12-09,-9811.17121173948,-22485.033881541436,-6527.081167141748,-1479.2959083490216,135.175294200457,0.0
2016-12-12,-1417.9056687281488,-2963.716579110516,-10773.665859704408,-4959.636233877324,134.85695911377837,0.0
2016-12-13,-521.9727342836579,31496.584407743947,-6459.919314943495,5328.139153733419,134.7714935027207,0.0
2016-12-14,-11493.13634417927,69792.92849890163,-17137.8512153233,-1244.248466424912,134.80205210946758,0.0
2016-12-15,-8098.313207090155,2005.650628559214,-36988.133201408564,3182.5508738601175,134.4854777116113,0.0
2016-12-16,667.3964369798786,-30798.806036038426,23685.440594832842,-3669.6864835940023,134.21858272517846,0.0
2016-12-19,8660.598101927892,23471.962312398176,-15745.96797045014,3102.070252672928,134.22464717492286,0.0
2016-12-20,-4320.844993190462,-13242.834209119965,-4238.580726236327,1789.5862035756384,134.5036818943164,0.0
2016-12-21,4476.423167769404,-6647.49670491416,-18220.492092833956,192.4965438615872,134.37009468891995,0.0
2016-12-22,-386.1465808013827,6355.260129301011,4825.444818634584,-937.7073837666493,134.47936078555398,0.0
2016-12-23,-7.167159491221731,-79.19499816221351,-47.47126929863035,-0.6398609535601066,134.47328790562565,0.0
2016-12-26,-7.167159491221731,-79.19499816221351,-47.47126929863035,-0.6398609535601066,134.47328790562565,0.0
2016-12-27,-5369.414238346162,27469.19728398711,18334.869070858043,-529.1878834953715,134.47328790562565,0.0
2016-12-28,7711.757622236858,22143.481866144622,8253.213946562453,1434.3321797016652,134.35189411820647,0.0
2016-12-29,5736.31176682194,-26894.554842853282,10487.84938991499,-9464.519103816705,134.61933419039434,0.0
2016-12-30,4832.971813897913,3000.3110676708434,6961.8441509014165,5010.284503253951,134.728958015299,0.0
2017-01-02,-7.382646719957067,-79.3178232769646,-47.567728556549255,-0.6439591101404234,134.9121576636113,0.0
2017-01-03,-505.6275172527662,27037.385792785393,-4594.746358228954,-2086.7878171917077,134.9121576636113,0.0
2017-01-04,-1644.1577002149597,4251.213818616515,11508.58323487536,-4270.353753794451,134.9000106981885,0.0
2017-01-05,14327.985118590841,15704.912132456126,-11793.372515432768,1667.4366436467851,134.8450598224826,0.0
2017-01-06,-8985.031779244842,7557.489964907729,-338.6968475379274,1412.3437490260249,135.27395415132446,0.0
2017-01-09,4933.800081036695,15557.67533067521,7107.653517068797,2335.6537858765164,135.02861949275407,0.0
2017-01-10,790.9777793374269,-12978.381176280254,-9824.644731946913,1894.180842791674,135.20659779183245,0.0
2017-01-11,-11.264331153665559,12485.377918534561,89.14223896129101,-2704.6684141522055,135.2187471687038,0.0
2017-01-12,769.8995652634445,-42676.31195789616,29502.046300138318,12354.004776685779,135.2126718773269,0.0
2017-01-13,-3842.461624188024,27752.838157176713,-21203.472208642394,-13037.178208957592,135.3109598502202,0.0
2017-01-16,-7.500372377327799,-79.36529009126912,-47.60885513697639,-0.6460663872433977,135.12058399281665,0.0
2017-01-17,10248.618875058692,15860.434942641561,1540.6687113201199,2424.6801609063723,135.12058399281665,0.0
2017-01-18,-14154.19806922948,-8101.795092662662,-7509.121350663617,-933.5000860365751,135.44647175362837,0.0
2017-01-19,-6706.059476422357,-15813.919361769338,-5346.521053008093,-2365.6918073973097,135.02254781808088,0.0
2017-01-20,2068.166129589553,-44849.80747967491,-13016.128858862066,-4258.968000896015,134.7962122168403,0.0
2017-01-23,10481.792201108463,13831.650736892232,6356.104368989446,-879.2127504904129,134.78382261643137,0.0
2017-01-24,-10123.99131510596,-7123.453595598178,6207.374178482531,772.7204913559161,135.10800541269398,0.0
2017-01-25,-7933.229714012191,-22346.3361349577,-8368.258584558534,-1444.53752159105,134.82049650628505,0.0
2017-01-26,4344.583141981707,-3903.2504908063634,5872.680035706042,-6505.836965766713,134.5523186839911,0.0
2017-01-27,1767.9692853495799,21444.22196517676,6061.846543401183,522.929825062961,134.64968654063733,0.0
2017-01-30,-772.8001057818597,-12285.741704761795,9435.59868151907,3488.214171009282,134.728958015299,0.0
2017-01-31,6087.652624113853,652.2475050028257,2158.244780549301,917.1738209679232,134.728958015299,0.0
2017-02-01,-5209.055042127351,-376.25179179980705,5518.25853250632,-86.45145345790463,134.91823295498818,0.0
2017-02-02,483.36627899799265,-14635.812302597704,4632.8688312476,-605.287288389123,134.77167565100856,0.0
2017-02-03,-1723.9030437264232,-12723.452098012885,1669.909626915875,2657.6119241969113,134.7777485309369,0.0
2017-02-06,10842.371210808878,7388.7646075552975,1476.020497644016,62.0276141909814,134.73503089522734,0.0
2017-02-07,2594.4864010849633,21143.935981677678,-3562.2639162014343,-281.2714718032335,135.06507486212516,0.0
2017-02-08,7562.879112343374,36799.49802996345,3597.6443464410067,2057.1726622534034,135.1509664822594,0.0
2017-02-09,-10839.255713161401,-5113.4139974414,1383.8384106650583,4096.808038634414,135.41545535856642,0.0
2017-02-10,-586.6252259160216,5597.079620307512,-12578.429154609328,-2592.1297050795847,135.12665807831112,0.0
2017-02-13,-3226.0683062383923,-11157.512408427943,-10930.764575129951,5139.3113045867585,135.0836970087457,0.0
2017-02-14,-8370.7782563836,9998.62851464627,2615.6940233893934,5544.376590963538,134.99786640090826,0.0
2017-02-15,-4886.812576390508,-3158.8474121971935,-7057.909685782184,-5018.597979870342,134.7962122168403,0.0
2017-02-16,9109.987026658015,-5249.407555782952,3190.4689734382932,2715.6552093973223,134.6132673335955,0.0
2017-02-17,4034.4719641184874,6996.362795149028,8896.40465965787,-52.23223471354632,134.9000106981885,0.0
2017-02-20,-7.455110377876293,-79.34343283253241,-47.59091714698998,-0.645232015283766,135.03469237268243,0.0
2017-02-21,-1759.4798333449326,-178.34211955471568,1808.4468951776178,-29.30532530780588,135.03469237268243,0.0
2017-02-22,957.014983844976,355.85663907051116,7727.315787777306,834.8073462275478,134.98571943548546,0.0
2017-02-23,6719.066651253894,-13915.673140372935,6846.773041621827,314.33774688375973,135.02861949275407,0.0
2017-02-24,11983.99231551463,7065.383096436977,-8163.070960489498,-746.8392404543051,135.22482366627887,0.0
2017-02-27,-10443.734546476697,35092.823989132274,4758.492561798946,125.87778016618539,135.56332143298624,0.0
2017-02-28,-1421.734897154136,22971.758960704323,-4677.164476003205,2976.977862167323,135.29880806126826,0.0
2017-03-01,-16254.541001116258,-14308.048982199543,-890.7954205243874,798.5077992470502,135.28666109584546,0.0
2017-03-02,-5718.471867762336,1635.8367145555346,696.8676216565922,3210.218292910405,134.8147255369167,0.0
2017-03-03,866.5422914619363,4008.2478280853925,26.87888187409205,-5036.337296874597,134.66829545317594,0.0
2017-03-06,-388.9184462619149,-18708.11674580834,4554.05943476823,4430.576549496265,134.66829545317594,0.0
2017-03-07,-3638.0196723462286,-1046.9559916424218,-13716.803193996448,-1694.174078036613,134.67435629469145,0.0
2017-03-08,-6827.828036020073,-4927.479035778635,9219.81860564632,-7514.026936652672,134.5403243287249,0.0
2017-03-09,-5646.999338785643,-15297.238875443358,-9110.087873685105,10071.574213063324,134.30341218829213,0.0
2017-03-10,3338.505576873273,12624.894630432309,-3606.3473883892802,-2611.5893360710647,134.17011041094878,0.0
2017-03-13,-6266.583809794974,-2480.792781623258,12148.617664433916,-3386.21466288922,134.26096646350823,0.0
2017-03-14,2476.9460506202195,21040.73065193556,-3542.3647319753636,-277.9081114504879,134.067272031956,0.0
2017-03-15,14165.006387202726,-8617.927973074024,16825.95311517127,-2951.829382328569,134.15195311082917,0.0
2017-03-16,-4311.5223410439385,-4362.6494122231625,3580.57291563098,4971.727127721819,134.57689145918872,0.0
2017-03-17,4251.863821784083,8653.87637984305,-5536.132373348825,2428.516965181171,134.47955248344658,0.0
2017-03-20,5161.189010700013,217.1796308675844,-5602.076754283762,84.93256934184349,134.61954849217872,0.0
2017-03-21,6543.529995418377,6752.493768601989,-2582.6926462890046,-828.5662243832274,134.76588394969323,0.0
2017-03-22,2684.9003339214087,17462.519558834334,4138.844741511457,5608.721421691467,134.95537310837196,0.0
2017-03-23,-84.82951451236386,-8972.463403118312,-7885.998401361481,-3200.6794456308585,135.08416478577485,0.0
2017-03-24,2250.461502388654,10557.727552200166,3055.121229488225,-5978.382410549436,135.04727057300826,0.0
2017-03-27,1333.8496372608492,23480.9267687254,1249.3951652775363,3835.838915811594,135.09023164257366,0.0
2017-03-28,-6726.5201422377095,-6921.374260625903,2492.463771605376,832.0116028392524,135.17017858479062,0.0
2017-03-29,6173.578645936973,-8235.893039918286,-5673.891111789207,-2274.6517860362032,134.9800798160906,0.0
2017-03-30,-5324.2983264607265,-12931.491524414245,5384.840277876068,2616.154476822219,135.133223256852,0.0
2017-03-31,3221.2201990077156,-1558.3365014216529,10690.25867390113,-2440.855235623623,134.9922075125242,0.0
2017-04-03,7647.500253204541,7195.986417437196,5189.5957441176,4.996078694751585,135.08416478577485,0.0
2017-04-04,-1293.0059747823475,-2194.1212186152234,6638.3764358676435,-3348.992946898287,135.317633002249,0.0
2017-04-05,3273.6699262159955,-1560.0461736803545,10704.842524448251,-2450.06827213916,135.26844968632903,0.0
2017-04-06,-1426.1999469449065,-2162.306342963271,-4951.146165242437,8404.29167742388,135.36077772673636,0.0
2017-04-07,-6910.0177521623855,26335.81643461273,-6814.539454633766,-3028.8020238360496,135.36077772673636,0.0
2017-04-10,1373.2968143610933,6464.526837344775,2981.6063197093404,-919.5942129752169,135.1580484819298,0.0
2017-04-11,10339.937014925557,2496.7393929054124,-4432.000168083369,-8247.026118957074,135.20110126289114,0.0
2017-04-12,3876.056238017855,9796.576803234339,21525.013000088486,4927.416439180693,135.44715930021496,0.0
2017-04-13,6492.4009991881285,654.0224023298684,2166.480377285843,929.772763138624,135.62029167094673,0.0
2017-04-14,0.0,0.0,0.0,0.0,0.0,-3102.5159209119097
2017-04-17,0.0,0.0,0.0,-0.0,0.0,0.0
2017-04-18,-0.0,-0.0,-0.0,0.0,0.0,0.0
2017-04-19,0.0,0.0,0.0,-0.0,0.0,0.0
2017-04-20,0.0,-0.0,0.0,-0.0,0.0,0.0
2017-04-21,-0.0,0.0,0.0,0.0,0.0,0.0
2017-04-24,0.0,-0.0,-0.0,0.0,0.0,0.0
2017-04-25,0.0,0.0,0.0,0.0,0.0,0.0
2017-04-26,-0.0,-0.0,-0.0,0.0,0.0,0.0
2017-04-27,-0.0,0.0,-0.0,0.0,0.0,0.0
2017-04-28,0.0,-0.0,-0.0,-0.0,0.0,0.0
2017-05-01,0.0,0.0,0.0,-0.0,0.0,0.0
2017-05-02,-0.0,-0.0,-0.0,-0.0,0.0,0.0
2017-05-03,0.0,-0.0,0.0,0.0,0.0,0.0
2017-05-04,0.0,0.0,-0.0,0.0,0.0,0.0
2017-05-05,0.0,-0.0,0.0,-0.0,0.0,0.0
2017-05-08,0.0,0.0,-0.0,0.0,0.0,0.0
2017-05-09,0.0,-0.0,-0.0,0.0,0.0,0.0
2017-05-10,-0.0,0.0,0.0,-0.0,0.0,0.0
2017-05-11,-0.0,-0.0,-0.0,-0.0,0.0,0.0
2017-05-12,-0.0,0.0,-0.0,0.0,0.0,0.0
2017-05-15,0.0,-0.0,-0.0,-0.0,0.0,0.0
2017-05-16,-0.0,0.0,0.0,-0.0,0.0,0.0
2017-05-17,-0.0,-0.0,-0.0,-0.0,0.0,0.0
2017-05-18,0.0,-0.0,0.0,0.0,0.0,0.0
2017-05-19,0.0,-0.0,-0.0,-0.0,0.0,0.0
2017-05-22,0.0,0.0,0.0,0.0,0.0,0.0
2017-05-23,0.0,0.0,0.0,-0.0,0.0,0.0
2017-05-24,-0.0,-0.0,-0.0,0.0,0.0,0.0
2017-05-25,-0.0,-0.0,-0.0,0.0,0.0,0.0
2017-05-26,0.0,-0.0,0.0,-0.0,0.0,0.0
2017-05-29,0.0,0.0,0.0,0.0,0.0,0.0
2017-05-30,-0.0,-0.0,0.0,-0.0,0.0,0.0
2017-05-31,-0.0,-0.0,-0.0,0.0,0.0,0.0
2017-06-01,0.0,-0.0,0.0,-0.0,0.0,0.0
2017-06-02,-0.0,-0.0,-0.0,0.0,0.0,0.0
2017-06-05,0.0,0.0,-0.0,-0.0,0.0,0.0
2017-06-06,-0.0,-0.0,-0.0,-0.0,0.0,0.0
2017-06-07,0.0,0.0,0.0,0.0,0.0,0.0
2017-06-08,0.0,0.0,-0.0,0.0,0.0,0.0
2017-06-09,0.0,-0.0,0.0,0.0,0.0,0.0
2017-06-12,0.0,-0.0,0.0,-0.0,0.0,0.0
2017-06-13,0.0,-0.0,-0.0,-0.0,0.0,0.0
2017-06-14,-0.0,-0.0,0.0,0.0,0.0,0.0
2017-06-15,0.0,-0.0,0.0,-0.0,0.0,0.0
2017-06-16,-0.0,0.0,0.0,0.0,0.0,0.0
2017-06-19,0.0,-0.0,0.0,-0.0,0.0,0.0
2017-06-20,-0.0,-0.0,0.0,0.0,0.0,0.0
2017-06-21,0.0,-0.0,0.0,-0.0,0.0,0.0
2017-06-22,-0.0,0.0,0.0,0.0,0.0,0.0
2017-06-23,0.0,-0.0,0.0,-0.0,0.0,0.0
2017-06-26,-0.0,-0.0,-0.0,-0.0,0.0,0.0
2017-06-27,0.0,0.0,0.0,0.0,0.0,0.0
2017-06-28,-0.0,0.0,0.0,0.0,0.0,0.0
2017-06-29,0.0,0.0,-0.0,0.0,0.0,0.0
2017-06-30,0.0,0.0,0.0,-0.0,0.0,0.0
2017-07-03,0.0,-0.0,0.0,0.0,0.0,0.0
2017-07-04,0.0,0.0,0.0,0.0,0.0,0.0
2017-07-05,-0.0,-0.0,-0.0,-0.0,0.0,0.0
2017-07-06,0.0,0.0,0.0,0.0,0.0,0.0
2017-07-07,0.0,0.0,-0.0,-0.0,0.0,0.0
2017-07-10,-0.0,0.0,-0.0,0.0,0.0,0.0
2017-07-11,-0.0,0.0,0.0,-0.0,0.0,0.0
2017-07-12,-0.0,-0.0,-0.0,0.0,0.0,0.0
2017-07-13,0.0,0.0,-0.0,0.0,0.0,0.0
2017-07-14,-0.0,0.0,-0.0,-0.0,0.0,0.0
2017-07-17,-0.0,-0.0,-0.0,-0.0,0.0,0.0
2017-07-18,-0.0,-0.0,-0.0,0.0,0.0,0.0
2017-07-19,0.0,-0.0,-0.0,-0.0,0.0,0.0
2017-07-20,-0.0,-0.0,0.0,0.0,0.0,0.0
2017-07-21,-0.0,-0.0,0.0,-0.0,0.0,0.0
2017-07-24,0.0,0.0,0.0,-0.0,0.0,0.0
2017-07-25,0.0,0.0,0.0,-0.0,0.0,0.0
2017-07-26,-0.0,0.0,-0.0,0.0,0.0,0.0
2017-07-27,0.0,0.0,-0.0,0.0,0.0,0.0
2017-07-28,-0.0,-0.0,0.0,0.0,0.0,0.0
2017-07-31,0.0,-0.0,0.0,-0.0,0.0,0.0
2017-08-01,-0.0,-0.0,-0.0,0.0,0.0,0.0
2017-08-02,0.0,-0.0,0.0,0.0,0.0,0.0
2017-08-03,-0.0,-0.0,0.0,0.0,0.0,0.0
2017-08-04,0.0,0.0,-0.0,-0.0,0.0,0.0
2017-08-07,-0.0,-0.0,-0.0,-0.0,0.0,0.0
2017-08-08,0.0,0.0,0.0,-0.0,0.0,0.0
2017-08-09,-0.0,-0.0,0.0,-0.0,0.0,0.0
2017-08-10,-0.0,-0.0,-0.0,-0.0,0.0,0.0
2017-08-11,-0.0,0.0,-0.0,0.0,0.0,0.0
2017-08-14,0.0,-0.0,-0.0,0.0,0.0,0.0
2017-08-15,0.0,0.0,0.0,-0.0,0.0,0.0
2017-08-16,-0.0,-0.0,-0.0,0.0,0.0,0.0
2017-08-17,-0.0,-0.0,-0.0,-0.0,0.0,0.0
2017-08-18,0.0,-0.0,-0.0,-0.0,0.0,0.0
2017-08-21,-0.0,-0.0,0.0,-0.0,0.0,0.0
2017-08-22,0.0,0.0,0.0,0.0,0.0,0.0
2017-08-23,-0.0,-0.0,-0.0,-0.0,0.0,0.0
2017-08-24,0.0,0.0,0.0,-0.0,0.0,0.0
2017-08-25,-0.0,-0.0,-0.0,0.0,0.0,0.0
2017-08-28,-0.0,0.0,-0.0,0.0,0.0,0.0
2017-08-29,-0.0,-0.0,-0.0,0.0,0.0,0.0
2017-08-30,2300.3121844240873,7061.090204163569,10853.072806314794,-79.52656739131187,-134.94862751111802,-3099.487009491968
2017-08-31,-3116.406531250644,-15459.13723368667,-8960.633298733028,-2298.8586916252666,-134.8624597476068,0.0
2017-09-01,5670.9729129064235,15386.923818201096,-2430.0133620651127,1527.1977248327717,-134.99175750791932,0.0
2017-09-04,7.2957725290594055,79.3134506279471,47.55544496527046,0.6426095893395687,-134.8072777116165,0.0
2017-09-05,-13012.17062430276,-22491.50512410383,-2710.8145240708313,-1527.6665114935176,-134.8072777116165,0.0
2017-09-06,4589.329215703188,17723.219898919648,13975.419622941521,-6062.179167498309,-135.22609504424227,0.0
2017-09-07,-8795.101738615196,-17418.614510033556,-516.7964424261456,6801.362200857481,-135.09633522316966,0.0
2017-09-08,1374.8050988112918,6636.631632460665,3082.396841978712,-918.2233867015362,-135.3309923015152,0.0
2017-09-11,12395.23504790001,22261.744123209115,-4977.717410634337,700.7286289802532,-135.28764631156085,0.0
2017-09-12,4884.991894061672,11255.857946931568,9070.589965025902,-5092.822213315161,-134.91160218181847,0.0
2017-09-13,3982.569181187435,-5395.22318512566,8853.734674224475,2633.535073622222,-134.7764147845896,0.0
2017-09-14,493.47553303373223,-27020.988787556777,4590.09320188082,2077.005013158245,-134.635432920437,0.0
2017-09-15,1730.2293050047513,-16822.379690539732,-76.53068501722379,-4686.79854357083,-134.62329351908858,0.0
2017-09-18,3855.4682713547504,15262.799818023728,-572.5375300688854,1491.1332249023926,-134.61115893126293,0.0
2017-09-19,1311.1421546216397,6612.431211364636,3068.8433411373085,-907.9670620616529,-134.4765309321379,0.0
2017-09-20,6447.342213438239,-26263.138994707937,6787.885840343853,2985.5916015363077,-134.43373778361544,0.0
2017-09-21,-1181.0891531608745,-14546.873847430026,6564.824098521911,-627.7215540262795,-134.23256019261746,0.0
2017-09-22,-537.5070687730134,-6782.93365633162,-12568.980085121662,108.46796151223525,-134.2752316241347,0.0
2017-09-25,-5460.0738917991775,-15181.107580917735,2516.0237430534826,-1512.8049734348058,-134.31187516673756,0.0
2017-09-26,3011.290362032045,6709.768101864831,1217.2043241034185,-880.2490715313605,-134.49510463692985,0.0
2017-09-27,8840.66519707076,45047.249809884386,-7713.4477919176925,3604.5339905504998,-134.40342836584355,0.0
2017-09-28,-1300.3822878015967,23028.247869567633,-4555.8021425846955,2927.4236640272525,-134.0926126277188,0.0
2017-09-29,2663.5146638128626,-19999.025247429367,15336.000233259363,1983.6976467076333,-134.10472798650292,0.0
2017-10-02,2476.8913799065626,-8250.512133686652,-1861.4810253197945,-2295.983852464889,-134.0075426416614,0.0
2017-10-03,-2093.7357850922735,14490.553800193526,-2767.9509466479503,570.1910039979055,-133.95294245968287,0.0
2017-10-04,6.9688806640776315,79.04318323654722,47.35964878732982,0.6358299537067721,-134.0075426416614,0.0
2017-10-05,3282.48073655938,276.2912995679989,-3646.6771211367436,57.12076981946427,-134.0075426416614,0.0
2017-10-06,4827.473141743726,-20985.47747484992,-13423.5650076947,-404.84827066469506,-133.9104830473872,0.0
2017-10-09,7.354480301302425,79.36056186930205,47.58976773802875,0.6438176024848233,-134.948627511118,-13.35370963252783
2017-10-10,-4224.04655818532,217.67532715462377,13392.338768650941,748.9810898908758,-134.948627511118,0.0
2017-10-11,7.385668665238849,79.40373421817281,47.61869444427334,0.6445810026964496,-135.05267833038138,0.0
2017-10-12,-1700.1528458483006,-17051.99218941436,3637.5400552026567,-4770.3371194948795,-135.05267833038138,0.0
2017-10-13,-6264.2208051940925,-34695.51527544792,-10283.512585991262,1278.3422795692775,-135.13865451269533,0.0
2017-10-16,4560.763464762526,-16334.924598275506,5855.4049368662845,-3866.8132533561948,-135.35413097298493,0.0
2017-10-17,219.10458259984443,-16187.581069968292,19214.219413190975,-3110.4932742920855,-135.2496515304508,0.0
2017-10-18,6862.258865891279,4172.481600269492,-26689.522773607907,5930.244646839667,-135.2496515304508,0.0
2017-10-19,-2132.675517105182,-6130.428377201423,6652.840660748488,1724.1335679184504,-135.04715023839248,0.0
2017-10-20,8455.762808048363,28483.000481155686,3629.4911776757704,-303.2225905262534,-135.09621202801958,0.0
2017-10-23,-2208.581312522251,14541.525969655186,-2780.020122062639,577.0656948243148,-134.82653427259103,0.0
2017-10-24,5754.032862224371,7255.5332198044025,7137.544417293375,-22.320846447743744,-134.88150064379926,0.0
2017-10-25,2937.1620254058275,14832.232173816687,-8338.629259697385,661.4802257414632,-134.69816460861236,0.0
2017-10-26,2545.4903508669427,-3812.833142253959,-3731.9938728526568,5081.472750272901,-134.60668072334008,0.0
2017-10-27,-6378.176060934235,5782.444640276486,2717.019411129392,-1851.9728237690242,-134.50926570655022,0.0
2017-10-30,-6025.647624406445,-30200.163896848528,-565.3528910069956,-2955.649906547209,-134.7042218188568,0.0
2017-10-31,1743.7968512552757,-12375.501432718209,-1944.4533050719879,2720.96388283768,-134.924381869201,0.0
2017-11-01,-1225.590689089259,-27132.66276189454,6448.674407533002,2056.8515374531835,-134.86938502368793,0.0
2017-11-02,-2191.7608939903766,-15018.621906208256,-1186.613432403125,-1468.0975571601114,-134.90621023815257,0.0
2017-11-03,-559.4608897858683,-19354.866237877068,-12748.471310821116,2805.0808035690247,-134.9920642146572,0.0
2017-11-06,-2508.223087804801,-4146.4252992133825,13403.039399507954,-6665.593550404797,-135.0229285920186,0.0
2017-11-07,-378.23706094912154,-31150.19836021426,4524.177282315423,7156.666903040851,-135.12107437972702,0.0
2017-11-08,2588.3280777074337,-4622.184181346634,-9575.167954549166,-8233.6443460017,-135.10896595453468,0.0
2017-11-09,475.14308573642,27637.897101239538,3275.391508847864,-1255.470287836202,-135.09686232283534,0.0
2017-11-10,10140.08267330166,24137.740162917653,-7935.899225145714,3977.650638815816,-135.06593197177884,0.0
2017-11-13,1765.7483320239949,-29356.6924815552,-212.9709466086131,-2013.213581780953,-134.74134706161033,0.0
2017-11-14,-3838.5892323383123,-6218.180433476678,8492.368380367774,1689.5838590738113,-134.72320777824294,0.0
2017-11-15,-6027.549881706896,-50847.68679480821,8856.673610329166,-1821.649135569239,-134.82097049065894,0.0
2017-11-16,6568.237539071176,2488.381580387764,-12195.031925217976,3422.587390841137,-135.03568187487926,0.0
2017-11-17,-2203.327774230786,-27541.965902825767,-1322.0701786276313,1224.4063780219706,-134.83967318310837,0.0
2017-11-20,4032.640007556056,-26815.706211651854,883.9304600614829,2147.7860987357485,-134.91948551608436,0.0
2017-11-21,-253.83544313591722,-18583.76770589494,16205.997266615856,-7233.584640670262,-134.80947691497624,0.0
2017-11-22,-6450.73643040817,15568.352253397668,-21268.85241925794,2181.0324689827266,-134.85238864037493,0.0
2017-11-23,7.561185422605132,79.27339821348781,47.56149711536814,0.6463744814251099,-135.04245523288617,0.0
2017-11-24,2765.0459662558123,613.0814604460903,5964.821327959337,866.7989773241155,-135.04245523288617,0.0
2017-11-27,-1840.81315796884,3635.930707260109,-5792.582270407465,-5923.483376431486,-134.95037861705467,0.0
2017-11-28,2262.2323956219793,2625.5547150648486,1145.1028772245331,4176.857744073996,-135.04245523288617,0.0
2017-11-29,5203.8040094720245,8489.644674684341,-15075.20951819019,1639.4023861681883,-134.95037861705467,0.0
2017-11-30,5631.568307949085,14447.154805081402,29381.05807680661,675.0222514073712,-134.80344124465108,0.0
2017-12-01,-5503.0253576925,-52783.292388207235,13652.36877713703,-5106.804834708603,-134.58933960417374,0.0
2017-12-04,2182.0528774797863,-10710.688913468419,-4815.817666455484,-6461.570378584334,-134.80344124465108,0.0
2017-12-05,-845.6330278974647,-46049.44248276869,1428.6547361281553,5697.348414161494,-134.7913734848211,0.0
2017-12-06,-6189.834631547237,20751.634017827055,5802.488954210986,-423.12476701433866,-134.8161925178739,0.0
2017-12-07,6205.433840758403,21461.534651202164,-7169.790098837503,-222.99461073150766,-134.97527140346966,0.0
2017-12-08,871.6793242713861,8620.337309435805,-1742.7934417566323,2385.5681815340513,-134.7913734848211,0.0
2017-12-11,2258.3890463150424,-14359.214599475083,2871.243598295464,-576.5720743339673,-134.74849225941935,0.0
2017-12-12,2640.681697322518,4262.811491849429,-1729.4967126654226,-5014.782447751889,-134.69357852085264,0.0
2017-12-13,-8345.894128047712,-2391.1288030672386,2567.2674844456933,8221.348496224173,-134.6447285135224,0.0
2017-12-14,541.8254461931352,-43982.65991076201,6317.662023599107,-2654.5363015500548,-134.8403184934354,0.0
2017-12-15,621.7935375596652,-35099.35175278433,14142.392504377382,539.0381407443966,-134.86516447385594,0.0
2017-12-18,4785.718671792616,44423.789234174765,-11778.687928598749,2744.022684658164,-134.85310625626514,0.0
2017-12-19,10580.639387684369,34585.065945708266,-2968.203193984835,-2021.8202823529793,-134.68152030326183,0.0
2017-12-20,4175.566665849297,41904.86962014195,-14693.317266065142,-1387.1930526711174,-134.36433778506944,0.0
2017-12-21,-239.07013323909982,-43537.95085386835,15885.056754283372,-1832.822512947525,-134.2366048565144,0.0
2017-12-22,395.54774865817046,-18838.654133239575,-4950.147904835713,3613.720832901877,-134.2671059684159,0.0
2017-12-25,7.279440396351635,78.97898752205369,47.3565174392657,0.6401190682343665,-134.25506442590535,0.0
2017-12-26,-933.1144083279298,-12852.23525972806,-7827.276654201593,1847.1672849497868,-134.25506442590535,0.0
2017-12-27,-7599.23657661586,-29421.0130360316,18609.837258193274,-1346.7647430037043,-134.29162307370385,0.0
2017-12-28,1751.3167471742788,-12332.770276519273,-1938.0007999193401,2715.245421343312,-134.52302594727584,0.0
2017-12-29,-4037.9957225802204,5534.005721355862,-8730.491030552897,-2632.4367605958537,-134.468255294487,0.0
2018-01-01,7.450083339016483,79.0799942318836,47.43510827667318,0.6433894612271656,-134.6085753088004,0.0
2018-01-02,9224.994302390585,28041.661715692186,-5985.375578833901,-1107.1894302781275,-134.6085753088004,0.0
2018-01-03,-1295.68307307855,-35881.68813392239,-1379.643456965876,-1125.4652928271369,-134.33423095226138,0.0
2018-01-04,3090.6334039938124,-5807.16460743143,1078.9118918554593,1800.7335344363755,-134.40750313853772,0.0
2018-01-05,2219.071090585246,10668.622142887723,3135.360189947134,-5933.556046699996,-134.31016689665793,0.0
2018-01-08,932.9302365424027,4954.0084389349495,5925.609130776212,8222.171101836928,-134.2675590181004,0.0
2018-01-09,8145.355515571484,36405.92534898506,-5910.26097998353,1238.409386848931,-134.1824339681029,0.0
2018-01-10,-468.6702820302287,2080.6805258714985,-4742.80907806012,3264.7145919669215,-133.91575774807058,0.0
2018-01-11,680.2816550374619,15860.353637969658,-17035.168372493772,-9282.211092231808,-133.91575774807058,0.0
2018-01-12,14.956574315204435,-46336.5637564856,40803.95749260357,5621.335554869005,-133.9581243843346,0.0
2018-01-15,7.159989638927883,78.8469682731414,47.265370454405044,0.6374187141832821,-133.90974708065755,0.0
2018-01-16,795.7137086087853,-42122.3081217276,-8071.327410412043,-157.3914417085626,-133.90974708065755,0.0
2018-01-17,3948.106911565606,-5362.086639003981,8798.977040688093,2616.2234002395253,-133.92808291637172,0.0
2018-01-18,6410.364483371197,40638.974908247365,5577.542059002975,-2989.074715027801,-133.78906482300343,0.0
2018-01-19,2689.4560779092667,613.7555632677041,5968.366826381653,863.3701599522849,-134.94862751111802,-23.154707237717957
2018-01-22,2958.7460890585353,2291.255490540628,-8483.152336098963,3350.608794674366,-134.8573075274393,0.0
2018-01-23,-4739.258779715676,-6659.608570553608,730.1479483768602,855.6365554931908,-134.7600716373085,0.0
2018-01-24,2864.5211885479634,10415.39840571847,-18052.854630903727,4900.362703137945,-134.89993229353036,0.0
2018-01-25,-3417.1310449091307,-25218.209751882976,3483.5194454475954,5316.40500398832,-134.80263605182998,0.0
2018-01-26,7044.329845193799,-24663.310865634943,3924.3676836760105,-6166.940205337853,-134.887855395549,0.0
2018-01-29,3199.340184775724,37031.13836921362,17011.557412065464,2793.625411859402,-134.7299002455923,0.0
2018-01-30,4603.025122946413,14925.107437107605,-10186.382631105598,688.6719968527567,-134.5720086956035,0.0
2018-01-31,-714.6960659998751,-29101.137756629483,11245.402583932208,-1230.8514716536329,-134.43279178573238,0.0
2018-02-01,7648.692419349825,30426.16002547005,-1191.6575034490884,2976.3392666439718,-134.4691150605954,0.0
2018-02-02,5829.35141402096,59785.207554237655,-930.24743814639,4962.054792654458,-134.2033822473035,0.0
2018-02-05,-10733.774033722639,19657.318295590263,-5997.95756743551,-2118.4517592739253,-133.95680968617611,0.0
2018-02-06,3312.66907999157,276.76015248825047,-3653.3150185392465,57.28905523025605,-134.293846613654,0.0
2018-02-07,8596.606308011224,6667.003071719889,-13930.835203362567,-1587.631031748947,-134.1973954657387,0.0
2018-02-08,436.6642486321773,27538.839922776104,3259.1770986165925,-1233.7865946365,-133.95680968617611,0.0
2018-02-09,-6061.295108708204,56613.423879065806,9059.473278324607,670.3155400301873,-133.9268738058638,0.0
2018-02-12,4600.991458658428,-26343.191989568102,8627.850556914023,2937.6916753958035,-134.0591842233765,0.0
2018-02-13,-3132.129098966527,-28021.724212610745,-9100.671896940421,389.4738360287661,-134.94862751111802,-8.102578890051518
2018-02-14,14668.83432058027,-4837.728101043387,9304.64919162742,-8873.300153444981,-135.07008495558742,0.0
2018-02-15,-827.0833707212317,-33551.530106231534,1565.7427187294243,2991.908222456226,-134.6884596697322,0.0
2018-02-16,-2343.7709043582677,-28317.395580894845,-18705.14237618482,-415.1447115468737,-134.7187219314282,0.0
2018-02-19,7.388019236513262,79.26493785843336,47.537162903417574,0.6436861976367847,-134.83380619600092,0.0
2018-02-20,3794.9632310914976,-15049.17448371109,-16369.87992762977,-2187.0158891572464,-134.83380619600092,0.0
2018-02-21,7871.019000212771,42977.464811700134,-1056.3717591431073,303.0335189868427,-134.76730803880986,0.0
2018-02-22,-3121.092036048868,1555.5973921604475,-10665.953857853534,2423.9442184455065,-134.5074646117786,0.0
2018-02-23,-5688.728010309445,-32144.883961079515,-7302.0745364302165,5388.679151859297,-134.59797259883766,0.0
2018-02-26,-3467.024476793169,12418.529282283569,3890.0008936628383,-2745.955752587287,-134.76730803880986,0.0
2018-02-27,8072.1141337668805,-24209.8486729754,11691.124097746319,-5338.630097667202,-134.8702206506048,0.0
2018-02-28,-4681.527358025605,-14758.958054228628,10279.642630494263,-689.4720904991244,-134.67054290870368,0.0
2018-03-01,-8976.72145008743,-5611.347116844246,-17764.16204281323,2457.713593734487,-134.80971668710148,0.0
2018-03-02,8055.677713110837,13462.71950227966,537.0032521961523,-1748.5762180842241,-135.082864082965,0.0
2018-03-05,2319.94148801778,19591.45538953862,10976.25889117543,-2772.4628410186597,-134.85215530090463,0.0
2018-03-06,-375.7937934570863,-18560.045920455617,4651.911857331479,4437.133528314734,-134.77332863436817,0.0
2018-03-07,860.9925589266442,8625.741660486701,-1743.491051916527,2381.643979897226,-134.76730803880986,0.0
2018-03-08,-3138.949489489306,-15435.072677395889,-8948.03686685328,-2298.7710074513016,-134.72492933091763,0.0
2018-03-09,4827.342683097186,11272.421129224245,-2501.0121644460473,6575.418962600647,-134.85215530090463,0.0
2018-03-12,-3029.9145443477323,-23538.451613680114,605.3300996507887,-3843.0542722816767,-134.67054290870368,0.0
2018-03-13,-3943.085223312385,-15100.7579468729,667.6940619018409,-1496.3400084266054,-134.79767905747343,0.0
2018-03-14,-3867.305308296596,-35766.59350814567,10093.35004983794,-354.20251987114017,-134.93110311733284,0.0
2018-03-15,2183.8522157696084,-18811.611640878054,-6827.242693422233,3677.480076513512,-135.05877932497256,0.0
2018-03-16,4922.669072319574,6815.329959150156,-635.18456464406,-859.2808767379448,-134.9981394017014,0.0
2018-03-19,399.5250751397548,6179.064941903186,-4693.430386119548,-1750.3011056695755,-134.85852525381537,0.0
2018-03-20,6250.4761268671655,810.3170384221731,2253.0029107932814,921.8900861996539,-134.85852525381537,0.0
2018-03-21,-1167.8490700656364,19370.24987368577,14665.383464131173,-2825.18439467959,-134.6707973609312,0.0
2018-03-22,-8848.644430099068,-26241.87380312401,-8336.54574616489,3596.611957181402,-134.68883067937358,0.0
2018-03-23,-1864.348178201063,8094.891448586268,-7659.611433912173,1524.612956875948,-134.9555806742327,0.0
2018-03-26,5720.492198437371,-18607.881343282304,-10534.280214040356,3732.7724195794444,-135.00415525004476,0.0
2018-03-27,-11028.619624402612,9574.316310738202,8352.208119226272,-7003.934716749916,-134.84650185661098,0.0
2018-03-28,40.41326014770907,-29489.585166431938,1643.00579924326,-2056.535995609511,-135.1867265830048,0.0
2018-03-29,-4973.955893769485,-19214.46555630932,594.3491657348115,3572.0494625813494,-135.217400764442,0.0
2018-03-30,7.7078859083650455,79.36359229260721,47.63104078355561,0.649208536234376,-135.35172752076218,0.0
2018-04-02,-1807.5344753952854,12539.133696187882,2042.0011094509266,-2742.0482841179196,-135.35172752076218,0.0
2018-04-03,8751.198732761823,15924.815038593078,3495.4412371282897,2410.304834401633,-135.40659561201628,0.0
2018-04-04,911.3606867273913,4172.581405534191,122.09807248303045,-5070.908152662482,-135.13201208212968,0.0
2018-04-05,5842.175606750597,15373.474382846369,-2429.196513764157,1534.1182910024045,-135.13201208212968,0.0
2018-04-06,-9401.682059811435,-19827.772785850113,-3466.9346098013825,2664.8903115475237,-134.9495660119253,0.0
2018-04-09,2715.518069127197,-8280.548201180241,-1871.0948922521147,-2339.7930853364105,-135.22341779912702,0.0
2018-04-10,3196.474353541247,-18379.24198905774,946.9777891239887,4523.972701107546,-135.16867547864064,0.0
2018-04-11,-1666.8243115155692,-20678.217869880373,11330.322904456845,1120.0601925675255,-135.06530672616464,0.0
2018-04-12,7668.397985161366,23551.657473187668,-2279.4692814031814,-8610.23402942785,-135.10795580374005,0.0
2018-04-13,-62.40270765705486,-33873.06928251343,-8053.69005581244,2201.3120489079265,-134.92551921690267,0.0
2018-04-16,2295.050544013007,-14366.625736177255,2873.5169582415588,-578.4634826713401,-134.95005528642832,0.0
2018-04-17,-1361.8285858266327,-31512.28935656389,-3248.777023176854,6316.5644823087605,-134.89548737207565,0.0
2018-04-18,7720.565471103231,32400.107960575344,5548.942740314843,-5396.422350531249,-134.92604164452928,0.0
2018-04-19,7117.338020359757,21863.8366479362,597.5365651601261,612.2457850605833,-134.70754796345102,0.0
2018-04-20,5288.578179051427,9237.412246348094,2309.7158837940883,3266.231096256804,-134.4838065133827,0.0
2018-04-23,3929.3806466735846,-14229.21073671542,1016.7537550471662,-545.0398374785907,-134.30295588063743,0.0
2018-04-24,1685.1614290605955,29605.61048102656,-3385.5260411327195,2061.778353265756,-134.20072532539572,0.0
2018-04-25,3375.106788521492,17207.71488030051,-5366.061966208089,4758.566568729243,-134.12258581691987,0.0
2018-04-26,-3429.241407393342,-21448.106048261903,-4189.811663550463,-548.2349062702145,-133.99061833389337,0.0
2018-04-27,-4675.554096263227,-36048.88700857874,2312.8179249879213,-1178.783912014635,-134.11659363101677,0.0
2018-04-30,-1708.7198470211526,-12516.222042678608,1758.2549040363242,2650.2335399560043,-134.2849757819788,0.0
2018-05-01,3556.8201020850747,4687.5620858046805,6014.329566793611,-4164.054698220093,-134.32714560831226,0.0
2018-05-02,-967.174661412933,16581.49315847366,-9411.987863217082,3881.6533396201994,-134.23684468998,0.0
2018-05-03,-3110.4806629937407,-15385.402354389145,-8918.335296829917,-2289.032927015874,-134.24283569597517,0.0
2018-05-04,1251.5517041848432,-10317.163494537464,-6736.8995293326325,5995.507636843958,-134.36934519990007,0.0
2018-05-07,-770.3437466328837,12909.792576524613,9769.10525757867,-1877.1858937651004,-134.31516477592643,0.0
2018-05-08,3560.4508092213823,-7810.795117830796,5878.326547989968,-1484.293166381596,-134.32714560831226,0.0
2018-05-09,5157.142747792419,374.45523374867105,-5491.413113665175,85.96052051694762,-134.23085486358931,0.0
2018-05-10,-3369.982662082477,-29525.07414969225,5322.380299149426,-2086.6296011052355,-134.08665039402737,0.0
2018-05-11,-273.2385215725162,-14079.606670234381,14287.60283626115,199.4552480047234,-134.21289245898578,0.0
2018-05-14,3419.154512099167,17205.53775955905,-5366.5890804422,4768.73766496562,-134.21289245898578,0.0
2018-05-15,10867.1777376914,28838.409572785757,9490.335759247946,556.265587171328,-134.08066528300006,0.0
2018-05-16,1770.5253932757278,4577.274983390056,7837.222914062911,-4159.214504728339,-133.72737389204735,0.0
2018-05-17,2009.157133878913,35603.34443963416,-8086.428545333121,322.0328643951105,-133.68558875417472,0.0
2018-05-18,-6978.024310498956,-21772.429689770812,-503.9799458732154,-610.6174263457173,-134.94862751111802,-22.34738999372712
2018-05-21,1191.105833772455,-19279.132106287787,-14622.319058397412,2838.1584876269726,-135.17218198232973,0.0
2018-05-22,794.3501475494232,-257.14579214956774,-9593.338129195285,-807.4859565011911,-135.15412757077317,0.0
2018-05-23,-9774.190486573323,16180.041769448764,-181.1032955459018,3772.535863375496,-135.1481118022494,0.0
2018-05-24,-4712.775673166201,-10375.80985896889,20052.121496693147,-4961.4616982475845,-135.39648764788546,0.0
2018-05-25,-7836.3058616362005,-11659.888489357556,-14941.23186090678,4269.048048105644,-135.54227751946868,0.0
2018-05-28,7.715725487370219,79.61874887218015,47.78228322481983,0.651038306987034,-135.76779589135717,0.0
2018-05-29,-28817.490141376846,20925.207041440604,5877.821615999099,901.7332875838622,-135.76779589135717,0.0
2018-05-30,13480.539767738783,-34820.83453035154,-8457.198374638101,-67.55823523826136,-134.948627511118,-17.651662107833545
2018-05-31,-1115.0981758653036,2393.8860344742398,16399.467791844643,-7533.625445935421,-134.59139239971458,0.0
2018-06-01,9863.929281846706,-17968.311339365053,-6465.757809955787,4595.598947455481,-134.6457681630028,0.0
2018-06-04,7565.245264411999,-3511.397151208732,-9275.4712339226,5152.05382890159,-134.35007263553447,0.0
2018-06-05,-3318.8358354766037,12388.859521372915,3877.981259078304,-2720.067976026858,-134.1095270285296,0.0
2018-06-06,7969.707866402065,19510.680340740546,-4193.8208604449555,-3459.3186427135743,-134.21166054742136,0.0
2018-06-07,-6201.450682143826,-19235.69637908023,2437.3798657637667,3478.1599937011847,-133.98357967714335,0.0
2018-06-08,7.081532254964249,79.06140866174096,47.3829761623372,0.637664079772978,-134.16358115881533,0.0
2018-06-11,4253.872015478029,710.0887825274375,4094.5043636811306,883.4421218500898,-134.16358115881533,0.0
2018-06-12,849.2945498679143,-20849.85884018793,-150.41823436880233,334.05298604848383,-134.0255325111573,0.0
2018-06-13,4996.281100000698,-29072.703815320783,-3904.865592581481,-1936.807715546025,-134.01352484321427,0.0
2018-06-14,-5468.5050238464855,-32048.210566104568,-7275.6381140370595,5339.234752904671,-133.89965026347429,0.0
2018-06-15,-1944.4952840417106,23308.523082389318,16545.47757360427,-7824.070564832649,-134.06752086549255,0.0
2018-06-18,-538.3038753656924,-6774.687391269093,-12554.266383188542,108.38552633975142,-134.13355903236285,0.0
2018-06-19,-4643.457785861926,-6637.263865744759,727.4875467058422,850.2812072842828,-134.1696295682457,0.0
2018-06-20,5526.18535802966,15329.656241658293,-2420.0514862955583,1515.7176122609733,-134.30802510156244,0.0
2018-06-21,-3504.0183007418163,-13390.874316166859,-13720.392940796262,985.8185396644325,-134.1275581525397,0.0
2018-06-22,7.175911216479788,79.05133475724324,47.38758477824863,0.6390307953343682,-134.25386154730597,0.0
2018-06-25,-3819.0204725081635,-2558.731477521249,801.9673345737423,-4156.509589581045,-134.25386154730597,0.0
2018-06-26,460.6596271105824,15037.744512450196,3127.313573857741,1432.349857137645,-134.39243570006371,0.0
2018-06-27,-6834.011008454683,-34215.388819660526,-638.2908133766658,2067.6600814854805,-134.35621874009314,0.0
2018-06-28,1442.012179985307,-1496.060282268578,12613.483378555658,-2454.5167814045635,-134.57362275369232,0.0
2018-06-29,850.1058222097656,8616.8186273872,-1741.3359739185128,2374.357374679617,-134.5312830710754,0.0
2018-07-02,4196.45564908344,-25103.454506879712,-13529.512909699199,4614.588553076605,-134.48897329596784,0.0
2018-07-03,-5943.627347984895,3766.0461230953983,7517.645306913505,-5130.819806191542,-134.37443306029033,0.0
2018-07-04,7.317855300694452,79.14769709033416,47.46023201584205,0.6418339218374399,-134.56761832870805,0.0
2018-07-05,1833.752488359996,-20450.5984472392,7604.831930149274,1168.4186264789334,-134.56761832870805,0.0
2018-07-06,-3528.9657804847034,7983.002974863219,-5793.28172642261,1486.5436517148926,-134.5132733418951,0.0
2018-07-09,6137.889722637726,-11716.60752366796,2114.356311218793,3603.07034231469,-134.60998794392873,0.0
2018-07-10,2583.740870079688,-8255.11333204529,-1863.8223456984192,-2313.548101773408,-134.41668309557767,0.0
2018-07-11,-3502.0388494957883,-4534.2317441850655,-5924.389465227606,4160.65088955083,-134.3624372049697,0.0
2018-07-12,1264.6469863780862,-14779.621013898548,-4882.21693327001,-1404.635298896352,-134.45296447034153,0.0
2018-07-13,-2657.0003153192174,-453.4082144559681,-5851.886961569963,-858.5434650913643,-134.44097097571253,0.0
2018-07-16,2682.5969520699973,13129.736596369923,6085.607379298255,-1822.7195669188031,-134.53161659065526,0.0
2018-07-17,2495.7545313138153,-12671.968485071364,-11536.707385814376,1907.1036502931845,-134.44696713293078,0.0
2018-07-18,1406.5396309727712,27972.288007127936,11008.029521062086,-414.83670133510134,-134.38670230796282,0.0
2018-07-19,-4404.665814969452,-21922.159418741954,-11942.571050186489,-1379.20207533201,-134.3142208448221,0.0
2018-07-20,6472.980566985243,48893.7799849482,-3936.5334414853373,-1468.6709932632034,-134.4832807508201,0.0
2018-07-23,10253.661814751254,22038.116709295344,-3099.2293803103053,664.6472046480511,-134.27203044925017,0.0
2018-07-24,-1557.0889219687424,-8101.2272956586485,11405.78049284719,-1559.2220898297644,-133.95355735786083,0.0
2018-07-25,-530.7332851589977,-31754.287305853442,-12813.668108741558,5435.185929007596,-134.00153123954738,0.0
2018-07-26,6335.4500946611415,6885.936148055108,-2477.3530052887304,-819.9048852329172,-134.02557253194055,0.0
2018-07-27,-2940.753233046533,5955.597589156227,-981.8454689277289,-1783.2499754371547,-133.8397417496633,0.0
2018-07-30,1743.5495606913023,21511.22592415302,6128.945003943905,520.407503667314,-133.93559011016225,0.0
2018-07-31,-1618.2547561722022,-29427.58061446078,3475.992132716555,-2048.1775441445984,-133.85770192992229,0.0
2018-08-01,4602.557144544719,36198.378518296944,-2216.9665439634673,1176.0533545772187,-133.93559011016225,0.0
2018-08-02,-2547.8338291945074,-452.20560552582305,-5832.493701536336,-850.5526425347522,-133.7679561753475,0.0
2018-08-03,-4959.912214076308,-216.42394972613488,5579.151177455669,-84.11371277992114,-133.85770192992229,0.0
2018-08-06,-1381.7666779393462,-10843.06478001169,-12616.030406173897,5101.421677174116,-134.00153123954738,0.0
2018-08-07,6704.19469969161,472.9948604445226,-7335.101748483778,113.9186743662644,-134.03755187523313,0.0
2018-08-08,-1353.433372586213,-2789.1362701503363,-10612.45978212777,-4904.634148510273,-133.84572729886514,0.0
2018-08-09,-5745.226507211563,117.97090944049704,15152.738777251332,712.5971735249162,-133.92960338351114,0.0
2018-08-10,-8085.468357707067,-15681.51384334866,-3377.665299902429,-2366.0310112148854,-134.07959360824668,0.0
2018-08-13,1228.0306834684595,14693.357573339421,-6467.881036295438,631.487762421129,-134.35044607042198,0.0
2018-08-14,2574.5044092737435,-8249.935506148338,-1862.559202836644,-2310.9211269569682,-134.30822586749264,0.0
2018-08-15,-5188.7585117194885,-4629.97460901971,-4072.913265581078,4127.517346768395,-134.2540490557047,0.0
2018-08-16,2208.302447535105,-14339.94977323354,2866.342227787919,-573.6856009585647,-134.39269610570932,0.0
2018-08-17,-762.6045831463407,12920.701054294203,9775.515125396107,-1875.2105530941872,-134.33845965420602,0.0
2018-08-20,-6611.717059185858,-20015.059870523593,-14898.385161031774,1870.7637512716722,-134.35044607042198,0.0
2018-08-21,3652.1671237120827,1045.8083756573426,13702.94902668508,1693.7838887036282,-134.5679900486577,0.0
2018-08-22,-3606.682655099114,-887.1483677966243,-13599.413817044575,-1689.3095205299442,-134.43497599838307,0.0
2018-08-23,605.1110694213413,-22547.68037483936,14260.260821093732,-2148.819088378063,-134.5679900486577,0.0
2018-08-24,788.0744856598333,-12773.593850103398,-9691.242989685546,1882.3765516458366,-134.56199507132823,0.0
2018-08-27,5114.733433287369,-4042.306568866995,-15177.463267449875,4317.29723155395,-134.55000865511226,0.0
2018-08-28,4016.071237700067,19635.742065644576,9095.73903760076,-2731.6900748051407,-134.39903089497278,0.0
2018-08-29,569.0633348034412,-5570.503784886781,12513.13147992669,2568.3093959396283,-134.27228076408232,0.0
2018-08-30,-4723.566338300994,5865.376148558811,863.260293412098,-1821.8388036858742,-134.2300903685104,0.0
2018-08-31,-485.49470373232987,27100.10693935704,-4483.1636961132035,-2075.453123525407,-134.3747182499976,0.0
2018-09-03,7.292662819269799,79.05213040623147,47.40109870785483,0.6408103746067705,-134.38670230796282,0.0
2018-09-04,7244.949907830098,6560.822710958404,-12076.372038958498,-1625.7661679247374,-134.38670230796282,0.0
2018-09-05,-94.47718713120624,8165.792765223311,-9475.343487134776,1538.2218267023957,-134.1939176597204,0.0
2018-09-06,-2907.0863491591817,-2123.1645762498524,8539.165475585949,-3329.7938084842867,-134.1939176597204,0.0
2018-09-07,10244.219997189419,-11833.321271578214,-11174.64641444817,2846.7343648847163,-134.29024801178093,0.0
2018-09-10,490.14647898673536,-26896.04317761385,4568.703491721084,2066.6479126576387,-133.99564478441073,0.0
2018-09-11,6364.183657030232,6881.653834660823,-2476.0275771024885,-820.1138912195939,-133.98368192328869,0.0
2018-09-12,-1934.7797103688704,-1686.540789913259,16240.411951336937,-2489.6927263004686,-133.79787584829697,0.0
2018-09-13,758.8949752671016,-12732.87804016953,-9654.654112733326,1865.2606949288438,-133.85175490538748,0.0
2018-09-14,3823.550617183224,-1725.8040675533991,1150.0093440586886,-3202.9986675387204,-133.83979909892898,0.0
2018-09-17,-463.6296971129364,2079.2752052827464,-4738.797146831182,3256.8956697112662,-133.74403104989264,0.0
2018-09-18,8764.750028172934,27942.643145562346,-5959.371053007322,-1094.2474272182458,-133.74403104989264,0.0
2018-09-19,3535.981953054295,21733.11069545305,4311.145452483889,554.7105265201375,-134.948627511118,-23.525127827801043
2018-09-20,-1217.1629260140212,-14586.730666782316,6585.852838215206,-632.3818899446502,-134.82191308483075,0.0
2018-09-21,-861.968103511137,-4015.8446767216406,-26.926491400007546,5039.603393106214,-134.8641214734298,0.0
2018-09-24,2112.007785959109,-6267.255295351181,-6690.627064771644,970.8982693558464,-134.8641214734298,0.0
2018-09-25,3150.0644374964104,11150.871530164395,10919.855737239539,-5115.4926879202085,-134.8099017593732,0.0
2018-09-26,-4793.136582510452,-28096.726705461184,-7236.864307692099,359.75354988970184,-134.7255741182615,0.0
2018-09-27,7.341483130815216,79.33572981668539,47.57368172694415,0.6434536073227989,-134.89434828176752,0.0
2018-09-28,-2209.8148704354326,14548.787170368983,-2781.4111409649145,577.3597699326604,-134.89434828176752,0.0
2018-10-01,5160.795615169645,29957.796545846846,-7115.4878812800725,2131.8443477749597,-134.948627511118,0.0
2018-10-02,-4321.292780117962,-30116.437180077522,-2420.115681827676,-2928.7126391198394,-134.77372816368236,0.0
2018-10-03,13597.539253121739,50225.820675290015,6034.974854590656,280.279723404519,-134.9426212582548,0.0
2018-10-04,5871.920100581371,21459.109965868312,-7162.149839164209,-220.84340790074117,-134.50326721202114,0.0
2018-10-05,4962.495456810421,29885.277075214177,-7093.839709124216,2113.3595355008156,-134.32355707471496,0.0
2018-10-08,6.98839422336451,79.11886408337473,47.40642863403452,0.6366338800594977,-134.15032082083323,0.0
2018-10-09,-2904.4648811955344,-19066.084200962152,-1256.918179517133,3537.7515846573,-134.15032082083323,0.0
2018-10-10,1188.5921819056402,14710.407238853375,-6471.6996648456025,628.5973569863363,-134.23388056189037,0.0
2018-10-11,-9552.38205854915,-32786.80921956034,190.9932234520974,-7077.669152193274,-134.19208600414984,0.0
2018-10-12,460.37345744587054,2525.4476966146763,2995.863905355474,4108.687245726336,-134.54526807960204,0.0
2018-10-15,1684.1685559035516,12714.969706623535,-1668.1532939422423,-2645.5455153363196,-134.50326721202114,0.0
2018-10-16,488.247314634703,-27002.170290313625,4586.1267496872315,2072.0463299105113,-134.46129589124442,0.0
2018-10-17,4187.3655749776435,8820.609527797631,-5444.672074196423,2423.9729198926743,-134.44929400306066,0.0
2018-10-18,-1736.7738300532608,16157.489150566758,-5643.923420694402,-8524.864584168829,-134.31155990151387,0.0
2018-10-19,4930.975843880804,-16578.787331139127,-15323.232854699798,6965.646922013601,-134.40735220439126,0.0
2018-10-22,7.07299127354654,79.12266343089058,47.41811994010096,0.6379449521607347,-134.2517195966988,0.0
2018-10-23,-4708.443291415632,13976.92146629521,-8671.738041899356,-282.4399436843465,-134.2517195966988,0.0
2018-10-24,-9839.990741593921,4813.253012435943,-10943.018638804931,-3532.9267114789777,-134.39535503119018,0.0
2018-10-25,5300.492857102866,1147.0681521118177,11875.413021295846,1720.7874869296547,-134.71957022563035,0.0
2018-10-26,-9082.691315840235,13363.315309581645,-12741.790711854946,-1169.843257899748,-134.53926654598476,0.0
2018-10-29,389.2933725056925,6187.825071775081,-4697.853457194644,-1744.4430740012967,-134.82191308483075,0.0
2018-10-30,5605.776155247117,2825.333264303843,-2564.775435217994,4209.466159193588,-134.82191308483075,0.0
2018-10-31,5572.102124429931,-1636.2784623988512,-696.7421183284956,-3196.5754739787803,-134.63536126703798,0.0
2018-11-01,-2909.4608281751493,14861.659212579983,6834.611452110265,1374.7247514021906,-134.4912653238374,0.0
2018-11-02,13105.201159877752,7308.006147344193,-9896.873071783677,-709.4685225141844,-134.55127079257323,0.0
2018-11-05,-2452.2758306054025,-21071.849613446935,3546.9253384043086,277.78139048408315,-134.17409554611768,0.0
2018-11-06,2588.322019095786,-11909.810048372903,5811.127840598376,3522.14247092058,-134.25771406058018,0.0
2018-11-07,2058.9756434365913,-23213.886557514208,-4941.268653077812,-3725.6432845892978,-134.16210779558045,0.0
2018-11-08,2580.6596172970458,-11901.322904499513,5806.769189600947,3518.299442774157,-134.1441349959231,0.0
2018-11-09,-6660.661331620737,3330.6072312453584,-229.57559140893457,-5924.785425513406,-134.0486579932974,0.0
2018-11-12,7.104303169355097,79.1192685169728,47.419617863381916,0.6383980308788186,-134.28158758058856,0.0
2018-11-13,-8440.84261335803,7686.484264575699,-242.21653736295264,1394.3568779799698,-134.28158758058856,0.0
2018-11-14,-4333.071955233096,16437.29694224633,-5735.8662356235845,3825.1535552779765,-134.5212690182172,0.0
2018-11-15,-550.7683664138759,5746.965812136905,-12456.314404893463,-2570.8787563006076,-134.6233570204495,0.0
2018-11-16,-6348.533842496919,14673.21671641907,10546.636390527096,1321.1983740737187,-134.66544667683843,0.0
2018-11-19,-3520.7001103752136,8003.732851315284,-5807.833206032422,1489.1332629564376,-134.82191308483075,0.0
2018-11-20,110.44059593412342,-8046.642383931051,9617.913622021388,-1546.7934583694855,-134.9183756549782,0.0
2018-11-21,1269.2410149492343,-14830.616156770991,-4899.077681238454,-1409.526091747216,-134.9183756549782,0.0
2018-11-22,7.332206535365444,79.34980575001822,47.58094031999202,0.6434070018494462,-134.90635960722506,0.0
2018-11-23,-943.505279370626,-355.9661281567265,-7727.746592119955,-832.953694294166,-134.90635960722506,0.0
2018-11-26,3467.7438648795364,-12280.91371852427,-3801.0451334835634,2749.163614639627,-134.948627511118,0.0
2018-11-27,-1329.9553078248769,6088.049231643186,-2842.768713058883,-1774.3098418837124,-134.84610625534108,0.0
2018-11-28,-976.3288333526356,29216.216761893513,-9321.127231305154,1211.238285214279,-134.89434828176752,0.0
2018-11-29,-2741.931901953579,-9351.162476703754,-13709.536565276105,-4047.696857104991,-134.90635960722506,0.0
2018-11-30,-2974.619147104456,-14695.666668877653,8448.646533406752,-663.0360734585992,-135.03325272893224,0.0
2018-12-03,-1886.227515406894,-42958.20360078557,-14059.013223543276,-1024.2717927408914,-135.1240047600059,0.0
2018-12-04,-10848.460811186866,-56935.13246689448,26991.68809655165,677.9389168182887,-135.2333271724865,0.0
2018-12-05,7.663327961004498,79.51898659699972,47.71763769995968,0.6495732031518566,-135.5495254611157,0.0
2018-12-06,-6798.2642322692,18389.211087479078,2867.8385979317704,-4594.206420382536,-135.5495254611157,0.0
2018-12-07,-4766.432608821122,24668.175379196127,-15378.091053572425,5455.763087049947,-135.7506313181962,0.0
2018-12-10,117.05464490373211,-8074.707728316893,9660.786001068367,-1567.2785323483686,-135.85438530684203,0.0
2018-12-11,6497.859471630933,-36993.27003286377,1854.603617494726,9107.188033838636,-135.85438530684203,0.0
2018-12-12,2404.287485354672,19667.42870866753,11025.049222126301,-2798.995116952463,-135.6470089621281,0.0
2018-12-13,-1418.243590497782,23166.67792423712,-4589.5655648501215,2986.495292508479,-135.56755484791984,0.0
2018-12-14,-3583.365610758399,-118.96914317295634,3771.112257768406,-57.04602632104579,-135.57958034758568,0.0
2018-12-17,-5914.474228458764,1802.182890322975,795.8373120563612,3243.8572390731683,-135.67707566806925,0.0
2018-12-18,-7667.386437815395,6152.502309139657,12410.50220696932,-1069.1152406366637,-135.82355406342268,0.0
2018-12-19,-7696.59660790387,-36173.46677632222,13891.0428276074,-416.56315517884497,-136.02532428798418,0.0
2018-12-20,4731.4614091813455,-14631.954635677299,-8611.224864911157,-1353.333281081786,-134.948627511118,-13.718857190604467
2018-12-21,-1646.8900233980091,33973.0257918088,10008.978106461574,-2219.878064450916,-134.83956825657216,0.0
2018-12-24,-9462.024132626708,33153.86993481149,9659.37039344295,-3166.8574580643067,-134.86361825851685,0.0
2018-12-25,7.3846022476507684,79.44950281127089,47.645547210894414,0.6448716409057332,-135.12452391072176,0.0
2018-12-26,12359.886254170779,-2923.7892891483575,6340.992005149289,-5596.721483428393,-135.12452391072176,0.0
2018-12-27,-7503.775245737197,30496.4124871903,-16345.957732378316,3579.5070692957834,-134.7907612393969,0.0
2018-12-28,-6186.79337208049,15575.843322372917,-9732.000229131801,-9487.71523483297,-134.99076058977178,0.0
2018-12-31,-6210.731761361951,16397.181163948284,-3899.8629543638267,3828.204683929397,-135.2279127498337,0.0
2019-01-01,7.464519526180071,79.55328699536443,47.715637763157275,0.6467819194633075,-135.38022620416504,0.0
2019-01-02,-3566.5739926184433,-46804.40633096153,-4501.13741664919,4851.462752410626,-135.38022620416504,0.0
2019-01-03,-17141.30778347647,40227.57806550124,-9923.454766655323,-3398.774313001617,-135.496628195124,0.0
2019-01-04,18447.50293211662,-31558.708869753165,8241.953876534208,5833.583441823271,-135.99322702828294,0.0
2019-01-07,5020.3537053885775,-13895.220068849998,8823.536688471966,288.0366195106453,-135.4537762257783,0.0
2019-01-08,6270.958664019662,-28822.69360455108,3859.469084295109,-1129.501761914099,-135.30731674956493,0.0
2019-01-09,364.44249871866606,35807.153341107434,-6302.678596058767,298.33516366494865,-135.1490963554748,0.0
2019-01-10,677.9948159965056,20448.061801709282,-19040.002035291047,-1950.9360822552317,-135.1185001594934,0.0
2019-01-11,-4524.338477750432,-4991.848231949577,-13739.52009775829,3354.7867890081934,-135.1185001594934,0.0
2019-01-14,495.63617599693737,23216.79842954709,5152.388970601994,-8709.94412325073,-135.2525349164274,0.0
2019-01-15,1257.9436498614275,14776.5933611929,-6506.591661119132,637.1004771555779,-135.26458597694335,0.0
2019-01-16,1365.969840837897,-18519.98544688584,2807.768602148671,4481.7393270891835,-135.2218854399324,0.0
2019-01-17,3305.5560862775715,-9538.57546212602,20389.266211305825,-3991.212912553083,-135.16716405263278,0.0
2019-01-18,6939.739219641141,-24663.24524816316,-7656.63058591027,5503.349061652337,-135.0758901771192,0.0
2019-01-21,7.305037416794437,79.34597859701321,47.575649241785456,0.6429684613116111,-134.86963371690467,0.0
2019-01-22,-7424.119397091778,5357.900393865427,-5051.766227576981,-2692.746665656503,-134.86963371690467,0.0
2019-01-23,2314.0981438455187,7067.119814378617,10863.303556805715,-79.66542545405082,-135.10645621356377,0.0
2019-01-24,-5741.717273667346,-7104.532787918819,-7049.915079028487,23.630548486695524,-135.02126638304514,0.0
2019-01-25,6216.515975117036,-11761.851715394507,2122.8478823783075,3622.5836071115773,-135.2038106281881,0.0
2019-01-28,-947.4629122448467,-356.1578454731388,-7732.395084245369,-833.9296960261559,-135.00922717710654,0.0
2019-01-29,-5203.194528119641,12347.272672075202,5755.685034089037,-2779.7375336851073,-135.05180702525098,0.0
2019-01-30,-4692.255832460378,45337.756147366264,-24789.960878538997,4264.390267837829,-135.2038106281881,0.0
2019-01-31,-11769.642429914282,-2633.5524163865625,17900.54439624754,-3510.8533713389374,-135.31334405946623,0.0
2019-02-01,11798.737746711546,-19644.039309231306,6146.90430418467,2167.146415235553,-135.65553261988498,0.0
2019-02-04,3981.7705782882413,15315.356646786386,-574.7942241148112,1503.7541121150855,-135.31334405946623,0.0
2019-02-05,-3074.6044980409283,-19151.77968917609,-1263.6872863568897,3585.57047084574,-135.17921511314873,0.0
2019-02-06,-1351.5448773370865,6101.731234268292,-2849.841495423498,-1782.5922774791686,-135.26458597694335,0.0
2019-02-07,-7086.107522182142,3350.670704630521,-231.17826998324222,-6017.86703563924,-135.31334405946623,0.0
2019-02-08,-4339.108110377546,218.32354492163847,13437.830435865724,754.3660045668095,-135.55157345777866,0.0
2019-02-11,4876.704095489352,-2080.9405674089453,-8508.50388004251,-4078.53654507185,-135.65553261988498,0.0
2019-02-12,4035.782069193451,2735.5837943719484,-712.6219272963754,4219.0494900980675,-135.55157345777866,0.0
2019-02-13,5398.231021177086,-7767.746833083566,4061.1038237680973,-1469.8831672993144,-135.41095459380557,0.0
2019-02-14,-7170.264793064425,-1090.309822319978,-9956.723183561773,-1759.5361031492976,-135.26458597694335,0.0
2019-02-15,911.8201069149887,-20996.725189478664,-151.64377656011737,340.136041255404,-135.496628195124,0.0
2019-02-18,7.550845459438994,79.55771083836521,47.727890264946794,0.6481234517468177,-135.48457001449776,0.0
2019-02-19,-2668.632603154655,8463.333846634885,1971.4106151125402,2341.6719573259006,-135.48457001449776,0.0
2019-02-20,404.05934925174813,6207.671923965787,-4715.714014340774,-1760.4777483494167,-135.53951052734064,0.0
2019-02-21,7114.404220283401,13070.246872029024,-7263.216499957282,-2595.002321510519,-135.53951052734064,0.0
2019-02-22,-7035.048194898487,12265.873284354822,7625.420877073051,-2818.495519417436,-135.35007778319948,0.0
2019-02-25,3059.8141355044763,-10296.799597805451,-8652.921540498162,6089.598274738059,-135.55157345777866,0.0
2019-02-26,-4902.472271492089,5907.635178924893,869.9327754238145,-1844.5873141676097,-135.44774654189274,0.0
2019-02-27,7601.906369096723,28129.49620846959,-4163.772039208063,-1145.430569285717,-135.594486178393,0.0
2019-02-28,4961.727656714453,3169.9540749457287,7084.168457787613,5046.554354259425,-135.36816327372702,0.0
2019-03-01,6098.922448369359,4479.532689988982,-5454.515212078925,-4969.726832827444,-135.18524242305003,0.0
2019-03-04,-4850.7432537818,-28144.57808882485,-7250.461902582777,361.0035186027113,-135.0393340802031,0.0
2019-03-05,-382.0116782644767,-6040.028921268368,4803.063135921943,1754.1872979903137,-135.20983437941646,0.0
2019-03-06,-5335.24862799968,7918.992042224491,-3961.1880187560414,1467.6680676367105,-135.20983437941646,0.0
2019-03-07,-8001.086258247192,11830.685659753222,-168.95359681167926,-3656.4845231674094,-135.35610509310078,0.0
2019-03-08,-3948.7259437796024,-6249.622906730701,8538.78582229153,1705.075786275319,-135.60051942556032,0.0
2019-03-11,3982.6907695109685,6411.751279891704,-8447.718966557248,-1705.8467312660098,-135.6985061939613,0.0
2019-03-12,-4930.759305827882,-6686.393053510977,733.5389991340709,864.4398528522083,-135.60051942556032,0.0
2019-03-13,1315.1539148358504,10325.684485572145,-4646.206377477016,-6858.890512697827,-135.74151023314988,0.0
2019-03-14,2683.2551726420975,8772.598219760808,-3618.0543783193493,2435.23771168182,-135.74151023314988,0.0
2019-03-15,-5425.799079377936,3455.034271751417,-2094.8691419403617,-6014.8476450507505,-135.64949699565972,0.0
2019-03-18,1921.350691847446,-20592.76107404615,7663.044915977028,1184.8044497934422,-135.83968462510364,0.0
2019-03-19,1297.44432157791,2201.6946710125585,-6661.287861693235,3360.5412206509395,-135.78454476307232,0.0
2019-03-20,-11457.14067765748,13335.765311149778,-10958.886431974654,-1216.6605720873258,-135.7354746089246,0.0
2019-03-21,-395.5274222885136,-18686.789625163623,4687.366708074916,4502.768521523948,-136.0735896479459,0.0
2019-03-22,-17441.988620973683,11369.04281964685,9166.186218924457,-3835.449145659918,-136.06754807568888,0.0
2019-03-25,-4255.732400387892,29799.051134047688,11797.240076334423,2794.3898175173777,-134.948627511118,-19.49094682742725
2019-03-26,-3552.6138127220934,8011.652450656344,-5814.382892689746,1492.679228003356,-135.02163644989565,0.0
2019-03-27,-2870.428098971024,-10269.66101242213,18172.782078476263,-4910.319155643168,-135.11949688135653,0.0
2019-03-28,609.4590133888555,-22653.007116249508,14327.497116093275,-2159.7990363952913,-135.21748409111612,0.0
2019-03-29,4001.2565413450307,-26891.530096139253,886.2647848830687,2149.8391564009594,-135.21144480469684,0.0
2019-04-01,13143.332282576443,13776.772973893276,-5035.323473007249,-1659.345548601871,-135.1013897388993,0.0
2019-04-02,-3428.5789078482157,16889.784202880266,2025.6152025816848,4665.426469922622,-134.72278635963045,0.0
2019-04-03,6828.041292446471,13027.76529568164,-7234.851900482968,-2569.548120293894,-134.78356842963615,0.0
2019-04-04,-823.2419045636524,-8470.877178176648,1838.4169014942395,-2369.9140680849287,-134.59487904130705,0.0
2019-04-05,-542.4267702532503,-19339.647888432613,-12731.847822501564,2788.3011371984676,-134.63748455755223,0.0
2019-04-08,3026.24291069115,6716.811500074091,1218.5628534331922,-881.7622613301774,-134.6680691069537,0.0
2019-04-09,-2162.9722631870054,1991.9530125256924,-2913.506667725968,3252.751459537318,-134.57680400023767,0.0
2019-04-10,-5083.488494746903,12324.386577758634,5742.906857011164,-2764.3470389997856,-134.6254333426687,0.0
2019-04-11,5893.980519663829,40.04387517674877,-15141.775053007705,-717.2398590365976,-134.7775386633674,0.0
2019-04-12,8688.982892161835,-15656.25526337603,9892.866537322067,-2940.543831644712,-134.6254333426687,0.0
2019-04-15,-1290.6165758973377,-6451.203512245101,-2972.375150622982,908.1765881262672,-134.3826004703134,0.0
2019-04-16,5669.643353880761,16119.27714203534,14938.813853141946,3144.4808825708146,-134.4250852485714,0.0
2019-04-17,-1278.752759421666,6072.592218119561,-2833.79229178143,-1758.761937526355,-134.20694442110545,0.0
2019-04-18,-3681.127540350979,-6211.9057986636035,8477.915440621606,1676.1160861043386,-134.25532676070716,0.0
2019-04-19,7.0949727748673945,79.17009027193079,47.44852515064306,0.6385969611713517,-134.35218515861254,0.0
2019-04-22,2491.1394646278086,21246.61951028274,-3455.3388978164844,-277.15277612775714,-134.35218515861254,0.0
2019-04-23,-3405.9973394218555,7985.591114615039,-5791.654828901921,1477.9780665094124,-134.26736610619116,0.0
2019-04-24,-6653.725461419461,-316.01585090211097,7450.529421218146,-112.81464917268023,-134.3642292500121,0.0
2019-04-25,1313.9024138277568,-5924.76097598628,2934.4715565814436,1767.4272352822427,-134.5583311369755,0.0
2019-04-26,-5881.977533582303,20770.461483845935,5802.559723391147,-419.71530391351814,-134.5097586511989,0.0
2019-04-29,5067.786074454307,12925.785964375793,-5377.910889771463,-2592.850323611096,-134.66763339043416,0.0
2019-04-30,-5489.947686746932,1794.687058934097,791.5608505554494,3191.0163927276208,-134.5278443844164,0.0
2019-05-01,3035.751264289795,-35393.60748143407,2676.064279149353,-238.02787543445655,-134.6736667244461,0.0
2019-05-02,5068.902411515438,-12168.546451797825,-5648.555422089078,2763.4397824956854,-134.6069350082558,0.0
2019-05-03,-2044.545484316631,6415.713802672037,6772.229439581367,-964.1162005264406,-134.4551925116408,0.0
2019-05-06,-4274.040203906706,-553.1975814075876,-4009.0549451383686,-885.0085597620133,-134.5097586511989,0.0
2019-05-07,-8142.574795452915,-15745.35503667619,-3391.5866243615383,-2376.8683344417605,-134.64954052450096,0.0
2019-05-08,5241.824295082613,9275.020771460935,2318.600559056539,3272.1603892796443,-134.92390258890183,0.0
2019-05-09,-5556.005771322839,9884.654319996578,2795.620087176167,-6885.034665643148,-134.74087209284792,0.0
2019-05-10,2183.052821777629,15191.434645274921,1282.682646616516,1467.793899759098,-134.93597044679092,0.0
2019-05-13,-12428.383238557231,13959.69199200811,8352.100003137148,405.24241670207067,-134.8504260484892,0.0
2019-05-14,3865.211665317676,6399.298505824146,-8427.170953727902,-1694.1672029611595,-135.19868297519898,0.0
2019-05-15,-7853.353409367676,-753.038712094243,-305.580470992628,-948.7211173015778,-135.10074726497416,0.0
2019-05-16,5258.607532494625,-12209.927348363763,-5671.006340196448,2788.842531562697,-135.33977688889703,0.0
2019-05-17,-1726.5224380606278,-12597.225339857163,1769.753901524089,2669.2010976250863,-135.18659605973116,0.0
2019-05-20,3698.401608996963,-3421.3149642034787,15641.39735207772,-5746.817855621024,-135.22956623848302,0.0
2019-05-21,4258.257613577697,-25208.403502840276,-13588.51763877518,4642.2673379537955,-135.13761474092132,0.0
2019-05-22,-5745.434624599712,5461.085892550768,-6913.203752891536,-2668.9453950144502,-135.02163644989565,0.0
2019-05-23,-14752.025066983035,24774.838881818323,24840.148334716854,-4819.410541079976,-135.21144480469684,0.0
2019-05-24,2588.2277051973924,-25362.774461883568,-11760.29474164504,4642.054318838898,-135.6228061179214,0.0
2019-05-27,7.5565470312941265,79.5980599555916,47.75230548650865,0.6484806078616163,-135.55539308125594,0.0
2019-05-28,-9451.854275005484,-7320.290993369965,-3345.307979358605,-33.818041598526904,-135.55539308125594,0.0
2019-05-29,-2608.1444819066,12928.864444999253,11729.75554709777,-1934.829138032345,-135.83934478113733,0.0
2019-05-30,-5301.275573714476,-8381.663314922123,15266.447668398,-1652.5725499984908,-135.90090589688327,0.0
2019-05-31,-16392.70993422197,28921.36268522781,15248.67891673359,1812.6801546618833,-136.0494639925145,0.0
2019-06-03,-15122.33031145415,56336.245610588754,18383.912551561552,537.1207768145674,-134.94862751111802,-19.80908005056699
2019-06-04,0.0,0.0,-0.0,-0.0,0.0,-3119.2999768973636
2019-06-05,-0.0,0.0,-0.0,-0.0,0.0,0.0
2019-06-06,0.0,-0.0,-0.0,-0.0,0.0,0.0
2019-06-07,-0.0,-0.0,0.0,0.0,0.0,0.0
2019-06-10,0.0,0.0,-0.0,0.0,0.0,0.0
2019-06-11,0.0,-0.0,-0.0,-0.0,0.0,0.0
2019-06-12,-0.0,0.0,-0.0,0.0,0.0,0.0
2019-06-13,-0.0,0.0,0.0,-0.0,0.0,0.0
2019-06-14,-0.0,-0.0,0.0,-0.0,0.0,0.0
2019-06-17,0.0,-0.0,-0.0,0.0,0.0,0.0
2019-06-18,-0.0,-0.0,-0.0,-0.0,0.0,0.0
2019-06-19,-0.0,0.0,0.0,-0.0,0.0,0.0
2019-06-20,-0.0,0.0,-0.0,0.0,0.0,0.0
2019-06-21,0.0,0.0,-0.0,-0.0,0.0,0.0
2019-06-24,8249.017987862704,-5695.240024282227,-4579.497645728805,1890.7710546369926,134.948627511118,-3111.664180001602
2019-06-25,3097.9354330308247,6573.50291887481,1126.6305502226785,-889.0760580154446,135.19514177409164,0.0
2019-06-26,-9803.305845894274,16037.374401989118,-276.63705676250885,3775.3334657388586,135.28791108533787,0.0
2019-06-27,6945.242053833047,12878.601075162615,-7337.693896598048,-2580.940271019979,135.03502773310083,0.0
2019-06-28,69.29741354478237,8827.739994912803,7801.9753725525525,3199.6888299940706,135.22636448263643,0.0
2019-07-01,-5298.589049543233,-376.8537035916978,5528.577061791132,-86.82440341603133,135.26367818562852,0.0
2019-07-02,6284.180054573186,22119.06763259342,10143.656272500324,1419.895856618485,135.11549859089072,0.0
2019-07-03,-0.0,-0.0,0.0,0.0,0.0,-3111.664180001602
2019-07-04,0.0,0.0,0.0,0.0,0.0,0.0
2019-07-05,0.0,-0.0,-0.0,-0.0,0.0,0.0
2019-07-08,0.0,-0.0,0.0,0.0,0.0,0.0
2019-07-09,0.0,-0.0,-0.0,0.0,0.0,0.0
2019-07-10,-0.0,0.0,0.0,0.0,0.0,0.0
2019-07-11,0.0,0.0,-0.0,-0.0,0.0,0.0
2019-07-12,-0.0,0.0,-0.0,0.0,0.0,0.0
2019-07-15,-0.0,-0.0,0.0,-0.0,0.0,0.0
2019-07-16,0.0,-0.0,0.0,0.0,0.0,0.0
2019-07-17,-0.0,-0.0,0.0,-0.0,0.0,0.0
2019-07-18,-0.0,0.0,0.0,0.0,0.0,0.0
2019-07-19,0.0,-0.0,-0.0,-0.0,0.0,0.0
2019-07-22,0.0,0.0,-0.0,-0.0,0.0,0.0
2019-07-23,0.0,0.0,-0.0,0.0,0.0,0.0
2019-07-24,-0.0,-0.0,0.0,-0.0,0.0,0.0
2019-07-25,0.0,-0.0,-0.0,0.0,0.0,0.0
2019-07-26,-0.0,-0.0,0.0,0.0,0.0,0.0
2019-07-29,-0.0,0.0,-0.0,-0.0,0.0,0.0
2019-07-30,-0.0,-0.0,0.0,0.0,0.0,0.0
2019-07-31,-0.0,-0.0,-0.0,-0.0,0.0,0.0
2019-08-01,-23089.48281651032,51072.14182502115,8323.825171335327,3828.464447664772,-134.94862751111802,-3114.051524285962
2019-08-02,-5285.746793531758,-29891.488722848666,7236.022141416115,-2146.054585743301,-135.56635765101228,0.0
2019-08-05,-19753.757802496788,24197.185388015765,20827.21351434987,-5752.81299688574,-135.74702387952217,0.0
2019-08-06,-3438.4826381530556,-37793.62275153721,3349.6289486104456,8017.425068590887,-134.94862751111802,-16.963128198731283
2019-08-07,-2977.001096308673,-14694.462964682964,8448.084014839416,-663.0838459860946,-135.02955220447333,0.0
2019-08-08,3821.177046325859,-2510.4158390350813,-16263.762154228592,-4891.6034577417895,-135.1227236335629,0.0
2019-08-09,3214.3189228382216,-1401.1407381332326,10794.640137118877,-2438.654353585444,-135.06097351912243,0.0
2019-08-12,-14741.876133222957,-46938.52644061682,16277.552981331151,5467.557707385254,-134.96786813045344,0.0
2019-08-13,9082.33851652841,-54236.2340402236,3672.409179281215,-8240.631275525528,-135.3908683129904,0.0
2019-08-14,-15238.800132157196,-31647.283598109963,40611.20575888641,-3978.6774486116833,-135.21122238472066,0.0
2019-08-15,-14132.073681449981,35061.1337514624,8579.285531038413,69.56987050716087,-135.6540819572642,0.0
2019-08-16,2557.8463053293513,25762.48276307527,-5334.021144218275,7148.640703324812,-134.94862751111802,-9.811640673593502
2019-08-19,9331.904745128253,12791.050160712955,-18717.732663653565,-3346.6051802794227,-134.8177506955348,0.0
2019-08-20,-7308.029447807802,-7188.163673578568,-5179.981748227849,-4.952344619500386,-134.56993111889514,0.0
2019-08-21,7739.4756410620685,-20532.592117258893,-7569.636169677156,451.4297023912069,-134.8056200509538,0.0
2019-08-22,6249.761373613871,-6396.415496540539,-19998.704145480242,222.83621930764386,-134.5951928824278,0.0
2019-08-23,-16503.940616316653,5186.835471974828,13819.133742012913,-2021.3692859345913,-134.43470308063223,0.0
2019-08-26,4350.614101037936,-8182.421060917407,-3725.6579241953586,-2296.4817938843444,-134.9304333467152,0.0
2019-08-27,-6854.101533659456,-42421.72083533307,8922.465891556845,531.5871043139157,-134.82496742728915,0.0
2019-08-28,-4772.413151784471,2232.300824624207,8571.38886694953,4054.6923625025165,-135.04946932738284,0.0
2019-08-29,5280.485246230435,376.6173540303793,-5524.838391777119,86.72723785524195,-135.15525325170248,0.0
2019-08-30,-2053.871728386101,15322.505207696862,14627.160991936187,2220.676771145674,-135.00571807709645,0.0
2019-09-02,7.409910217919471,79.36858928898032,47.60069175129487,0.6447137749906271,-135.02390503318526,0.0
2019-09-03,-4932.727993888918,14020.363967545878,-8705.126436936744,-285.4367319376048,-135.02390503318526,0.0
2019-09-04,-2279.1778514397665,44169.62941174903,-4381.989899078585,2631.657255370036,-135.17345102166797,0.0
2019-09-05,18399.895884992417,-19973.709121049553,-18736.28494222848,625.8185111264258,-135.19773155114524,0.0
2019-09-06,-3689.6922013883895,-14336.295973788228,18051.238460954577,142.90649388154233,-134.68821989603427,0.0
2019-09-09,12485.550080700923,28314.610635873778,-9707.554852454623,-1048.8487402776097,-134.78743309486498,0.0
2019-09-10,14753.455318127977,-5127.951027122878,-11874.11949974013,1992.6942064729833,-134.40951680983122,0.0
2019-09-11,3728.649449194441,15217.301530907225,-570.5398136124145,1479.049628619623,-133.96637149419473,0.0
2019-09-12,5867.901632441598,-25983.16426604508,16438.429323202006,3811.781937912594,-134.94862751111802,-12.646992013849971
2019-09-13,18332.647980580885,53367.68580376962,-24617.966488688955,-7135.429967614297,-134.75080948558627,0.0
2019-09-16,-9580.069269675827,-6940.775700800201,6275.593846179178,764.713848042215,-134.23363288338558,0.0
2019-09-17,-5049.321011331729,-12753.188358788826,5467.018040231948,2591.41578884128,-134.52240782910607,0.0
2019-09-18,1668.2395742627734,-50798.07988646408,-8176.9766655332805,-2503.5399993592173,-134.66419706009953,0.0
2019-09-19,-3722.4606322146747,2663.7349960360643,16319.658330121514,4865.70481011868,-134.67723923684804,0.0
2019-09-20,-8560.057570271476,-415.2853187994804,9316.146451261731,-142.0008386823649,-134.7387064849877,0.0
2019-09-23,-2684.780911582468,-455.05717883189755,-5873.856154440257,-862.6795251564802,-134.98604785250066,0.0
2019-09-24,-13066.14536910961,3384.9099336697586,14978.634770443372,-5283.913792172232,-135.07915277865825,0.0
2019-09-25,15114.750199905075,9453.834163899946,-16639.396561930258,2630.240871890102,-135.47709471209834,0.0
2019-09-26,-3834.242742057992,-10697.389263204443,10379.990189278134,-5743.71007446659,-135.03561315759728,0.0
2019-09-27,-3918.2915266432874,10802.867872270357,6783.4011469965135,6449.258652610935,-135.17844312858287,0.0
2019-09-30,-1352.5784915879615,-6475.307085710969,-2985.68919792414,918.3839006921329,-135.24026159747652,0.0
2019-10-01,-6572.8807021049115,39865.02945770416,10854.367830600195,-4074.554375756196,-135.28392631301372,0.0
2019-10-02,-10351.408619918204,43410.36337278821,-4743.674182058084,1684.863344401895,-135.45758245876507,0.0
2019-10-03,-13043.569443124272,31102.934681377348,6651.112916078327,5189.935311837916,-135.7254620780722,0.0
2019-10-04,-1769.3953426064704,-29765.328498514733,3520.6277304308164,-2099.9296488114755,-136.04440535734585,0.0
2019-10-07,7699.144903366166,-12419.228483809693,-17145.794134396696,2000.82634235133,-134.94862751111802,-15.164894885085232
2019-10-08,-3808.841675917898,18866.25337934831,8770.150058152007,-3681.8681081893697,-134.73778855661598,0.0
2019-10-09,7735.946255951078,-3520.2159476762563,-9301.902067772902,5182.569613341652,-134.84920706456478,0.0
2019-10-10,12829.017527428838,13744.097961752754,-5021.497042849836,-1649.1742393244258,-134.6012250966211,0.0
2019-10-11,15167.628037933406,-27748.542258998186,2339.2199481971993,-146.34642982992693,-134.21824480336056,0.0
2019-10-14,7.354480301302433,79.36056186930205,47.58976773802875,0.6438176024848236,-134.948627511118,-13.86652377163954
2019-10-15,79.23063500701379,21535.070577396382,8023.131423618199,497.5159914893349,-134.948627511118,0.0
2019-10-16,-3054.076963386928,18551.351360136094,-851.8011256869142,-4493.029164619552,-134.91731247976935,0.0
2019-10-17,0.0,-0.0,-0.0,0.0,0.0,-3098.6253763140417
2019-10-18,-0.0,0.0,0.0,-0.0,0.0,0.0
2019-10-21,0.0,-0.0,0.0,-0.0,0.0,0.0
2019-10-22,-0.0,-0.0,0.0,-0.0,0.0,0.0
2019-10-23,-0.0,0.0,0.0,0.0,0.0,0.0
2019-10-24,0.0,0.0,-0.0,-0.0,0.0,0.0
2019-10-25,0.0,-0.0,-0.0,-0.0,0.0,0.0
2019-10-28,0.0,0.0,0.0,-0.0,0.0,0.0
2019-10-29,-0.0,-0.0,0.0,-0.0,0.0,0.0
2019-10-30,-0.0,-0.0,0.0,0.0,0.0,0.0
2019-10-31,-0.0,0.0,0.0,0.0,0.0,0.0
2019-11-01,0.0,0.0,-0.0,0.0,0.0,0.0
2019-11-04,0.0,0.0,-0.0,0.0,0.0,0.0
2019-11-05,0.0,0.0,0.0,-0.0,0.0,0.0
2019-11-06,-0.0,-0.0,-0.0,-0.0,0.0,0.0
2019-11-07,0.0,0.0,0.0,-0.0,0.0,0.0
2019-11-08,0.0,0.0,-0.0,0.0,0.0,0.0
2019-11-11,0.0,0.0,0.0,0.0,0.0,0.0
2019-11-12,-0.0,-0.0,0.0,0.0,0.0,0.0
2019-11-13,-0.0,-0.0,-0.0,-0.0,0.0,0.0
2019-11-14,-0.0,-0.0,0.0,-0.0,0.0,0.0
2019-11-15,0.0,-0.0,0.0,0.0,0.0,0.0
2019-11-18,-0.0,-0.0,-0.0,-0.0,0.0,0.0
2019-11-19,-0.0,-0.0,0.0,-0.0,0.0,0.0
2019-11-20,-0.0,-0.0,0.0,-0.0,0.0,0.0
2019-11-21,0.0,0.0,-0.0,0.0,0.0,0.0
2019-11-22,-0.0,-0.0,0.0,0.0,0.0,0.0
2019-11-25,-0.0,-0.0,0.0,-0.0,0.0,0.0
2019-11-26,-0.0,0.0,0.0,0.0,0.0,0.0
2019-11-27,0.0,-0.0,0.0,-0.0,0.0,0.0
2019-11-28,0.0,0.0,0.0,0.0,0.0,0.0
2019-11-29,-0.0,0.0,-0.0,0.0,0.0,0.0
2019-12-02,0.0,0.0,-0.0,-0.0,0.0,0.0
2019-12-03,-0.0,-0.0,0.0,0.0,0.0,0.0
2019-12-04,0.0,-0.0,-0.0,-0.0,0.0,0.0
2019-12-05,0.0,0.0,0.0,0.0,0.0,0.0
2019-12-06,0.0,0.0,-0.0,-0.0,0.0,0.0
2019-12-09,-0.0,-0.0,-0.0,0.0,0.0,0.0
2019-12-10,0.0,-0.0,0.0,0.0,0.0,0.0
2019-12-11,-0.0,0.0,-0.0,-0.0,0.0,0.0
2019-12-12,0.0,0.0,0.0,0.0,0.0,0.0
2019-12-13,-0.0,-0.0,-0.0,-0.0,0.0,0.0
2019-12-16,0.0,0.0,0.0,0.0,0.0,0.0
2019-12-17,-0.0,0.0,0.0,-0.0,0.0,0.0
2019-12-18,0.0,0.0,0.0,-0.0,0.0,0.0
2019-12-19,870.8572370463113,-8541.381236576288,-109.71244931969349,-2354.712178661236,134.948627511118,-3103.0681480702715
2019-12-20,-10.985550965704672,12480.070589789655,89.06601603238602,-2691.8707576080897,134.95468785821407,0.0
2019-12-23,-2224.797963187421,1836.30541291346,-3014.18008052173,3267.724003284571,134.948627511118,0.0
2019-12-24,4392.266486382263,553.9280147867665,4016.1220380237737,890.1305329379475,134.8992776945932,0.0
2019-12-25,-7.395474207914863,-79.38972034753712,-47.61153152647017,-0.6446360625332145,135.04136214445532,0.0
2019-12-26,-790.0214408387136,12820.017291681412,9726.268183177921,-1888.835425951935,135.04136214445532,0.0
2019-12-27,5245.126024482581,-29369.20988190023,-4021.6899349831515,-1962.8959249392544,135.02924264996844,0.0
2019-12-30,-1331.569990861944,-23670.399258395184,-1345.9927254485833,-3832.5263296415383,135.14634877896455,0.0
2019-12-31,-3363.418236653704,-33544.01577524207,12971.658300452878,3780.524273743175,135.06561553614983,0.0
2020-01-01,-7.331068372924982,-79.39608618906117,-47.60808670660698,-0.6436999813155015,134.9789412499086,0.0
2020-01-02,5126.078343899787,42376.3503397971,-7076.741524173271,-560.6661007734771,134.9789412499086,0.0
2020-01-03,12380.136023494748,13957.822050071589,4511.806886271209,-854.202041123742,135.1524139280095,0.0
2020-01-06,-2691.2920284562406,-4285.657055669744,1739.1837160496823,5053.820302734462,135.53119653469392,0.0
2020-01-07,-2655.9414153075804,-21347.563691990697,3475.3003175658278,281.34292001451956,135.48146128347543,0.0
2020-01-08,-7575.053060079975,1542.4158742087602,2559.9512117609715,3199.658176407292,135.39422686298903,0.0
2020-01-09,752.7701036641956,-17561.603367232146,29789.89342814943,6934.26274011203,135.19585972925796,0.0
2020-01-10,6654.913654153763,49076.21067986335,-41815.77320640569,-13992.211778710212,135.28284467403824,0.0
2020-01-13,-3545.7182339426754,-277.9223645686174,3672.6592330729873,-58.16479103808363,135.38208815321275,0.0
2020-01-14,3586.7407263390996,21605.07090493272,4223.211453322592,555.8594758431644,135.28284467403824,0.0
2020-01-15,5318.7920411413825,12799.537877886667,-5491.47863851764,-2622.7916281506436,135.41355584258955,0.0
2020-01-16,-4495.173578174185,-4384.368249937608,3600.71546658088,5028.84393982892,135.5566820494285,0.0
2020-01-17,-2637.3550039694856,-25813.522460396172,5347.269206838605,-7198.919543796121,135.45718867149483,0.0
2020-01-20,-7.514158966269279,-79.4845016041881,-47.6806481769312,-0.6470751229135328,135.32638387030207,0.0
2020-01-21,10190.303305079686,6972.967341829586,-6310.870368831902,-775.8628061923332,135.32638387030207,0.0
2020-01-22,874.2381381427135,8505.849360689004,-1847.802558535881,2403.0511622855806,135.6186186175674,0.0
2020-01-23,4874.463893070793,14834.922593566773,-10338.962446567906,697.3424243123374,135.6623766608132,0.0
2020-01-24,6425.4896747264975,13258.828228078746,2307.88598983307,-1792.2477375132992,135.80598504262525,0.0
2020-01-27,13013.315229245902,30630.53060059116,-6857.869314814188,3079.074857465837,134.948627511118,-10.512340557637799
2020-01-28,0.0,0.0,-0.0,-0.0,0.0,-3092.5558075126364
2020-01-29,-0.0,-0.0,-0.0,0.0,0.0,0.0
2020-01-30,-0.0,-0.0,-0.0,-0.0,0.0,0.0
2020-01-31,-0.0,0.0,0.0,-0.0,0.0,0.0
2020-02-03,0.0,-0.0,-0.0,0.0,0.0,0.0
2020-02-04,0.0,0.0,-0.0,-0.0,0.0,0.0
2020-02-05,0.0,0.0,-0.0,-0.0,0.0,0.0
2020-02-06,-0.0,-0.0,0.0,0.0,0.0,0.0
2020-02-07,-0.0,-0.0,0.0,-0.0,0.0,0.0
2020-02-10,-0.0,0.0,0.0,-0.0,0.0,0.0
2020-02-11,0.0,-0.0,-0.0,0.0,0.0,0.0
2020-02-12,0.0,0.0,-0.0,-0.0,0.0,0.0
2020-02-13,-0.0,-0.0,-0.0,0.0,0.0,0.0
2020-02-14,-0.0,-0.0,0.0,-0.0,0.0,0.0
2020-02-17,0.0,0.0,0.0,0.0,0.0,0.0
2020-02-18,-0.0,-0.0,-0.0,-0.0,0.0,0.0
2020-02-19,0.0,-0.0,0.0,-0.0,0.0,0.0
2020-02-20,-0.0,-0.0,0.0,0.0,0.0,0.0
2020-02-21,-0.0,-0.0,0.0,0.0,0.0,0.0
2020-02-24,-0.0,0.0,0.0,-0.0,0.0,0.0
2020-02-25,-0.0,0.0,0.0,-0.0,0.0,0.0
2020-02-26,-0.0,0.0,0.0,0.0,0.0,0.0
2020-02-27,-0.0,0.0,0.0,-0.0,0.0,0.0
2020-02-28,-0.0,0.0,0.0,0.0,0.0,0.0
2020-03-02,-0.0,0.0,-0.0,-0.0,0.0,0.0
2020-03-03,-0.0,0.0,-0.0,-0.0,0.0,0.0
2020-03-04,1370.839260501699,-48231.01046573765,4302.924058769336,2422.298518955566,134.948627511118,-3049.433055678077
2020-03-05,15864.703100205192,23954.494529111726,-23238.533947998665,3244.559546126788,134.97304323221763,0.0
2020-03-06,29287.761415073393,151234.1517033407,-99791.85381519253,-86.48844623514552,135.46487338507916,0.0
2020-03-09,29458.35602963045,112710.41920257277,-60274.10434556885,7970.3804858546,134.948627511118,-14.449665311753051
2020-03-10,0.0,0.0,-0.0,-0.0,0.0,-3034.9833903663266
2020-03-11,0.0,0.0,0.0,0.0,0.0,0.0
2020-03-12,-10119.91388076176,-130888.34181248416,72440.37370416618,8432.933361568494,134.948627511118,-3037.4483705474704
2020-03-13,-6926.7273672162055,-55897.575741781075,-8701.206415795494,1576.2122126258619,134.68328950746138,0.0
2020-03-16,32265.991968695584,59593.7540947773,-4683.3084733968535,-8621.939068858812,134.42521494391957,0.0
2020-03-17,-37989.94036606537,-143544.06621858603,23789.967709457225,-23550.732088036497,135.4344818479065,0.0
2020-03-18,-20496.452335097325,-53375.28606429489,-9308.51722655217,-5288.122338988682,134.0869750634612,0.0
2020-03-19,12644.40902613915,-82154.23931084023,36272.11083650298,-6897.229179313246,134.94862751111802,-11.001262269666768
2020-03-20,28070.75259483002,116340.81838876895,-16878.57730756517,2860.4727401671803,135.2742693863861,0.0
2020-03-23,26257.548123680983,87331.553481801,-33684.04457305918,-10040.005659933837,134.948627511118,-12.375518426444614
2020-03-24,-17534.516848203926,36445.709527378225,-13914.843913175908,14317.183417109076,135.71547573331128,0.0
2020-03-25,-4698.073185658423,-64343.406566839534,-22238.00459734292,10983.893210014798,135.2973511709823,0.0
2020-03-26,7554.840671035841,-5363.382047739008,5058.372042442796,2703.2121105792376,135.14414691710178,0.0
2020-03-27,17360.634192648104,54033.69597970086,-5486.545611996087,-5575.315807713839,135.3908167587619,0.0
2020-03-30,2014.4209544285152,-24421.134744491534,15306.427644525664,7141.922411723719,135.91309686820887,0.0
2020-03-31,-571.2421403930924,-28552.65165970782,28589.805028346076,399.1401442437021,134.94862751111802,-10.304199857711048
2020-04-01,6793.957053106845,68408.9653080136,-14398.55219962182,19060.681210990242,134.94862751111802,0.0
2020-04-02,-1091.836380385874,7619.630216368318,-17422.21286091652,717.6028398027829,135.305109680303,0.0
2020-04-03,1255.758101154113,14607.25016960138,-6598.533887647402,636.5741559033717,135.26043591409768,0.0
2020-04-06,-7680.369344462727,5206.10823916828,-5156.499135664773,-2712.1002459760566,135.305109680303,0.0
2020-04-07,-8094.592646380966,-35731.038269659526,-14350.3663095716,-12088.356672804512,135.0575813326882,0.0
2020-04-08,-1960.8149841037805,-43945.236431544356,17698.066361980123,-1868.830859334599,134.69627440622847,0.0
2020-04-09,6973.444381323322,-15912.999663704162,11650.203544676897,-2969.8035660864134,134.61391718349537,0.0
2020-04-10,-7.284316150243941,-79.32667922995094,-47.56196066246109,-0.6425241775163285,134.81548022017225,0.0
2020-04-13,-5139.340125270002,-12929.212709696289,5380.594497101601,2599.6564371582595,134.81548022017225,0.0
2020-04-14,960.6732616310389,-29195.149083084492,9311.944545637753,-1207.1487125979181,134.67037830253196,0.0
2020-04-15,16195.573236546634,81795.82827234425,-4184.521838142381,5655.758794639801,134.68262278010022,0.0
2020-04-16,2801.9790957287983,43556.624168907634,-27494.10859720998,1072.8444706214225,135.27881180324925,0.0
2020-04-17,-4793.271132535017,-44600.1664844605,11824.953484491869,-2753.751906224422,135.36819184626628,0.0
2020-04-20,2994.4461905888343,27276.835573092318,-8318.915113388384,-2035.7239757105917,135.18956169127648,0.0
2020-04-21,5222.50886308775,46881.65639220532,-8956.738050445485,6898.838857976961,135.27881180324925,0.0
2020-04-22,-6740.6612758563,-23993.452532326948,4234.334444419495,-3940.0206563507063,135.50250601935784,0.0
2020-04-23,2517.4503788471584,29296.586710577558,-13150.434064546567,1273.7483649858445,135.2665599871261,0.0
2020-04-24,1369.307056166459,6475.89834261309,2986.6035865803055,-920.4479636695481,135.35594003014316,0.0
2020-04-27,-9867.184656635072,-43215.127397707394,2919.984068591849,-334.0632094523846,135.40067884545127,0.0
2020-04-28,7835.458531912535,8880.756327936862,-9270.137305396389,2501.5292183735396,135.075942548566,0.0
2020-04-29,-1560.9772972012902,-29029.02824082197,20850.451444170074,-437.2804671672781,135.32348556945456,0.0
2020-04-30,-2055.146629802112,-27007.62865325537,16016.06349411031,2875.124002218357,135.27881180324925,0.0
2020-05-01,384.6606380789557,6038.423097419404,-4802.388483281331,-1755.9294227368298,135.23417051980414,0.0
2020-05-04,-395.9221004944469,-18769.80393174429,4570.234115900428,4456.513084157324,135.23417051980414,0.0
2020-05-05,-2127.872233059485,-23340.828559426816,8300.504283292008,-3029.265102872326,135.24029826356045,0.0
2020-05-06,-6036.465349018437,-80733.74534051398,10379.131850068623,-3878.411167825173,135.15111303362943,0.0
2020-05-07,13360.745653507827,41184.78720899396,-1898.7835613473055,-2904.6731159836418,134.89659320143636,0.0
2020-05-08,-9146.24572729922,-36335.90351337709,15608.967001965617,-442.520529039636,135.32173172931164,0.0
2020-05-11,-5257.410011021194,-21849.070856663904,-2456.9686389862295,-583.5481900151179,135.0359686923039,0.0
2020-05-12,4693.195341527662,36250.611644795434,-2325.6881820259264,1185.0108466709491,134.85224301355368,0.0
2020-05-13,5325.199410817972,18024.836338249883,10068.876707338492,6464.444593175658,135.02983727494455,0.0
2020-05-14,2419.7436147852504,32974.66137758704,-20869.46244931739,-4629.090574994757,135.25868884139334,0.0
2020-05-15,-1265.196512716843,-14775.473559260514,6506.761491243892,-637.7037243169344,135.30333012483845,0.0
2020-05-18,-13207.663526259495,-68566.21287617381,6363.651482899428,5012.4523903438785,135.25868884139334,0.0
2020-05-19,3582.184014315937,890.4319937302123,13647.291173465042,1692.4907764581137,134.84611282104163,0.0
2020-05-20,2945.2763622936745,14699.655554130657,-8449.452703507377,662.0438287896967,134.98539030449945,0.0
2020-05-21,-887.2198205496046,8390.360014024724,14.546501149617129,2355.9738932788705,135.0804479789196,0.0
2020-05-22,2573.994647813356,21156.517958420114,-3563.8560011001514,-281.0206316129378,135.07431656156027,0.0
2020-05-25,-7.41987811342413,-79.44893567946835,-47.64915448395142,-0.6454039172591367,135.16337219410298,0.0
2020-05-26,-4633.413792260195,-35673.08176869484,19664.823907628554,451.82378293700606,135.16337219410298,0.0
2020-05-27,171.7162243497086,692.7811283999168,17372.083316145625,1639.8136646872936,135.0237070824325,0.0
2020-05-28,-1319.8951412359906,-36230.516480810234,-1482.2429907887938,-1133.104496534902,135.0620574010867,0.0
2020-05-29,6947.460966205578,34349.38097008978,640.9279391371718,-2080.2468337258438,134.98539030449945,0.0
2020-06-01,-2134.46884150633,-44023.52573117051,6155.864589266535,9823.517713495681,135.21408001286568,0.0
2020-06-02,-3387.597272903091,4161.0039796765695,13391.495802650732,-4307.812828103248,135.18177012205467,0.0
2020-06-03,-11013.606819847182,-46073.079361654316,-7823.601578110866,-5302.999726340296,135.07431656156027,0.0
2020-06-04,-5106.44054241672,-38830.59975040545,-722.6450880197488,-5294.35382294481,134.66290488236805,0.0
2020-06-05,-11012.572271842684,-31419.79053823915,-12477.599850376599,-4653.156019015795,134.44227811321466,0.0
2020-06-08,3521.272992451685,21574.389571714535,4215.965917007636,553.4228913150562,134.948627511118,-5.965418303050683
2020-06-09,7458.266781826483,23428.638740562146,-2377.065599497013,-8583.040939209686,135.08147929484352,0.0
2020-06-10,11310.684099611619,25221.895126003226,17181.754333422195,6468.250141783321,135.27131540271986,0.0
2020-06-11,8918.195684260601,106473.3508617326,-15900.262318147696,11131.589044587672,135.6911575249774,0.0
2020-06-12,-4361.736185589674,-34758.898439180906,-648.8785960071949,-10365.435406733273,134.948627511118,-7.663576262144488
2020-06-15,-7.237527166003102,-79.30408458218963,-47.54341750614989,-0.641661656705421,134.726690911048,0.0
2020-06-16,-6497.893790647704,-49933.50626633836,35780.12320082598,619.9250630387115,134.726690911048,0.0
2020-06-17,1951.8300766642242,1695.5116101679873,-16327.74725457918,2504.408775661188,134.53747314382377,0.0
2020-06-18,3229.916657094558,37782.69789851315,-14902.081592315844,3630.95828115733,134.59391550157142,0.0
2020-06-19,931.3219776032608,355.7610213271171,7721.652412499851,830.6941732112936,134.726690911048,0.0
2020-06-22,-568.2495651056984,5593.057022760844,-12562.617341340976,-2576.2786398478133,134.77101373238318,0.0
2020-06-23,-738.3865726186503,-29303.512662499117,11169.38288676538,-1236.366618111252,134.726690911048,0.0
2020-06-24,2867.3265405560333,44239.26588738322,-10029.659203323217,2696.6229651826443,134.68852619290325,0.0
2020-06-25,2090.01655595251,-6424.928579426405,-6784.318962810657,968.8981136616768,134.81536877542527,0.0
2020-06-26,5103.085243391743,42352.98312970772,-7072.360247156542,-559.9751837581885,134.87200910986292,0.0
2020-06-29,591.9112032961866,-22788.64870409877,14216.745434576056,-2157.5547553272195,135.04988132584754,0.0
2020-06-30,-2206.518750013815,-15195.212258407622,-1283.2326801258125,-1470.8199653701151,135.05600968308465,0.0
2020-07-01,-3532.787499676285,-9177.286624893848,-4175.470907422714,-3245.6761923913755,134.967008910418,0.0
2020-07-02,1804.8137269091583,-8104.009244055217,7663.76686856124,-1517.4134173080236,134.82762181748816,0.0
2020-07-03,-7.293451699673614,-79.3594872696197,-47.58231553617583,-0.6428829616309182,134.87813746710003,0.0
2020-07-06,-2202.728372342888,-10721.863801742638,-3150.3356143412448,5950.3984131361385,134.87813746710003,0.0
2020-07-07,5464.501179913581,48460.81474048952,-11817.921458382514,-2304.2982275848085,134.83375017472528,0.0
2020-07-08,-1813.5212833018068,-9079.534271386516,-6033.074354923466,-3219.241637409026,135.01149311672287,0.0
2020-07-09,5961.958024099345,50924.9936114609,-8868.228783259594,1820.473280821642,134.9225570364381,0.0
2020-07-10,-2794.9238560594604,-9519.165471333474,-13821.275715989916,-4062.0082866575303,135.14514000697113,0.0
2020-07-13,457.87851270148417,2371.682057218622,2907.842831937422,4132.765131977794,135.01149311672287,0.0
2020-07-14,3385.231435927909,3781.702886887525,-11468.97156834155,-5830.146511092024,135.05600968308465,0.0
2020-07-15,-2422.1044236049393,-7974.708771126862,21032.296776793275,-773.6593461665847,135.11281902575232,0.0
2020-07-16,1700.5017586139456,17052.210603611242,-3637.5987769440485,4770.558049270056,135.05600968308465,0.0
2020-07-17,-1433.8289288071471,-28105.08726200345,-11063.063477148773,417.85749887792383,135.14514000697113,0.0
2020-07-20,530.8516355675725,23843.991054797785,10890.623160826213,4632.681966616773,135.06827007159796,0.0
2020-07-21,2627.3909817130475,-8449.47488416722,-1967.7008815058275,-2332.1091950880336,135.14514000697113,0.0
2020-07-22,1243.9669847634739,14609.685511346515,-6598.522366599054,635.6057054919019,135.202014208583,0.0
2020-07-23,1632.155597750739,45880.287700402936,-11081.564562208274,-6522.50020322579,135.24666049288024,0.0
2020-07-24,1180.0655043758638,-6871.7806019435075,-14588.405281066482,137.34973069420647,135.27907888772273,0.0
2020-07-27,-4105.808080561359,-7170.514970434305,-9012.902073317833,51.159703895539806,135.29133927623604,0.0
2020-07-28,4938.364632822301,11108.038486161073,8986.23746026651,-5110.558537176535,135.15126958879077,0.0
2020-07-29,971.9030460302675,-24796.59527907776,7468.994321169346,6244.257563277726,135.29133927623604,0.0
2020-07-30,4386.388056391683,21275.788179865933,-5428.2295901792895,-253.40089961304045,135.34831587587865,0.0
2020-07-31,999.9426976683751,-4118.178431124868,9624.238452667216,-6641.491498941568,135.48877973084194,0.0
2020-08-03,-2181.2089351410114,-18891.004779908817,6437.645276005206,4441.891577012242,135.48877973084194,0.0
2020-08-04,4990.90511940854,28181.352188712724,7263.3796890324475,-363.20005800080116,135.44397067221072,0.0
2020-08-05,-4184.785149792747,-19772.26848979719,-9164.497890911052,2767.3347360679672,135.6234028511164,0.0
2020-08-06,1290.3559066053147,10151.196560643357,-4734.235623253958,-6842.805623725552,135.48877973084194,0.0
2020-08-07,-3965.2510398370387,-6403.067052504933,8435.82265856744,1702.617990436648,135.48877973084194,0.0
2020-08-10,-2650.304829491383,-8755.419236074616,3610.3031099675695,-2425.984495961968,135.38692648356826,0.0
2020-08-11,-7413.93455785959,-36220.353560421485,13743.665077770836,-413.87702672790493,135.29133927623604,0.0
2020-08-12,-5750.837409773714,-36861.01959522122,-5549.448770936827,-2025.5693443369012,135.05600968308465,0.0
2020-08-13,-3798.2308200728517,-31500.098501232937,8136.295431013552,7058.235147812204,134.83375017472528,0.0
2020-08-14,1062.3312182138236,-37334.5844396471,18880.926874408677,-2750.9102943379594,134.745072310348,0.0
2020-08-17,1660.6035767800315,17038.30380324635,-3633.2042417736297,4747.8520801535415,134.75733269886132,0.0
2020-08-18,3017.5937703667037,19124.810015618852,1261.532245737125,-3569.817049980731,134.8460105632386,0.0
2020-08-19,-2206.9380529913497,-10725.332145989893,-3151.4403554962264,5953.951999020774,134.9348174249514,0.0
2020-08-20,4739.123240467337,19226.56864143611,-594.2132763044089,-3543.6595118065584,134.89039785561334,0.0
2020-08-21,-42.6496088282093,42089.169027785545,-1507.0368044069917,-646.8510282755776,135.0298855371599,0.0
2020-08-24,-183.60547866464415,-13416.871387322142,-17604.750068005807,1052.3155331401736,135.05600968308465,0.0
2020-08-25,-4775.14460099808,-23861.00844928235,2368.814160665014,-3882.1607498750814,135.0237535052362,0.0
2020-08-26,-187.07872690882638,-9882.711545174898,23971.837679018066,-4031.892408319597,134.83987975654492,0.0
2020-08-27,-7183.981303702285,-61274.87266385823,13441.515274342546,4960.092462279988,134.83375017472528,0.0
2020-08-28,1427.0047148570516,-31212.994328515768,14128.142914951524,-4484.2571672458935,134.61229690087143,0.0
2020-08-31,2018.9645034508824,23137.841968115812,-8373.59957841909,2999.5586561968503,134.62455728938477,0.0
2020-09-01,5408.273180418767,35895.64809963728,-11949.405996106201,380.52261293631403,134.71304207165483,0.0
2020-09-02,2435.1786057136032,41833.78738633633,-12995.795640495713,-1421.2705908411565,134.89652988753707,0.0
2020-09-03,4282.099269000392,21247.644391235026,-5418.904792402487,-252.06235895467697,134.9792692989313,0.0
2020-09-04,-12208.179949115514,-77000.93107047345,6297.244591387463,2644.2787935721635,135.11895105767604,0.0
2020-09-07,-7.190522205372891,-79.32872248726999,-47.55268486620649,-0.6411125128055122,134.71304207165483,0.0
2020-09-08,3442.771019309105,21565.73394711332,4212.680754437227,551.0976076542602,134.71304207165483,0.0
2020-09-09,-1685.8818884479879,-17201.87504426412,3539.4580461059754,-4755.512116262404,134.8460105632386,0.0
2020-09-10,3075.8109735162116,15459.402034869443,8958.780330983134,2293.7181545899643,134.75733269886132,0.0
2020-09-11,1220.1442678608355,2034.6862918867002,-6726.159960494664,3319.846018892319,134.89039785561334,0.0
2020-09-14,-1340.7095010609432,5934.97506965466,-2940.453104726274,-1776.083336402762,134.94094945687513,0.0
2020-09-15,-389.0944816026328,-6191.377225892484,4700.463025402262,1745.1182842372384,134.89039785561334,0.0
2020-09-16,-1715.488825684591,-12738.828466101593,1671.7527738147446,2658.0228822922904,134.89039785561334,0.0
2020-09-17,1138.0842722041527,5695.407680232544,-14425.586262137836,-2548.9959226849364,134.8460105632386,0.0
2020-09-18,-2092.7900533639972,-6290.088199910429,6555.687723793702,1715.3497056862038,134.85214259516232,0.0
2020-09-21,2628.5201796999972,13011.825570958312,6007.490309562235,-1824.0026961383169,134.80165552019653,0.0
2020-09-22,759.9402082214506,-415.7850791913091,-9680.344031067038,-804.9457176415584,134.89039785561334,0.0
2020-09-23,-876.5072027838437,8384.823287014584,14.534032314371856,2349.7471685206488,134.89652988753707,0.0
2020-09-24,1700.9208601892624,12580.080755947489,-1766.9322230969499,-2659.3085530717667,134.89039785561334,0.0
2020-09-25,1713.6164409065987,-12542.541109758511,-2040.627542769263,2716.9526885822806,134.9348174249514,0.0
2020-09-28,-2012.204351204266,-1857.8881712014702,16272.610847953703,-2520.0225444954203,134.99153458829227,0.0
2020-09-29,2969.2425401130067,-14894.310704364723,-6851.740577392271,-1382.0350032177373,134.9348174249514,0.0
2020-09-30,-6032.1902464831555,-17043.362371375493,5312.520311771424,7648.022138011613,134.9976690716048,0.0
2020-10-01,930.0912753678696,12915.823259318686,7864.902380502568,-1853.692746678448,134.85214259516232,0.0
2020-10-02,-2172.0896920647906,-27749.717802924682,-1419.0801030967814,1220.4505027606144,134.89039785561334,0.0
2020-10-05,-9862.297399049028,-58156.359920730916,-176.72555762971663,-1766.4711735993212,134.80778755212023,0.0
2020-10-06,1722.3627590258252,8905.8984427443,5923.780883449134,3189.774792406225,134.44797284334578,0.0
2020-10-07,-5904.239813777915,-17817.58845829541,-523.8172840504268,-5618.433568818244,134.53620095320295,0.0
2020-10-08,4456.780579258422,2228.2427874335235,-10410.200046676811,3347.8844966549336,134.30361023470624,0.0
2020-10-09,-2408.6040559556523,12701.529989872764,11556.227287952433,-1899.2583071193708,134.45410487526948,0.0
2020-10-12,-7.037087252897033,-79.23568752343115,-47.48071456991546,-0.6381570699683968,134.391646416212,0.0
2020-10-13,5833.085452022852,42725.43007700979,701.1411844013791,270.9571022286407,134.391646416212,0.0
2020-10-14,2427.4235923931983,-316.4211355757092,-11521.080707647843,-773.3305618057932,134.61229690087143,0.0
2020-10-15,-2164.5983686800528,-10716.185683194553,-3147.7618528443527,5930.032070589534,134.66878361100476,0.0
2020-10-16,-909.8502824070939,-4976.071910639968,-5949.009500199656,-8217.082970676502,134.62455728938477,0.0
2020-10-19,-3715.0109896342324,-6382.19487698346,8399.369577541474,1678.9759847148937,134.53620095320295,0.0
2020-10-20,-2448.549961628364,-50806.242208039635,5050.105154240548,-1751.637541782829,134.43571245483247,0.0
2020-10-21,-2549.507548242197,-13150.009965657244,-6089.6178113501155,1809.3202676377223,134.31587062321958,0.0
2020-10-22,-5233.311053102189,-23464.4603980166,11965.297778298534,-3039.3176948806577,134.22796212045637,0.0
2020-10-23,1789.259266897079,34033.68391113633,6208.607832662212,-2166.499638206717,134.94862751111802,-6.583949499465234
2020-10-26,5577.495558838435,23354.151366258728,-12098.195159073408,3077.789547044167,135.02498665190433,0.0
2020-10-27,2223.663754136017,15040.863402015932,1188.6399568997838,1473.6179036315823,135.2148437497509,0.0
2020-10-28,387.7760034310942,6038.489290454104,-4803.122403502184,-1758.446730728133,135.30384034512198,0.0
2020-10-29,-7244.416906588124,-43436.279042616006,-8588.067616771403,-1114.7198697845563,135.30384034512198,0.0
2020-10-30,-1790.8571582716356,-38668.135853633285,-4437.115558020047,-5269.883636442932,135.03723755321892,0.0
2020-11-02,448.0212170312659,27488.402986523404,3179.772127538838,-1251.271506478431,134.91662645561237,0.0
2020-11-03,-3436.058022676982,-17300.462088368273,5396.143825800154,-4794.572342266046,134.94862751111802,0.0
2020-11-04,13787.651223644096,65078.43768909699,-2542.915023370704,13360.367947013308,134.8098270871701,0.0
2020-11-05,-88.87330975156502,3586.7974388511,-7764.635331451379,-5915.200018573673,135.36064291150876,0.0
2020-11-06,-6579.760482219594,-27643.196276575487,11946.113646185417,1981.0689564295965,135.31609614287754,0.0
2020-11-09,-15556.373798297665,-88858.57059042835,-10431.34844847019,-5557.304257020372,135.1259762260092,0.0
2020-11-10,-3367.7547839348204,-277.0223113117276,3657.7244462301833,-57.49388954064698,134.5453421791835,0.0
2020-11-11,-7.113057954116827,-79.21559194011257,-47.47736048721395,-0.6391768518969275,134.44518723334022,0.0
2020-11-12,12179.117413121941,66537.47294055649,-3559.8337758375433,4151.445243736397,134.44518723334022,0.0
2020-11-13,-1343.1823569997637,-6624.175618876557,-3075.465979444293,913.0792632273672,134.89824459531073,0.0
2020-11-16,-2088.4988097914043,1803.5319055010627,8557.515346773347,-8389.292475759352,134.85401981731778,0.0
2020-11-17,4709.4470072875365,23668.23643977589,-2460.124718548177,3869.0649856265754,134.75341792343104,0.0
2020-11-18,-183.02779677224035,-13406.978963223963,-17591.034771017556,1051.098162370976,134.93637660980343,0.0
2020-11-19,2167.868671724769,40138.96663851241,1460.267117269984,-3912.31390316914,134.90437065785682,0.0
2020-11-20,4601.937768188155,22915.474641295103,-19872.91433345085,2240.98613860974,134.98066556576555,0.0
2020-11-23,-3085.632690521168,-23761.3016342597,511.8358891556112,-3861.982413983224,135.1259762260092,0.0
2020-11-24,-2486.5599337102267,-29427.580122184045,13038.798656415063,-1269.9660984817976,134.99291646708014,0.0
2020-11-25,-1163.8077234732466,-5853.154682286451,14330.446537668153,2551.6114974336956,134.90437065785682,0.0
2020-11-26,-7.335889710837756,-79.34212055057004,-47.576822883285175,-0.6434114506178258,134.89824459531073,0.0
2020-11-27,5133.07842209223,29792.150896438863,-7208.706048866547,2129.2126524151004,134.89824459531073,0.0
2020-11-30,97.12409938921353,-8208.524611622397,9528.607284005371,-1552.2883625692098,135.0815907970192,0.0
2020-12-01,-10228.747930667421,-50053.567108483694,-9753.108769882929,-223.52257995758754,135.0815907970192,0.0
2020-12-02,-2515.411671946425,-38290.178987671614,5191.928093497945,-4442.619263102616,134.72153766089752,0.0
2020-12-03,3432.1684169223113,21549.95818939689,4209.431966399161,550.4739064953297,134.5954692590338,0.0
2020-12-04,-5532.807742131853,-44934.31181663151,4020.7495620270206,-3559.7054473955427,134.7276637234436,0.0
2020-12-07,4536.9813679146355,14769.77849333465,-10281.560801998749,686.1899510189378,134.50749908110367,0.0
2020-12-08,2130.90157798542,15015.858347802006,1185.8270947827298,1460.7681352908824,134.65175795799723,0.0
2020-12-09,-3861.5049708811634,-2726.0227617560936,709.6313072852449,-4174.657158841462,134.73991952119917,0.0
2020-12-10,4566.512642459467,14773.950686091242,-10285.537709271737,687.1068599347278,134.5954692590338,0.0
2020-12-11,3772.8263755596095,-6325.316351777269,-8637.244789636936,996.0414531376713,134.73991952119917,0.0
2020-12-14,-775.6449926758154,12815.656640142983,9719.945450743377,-1882.312447051615,134.84660183056758,0.0
2020-12-15,-918.7649303794608,-30091.478417522492,-6227.088564132614,-2874.0967695951877,134.8343386833285,0.0
2020-12-16,-1148.8364081367588,6702.612942019123,14461.47952967637,-137.52312297353518,134.75831240429497,0.0
2020-12-17,-2157.728599848317,-15180.118738042167,-1281.488307837806,-1463.9495156920784,134.7460492570559,0.0
2020-12-18,-1690.3827488521163,-12727.52793164535,1669.8767248290856,2649.372611064952,134.65788769385398,0.0
2020-12-21,742.8586800824155,12132.144992304575,-9531.141062678911,-3478.476464500718,134.6138547926461,0.0
2020-12-22,2973.366809173747,19107.863834998705,1260.1182347244742,-3558.2107680411314,134.6138547926461,0.0
2020-12-23,-3738.043457024665,-35948.949840489506,9998.247584945319,-353.3601807471173,134.70195250623158,0.0
2020-12-24,2863.315036531769,27222.689214118065,-8296.31944746337,-2016.750213950418,134.5698537753419,0.0
2020-12-25,-7.177382093805756,-79.30344303041565,-47.53631922374097,-0.6407433458916542,134.65788769385398,0.0
2020-12-28,-860.6910232920978,-4172.648907137489,-121.97886660092827,5020.66090933666,134.65788769385398,0.0
2020-12-29,849.8867198448394,-8535.233677042734,-109.589230239446,-2343.4683272779566,134.65788769385398,0.0
2020-12-30,821.9717136627291,8476.343459029666,-1839.5352742155626,2370.5595397778675,134.66401865476536,0.0
2020-12-31,467.76472356966076,10459.162203272506,4907.458327135747,-5964.097335545394,134.70808346714296,0.0
2021-01-01,-7.200602770171488,-79.31465641774976,-47.54552191617995,-0.6411714021303984,134.70195250623158,0.0
2021-01-04,377.36319419378674,-19073.970037444786,-5064.231907895363,3618.6435445972606,134.70195250623158,0.0
2021-01-05,-4595.389969031461,-14943.480926046548,10198.423740647151,-689.1797490428501,134.71421565347066,0.0
2021-01-06,-10471.484510455692,-70309.33852169839,9305.266324966253,1714.7157083883612,134.5698537753419,0.0
2021-01-07,-4607.639153381808,-28216.752636730962,-7316.906570360105,355.5038573257435,134.21286045925382,0.0
2021-01-08,-4568.860179406245,-18507.566856450503,-19790.159292400243,-7268.3622992539595,134.94862751111802,-6.307490772487654
2021-01-11,-1782.6935362363424,-9069.373958933802,-6024.667502377978,-3206.758626310405,134.72863360330413,0.0
2021-01-12,-7.1922963154341435,-79.28224236541296,-47.52549186091958,-0.6408278589527283,134.64085840071937,0.0
2021-01-13,5483.45650900035,44763.23113354276,-4114.267397646982,3553.745828050352,134.64085840071937,0.0
2021-01-14,-5873.724710680567,-34076.56014247527,18609.450451119792,-8742.73555861159,134.86053451505705,0.0
2021-01-15,5525.261581547493,2664.645144232454,-2657.373368673028,4196.974216879492,134.62860566308723,0.0
2021-01-18,-7.280139444700185,-79.33412941140081,-47.56588445679261,-0.6425106530738807,134.82266396596742,0.0
2021-01-19,933.2040157772287,12910.027430223901,7861.881681282882,-1854.0685904942086,134.82266396596742,0.0
2021-01-20,379.37952876695186,-6524.851568051374,-4930.388970745959,941.0004755153152,134.86053451505705,0.0
2021-01-21,-2078.6287631916725,-23307.9461976622,8285.648724096702,-3013.4241964163393,134.8666627203934,0.0
2021-01-22,2153.1104577246924,15020.910818546394,1186.4280151340618,1463.76919512052,134.77869700442278,0.0
2021-01-25,5185.281389917591,38689.041973656225,628.0313306929012,5311.488069145669,134.8666627203934,0.0
2021-01-26,777.7496717608581,-12980.711128247956,-9823.46870511913,1888.8454005823976,135.08713433642288,0.0
2021-01-27,949.8550158281718,12923.31733173842,7872.235420217106,-1861.344955843561,135.09939442170347,0.0
2021-01-28,-2691.6535004142083,-17649.994905029787,-4240.561427967935,-5614.610004836988,135.1374538490081,0.0
2021-01-29,-5266.924022479023,-46963.8956102988,-2729.4029840836206,4802.181267997511,135.00497944252842,0.0
2021-02-01,3505.2771058111625,17107.041421658923,6082.256218939837,-6860.172895637056,134.834924051248,0.0
2021-02-02,-4004.5695144924393,-19720.99287039341,-9134.095345276895,2740.1275116789366,134.92295338011277,0.0
2021-02-03,-3762.390018589258,-35959.21672146893,10002.156669781423,-353.8366621078593,134.79095708970337,0.0
2021-02-04,-383.4381706392038,-6185.912067203269,4695.216283895686,1739.474707255448,134.6592466913363,0.0
2021-02-05,-3043.991003874319,-45171.170472669306,-7455.765490989048,-4327.872201931172,134.6592466913363,0.0
2021-02-08,-855.5720653825532,20918.02463529776,150.9202841126139,-335.376068871553,134.49634127219548,0.0
2021-02-09,812.0175750092282,8470.848691431836,-1837.9873615138924,2364.400436879193,134.48407628526985,0.0
2021-02-10,3403.6611875203876,21549.864400456732,4208.824604724656,549.6941462475281,134.52782145437536,0.0
2021-02-11,-1213.2122672309304,-14740.82867113651,6487.082614830591,-631.8623094239712,134.6592466913363,0.0
2021-02-12,-6343.924473043761,-44559.546341077286,2079.0033552569625,8853.626581235652,134.6154066304378,0.0
2021-02-15,-7.062750140934787,-79.24809091371306,-47.49089142024659,-0.6386302179723707,134.44036269286676,0.0
2021-02-16,-11095.916988283827,-40302.15923355506,-20299.46539857986,-7816.135628342226,134.44036269286676,0.0
2021-02-17,2006.6030752992056,1697.9906476281476,-16358.929081434635,2519.3867309961784,134.948627511118,-6.304260681659798
2021-02-18,-289.8357056661215,-14320.612385845414,14276.077919445475,199.36539499622836,135.0047770698249,0.0
2021-02-19,-6122.234954075823,-42965.30582754729,-798.2089935393834,-274.8097553878639,135.0047770698249,0.0
2021-02-22,-4247.366486816267,-33942.135827736936,5181.788187520158,2934.1494723886185,134.78563814466216,0.0
2021-02-23,195.1272229958998,-16317.60599263416,19070.993408935,-3083.1691726492822,134.65453335253525,0.0
2021-02-24,-3403.8950466946926,-8364.260222857307,1657.378176806283,10014.294302247332,134.65453335253525,0.0
2021-02-25,-21579.731750410734,-23738.927725592795,-71682.94425829918,7525.327439366819,134.6047647983392,0.0
2021-02-26,14909.158521814234,90766.80519525397,-32193.253256357886,-3617.659088221291,134.948627511118,-7.83253482580767
2021-03-01,-452.5846012193204,-53791.39959601627,39978.20425002449,-5924.388601210615,135.40512793126052,0.0
2021-03-02,4219.499876960243,11452.62843479012,18647.17189311942,-4316.971003496306,135.36730483940318,0.0
2021-03-03,-7448.974108639722,-18275.504154773076,-19929.16968858886,5216.82126514522,135.49926058513023,0.0
2021-03-04,-7286.780959787674,-39775.75061566452,-16302.62745178571,-7019.828137581615,135.27336198430186,0.0
2021-03-05,-1141.5865083903589,11274.909061113654,-25103.10287684395,-5165.186687545803,134.9670116664547,0.0
2021-03-08,-7090.261909591133,7682.259729283547,-13767.886447976365,13082.726304983913,134.87976581322425,0.0
2021-03-09,5164.1118866016795,34207.808179104475,2494.234715141377,-2102.3708076214552,134.73074775244584,0.0
2021-03-10,3538.2227089233475,4550.691295678322,5946.574522227333,-4180.55663459012,134.90498890846894,0.0
2021-03-11,-644.7168685602308,-50019.88876732017,20619.8177510551,-97.79281795381188,134.9984243198815,0.0
2021-03-12,-12294.193569786808,-77719.03824504318,-11121.50846311981,999.7732662834673,134.9670116664547,0.0
2021-03-15,2482.566775892801,21115.268863595295,-3554.8382693135777,-278.83275950112113,134.53203329367196,0.0
2021-03-16,-285.06157624397815,-1756.2061847976504,14389.102178936879,-2478.7068509546416,134.61877921408265,0.0
2021-03-17,225.38228371847887,-45869.10954596173,20660.392652787807,-5115.722244248551,134.61264993783263,0.0
2021-03-18,-8707.782317282426,-6576.784196832167,-23684.915537255212,-10785.289669669497,134.581521185152,0.0
2021-03-19,-3177.9853625361393,627.7693871955576,-28111.393569502605,785.0686934966244,134.2171439318992,0.0
2021-03-22,6439.645789710484,42342.239320225046,-8896.735646098929,-525.191152434559,134.08790895169406,0.0
2021-03-23,5977.790354251315,30947.036822342227,17927.05537353173,4558.759106160218,134.3095832390871,0.0
2021-03-24,1944.182940634575,14240.982438558254,-16196.924967963789,-170.90985197890964,134.56926140772777,0.0
2021-03-25,-1108.8308973226146,-22857.712121090903,16044.177872518158,-2171.7032079271207,134.61877921408265,0.0
2021-03-26,-4355.056236995803,-22146.66549964778,-12069.963088304194,-1380.4791066839575,134.57539068397782,0.0
2021-03-29,-6765.038438663342,-43320.05367944276,-8555.447344886546,-1099.204333816622,134.40214769748926,0.0
2021-03-30,613.0246861778178,45277.32724725984,-18777.330973157506,-7239.671481691622,134.14321372090686,0.0
2021-03-31,-2451.124601436449,-16790.046278098256,1591.5780355114373,7611.390216253814,134.13095639297507,0.0
2021-04-01,5251.823058419144,57211.50152760428,-3968.3403103401874,867.4711008130349,134.08790895169406,0.0
2021-04-02,-5709.126322695743,13428.844327259532,-28070.30407139099,10443.813118704911,134.29732836000042,0.0
2021-04-05,1312.1145042808264,-27505.097473937334,6421.53584596899,-10266.803888044462,134.1556579002566,0.0
2021-04-06,7194.836991425475,20475.243597060726,22653.90120419198,-1033.6765939848822,134.12482956557014,0.0
2021-04-07,-1092.6106646971316,-22837.680001790814,16026.40485327602,-2164.7276853429403,134.38989036955746,0.0
2021-04-08,4553.568786540827,11109.086209536319,-2592.525156675102,6509.783512910703,134.34665727450513,0.0
2021-04-09,-3798.7302885935965,-2724.397858351598,709.0195553277268,-4160.975715317718,134.53203329367196,0.0
2021-04-12,-2582.3614411307476,11924.00462762318,-5817.7155535722595,-3524.267674566104,134.38989036955746,0.0
2021-04-13,5553.578393548968,3431.996152117985,14704.851005093686,5798.572512352756,134.29120275652585,0.0
2021-04-14,-954.141036810518,3944.859449741046,-9675.008225746047,6549.7700368497835,134.51977596574017,0.0
2021-04-15,9792.140950854755,62350.39814312966,9770.966373307834,-2453.238667389052,134.51977596574017,0.0
2021-04-16,-3997.2979514190724,-19714.69222113647,-9130.94230773831,2738.5433758575946,134.86750848529246,0.0
2021-04-19,-2540.281402740585,-21284.78304153643,3462.5805609027025,278.4896483051938,134.73687457985076,0.0
2021-04-20,4401.80031047379,4982.280251274196,13707.192801020992,-3333.6549073635574,134.64994158250192,0.0
2021-04-21,831.1949512930312,8478.472790265518,-1840.337557842961,2375.578955213527,134.78651598554595,0.0
2021-04-22,370.52073324117606,18585.499424177757,-4657.048164254625,-4431.304739197245,134.8300606118348,0.0
2021-04-23,-1817.2661405404524,-4609.51212546944,-7894.965829102828,4202.153891423099,134.82393256015303,0.0
2021-04-26,-1360.1654825350502,22944.902495571725,-4668.190359034256,2951.1700231579375,134.78038793386418,0.0
2021-04-27,-5272.99669912087,-43259.72220461155,-10421.901252895976,-1077.3779703146033,134.7681355029847,0.0
2021-04-28,943.5404684793091,-4103.57305367786,9581.08241282351,-6555.606834153604,134.5570065286411,0.0
2021-04-29,-1281.5394937586152,-23619.079518550905,-1342.244384350581,-3800.487880342435,134.5570065286411,0.0
2021-04-30,364.94815720144004,6022.914105076688,-4785.953823461238,-1736.384888505705,134.4764496888174,0.0
2021-05-03,1833.7553194713234,790.2471559771341,15474.60958792427,1655.5177504838389,134.4764496888174,0.0
2021-05-04,2968.8778127008986,19102.04328601433,1259.7088420742125,-3556.3988036718292,134.56313335604602,0.0
2021-05-05,2611.051897707346,13001.806914281015,6002.264732351334,-1820.7621995654983,134.64994158250192,0.0
2021-05-06,347.99156168555925,10489.982597328903,-6658.190008609812,5660.107655260136,134.73687457985076,0.0
2021-05-07,252.5037200030825,-50353.206132223735,22541.6804891101,-12537.64683974686,134.78038793386418,0.0
2021-05-10,-5081.653296343713,-12927.406291468618,5378.822104132321,2594.328494103857,134.70564979950336,0.0
2021-05-11,-1581.7847530743088,-20838.050196845616,11223.948098697912,1106.9265826290216,134.56313335604602,0.0
2021-05-12,-7437.2906339541605,-28744.221533619228,-24790.84423366143,11091.095015350862,134.51977596574017,0.0
2021-05-13,3086.0746525573363,7323.08349639884,18483.12988039072,745.8841352279875,134.30345518740535,0.0
2021-05-14,3758.253641666895,27641.569092247104,-530.9145703486512,-1185.5566334742762,134.43315449887848,0.0
2021-05-17,-1782.9634603430118,-4605.656060865203,-7885.925556879486,4185.584809494719,134.56313335604602,0.0
2021-05-18,93.14709202434634,-8194.324421027703,9505.613185342334,-1538.955632304722,134.51977596574017,0.0
2021-05-19,-4073.9123104388896,-7921.494477414899,-26358.260474591945,-1578.2458014545734,134.51977596574017,0.0
2021-05-20,5929.092162250932,22067.674821138142,10110.48078253576,1403.103387605372,134.34665727450513,0.0
2021-05-21,-863.1083187125954,20918.467253447736,150.9455489503561,-335.87911593543566,134.56926140772777,0.0
2021-05-24,3352.604703792734,118.53052332883831,-3753.114523937392,56.216560760818666,134.5570065286411,0.0
2021-05-25,5578.595178112399,36652.57020654492,5444.365570891119,2012.341190709124,134.6560696341837,0.0
2021-05-26,-1411.3802368919853,-15521.577253707781,-10912.714949208701,-2271.3795752746814,134.87363653697423,0.0
2021-05-27,-2623.0191790971494,-17631.743825016918,-4234.366397087162,-5584.750208804539,134.79264526179597,0.0
2021-05-28,3437.5682380190415,21559.15956135578,4211.310641766183,550.8162894836074,134.66219891043372,0.0
2021-05-31,-7.248396597541654,-79.33773418034488,-47.56446205169257,-0.6420524322169123,134.79264526179597,0.0
2021-06-01,-5089.940008410791,-17394.477268939005,7248.280513929123,-4809.945809190341,134.79264526179597,0.0
2021-06-02,3716.507944083644,-1861.9954111467428,-10497.430747809984,8382.914819171436,134.60652188615086,0.0
2021-06-03,-5655.937517341705,5297.400122774479,-6999.921062390359,-2659.824644388306,134.75526240895675,0.0
2021-06-04,9004.867772416941,28720.652517043396,11290.906401366883,527.2930573808642,134.56313335604602,0.0
2021-06-07,-2107.4883883157268,6268.902066244782,6692.109088386777,-970.7503718032958,134.87976581322425,0.0
2021-06-08,5098.139417016383,17235.088536978896,-7343.669860532,4812.1859934002405,134.82393256015303,0.0
2021-06-09,3132.2404460159023,40596.737409692796,9241.247533914193,-3082.4877388662876,135.0106816478133,0.0
2021-06-10,4900.941190812778,7473.726207018993,5107.297536719042,12482.222418386202,135.12962280307494,0.0
2021-06-11,-3265.891421531224,13980.677623792455,-10675.217771577882,-259.23458352073516,135.36117433822898,0.0
2021-06-14,-5478.58014364019,-26292.956350642744,-12179.73914947991,3673.3209374863545,135.26110465637007,0.0
2021-06-15,97.04938372864298,-8209.218029058811,9529.270490033752,-1552.1877032290358,135.08585852544783,0.0
2021-06-16,-9715.983398316077,37623.01766147171,-41602.16773711887,3474.690592144322,135.08585852544783,0.0
2021-06-17,4487.403376195696,82014.99737323028,-23041.92719499039,6318.581217188558,134.7933106593202,0.0
2021-06-18,6486.9244795261675,95483.13048311236,-7371.53951512184,5315.245995808682,134.99926360631878,0.0
2021-06-21,-7304.282685330891,-65006.71258290917,32757.883715243457,-822.8959048340173,135.2877037751191,0.0
2021-06-22,3620.3111802341505,-8004.239793142915,5811.007924850431,-1496.4727538565064,135.06229496547664,0.0
2021-06-23,-3254.6518833742516,1401.0965726518475,-10796.670187771751,2443.951667019148,135.16214843004192,0.0
2021-06-24,858.2451586028537,8479.536735816464,-1841.5850901027952,2389.097594282445,135.06840956789685,0.0
2021-06-25,-6537.402618210821,-32067.90166271855,13797.651803178045,-5477.224223523517,135.11220533107183,0.0
2021-06-28,6822.427114132083,25440.134040644014,-18757.902028360444,6401.611793218171,134.88131311925082,0.0
2021-06-29,-302.74627720320944,10800.385402008176,14549.317814252643,-5202.033833977329,135.1183211545415,0.0
2021-06-30,5263.506677842673,17237.268533121038,-7348.656792434133,4839.569400959283,135.10609072865162,0.0
2021-07-01,-2857.2796458756097,-9516.294600096791,-13822.556748260162,-4076.8593315789,135.29381959858873,0.0
2021-07-02,4585.903642554347,9452.570732127468,11862.371701566075,4096.235854529414,135.16214843004192,0.0
2021-07-05,-7.618449536476572,-79.42183188110062,-47.6553689719226,-0.648239846976023,135.34389023647574,0.0
2021-07-06,8697.774796673348,24676.902617148422,11250.423798555186,5614.139913407527,135.34389023647574,0.0
2021-07-07,5434.109991229548,42439.65563915626,-7094.44810927076,-567.1897867255461,135.6646907563911,0.0
2021-07-08,6583.130983936738,-3821.239041514778,4044.3656477026043,-6600.697696566771,135.84171212487334,0.0
2021-07-09,-10345.922592240573,-30254.8567229313,12683.466837981789,-2217.636150321116,134.948627511118,-7.207159976034745
2021-07-12,-1800.0809544257677,-4604.832024251698,-7885.810173451148,4191.779048045993,134.61778339470214,0.0
2021-07-13,-6384.711772078358,-6912.5025523316535,2487.0742821700146,823.6142148684035,134.57414473019278,0.0
2021-07-14,7969.245364427447,19376.453651405343,-4293.950173669529,-3465.1608410112335,134.38154830628895,0.0
2021-07-15,5954.100169576388,47193.99787747991,-1163.7153757437827,7666.957469421649,134.61778339470214,0.0
2021-07-16,-1659.2684342479859,8714.635491098463,9642.438773891312,3157.332114913047,134.88027673995725,0.0
2021-07-19,16164.339921737115,58691.500915461176,2288.883251527788,2689.060025794886,134.8680383734716,0.0
2021-07-20,0.0,0.0,-0.0,0.0,0.0,-3040.765255905613
2021-07-21,0.0,0.0,0.0,0.0,0.0,0.0
2021-07-22,-0.0,-0.0,0.0,0.0,0.0,0.0
2021-07-23,0.0,0.0,-0.0,0.0,0.0,0.0
2021-07-26,0.0,0.0,-0.0,-0.0,0.0,0.0
2021-07-27,-0.0,-0.0,0.0,-0.0,0.0,0.0
2021-07-28,0.0,0.0,0.0,-0.0,0.0,0.0
2021-07-29,0.0,0.0,0.0,0.0,0.0,0.0
2021-07-30,-0.0,-0.0,-0.0,-0.0,0.0,0.0
2021-08-02,-0.0,-0.0,-0.0,-0.0,0.0,0.0
2021-08-03,-0.0,-0.0,-0.0,0.0,0.0,0.0
2021-08-04,0.0,-0.0,0.0,-0.0,0.0,0.0
2021-08-05,0.0,-0.0,0.0,-0.0,0.0,0.0
2021-08-06,0.0,0.0,0.0,0.0,0.0,0.0
2021-08-09,0.0,0.0,-0.0,0.0,0.0,0.0
2021-08-10,0.0,0.0,0.0,-0.0,0.0,0.0
2021-08-11,-0.0,0.0,-0.0,-0.0,0.0,0.0
2021-08-12,0.0,0.0,-0.0,-0.0,0.0,0.0
2021-08-13,-0.0,-0.0,0.0,0.0,0.0,0.0
2021-08-16,-0.0,0.0,-0.0,0.0,0.0,0.0
2021-08-17,0.0,-0.0,-0.0,-0.0,0.0,0.0
2021-08-18,0.0,-0.0,0.0,-0.0,0.0,0.0
2021-08-19,-0.0,-0.0,0.0,-0.0,0.0,0.0
2021-08-20,0.0,-0.0,0.0,0.0,0.0,0.0
2021-08-23,-0.0,0.0,-0.0,0.0,0.0,0.0
2021-08-24,0.0,0.0,-0.0,0.0,0.0,0.0
2021-08-25,0.0,0.0,0.0,0.0,0.0,0.0
2021-08-26,-0.0,-0.0,-0.0,0.0,0.0,0.0
2021-08-27,-0.0,0.0,-0.0,0.0,0.0,0.0
2021-08-30,-0.0,0.0,-0.0,-0.0,0.0,0.0
2021-08-31,0.0,0.0,-0.0,0.0,0.0,0.0
2021-09-01,0.0,0.0,0.0,0.0,0.0,0.0
2021-09-02,-0.0,-0.0,0.0,-0.0,0.0,0.0
2021-09-03,0.0,0.0,-0.0,0.0,0.0,0.0
2021-09-06,0.0,0.0,0.0,0.0,0.0,0.0
2021-09-07,0.0,0.0,0.0,-0.0,0.0,0.0
2021-09-08,-0.0,-0.0,0.0,-0.0,0.0,0.0
2021-09-09,-0.0,-0.0,-0.0,-0.0,0.0,0.0
2021-09-10,0.0,0.0,0.0,0.0,0.0,0.0
2021-09-13,-0.0,-0.0,0.0,-0.0,0.0,0.0
2021-09-14,-0.0,-0.0,0.0,-0.0,0.0,0.0
2021-09-15,0.0,0.0,0.0,0.0,0.0,0.0
2021-09-16,0.0,-0.0,0.0,0.0,0.0,0.0
2021-09-17,0.0,0.0,0.0,-0.0,0.0,0.0
2021-09-20,-0.0,-0.0,-0.0,0.0,0.0,0.0
2021-09-21,0.0,0.0,0.0,0.0,0.0,0.0
2021-09-22,0.0,-0.0,0.0,-0.0,0.0,0.0
2021-09-23,0.0,0.0,0.0,-0.0,0.0,0.0
2021-09-24,0.0,0.0,-0.0,0.0,0.0,0.0
2021-09-27,0.0,-0.0,-0.0,0.0,0.0,0.0
2021-09-28,0.0,0.0,-0.0,-0.0,0.0,0.0
2021-09-29,0.0,0.0,-0.0,0.0,0.0,0.0
2021-09-30,-0.0,0.0,-0.0,-0.0,0.0,0.0
2021-10-01,-0.0,-0.0,-0.0,0.0,0.0,0.0
2021-10-04,0.0,0.0,0.0,-0.0,0.0,0.0
2021-10-05,0.0,0.0,0.0,0.0,0.0,0.0
2021-10-06,0.0,-0.0,0.0,-0.0,0.0,0.0
2021-10-07,0.0,0.0,-0.0,0.0,0.0,0.0
2021-10-08,0.0,0.0,0.0,-0.0,0.0,0.0
2021-10-11,0.0,0.0,0.0,0.0,0.0,0.0
2021-10-12,-0.0,-0.0,0.0,-0.0,0.0,0.0
2021-10-13,-0.0,-0.0,0.0,-0.0,0.0,0.0
2021-10-14,-0.0,-0.0,-0.0,0.0,0.0,0.0
2021-10-15,0.0,-0.0,0.0,0.0,0.0,0.0
2021-10-18,0.0,-0.0,0.0,-0.0,0.0,0.0
2021-10-19,0.0,0.0,-0.0,0.0,0.0,0.0
2021-10-20,0.0,0.0,-0.0,-0.0,0.0,0.0
2021-10-21,0.0,-0.0,0.0,-0.0,0.0,0.0
2021-10-22,-0.0,-0.0,-0.0,0.0,0.0,0.0
2021-10-25,-0.0,0.0,-0.0,-0.0,0.0,0.0
2021-10-26,-0.0,-0.0,0.0,-0.0,0.0,0.0
2021-10-27,-0.0,-0.0,-0.0,-0.0,0.0,0.0
2021-10-28,0.0,0.0,0.0,0.0,0.0,0.0
2021-10-29,-0.0,-0.0,0.0,-0.0,0.0,0.0
2021-11-01,0.0,0.0,-0.0,-0.0,0.0,0.0
2021-11-02,-0.0,0.0,-0.0,0.0,0.0,0.0
2021-11-03,0.0,0.0,0.0,-0.0,0.0,0.0
2021-11-04,-0.0,0.0,-0.0,0.0,0.0,0.0
2021-11-05,-0.0,-0.0,-0.0,0.0,0.0,0.0
2021-11-08,0.0,-0.0,0.0,-0.0,0.0,0.0
2021-11-09,-0.0,-0.0,0.0,0.0,0.0,0.0
2021-11-10,0.0,-0.0,0.0,-0.0,0.0,0.0
2021-11-11,0.0,0.0,0.0,0.0,0.0,0.0
2021-11-12,0.0,0.0,-0.0,0.0,0.0,0.0
2021-11-15,0.0,0.0,-0.0,0.0,0.0,0.0
2021-11-16,0.0,-0.0,-0.0,-0.0,0.0,0.0
2021-11-17,-0.0,-0.0,-0.0,-0.0,0.0,0.0
2021-11-18,-0.0,-0.0,0.0,0.0,0.0,0.0
2021-11-19,-0.0,-0.0,0.0,-0.0,0.0,0.0
2021-11-22,0.0,-0.0,-0.0,-0.0,0.0,0.0
2021-11-23,0.0,0.0,0.0,0.0,0.0,0.0
2021-11-24,-0.0,-0.0,0.0,-0.0,0.0,0.0
2021-11-25,0.0,0.0,0.0,0.0,0.0,0.0
2021-11-26,-0.0,0.0,-0.0,0.0,0.0,0.0
2021-11-29,0.0,0.0,-0.0,0.0,0.0,0.0
2021-11-30,-0.0,-0.0,-0.0,-0.0,0.0,0.0
2021-12-01,0.0,-0.0,-0.0,0.0,0.0,0.0
2021-12-02,5744.920965639835,-60801.01690864215,2492.3914940201544,-7301.34692350668,-134.948627511118,-3055.908566083679
2021-12-03,-11969.256545888886,-29265.966637444537,-17217.58386900283,-1392.61269899767,-134.86215918334685,0.0
2021-12-06,12225.655354881908,7997.679159854894,9361.382334968335,902.4753799014416,-135.2752574986275,0.0
2021-12-07,8699.12125843313,573.9949288138528,-9225.935864062205,143.67770028213184,-134.89370163169082,0.0
2021-12-08,4246.749478649699,63411.83199483171,-6766.217185139274,-894.2445106450208,-134.64484576291295,0.0
2021-12-09,-1074.9721667944193,-18108.336969881453,-23344.88443744192,-7170.359875735301,-134.4828883467782,0.0
2021-12-10,-1711.3554702368954,25044.239303378028,2172.0173867361773,-5392.002249493373,-134.60126315580357,0.0
2021-12-13,-7757.263642125017,-42819.23878982224,1151.1533046451689,-301.0849590926347,-134.66312523365696,0.0
2021-12-14,2715.1256595018554,613.2886521566074,5964.888452813217,864.2578857187244,-134.93137601919946,0.0
2021-12-15,5209.153963774599,12920.101230032806,-5378.118336050445,-2604.2241932698694,-134.83776955948255,0.0
2021-12-16,-6343.587949963809,45101.40469147223,-22856.959927567852,4214.086615866315,-134.69455167660624,0.0
2021-12-17,-3030.9593420558467,-48663.75527693993,333.0488714150944,1531.7022066533993,-134.8560599554082,0.0
2021-12-20,1230.3861366088104,31754.73315202527,-8222.872294167615,5380.688241417042,-134.97517872871654,0.0
2021-12-21,9295.169348027779,-9558.132357158083,5157.2489543005295,-4703.427921703319,-134.89370163169082,0.0
2021-12-22,-3323.485266509874,-8228.175714183744,13302.985450330598,-1600.6244601846774,-134.64484576291295,0.0
2021-12-23,5928.944922327536,17037.505883967602,-16859.48616243486,4011.4617266088017,-134.7442901933057,0.0
2021-12-24,7.264141066902262,79.17560097169614,47.470674401202125,0.6412047147196118,-134.5516211545201,0.0
2021-12-27,351.9313281698679,-57271.26937430822,-11189.487247342273,-1592.2519829946639,-134.5516211545201,0.0
2021-12-28,951.0915988320356,25567.26874515311,8077.360095582973,-4536.233781667967,-134.6083195626996,0.0
2021-12-29,6428.702179363963,40868.08603401841,-5940.025582487432,8617.14949230646,-134.57690750806006,0.0
2021-12-30,-4190.8009887817725,-8650.322379636193,5532.535849350738,-2421.677866137933,-134.30998311702595,0.0
2021-12-31,-1609.9891864172257,-16193.594864390521,9440.401083475024,8497.635402025015,-134.4524346922986,0.0
2022-01-03,16396.99534552508,39741.42167918162,8912.734720295437,-5313.86452247346,-134.4524346922986,0.0
2022-01-04,3165.0320461133706,50301.86681086662,-14612.443118047084,948.6433499651629,-133.94569299088735,0.0
2022-01-05,8370.927011904561,-26220.49909035871,4949.673307856488,3034.8473981088655,-134.948627511118,-12.915214034102974
2022-01-06,4781.895069127106,-35272.25213510108,821.5997638149481,-209.9005611810954,-134.69472617289676,0.0
2022-01-07,3202.4622756391086,20015.381999134534,18725.48256391723,-1928.6200690092949,-134.5775696623864,0.0
2022-01-10,4242.199457679857,-33224.956903900355,-3989.106273626595,3067.3481173418077,-134.45381728025905,0.0
2022-01-11,-4180.517255046988,-8653.531887077614,5534.324537403077,-2421.4104577869643,-134.3369952408607,0.0
2022-01-12,-164.7766585381799,-13218.5926280429,-17451.000445651778,1046.6079637700275,-134.47881125845382,0.0
2022-01-13,-4789.7390558443385,-15524.10463725278,-7088.950048864956,-2319.5175910603275,-134.50992712305307,0.0
2022-01-14,13401.66980735002,-5229.939841745203,-10033.740747279462,1973.676375706876,-134.68943682567308,0.0
2022-01-17,7.183704387812668,79.07126991548064,47.40020353700049,0.6392828765912092,-134.29446071688497,0.0
2022-01-18,13789.191905813728,-6458.784674452057,12131.303462064227,318.28852006052944,-134.29446071688497,0.0
2022-01-19,-5376.5299625876505,-15142.112712699683,2509.02350328689,-1505.6554689366712,-133.86469568863367,0.0
2022-01-20,1508.4530074587456,-25586.973651885783,-19387.653676099242,3734.0870089925174,-134.04864609549387,0.0
2022-01-21,-12615.484468193421,-1043.7595515514715,5233.182251362445,-1023.3650922990302,-134.0243913237704,0.0
2022-01-24,-102.17399247215822,33208.06691219523,-9216.744900539921,-3814.2489096867243,-134.41197128179815,0.0
2022-01-25,4740.010844032145,-5716.038990211715,-769.6951449464141,1825.529771038376,-134.4241131356473,0.0
2022-01-26,13675.500059406302,-49200.49757090406,-3755.369836648969,-668.530280112248,-134.27624974575144,0.0
2022-01-27,-2510.5995201801093,-84237.41011808398,-2937.4144212318133,424.9888376908963,-133.908128141544,0.0
2022-01-28,-5652.697727329755,9865.492222682642,-8724.87222911572,4720.835315054565,-134.04993365971467,0.0
2022-01-31,3622.6923444073173,5588.131238893136,-25687.32370065778,-3308.7413027435923,-134.1974608531724,0.0
2022-02-01,1785.4880573871453,9026.003862128688,5996.508070106995,3194.914363297686,-134.13615210237097,0.0
2022-02-02,-3935.6656519402086,5524.914283464054,-8712.54324859,-2617.1996215375407,-134.04993365971467,0.0
2022-02-03,7036.009843762074,-3200.9511073125377,11838.565756131171,-5636.928715320308,-134.1914085913771,0.0
2022-02-04,18689.673393410547,-19398.541593534286,-10865.683949136486,1445.0045848514364,-134.00082207674424,0.0
2022-02-07,-2210.089002584799,1995.0265366523354,-2919.000545045884,3269.011638489464,-134.948627511118,-24.449641900434905
2022-02-08,7431.841199643621,-14100.78218229065,-2691.1667324230702,-490.9095986970555,-134.99801483599978,0.0
2022-02-09,-43.45487030617108,-13272.491912395166,-5917.707186732506,-10596.383882514265,-134.79458843642675,0.0
2022-02-10,22694.318006358302,-136623.91132079414,-51676.745638841545,5850.503913211462,-134.87498993084515,0.0
2022-02-11,-17358.449527807752,31431.393925064305,-8065.335420184049,-5727.920455270566,-134.335515397458,0.0
2022-02-14,10934.103396230648,-18303.530912611437,-16089.220379871464,3811.57959310978,-134.8767469874139,0.0
2022-02-15,8314.328600272702,57878.41981158576,2026.6239271215884,1739.0492614636048,-134.5689631854247,0.0
2022-02-16,-6242.908202765842,23492.94461885998,18321.29344806335,4483.433417374918,-134.2677194024547,0.0
2022-02-17,-7417.418234958129,-3526.963990655046,-12846.910453920664,-5850.709077637961,-134.38990775639996,0.0
2022-02-18,-7253.214047203236,-35931.072685401086,13785.086934534447,-409.9238534883624,-134.66654582400088,0.0
2022-02-21,7.452245506847227,79.25787139371084,47.54017477518624,0.6446148528989651,-134.89490652864322,0.0
2022-02-22,5984.681615741308,-59014.12569250063,-23514.111212706895,6866.499813549326,-134.89490652864322,0.0
2022-02-23,7082.283688479961,21879.05048821137,597.8931675342545,612.0640815868023,-134.75386622702317,0.0
2022-02-24,-5765.971045593118,22407.981256033014,-8613.228506601452,2062.975334153199,-134.52583606978732,0.0
2022-02-25,2236.6799572660325,-1831.761725427451,3007.1286486551157,-3264.071674224608,-134.67948671311646,0.0
2022-02-28,-22806.0454991944,-6394.951825370294,-2933.659491512199,2225.217467329623,-134.63025191717338,0.0
2022-03-01,-20592.71618919293,50510.0052769764,-12809.281420459662,2261.7910254951516,-135.30428708134576,0.0
2022-03-02,29540.744371101566,-45072.771532337225,-26427.270938790316,-6411.3563052503605,-135.8647329316313,0.0
2022-03-03,1214.5734172497105,-19248.644564599505,-14604.638296554831,2844.2692546254566,-135.13727370598315,0.0
2022-03-04,-14730.389497015993,-40694.510675637895,-26157.91034252828,-8788.159928561126,-135.11912495591338,0.0
2022-03-07,8467.22519065517,-16127.630675486023,2136.766510530246,-3837.5356886485893,-135.6616967804447,0.0
2022-03-08,13984.026883488106,-19475.055549022123,4270.746322062263,2201.106574153978,-135.45614598138982,0.0
2022-03-09,11485.542317408157,3887.921731837211,9264.897839972253,5977.167808854389,-135.05870695044723,0.0
2022-03-10,9528.067376175128,28915.68335718106,-26214.32346630933,-11932.37975470605,-134.68142201695497,0.0
2022-03-11,3324.1073718221214,-34492.33444764605,20005.971618530682,1398.046053096769,-134.48449511314584,0.0
2022-03-14,22409.716428862946,-3953.167206363046,-1913.6809386522395,3749.3747412535145,-134.38020181671584,0.0
2022-03-15,451.1944332034611,27427.951620073418,3248.0357024745776,-1236.4295845932988,-133.70790127677986,0.0
2022-03-16,8228.623633610916,-88345.32984351841,15710.776830013021,4764.253474995724,-133.67728079054734,0.0
2022-03-17,1135.8241854922428,35435.36124297408,-15928.329004202213,-507.90779675273865,-134.948627511118,-27.4281761578859
2022-03-18,-6141.48617985817,-76803.04503260086,-8813.9537663937,1919.7748532650126,-134.91162877261306,0.0
2022-03-21,29780.3577174406,-24272.976693121072,87.35977767896227,5034.37031829878,-135.15222341664176,0.0
2022-03-22,8956.886865257391,7431.222304136713,3415.7238202128506,34.593492664456285,-134.27678520287455,0.0
2022-03-23,-9807.94909339697,-21100.07496199323,20507.69333554638,960.7452585266524,-133.99727002562557,0.0
2022-03-24,1960.8093207583804,-7151.225342732986,25075.4995228953,119.43226688328896,-134.28280848680734,0.0
2022-03-25,24521.23175500012,-56283.021051703705,2429.9427736552957,-1205.0301340949406,-134.1975427013631,0.0
2022-03-28,-621.8275864416057,-53375.68783382466,-20862.725772460584,4995.189820237667,-134.948627511118,-19.222275545616867
2022-03-29,-6361.930177955492,-26536.912897724138,-19843.89820984256,2827.8747363819894,-135.00414858469884,0.0
2022-03-30,-8925.030431668989,-9317.959922249283,1490.054322701052,-3346.236897405118,-135.21881746569622,0.0
2022-03-31,-5280.640380805043,-8357.576099844948,15222.29588825719,-1647.5215569925424,-135.5015332622726,0.0
2022-04-01,16605.886924743354,-112386.0366552853,5281.902613847492,1155.9094067602143,-135.64934405912422,0.0
2022-04-04,3154.475232374296,36305.901609399116,-375.0232559190246,1167.7050124748373,-135.2507337202651,0.0
2022-04-05,19017.66726081942,6707.094674347689,16383.466727005856,-1485.897657105768,-135.12767119156564,0.0
2022-04-06,5644.043495908346,58171.55427370107,1940.5336852008074,14143.821531553323,-134.56603261665737,0.0
2022-04-07,3382.2430300383407,68094.74227528115,980.4026666132517,7280.868239815909,-134.27447281692278,0.0
2022-04-08,10288.46446517696,6757.556582584312,-15762.650436973723,-1558.96902159041,-134.08085149131844,0.0
2022-04-11,6643.779690119571,79415.57127682527,11864.308424845789,2211.2892357201667,-134.94862751111802,-14.08605744416127
2022-04-12,-14314.728304153492,67772.00628668266,-20075.807662899573,7036.044017914805,-134.66936917113014,0.0
2022-04-13,-2067.2718643906655,1965.3741596386892,8665.96158338003,-8394.637921544447,-135.03301442761793,0.0
2022-04-14,20455.160302777625,8501.073298895439,70.02477745329675,1041.3082602861514,-135.13030860011617,0.0
2022-04-15,7.080709180284731,79.284182965074,47.51416747504062,0.6391451073162862,-134.5182047277156,0.0
2022-04-18,1640.6111110406275,29731.114775910548,-3398.095167231772,2059.5930774374547,-134.5182047277156,0.0
2022-04-19,16964.53360832116,-64466.67833749995,-20168.807112022612,-2836.7889274359136,-134.43979179722825,0.0
2022-04-20,-9693.131177228483,-71978.91381677912,14172.94316190937,-1549.8560137550423,-134.01294112990252,0.0
2022-04-21,10988.200732772664,-32858.59344890655,151.4486354597799,-8398.86655899812,-134.35552112364627,0.0
2022-04-22,927.4933499302149,-15510.876287356368,-33732.418862899045,8523.387770847046,-134.09689188844533,0.0
2022-04-25,-14616.033340805676,13369.411669906705,2421.1718441070534,-451.69061832387507,-134.0728949707023,0.0
2022-04-26,-8389.472227998664,46059.07531446901,17533.50799740919,-5000.9619560996125,-134.506492692365,0.0
2022-04-27,6693.738317289312,13055.788386321889,-18796.4329995644,9062.804805599197,-134.73008597987783,0.0
2022-04-28,6009.590186148678,-28717.658551558987,3842.836897479627,-1117.8467327558053,-134.49425030873437,0.0
2022-04-29,8765.7310743345,-22835.151143558483,-12345.927948667826,-3621.183027674418,-134.33749331560955,0.0
2022-05-02,13873.030183296125,54119.274402490206,6082.742698753416,-4716.325186631928,-134.12694734594925,0.0
2022-05-03,-518.2655895333384,-61501.35362518939,-11292.08542426403,3446.653266498014,-134.948627511118,-14.051169511192711
2022-05-04,-11307.928354645514,71530.36670608925,17762.59211045006,2037.0530049096549,-135.00332335132433,0.0
2022-05-05,17071.279021673185,66775.5301079714,-16845.610123457245,3446.8574803460515,-135.24528774065817,0.0
2022-05-06,9000.19586085935,49565.35325480674,1968.759827167575,-608.672664097417,-134.70716712532374,0.0
2022-05-09,-13871.333483789811,51481.22812175507,-953.9139299045173,3938.4771841804236,-134.40677541915204,0.0
2022-05-10,-6864.851045746735,-55800.595296593616,-8614.486540873,1577.0887140234267,-134.76735401344948,0.0
2022-05-11,-5789.490170846016,-84140.1056816353,-19549.91238714596,-10439.426848935225,-135.01481355880537,0.0
2022-05-12,-13235.202427524633,33021.26643117029,13402.047642933103,-3243.843667091539,-135.33038033241115,0.0
2022-05-13,14389.142147055398,35009.684992841925,-6715.593889582885,-1982.7478960959966,-135.68939866556806,0.0
2022-05-16,-6875.780982268583,13172.948290262566,-24306.008338913904,-1959.9504872962725,-135.27539598470585,0.0
2022-05-17,19614.77410169853,-36641.9514487074,-9232.02563649562,-3300.0759160220414,-135.50643212861047,0.0
2022-05-18,-12642.896835957423,-49651.73289454243,1837.1361235675315,555.4616569447096,-135.0030023027422,0.0
2022-05-19,-7682.044496440811,17949.56408456606,-4927.66057863449,-5421.189558583152,-135.4035581466274,0.0
2022-05-20,-8541.31377044106,-23956.254830432834,6196.612797668986,-3972.669191242371,-135.64721393119103,0.0
2022-05-23,13782.884346110737,26430.52319821979,-4918.393441650904,-4404.404426160267,-135.92255526611896,0.0
2022-05-24,-20898.456871156468,35443.01080174629,33487.29130532074,1606.9543986234016,-135.5496575388035,0.0
2022-05-25,-4293.305667700978,14561.65905499572,-12577.900357898305,12387.770183411594,-136.06887183016465,0.0
2022-05-26,-488.98947662309877,27210.675392580502,-4501.695670438272,-2085.041618007988,-134.948627511118,-14.778209134092322
2022-05-27,-349.6607102331038,-23058.78137588362,6528.392858765826,-2987.444747377838,-134.96067301453525,0.0
2022-05-30,7.372261056554981,79.37845159873667,47.602297049721415,0.6442077494927562,-134.99721745450577,0.0
2022-05-31,16238.358023363138,29315.567618133646,3981.7185983723175,646.5152911264553,-134.99721745450577,0.0
2022-06-01,15931.220135701678,-75517.91629562662,16294.930763773076,3061.5938929701415,-134.49450823345433,0.0
2022-06-02,-2183.520134340574,5632.343743319829,-10569.21879827978,-2580.5803679418505,-134.03733438509005,0.0
2022-06-03,4310.058003967834,9573.51017437278,11898.044079400941,4038.409540798595,-134.1273650942833,0.0
2022-06-06,12743.453629360123,7286.3457126112435,-9863.427452701877,-704.3911306159608,-133.9534230493304,0.0
2022-06-07,-6271.612678234355,-56122.80898709044,-18248.933561618782,778.3038544545973,-134.948627511118,-16.214253004844068
2022-06-08,7525.694279297398,15493.693597431096,-4289.674813173717,1560.8799090157192,-135.19089710081397,0.0
2022-06-09,4401.0596280550735,-37754.368021263785,-2131.0029366779568,-4345.196150829374,-134.96089692387483,0.0
2022-06-10,23792.218673134088,-145172.2214650441,-2492.30652689899,4288.627072825757,-134.88858248275417,0.0
2022-06-13,49270.10194959736,-78196.01719337006,-38098.442529929445,7017.479885880979,-134.28751395855406,0.0
2022-06-14,8342.87923623298,-9197.437681916288,3217.925685452527,7771.581387741681,-134.948627511118,-32.52480385346098
2022-06-15,-30261.05461774297,131569.43026656387,-7521.661636453068,-3336.4279122449548,-134.6676108913893,0.0
2022-06-16,-7794.635709875325,8138.5109099579695,19173.749135616417,-9480.661035833054,-135.48937711859318,0.0
2022-06-17,-2712.0819893569883,-55391.85517612341,-4573.028846489162,2496.4540218437874,-135.7369845217348,0.0
2022-06-20,7.648370307329629,79.71546401150603,47.83175267150813,0.6506631299846174,-135.84625012032836,0.0
2022-06-21,10168.426083534496,36091.14333610026,-25336.473320596382,-368.8015641536899,-135.84625012032836,0.0
2022-06-22,-26653.147938922477,6741.91275528109,18383.951872064994,1127.9958937363206,-135.56790896526635,0.0
2022-06-23,-10645.53768889382,6839.176173353053,-15796.625741044423,-262.0641159037195,-134.94862751111802,-18.609932620529435
2022-06-24,7042.148691126385,13051.89949873717,-7251.895416922877,-2587.333589973366,-135.27463850518077,0.0
2022-06-27,9754.137835247691,9913.010656694165,6387.808606665321,4173.618775606212,-135.08730743318839,0.0
2022-06-28,879.5880785357034,-20925.952648775175,-151.0470365694499,337.0660539044165,-134.76813902645955,0.0
2022-06-29,-14035.115709067619,-27348.408448812846,-20175.747441123956,1870.6978697596694,-134.75615462909002,0.0
2022-06-30,-21328.252851564426,40291.82348641286,3455.364586636431,-2638.158676223902,-135.20226755160613,0.0
2022-07-01,-15967.919483978032,35144.6667297664,-39037.85972571686,-755.8813052108499,-135.79683047593386,0.0
2022-07-04,7.354480301302425,79.36056186930206,47.58976773802876,0.6438176024848234,-134.94862751111802,-15.018250231097081
2022-07-05,-8806.32389989992,-26304.098355884104,-8355.276238589806,3600.6471218849,-134.94862751111802,0.0
2022-07-06,21634.32564928148,-42929.47154723967,-15963.577270513786,-2315.9530906760206,-135.2157948584213,0.0
2022-07-07,12684.86070068198,-469.594042582705,9269.926427575234,-1452.509319691261,-134.65885161772414,0.0
2022-07-08,13459.016955957244,-11646.559785996542,-14879.404410372365,2898.5516057159093,-134.28559600818852,0.0
2022-07-11,-13327.739913539483,-30900.861262584083,-913.3769102938337,-3864.9294344883037,-133.896356957811,0.0
2022-07-12,-6698.342740856496,-3963.6130326671887,15116.288007280566,5730.1141901252695,-134.3458283718917,0.0
2022-07-13,135.3564491244169,-108911.64653406749,-34904.89840042931,-5755.12297099345,-134.49620762029645,0.0
2022-07-14,6278.494683581751,9680.33335747312,10067.376861302879,4105.178461712162,-134.6477907364194,0.0
2022-07-15,-3024.9973488726846,1521.70835076057,876.5341759043978,-9196.205308026314,-134.4244943966597,0.0
2022-07-18,4223.5962931261565,16909.08231309981,-14981.79505372793,3980.467411352398,-134.5631588846685,0.0
2022-07-19,10462.759662086002,-36891.860045683105,77.0735979492597,-3408.0676606915968,-134.4244943966597,0.0
2022-07-20,4074.489133495123,-13453.461844069212,18332.047558980816,1084.3479307171083,-134.16616765626253,0.0
2022-07-21,-23596.944857623253,45936.76987105911,-9104.5677043762,7171.194389867895,-134.02823953875642,0.0
2022-07-22,-20758.79267840609,20394.233247115917,-7384.905173875144,-12289.402901314608,-134.66571024628965,0.0
2022-07-25,5383.375650125904,17404.054728859166,-7259.318527353047,4859.7130448149765,-135.33327630089053,0.0
2022-07-26,412.7054205102079,-18917.5482459841,-4974.205628967489,3653.299365432804,-135.1504751463507,0.0
2022-07-27,-7378.3755671780555,45486.922349759414,-13263.976027420129,5054.601706064332,-135.138504166526,0.0
2022-07-28,-16259.539142099906,66599.5190305391,-33740.22244914947,-7121.70482218136,-135.30250500816595,0.0
2022-07-29,867.900104253638,-42509.12505624947,-8156.586888680323,-161.02742197486185,-135.79736227525999,0.0
2022-08-01,-8429.284681259036,-64504.22286459926,-6846.579422730073,-809.7957125988,-135.81640970126963,0.0
2022-08-02,25579.863765911654,-55718.2756317261,19849.721546619094,423.6389467062604,-134.94862751111802,-9.881313368194242
2022-08-03,-403.46228280277677,-56871.33814916303,-1578.4366101479752,-786.0439531956381,-134.2158002304594,0.0
2022-08-04,-9287.418363354212,59008.56660336113,-33372.09428045702,3935.9252623645502,-134.2764076175406,0.0
2022-08-05,28420.757647947426,-85680.74149286057,322.49807785585733,-3189.277096883356,-134.53015091808984,0.0
2022-08-08,-8750.232438840569,-19735.109674157637,-3446.773079545559,2621.9548089775044,-133.77133507147164,0.0
2022-08-09,7205.483227392426,-43458.243429011876,-1089.3012302305701,-2511.249075142851,-134.04175749640353,0.0
2022-08-10,-3532.1885133618625,53480.7568296215,-14872.853319013766,-4975.96346213407,-133.87362302519549,0.0
2022-08-11,10505.72886383088,78852.01596915828,-1471.7682343245042,1447.8393591546348,-133.98766447711188,0.0
2022-08-12,-2253.917381618906,-36483.74488731761,-9162.794578522318,-1964.5945250303196,-134.948627511118,-18.16234098187124
2022-08-15,-8049.8591333444065,19936.50819891951,-9743.166895955792,-2094.8349074000494,-135.0641223171735,0.0
2022-08-16,5816.891622784746,-26791.20713377478,-972.7765054879033,2183.045979935957,-135.30711569136827,0.0
2022-08-17,10542.051356532764,4201.648516465713,30507.606023568693,-4935.542218421966,-135.14925177539482,0.0
2022-08-18,-4143.60885157788,34207.261015775846,21488.351878357727,-1443.8825739488548,-134.83387196911062,0.0
2022-08-19,13258.19969291974,35991.9161645347,20351.8905276719,479.8368296141257,-134.91218666815755,0.0
2022-08-22,8479.163037367583,-32613.339428926178,64.8248524240913,3950.1177741655797,-134.47157110867667,0.0
2022-08-23,985.3338506194985,34426.53755745204,15878.426018153692,-1346.2674337255103,-134.21948808763648,0.0
2022-08-24,8364.44536462519,2278.116692666658,-35129.84572877834,14142.242797440145,-134.1535491523777,0.0
2022-08-25,-9242.934238950156,-45777.220740507866,-9577.715362046465,-5267.181030984709,-134.94862751111802,-11.016775038311607
2022-08-26,2204.541667093488,-44935.31992120681,36394.29426853341,-3491.2107311839563,-135.29339584460817,0.0
2022-08-29,10868.348364628615,-2217.6177106346718,14040.58005274915,7726.078239399815,-135.23897831644382,0.0
2022-08-30,328.5040068054888,-40355.14070272136,-12941.009029615521,3136.6733320160847,-134.87053991060128,0.0
2022-08-31,4514.225384969363,34696.15227588061,12215.286866883524,-1302.9548072133207,-134.88886175135838,0.0
2022-09-01,15608.99880869095,31281.82211114783,-840.7143969903234,3934.331644101284,-134.72615480535467,0.0
2022-09-02,-11796.57880998693,62001.883731752154,2138.719355447353,-1970.413153607233,-134.22891931698086,0.0
2022-09-05,7.1733082503454035,79.23611966929526,47.496189663509774,0.6402300837665755,-134.54584766691698,0.0
2022-09-06,21159.88924737481,26777.550233502974,-14146.386621601645,-4181.280684019824,-134.54584766691698,0.0
2022-09-07,-9765.964940793277,-13018.282866762514,10990.47433375463,2486.5976957537973,-133.9431025439143,0.0
2022-09-08,4058.6410851391565,-58.78036086923107,-13248.86957110876,-740.3560605676415,-134.2229585895869,0.0
2022-09-09,8279.933244308288,-41420.54699050822,-7741.078670575697,780.8896035015653,-134.1215940105461,0.0
2022-09-12,5617.808878587015,29481.64506256042,-16655.09707541217,1308.8182271262763,-133.90732722335443,0.0
2022-09-13,13554.825651736863,-131658.52933948656,-5676.947780267317,3915.600095527988,-134.94862751111802,-14.507207387912786
2022-09-14,145.60067789983276,-50077.14220658506,11052.23279849784,-899.674504119239,-134.6376464444832,0.0
2022-09-15,8692.540128690858,-53999.14663619665,-7892.774990070116,3474.562605167962,-134.66165693992482,0.0
2022-09-16,-1178.22679367595,45311.85070241831,-28361.27617749735,4291.699574142727,-134.4408796039272,0.0
2022-09-19,9115.574265038591,-68459.58687834133,-3213.312968941966,2863.484617865587,-134.4527598297901,0.0
2022-09-20,9621.613467016166,43707.76797658089,14423.024191672246,1959.1915830181456,-134.22659365668702,0.0
2022-09-21,-4245.720178931875,-105649.97019650636,-9016.556530608785,-94.64473940660541,-133.8884405649183,0.0
2022-09-22,26053.105217727603,45755.38473318456,22842.49667284478,4668.570759661424,-134.10188363510778,0.0
2022-09-23,3948.307218441432,-94914.06138164771,-3763.8061063802224,-5135.491102902473,-134.948627511118,-26.49194902559975
2022-09-26,25308.694013566404,30420.943659600973,61354.188478245764,3219.721266772806,-134.93684690780324,0.0
2022-09-27,13461.945204128984,82051.8813880305,-30168.428065531316,-5934.952849953765,-134.10763907950275,0.0
2022-09-28,-41295.97388813575,41655.77200004813,-20596.787145115013,371.9376607132963,-134.948627511118,-13.992349203777849
2022-09-29,9214.1979581327,-54414.47299353883,-7960.631326081784,3532.918146956784,-136.13123763018996,0.0
2022-09-30,13272.631827308624,11361.87423831326,-8024.310604917579,-5861.154884223174,-135.90904174837107,0.0
2022-10-03,-22246.37334197648,20974.655401846474,-47194.174438720176,-12388.411647364643,-135.57951558648867,0.0
2022-10-04,-7185.148304315546,-5521.098107040137,-19645.2606422661,2486.45568113353,-134.94862751111802,-14.551262646447867
2022-10-05,17650.14050553163,26877.864282782917,36908.60636663113,9027.172039666862,-135.16953791969095,0.0
2022-10-06,11633.533899796068,-34098.13379690666,10788.121362711907,1534.9522736364358,-134.55640283665923,0.0
2022-10-07,11366.112368456446,-17873.414874664224,3230.5927999673727,-6959.711296093299,-134.21931122563123,0.0
2022-10-10,6.956957427468302,79.0034619821948,47.33490840475903,0.6353824578541919,-133.9307102722763,0.0
2022-10-11,3953.138258860501,46336.0416176369,-16534.978364708517,5955.387347988333,-133.9307102722763,0.0
2022-10-12,-3449.3968377459373,-118.6795561875486,3759.575738872511,-56.550717428353,-134.948627511118,-13.372493594998774
2022-10-13,17370.500214649037,-83111.6514090909,-64903.28651626152,791.4951634120483,-135.04356670129846,0.0
2022-10-14,4511.933767514652,5135.028075789594,13791.915588289095,-3341.5553877932252,-134.68203353278037,0.0
2022-10-17,1196.1629307681278,56748.52647221539,-7931.893255775828,-10.994470862240775,-134.55209308074464,0.0
2022-10-18,-2655.9479228300875,16526.476237246825,-7583.915857254873,3854.962690327609,-134.4873231061564,0.0
2022-10-19,21464.526565769498,-6408.555663531569,-4865.053257950695,-368.91750424103253,-134.540426543153,0.0
2022-10-20,15007.460457842428,14229.625661143944,884.7823887932144,-783.9939715232117,-133.93533033270432,0.0
2022-10-21,-8355.684099070746,153704.89215488205,-41094.72246118661,-4119.5369671139015,-134.94862751111802,-19.38796264200937
2022-10-24,5936.369168550763,42244.55353012824,-16636.901039416436,-1366.9278961187733,-135.14958031157204,0.0
2022-10-25,-20634.99099984772,-48529.622314776134,8242.777150450882,-8755.11605149865,-134.97862496752214,0.0
2022-10-26,-9356.324579500753,-28083.545449667457,6124.795713585856,1118.1262921812126,-135.64736068975515,0.0
2022-10-27,-15980.726719768574,17973.291861915528,567.4684536762392,7053.027693823665,-135.91550284723627,0.0
2022-10-28,13123.081716456252,-57954.87569634818,-1977.3937023889707,-3055.8636902087146,-134.948627511118,-18.50400509557221
2022-10-31,14071.543275508619,-18102.20790222486,-19783.677609289192,3850.688265554694,-134.63503310614104,0.0
2022-11-01,-3209.6708946306785,-75221.97063665115,14455.613611367318,4388.23535274423,-134.24633162906997,0.0
2022-11-02,5872.688791573414,-37500.979217644446,-15503.948310952394,7310.752972473982,-134.35192495961368,0.0
2022-11-03,9630.52949774055,-48128.24750089678,-22182.896852953032,919.8565746903976,-134.18722081116067,0.0
2022-11-04,1417.6066568653775,100108.72950429862,-23715.35702575729,1816.6296400787846,-133.96417269188117,0.0
2022-11-07,9890.970279117932,4308.741960176003,-18668.462307474892,-5640.17326767821,-133.8709160716886,0.0
2022-11-08,-11881.207457523964,-7832.844317936333,-9254.698387213812,-896.3012098150216,-134.948627511118,-21.10687327917185
2022-11-09,-4140.125721793012,60345.21713915118,-10105.493052338008,-6005.11775627705,-135.30911275616387,0.0
2022-11-10,-52044.011541939784,-5995.612972969541,21989.97708898611,5098.147096443454,-135.42770624251182,0.0
2022-11-11,7.354480301302433,79.36056186930205,47.58976773802876,0.6438176024848234,-134.94862751111802,-23.949318850637788
2022-11-14,9117.528956672324,-9533.792565258498,-6414.837344325798,6966.0495804226575,-134.94862751111802,0.0
2022-11-15,-11604.345277033846,-41020.73395788887,42.57820673410183,2927.40348070949,-134.66395849660887,0.0
2022-11-16,-16844.705538153885,-78172.94516367227,-15090.616774561664,109.9978498015588,-135.01406460788365,0.0
2022-11-17,14846.804378417728,-22745.315044938005,19798.274264020405,8975.85837784934,-135.5699046220635,0.0
2022-11-18,9730.53249620484,-33000.20905058599,-9570.054806450264,3183.20545440922,-135.10356309550804,0.0
2022-11-21,-2080.856800194446,19760.36066349558,12742.453484067282,9651.266143693983,-134.84782606348617,0.0
2022-11-22,-8724.512437624293,-51382.87476560005,2943.466408982311,-2684.2825912846383,-134.82400895164778,0.0
2022-11-23,-8844.247036920222,-50631.94132376255,8781.997981888959,10667.982379614732,-135.12161247900295,0.0
2022-11-24,7.651504490606318,79.39402103253828,47.642673081710186,0.6485557238800574,-135.3367543287348,0.0
2022-11-25,-4588.5209665465345,24572.930111905487,-3748.0585190202473,-6319.498362126022,-135.3367543287348,0.0
2022-11-28,3659.802146820674,-29338.4186886063,-2073.3641135635958,-2005.6888195241056,-135.4863467211025,0.0
2022-11-29,8610.183425761,36628.44994208268,-5951.562267171166,1256.8903978740323,-135.42064590196597,0.0
2022-11-30,-12780.720850884492,61420.32913285205,-15265.890129607267,-3645.6963282493084,-135.15747373209598,0.0
2022-12-01,-26148.664883022808,-22460.49326898864,27751.47038579044,-91.87534785880152,-135.51007623743388,0.0
2022-12-02,-3327.644508182835,-71035.91733980275,12646.971436632242,11851.53903886416,-134.948627511118,-11.354463032745116
2022-12-05,18060.156740062255,-51210.757008475026,-2661.0425195318803,-3918.3345650754177,-135.01456878357175,0.0
2022-12-06,-14021.5772160612,-23791.059738244985,21322.15240038111,-3204.0965653756725,-134.5614249629386,0.0
2022-12-07,-16714.420035615596,-9335.899836463714,6967.5433163585885,9042.842947888103,-134.97895092060082,0.0
2022-12-08,10248.126264977978,-23399.74050218571,27309.540158074975,-3693.5592559277834,-135.40485270718958,0.0
2022-12-09,11766.62190013357,74519.12707776565,-20830.22469224044,4913.824302069661,-135.12262359553245,0.0
2022-12-12,6982.545283278826,-32726.300808878994,1918.3920943305657,3940.3158819494515,-134.73393835920825,0.0
2022-12-13,-19345.093062240518,88740.76108675245,5009.129070499063,-4169.313703759459,-134.5316423173811,0.0
2022-12-14,-1904.2900199946216,-13356.805270115286,-15651.892136922716,1024.894763233337,-135.05022829389938,0.0
2022-12-15,-4888.150653784783,-32608.72915450809,-5381.049428384531,-7084.5532651986,-135.1281653823841,0.0
2022-12-16,994.6263289028667,81245.74751468546,12632.517998999687,5452.990294569164,-135.3383884574117,0.0
2022-12-19,15325.691121729615,7428.074198203106,-11789.583404747687,-686.8474171370353,-135.20584535804892,0.0
2022-12-20,14435.909798971332,84634.28047256489,21908.31077859949,-1077.3300001178202,-134.78144734638863,0.0
2022-12-21,-2383.518922715904,25379.015754211967,11775.131642477989,-4558.8014263953,-134.28270461494262,0.0
2022-12-22,775.2465360509092,-29789.0955686445,-7970.589411292137,-2823.0296130069114,-134.34788915697396,0.0
2022-12-23,12775.91491753862,15417.000190443594,-19437.896793058466,827.6850433959827,-134.37148193034906,0.0
2022-12-26,6.900499716093998,79.08627596877878,47.37740336402856,0.635079690105386,-133.99925873900668,0.0
2022-12-27,11945.630744338885,66555.03852862884,8066.44631691017,-7383.459291215109,-133.99925873900668,0.0
2022-12-28,4871.575652061788,40837.77979382767,7476.507376937158,-3050.914195314767,-134.94862751111802,-11.30362566227268
2022-12-29,-4867.015440544261,-62107.129625275964,-15346.835365529187,2548.83473479361,-134.78848732909444,0.0
2022-12-30,9467.376099378533,-12319.690614019439,-19002.389373489375,2030.8424954209859,-134.97834210925444,0.0
2023-01-02,7.308214631530292,79.25570217145359,47.52280338026336,0.6424115085292365,-134.72913169177644,0.0
2023-01-03,-10412.685055754238,-60369.369201894624,-3031.516300158111,-5888.529461518597,-134.72913169177644,0.0
2023-01-04,-13560.654677998205,-23275.817030461978,-20128.560765755774,-3181.0679385828957,-135.10939670935633,0.0
2023-01-05,5999.379348775576,-81588.07949725773,351.55618822737216,5562.268403834254,-135.55182367558112,0.0
2023-01-06,-31525.50339255976,71403.0155609304,6322.666799726926,2593.5475500467546,-135.4144775099108,0.0
2023-01-09,-4720.390515109701,27348.99015786596,8843.053330474326,-1336.7043457196542,-134.94862751111802,-11.039807322536944
2023-01-10,11722.422326918233,24260.04988055291,-9798.69740563909,3998.992843160743,-135.0620905913629,0.0
2023-01-11,-10247.491197055624,-21952.822960881233,3204.479620305603,-665.2879700189239,-134.6981391157997,0.0
2023-01-12,-18824.909004770343,-16330.41498004011,-3837.6348700385306,9113.140367136792,-135.01426195674787,0.0
2023-01-13,12382.319543782662,-33330.31239882805,-21122.23062477802,2412.4673299626606,-135.5241801227215,0.0
2023-01-16,7.477852181451111,79.43850655179091,47.649486123134004,0.6462150152115851,-135.21205987158757,0.0
2023-01-17,1490.5198968034122,54054.92073239251,17180.52161099951,7536.106387334533,-135.21205987158757,0.0
2023-01-18,-24320.767166944268,11395.322313221297,-23125.232059403585,-3882.997995577859,-135.06804065366785,0.0
2023-01-19,5951.568069789234,-6127.501114163374,1176.0766876554394,-10753.361359567632,-135.81361375953915,0.0
2023-01-20,14042.30844197064,28874.61228051502,-1948.0372531213825,-218.68599514771728,-135.7110509103643,0.0
2023-01-23,8312.985221054978,-27041.35174621977,-12485.325182871566,1400.8662644592878,-135.30169166142622,0.0
2023-01-24,-10523.124987856805,6676.651643911002,45088.51744805292,-11162.021137101294,-135.09210301041992,0.0
2023-01-25,-2383.8051650171446,14618.484211690116,-14394.85605926162,12310.12631462481,-135.39774623757268,0.0
2023-01-26,5800.2755337369035,-39405.73564011944,-1110.6771258076294,4888.895892610757,-135.4037044240147,0.0
2023-01-27,4973.886024413052,-1303.7609278463938,8949.54403298428,-2413.522133016078,-135.24180438759282,0.0
2023-01-30,7485.367403698365,-31146.822293283483,-959.590738546142,-5236.313734497687,-135.1039996571235,0.0
2023-01-31,-5777.644006698028,22478.99368463094,-8640.353874258939,2069.1025029012044,-134.94268440076584,0.0
2023-02-01,-22050.092352536358,14716.875116849662,-4602.12212833864,1923.8547603327463,-135.09210301041992,0.0
2023-02-02,998.4238966369904,516.5251935261913,7856.34424959434,842.8021838255529,-135.7110509103643,0.0
2023-02-03,27042.49887494485,-91143.90940296711,-15364.48746062851,174.45205087985363,-135.66875826893752,0.0
2023-02-06,18671.06695377229,-69426.49622418125,9726.68326206431,1362.925910432035,-134.99671636117543,0.0
2023-02-07,6837.982359050208,12996.972023980245,-7218.222463979061,-2565.160794718272,-134.49623376059975,0.0
2023-02-08,-4763.136901386995,-2993.2489633958157,-6944.01178368405,-4988.022028417349,-134.31230055264567,0.0
2023-02-09,7326.052271575957,10987.008457649652,-2409.786373685066,-5848.089987546671,-134.49031374640833,0.0
2023-02-10,9846.759424150128,40982.45283200486,1900.8922511826433,-2945.2991893709254,-134.3063839926891,0.0
2023-02-13,-1617.6103837885175,-41956.63986021478,3343.801572295503,611.1746313590504,-134.0048605890964,0.0
2023-02-14,9318.013603561332,-40935.80968229564,2.8298252793679084,1607.9792818002622,-134.07566067163663,0.0
2023-02-15,5878.120989181615,13288.855812099273,2376.958792674022,-1748.633276243571,-133.82205962767063,0.0
2023-02-16,6007.321490314657,51077.151678031885,-8772.7092551784,1823.184714342816,-134.94862751111802,-19.739743647493015
2023-02-17,-5554.890412722639,-15215.93624814943,2522.432238303841,-1520.1388639808722,-134.7409660383731,0.0
2023-02-20,7.323406644430487,79.36387265355664,47.588246855467546,0.6433675801978782,-134.9188937336525,0.0
2023-02-21,18904.64366056638,21718.59592610218,19471.465691923488,-39.65872431563832,-134.9188937336525,0.0
2023-02-22,-4154.338665458059,-16734.775624568058,3538.039869984176,7614.370032744295,-134.33937323762066,0.0
2023-02-23,-6367.040224351122,-40698.79887605372,-5511.616799062246,3001.354505527865,-134.4277541097089,0.0
2023-02-24,14477.596077088143,-49666.458662935,-13382.903856740752,-1472.4589655722377,-134.63440482459572,0.0
2023-02-27,-2290.0557024606196,-3230.8934579309976,-18390.98466229231,-5751.30319960241,-134.27430820502389,0.0
2023-02-28,1626.0459945168768,-21216.474677076734,-9752.606388831751,-464.68116720947813,-134.39803975384928,0.0
2023-03-01,12969.720304061217,-23064.79502534614,11927.614674215065,8007.298650630944,-134.38031885448578,0.0
2023-03-02,7677.98468366772,43602.835664723,16259.035084298124,1920.5511860873687,-133.96269282202564,0.0
2023-03-03,-14217.299155673521,-74883.92689877348,14994.895360961003,-5758.72067900342,-134.948627511118,-16.590144383284496
2023-03-06,2989.0162208341735,-6616.71486045738,-16362.277499813834,167.7364245413014,-135.42314822572905,0.0
2023-03-07,4363.563779031368,-105934.8614739864,-18389.239031624616,47.563487664696844,-135.363727978226,0.0
2023-03-08,4038.602036664713,-35769.358543824266,-6962.203085925073,-1052.2827386183824,-135.34039789155904,0.0
2023-03-09,-14578.10963726661,108708.30888293812,676.666554979148,4797.863334023757,-135.26922950323114,0.0
2023-03-10,-43912.53478445651,79684.32068259861,38823.41322368715,-6166.325295605081,-135.56644916488818,0.0
2023-03-13,-42837.61823732904,387237.7293969324,99130.69708217868,-23395.859614271678,-134.948627511118,-20.453839512483682
2023-03-14,18566.40482668677,-65300.88025891694,-41708.275337996,8060.615640921564,-135.91722871526153,0.0
2023-03-15,-28330.295361268636,138403.99062496243,35282.41625266878,-4290.508841301333,-135.4374101605112,0.0
2023-03-16,17507.685832004565,-144355.44115648651,-30070.492533947672,-4191.99506274783,-136.1460331151108,0.0
2023-03-17,-39181.331698140704,161331.2179490094,28388.808348664526,10277.674164027425,-135.80923673906037,0.0
2023-03-20,15801.545247533206,-44862.1662964995,4080.032286342534,-4884.462609864925,-134.948627511118,-34.23370783689825
2023-03-21,26252.90061754065,-116826.13134653283,-42522.26408801436,3095.8688691701623,-134.54822241750762,0.0
2023-03-22,-23582.645196832556,115568.90883659085,2227.274044650984,6072.907964383768,-133.90101566357694,0.0
2023-03-23,-20167.678250003984,122214.22823116333,5342.276978722738,-7179.772793331383,-134.48270358476478,0.0
2023-03-24,214.45201318779334,-16181.27159238139,19199.674635914093,-3097.8346086345146,-135.02044808598953,0.0
2023-03-27,27793.183502254,-36064.088786536464,-18492.96544839688,-3137.168345848587,-135.02044808598953,0.0
2023-03-28,5803.241104762189,-54492.9572974585,-13782.256959118915,2596.264337539864,-134.28638903539903,0.0
2023-03-29,5418.335232380098,-35510.1484363792,-8770.194656414886,-1006.6019195299459,-134.15576757246063,0.0
2023-03-30,-2094.429917661725,-39952.82374213673,-1452.7601396500722,3874.3627186347508,-134.03719663061207,0.0
2023-03-31,-10124.343719163237,-21867.476098042534,3191.579196067034,-661.775959349381,-134.1082991915419,0.0
2023-04-03,-10763.504566416716,43491.09079182445,4885.154738457122,2468.237999416599,-134.4233102060254,0.0
2023-04-04,-16635.152330083358,65912.8233620876,-3778.7157215133143,4539.596699927933,-134.68569685537813,0.0
2023-04-05,-7372.138313336803,1666.326268146319,14231.930695451583,-8507.14239953182,-135.09889460577884,0.0
2023-04-06,915.9703691288694,-33545.900552367944,-288.35309528347926,3046.331050528439,-135.33955647601488,0.0
2023-04-07,19110.372016162662,-56042.587508690674,-22035.645455481925,-481.392930217093,-135.32166701759814,0.0
2023-04-10,3996.390826177612,-14275.492202099424,1020.3025652229443,-548.1159454768765,-134.8533752597221,0.0
2023-04-11,3100.31023590661,-18356.234903675693,945.3034131769791,4494.9637726363735,-134.7516505572443,0.0
2023-04-12,-7189.0681672879855,74911.83144141328,-14824.28227442366,7061.828213019678,-134.65005387976754,0.0
2023-04-13,6646.177362211934,23877.867826649355,7341.772233669541,-7753.12693526048,-134.78136752841928,0.0
2023-04-14,14135.763919609906,-47614.121872922085,-18185.83637164893,1812.3184462279607,-134.60797840203728,0.0
2023-04-17,14391.527540955834,-20065.942914311294,-14932.786133697753,562.5823427921085,-134.24482140719357,0.0
2023-04-18,-1252.1739970247672,-23347.892639873135,-1241.0901941848897,-3776.391596628295,-133.8537155196803,0.0
2023-04-19,3732.878688624345,-31102.785983850885,-8766.435229289915,6315.758829913428,-133.93058514674362,0.0
2023-04-20,-11691.36813937961,41252.82672447068,11499.068999289928,-835.5913029834352,-133.81821818583572,0.0
2023-04-21,5066.382652210863,374.5744944157825,-5491.465790104617,85.72087935533327,-134.1261176864842,0.0
2023-04-24,-8837.668539375009,1590.0461121736284,4477.89064839163,3122.949198457741,-133.98386234117675,0.0
2023-04-25,-26554.37507160917,123119.19064494279,47375.378786308036,-4023.253789172205,-134.22110572513463,0.0
2023-04-26,6353.4147307681715,6147.511345331548,-19890.013948943426,-2466.405495662134,-134.87686550056256,0.0
2023-04-27,20298.942075442224,-76462.65974721359,-14402.288159825277,691.2185551791097,-134.7273331066815,0.0
2023-04-28,-12874.042835168626,-39331.57655126732,-12499.826622972356,5358.0259543995035,-134.20917009985584,0.0
2023-05-01,23764.83732406077,49917.90455632917,-22450.246069015986,-1185.0320759203116,-134.60227127285003,0.0
2023-05-02,-25950.166161167537,35665.969742789865,8889.970581559322,2304.9279205770254,-133.91878336375356,0.0
2023-05-03,-11010.923149108543,42778.78959664926,-12480.390603706152,838.2733515762203,-134.64385068927425,0.0
2023-05-04,-8730.757080649979,122272.77810511229,12649.122159103674,3802.9293512740214,-134.94295735112598,0.0
2023-05-05,0.0,-0.0,-0.0,0.0,0.0,-3213.900747229265
2023-05-08,0.0,0.0,-0.0,0.0,0.0,0.0
2023-05-09,0.0,-0.0,0.0,-0.0,0.0,0.0
2023-05-10,-0.0,0.0,-0.0,0.0,0.0,0.0
2023-05-11,-0.0,-0.0,0.0,-0.0,0.0,0.0
2023-05-12,0.0,-0.0,-0.0,-0.0,0.0,0.0
2023-05-15,0.0,0.0,-0.0,0.0,0.0,0.0
2023-05-16,0.0,-0.0,-0.0,-0.0,0.0,0.0
2023-05-17,0.0,-0.0,0.0,-0.0,0.0,0.0
2023-05-18,0.0,-0.0,0.0,0.0,0.0,0.0
2023-05-19,0.0,-0.0,0.0,-0.0,0.0,0.0
2023-05-22,0.0,0.0,-0.0,0.0,0.0,0.0
2023-05-23,-0.0,0.0,0.0,-0.0,0.0,0.0
2023-05-24,0.0,-0.0,-0.0,0.0,0.0,0.0
2023-05-25,0.0,-0.0,-0.0,0.0,0.0,0.0
2023-05-26,-0.0,-0.0,0.0,-0.0,0.0,0.0
2023-05-29,0.0,0.0,0.0,0.0,0.0,0.0
2023-05-30,-0.0,0.0,-0.0,-0.0,0.0,0.0
2023-05-31,-0.0,0.0,0.0,0.0,0.0,0.0
2023-06-01,-0.0,0.0,0.0,-0.0,0.0,0.0
2023-06-02,0.0,-0.0,-0.0,-0.0,0.0,0.0
2023-06-05,-0.0,0.0,0.0,0.0,0.0,0.0
2023-06-06,0.0,-0.0,0.0,0.0,0.0,0.0
2023-06-07,0.0,0.0,0.0,0.0,0.0,0.0
2023-06-08,-0.0,-0.0,0.0,0.0,0.0,0.0
2023-06-09,0.0,-0.0,-0.0,-0.0,0.0,0.0
2023-06-12,-0.0,0.0,0.0,0.0,0.0,0.0
2023-06-13,0.0,-0.0,-0.0,0.0,0.0,0.0
2023-06-14,0.0,-0.0,0.0,-0.0,0.0,0.0
2023-06-15,-19037.15799616864,50162.09723402364,-22430.456903566403,1440.4662932227372,-134.94862751111802,-3256.421680946127
2023-06-16,9989.607280513841,-49379.796027115444,9601.426844895957,75.62762497796653,-135.4789898903612,0.0
2023-06-19,7.46794426189604,79.45196183362499,47.656308419677735,0.6461546546574453,-135.22236916985617,0.0
2023-06-20,-4862.506939330094,-6672.710410095568,731.8846470613333,860.8623627085036,-135.22236916985617,0.0
2023-06-21,-2232.5974859117905,-15054.017147404316,-1189.7451258171982,-1475.722725696592,-135.35964007514076,0.0
2023-06-22,14241.660643494637,-11710.13763106312,-14973.848062703779,2940.3589790516608,-135.44339659997604,0.0
2023-06-23,-9486.249493121706,-4544.759915132792,20835.432597192943,-6778.341969616332,-135.05575881617796,0.0
2023-06-26,-4447.144210486604,46085.76338610084,4239.572535023304,-5808.563925215973,-135.34185898448618,0.0
2023-06-27,9402.746465205835,-51790.27575204098,-4969.733233025044,7662.26151878374,-135.4611880576714,0.0
2023-06-28,-7685.148723625245,-3541.3476040004075,-12906.304749098093,-5906.701367900408,-135.1986725594821,0.0
2023-06-29,26154.62395933344,-35872.95927744919,-7010.762048232753,-2376.3940255898488,-135.46753766340646,0.0
2023-06-30,-5049.562549883338,-50412.28446257379,16622.336872688207,-986.9869582214003,-134.78862445031513,0.0
2023-07-03,8883.044463134507,-32639.4626004611,64.9276276230921,3984.582766041493,-134.954972599867,0.0
2023-07-04,7.380098149999607,79.19032061828733,47.492305117061505,0.6430655698963169,-134.7057894552447,0.0
2023-07-05,10243.287643847847,58803.21760740727,17550.297553091274,3407.28782860991,-134.7057894552447,0.0
2023-07-06,14438.643737512151,4816.805723283778,34421.37915865361,-4000.748532283669,-134.33345714862503,0.0
2023-07-07,-864.7406054786059,62917.35739512073,-1204.9857657823525,-969.944051575341,-133.89300157333852,0.0
2023-07-10,-10113.750077366523,65685.8994780459,-18879.260276550296,3776.6641022495423,-133.88154130196526,0.0
2023-07-11,-967.4623744542133,-34255.02929998664,-15776.566825749367,1346.225777076327,-134.13966543001942,0.0
2023-07-12,-22371.150579235582,62648.504690280795,-8913.664101908058,-497.7552628666473,-134.20413781326175,0.0
2023-07-13,-18666.21810609988,50922.38167835876,-5018.932991695755,3074.11512884079,-134.83584285556697,0.0
2023-07-14,15814.229577498394,-83496.2295511617,-13772.563082301613,1555.845602335017,-135.32940593873116,0.0
2023-07-17,-1514.5915699131574,5319.590434682974,-20254.007370529747,-3416.042866728972,-134.94862751111802,0.0
2023-07-18,-2607.4146260419643,-16678.717800433264,1693.0257407040133,7718.446466837736,-135.03185959168786,0.0
2023-07-19,-6046.2391806959895,-50938.82203206607,8872.749091609146,-1825.330313301733,-135.07351919657967,0.0
2023-07-20,14926.507551672865,8535.081471017615,15293.012694005405,1769.1764743856202,-135.28225383355104,0.0
2023-07-21,808.24848426853,-17266.389166855857,-7847.019807612968,-5535.858224822462,-134.83000102455946,0.0
2023-07-24,2895.0604908462997,9471.163091808978,25363.056474573154,-7613.74888775568,-134.85971695385064,0.0
2023-07-25,5994.294048162903,843.0406192907442,-9309.305728692081,12567.95604715866,-134.78257205230284,0.0
2023-07-26,-6688.041060180867,13121.574630324392,-24201.309116433815,-1944.2860906463718,-134.5517865318223,0.0
2023-07-27,22352.763291334864,21891.652087007416,15742.008644021049,17.480141469550176,-134.7766588184434,0.0
2023-07-28,-7623.021755340244,7345.039402277009,-9831.004700852716,594.2841059881079,-134.10423075632008,0.0
2023-07-31,461.14883725970174,-10000.199178519775,2855.5633671654637,6770.818427596994,-134.33355119257018,0.0
2023-08-01,11301.64690430118,36687.848175443345,-9620.055228280668,1292.5931482771707,-134.28644717182883,0.0
2023-08-02,2041.5227575185697,69571.49226573191,-39.15831915332202,-1843.8361836791028,-133.93428191842528,0.0
2023-08-03,14096.078433920911,95726.6292319215,-16464.642447373248,5369.29303367539,-133.83515967129864,0.0
2023-08-04,-23208.825416781114,3695.974783973678,-5758.861587933443,-4593.339151748276,-134.94862751111802,-16.041028264276974
2023-08-07,4034.172382627793,57600.284103828526,-2039.3916964519779,859.320866338111,-135.64182450004697,0.0
2023-08-08,-9887.634081148979,-34958.764922976916,-6581.433474579935,1225.7455776486524,-135.4871468729313,0.0
2023-08-09,1284.5422274993357,-53511.12970132797,-11192.990295042477,-6715.259669716938,-135.7907557389725,0.0
2023-08-10,12707.519808422803,21398.928782992272,27016.384744222913,-155.94684277745017,-135.844720494391,0.0
2023-08-11,12364.08720971751,-29779.66731349335,20568.972021512545,-2714.12243998931,-135.45158167937555,0.0
2023-08-14,7424.0661831143325,-35575.21665775247,-10674.52642509798,-989.9063550294042,-135.1198125545917,0.0
2023-08-15,540.1983193469771,49082.54171583681,11247.58663609567,-754.6711462864366,-134.95443320451187,0.0
2023-08-16,10435.213201600205,9567.939141415405,-3248.3992132639655,3358.5730788772757,-134.8955542737668,0.0
2023-08-17,907.9444853291549,42583.34298281881,6353.369632015641,187.96547319707915,-134.57808510824995,0.0
2023-08-18,-0.0,-0.0,-0.0,0.0,0.0,-3272.4627092104042
2023-08-21,0.0,0.0,0.0,-0.0,0.0,0.0
2023-08-22,0.0,-0.0,0.0,0.0,0.0,0.0
2023-08-23,-0.0,-0.0,-0.0,0.0,0.0,0.0
2023-08-24,0.0,0.0,-0.0,0.0,0.0,0.0
2023-08-25,0.0,-0.0,0.0,-0.0,0.0,0.0
2023-08-28,-0.0,0.0,-0.0,-0.0,0.0,0.0
2023-08-29,-0.0,0.0,0.0,0.0,0.0,0.0
2023-08-30,0.0,-0.0,-0.0,-0.0,0.0,0.0
2023-08-31,-0.0,0.0,0.0,0.0,0.0,0.0
2023-09-01,0.0,0.0,0.0,0.0,0.0,0.0
2023-09-04,0.0,0.0,0.0,0.0,0.0,0.0
2023-09-05,0.0,0.0,-0.0,0.0,0.0,0.0
2023-09-06,0.0,-0.0,0.0,-0.0,0.0,0.0
2023-09-07,-0.0,0.0,0.0,0.0,0.0,0.0
2023-09-08,0.0,-0.0,-0.0,0.0,0.0,0.0
2023-09-11,0.0,0.0,-0.0,0.0,0.0,0.0
2023-09-12,-0.0,-0.0,0.0,-0.0,0.0,0.0
2023-09-13,-0.0,0.0,-0.0,-0.0,0.0,0.0
2023-09-14,0.0,0.0,-0.0,0.0,0.0,0.0
2023-09-15,0.0,0.0,0.0,0.0,0.0,0.0
2023-09-18,0.0,-0.0,-0.0,-0.0,0.0,0.0
2023-09-19,0.0,0.0,0.0,0.0,0.0,0.0
2023-09-20,-0.0,-0.0,-0.0,-0.0,0.0,0.0
2023-09-21,0.0,0.0,0.0,0.0,0.0,0.0
2023-09-22,-0.0,-0.0,-0.0,-0.0,0.0,0.0
2023-09-25,0.0,0.0,-0.0,0.0,0.0,0.0
2023-09-26,-0.0,0.0,0.0,-0.0,0.0,0.0
2023-09-27,0.0,-0.0,-0.0,0.0,0.0,0.0
2023-09-28,-0.0,0.0,0.0,0.0,0.0,0.0
2023-09-29,-0.0,0.0,-0.0,0.0,0.0,0.0
2023-10-02,0.0,-0.0,0.0,-0.0,0.0,0.0
2023-10-03,0.0,0.0,-0.0,0.0,0.0,0.0
2023-10-04,14597.938578858111,-12181.869371435892,-24664.945612142103,2113.927777207428,134.94862751111802,-3298.711922359609
2023-10-05,2462.4968975178513,-30863.8256817453,21971.516923238145,-3691.5652019232493,135.33442761105565,0.0
2023-10-06,-10675.510859633638,-5117.497601135701,1384.5511599228635,4088.4609298720006,135.3872254320131,0.0
2023-10-09,-7.386989308143765,-79.44014977027189,-47.6403020780983,-0.6448452113034117,135.11228636781732,0.0
2023-10-10,20541.610072952404,-13140.930774117578,-8009.304047217567,543.2811324078327,135.11228636781732,0.0
2023-10-11,8913.790954930879,106535.99973666051,-4286.508151071434,-658.2229039218481,135.67505919962014,0.0
2023-10-12,-19260.4739453775,-43837.73445382571,12259.19356563992,-481.3225848911417,135.9873853034716,0.0
2023-10-13,9305.281313855496,45105.729881651656,-7852.562063251675,3650.9702195839627,135.45149107874616,0.0
2023-10-16,-13141.59574059627,-28433.426080337245,9756.352016384395,1062.0141980250787,135.7512627728967,0.0
2023-10-17,-19506.323262463186,20459.45007395152,-20977.49472541236,-609.8386216256118,135.39273215345366,0.0
2023-10-18,-8941.977257991568,-44230.63154404507,-24112.389787817512,-2774.0199345114115,134.84362567329478,0.0
2023-10-19,-6835.213034028935,-110460.61839003653,-7374.1727330459535,4890.362135095144,134.51916396001607,0.0
2023-10-20,9702.565526799814,-38788.21154783291,14395.010749128412,-5852.804365676329,134.26623163902096,0.0
2023-10-23,9172.369230090015,42953.72050947331,-3004.6134840735526,328.0334698922946,134.5092029535124,0.0
2023-10-24,3909.5829135523963,20502.930359666716,-34397.143829225584,9742.684422396871,134.80444788556414,0.0
2023-10-25,-16125.818185383343,-56185.07108356778,21790.53641490651,-9406.890958553124,134.94408192764,0.0
2023-10-26,13832.370332792429,12013.618773257047,7458.54731808568,-4084.1904868735846,134.42256441824472,0.0
2023-10-27,2722.532053112793,-32803.09583596561,15171.800943328735,4679.617513460201,134.82219951834674,0.0
2023-10-30,-5656.657935324943,17875.458243100024,-6872.36154023753,-5347.390725457844,134.92118846319195,0.0
2023-10-31,-2471.329851603379,29743.379367911413,9842.647712217668,2808.3851488701894,134.73516584653717,0.0
2023-11-01,19681.941465029453,-31822.34905364679,8180.982684859905,-6655.158331048462,134.71150388408276,0.0
2023-11-02,9839.767164400868,125572.01481588116,-12707.361695457634,7422.632355752551,135.23006365885627,0.0
2023-11-03,20845.846584982042,-74214.54584430165,9681.296908890792,-6088.386676618871,135.62207551166398,0.0
2023-11-06,-17466.71926098515,19392.936544745524,-558.146407249734,-2265.618468544312,136.12368113477956,0.0
2023-11-07,12170.241025829651,50160.391372520964,7828.736304897135,252.35268183873333,135.65170750023162,0.0
2023-11-08,9069.296934613001,98559.77966464045,-6311.268236444981,9593.524190119188,136.03480108727229,0.0
2023-11-09,-21797.874191015642,-18693.939218112668,4603.61780648658,5753.246975131249,134.948627511118,-16.652241693689575
2023-11-10,1558.9461682110077,33176.33598925217,-11166.436934309182,-3777.0390977388647,134.35886797220158,0.0
2023-11-13,-1378.3370458635661,-28010.355529150682,-11018.958579773855,413.86507844467906,134.39361911636468,0.0
2023-11-14,33296.804694375205,-58016.07668403259,-2105.650314137234,-4335.008081593067,134.3241460164191,0.0
2023-11-15,-15773.870311208746,19748.828844448573,7235.924612341046,-1404.4990457310378,135.23098203599415,0.0
2023-11-16,12589.481894481767,-13184.020207072406,9051.45807418179,1230.3775530168075,134.8025791184628,0.0
2023-11-17,-929.6617620896666,63169.02539574199,-1309.1928030212189,-985.9044317904298,135.17206863587256,0.0
2023-11-20,1813.7119685834182,21498.893587914037,6079.7124701023595,526.3584316739074,135.1835906490764,0.0
2023-11-21,3148.0009737313635,-23044.638603337316,2724.4811457526885,-2944.06469018873,135.260023323083,0.0
2023-11-22,-2380.5272966345883,35137.05792303488,-12335.771164563028,-569.059774079595,135.3190014901727,0.0
2023-11-23,-7.487829723909194,-79.46151351610375,-47.66415919708812,-0.6465208859819689,135.260023323083,0.0
2023-11-24,-8013.658807315946,-13486.263722996537,-537.8762859216029,1749.4783547017107,135.260023323083,0.0
2023-11-27,14979.718250481683,-11446.24829205127,4322.153675461413,-7923.850396976514,135.03660881259745,0.0
2023-11-28,11655.580160061108,-70919.97604524103,-354.1059499329642,-396.74548938509236,135.41336959564836,0.0
2023-11-29,13677.33560708064,-6192.938401663517,-27673.246729012957,339.8042989505723,135.68540935914086,0.0
2023-11-30,-17185.507503696008,-9583.570412034047,18564.110421018613,-2674.1666881068604,136.02962121999767,0.0
2023-12-01,27915.755821242008,-21701.197891748332,-23349.123719213123,-2548.4576249425704,135.56123925851946,0.0
2023-12-04,-11466.582212138333,36598.18573984928,-7854.140939059348,2587.5887838368635,134.948627511118,-19.875298835238937
2023-12-05,16563.088339671707,40539.902284521704,-22981.353506055242,-4476.229154416609,134.65428628629587,0.0
2023-12-06,5746.057010883653,78856.3275566068,3994.952577879261,1379.3511961120644,135.10789734497766,0.0
2023-12-07,-852.3780115730905,-38259.11809255217,3346.441818293335,-4457.006189593918,135.33877705198142,0.0
2023-12-08,-18366.179216301924,51255.84446414738,2664.1292145779807,3932.782319660715,135.2676276643535,0.0
2023-12-11,-887.5484720468316,-4169.625837812929,-121.95619757937001,5044.311924016271,134.81858342285787,0.0
2023-12-12,2372.5030946017573,28317.138158835787,18708.91764692069,416.0218576926344,134.81858342285787,0.0
2023-12-13,33974.090969066296,-113934.09065508621,-25953.087580558,-3514.332856561527,134.93053114631655,0.0
2023-12-14,21081.597700711893,49084.247531620254,-36449.154018116235,-2917.44724984886,135.75500475422527,0.0
2023-12-15,-1599.2539629754867,67849.66820705755,18032.784389764038,-4418.147261357133,134.94862751111802,-14.937190346929128
2023-12-18,-4907.319181665789,-40818.16828051201,-7473.926146572062,3053.5893541869204,134.94861158504472,0.0
2023-12-19,2458.4755211259553,4144.2160473070535,-13391.363881480178,6639.425854357978,134.78862838784974,0.0
2023-12-20,11803.66576213777,-13616.276996661953,1278.538153116337,399.23612236933553,134.88339190276298,0.0
2023-12-21,-3483.679054847098,-42462.196230223955,5129.6156757523995,590.2294726500703,135.21601184644433,0.0
2023-12-22,-467.7276796431582,-27666.800878406913,-3277.8541145499025,1253.08614210671,135.09704089487317,0.0
2023-12-25,-7.370724387378348,-79.4234781569154,-47.62865998445986,-0.6444862666148542,135.06734879536842,0.0
2023-12-26,1814.3919571320525,-19741.2592469387,-35939.50377285664,13704.654408186201,135.06734879536842,0.0
2023-12-27,15856.063805967286,18599.871948618245,10516.409479598073,-5042.280019389314,135.13866763710396,0.0
2023-12-28,-8500.675930965826,18153.301535894574,4637.892300644204,-4618.076916545033,135.59178768829776,0.0
2023-12-29,-3168.0867726995293,-57879.26832230154,-7618.1706709086975,-1664.8957617174913,135.34700121245368,0.0
2024-01-01,-7.377802002321314,-79.50042538617514,-47.67479661441363,-0.6451096971676448,135.19813370007768,0.0
2024-01-02,-13523.287739744494,34882.2020945816,8472.308893333875,67.69381965875075,135.19813370007768,0.0
2024-01-03,4423.947073332498,22008.708106481234,11989.807857498856,1384.748985502555,134.84799683667177,0.0
2024-01-04,-12183.704168330823,-22238.969799226903,4971.224108431629,-698.0340596562422,135.01391052625974,0.0
2024-01-05,-8919.601508509577,-40658.07041171364,5860.335007423273,3782.7720997475444,134.65284593022804,0.0
2024-01-08,7124.4127803603415,-1694.5951883506684,-2642.134946192982,-3157.761656796865,134.39365807957628,0.0
2024-01-09,-834.1023085758019,-8630.841339734137,1743.5583784786452,-2369.8325150745854,134.58216837734963,0.0
2024-01-10,-2981.909466432755,-6716.405770349749,-1218.1867020221994,879.5029801044449,134.5409346597766,0.0
2024-01-11,11799.003407767646,-62110.945842083966,-2142.425854435271,1973.3621133629908,134.45261464495152,0.0
2024-01-12,7563.734822829786,-96873.66511354981,-14320.345429123032,3277.7325434548084,134.7654912235426,0.0
2024-01-15,-7.161394721176563,-79.47877886036876,-47.637860179662006,-0.6416758857804875,134.9197096469878,0.0
2024-01-16,-17007.979934970546,-14421.055300306545,967.1344471274822,762.5028870327899,134.9197096469878,0.0
2024-01-17,-9349.017467335978,77878.16981438149,20663.484469970215,1107.4430590067882,134.41845732154144,0.0
2024-01-18,-4873.147173454429,-42426.07660738204,6957.679052338025,553.1530933903864,134.2239758073564,0.0
2024-01-19,-3722.053356466394,43761.02273468845,-2606.823029838891,2557.4739890347446,134.0602404512355,0.0
2024-01-22,6176.155382380746,11160.737167127581,7089.766375782333,-4996.940581548668,133.98968475807345,0.0
2024-01-23,-2686.9015706280443,-76542.5990415244,-24114.598904821403,13483.623295963742,134.16518009972856,0.0
2024-01-24,-3902.190159495941,-8849.433280202447,16973.922254116784,-13912.485275008456,134.0780700631724,0.0
2024-01-25,7787.997939671838,-20703.61539891307,-7670.33332167609,451.00215340663516,134.94862751111802,-8.640226064013405
2024-01-26,-4308.710543331994,42243.235873278376,11852.65980650302,102.0089556030526,135.14962443309216,0.0
2024-01-29,11413.471412582503,13513.818642519043,-3271.907654598859,-1689.4103773994034,135.07258961842822,0.0
2024-01-30,-2168.8442562513465,74460.4359118987,11366.700132280703,6345.164863439597,135.39255202058703,0.0
2024-01-31,13958.775976890953,-22453.06999042018,-8432.829789555668,-2781.0839204710574,135.43415332142547,0.0
2024-02-01,19253.520368807327,35471.477333035495,-2729.4138058662356,-1087.5309558679053,135.77970621974342,0.0
2024-02-02,-27586.54518845025,28824.295625328585,-3811.6800930974105,2438.9810287079285,134.948627511118,-13.620833603575827
2024-02-05,-21429.96257819115,-21069.520648928465,1642.6561521095111,1606.8995284327382,134.19251416130177,0.0
2024-02-06,13637.630892219217,-9091.197031478127,9130.45302404984,-3811.8355123022525,134.94862751111802,-17.155498687085128
2024-02-07,-3082.4204873279955,6648.530617383514,4759.598074766751,11555.91144155741,135.32140551925562,0.0
2024-02-08,-9800.921667311972,-1011.350951706551,1458.2695227305105,-982.4706393447746,135.30952352429983,0.0
2024-02-09,-3096.8273346588276,5835.124740912718,-1084.0538010840542,-1808.5188833050697,135.03125786956969,0.0
2024-02-12,1261.571184036875,-14986.089580795493,-4993.6658873673605,-1411.9164135387475,134.93676168925023,0.0
2024-02-13,-25789.931441251792,62937.34009833407,2444.517507302991,273.12520810365174,134.94862751111802,0.0
2024-02-14,8035.661108911559,-47671.3839685169,-3108.9436348455915,2516.301529906706,134.26678824082074,0.0
2024-02-15,3917.0809210386706,19516.775738392553,9015.425396005634,-2727.490650241743,134.4779087407472,0.0
2024-02-16,-10337.075140330413,32510.193787738153,1787.4113636690338,-3990.344871540031,134.6010399235513,0.0
2024-02-19,-7.155266081165168,-79.09963882878557,-47.41374413411778,-0.6390408991375336,134.30768994320601,0.0
2024-02-20,5520.4190287256715,-26825.128161625336,-1062.3393496615902,2154.7272637383603,134.30768994320601,0.0
2024-02-21,-8464.229505367086,-573.0494082466116,9206.673067662205,-142.80519879268405,134.4601463158312,0.0
2024-02-22,-3011.3299066755762,47802.96251677122,-2531.7956533919664,-2430.9641740662455,134.2259148715332,0.0
2024-02-23,9985.621033113377,54985.43163349598,-12447.672018329979,-3137.515915946802,134.1555175089146,0.0
2024-02-26,-3315.237272063783,-8377.654126621608,13192.621561486827,-1598.6007011277056,134.45384572564518,0.0
2024-02-27,-4712.745458443861,-19314.976327642773,497.1805293401158,3526.479557502186,134.36002613798968,0.0
2024-02-28,8434.793961435105,-16541.845876692227,-7562.928319726928,-4558.450540049894,134.2313289215032,0.0
2024-02-29,1662.0205219743102,16993.402516514998,-3623.8444044539724,4738.170343305226,134.43056528335146,0.0
2024-03-01,12839.913682469742,-37331.15121038884,-11474.352838804078,-4181.7660909537335,134.51262427239686,0.0
2024-03-04,-7231.385682875898,27401.13467716963,20217.112200899308,-560.5192996740018,134.81867620155842,0.0
2024-03-05,14203.098098341177,15690.15317250151,-11780.69912037038,1663.6105528487872,134.6536715395474,0.0
2024-03-06,2215.0677476988485,27581.654718885657,1324.065201908617,-1227.0059360347725,135.06656746689038,0.0
2024-03-07,5042.7701202109065,-43600.6722332556,10302.467997867325,-1767.5283438940603,135.1435034376816,0.0
2024-03-08,897.4278532076182,-21114.711915547145,-246.645237869899,338.34343539653594,135.2561117328596,0.0
2024-03-11,-2682.962267754197,20860.437773364552,2009.78982011815,-368.3557618607519,135.26797293916434,0.0
2024-03-12,-11129.817390665507,13906.344923506987,6408.162593323327,435.3844320725209,135.2086807164404,0.0
2024-03-13,-6130.325261897172,-4468.609163628531,5441.931381368028,4964.173957426373,134.91880260195828,0.0
2024-03-14,-15792.018474832099,-14278.032304308166,-888.5083699641878,793.0821640999412,134.77723053998622,0.0
2024-03-15,-3975.9374298997304,34856.95143796213,-10415.595804655914,-591.0250526212212,134.32497586310794,0.0
2024-03-18,-4303.599643687053,-13216.453089753173,-4229.993458426705,1785.4099251673663,134.21951833086405,0.0
2024-03-19,6780.405643330837,-20273.630547186014,1952.4385501312242,1244.5153428291105,134.09107955375333,0.0
2024-03-20,7254.8122253214715,-68703.50125868677,-1457.9726498760735,2824.6420709739787,134.2840458041963,0.0
2024-03-21,-1251.004855019111,27321.01615104784,5021.868370354123,-1273.4410378184061,134.4601463158312,0.0
2024-03-22,8182.358880287737,11265.008378748089,5248.598116717015,-5012.005071837321,134.44239424675078,0.0
2024-03-25,-2065.4509114319717,-51861.65696385031,-33494.08054055009,7437.014941055604,134.66550740242562,0.0
2024-03-26,921.6100607635137,25427.897100798873,7986.090641400234,-4527.857343714587,134.5718151035706,0.0
2024-03-27,6039.4218240953,13187.610070433002,2293.213182669354,-1764.9727674970034,134.6010399235513,0.0
2024-03-28,-2638.9754469563504,50368.0050437492,411.60417062564125,1676.2563383813022,134.7774612839359,0.0
2024-03-29,-7.348782177724151,-79.2387869196638,-47.51736778857698,-0.6429145992770583,134.74785148524194,0.0
2024-04-01,-22458.823848817763,-1364.5243148047734,24043.68482756633,-371.88596431291205,134.74785148524194,0.0
2024-04-02,-2572.094244873625,-42566.2273831531,-4488.10200519322,-215.49988901379174,134.137799901977,0.0
2024-04-03,1208.4449426127742,-14919.812825414992,-4968.326845403301,-1396.4236916070981,134.02724493819358,0.0
2024-04-04,6687.327166059184,9173.365640188518,365.4671359521026,3265.7094419479754,134.0390601185014,0.0
2024-04-05,-13053.494600070075,5221.087698451215,10012.556851519725,-1962.026000970723,134.26087548303494,0.0
2024-04-08,-5882.547080313462,28618.536016983486,-3828.428565405711,1110.62844868116,133.88741916478253,0.0
2024-04-09,8707.50189838427,7254.100253012793,3310.9361231671714,33.094790767592585,133.736060192571,0.0
2024-04-10,-33578.606037189486,64138.13911603129,6863.7727645284795,3390.2290972815836,134.00362834423865,0.0
2024-04-11,699.0571519632786,-34429.739859189,-17792.543383483462,1388.2774631982393,134.94862751111802,-27.62835032696603
2024-04-12,9639.30534115741,-7276.1373746908885,8020.824046389333,-571.6300335646672,134.93134558407726,0.0
2024-04-15,-18552.34344614198,-57056.94714108494,-5360.599189971353,578.435469725112,135.20699787064922,0.0
2024-04-16,-6366.122331244015,5631.603581098699,2625.346235033738,-1854.00947117535,134.64556620310034,0.0
2024-04-17,10617.155680813406,16269.29348400072,9296.811276905408,3226.367748214205,134.4592258718969,0.0
2024-04-18,-8248.42751136871,13659.790851180973,-5084.198802010501,-342.62526274844765,134.8086995879882,0.0
2024-04-19,2981.5843840463544,6557.705030505442,1123.2315734182712,-881.4637010562444,134.57528532471483,0.0
2024-04-22,-7.203780162657446,-79.28778797592716,-47.53004307692844,-0.6410395553034847,134.6626507708165,0.0
2024-04-23,5700.3354187122095,-80631.01173005808,-31569.69243749294,6332.405128005715,134.6626507708165,0.0
2024-04-24,-5317.002085841922,-19081.152496779614,21702.068953951086,-7284.670417053806,134.7685197943101,0.0
2024-04-25,-9204.996122358461,20433.40788769581,9419.924122164664,-477.78864731848535,134.5878431439236,0.0
2024-04-26,3733.28212704008,27633.534264786405,-530.704087323391,-1183.944048561204,134.34341964604735,0.0
2024-04-29,3940.040253134805,28414.925961129684,16842.461285361067,441.3559106368789,134.4651382934433,0.0
2024-04-30,-10239.35775457037,19989.53542650395,1652.0047165099236,-1308.5335188342442,134.62190963457385,0.0
2024-05-01,11305.060000686106,-22465.306029026506,-6539.866090571909,-2765.4546001667272,134.3366972731885,0.0
2024-05-02,9772.101778288894,-47690.067666159106,-4970.278557885697,2552.5474084504194,134.62782205612027,0.0
2024-05-03,12567.92291706937,-629.4785402155267,9194.532266613296,-1454.5477300880007,134.8850726523847,0.0
2024-05-06,843.1562194785402,21083.266722418168,-1708.3966025298143,-310.0841200414856,135.24848129733263,0.0
2024-05-07,2095.7654153101457,23202.344690462924,-8401.9000223887,3025.850491984511,135.28366021177308,0.0
2024-05-08,-3433.0669599061193,-3947.6329025337777,11395.845745197195,5847.426563726942,135.36596265745652,0.0
2024-05-09,6026.88308733079,-118.89943164566641,-15282.4609465518,-723.1732272941143,135.31294135119072,0.0
2024-05-10,-9212.67135982539,18482.873635176486,14297.655983383689,-3798.984848183094,135.4602394631899,0.0
2024-05-13,3089.881625956712,-6001.4777104506165,990.1138669797889,1809.9217790329178,135.21292062449533,0.0
2024-05-14,6526.07757293705,-2137.5445076648075,-10448.299053256917,-4033.048007569711,135.30701514796644,0.0
2024-05-15,15665.590733237734,-9016.605666563339,7296.329989654823,-3804.536303549347,135.45430865668115,0.0
2024-05-16,-5547.15710406389,37502.772056103255,-5674.948789180454,3545.9544602896362,135.87407546136868,0.0
2024-05-17,-7590.419003005707,5995.227750777617,12316.29006967232,-1068.3907342338468,135.7614614038949,0.0
2024-05-20,-2364.6904707264744,-19677.05920304061,-11027.0788724727,2791.8260346863667,135.56628898412424,0.0
2024-05-21,4102.879348363688,19613.715185850095,9066.678373730383,-2760.792865358051,135.48962994407086,0.0
2024-05-22,-4591.699464481022,28959.788720546356,-5728.338852602109,1162.850573547653,135.61355413726974,0.0
2024-05-23,-7625.015064238071,14133.419098329665,2698.498278737767,494.0674142176179,135.5072023176226,0.0
2024-05-24,-432.9575693383023,23427.93580651453,3111.2452241562028,3811.1849362933217,135.3126475185438,0.0
2024-05-27,-7.531041022984068,-79.48236973451404,-47.68127813173454,-0.6473173827295365,135.34200627196213,0.0
2024-05-28,-9267.797128457012,-62282.722607661664,9486.59256375802,-8411.016699677597,135.34200627196213,0.0
2024-05-29,-10557.079249429185,-39135.5411926591,-6733.838209022403,6265.288713539229,135.00733499947606,0.0
2024-05-30,9031.768625414747,7293.347938661356,3330.5840789824797,33.44945037216485,134.7093324531316,0.0
2024-05-31,6984.3138250007805,4751.442341110304,2236.56716493401,-4125.381154990965,134.9782010903936,0.0
2024-06-03,16218.240858386245,20277.652119670227,-3958.6237259332065,-2548.9308240698183,135.15999610049377,0.0
2024-06-04,12153.993639208044,16008.918967489239,-317.09703371505617,2464.7816886639916,135.61355413726974,0.0
2024-06-05,7679.087852870965,-6159.186201992429,-12424.083213509175,1070.3614738414356,135.97493928278033,0.0
2024-06-06,1932.7965427309778,4477.387438758101,7855.181760307052,-4276.4270714507,136.1711811392159,0.0
2024-06-07,-25754.607532518283,20797.64989299184,3902.9672695324266,919.0417424837491,134.948627511118,-16.054468653537892
2024-06-10,-4233.83733712463,-30194.760175747742,-2507.6495356075357,-2911.7051458592846,134.24527046721977,0.0
2024-06-11,11234.724793892798,3387.264768449664,-450.53685573512905,5078.65698480186,134.08243995041062,0.0
2024-06-12,12418.123874804227,-627.7709226860778,9168.15040596563,-1448.3070749321264,134.44400585350294,0.0
2024-06-13,12492.53898749862,-1399.9842184107556,-8210.652732057672,-3091.9905629876334,134.80742399691047,0.0
2024-06-14,5583.218298348273,35941.62058825107,-11970.982013745588,383.0248704068364,135.1373148357474,0.0
2024-06-17,0.0,-0.0,-0.0,0.0,0.0,-3269.080800841403
2024-06-18,-0.0,0.0,0.0,-0.0,0.0,0.0
2024-06-19,0.0,0.0,0.0,0.0,0.0,0.0
2024-06-20,0.0,0.0,-0.0,0.0,0.0,0.0
2024-06-21,0.0,0.0,0.0,0.0,0.0,0.0
2024-06-24,0.0,-0.0,0.0,-0.0,0.0,0.0
2024-06-25,-0.0,0.0,0.0,-0.0,0.0,0.0
2024-06-26,0.0,0.0,-0.0,0.0,0.0,0.0
2024-06-27,-0.0,-0.0,-0.0,0.0,0.0,0.0
2024-06-28,0.0,0.0,-0.0,0.0,0.0,0.0
2024-07-01,0.0,0.0,-0.0,-0.0,0.0,0.0
2024-07-02,-0.0,-0.0,-0.0,-0.0,0.0,0.0
2024-07-03,-0.0,-0.0,-0.0,0.0,0.0,0.0
2024-07-04,0.0,0.0,0.0,0.0,0.0,0.0
2024-07-05,-0.0,0.0,0.0,0.0,0.0,0.0
2024-07-08,0.0,-0.0,-0.0,0.0,0.0,0.0
2024-07-09,0.0,0.0,-0.0,-0.0,0.0,0.0
2024-07-10,-0.0,-0.0,0.0,-0.0,0.0,0.0
2024-07-11,-0.0,0.0,0.0,0.0,0.0,0.0
2024-07-12,-0.0,0.0,0.0,0.0,0.0,0.0
2024-07-15,0.0,0.0,0.0,-0.0,0.0,0.0
2024-07-16,-0.0,-0.0,0.0,0.0,0.0,0.0
2024-07-17,-0.0,0.0,-0.0,0.0,0.0,0.0
2024-07-18,0.0,0.0,-0.0,0.0,0.0,0.0
2024-07-19,0.0,0.0,0.0,0.0,0.0,0.0
2024-07-22,0.0,0.0,-0.0,-0.0,0.0,0.0
2024-07-23,-0.0,0.0,0.0,-0.0,0.0,0.0
2024-07-24,-1079.7286341490117,-69481.48405985894,19391.82424900929,-8965.560182512969,134.94862751111802,-3257.9651167398188
2024-07-25,-45.81988180447318,54611.37964174386,-1368.9581017390383,-3331.3063297008653,134.84292318675207,0.0
2024-07-26,10486.324684137531,1286.037034792523,6223.265410892662,1808.415023408353,134.86031646515795,0.0
2024-07-29,3069.4924363832783,23612.96551418972,-607.3499333649332,3861.83005363046,135.1788214758735,0.0
2024-07-30,3125.120558412946,6575.279046963304,1127.1022292827017,-890.6410346709312,135.3030284924566,0.0
2024-07-31,10241.957184579449,-5606.095909042985,-6449.598138780192,1931.002618414898,135.39191888777785,0.0
2024-08-01,19918.065211838133,-36810.638987634484,-9332.549517311145,-3311.5456154980134,135.67713252081413,0.0
2024-08-02,36644.76407323908,-80600.98858249272,-50561.88926832112,4383.165150063813,134.94862751111802,-15.355014851986198
2024-08-05,2556.949409611321,42032.424270520096,-13067.553758483735,-1439.0882308979292,135.9083003882999,0.0
2024-08-06,-20374.94091650931,-16260.894799396876,17379.295842996013,-1776.496203725761,135.98637531847677,0.0
2024-08-07,-9351.768009421492,-45253.75593236822,-3850.288485881519,8079.594065880273,135.42407710481194,0.0
2024-08-08,-5678.99111353436,14222.224728564535,835.9204674564909,519.8810588654077,135.16839727295698,0.0
2024-08-09,5281.596276303021,43174.624074477986,10344.891968465572,1078.4277502838665,135.0200773963588,0.0
2024-08-12,7454.354857191733,-1700.7386320964197,-2653.5945043325432,-3191.9339106201805,135.22170482661053,0.0
2024-08-13,10183.528878944715,-35266.210256979575,-4853.831358436371,-126.6841426119459,135.41214554520036,0.0
2024-08-14,2634.1139373623546,33828.54843505452,-3438.8777967958727,-2995.722915010467,135.6687931886972,0.0
2024-08-15,-18425.18756800653,55869.844075505716,12424.741689503051,-329.923928339136,135.7465813063752,0.0
2024-08-16,4367.658003147169,8693.917364997964,-5563.891507115721,2449.2199680641597,135.28706792406285,0.0
2024-08-19,3998.7787380417394,27746.62785788106,-533.4645038786368,-1202.0759361630107,135.42405748133223,0.0
2024-08-20,8841.18564309848,-21094.980676085503,-17357.2742670566,-357.2977036216272,135.54939350530387,0.0
2024-08-21,7728.872889500073,-44002.841258036286,-1195.7625770429922,-2562.888912553595,135.75865659270448,0.0
2024-08-22,-13159.11976323908,1248.134092175045,8166.283397163459,3132.4651415037397,135.92640304606127,0.0
2024-08-23,10690.893262511114,-41759.41752255991,-9760.70288523639,823.0285785158666,135.59113360551945,0.0
2024-08-26,-1800.839487904847,-179.21835516758117,1817.9207539658614,-29.544983777920525,135.85436009215792,0.0
2024-08-27,1935.829644484659,-66626.78864064047,-32746.322680922738,6975.965620050802,135.806429424436,0.0
2024-08-28,1022.1646667155289,-8616.738477188934,11528.193996516751,-14147.083029616319,135.81235235564915,0.0
2024-08-29,-5321.357614790741,12241.722799226243,5686.6962144043355,-2800.657367177542,135.77045701906107,0.0
2024-08-30,-7932.804770666351,-4590.7321210380915,7333.896341782282,4962.37481282897,135.62101304481357,0.0
2024-09-02,-7.414581463283752,-79.619833377131,-47.74927451109145,-0.6464691670279363,135.4301585185341,0.0
2024-09-03,10127.72511425023,28510.64561359258,1682.3197551426802,-276.2177033222729,135.4301585185341,0.0
2024-09-04,15424.195756994734,-35811.61664284143,-27953.17792335045,-1694.0594728290928,135.74054357617766,0.0
2024-09-05,4954.605872817397,23841.42404672894,-2480.0081850768092,3927.1790557539016,136.1062669436477,0.0
2024-09-06,5530.364144282567,-69825.03524655086,-17017.366598023345,1177.089072780438,134.948627511118,-20.7054920160881
2024-09-09,1784.5076949952452,34065.238421133734,6213.980085775481,-2167.160857347102,135.04405195290283,0.0
2024-09-10,9954.538435530558,-39650.5815889851,-14563.390540796267,4120.554182545531,135.115570840405,0.0
2024-09-11,-1792.014297849332,29476.022368135065,213.8764157793992,2025.1770156563405,135.37855954122264,0.0
2024-09-12,-4774.042796289501,-14982.588798126797,10231.361783760773,-695.2428835918197,135.36061310502535,0.0
2024-09-13,6424.612801089659,-36206.62345092314,-18570.383841557446,-1827.9155916904158,135.22305838715246,0.0
2024-09-16,4337.416117491048,21291.68377704714,-5431.1475459523635,-253.0579281926869,135.3486349932927,0.0
2024-09-17,-4420.661426616345,8209.319433205017,3738.7314763970335,2309.148423795695,135.48039380949484,0.0
2024-09-18,-7375.9236726073905,-36257.62504266536,13756.32133784788,-413.8541872434133,135.37855954122264,0.0
2024-09-19,-2758.206776287357,-34684.438733939256,-14103.243715919061,1332.9257452161412,135.15741311942497,0.0
2024-09-20,1636.1915489342148,-34042.350817477025,-10027.931212262409,2221.1261788100956,135.04422031183356,0.0
2024-09-23,-3903.5490551529806,1740.3519588839,-1159.9451472853223,3236.7931904954617,135.068165280716,0.0
2024-09-24,5431.314101550478,-57342.384919886215,-16897.60424231203,-1511.3515304199952,134.97289716639352,0.0
2024-09-25,-8100.5557135520485,-7036.979992231553,4355.4586679331005,798.0151554440185,135.06245670525806,0.0
2024-09-26,-3318.9321868928296,63390.3041895237,10187.342486388205,-205.9398087280452,134.83061339864702,0.0
2024-09-27,6821.955701172545,-20377.91446021203,1962.5137837955083,1251.1244459312197,134.788705601362,0.0
2024-09-30,-12298.372105341567,47886.1541002065,16389.482974536695,-1786.09948881903,134.98487199287914,0.0
2024-10-01,10605.49697322594,7395.452562956824,1476.7804139932534,61.840109954487986,134.66988506575612,0.0
2024-10-02,-7291.418353450262,-28073.013511220026,4152.5448788904,1135.2362400480788,134.99059366755807,0.0
2024-10-03,-10218.436718484296,20015.664684817257,1654.0706624935515,-1309.4970466798186,134.7707626746188,0.0
2024-10-04,-26311.928254295068,105627.46280822212,20215.007258841233,1228.7447479271768,134.4804478744404,0.0
2024-10-07,-8109.8937151892205,11925.196137030938,9313.805693453398,-2792.6058737319604,133.80858113432868,0.0
2024-10-08,-853.8803554463466,-21198.715694055085,1609.6316061602872,308.0158158300006,134.948627511118,-16.467075419084722
2024-10-09,-4525.852282479446,-680.6467256922342,-15686.396106836763,10768.836242703826,134.9131871054279,0.0
2024-10-10,-2531.495935423688,-38305.54790650671,5194.541688150438,-4448.969153499418,134.82452689778376,0.0
2024-10-11,2656.6587472128767,-29105.74596744157,7460.724659416918,-1178.8568114360585,134.70664010061157,0.0
2024-10-14,-7.227158468916328,-79.33588795315192,-47.56100104348201,-0.6417173040872031,134.76576476963743,0.0
2024-10-15,5888.867550215987,50902.59955390181,-8862.528397858681,1815.9535828724179,134.76576476963743,0.0
2024-10-16,2977.270141483125,-2332.201735605288,-6715.793906092392,-4073.9583214091967,134.9724554300124,0.0
2024-10-17,-10822.839394447921,-40825.4414829838,7729.145218385948,3772.198597165229,135.02580081096943,0.0
2024-10-18,2166.6779847696293,-1993.966825348264,2916.4867897073163,-3256.4299458601513,134.71855405976052,0.0
2024-10-21,-16679.9896878439,-28963.597963500804,5648.675919012252,158.88803065935187,134.76576476963743,0.0
2024-10-22,-1755.9065931845432,7928.398542028237,-7738.032367195113,1504.3546662064039,134.27187864090044,0.0
2024-10-23,-6322.608321963135,13725.48577204119,-6918.895405636951,-311.64465393429293,134.2249900197695,0.0
2024-10-24,3684.644692907553,27589.270359454298,-529.7536768438066,-1179.7824957578114,134.0377309033386,0.0
2024-10-25,-6588.1230145496875,-473.977335274699,7347.945328099556,-113.78020848649388,134.16028963005644,0.0
2024-10-28,-4258.954295695902,-5125.084564505449,-13752.30799294036,3303.664482458426,133.97316242998585,0.0
2024-10-29,717.0996370809024,-413.87275253795906,-9627.249841930796,-794.0672175472353,133.84500308086328,0.0
2024-10-30,-2184.7822073342986,47429.938409569855,-12109.004987291279,-3208.669137005738,133.85094323643443,0.0
2024-10-31,350.1035709812589,23054.68060412746,-6527.394439987933,2987.6616373676743,134.94862751111802,-12.80552897792586
2024-11-01,-13461.50018059541,-36901.86530894964,11511.958497474909,-1332.8095898855493,134.98387557232056,0.0
2024-11-04,9293.371838680008,21501.066803027355,-10963.963856152492,-165.52841087242476,134.58442725252212,0.0
2024-11-05,4319.578172312026,59690.558544682004,826.573325192988,4975.668011823417,134.85442994096962,0.0
2024-11-06,-22353.93446298629,-63318.66272038268,14687.10155909944,-9418.739168744161,135.04851732030653,0.0
2024-11-07,14940.267732712218,16881.530602188195,13338.194568866274,4110.167677248903,134.34439173913472,0.0
2024-11-08,-1025.8776980059674,71150.03717714829,-10869.052834968534,564.1393851485341,134.83065794633387,0.0
2024-11-11,-7.38326106681183,-79.27349853941243,-47.54167615806317,-0.6436712818996635,134.84210704618704,0.0
2024-11-12,-19345.851363557314,-23370.3542041637,-5011.672015476434,-2451.1896072086315,134.84210704618704,0.0
2024-11-13,1264.4804058368595,-81956.73553672033,-3794.2192823268533,4579.923039502081,134.2620862006433,0.0
2024-11-14,-1269.1687261105358,81838.15298796979,3700.7088511730494,-4577.204380727483,134.26282467907942,0.0
2024-11-15,1327.1899007464233,-35547.650040447195,4422.035927217077,-266.8806736003411,134.2620862006433,0.0
2024-11-18,1771.3041800509457,-20597.310682520743,7502.362681991905,1161.2774934174363,134.27986837281335,0.0
2024-11-19,5021.731592745617,12738.493068582478,-5460.320414215197,-2586.5260894450375,134.3325265645724,0.0
2024-11-20,-4627.753178023967,14597.297184084066,8587.921243091678,1345.5347528625973,134.46695418034702,0.0
2024-11-21,-3755.824292656354,6151.541037541985,8520.324497178963,-993.8772900524639,134.3614918876329,0.0
2024-11-22,135.93772976240172,30167.62436902221,15704.56292005378,3655.034537069202,134.2620862006433,0.0
2024-11-25,24328.790134442606,-3449.944922774907,-45198.33156127581,3808.5956939893367,134.32593792655337,0.0
2024-11-26,-2582.531601292782,-25755.723463407143,5333.534695972811,-7159.067136498538,134.99538136549592,0.0
2024-11-27,7576.677497420601,11624.416344049934,14887.765568882263,-4233.164013805209,134.8717959969565,0.0
2024-11-28,-7.459771206200893,-79.37466901168867,-47.60984573102545,-0.6455122600230591,135.08979820893805,0.0
2024-11-29,11764.620928114839,15189.479887357258,-17732.95336446487,807.2962690450344,135.08979820893805,0.0
2024-12-02,-3605.3234823572398,29351.851415995363,2073.739452557911,2001.0647053349137,135.4152464849446,0.0
2024-12-03,-5025.655697275827,-28311.971536444024,-7352.060613895167,361.8568033114632,135.3499740937949,0.0
2024-12-04,7430.122793629099,6431.673844469939,-12231.05086524224,-1640.9074752530505,135.1843342391084,0.0
2024-12-05,940.6262919909595,29982.31923697916,6146.132316294626,2896.637935035169,135.37376462813873,0.0
2024-12-06,4596.261136098663,-41651.80680151686,5487.568272120694,1548.1014335933037,135.4448595608062,0.0
2024-12-09,-7665.242903275439,-15519.38309021489,4298.061169148294,-1568.1140916945023,135.55772005894534,0.0
2024-12-10,-3552.0594304802903,-277.78012107545084,3670.9285011742663,-58.158661202237965,135.33231155238187,0.0
2024-12-11,-6655.813190549048,-44639.04244684616,2084.3692664889727,8940.652285075379,135.2375940629888,0.0
2024-12-12,-9187.311506088497,-28152.310268895944,6008.149540975818,1109.9936080006564,135.0722985824201,0.0
2024-12-13,-12100.209319034446,2886.5139396361033,5238.090842978156,-6069.678619078507,134.80737565115163,0.0
2024-12-16,820.8166232632553,8461.965107202564,-1836.4239104740673,2366.6557449692673,134.43794155297653,0.0
2024-12-17,-562.2412058149023,5583.9698039261675,-12540.288500148401,-2568.131040837076,134.4788239779736,0.0
2024-12-18,-17243.343486065773,31360.03799459695,-19716.152240874122,5869.4211325984525,134.43794155297653,0.0
2024-12-19,-6684.505171075851,-85141.16177765776,-7078.711655934518,-457.19594497823715,133.97136639052465,0.0
2024-12-20,6799.642477361409,-589.881650513212,24393.317692111334,-738.0271464703934,134.94862751111802,-13.78103820828619
2024-12-23,-9117.410703713078,-39826.007487167604,-26023.951108378475,4665.079133842599,135.16553964271887,0.0
2024-12-24,1630.195206546061,3680.2585325417804,-9603.827160418099,-5843.926744001262,134.8786964573394,0.0
2024-12-25,-7.297599998295456,-79.36063213806375,-47.58345372259571,-0.6429536777815528,134.88463953673642,0.0
2024-12-26,552.917909807813,6803.355045332278,12612.212697649602,-109.2646532624929,134.88463953673642,0.0
2024-12-27,-6010.141827143922,-34055.597212295324,7040.75963983211,2911.541693091883,134.91958920572802,0.0
2024-12-30,11629.072677370272,-13615.135412597849,1278.106264121096,398.1833256868584,134.75024552331453,0.0
2024-12-31,-2667.380845609092,-5083.403242936027,-4103.9203740223065,-8299.302366822652,135.07811285562812,0.0
2025-01-01,-7.30078030784587,-79.39891038749938,-47.606366850610044,-0.6432586352763353,134.94931618123158,0.0
2025-01-02,71.27356351801191,-3742.0867166662415,7657.323939379393,5873.774794133306,134.94931618123158,0.0
2025-01-03,-5169.7924840439055,-376.65202491481483,5523.306023689344,-86.4139445999791,134.99023717393652,0.0
2025-01-06,-2553.111714805511,-21296.833304431115,3464.804884866269,278.86130756968925,134.84971924634337,0.0
2025-01-07,-7251.802662303137,-28033.600956876493,4146.42973663851,1132.8568441993389,134.76807476180304,0.0
2025-01-08,1221.5989903750672,-14971.739287755821,-4986.230910017982,-1403.02429882709,134.55256847745906,0.0
2025-01-09,-927.0663524806016,-13060.537829984234,-7949.159701341247,1844.8589034252275,134.5644557938087,0.0
2025-01-10,-16543.370516052022,63369.03274906469,-6824.570640424996,413.2206080890012,134.52976159439982,0.0
2025-01-13,-2177.768502555857,-7037.7294311379765,-10807.803319492046,78.57368180835995,134.08806314444195,0.0
2025-01-14,2086.4197532423814,-27014.944571811757,2633.730249524178,2085.7398716008893,134.0073699200458,0.0
2025-01-15,18991.916904717273,-2240.64548620575,6564.016639063615,-4581.419063209209,134.06550066526538,0.0
2025-01-16,8103.177414422714,-1261.658498338878,5121.461782052515,-2335.652312219816,134.61106881846578,0.0
2025-01-17,-2978.5877723092062,31762.4769948353,5023.292855708271,6101.595467001026,134.83862147526338,0.0
2025-01-20,-7.245363781454333,-79.35377464514305,-47.57357600237529,-0.6421138826227041,134.81482831159533,0.0
2025-01-21,3539.8385236774766,43026.419485632556,12187.359587360277,1047.5156932854713,134.81482831159533,0.0
2025-01-22,-3632.730910876886,-13611.0267453548,-13884.928056113004,993.719259067495,134.96645327782997,0.0
2025-01-23,-5180.479540769472,-38850.135184470746,-723.1791370562797,-5309.622681598252,134.84377500939075,0.0
2025-01-24,3362.2233835636034,118.58651514513375,-3755.0386489003195,56.265984024904185,134.63987487530224,0.0
2025-01-27,17020.49897998663,-7212.321196095705,-9030.56900534139,-1258.3098355474508,134.73324015297558,0.0
2025-01-28,-2982.112420164235,-2296.3120451771874,8502.70309320946,-3361.2991078148325,135.20182748495154,0.0
2025-01-29,-2144.4490835868855,10748.776126446744,4831.184377858619,6460.893549336861,135.10787459785126,0.0
2025-01-30,5661.179675322687,-1799.1942325663524,-793.929203404133,-3214.52122972001,135.09596642146818,0.0
2025-01-31,-9552.217890526856,-21734.75543558514,10910.909962536489,165.4571855634357,135.23693305941532,0.0
2025-02-03,3068.388369024017,70213.81128227776,7646.619949452697,-1034.3800515906928,134.9671662690637,0.0
2025-02-04,5623.2939001270315,-23274.10748761651,-8777.228357314463,-3714.7713201307097,135.1072221395897,0.0
2025-02-05,13499.956046134826,49379.85597159043,-11489.123697498135,-1364.3519074627118,135.2190690542022,0.0
2025-02-06,-4989.221898619067,22829.63113718186,-962.9272248234751,2925.5237552487,135.61373323948112,0.0
2025-02-07,-9724.809653341177,29418.02469970923,17321.768105850926,2726.3925412787335,135.5073030794521,0.0
2025-02-10,-1347.0951362813146,-23679.903730483973,-1346.7971378120508,-3841.610504944414,135.29484081458517,0.0
2025-02-11,-4872.361912103209,-19404.16929588733,499.7239058587175,3560.4531430611814,135.21851790758652,0.0
2025-02-12,-15015.858984761098,-1275.6356488260042,-4555.587939248198,10622.900516461948,135.0893859548805,0.0
2025-02-13,15042.172165529799,41231.66216651138,-3750.1310420780014,-2872.149843080751,134.72055326113156,0.0
2025-02-14,8470.075706482876,-13831.204678201997,4996.010044117804,343.2809798084514,135.15959772058,0.0
2025-02-17,-7.543399042680727,-79.50688395749056,-47.69710542797073,-0.6476695340653659,135.39505796220735,0.0
2025-02-18,-11692.399798198323,-35187.638548582196,-4811.420116841536,1195.2049187261055,135.39505796220735,0.0
2025-02-19,3176.4648443942488,-1560.471862317925,10702.037117358603,-2437.6308673283766,135.04838008938182,0.0
2025-02-20,3658.37359984881,13460.515265807157,13800.687874669105,-997.4330319207163,135.13636439495158,0.0
2025-02-21,14073.286532393427,-11860.582647478528,-15055.668450206518,2931.69434194798,135.25963726392754,0.0
2025-02-24,5294.017416476326,-33901.80032883874,-13778.421193461527,2299.7685564276435,135.643167885768,0.0
2025-02-25,17229.676933754283,30917.01900247804,1010.3645724003406,-8615.948684200845,135.7617010890509,0.0
2025-02-26,7570.654131269751,11632.077864594245,14897.203592420705,-4234.884215796453,134.948627511118,-16.03419593215949
2025-02-27,-6120.689929067484,-21513.768708506777,7185.191125272048,222.89952203442888,135.16674950345904,0.0
2025-02-28,10321.393155009384,-20943.715823952778,-19162.552215020867,-326.1349337197515,134.9898138256079,0.0
2025-03-03,10253.71113647247,24793.955401701358,9394.807036772065,5623.7617892128665,135.2438205413436,0.0
2025-03-04,-8106.893236492458,-55765.91488280515,924.5218185094474,2408.0072780766886,135.59337613186872,0.0
2025-03-05,-9078.087455960927,-5790.551846925627,-17925.252739716838,2467.843127923416,135.3444518167837,0.0
2025-03-06,1289.209095467876,-32042.75829755187,-3265.824642704904,-6154.428425271175,135.07867500339682,0.0
2025-03-07,-5556.061648622071,-6494.535120973638,10278.847185441355,1662.3693386522648,135.05534667657693,0.0
2025-03-10,16809.225834776906,-13331.665100341206,-4289.868351476623,484.47906173373747,134.91398676638474,0.0
2025-03-11,-9226.878457020983,-3032.5177380538385,6295.8433661599565,-4293.26327980878,135.38622783828242,0.0
2025-03-12,-9046.20242755073,22928.17480186202,12401.995087842706,3653.04134685828,135.10849173108608,0.0
2025-03-13,9908.909232015283,-22625.24652825323,-4704.178448901788,-2813.2610181896794,134.90206821815156,0.0
2025-03-14,-9566.058455546676,37526.65063733251,7711.150436413095,4261.799849703629,135.14973518451765,0.0
2025-03-17,-1760.2943015278806,41974.218181323784,350.02254172562,-674.6172052043472,134.93723995767894,0.0
2025-03-18,4411.70818664299,-3910.520095989308,5884.972629728941,-6533.085194037892,134.91342145373528,0.0
2025-03-19,6531.29854895023,-18359.83804207129,-2861.3191574564844,4555.838682802763,135.00767247767797,0.0
2025-03-20,3410.5273888768866,-21366.151776635703,-11752.837438133947,-441.5650821568205,135.2024912021265,0.0
2025-03-21,-1147.4426762188293,-35500.900725191255,15960.09394463215,509.5860317929064,135.2676715957741,0.0
2025-03-24,-15281.688392455544,17730.701399677142,12067.687357556732,-4710.197037428136,135.23230792981576,0.0
2025-03-25,5783.321952136779,-42215.11453771011,-25353.013223954753,11563.437323603965,134.8020260101899,0.0
2025-03-26,-4629.402812534363,-19430.393077983546,12082.58729899632,-8111.884972331712,134.97300258165848,0.0
2025-03-27,-2981.3321131734965,-36310.92668163195,374.7060443424543,-1156.3775158397227,134.79673080244316,0.0
2025-03-28,16557.912179475523,8128.493107989357,3684.193983348072,976.8731304622527,134.67973174946596,0.0
2025-03-31,4745.481119960575,36318.21657932525,-2330.3929835479626,1189.107610231478,135.17958102365841,0.0
2025-04-01,8784.844901169812,34516.216699724755,-1218.5611084765958,-2059.728855003244,135.34484112337194,0.0
2025-04-02,-5833.007603985399,14246.055213287987,837.6873460591745,523.043049276934,135.60553923585277,0.0
2025-04-03,26498.718795218505,-104749.52662052344,16377.664021301609,2022.5459077386229,135.45714563084894,0.0
2025-04-04,8426.84486911698,35899.947995790826,-23614.021669995807,-400.23040108403893,136.16002452930118,0.0
2025-04-07,-19902.56485067855,-85883.3365642355,15508.462553748546,142.49023365359727,134.94862751111802,-21.013460518573993
2025-04-08,-11816.661149396463,-107033.52389321514,-9496.084126815584,-1036.6074665320411,134.3416263690771,0.0
2025-04-09,-19212.52699023318,138924.34422324266,-8007.326674980474,9045.141950417023,133.90398028131932,0.0
2025-04-10,-4490.241843869908,-149494.15757860866,24152.31319211089,-302.8623971442894,134.948627511118,-17.105700705840718
2025-04-11,-13093.616080337988,85945.77834925959,-22848.490316379142,-9806.90192800817,134.7440540180654,0.0
2025-04-14,16926.841700435023,-48472.13934552669,9802.659496192953,1013.7120011995925,134.34571664538328,0.0
2025-04-15,3668.1582740045524,5323.533836976061,23352.782322354353,-2536.7038382833066,134.82604342137768,0.0
2025-04-16,10776.04077427952,-14065.050923479777,-6499.884303728999,-434.3209763402759,134.94924058843154,0.0
2025-04-17,-8205.398429215486,-15176.152387582451,13945.657239823167,-751.2221632499958,135.23819707815898,0.0
2025-04-18,-7.3084191596510175,-79.43045319555739,-47.62580887880904,-0.643586192015169,135.00826742603257,0.0
2025-04-21,-6567.066994500614,-121662.31287190384,-10413.739327617284,-1564.8100518715814,135.00826742603257,0.0
2025-04-22,710.9356237803544,29176.089072790815,-11272.883161020374,1232.3835451888858,134.71592213571532,0.0
2025-04-23,-522.8613388895936,69219.358787593,-6054.573638223607,-2718.92948101547,134.75086973018398,0.0
2025-04-24,11694.64266744764,12266.607541352,18955.851914660794,-3329.9326836385117,134.76195822281622,0.0
2025-04-25,5162.899693851207,218.02560604451884,-5623.553944569311,85.21089588573652,135.11448679824662,0.0
2025-04-28,10900.210520770903,-14088.590496425495,-6511.859579365547,-435.7856557905684,135.2561257832849,0.0
2025-04-29,6627.319092158788,19391.408727123355,-2459.550561145605,-3541.564029357226,135.5461940651318,0.0
2025-04-30,4669.79677107449,-49924.18004647587,15116.914088818825,-12.040799411243055,135.7242060193007,0.0
2025-05-01,-15569.108571607514,14107.903056175019,19854.60052051594,1192.973549381693,135.83735486547704,0.0
2025-05-02,-16307.09680075005,55911.733959751444,10545.831645029024,-299.74209414937684,135.44539480439158,0.0
2025-05-05,-4401.466126500573,-25851.007122085386,-4389.120305048216,4492.1803669636265,135.0374812512507,0.0
2025-05-06,7856.085766022936,-15473.956067891233,7872.73109424363,9504.177491220524,134.91411332916678,0.0
2025-05-07,4878.305330541171,28167.806722818066,7257.052273260095,-361.6051119197385,135.19095783717586,0.0
2025-05-08,-18745.385679653013,39950.85910103266,-8152.199266187222,-3421.6920958576384,135.35619097023059,0.0
2025-05-09,763.6408617941041,-12970.042628975316,-9812.433380925264,1881.575280230974,134.83130375445313,0.0
2025-05-12,-14177.205975470722,26256.346154275187,10247.850116722579,-2310.5514822153073,134.8432247502022,0.0
2025-05-13,-6626.934782452773,-8583.380290071811,16904.527869826543,-1652.6722109448385,134.4561618594702,0.0
2025-05-14,-6389.044031083704,1199.3596886384812,-7054.009084659991,2355.3272625921854,134.26929721601465,0.0
2025-05-15,13739.96649145871,-21904.080726891432,-636.1057737319563,-1904.4435181865424,134.08884276700238,0.0
2025-05-16,1362.8016547442041,27870.064995679197,10930.847050623508,-415.3025346541756,134.46806425525327,0.0
2025-05-19,-2599.1167069726775,-30140.81226031073,-4363.870254443062,-2893.310911704321,134.5378680777751,0.0
2025-05-20,-2400.6839832067008,-29361.496939497018,13002.226839070554,-1259.9776308949874,134.42130173436982,0.0
2025-05-21,-13824.143672555227,-62304.512110299846,3450.404685726463,3189.463887092569,134.3397648668391,0.0
2025-05-22,4643.730698363942,19916.481880721993,16731.62620854193,-1881.820671331487,133.9159184671197,0.0
2025-05-23,3067.9077946876337,7312.714005271964,18455.59463449444,744.2709756122321,134.07798115937328,0.0
2025-05-26,-7.029496367121649,-79.12085800435001,-47.41219615229182,-0.6372718668581784,134.19982239062162,0.0
2025-05-27,12076.095530016568,20930.093929730403,-43518.99047508123,9818.289086714629,134.19982239062162,0.0
2025-05-28,-4937.288729585183,-407.99972808661187,17067.091404755436,-11689.32019207693,134.57358920674446,0.0
2025-05-29,7508.245458420516,4403.539504326002,-7376.956762223279,-4892.91834019567,134.38647098404928,0.0
2025-05-30,3941.2060517041314,-22551.27722667115,10479.203022873487,-2086.0195641766486,134.57358920674446,0.0
2025-06-02,-9214.557172270475,-12786.885454071253,18707.714132851426,3338.4520134887116,134.67328481698362,0.0
2025-06-03,-1805.0685100458793,24924.395910848474,-9471.348683546114,6210.29927354152,134.4391605551085,0.0
2025-06-04,15995.717735975357,-3211.0653960697923,-7088.342193496258,-6291.32983596145,134.42725351291398,0.0
2025-06-05,-5829.105696012703,43004.3657628754,-18165.84767317345,923.0985978151804,134.84918699391318,0.0
2025-06-06,-19762.57752695717,23524.103911685317,1287.684046624229,5117.024764834511,134.6963607183612,0.0
2025-06-09,4615.863480253807,-10323.103877349922,996.8480240603897,-5538.405093366522,134.1760408096632,0.0
2025-06-10,2099.70446620354,14985.244824486168,1183.1572101296981,1454.6544802495341,134.27524319101315,0.0
2025-06-11,8916.261426660645,-30297.937971368032,2914.9331203390925,8045.332622999116,134.35672370139807,0.0
2025-06-12,8847.726825907816,19062.41828408595,-13918.22808212926,-4279.2476262607515,134.64349686778752,0.0
2025-06-13,-9362.469091207024,-238.06415205857837,18859.759052364912,661.0567743980719,134.87236946897454,0.0
2025-06-16,-5906.03190959344,-38466.42013086103,8894.758083701072,-4495.752690515367,134.631589825593,0.0
2025-06-17,9629.170608071297,36466.5855506912,-7873.329065013347,1264.2802007044304,134.42130173436982,0.0
2025-06-18,934.2240401575999,355.6860394360791,7720.46190214574,830.9927960790279,134.7254295405251,0.0
2025-06-19,-7.281690100332629,-79.29780580672538,-47.54465182830889,-0.6422906953148243,134.76643843068166,0.0
2025-06-20,2120.6521685952757,-35980.57602301359,-5188.26680838297,-1072.0100783356067,134.76643843068166,0.0
2025-06-23,7310.70369783673,-26802.825921290238,-2920.390118210907,2193.8985674678406,134.79026646384946,0.0
2025-06-24,9299.995820951683,-33955.55334625372,-27086.85607556345,1530.8786409630725,134.9903632212818,0.0
2025-06-25,2317.769062780703,-10140.309061030397,12513.815154613258,-4826.753492687544,135.20888303955067,0.0
2025-06-26,5693.778108147064,-14386.291986598895,-931.672615170105,-521.7917141936006,135.2561257832849,0.0
2025-06-27,-6130.634711459487,-4485.7283346111,5462.4201285790205,4979.903220545103,135.40401487157786,0.0
2025-06-30,7385.512738979476,40532.60243655083,-4116.745695884433,-3838.5612601781895,135.2621043542951,0.0
2025-07-01,-5817.877549513816,43909.22053963731,-763.11727684292,2578.8336272677125,135.47484045881401,0.0
2025-07-02,-4950.787551644059,-28341.776815094934,-7357.716605279101,361.21137560753755,135.35619097023059,0.0
2025-07-03,-11228.554221058368,41872.524310135035,19295.580611502974,-12.637611365815902,135.19095783717586,0.0
2025-07-04,-7.319001154712088,-79.37105026297967,-47.5919844573736,-0.6433487515870787,134.92538462665237,0.0
2025-07-07,-6369.228364776872,-32075.741249622854,13794.706689217983,-5453.432425850285,134.92538462665237,0.0
2025-07-08,-3116.8666877354694,-11149.55349780736,-10916.61414256273,5105.689705123086,134.7082770605372,0.0
2025-07-09,11113.571542497724,22384.23752346864,4562.529702678198,1494.4497536995352,134.62640107154434,0.0
2025-07-10,-573.7730587563904,5598.707302871549,-12577.17526957442,-2582.7374074517365,134.97843291121484,0.0
2025-07-11,-11997.312695220864,-42925.419422310864,14405.662881442953,444.73572239521894,134.93731027836458,0.0
2025-07-14,93.60305578963975,-8196.037821556454,9508.346806833051,-1540.497546615161,134.58550554892048,0.0
2025-07-15,-9895.831974867853,4660.657708319901,-11052.130886107809,-3540.3620249122714,134.58550554892048,0.0
2025-07-16,7176.269747681915,-47382.17168452139,6491.040419534461,3309.690471163738,134.27024538580608,0.0
2025-07-17,-2520.4630287125456,20814.603209240424,2003.3003810197456,-363.74000510132436,134.47490958402534,0.0
2025-07-18,5179.482410251476,-16006.26075895269,13494.111655567245,-2987.730874486956,134.416247306776,0.0
2025-07-21,8434.312900489307,21848.473760198583,-1349.8876952260878,635.191951925591,134.55655930547326,0.0
2025-07-22,5093.778836321585,12776.03062070222,-5477.457547303591,-2599.153848423974,134.82007768390002,0.0
2025-07-23,-9065.596631027,1441.0497699902862,4411.667264519687,3150.4717980209402,134.95520749109554,0.0
2025-07-24,-4814.653136657732,13852.937339816224,-8790.795618638795,-285.23262903211725,134.72019805628625,0.0
2025-07-25,4279.596141197569,25640.302513591934,4283.542916666488,-4466.955511543615,134.5795467962849,0.0
2025-07-28,-2915.384839326946,-27387.067923967526,8204.80338068945,2020.3107183751774,134.70231830790163,0.0
2025-07-29,12152.445370476446,36267.92874734108,-19354.781091325116,494.0585828461634,134.62044231890877,0.0
2025-07-30,-9041.67345651281,35469.853908566496,12526.721767079367,958.7096014636107,134.97843291121484,0.0
2025-07-31,452.77751944163236,2368.825732227464,2903.841474720895,4120.654381336711,134.76643843068166,0.0
2025-08-01,28403.802858716077,-116276.37157799874,-27141.14010441529,4768.9556452757515,134.80747572128536,0.0
2025-08-04,1855.0919310718032,4467.429500220567,7832.279473889542,-4237.441110374886,135.5342240622744,0.0
2025-08-05,-1411.929943136378,35639.313307151984,-4552.181528014893,269.52966632218113,135.57569018812265,0.0
2025-08-06,3.643757145399627,-37877.54374681205,-459.19080067891497,8128.197170887721,135.55774395573061,0.0
2025-08-07,-2674.4426617696927,20915.511311763177,2014.889265359302,-368.9490141609176,135.57569018812265,0.0
2025-08-08,-7562.84245962602,1544.065073626186,2562.5675254204893,3201.565341277883,135.5162778298824,0.0
2025-08-11,877.0048048122532,4025.9602803678613,27.001217313297957,-5065.29309118178,135.3267886883675,0.0
2025-08-12,-932.523557085539,-55336.81783779915,-6518.18660431859,2512.0183112224986,135.3267886883675,0.0
2025-08-13,9149.622759173639,-1602.6805595376923,-4515.532804423674,-3162.273548275803,135.26808409378907,0.0
2025-08-14,-9564.466141976174,12362.592281781677,19070.79425865817,-2040.3107959436315,135.50475669406345,0.0
2025-08-15,-5285.9886024717935,-21879.2633972974,-2460.535482899181,-584.7645429040083,135.2561257832849,0.0
2025-08-18,-2492.6111294766265,158.21783812221685,11457.104099261842,776.326024668434,135.08525845522945,0.0
2025-08-19,6074.109026735296,13227.68434642112,2300.287524157009,-1771.156143532508,135.03215602562435,0.0
2025-08-20,1724.0844212489294,19.697602764749778,-1907.2672232926652,28.006862955009282,135.20888303955067,0.0
2025-08-21,-7444.024978030798,14127.994375179129,2696.3467163090977,491.8321771229714,135.2561257832849,0.0
2025-08-22,13894.76719047763,-49611.47295049083,-3870.656271988072,-674.6135137024983,135.06136051976463,0.0
2025-08-25,-5272.348308704276,29295.091370782047,3937.821177387555,1967.1059554386661,135.41598253476235,0.0
2025-08-26,7700.797046001459,-88942.80664029311,-23953.24871101265,4854.836666650022,135.30339830766,0.0
2025-08-27,4269.632222686456,-26370.356044942553,29885.82998079462,-7916.771038637021,135.4579062262896,0.0
2025-08-28,919.6962858709096,42671.97286640593,6297.319702456999,188.52078904697518,135.55268354107776,0.0
2025-08-29,-363.72953766727454,-48530.51410492204,6185.866545966691,2409.104921217366,135.6176056834226,0.0
2025-09-01,-7.446133793048942,-79.70028696240665,-47.800212115459566,-0.6474880412310087,135.59412091214614,0.0
2025-09-02,-10040.171551149995,14396.258985757107,14241.904983281254,1274.7678006140627,135.59412091214614,0.0
2025-09-03,9890.345305746663,15132.993753111574,-15916.797140929886,778.7788942153418,135.34528103911276,0.0
2025-09-04,6702.563416046692,15727.802958893079,5275.417934005817,2374.1414218179602,135.62359829608494,0.0
2025-09-05,12752.124875074804,2303.754808223357,-27646.54260879191,2716.431070543957,135.84334982262936,0.0
2025-09-08,7890.406203917521,50583.64116495659,-28341.801987044775,213.69644213187757,136.18343400519845,0.0
2025-09-09,-6459.837068204973,14532.934576649322,10467.217850477806,1324.7360135663055,134.948627511118,-21.966891448446404
2025-09-10,3963.0052699081443,24004.298148660037,7163.529880239186,4676.592341298427,134.79471101087222,0.0
2025-09-11,3729.5563101686816,18814.270111595357,-19942.72874264264,7290.580567189825,134.96016548439715,0.0
2025-09-12,-7096.345780589099,3186.3283783093075,-326.02454761602866,-6010.199586679182,135.0965027358904,0.0
2025-09-15,2988.9937387401014,-2329.632775110311,-6708.97906607118,-4073.026230153898,134.86544139159463,0.0
2025-09-16,2997.7502241632847,-14883.128545540767,-6847.81315672661,-1383.4671793245343,134.91875871588175,0.0
2025-09-17,-3191.9433638761243,1400.8692458291894,-10791.273338244395,2435.290637564269,134.9780832544598,0.0
2025-09-18,-9024.958617996492,-6682.78402120217,13974.711417080485,1603.9698163897788,134.889324741329,0.0
2025-09-19,-3008.0934320695487,-23712.17035130427,510.5713198806756,-3838.38134719393,134.65301445065313,0.0
2025-09-22,-4174.673094536963,17049.622828061194,11539.546682099284,5455.2751894539315,134.52948290596993,0.0
2025-09-23,7343.551683944344,-25846.31997773728,-34692.540207448255,3033.53021030995,134.46450289344517,0.0
2025-09-24,-5456.068370017955,1604.111450363138,12254.198990292676,-8421.72509820289,134.63568733820438,0.0
2025-09-25,-5563.294578257884,56214.58773871287,-622.374312380425,-125.8816137778188,134.44727142666562,0.0
2025-09-26,-1755.2184356533257,-21568.332163710205,-6145.630376937176,-522.1447544558155,134.32343127868452,0.0
2025-09-29,5408.154957337793,44663.41919752161,-4104.293273152521,3538.8496690559277,134.24740753620287,0.0
2025-09-30,-74.02168157938226,-34006.223267227026,-8136.351651392556,2181.260145914634,134.4525798912539,0.0
2025-10-01,6934.691878616109,-28423.853740141854,11500.495560999409,-290.11974607895587,134.4293746765357,0.0
2025-10-02,2524.034753110229,21108.235021033623,-3554.666931076572,-279.54259204307385,134.62374566363764,0.0
2025-10-03,-5721.243713065424,9752.295342026491,-8860.751796587167,4745.258400997661,134.7061858833375,0.0
2025-10-06,-6386.486708533891,-23901.477845169233,4214.421192647838,-3890.6601719080095,134.56466473680297,0.0
2025-10-07,5938.441756210237,651.3194515696681,2154.3184954064495,912.2107836989288,134.34727728366653,0.0
2025-10-08,-34.637838985436105,16911.57035034167,-1775.3580735187616,4710.915674025196,134.52948290596993,0.0
2025-10-09,-2188.285544524144,14367.954175276242,-2871.397422649389,573.7135130610587,134.56466473680297,0.0
2025-10-10,14860.056697369639,7243.47059699146,-11837.584808868773,-682.5918631906073,134.51158615583998,0.0
2025-10-13,-7.368323983212218,-79.33955602241585,-47.578935568639544,-0.643887152930549,134.9307027271981,0.0
2025-10-14,5319.376367676351,-24924.42862238982,5685.524837881265,-6200.792346402771,134.9307027271981,0.0
2025-10-15,-3974.157704493999,1737.9001853392742,-1158.6960597537732,3243.058851600898,135.03744712168952,0.0
2025-10-16,12516.316761841637,-22854.599173720373,-16191.270229146154,-3594.429661187534,134.94265141381777,0.0
2025-10-17,-6152.127456864668,20674.975688613413,5728.88218245858,-425.16135186368086,135.2453516118483,0.0
2025-10-20,2197.366638404313,15038.00510086841,1188.1709789540191,1470.3165661298713,135.09086957155947,0.0
2025-10-21,3490.4560661243618,12688.778948537622,-3627.0481357975677,-2642.7317969417195,135.1738849692497,0.0
2025-10-22,858.2330094057849,8492.575036977543,-1844.3665021123281,2392.1176913228965,135.2629967537323,0.0
2025-10-23,-7170.194080930867,-4915.0487767172835,-2335.011661500943,4144.901097046946,135.3046056702034,0.0
2025-10-24,-867.1674591385785,-8645.757590677513,1747.6836790215002,-2389.185852861363,135.12040478683952,0.0
2025-10-27,1238.4847398736795,14599.764539509673,-6593.61193505,634.7588211036249,135.07891152711224,0.0
2025-10-28,2600.1168146213427,8586.019516515486,-3700.4239742956647,2416.562821163632,135.12040478683952,0.0
2025-10-29,-16328.986817508108,38756.822744123914,12258.941538294297,-5053.574285365498,135.20945640201006,0.0
2025-10-30,-4687.470964705718,-14930.293999060912,10193.029065258492,-691.0291348530669,134.764871421254,0.0
2025-10-31,98.82362736253263,-20724.876058720496,9367.654407107346,1138.3669539280188,134.62915445039246,0.0
2025-11-03,-2172.889997628049,-15159.95939035337,-1279.9681957193366,-1464.0980648240422,134.63511770052318,0.0
2025-11-04,4329.306512873968,552.9305223470182,4008.0227076176207,886.5944841436798,134.5527347369726,0.0
2025-11-05,-11223.936298131819,-13647.269693904324,3169.903836387109,1680.2619246099437,134.6882821301677,0.0
2025-11-06,10187.346757269657,-7589.443310249827,-1607.6947860294833,-1368.0089256252027,134.37042547877746,0.0
2025-11-07,1346.18998565337,-23079.705538372327,4568.468454380334,-2950.1341892131218,134.65301445065313,0.0
2025-11-10,-4865.885036731537,18300.710879776103,-10650.249093538918,7116.567789966856,134.66495145352334,0.0
2025-11-11,-7.221972143782642,-79.213548617807,-47.48832568044574,-0.6408182947676149,134.56466473680297,0.0
2025-11-12,6473.738849650735,15632.437528279357,5240.841785809611,2348.056039749983,134.56466473680297,0.0
2025-11-13,-4781.73265127075,-6816.828363480079,634.9996779221152,855.073874346081,134.78277167245417,0.0
2025-11-14,-5894.84297514877,-40.00221877245603,15126.330202473944,716.6400463747345,134.64704770035354,0.0
2025-11-17,2551.249500681178,-8422.63407215684,-1960.5649275250773,-2314.168613484813,134.49966082170218,0.0
2025-11-18,1797.5719807797957,-20622.400258967064,7513.216098624989,1165.3722794805885,134.5527347369726,0.0
2025-11-19,-1326.29737458958,-6614.316148740573,-3070.3012318337114,909.9669149099195,134.6058419104678,0.0
2025-11-20,4705.922781363069,-5882.363003456768,-865.6624920192226,1825.0345658232425,134.56466473680297,0.0
2025-11-21,7034.741703074431,-15915.62252128207,11653.827643082137,-2974.672236431033,134.7061858833375,0.0
2025-11-24,4505.549680317738,-11094.227648973923,-27975.00564473458,4431.328651781872,134.89529850007528,0.0
2025-11-25,5880.3284229626615,-18055.494332450417,18355.808163169808,-6312.1498529112805,135.00796959110988,0.0
2025-11-26,349.27601992805313,35650.797933646376,-6398.307259070831,297.0136304048938,135.15030867844925,0.0
2025-11-27,-7.445261219116761,-79.4413471338764,-47.64751861182061,-0.6457387824563382,135.17986574727007,0.0
2025-11-28,-4392.234464116796,-4378.146615841236,3594.226314179143,5002.438354174086,135.17986574727007,0.0
2025-12-01,-12691.421310223297,1242.8994931490042,8127.441389637232,3101.7244369870423,135.0848899641702,0.0
2025-12-02,1634.7804003852898,-21415.23110712848,-9868.20929951078,-467.83331168855665,134.75341922998413,0.0
2025-12-03,4458.950165989244,-7566.26082599421,13575.91350738898,-656.2629725899114,134.77133700004677,0.0
2025-12-04,-7566.501034104126,767.4135752229058,-14853.036626931664,1541.3084296664117,134.9072495252489,0.0
2025-12-05,-5974.3161953812605,8077.034096218399,5575.169575447342,2259.397922268448,134.6828657180111,0.0
2025-12-08,-3939.1742795935675,-7147.16347234775,-8977.640542709656,50.656755436450844,134.53545082359352,0.0
2025-12-09,-3015.6546311158813,35333.79808767165,-2671.3195919240065,237.4258813665481,134.4062084812294,0.0
2025-12-10,8475.48156610353,-32735.44447773543,-30.11370230900424,3946.0332731548406,134.3413140335358,0.0
2025-12-11,-77.60447105091286,-21502.76939971611,-8008.461665789254,-495.1266648599545,134.58853874314417,0.0
2025-12-12,-5959.77897285728,-42888.96972132012,-796.4490626859084,-273.1388684011315,134.5593341733279,0.0
2025-12-15,2122.9265780851088,-1990.8093257926712,2910.948915410893,-3240.920174393616,134.35401932814858,0.0
2025-12-16,5085.251371649203,-7892.98721209693,3945.1738884893,-1451.666031943306,134.40099905990073,0.0
2025-12-17,-1683.33972078647,-178.16042649667725,1805.2669464744818,-29.05804010320879,134.54211621201296,0.0
2025-12-18,5932.224039351823,652.1247035811962,2156.8994372141065,912.9856726367927,134.4950474779435,0.0
2025-12-19,-5250.192311894871,-1147.390499809774,-11876.770905968435,-1718.3820353415808,134.67752002352174,0.0
2025-12-22,-169.70202194468828,-38473.40046658211,-17832.861274316536,6389.408293245801,134.50102474497274,0.0
2025-12-23,-2049.887387461815,31349.658506078544,6953.929868415192,-6306.214822733152,134.4838825709582,0.0
2025-12-24,4128.337538094012,21203.428992297337,-5404.474535549609,-250.06214652842877,134.4189273521036,0.0
2025-12-25,-7.127879040972057,-79.26960464698043,-47.51084676192682,-0.6397641991916682,134.54809464907092,0.0
2025-12-26,1021.109590370325,-20304.667394309054,17134.708973969653,1963.8315666440187,134.54809464907092,0.0
2025-12-29,2123.402922897172,2467.4335775466734,1049.1310704042537,4135.293271127302,134.59519426872427,0.0
2025-12-30,-1769.1833981352775,-9070.569695543596,-6024.671596709646,-3202.9428070999797,134.6835008015421,0.0
2025-12-31,-6064.237882674033,-5240.051239955897,-11947.805943039511,3300.21935897592,134.60117504674463,0.0
2026-01-01,-7.062962648651875,-79.23825617805751,-47.48511944962282,-0.638567512829404,134.42490578916156,0.0
2026-01-02,-1663.4352276399093,-12717.065996419977,1668.0781566497026,2640.3758847494682,134.42490578916156,0.0
2026-01-05,3029.1114657091125,-1557.0428776898696,10670.326227164169,-2413.5205077943665,134.3838998161557,0.0
2026-01-06,-1670.9425782922224,-178.14493352311916,1804.8895663292371,-29.019685888465407,134.47191984398376,0.0
2026-01-07,3751.9215155313022,27642.702314904884,-530.9210824475006,-1185.2608231658392,134.42490578916156,0.0
2026-01-08,-5579.680765416365,-7250.810442483197,-7129.244341084659,22.191432393735745,134.54809464907092,0.0
2026-01-09,-787.0432218621978,54853.37760852122,8242.460015623343,-2510.31906862967,134.37194411206846,0.0
2026-01-12,-1770.954678049851,-4601.075184605495,-7877.321556019266,4177.346060513227,134.3830812898381,0.0
2026-01-13,1754.9130385011451,-8087.441635772988,7644.746296333472,-1507.6257961845345,134.34207531683222,0.0
2026-01-14,4988.5224904928245,12749.560398450443,-5464.377416692978,-2585.4880209235043,134.38905271123343,0.0
2026-01-15,-5176.950351703394,37274.65672705419,-5634.274032795232,3485.932135987801,134.5241879198101,0.0
2026-01-16,-8153.460831030597,-12231.26158934879,-11163.227044367002,-8208.82599492158,134.412176398853,0.0
2026-01-19,-6.988882326491674,-79.0917724046371,-47.39051775563281,-0.6364596681346981,134.10763215489624,0.0
2026-01-20,-7815.904347526923,-48994.97869884945,5781.809744177315,1428.6666857743132,134.10763215489624,0.0
2026-01-21,4536.7464875626765,28000.96939235769,7206.021833582987,-355.4334152871899,133.85707819840877,0.0
2026-01-22,-206.13442000661024,28622.92586362306,-18964.184136307,399.9897823208326,134.02002480763247,0.0
2026-01-23,2431.5485145697967,8547.880211140093,-3680.0877087374315,2380.27279518853,134.01406155750172,0.0
2026-01-26,4020.17052603184,-12731.592977313148,-13471.319544816244,1920.2157155969458,134.10166773834288,0.0
2026-01-27,-416.71775364823696,-44541.33768238755,-1537.7696357804039,-3449.9073706439226,134.2072886705066,0.0
2026-01-28,-3647.21040627945,6152.29947576301,8517.196227848097,-989.0820956257193,134.1434431659098,0.0
2026-01-29,3352.3038261348283,-20495.699286121533,5649.914661702059,1184.0258396083998,134.04388947538598,0.0
2026-01-30,-785.1175539755734,-25590.113142075104,3465.04787028755,-7037.134625678918,134.1434431659098,0.0
2026-02-02,-6072.578352447564,14488.874638512672,10425.196943587714,1307.63063876911,134.0677728251204,0.0
2026-02-03,427.3166039991519,2361.538740308472,2892.267212983831,4070.2408239458537,133.91566925273295,0.0
2026-02-04,-803.7900057972114,-8608.13835092556,1737.9833021307873,-2350.032379770219,133.95639177343963,0.0
2026-02-05,13377.243910785704,-26316.419429968533,-10295.240348859128,2280.091237206325,133.91566925273295,0.0
2026-02-06,-2490.7672771669245,20801.618374245012,2001.6782866190908,-362.8295277431663,134.30197319922186,0.0
2026-02-09,1197.6367363732663,-14953.77211262274,-4978.707338387772,-1396.9647729137107,134.24312070686065,0.0
2026-02-10,8630.4845514966,27922.132207100745,-6081.806836120149,-1097.4662763962137,134.25507407119014,0.0
2026-02-11,-7380.270037317052,25752.97875481912,23077.297519820764,8555.225903268387,134.51896356744032,0.0
2026-02-12,13380.977533441122,34657.98278165352,-6765.852897251433,-1950.6382769405382,134.39502530115445,0.0
2026-02-13,9011.230680423909,-26706.127763838595,-4775.527662367157,2222.309100614314,134.79524372930763,0.0
2026-02-16,-7.3347204230624525,-79.43419045278162,-47.630950012125936,-0.6440109412900357,135.04387182926,0.0
2026-02-17,-2226.077001885409,26977.940413396318,-2743.254069764374,-2115.56163440809,135.04387182926,0.0
2026-02-18,-6023.501003486789,3622.7714128268385,7454.303296663946,-5159.310585238162,134.98450866975696,0.0
2026-02-19,1314.4263782280314,6464.707237967481,2979.4127678437158,-912.5948204033607,134.79524372930763,0.0
2026-02-20,-1155.6670020938884,-5852.69040793499,14327.603701832077,2548.353521009918,134.8365355101957,0.0
2026-02-23,7891.259363744408,-19925.716594479,9734.63719620901,2086.6746416141896,134.83055707313773,0.0
2026-02-24,-1453.2919389097822,1501.1437153104919,-12657.303235544643,2464.737413090868,135.06735101329923,0.0
2026-02-25,-1249.298747424329,10372.11593822714,6771.948751178813,-6019.989713014167,135.02591543827236,0.0
2026-02-26,5652.607963301712,-1797.6210426032796,-793.226252051024,-3211.354164086353,134.97254360061484,0.0
2026-02-27,7999.354676462088,-7381.068692645089,9886.486301356998,-601.6372752908397,135.11479971044608,0.0
2026-03-02,-15171.564581538056,23890.388335950473,-4288.615052534066,5245.81081145345,135.3465039193616,0.0
2026-03-03,-2514.4950456381084,25279.065177166223,11716.242573556812,-4606.027895006222,134.96058321520522,0.0
2026-03-04,0.0,-0.0,0.0,-0.0,0.0,-3223.0494052836984
2026-03-05,0.0,-0.0,0.0,-0.0,0.0,0.0
2026-03-06,0.0,0.0,-0.0,0.0,0.0,0.0
2026-03-09,-0.0,-0.0,0.0,-0.0,0.0,0.0
2026-03-10,0.0,0.0,-0.0,-0.0,0.0,0.0
2026-03-11,0.0,0.0,-0.0,-0.0,0.0,0.0
2026-03-12,0.0,-0.0,-0.0,0.0,0.0,0.0
2026-03-13,-0.0,0.0,0.0,0.0,0.0,0.0
2026-03-16,-0.0,0.0,-0.0,0.0,0.0,0.0
2026-03-17,-0.0,-0.0,-0.0,-0.0,0.0,0.0
2026-03-18,0.0,-0.0,0.0,0.0,0.0,0.0
2026-03-19,-0.0,-0.0,0.0,0.0,0.0,0.0
2026-03-20,0.0,0.0,-0.0,0.0,0.0,0.0
2026-03-23,-0.0,0.0,0.0,0.0,0.0,0.0
2026-03-24,0.0,-0.0,0.0,-0.0,0.0,0.0
2026-03-25,-0.0,0.0,0.0,0.0,0.0,0.0
2026-03-26,0.0,-0.0,0.0,0.0,0.0,0.0
2026-03-27,-0.0,0.0,0.0,-0.0,0.0,0.0
2026-03-30,-0.0,-0.0,-0.0,-0.0,0.0,0.0
2026-03-31,-0.0,-0.0,-0.0,-0.0,0.0,0.0
2026-04-01,0.0,0.0,0.0,-0.0,0.0,0.0
2026-04-02,-0.0,-0.0,0.0,0.0,0.0,0.0
2026-04-03,0.0,-0.0,-0.0,-0.0,0.0,0.0
2026-04-06,-0.0,-0.0,0.0,0.0,0.0,0.0
2026-04-07,-0.0,0.0,-0.0,0.0,0.0,0.0
2026-04-08,-0.0,0.0,-0.0,-0.0,0.0,0.0
2026-04-09,-0.0,0.0,-0.0,0.0,0.0,0.0
2026-04-10,0.0,-0.0,0.0,-0.0,0.0,0.0
2026-04-13,-0.0,0.0,0.0,0.0,0.0,0.0
2026-04-14,-0.0,-0.0,-0.0,0.0,0.0,0.0
2026-04-15,0.0,0.0,0.0,-0.0,0.0,0.0
2026-04-16,0.0,0.0,-0.0,0.0,0.0,0.0
2026-04-17,-0.0,0.0,0.0,0.0,0.0,0.0
2026-04-20,0.0,-0.0,0.0,-0.0,0.0,0.0
2026-04-21,0.0,-0.0,0.0,0.0,0.0,0.0
2026-04-22,0.0,-0.0,-0.0,-0.0,0.0,0.0
2026-04-23,0.0,-0.0,0.0,0.0,0.0,0.0
2026-04-24,-0.0,0.0,0.0,-0.0,0.0,0.0
2026-04-27,0.0,0.0,0.0,0.0,0.0,0.0
2026-04-28,0.0,-0.0,-0.0,-0.0,0.0,0.0
2026-04-29,0.0,-0.0,-0.0,-0.0,0.0,0.0
2026-04-30,-0.0,0.0,-0.0,-0.0,0.0,0.0
2026-05-01,-0.0,-0.0,0.0,-0.0,0.0,0.0
2026-05-04,0.0,-0.0,-0.0,0.0,0.0,0.0
2026-05-05,-0.0,-0.0,0.0,-0.0,0.0,0.0
2026-05-06,-0.0,0.0,-0.0,0.0,0.0,0.0
2026-05-07,0.0,-0.0,0.0,0.0,0.0,0.0
2026-05-08,-0.0,-0.0,0.0,-0.0,0.0,0.0
2026-05-11,0.0,-0.0,-0.0,-0.0,0.0,0.0
2026-05-12,0.0,-0.0,-0.0,-0.0,0.0,0.0
2026-05-13,-0.0,0.0,0.0,-0.0,0.0,0.0
2026-05-14,0.0,-0.0,0.0,0.0,0.0,0.0
2026-05-15,0.0,0.0,0.0,-0.0,0.0,0.0
2026-05-18,0.0,0.0,0.0,-0.0,0.0,0.0
2026-05-19,0.0,-0.0,-0.0,0.0,0.0,0.0
2026-05-20,-0.0,0.0,-0.0,-0.0,0.0,0.0
2026-05-21,0.0,-0.0,-0.0,-0.0,0.0,0.0
2026-05-22,0.0,-0.0,-0.0,-0.0,0.0,0.0
2026-05-25,7.354480301302433,79.36056186930205,47.58976773802875,0.6438176024848236,-134.948627511118,-3258.5977458935345
2026-05-26,-12904.886828567978,54420.57963580617,21350.502864345875,-2731.247044072451,-134.948627511118,0.0
2026-05-27,-3091.2656355662693,-6578.12638052269,-1127.3667882805519,889.2564838403915,-135.26626631960482,0.0
2026-05-28,-3970.6519119436302,-15160.282773287125,670.3615127031564,-1503.0370363058012,-135.35451414209658,0.0
2026-05-29,-997.4511654700415,16711.73332977565,-9489.717108202944,3927.91297778672,-135.48411906843535,0.0
2026-06-01,6246.517326603239,-50364.374273867936,-4136.92385637149,-1631.9053684940181,-135.49008442493647,0.0
2026-06-02,-1754.280267741252,-12601.728012409929,1770.8686359403048,2677.4619351699557,-135.3658957072593,0.0
2026-06-03,5425.465912349148,-7764.903973358403,4060.00326765498,-1470.745142858625,-135.4071092773017,0.0
2026-06-04,-4403.172667376547,8354.69358589891,3827.960916264753,2307.065223970462,-135.26568584471968,0.0
2026-06-05,15645.174913023797,-55510.43120504752,-881.1578462754077,1109.667356570606,-135.3658957072593,0.0
2026-06-08,467.26112737814566,27639.97134485864,3274.673877216262,-1251.8649128336879,-134.96580076423854,0.0
2026-06-09,-4408.622742945493,-553.9571818104027,-4016.5875350156266,-890.7436418806215,-134.93673280917068,0.0
2026-06-10,2216.1042395361496,15192.743770360901,1283.1244550661406,1471.7353915976942,-135.07158649926967,0.0
2026-06-11,-15282.75454465327,-3598.7084017403076,4165.325409494061,-5196.567030044874,-134.98958553195374,0.0
2026-06-12,5338.455113191456,-12208.120645789726,-5671.682871345316,2795.912062894201,-135.44835135901425,0.0
2026-06-15,-2759.6485473659695,16591.300355413165,-7618.195475431767,3893.2981484629327,-135.30088873014722,0.0
2026-06-16,-5266.8066892379375,-17270.288065285644,7362.566705779629,-4847.7375375333095,-135.35398243680044,0.0
2026-06-17,14478.940215804752,-104343.5038329976,-2456.691830834487,2684.7708451182893,-135.53092115163744,0.0
2026-06-18,-5010.549184363387,-11101.08755903813,-8983.00094141989,5120.9868005338985,-135.19431761222936,0.0
2026-06-19,7.598536739579639,79.42331304127445,47.65401691236961,0.6479471672340222,-135.3238138604577,0.0
2026-06-22,9441.552631348999,-1441.363976925249,-4415.745357626652,-3173.5610046015904,-135.3238138604577,0.0
2026-06-23,-5040.465827617126,47111.87210022137,31276.128625947375,-3342.885502089232,-135.08833733425078,0.0
2026-06-24,-14370.040099544514,-18485.209536570965,-12368.488480097574,5082.743660169674,-135.17696030068151,0.0
2026-06-25,-2308.884613904225,14584.707675315929,-2790.3100087466446,583.0260526102192,-135.577879397071,0.0
2026-06-26,-2906.3015412780983,20278.785427619172,-15356.055883966485,-2024.5107601860143,-135.63116837214332,0.0
2026-06-29,1854.7028934616608,-29488.42011086913,-214.09544084653913,-2038.2936841963872,-135.7259329675891,0.0
2026-06-30,9171.998538506657,9496.876988699847,-1398.3332975512953,3368.7507427252226,-135.7080717718432,0.0
2026-07-01,8072.108065330596,17155.64446912819,-7180.179330067099,-7678.696577912633,-135.43604882812878,0.0
2026-07-02,-819.7805836600161,30018.149237238747,8094.46634249333,2866.1253845319834,-135.2533006404858,0.0
2026-07-03,7.510472137844892,79.4267025135964,47.64617461357935,0.6466315952922375,-135.22998086031285,0.0
2026-07-06,-1469.60082679454,14228.834765973372,-12429.8299472063,-228.84129581529163,-135.22998086031285,0.0
2026-07-07,11097.437210480857,3126.831674882975,-8145.906132727286,4324.648576130341,-135.27708540820097,0.0
2026-07-08,3616.074734700186,-12308.143627627267,7772.516573374658,-8926.186514110408,-134.9539153322739,0.0
2026-07-09,-5235.471786924062,29343.057950499573,4018.0423913986,1960.8225102230022,-134.90107651090182,0.0
2026-07-10,4771.772763802454,-27190.250504706644,-8749.037824781983,1339.7901569079595,-135.01273153934943,0.0
2026-07-13,9754.990255129114,-7110.833482078815,8110.135210706613,-570.9408959312923,-134.90107651090182,0.0
2026-07-14,-8587.870252388982,41643.56619825317,7852.921516357545,-785.7101710925081,-134.6262396428399,0.0
2026-07-15,-5761.838626806801,35014.70513206414,-8498.092678380519,-621.6400032588488,-134.83706821568987,0.0
2026-07-16,3477.9207981268855,-12282.526627309584,-3801.7283390344555,2750.8625842446745,-134.98958553195374,0.0
2026-07-17,-1298.8142288909262,-36034.14218246782,-1385.461586182957,-1129.8888570651768,-134.88985745351795,0.0
2026-07-20,7918.616105513017,13464.986376362118,536.9305973032847,-1743.5520800943445,-134.959857469179,0.0
2026-07-21,6033.480030678804,-20618.592495885907,-5711.602665353526,422.768388708707,-134.73752696903279,0.0
2026-07-22,6458.062416421454,-18156.423592170402,-2758.793089159615,4537.257240666859,-134.58547907545764,0.0
2026-07-23,7262.00092578675,-26575.45184028948,-2817.693072779742,2187.237403983372,-134.3930648622783,0.0
2026-07-24,-4206.412598580207,20816.744512431877,3940.5746513974336,-390.5151790678458,-134.19520652273468,0.0
2026-07-27,-5495.010712964304,-15173.507023883341,2515.0553135346713,-1513.8160568529963,-134.29999934996195,0.0
2026-07-28,-7287.151670092309,14216.986445127786,2777.355771058543,489.48496678695665,-134.47438940197065,0.0
2026-07-29,6415.241880750062,103574.13903978364,-5262.02833457956,-4798.426336941242,-134.667028348162,0.0
2026-07-30,1689.6783413672545,177.98308634066996,-1803.6141678291222,29.052553382445836,-134.44646081232787,0.0
2026-07-31,10626.85103183447,7537.704254872068,1568.5429144833822,63.01399012015884,-134.3999030801864,0.0
2026-08-03,-7126.922817312126,-7172.115469860019,-5166.440238327964,-4.922227773025884,-134.08667400256206,0.0
2026-08-04,-10190.01010167481,-1282.781904021286,-6204.762409849352,-1795.7943169783582,-134.3068750601993,0.0
