date,level,slope,curvature,residual,drift,transaction_cost
2001-08-06,0.0,0.0,0.0,0.0,0.0,0.0
2001-08-07,0.0,-0.0,-0.0,0.0,0.0,0.0
2001-08-08,-0.0,0.0,-0.0,-0.0,0.0,0.0
2001-08-09,0.0,0.0,0.0,0.0,0.0,0.0
2001-08-10,-0.0,0.0,-0.0,-0.0,0.0,0.0
2001-08-13,-0.0,0.0,-0.0,0.0,0.0,0.0
2001-08-14,0.0,-0.0,-0.0,-0.0,0.0,0.0
2001-08-15,0.0,-0.0,-0.0,0.0,0.0,0.0
2001-08-16,-0.0,0.0,0.0,-0.0,0.0,0.0
2001-08-17,-0.0,0.0,-0.0,-0.0,0.0,0.0
2001-08-20,0.0,-0.0,0.0,0.0,0.0,0.0
2001-08-21,-0.0,0.0,-0.0,-0.0,0.0,0.0
2001-08-22,0.0,-0.0,-0.0,0.0,0.0,0.0
2001-08-23,-0.0,0.0,0.0,-0.0,0.0,0.0
2001-08-24,0.0,0.0,-0.0,0.0,0.0,0.0
2001-08-27,0.0,-0.0,-0.0,-0.0,0.0,0.0
2001-08-28,-0.0,0.0,-0.0,-0.0,0.0,0.0
2001-08-29,-0.0,-0.0,-0.0,-0.0,0.0,0.0
2001-08-30,-0.0,0.0,0.0,0.0,0.0,0.0
2001-08-31,0.0,-0.0,0.0,0.0,0.0,0.0
2001-09-03,0.0,0.0,0.0,0.0,0.0,0.0
2001-09-04,0.0,-0.0,-0.0,0.0,0.0,0.0
2001-09-05,-0.0,0.0,0.0,-0.0,0.0,0.0
2001-09-06,-0.0,0.0,0.0,-0.0,0.0,0.0
2001-09-07,-0.0,0.0,0.0,-0.0,0.0,0.0
2001-09-10,0.0,0.0,0.0,0.0,0.0,0.0
2001-09-11,0.0,0.0,0.0,0.0,0.0,0.0
2001-09-12,0.0,0.0,0.0,0.0,0.0,0.0
2001-09-13,-0.0,0.0,0.0,-0.0,0.0,0.0
2001-09-14,-0.0,0.0,0.0,0.0,0.0,0.0
2001-09-17,0.0,-0.0,-0.0,-0.0,0.0,0.0
2001-09-18,0.0,0.0,-0.0,0.0,0.0,0.0
2001-09-19,-0.0,0.0,0.0,0.0,0.0,0.0
2001-09-20,0.0,-0.0,-0.0,0.0,0.0,0.0
2001-09-21,-0.0,-0.0,-0.0,-0.0,0.0,0.0
2001-09-24,0.0,-0.0,0.0,-0.0,0.0,0.0
2001-09-25,-0.0,0.0,0.0,0.0,0.0,0.0
2001-09-26,-0.0,-0.0,0.0,-0.0,0.0,0.0
2001-09-27,-0.0,-0.0,0.0,-0.0,0.0,0.0
2001-09-28,0.0,-0.0,0.0,0.0,0.0,0.0
2001-10-01,-0.0,-0.0,0.0,-0.0,0.0,0.0
2001-10-02,-0.0,0.0,0.0,0.0,0.0,0.0
2001-10-03,-0.0,-0.0,-0.0,-0.0,0.0,0.0
2001-10-04,0.0,0.0,0.0,0.0,0.0,0.0
2001-10-05,-0.0,0.0,0.0,-0.0,0.0,0.0
2001-10-08,0.0,0.0,0.0,0.0,0.0,0.0
2001-10-09,0.0,0.0,0.0,0.0,0.0,0.0
2001-10-10,-0.0,-0.0,-0.0,0.0,0.0,0.0
2001-10-11,0.0,-0.0,-0.0,0.0,0.0,0.0
2001-10-12,-0.0,0.0,0.0,-0.0,0.0,0.0
2001-10-15,-0.0,-0.0,-0.0,-0.0,0.0,0.0
2001-10-16,-0.0,-0.0,-0.0,0.0,0.0,0.0
2001-10-17,0.0,-0.0,-0.0,0.0,0.0,0.0
2001-10-18,-0.0,0.0,0.0,-0.0,0.0,0.0
2001-10-19,0.0,0.0,0.0,0.0,0.0,0.0
2001-10-22,0.0,-0.0,-0.0,-0.0,0.0,0.0
2001-10-23,0.0,0.0,0.0,0.0,0.0,0.0
2001-10-24,-0.0,0.0,0.0,-0.0,0.0,0.0
2001-10-25,-0.0,0.0,0.0,0.0,0.0,0.0
2001-10-26,-0.0,-0.0,-0.0,-0.0,0.0,0.0
2001-10-29,-0.0,0.0,0.0,0.0,0.0,0.0
2001-10-30,-0.0,0.0,0.0,-0.0,0.0,0.0
2001-10-31,-0.0,-0.0,0.0,0.0,0.0,0.0
2001-11-01,-0.0,-0.0,0.0,-0.0,0.0,0.0
2001-11-02,0.0,0.0,0.0,-0.0,0.0,0.0
2001-11-05,-0.0,-0.0,0.0,0.0,0.0,0.0
2001-11-06,-0.0,0.0,-0.0,0.0,0.0,0.0
2001-11-07,-0.0,-0.0,0.0,-0.0,0.0,0.0
2001-11-08,0.0,-0.0,-0.0,0.0,0.0,0.0
2001-11-09,0.0,-0.0,0.0,-0.0,0.0,0.0
2001-11-12,0.0,0.0,0.0,0.0,0.0,0.0
2001-11-13,0.0,-0.0,-0.0,0.0,0.0,0.0
2001-11-14,0.0,-0.0,-0.0,0.0,0.0,0.0
2001-11-15,0.0,-0.0,-0.0,0.0,0.0,0.0
2001-11-16,0.0,-0.0,0.0,-0.0,0.0,0.0
2001-11-19,-0.0,0.0,0.0,-0.0,0.0,0.0
2001-11-20,0.0,0.0,-0.0,0.0,0.0,0.0
2001-11-21,0.0,-0.0,0.0,0.0,0.0,0.0
2001-11-22,0.0,0.0,0.0,0.0,0.0,0.0
2001-11-23,0.0,-0.0,-0.0,-0.0,0.0,0.0
2001-11-26,0.0,-0.0,-0.0,0.0,0.0,0.0
2001-11-27,-0.0,0.0,-0.0,-0.0,0.0,0.0
2001-11-28,0.0,-0.0,0.0,-0.0,0.0,0.0
2001-11-29,-0.0,0.0,0.0,-0.0,0.0,0.0
2001-11-30,-0.0,0.0,-0.0,-0.0,0.0,0.0
2001-12-03,-0.0,0.0,-0.0,0.0,0.0,0.0
2001-12-04,-0.0,-0.0,-0.0,0.0,0.0,0.0
2001-12-05,0.0,-0.0,-0.0,0.0,0.0,0.0
2001-12-06,0.0,-0.0,-0.0,-0.0,0.0,0.0
2001-12-07,0.0,0.0,0.0,0.0,0.0,0.0
2001-12-10,-0.0,0.0,0.0,-0.0,0.0,0.0
2001-12-11,-0.0,0.0,-0.0,0.0,0.0,0.0
2001-12-12,-0.0,-0.0,-0.0,-0.0,0.0,0.0
2001-12-13,0.0,-0.0,-0.0,0.0,0.0,0.0
2001-12-14,0.0,-0.0,0.0,0.0,0.0,0.0
2001-12-17,0.0,0.0,0.0,-0.0,0.0,0.0
2001-12-18,-0.0,-0.0,0.0,-0.0,0.0,0.0
2001-12-19,-0.0,-0.0,-0.0,0.0,0.0,0.0
2001-12-20,0.0,-0.0,0.0,-0.0,0.0,0.0
2001-12-21,0.0,0.0,0.0,0.0,0.0,0.0
2001-12-24,0.0,-0.0,-0.0,0.0,0.0,0.0
2001-12-25,0.0,0.0,0.0,0.0,0.0,0.0
2001-12-26,0.0,-0.0,0.0,-0.0,0.0,0.0
2001-12-27,-0.0,0.0,-0.0,-0.0,0.0,0.0
2001-12-28,0.0,0.0,-0.0,-0.0,0.0,0.0
2001-12-31,-0.0,0.0,0.0,-0.0,0.0,0.0
2002-01-01,0.0,0.0,0.0,0.0,0.0,0.0
2002-01-02,0.0,-0.0,-0.0,0.0,0.0,0.0
2002-01-03,-0.0,0.0,-0.0,-0.0,0.0,0.0
2002-01-04,0.0,0.0,0.0,-0.0,0.0,0.0
2002-01-07,-0.0,0.0,0.0,0.0,0.0,0.0
2002-01-08,0.0,0.0,-0.0,-0.0,0.0,0.0
2002-01-09,-0.0,0.0,0.0,-0.0,0.0,0.0
2002-01-10,-0.0,0.0,0.0,0.0,0.0,0.0
2002-01-11,-0.0,0.0,0.0,0.0,0.0,0.0
2002-01-14,0.0,-0.0,-0.0,-0.0,0.0,0.0
2002-01-15,-0.0,-0.0,0.0,-0.0,0.0,0.0
2002-01-16,0.0,-0.0,-0.0,-0.0,0.0,0.0
2002-01-17,0.0,-0.0,0.0,0.0,0.0,0.0
2002-01-18,-0.0,0.0,0.0,0.0,0.0,0.0
2002-01-21,0.0,0.0,0.0,0.0,0.0,0.0
2002-01-22,0.0,-0.0,-0.0,-0.0,0.0,0.0
2002-01-23,0.0,-0.0,-0.0,0.0,0.0,0.0
2002-01-24,0.0,-0.0,-0.0,0.0,0.0,0.0
2002-01-25,0.0,-0.0,0.0,-0.0,0.0,0.0
2002-01-28,0.0,-0.0,0.0,0.0,0.0,0.0
2002-01-29,-0.0,0.0,0.0,0.0,0.0,0.0
2002-01-30,0.0,-0.0,0.0,-0.0,0.0,0.0
2002-01-31,0.0,-0.0,-0.0,0.0,0.0,0.0
2002-02-01,-0.0,0.0,0.0,-0.0,0.0,0.0
2002-02-04,-0.0,0.0,0.0,-0.0,0.0,0.0
2002-02-05,-0.0,-0.0,-0.0,-0.0,0.0,0.0
2002-02-06,0.0,0.0,-0.0,-0.0,0.0,0.0
2002-02-07,0.0,0.0,-0.0,-0.0,0.0,0.0
2002-02-08,-0.0,0.0,0.0,0.0,0.0,0.0
2002-02-11,0.0,0.0,-0.0,-0.0,0.0,0.0
2002-02-12,0.0,-0.0,-0.0,0.0,0.0,0.0
2002-02-13,0.0,-0.0,-0.0,0.0,0.0,0.0
2002-02-14,-0.0,-0.0,-0.0,-0.0,0.0,0.0
2002-02-15,-0.0,0.0,0.0,-0.0,0.0,0.0
2002-02-18,0.0,0.0,0.0,0.0,0.0,0.0
2002-02-19,0.0,0.0,-0.0,-0.0,0.0,0.0
2002-02-20,0.0,-0.0,-0.0,0.0,0.0,0.0
2002-02-21,-0.0,0.0,-0.0,0.0,0.0,0.0
2002-02-22,-0.0,-0.0,0.0,0.0,0.0,0.0
2002-02-25,0.0,-0.0,-0.0,-0.0,0.0,0.0
2002-02-26,0.0,-0.0,0.0,0.0,0.0,0.0
2002-02-27,-0.0,-0.0,-0.0,0.0,0.0,0.0
2002-02-28,0.0,0.0,0.0,-0.0,0.0,0.0
2002-03-01,0.0,-0.0,0.0,-0.0,0.0,0.0
2002-03-04,0.0,-0.0,-0.0,0.0,0.0,0.0
2002-03-05,0.0,-0.0,0.0,-0.0,0.0,0.0
2002-03-06,0.0,0.0,-0.0,0.0,0.0,0.0
2002-03-07,0.0,-0.0,0.0,-0.0,0.0,0.0
2002-03-08,0.0,-0.0,-0.0,0.0,0.0,0.0
2002-03-11,-0.0,-0.0,0.0,0.0,0.0,0.0
2002-03-12,-0.0,0.0,-0.0,-0.0,0.0,0.0
2002-03-13,-0.0,0.0,-0.0,-0.0,0.0,0.0
2002-03-14,0.0,-0.0,0.0,0.0,0.0,0.0
2002-03-15,-0.0,-0.0,-0.0,-0.0,0.0,0.0
2002-03-18,-0.0,-0.0,-0.0,-0.0,0.0,0.0
2002-03-19,-0.0,0.0,-0.0,-0.0,0.0,0.0
2002-03-20,0.0,-0.0,0.0,0.0,0.0,0.0
2002-03-21,0.0,-0.0,0.0,-0.0,0.0,0.0
2002-03-22,0.0,-0.0,-0.0,-0.0,0.0,0.0
2002-03-25,0.0,0.0,-0.0,-0.0,0.0,0.0
2002-03-26,-0.0,0.0,0.0,0.0,0.0,0.0
2002-03-27,0.0,0.0,0.0,-0.0,0.0,0.0
2002-03-28,0.0,-0.0,-0.0,0.0,0.0,0.0
2002-03-29,0.0,0.0,0.0,0.0,0.0,0.0
2002-04-01,0.0,-0.0,0.0,0.0,0.0,0.0
2002-04-02,-0.0,0.0,0.0,-0.0,0.0,0.0
2002-04-03,-0.0,0.0,0.0,0.0,0.0,0.0
2002-04-04,-0.0,-0.0,-0.0,-0.0,0.0,0.0
2002-04-05,-0.0,0.0,-0.0,-0.0,0.0,0.0
2002-04-08,0.0,0.0,-0.0,0.0,0.0,0.0
2002-04-09,-0.0,-0.0,0.0,-0.0,0.0,0.0
2002-04-10,0.0,-0.0,0.0,0.0,0.0,0.0
2002-04-11,-0.0,0.0,-0.0,-0.0,0.0,0.0
2002-04-12,-0.0,0.0,-0.0,-0.0,0.0,0.0
2002-04-15,-0.0,-0.0,0.0,-0.0,0.0,0.0
2002-04-16,0.0,-0.0,0.0,0.0,0.0,0.0
2002-04-17,0.0,0.0,-0.0,-0.0,0.0,0.0
2002-04-18,-0.0,0.0,0.0,-0.0,0.0,0.0
2002-04-19,-0.0,-0.0,0.0,0.0,0.0,0.0
2002-04-22,-0.0,-0.0,-0.0,-0.0,0.0,0.0
2002-04-23,0.0,-0.0,-0.0,-0.0,0.0,0.0
2002-04-24,-0.0,0.0,0.0,0.0,0.0,0.0
2002-04-25,-0.0,0.0,0.0,-0.0,0.0,0.0
2002-04-26,-0.0,0.0,-0.0,-0.0,0.0,0.0
2002-04-29,0.0,-0.0,0.0,0.0,0.0,0.0
2002-04-30,-0.0,-0.0,0.0,0.0,0.0,0.0
2002-05-01,-0.0,0.0,0.0,0.0,0.0,0.0
2002-05-02,0.0,-0.0,0.0,0.0,0.0,0.0
2002-05-03,-0.0,0.0,0.0,0.0,0.0,0.0
2002-05-06,0.0,-0.0,0.0,0.0,0.0,0.0
2002-05-07,-0.0,0.0,-0.0,0.0,0.0,0.0
2002-05-08,0.0,-0.0,-0.0,0.0,0.0,0.0
2002-05-09,-0.0,0.0,-0.0,-0.0,0.0,0.0
2002-05-10,-0.0,0.0,0.0,0.0,0.0,0.0
2002-05-13,0.0,-0.0,-0.0,0.0,0.0,0.0
2002-05-14,0.0,-0.0,-0.0,0.0,0.0,0.0
2002-05-15,-0.0,0.0,-0.0,0.0,0.0,0.0
2002-05-16,-0.0,0.0,-0.0,-0.0,0.0,0.0
2002-05-17,0.0,-0.0,-0.0,0.0,0.0,0.0
2002-05-20,-0.0,0.0,0.0,0.0,0.0,0.0
2002-05-21,-0.0,0.0,-0.0,-0.0,0.0,0.0
2002-05-22,-0.0,0.0,-0.0,0.0,0.0,0.0
2002-05-23,0.0,-0.0,-0.0,0.0,0.0,0.0
2002-05-24,0.0,-0.0,0.0,-0.0,0.0,0.0
2002-05-27,0.0,0.0,0.0,0.0,0.0,0.0
2002-05-28,0.0,-0.0,-0.0,0.0,0.0,0.0
2002-05-29,-0.0,0.0,-0.0,-0.0,0.0,0.0
2002-05-30,-0.0,0.0,0.0,-0.0,0.0,0.0
2002-05-31,0.0,-0.0,-0.0,0.0,0.0,0.0
2002-06-03,-0.0,0.0,-0.0,-0.0,0.0,0.0
2002-06-04,-0.0,0.0,0.0,0.0,0.0,0.0
2002-06-05,0.0,0.0,-0.0,-0.0,0.0,0.0
2002-06-06,-0.0,0.0,-0.0,0.0,0.0,0.0
2002-06-07,0.0,0.0,0.0,0.0,0.0,0.0
2002-06-10,-0.0,-0.0,0.0,0.0,0.0,0.0
2002-06-11,-0.0,0.0,0.0,-0.0,0.0,0.0
2002-06-12,-0.0,0.0,-0.0,0.0,0.0,0.0
2002-06-13,-0.0,0.0,0.0,-0.0,0.0,0.0
2002-06-14,-0.0,0.0,-0.0,-0.0,0.0,0.0
2002-06-17,0.0,0.0,-0.0,0.0,0.0,0.0
2002-06-18,-0.0,0.0,0.0,-0.0,0.0,0.0
2002-06-19,-0.0,0.0,-0.0,-0.0,0.0,0.0
2002-06-20,0.0,-0.0,-0.0,0.0,0.0,0.0
2002-06-21,-0.0,-0.0,0.0,0.0,0.0,0.0
2002-06-24,0.0,0.0,0.0,0.0,0.0,0.0
2002-06-25,0.0,0.0,-0.0,-0.0,0.0,0.0
2002-06-26,-0.0,0.0,-0.0,-0.0,0.0,0.0
2002-06-27,0.0,0.0,-0.0,0.0,0.0,0.0
2002-06-28,0.0,-0.0,-0.0,0.0,0.0,0.0
2002-07-01,-0.0,-0.0,0.0,0.0,0.0,0.0
2002-07-02,-0.0,0.0,-0.0,-0.0,0.0,0.0
2002-07-03,0.0,-0.0,0.0,0.0,0.0,0.0
2002-07-04,0.0,0.0,0.0,0.0,0.0,0.0
2002-07-05,0.0,-0.0,0.0,0.0,0.0,0.0
2002-07-08,-0.0,0.0,0.0,-0.0,0.0,0.0
2002-07-09,-0.0,0.0,0.0,0.0,0.0,0.0
2002-07-10,-0.0,0.0,-0.0,-0.0,0.0,0.0
2002-07-11,0.0,0.0,-0.0,-0.0,0.0,0.0
2002-07-12,-0.0,0.0,0.0,-0.0,0.0,0.0
2002-07-15,0.0,0.0,0.0,-0.0,0.0,0.0
2002-07-16,0.0,-0.0,-0.0,0.0,0.0,0.0
2002-07-17,-0.0,0.0,-0.0,-0.0,0.0,0.0
2002-07-18,-0.0,0.0,-0.0,-0.0,0.0,0.0
2002-07-19,-0.0,0.0,0.0,0.0,0.0,0.0
2002-07-22,-0.0,0.0,-0.0,-0.0,0.0,0.0
2002-07-23,-0.0,0.0,-0.0,-0.0,0.0,0.0
2002-07-24,0.0,0.0,-0.0,-0.0,0.0,0.0
2002-07-25,-0.0,0.0,0.0,0.0,0.0,0.0
2002-07-26,-0.0,0.0,0.0,0.0,0.0,0.0
2002-07-29,0.0,-0.0,0.0,0.0,0.0,0.0
2002-07-30,0.0,-0.0,0.0,0.0,0.0,0.0
2002-07-31,-0.0,0.0,0.0,-0.0,0.0,0.0
2002-08-01,-0.0,0.0,-0.0,-0.0,0.0,0.0
2002-08-02,-0.0,0.0,-0.0,0.0,0.0,0.0
2002-08-05,-0.0,0.0,0.0,0.0,0.0,0.0
2002-08-06,0.0,-0.0,0.0,0.0,0.0,0.0
2002-08-07,-0.0,0.0,-0.0,0.0,0.0,0.0
2002-08-08,0.0,-0.0,0.0,-0.0,0.0,0.0
2002-08-09,-0.0,-0.0,-0.0,-0.0,0.0,0.0
2002-08-12,-0.0,-0.0,-0.0,0.0,0.0,0.0
2002-08-13,-0.0,0.0,0.0,-0.0,0.0,0.0
2002-08-14,-0.0,-0.0,0.0,-0.0,0.0,0.0
2002-08-15,0.0,-0.0,-0.0,0.0,0.0,0.0
2002-08-16,0.0,0.0,0.0,0.0,0.0,0.0
2002-08-19,-0.0,-0.0,0.0,-0.0,0.0,0.0
2002-08-20,-0.0,0.0,-0.0,-0.0,0.0,0.0
2002-08-21,0.0,0.0,-0.0,-0.0,0.0,0.0
2002-08-22,0.0,-0.0,-0.0,0.0,0.0,0.0
2002-08-23,-0.0,0.0,-0.0,-0.0,0.0,0.0
2002-08-26,-0.0,-0.0,-0.0,-0.0,0.0,0.0
2002-08-27,0.0,-0.0,0.0,0.0,0.0,0.0
2002-08-28,-0.0,-0.0,-0.0,-0.0,0.0,0.0
2002-08-29,-0.0,0.0,0.0,-0.0,0.0,0.0
2002-08-30,-0.0,-0.0,0.0,0.0,0.0,0.0
2002-09-02,0.0,0.0,0.0,0.0,0.0,0.0
2002-09-03,-0.0,0.0,-0.0,-0.0,0.0,0.0
2002-09-04,-0.0,-0.0,-0.0,0.0,0.0,0.0
2002-09-05,-0.0,0.0,-0.0,-0.0,0.0,0.0
2002-09-06,0.0,-0.0,0.0,0.0,0.0,0.0
2002-09-09,0.0,-0.0,-0.0,0.0,0.0,0.0
2002-09-10,-0.0,-0.0,-0.0,-0.0,0.0,0.0
2002-09-11,0.0,-0.0,0.0,0.0,0.0,0.0
2002-09-12,-0.0,0.0,-0.0,-0.0,0.0,0.0
2002-09-13,-0.0,-0.0,0.0,0.0,0.0,0.0
2002-09-16,-0.0,-0.0,0.0,-0.0,0.0,0.0
2002-09-17,-0.0,0.0,-0.0,-0.0,0.0,0.0
2002-09-18,-0.0,0.0,0.0,-0.0,0.0,0.0
2002-09-19,-0.0,0.0,0.0,-0.0,0.0,0.0
2002-09-20,0.0,0.0,-0.0,-0.0,0.0,0.0
2002-09-23,-0.0,-0.0,-0.0,0.0,0.0,0.0
2002-09-24,-0.0,-0.0,0.0,0.0,0.0,0.0
2002-09-25,0.0,0.0,-0.0,0.0,0.0,0.0
2002-09-26,0.0,0.0,0.0,-0.0,0.0,0.0
2002-09-27,-0.0,0.0,-0.0,-0.0,0.0,0.0
2002-09-30,-0.0,0.0,-0.0,0.0,0.0,0.0
2002-10-01,0.0,0.0,-0.0,-0.0,0.0,0.0
2002-10-02,-0.0,0.0,0.0,-0.0,0.0,0.0
2002-10-03,-0.0,0.0,-0.0,-0.0,0.0,0.0
2002-10-04,0.0,-0.0,-0.0,0.0,0.0,0.0
2002-10-07,-0.0,-0.0,-0.0,0.0,0.0,0.0
2002-10-08,0.0,-0.0,-0.0,-0.0,0.0,0.0
2002-10-09,-0.0,0.0,0.0,-0.0,0.0,0.0
2002-10-10,0.0,0.0,0.0,0.0,0.0,0.0
2002-10-11,0.0,-0.0,0.0,0.0,0.0,0.0
2002-10-14,0.0,0.0,0.0,0.0,0.0,0.0
2002-10-15,0.0,-0.0,0.0,0.0,0.0,0.0
2002-10-16,-0.0,0.0,0.0,-0.0,0.0,0.0
2002-10-17,0.0,0.0,-0.0,0.0,0.0,0.0
2002-10-18,-0.0,0.0,-0.0,-0.0,0.0,0.0
2002-10-21,0.0,-0.0,-0.0,0.0,0.0,0.0
2002-10-22,0.0,0.0,0.0,0.0,0.0,0.0
2002-10-23,-0.0,0.0,-0.0,-0.0,0.0,0.0
2002-10-24,-0.0,0.0,0.0,-0.0,0.0,0.0
2002-10-25,-0.0,0.0,0.0,0.0,0.0,0.0
2002-10-28,-0.0,0.0,-0.0,-0.0,0.0,0.0
2002-10-29,-0.0,0.0,-0.0,-0.0,0.0,0.0
2002-10-30,-0.0,0.0,0.0,0.0,0.0,0.0
2002-10-31,-0.0,0.0,-0.0,-0.0,0.0,0.0
2002-11-01,0.0,-0.0,0.0,0.0,0.0,0.0
2002-11-04,0.0,-0.0,0.0,-0.0,0.0,0.0
2002-11-05,0.0,0.0,-0.0,0.0,0.0,0.0
2002-11-06,0.0,-0.0,-0.0,-0.0,0.0,0.0
2002-11-07,-0.0,-0.0,-0.0,-0.0,0.0,0.0
2002-11-08,-0.0,-0.0,0.0,0.0,0.0,0.0
2002-11-11,0.0,0.0,0.0,0.0,0.0,0.0
2002-11-12,-0.0,0.0,0.0,0.0,0.0,0.0
2002-11-13,-0.0,-0.0,0.0,0.0,0.0,0.0
2002-11-14,0.0,0.0,0.0,0.0,0.0,0.0
2002-11-15,0.0,-0.0,0.0,0.0,0.0,0.0
2002-11-18,-0.0,-0.0,-0.0,-0.0,0.0,0.0
2002-11-19,-0.0,-0.0,0.0,0.0,0.0,0.0
2002-11-20,0.0,0.0,0.0,-0.0,0.0,0.0
2002-11-21,0.0,-0.0,-0.0,-0.0,0.0,0.0
2002-11-22,0.0,-0.0,0.0,-0.0,0.0,0.0
2002-11-25,0.0,0.0,0.0,0.0,0.0,0.0
2002-11-26,-0.0,0.0,0.0,-0.0,0.0,0.0
2002-11-27,0.0,-0.0,0.0,0.0,0.0,0.0
2002-11-28,0.0,0.0,0.0,0.0,0.0,0.0
2002-11-29,-0.0,0.0,0.0,0.0,0.0,0.0
2002-12-02,0.0,-0.0,0.0,-0.0,0.0,0.0
2002-12-03,0.0,0.0,0.0,0.0,0.0,0.0
2002-12-04,-0.0,0.0,-0.0,0.0,0.0,0.0
2002-12-05,-0.0,0.0,-0.0,-0.0,0.0,0.0
2002-12-06,-0.0,0.0,0.0,-0.0,0.0,0.0
2002-12-09,-0.0,-0.0,-0.0,0.0,0.0,0.0
2002-12-10,-0.0,-0.0,-0.0,0.0,0.0,0.0
2002-12-11,-0.0,-0.0,0.0,-0.0,0.0,0.0
2002-12-12,0.0,0.0,-0.0,-0.0,0.0,0.0
2002-12-13,0.0,0.0,-0.0,-0.0,0.0,0.0
2002-12-16,0.0,-0.0,-0.0,0.0,0.0,0.0
2002-12-17,-0.0,0.0,-0.0,-0.0,0.0,0.0
2002-12-18,-0.0,0.0,-0.0,-0.0,0.0,0.0
2002-12-19,-0.0,0.0,-0.0,0.0,0.0,0.0
2002-12-20,0.0,-0.0,0.0,0.0,0.0,0.0
2002-12-23,0.0,-0.0,-0.0,-0.0,0.0,0.0
2002-12-24,-0.0,0.0,0.0,-0.0,0.0,0.0
2002-12-25,0.0,0.0,0.0,0.0,0.0,0.0
2002-12-26,-0.0,0.0,-0.0,-0.0,0.0,0.0
2002-12-27,-0.0,0.0,-0.0,-0.0,0.0,0.0
2002-12-30,-0.0,-0.0,-0.0,0.0,0.0,0.0
2002-12-31,0.0,0.0,0.0,-0.0,0.0,0.0
2003-01-01,0.0,0.0,0.0,0.0,0.0,0.0
2003-01-02,0.0,-0.0,0.0,0.0,0.0,0.0
2003-01-03,-0.0,0.0,-0.0,-0.0,0.0,0.0
2003-01-06,0.0,-0.0,0.0,-0.0,0.0,0.0
2003-01-07,-0.0,0.0,0.0,-0.0,0.0,0.0
2003-01-08,-0.0,0.0,0.0,-0.0,0.0,0.0
2003-01-09,0.0,-0.0,0.0,-0.0,0.0,0.0
2003-01-10,-0.0,0.0,0.0,-0.0,0.0,0.0
2003-01-13,-0.0,-0.0,-0.0,0.0,0.0,0.0
2003-01-14,-0.0,0.0,-0.0,0.0,0.0,0.0
2003-01-15,-0.0,-0.0,0.0,0.0,0.0,0.0
2003-01-16,0.0,-0.0,0.0,-0.0,0.0,0.0
2003-01-17,-0.0,0.0,-0.0,-0.0,0.0,0.0
2003-01-20,0.0,0.0,0.0,0.0,0.0,0.0
2003-01-21,-0.0,0.0,-0.0,0.0,0.0,0.0
2003-01-22,-0.0,-0.0,-0.0,0.0,0.0,0.0
2003-01-23,0.0,-0.0,0.0,0.0,0.0,0.0
2003-01-24,-0.0,-0.0,-0.0,-0.0,0.0,0.0
2003-01-27,0.0,-0.0,0.0,0.0,0.0,0.0
2003-01-28,0.0,0.0,0.0,0.0,0.0,0.0
2003-01-29,0.0,-0.0,-0.0,-0.0,0.0,0.0
2003-01-30,-0.0,0.0,0.0,-0.0,0.0,0.0
2003-01-31,-0.0,-0.0,0.0,0.0,0.0,0.0
2003-02-03,0.0,-0.0,0.0,-0.0,0.0,0.0
2003-02-04,-0.0,0.0,-0.0,-0.0,0.0,0.0
2003-02-05,0.0,-0.0,0.0,-0.0,0.0,0.0
2003-02-06,-0.0,0.0,-0.0,-0.0,0.0,0.0
2003-02-07,-0.0,0.0,0.0,0.0,0.0,0.0
2003-02-10,0.0,-0.0,-0.0,-0.0,0.0,0.0
2003-02-11,-0.0,0.0,-0.0,-0.0,0.0,0.0
2003-02-12,-0.0,0.0,-0.0,-0.0,0.0,0.0
2003-02-13,-0.0,0.0,-0.0,0.0,0.0,0.0
2003-02-14,0.0,0.0,-0.0,0.0,0.0,0.0
2003-02-17,0.0,0.0,0.0,0.0,0.0,0.0
2003-02-18,0.0,-0.0,-0.0,-0.0,0.0,0.0
2003-02-19,-0.0,-0.0,0.0,-0.0,0.0,0.0
2003-02-20,-0.0,0.0,-0.0,0.0,0.0,0.0
2003-02-21,0.0,0.0,-0.0,0.0,0.0,0.0
2003-02-24,-0.0,-0.0,-0.0,-0.0,0.0,0.0
2003-02-25,-0.0,-0.0,-0.0,0.0,0.0,0.0
2003-02-26,-0.0,-0.0,0.0,0.0,0.0,0.0
2003-02-27,-0.0,-0.0,-0.0,-0.0,0.0,0.0
2003-02-28,-0.0,-0.0,0.0,0.0,0.0,0.0
2003-03-03,-0.0,0.0,-0.0,-0.0,0.0,0.0
2003-03-04,-0.0,0.0,-0.0,-0.0,0.0,0.0
2003-03-05,-0.0,0.0,-0.0,0.0,0.0,0.0
2003-03-06,0.0,0.0,0.0,-0.0,0.0,0.0
2003-03-07,-0.0,0.0,0.0,0.0,0.0,0.0
2003-03-10,-0.0,0.0,-0.0,-0.0,0.0,0.0
2003-03-11,0.0,-0.0,0.0,-0.0,0.0,0.0
2003-03-12,0.0,-0.0,0.0,0.0,0.0,0.0
2003-03-13,0.0,-0.0,0.0,-0.0,0.0,0.0
2003-03-14,-0.0,0.0,0.0,0.0,0.0,0.0
2003-03-17,0.0,0.0,0.0,0.0,0.0,0.0
2003-03-18,0.0,-0.0,0.0,-0.0,0.0,0.0
2003-03-19,0.0,0.0,0.0,0.0,0.0,0.0
2003-03-20,0.0,-0.0,-0.0,-0.0,0.0,0.0
2003-03-21,0.0,0.0,0.0,0.0,0.0,0.0
2003-03-24,-0.0,0.0,-0.0,-0.0,0.0,0.0
2003-03-25,-0.0,0.0,0.0,-0.0,0.0,0.0
2003-03-26,-0.0,0.0,-0.0,0.0,0.0,0.0
2003-03-27,-0.0,0.0,0.0,-0.0,0.0,0.0
2003-03-28,-0.0,0.0,-0.0,0.0,0.0,0.0
2003-03-31,-0.0,-0.0,0.0,0.0,0.0,0.0
2003-04-01,-0.0,0.0,0.0,0.0,0.0,0.0
2003-04-02,0.0,-0.0,-0.0,-0.0,0.0,0.0
2003-04-03,-0.0,0.0,0.0,-0.0,0.0,0.0
2003-04-04,0.0,0.0,-0.0,0.0,0.0,0.0
2003-04-07,0.0,-0.0,0.0,-0.0,0.0,0.0
2003-04-08,-0.0,-0.0,0.0,0.0,0.0,0.0
2003-04-09,-0.0,0.0,-0.0,0.0,0.0,0.0
2003-04-10,0.0,-0.0,-0.0,0.0,0.0,0.0
2003-04-11,0.0,-0.0,0.0,0.0,0.0,0.0
2003-04-14,0.0,-0.0,-0.0,0.0,0.0,0.0
2003-04-15,-0.0,0.0,-0.0,-0.0,0.0,0.0
2003-04-16,-0.0,-0.0,0.0,0.0,0.0,0.0
2003-04-17,0.0,-0.0,0.0,0.0,0.0,0.0
2003-04-18,0.0,0.0,0.0,0.0,0.0,0.0
2003-04-21,0.0,0.0,0.0,-0.0,0.0,0.0
2003-04-22,-0.0,0.0,0.0,0.0,0.0,0.0
2003-04-23,0.0,-0.0,0.0,0.0,0.0,0.0
2003-04-24,-0.0,0.0,-0.0,-0.0,0.0,0.0
2003-04-25,-0.0,0.0,0.0,0.0,0.0,0.0
2003-04-28,0.0,-0.0,0.0,-0.0,0.0,0.0
2003-04-29,0.0,0.0,0.0,0.0,0.0,0.0
2003-04-30,-0.0,0.0,0.0,0.0,0.0,0.0
2003-05-01,-0.0,0.0,-0.0,0.0,0.0,0.0
2003-05-02,0.0,-0.0,0.0,-0.0,0.0,0.0
2003-05-05,-0.0,-0.0,-0.0,0.0,0.0,0.0
2003-05-06,-0.0,0.0,-0.0,-0.0,0.0,0.0
2003-05-07,-0.0,-0.0,-0.0,0.0,0.0,0.0
2003-05-08,-0.0,-0.0,-0.0,0.0,0.0,0.0
2003-05-09,-0.0,0.0,0.0,-0.0,0.0,0.0
2003-05-12,-0.0,-0.0,-0.0,-0.0,0.0,0.0
2003-05-13,0.0,-0.0,-0.0,-0.0,0.0,0.0
2003-05-14,-0.0,-0.0,0.0,0.0,0.0,0.0
2003-05-15,0.0,-0.0,0.0,0.0,0.0,0.0
2003-05-16,-0.0,0.0,-0.0,-0.0,0.0,0.0
2003-05-19,-0.0,0.0,0.0,0.0,0.0,0.0
2003-05-20,-0.0,-0.0,0.0,0.0,0.0,0.0
2003-05-21,0.0,-0.0,0.0,0.0,0.0,0.0
2003-05-22,-0.0,-0.0,-0.0,0.0,0.0,0.0
2003-05-23,-0.0,-0.0,0.0,0.0,0.0,0.0
2003-05-26,0.0,0.0,0.0,0.0,0.0,0.0
2003-05-27,0.0,0.0,-0.0,-0.0,0.0,0.0
2003-05-28,0.0,0.0,-0.0,0.0,0.0,0.0
2003-05-29,-0.0,-0.0,-0.0,-0.0,0.0,0.0
2003-05-30,0.0,0.0,-0.0,0.0,0.0,0.0
2003-06-02,0.0,0.0,0.0,-0.0,0.0,0.0
2003-06-03,-0.0,0.0,0.0,-0.0,0.0,0.0
2003-06-04,-0.0,-0.0,-0.0,0.0,0.0,0.0
2003-06-05,0.0,-0.0,-0.0,-0.0,0.0,0.0
2003-06-06,0.0,0.0,0.0,-0.0,0.0,0.0
2003-06-09,-0.0,0.0,0.0,-0.0,0.0,0.0
2003-06-10,-0.0,-0.0,0.0,-0.0,0.0,0.0
2003-06-11,0.0,-0.0,0.0,-0.0,0.0,0.0
2003-06-12,-0.0,0.0,-0.0,0.0,0.0,0.0
2003-06-13,-0.0,-0.0,0.0,-0.0,0.0,0.0
2003-06-16,0.0,-0.0,-0.0,-0.0,0.0,0.0
2003-06-17,0.0,0.0,0.0,-0.0,0.0,0.0
2003-06-18,0.0,0.0,0.0,0.0,0.0,0.0
2003-06-19,-0.0,0.0,0.0,-0.0,0.0,0.0
2003-06-20,0.0,-0.0,-0.0,0.0,0.0,0.0
2003-06-23,-0.0,-0.0,-0.0,-0.0,0.0,0.0
2003-06-24,-0.0,-0.0,0.0,0.0,0.0,0.0
2003-06-25,0.0,-0.0,-0.0,0.0,0.0,0.0
2003-06-26,0.0,0.0,0.0,0.0,0.0,0.0
2003-06-27,0.0,0.0,0.0,-0.0,0.0,0.0
2003-06-30,-0.0,0.0,-0.0,0.0,0.0,0.0
2003-07-01,0.0,0.0,0.0,-0.0,0.0,0.0
2003-07-02,-0.0,-0.0,0.0,0.0,0.0,0.0
2003-07-03,0.0,0.0,0.0,0.0,0.0,0.0
2003-07-04,0.0,0.0,0.0,0.0,0.0,0.0
2003-07-07,0.0,0.0,0.0,-0.0,0.0,0.0
2003-07-08,0.0,-0.0,0.0,0.0,0.0,0.0
2003-07-09,-0.0,-0.0,0.0,-0.0,0.0,0.0
2003-07-10,-0.0,0.0,-0.0,-0.0,0.0,0.0
2003-07-11,-0.0,0.0,-0.0,0.0,0.0,0.0
2003-07-14,0.0,-0.0,0.0,0.0,0.0,0.0
2003-07-15,0.0,0.0,0.0,-0.0,0.0,0.0
2003-07-16,0.0,-0.0,0.0,-0.0,0.0,0.0
2003-07-17,-0.0,0.0,0.0,0.0,0.0,0.0
2003-07-18,0.0,-0.0,0.0,-0.0,0.0,0.0
2003-07-21,0.0,0.0,0.0,0.0,0.0,0.0
2003-07-22,-0.0,0.0,0.0,0.0,0.0,0.0
2003-07-23,-0.0,-0.0,-0.0,-0.0,0.0,0.0
2003-07-24,0.0,0.0,0.0,0.0,0.0,0.0
2003-07-25,0.0,0.0,-0.0,-0.0,0.0,0.0
2003-07-28,0.0,-0.0,-0.0,-0.0,0.0,0.0
2003-07-29,0.0,0.0,0.0,-0.0,0.0,0.0
2003-07-30,-0.0,-0.0,-0.0,-0.0,0.0,0.0
2003-07-31,0.0,-0.0,-0.0,0.0,0.0,0.0
2003-08-01,-0.0,-0.0,-0.0,0.0,0.0,0.0
2003-08-04,-0.0,0.0,-0.0,-0.0,0.0,0.0
2003-08-05,0.0,-0.0,-0.0,0.0,0.0,0.0
2003-08-06,-0.0,-0.0,-0.0,-0.0,0.0,0.0
2003-08-07,-0.0,0.0,-0.0,0.0,0.0,0.0
2003-08-08,-0.0,0.0,-0.0,-0.0,0.0,0.0
2003-08-11,0.0,-0.0,-0.0,0.0,0.0,0.0
2003-08-12,-0.0,0.0,0.0,-0.0,0.0,0.0
2003-08-13,0.0,-0.0,0.0,0.0,0.0,0.0
2003-08-14,-0.0,-0.0,0.0,-0.0,0.0,0.0
2003-08-15,-0.0,0.0,0.0,-0.0,0.0,0.0
2003-08-18,-0.0,-0.0,-0.0,0.0,0.0,0.0
2003-08-19,-0.0,-0.0,-0.0,-0.0,0.0,0.0
2003-08-20,0.0,-0.0,0.0,0.0,0.0,0.0
2003-08-21,0.0,-0.0,0.0,-0.0,0.0,0.0
2003-08-22,-0.0,-0.0,-0.0,-0.0,0.0,0.0
2003-08-25,0.0,-0.0,0.0,0.0,0.0,0.0
2003-08-26,-0.0,0.0,0.0,-0.0,0.0,0.0
2003-08-27,0.0,-0.0,-0.0,0.0,0.0,0.0
2003-08-28,-0.0,0.0,-0.0,-0.0,0.0,0.0
2003-08-29,0.0,-0.0,0.0,0.0,0.0,0.0
2003-09-01,0.0,0.0,0.0,0.0,0.0,0.0
2003-09-02,0.0,-0.0,0.0,0.0,0.0,0.0
2003-09-03,-0.0,0.0,-0.0,-0.0,0.0,0.0
2003-09-04,-0.0,0.0,-0.0,-0.0,0.0,0.0
2003-09-05,-0.0,0.0,-0.0,-0.0,0.0,0.0
2003-09-08,0.0,0.0,0.0,0.0,0.0,0.0
2003-09-09,-0.0,0.0,-0.0,-0.0,0.0,0.0
2003-09-10,-0.0,0.0,-0.0,-0.0,0.0,0.0
2003-09-11,0.0,-0.0,-0.0,0.0,0.0,0.0
2003-09-12,-0.0,0.0,-0.0,-0.0,0.0,0.0
2003-09-15,-0.0,0.0,-0.0,0.0,0.0,0.0
2003-09-16,0.0,-0.0,0.0,0.0,0.0,0.0
2003-09-17,-0.0,-0.0,-0.0,-0.0,0.0,0.0
2003-09-18,0.0,-0.0,0.0,-0.0,0.0,0.0
2003-09-19,-0.0,-0.0,0.0,-0.0,0.0,0.0
2003-09-22,0.0,0.0,0.0,0.0,0.0,0.0
2003-09-23,-0.0,-0.0,0.0,0.0,0.0,0.0
2003-09-24,-0.0,-0.0,-0.0,-0.0,0.0,0.0
2003-09-25,-0.0,0.0,-0.0,-0.0,0.0,0.0
2003-09-26,-0.0,-0.0,-0.0,0.0,0.0,0.0
2003-09-29,0.0,0.0,0.0,0.0,0.0,0.0
2003-09-30,-0.0,0.0,-0.0,-0.0,0.0,0.0
2003-10-01,-0.0,0.0,0.0,0.0,0.0,0.0
2003-10-02,0.0,0.0,0.0,0.0,0.0,0.0
2003-10-03,0.0,-0.0,0.0,-0.0,0.0,0.0
2003-10-06,-0.0,0.0,-0.0,0.0,0.0,0.0
2003-10-07,0.0,0.0,0.0,0.0,0.0,0.0
2003-10-08,0.0,0.0,-0.0,-0.0,0.0,0.0
2003-10-09,0.0,-0.0,0.0,0.0,0.0,0.0
2003-10-10,-0.0,0.0,0.0,-0.0,0.0,0.0
2003-10-13,0.0,0.0,0.0,0.0,0.0,0.0
2003-10-14,0.0,-0.0,-0.0,0.0,0.0,0.0
2003-10-15,0.0,-0.0,0.0,0.0,0.0,0.0
2003-10-16,0.0,-0.0,-0.0,-0.0,0.0,0.0
2003-10-17,-0.0,0.0,-0.0,-0.0,0.0,0.0
2003-10-20,-0.0,0.0,0.0,0.0,0.0,0.0
2003-10-21,-0.0,-0.0,-0.0,-0.0,0.0,0.0
2003-10-22,-0.0,0.0,-0.0,-0.0,0.0,0.0
2003-10-23,0.0,0.0,-0.0,0.0,0.0,0.0
2003-10-24,-0.0,-0.0,-0.0,0.0,0.0,0.0
2003-10-27,0.0,-0.0,0.0,-0.0,0.0,0.0
2003-10-28,-0.0,0.0,0.0,-0.0,0.0,0.0
2003-10-29,0.0,-0.0,0.0,0.0,0.0,0.0
2003-10-30,0.0,-0.0,0.0,-0.0,0.0,0.0
2003-10-31,-0.0,-0.0,0.0,0.0,0.0,0.0
2003-11-03,0.0,-0.0,0.0,0.0,0.0,0.0
2003-11-04,-0.0,0.0,-0.0,-0.0,0.0,0.0
2003-11-05,0.0,-0.0,-0.0,-0.0,0.0,0.0
2003-11-06,0.0,-0.0,0.0,0.0,0.0,0.0
2003-11-07,0.0,-0.0,0.0,0.0,0.0,0.0
2003-11-10,0.0,-0.0,-0.0,-0.0,0.0,0.0
2003-11-11,0.0,0.0,0.0,0.0,0.0,0.0
2003-11-12,-0.0,-0.0,-0.0,0.0,0.0,0.0
2003-11-13,-0.0,0.0,-0.0,0.0,0.0,0.0
2003-11-14,-0.0,0.0,-0.0,-0.0,0.0,0.0
2003-11-17,-0.0,0.0,0.0,0.0,0.0,0.0
2003-11-18,-0.0,-0.0,-0.0,0.0,0.0,0.0
2003-11-19,0.0,-0.0,-0.0,-0.0,0.0,0.0
2003-11-20,-0.0,0.0,0.0,-0.0,0.0,0.0
2003-11-21,-0.0,-0.0,0.0,-0.0,0.0,0.0
2003-11-24,0.0,-0.0,-0.0,0.0,0.0,0.0
2003-11-25,-0.0,0.0,0.0,-0.0,0.0,0.0
2003-11-26,0.0,-0.0,-0.0,0.0,0.0,0.0
2003-11-27,0.0,0.0,0.0,0.0,0.0,0.0
2003-11-28,0.0,-0.0,0.0,0.0,0.0,0.0
2003-12-01,0.0,-0.0,0.0,-0.0,0.0,0.0
2003-12-02,-0.0,0.0,0.0,0.0,0.0,0.0
2003-12-03,0.0,0.0,-0.0,-0.0,0.0,0.0
2003-12-04,-0.0,0.0,-0.0,-0.0,0.0,0.0
2003-12-05,-0.0,0.0,-0.0,-0.0,0.0,0.0
2003-12-08,0.0,0.0,-0.0,0.0,0.0,0.0
2003-12-09,0.0,-0.0,0.0,-0.0,0.0,0.0
2003-12-10,-0.0,0.0,-0.0,0.0,0.0,0.0
2003-12-11,-0.0,0.0,0.0,0.0,0.0,0.0
2003-12-12,-0.0,-0.0,0.0,-0.0,0.0,0.0
2003-12-15,0.0,-0.0,-0.0,0.0,0.0,0.0
2003-12-16,-0.0,0.0,-0.0,-0.0,0.0,0.0
2003-12-17,-0.0,-0.0,0.0,0.0,0.0,0.0
2003-12-18,-0.0,-0.0,0.0,0.0,0.0,0.0
2003-12-19,-0.0,0.0,0.0,-0.0,0.0,0.0
2003-12-22,0.0,0.0,0.0,0.0,0.0,0.0
2003-12-23,0.0,-0.0,-0.0,0.0,0.0,0.0
2003-12-24,-0.0,0.0,0.0,-0.0,0.0,0.0
2003-12-25,0.0,0.0,0.0,0.0,0.0,0.0
2003-12-26,-0.0,0.0,-0.0,-0.0,0.0,0.0
2003-12-29,0.0,-0.0,0.0,0.0,0.0,0.0
2003-12-30,0.0,0.0,0.0,0.0,0.0,0.0
2003-12-31,-0.0,0.0,-0.0,-0.0,0.0,0.0
2004-01-01,0.0,0.0,0.0,0.0,0.0,0.0
2004-01-02,0.0,-0.0,0.0,0.0,0.0,0.0
2004-01-05,0.0,-0.0,0.0,0.0,0.0,0.0
2004-01-06,-0.0,0.0,-0.0,-0.0,0.0,0.0
2004-01-07,-0.0,-0.0,0.0,0.0,0.0,0.0
2004-01-08,-0.0,-0.0,-0.0,0.0,0.0,0.0
2004-01-09,-0.0,0.0,-0.0,-0.0,0.0,0.0
2004-01-12,-0.0,-0.0,0.0,0.0,0.0,0.0
2004-01-13,-0.0,0.0,-0.0,-0.0,0.0,0.0
2004-01-14,-0.0,-0.0,-0.0,0.0,0.0,0.0
2004-01-15,-0.0,-0.0,0.0,-0.0,0.0,0.0
2004-01-16,0.0,-0.0,0.0,0.0,0.0,0.0
2004-01-19,0.0,0.0,0.0,0.0,0.0,0.0
2004-01-20,0.0,0.0,0.0,0.0,0.0,0.0
2004-01-21,-0.0,-0.0,-0.0,0.0,0.0,0.0
2004-01-22,-0.0,-0.0,-0.0,-0.0,0.0,0.0
2004-01-23,0.0,0.0,0.0,0.0,0.0,0.0
2004-01-26,0.0,0.0,0.0,-0.0,0.0,0.0
2004-01-27,-0.0,0.0,0.0,0.0,0.0,0.0
2004-01-28,0.0,-0.0,-0.0,0.0,0.0,0.0
2004-01-29,0.0,-0.0,-0.0,0.0,0.0,0.0
2004-01-30,-0.0,0.0,-0.0,-0.0,0.0,0.0
2004-02-02,0.0,0.0,0.0,0.0,0.0,0.0
2004-02-03,-0.0,0.0,-0.0,-0.0,0.0,0.0
2004-02-04,0.0,-0.0,0.0,0.0,0.0,0.0
2004-02-05,0.0,-0.0,0.0,0.0,0.0,0.0
2004-02-06,-0.0,0.0,-0.0,-0.0,0.0,0.0
2004-02-09,-0.0,-0.0,-0.0,0.0,0.0,0.0
2004-02-10,0.0,-0.0,-0.0,0.0,0.0,0.0
2004-02-11,-0.0,0.0,-0.0,-0.0,0.0,0.0
2004-02-12,0.0,0.0,0.0,0.0,0.0,0.0
2004-02-13,-0.0,0.0,-0.0,-0.0,0.0,0.0
2004-02-16,0.0,0.0,0.0,0.0,0.0,0.0
2004-02-17,0.0,-0.0,0.0,-0.0,0.0,0.0
2004-02-18,0.0,-0.0,-0.0,-0.0,0.0,0.0
2004-02-19,-0.0,-0.0,0.0,0.0,0.0,0.0
2004-02-20,0.0,-0.0,-0.0,-0.0,0.0,0.0
2004-02-23,-0.0,0.0,-0.0,-0.0,0.0,0.0
2004-02-24,-0.0,-0.0,0.0,0.0,0.0,0.0
2004-02-25,-0.0,-0.0,0.0,0.0,0.0,0.0
2004-02-26,0.0,0.0,-0.0,-0.0,0.0,0.0
2004-02-27,-0.0,-0.0,0.0,-0.0,0.0,0.0
2004-03-01,-0.0,-0.0,-0.0,0.0,0.0,0.0
2004-03-02,0.0,-0.0,-0.0,-0.0,0.0,0.0
2004-03-03,0.0,-0.0,0.0,0.0,0.0,0.0
2004-03-04,-0.0,-0.0,-0.0,0.0,0.0,0.0
2004-03-05,-0.0,0.0,-0.0,-0.0,0.0,0.0
2004-03-08,-0.0,0.0,-0.0,-0.0,0.0,0.0
2004-03-09,-0.0,-0.0,-0.0,0.0,0.0,0.0
2004-03-10,0.0,-0.0,0.0,0.0,0.0,0.0
2004-03-11,0.0,0.0,-0.0,-0.0,0.0,0.0
2004-03-12,0.0,0.0,-0.0,0.0,0.0,0.0
2004-03-15,0.0,-0.0,-0.0,0.0,0.0,0.0
2004-03-16,-0.0,-0.0,-0.0,0.0,0.0,0.0
2004-03-17,0.0,-0.0,-0.0,0.0,0.0,0.0
2004-03-18,0.0,0.0,0.0,-0.0,0.0,0.0
2004-03-19,0.0,0.0,0.0,0.0,0.0,0.0
2004-03-22,-0.0,-0.0,-0.0,-0.0,0.0,0.0
2004-03-23,-0.0,-0.0,0.0,-0.0,0.0,0.0
2004-03-24,-0.0,0.0,0.0,0.0,0.0,0.0
2004-03-25,0.0,0.0,-0.0,-0.0,0.0,0.0
2004-03-26,0.0,-0.0,0.0,0.0,0.0,0.0
2004-03-29,0.0,0.0,-0.0,0.0,0.0,0.0
2004-03-30,0.0,0.0,0.0,0.0,0.0,0.0
2004-03-31,-0.0,0.0,-0.0,0.0,0.0,0.0
2004-04-01,0.0,0.0,-0.0,-0.0,0.0,0.0
2004-04-02,0.0,-0.0,0.0,0.0,0.0,0.0
2004-04-05,0.0,0.0,0.0,0.0,0.0,0.0
2004-04-06,-0.0,0.0,-0.0,-0.0,0.0,0.0
2004-04-07,0.0,-0.0,-0.0,-0.0,0.0,0.0
2004-04-08,0.0,-0.0,0.0,0.0,0.0,0.0
2004-04-09,0.0,0.0,0.0,0.0,0.0,0.0
2004-04-12,0.0,-0.0,0.0,0.0,0.0,0.0
2004-04-13,0.0,-0.0,0.0,0.0,0.0,0.0
2004-04-14,0.0,-0.0,-0.0,0.0,0.0,0.0
2004-04-15,0.0,0.0,-0.0,-0.0,0.0,0.0
2004-04-16,-0.0,0.0,0.0,-0.0,0.0,0.0
2004-04-19,0.0,-0.0,-0.0,-0.0,0.0,0.0
2004-04-20,0.0,-0.0,-0.0,0.0,0.0,0.0
2004-04-21,0.0,-0.0,-0.0,-0.0,0.0,0.0
2004-04-22,-0.0,0.0,0.0,-0.0,0.0,0.0
2004-04-23,0.0,-0.0,-0.0,-0.0,0.0,0.0
2004-04-26,-0.0,-0.0,0.0,-0.0,0.0,0.0
2004-04-27,-0.0,0.0,0.0,-0.0,0.0,0.0
2004-04-28,0.0,-0.0,-0.0,0.0,0.0,0.0
2004-04-29,0.0,-0.0,0.0,0.0,0.0,0.0
2004-04-30,-0.0,0.0,0.0,0.0,0.0,0.0
2004-05-03,0.0,-0.0,-0.0,-0.0,0.0,0.0
2004-05-04,0.0,0.0,0.0,-0.0,0.0,0.0
2004-05-05,0.0,-0.0,0.0,0.0,0.0,0.0
2004-05-06,0.0,-0.0,-0.0,0.0,0.0,0.0
2004-05-07,0.0,-0.0,0.0,-0.0,0.0,0.0
2004-05-10,-0.0,0.0,0.0,0.0,0.0,0.0
2004-05-11,-0.0,-0.0,-0.0,-0.0,0.0,0.0
2004-05-12,0.0,0.0,-0.0,0.0,0.0,0.0
2004-05-13,0.0,-0.0,-0.0,-0.0,0.0,0.0
2004-05-14,-0.0,0.0,-0.0,0.0,0.0,0.0
2004-05-17,-0.0,0.0,0.0,-0.0,0.0,0.0
2004-05-18,0.0,-0.0,-0.0,0.0,0.0,0.0
2004-05-19,0.0,-0.0,0.0,0.0,0.0,0.0
2004-05-20,-0.0,0.0,-0.0,-0.0,0.0,0.0
2004-05-21,0.0,-0.0,0.0,0.0,0.0,0.0
2004-05-24,-0.0,0.0,-0.0,-0.0,0.0,0.0
2004-05-25,-0.0,-0.0,0.0,-0.0,0.0,0.0
2004-05-26,-0.0,0.0,-0.0,0.0,0.0,0.0
2004-05-27,-0.0,0.0,-0.0,-0.0,0.0,0.0
2004-05-28,0.0,-0.0,0.0,0.0,0.0,0.0
2004-05-31,0.0,0.0,0.0,0.0,0.0,0.0
2004-06-01,0.0,0.0,-0.0,-0.0,0.0,0.0
2004-06-02,0.0,-0.0,-0.0,-0.0,0.0,0.0
2004-06-03,-0.0,0.0,-0.0,-0.0,0.0,0.0
2004-06-04,0.0,-0.0,0.0,0.0,0.0,0.0
2004-06-07,-0.0,-0.0,0.0,0.0,0.0,0.0
2004-06-08,0.0,-0.0,-0.0,-0.0,0.0,0.0
2004-06-09,0.0,-0.0,0.0,0.0,0.0,0.0
2004-06-10,-0.0,-0.0,-0.0,0.0,0.0,0.0
2004-06-11,0.0,0.0,0.0,0.0,0.0,0.0
2004-06-14,0.0,-0.0,-0.0,0.0,0.0,0.0
2004-06-15,-0.0,0.0,0.0,-0.0,0.0,0.0
2004-06-16,0.0,-0.0,0.0,0.0,0.0,0.0
2004-06-17,-0.0,-0.0,0.0,0.0,0.0,0.0
2004-06-18,0.0,0.0,-0.0,-0.0,0.0,0.0
2004-06-21,-0.0,0.0,-0.0,0.0,0.0,0.0
2004-06-22,0.0,0.0,0.0,0.0,0.0,0.0
2004-06-23,-0.0,0.0,0.0,0.0,0.0,0.0
2004-06-24,-0.0,0.0,-0.0,-0.0,0.0,0.0
2004-06-25,-0.0,-0.0,0.0,0.0,0.0,0.0
2004-06-28,0.0,-0.0,-0.0,-0.0,0.0,0.0
2004-06-29,-0.0,-0.0,-0.0,-0.0,0.0,0.0
2004-06-30,-15305.044596130081,68122.83018332675,1111.0284076595308,-3793.8653673452677,-134.94862751111802,-3221.476156954217
2004-07-01,-10545.763744755008,3958.694890738023,9337.78527336636,7289.558323071191,-135.35427868014804,0.0
2004-07-02,-16277.778569484706,36246.222286401106,-11868.570235319152,1710.03683998805,-135.5960189935977,0.0
2004-07-05,7.696442836552936,79.79553592197165,47.88431120770036,0.6519304987006834,-136.0282204649256,0.0
2004-07-06,3650.721612928157,-4210.297112674516,-1807.1154851250355,-7463.094776655332,-136.0282204649256,0.0
2004-07-07,1515.1103301631035,-1507.7049380910962,12720.9786153571,-2491.858859633815,-135.97471038794734,0.0
2004-07-08,-1900.9058897989175,8146.836361978815,-7710.54766467545,1537.9545035664096,-135.93330718155516,0.0
2004-07-09,-905.5179385394098,-4038.0579919440333,-27.09623303834508,5106.652912434935,-135.98074891314621,0.0
2004-07-12,-5294.502766025665,-21011.60058694669,15138.814616244641,1070.345621405572,-135.98074891314621,0.0
2004-07-13,7283.227935687153,-12153.39133407566,-7562.842103176554,2845.1319526191674,-136.11721103224423,0.0
2004-07-14,3857.985089811055,-11461.831459326551,-24223.19309354321,-8159.730646786338,-135.92123369640728,0.0
2004-07-15,-279.5113507420315,-39450.73948678882,14166.44998268131,5648.187874897496,-135.89710097850468,0.0
2004-07-16,-18981.21495375728,24783.725867261128,-20865.870067656924,-5716.530047416376,-135.88504174083613,0.0
2004-07-19,1371.9670276038712,-14931.055093257015,-4938.503158195569,-1437.1536663082056,-136.44411877780996,0.0
2004-07-20,16170.084064122062,-52968.57338746788,11799.784292328786,6154.916129116496,-136.4320405385867,0.0
2004-07-21,7644.2457811277345,10293.00022642966,-19933.257641707147,-7615.841195672843,-135.9912573159344,0.0
2004-07-22,-2706.9815801083705,3992.3376530213586,3851.447258376653,-5163.010540754583,-135.84287175386746,0.0
2004-07-23,-3718.4567551900086,-21663.816117369854,-4237.216004472278,-560.6984543564337,-135.9377494415376,0.0
2004-07-26,6556.818933608976,-37030.65903262166,1856.749356174286,9129.67903124055,-136.06221697943516,0.0
2004-07-27,21583.804247130505,54476.13474360682,-9130.779796270464,-5554.735646332891,-135.8602038777821,0.0
2004-07-28,-3560.5681076477936,29496.24728455512,2167.752702264545,1998.6131410611547,-135.28210799567626,0.0
2004-07-29,-4530.400097371856,-9554.223211772227,25842.639614201464,8376.932322452854,-134.94862751111802,-4.286582680662832
2004-07-30,-14092.495288894845,2177.2540172804465,-10220.416543243466,-7751.258753877123,-135.00757159789273,0.0
2004-08-02,-5227.67405656293,-16475.332913268467,13217.353394776468,8540.44739801931,-135.46038265856546,0.0
2004-08-03,-2727.9239050014176,-17526.659015223475,-4154.942629589834,-5641.500025680171,-135.5549061168586,0.0
2004-08-04,-500.77440115732554,2100.6971280991697,-4793.159202265715,3328.9153171132525,-135.6788417893786,0.0
2004-08-05,-3585.8870402184302,-119.05647341446742,3773.878421795272,-57.08759128415465,-135.6788417893786,0.0
2004-08-06,-34843.7946945923,101985.65747306072,-11909.735596885512,-6323.40555894844,-135.773655665728,0.0
2004-08-09,7630.818685840511,-20376.252456382615,2077.437879585166,1285.1753109809063,-136.710618454986,0.0
2004-08-10,10717.534543928585,-56887.69359043578,-12829.097296884378,-633.6846103885832,-136.5127568539983,0.0
2004-08-11,-2341.5182712972705,-2484.259424548712,-1057.9754304459818,-4230.759347679425,-136.28519717848292,0.0
2004-08-12,-4022.013263141524,19917.158093777445,-23256.144133848178,-2891.425527942725,-136.37474826497638,0.0
2004-08-13,-9781.083503899528,-6571.2611991831045,14190.519029523884,1638.6682990755664,-136.51231372860252,0.0
2004-08-16,6205.508832043324,-9809.133893414564,-2728.440828056521,7069.618691052102,-136.75225427360238,0.0
2004-08-17,-8666.052631856832,45366.017108464315,-9545.643487070847,-7629.374204758924,-136.5602412985701,0.0
2004-08-18,1255.1269634283638,-11365.921467445001,25345.26469188581,5288.673690847986,-136.8124279546377,0.0
2004-08-19,-729.0696856202475,26652.474671941705,-22119.68329824122,-3808.605550208131,-136.7283900965138,0.0
2004-08-20,3905.897345953821,-20575.960733764547,5825.991519081921,1228.3896815161597,-136.77644355737974,0.0
2004-08-23,6280.690932874929,-17996.128305729606,6930.806482822379,5478.061403722079,-136.6743202299471,0.0
2004-08-24,7.9436173206561635,79.90566415651318,47.97682858093416,0.6564250754963715,-136.48253513359984,0.0
2004-08-25,-1408.2739025807127,-23651.40121622969,-1259.5371241776675,-3896.630423129486,-136.48253513359984,0.0
2004-08-26,-6663.35014323399,-657.6774387971033,-2179.4074708778703,-938.4737614699818,-136.5602412985701,0.0
2004-08-27,961.08041888565,514.7355042395916,7824.359811949414,834.7728924371388,-134.94862751111802,-21.133693902691448
2004-08-30,-4849.773674538748,-15560.372508032722,-7106.743947269233,-2328.9989892384388,-134.90739936485397,0.0
2004-08-31,-10941.411279500373,1500.655325844497,6364.908220100477,3131.753774818278,-135.07850588376058,0.0
2004-09-01,-492.4313975181674,2097.8510635619264,-4785.353466266502,3315.2969515314985,-135.36315130875343,0.0
2004-09-02,11685.602188476405,5551.572281462287,6409.567415326147,-3250.8495184872418,-135.36315130875343,0.0
2004-09-03,19147.059139319445,-53553.112753839385,-19056.344803408236,3656.7393102048,-135.04321517098762,0.0
2004-09-06,7.2414748920960665,79.18521448654982,47.4738071810887,0.6409247139537305,-134.5414212736883,0.0
2004-09-07,-6416.86710736442,-6749.109118268485,2580.5524164534977,825.4258190732099,-134.5414212736883,0.0
2004-09-08,-12977.043079311223,11492.85617697674,5391.391459957875,-3717.0826799922797,-134.72372995693553,0.0
2004-09-09,3557.578585726421,26207.07725107563,2444.146314607847,8003.246948079488,-135.10178570737096,0.0
2004-09-10,-2650.045944656167,-17474.98821625736,-4140.806450630882,-5599.222801703727,-134.93658675123731,0.0
2004-09-13,-3556.975331587934,-21579.121948683904,-4217.612827583493,-554.4972905198094,-135.06044296526628,0.0
2004-09-14,-3543.627827430269,16914.817476939003,2029.7247524628426,4698.033822596517,-135.18455734018585,0.0
2004-09-15,6192.737005704604,-8093.8222281005665,-5590.028621211703,-2277.4522951093804,-135.24404919695465,0.0
2004-09-16,-15939.401021069245,-14145.584144942259,-795.0492292143643,797.0007626788947,-135.09576710549015,0.0
2004-09-17,11194.679108245144,-30958.944863190063,-16292.709656986186,6553.71575908039,-135.55293252594112,0.0
2004-09-20,-11624.403906502968,11615.33660623621,3547.2173689034084,-3715.5174285452304,-135.24939174533338,0.0
2004-09-21,256.0971821500124,-24215.245288091548,-20574.02537812313,-5483.436789961042,-135.58254212075335,0.0
2004-09-22,-5484.950351217101,-51366.14176792618,-767.1830871480909,-2655.484150609239,-135.64788226999846,0.0
2004-09-23,5169.531409746565,-60598.99269238076,551.5893388742418,5243.832666026847,-135.8508873007803,0.0
2004-09-24,5043.831903853971,-27240.947039136146,-8773.745452353896,1355.1970642528636,-135.72508478420627,0.0
2004-09-27,-5666.840320632117,1796.9864185956792,792.9854260888563,3211.8171034586944,-134.94862751111802,-9.760429186187592
2004-09-28,744.5897140984328,67043.8952673483,-10778.670548975018,-6845.531214356449,-135.0910120681108,0.0
2004-09-29,13179.534573259982,5645.532780681563,4543.777957633525,-3208.1010658189402,-135.07362374547344,0.0
2004-09-30,3075.7089081358904,-5026.199641815932,6910.511337926274,15056.770753639703,-134.70675359223736,0.0
2004-10-01,9384.338852032222,60055.58443827819,6916.807051456614,-6558.501636613408,-134.53003639838565,0.0
2004-10-04,-869.4067514899201,-29867.56465744303,-6114.778409168406,-2848.605534061572,-134.24293336788836,0.0
2004-10-05,-437.92685120176264,-2365.372523979862,-2898.0509262347696,-4092.397198381457,-134.3127946090436,0.0
2004-10-06,7396.195746246529,-33937.84640257608,24086.405480956746,2272.1456115032206,-134.3537808198499,0.0
2004-10-07,4460.352712923314,14901.346389058965,-10165.090518693703,684.1157766918476,-134.1190898631084,0.0
2004-10-08,-18912.300275206417,11102.984316376156,1241.804261681462,7724.606269270329,-133.98463267367595,0.0
2004-10-11,7.110761767350978,79.25216254867986,47.49865537705587,0.6393871359818993,-134.50096682906857,0.0
2004-10-12,-6231.544399554948,14671.588232879278,10542.175287610251,1316.8985435626066,-134.50096682906857,0.0
2004-10-13,-2786.07618890623,36429.01348242354,-22850.10944610891,-10520.712440110998,-134.65445039200412,0.0
2004-10-14,-9391.719590740542,-851.23171734081,1550.4453652009686,-973.1080880193981,-134.79616668460272,0.0
2004-10-15,5836.966164829729,-38594.591897184495,16322.200158864009,6503.865855416337,-135.07437363232907,0.0
2004-10-18,774.1872399021066,-12820.46418801667,-9723.218052312886,1882.2896436516824,-134.87873914385082,0.0
2004-10-19,877.3644279306102,-20945.67278668602,-151.18041829353874,337.18232903752653,-134.86668956041814,0.0
2004-10-20,-9469.115015578902,-13410.052562306579,1413.9060942350202,1711.3323077786656,-134.8546447200751,0.0
2004-10-21,2654.14274742595,-37910.40937510857,-275.76700146134533,-4377.007416103685,-135.12714659159346,0.0
2004-10-22,-1555.1666196133865,34930.38884137431,-21869.376341092182,-1372.956883833089,-135.1030521678177,0.0
2004-10-25,-1733.85592686877,-19.68218367127211,1905.9866329595682,-28.01629662827872,-135.15659913516637,0.0
2004-10-26,1811.2443605615872,9075.77623797464,6030.489507963507,3217.4385210109617,-134.94862751111802,-4.007982261122379
2004-10-27,16904.598041713114,-608.6083029978724,-4055.5190119256727,-2202.0611475055625,-134.86579438666183,0.0
2004-10-28,-5698.222397997734,-3533.806956197204,22884.919887483426,6552.738473726946,-134.39923063152025,0.0
2004-10-29,-6344.728473194453,-6752.09183552559,2581.1789950681236,824.1346893182813,-134.50553215625916,0.0
2004-11-01,9444.347037966781,1008.8527801917242,-1453.7974914877746,974.1691546624776,-134.68843808464,0.0
2004-11-02,-2141.429842174376,1990.6178197551353,-2911.095535748277,3245.4119588645112,-134.4112494618028,0.0
2004-11-03,-343.5710385456254,-10475.486310394097,6647.707414048685,-5641.30642648322,-134.45837592707488,0.0
2004-11-04,2174.4789241931794,-26902.874002237582,2734.6582223394507,2102.2067806563236,-134.49951978403251,0.0
2004-11-05,21833.458310274593,-49558.43312819084,-30379.117728303234,-2155.7111342040535,-134.4403459076452,0.0
2004-11-08,82.31605493982863,-3562.911049312143,7703.69859714737,5805.416254592975,-133.88767523623312,0.0
2004-11-09,2397.6817567916078,20384.52587667614,-9242.44667870679,-13405.914081968607,-133.8468727923484,0.0
2004-11-10,4556.602819720734,6787.335111697307,-631.7851452531942,-845.0462645835127,-133.8468727923484,0.0
2004-11-11,6.921532747890691,78.89185401386322,47.265178518999846,0.6340958696053289,-133.71266115035905,0.0
2004-11-12,-5360.794347845257,-86401.71756388615,-5956.498627216512,8611.483774309943,-133.71266115035905,0.0
2004-11-15,1864.5659770883103,-7001.215511028838,-23952.487257330034,-659.5930381696988,-133.89259809576097,0.0
2004-11-16,1868.8980653191043,-28463.181561504334,17085.182184604422,-372.0746439642141,-133.8746600114131,0.0
2004-11-17,-12153.604876947911,-3013.0121135052295,-1480.2146953834497,7246.925869164813,-133.82187639461768,0.0
2004-11-18,-1170.5260534506376,-31466.180471676693,8279.0248107239,-5326.234768887068,-134.14416047199592,0.0
2004-11-19,14065.323490969613,-13639.068305850098,-10065.952820854525,-373.6085118279341,-134.22026662158308,0.0
2004-11-22,-2846.4493996771207,-27075.59604742398,8251.42396212206,2005.686742586493,-133.8388155391738,0.0
2004-11-23,2538.4188809226494,-20714.030400851283,-1994.0197517647725,362.7149135709872,-133.9205621294778,0.0
2004-11-24,3106.647747065977,-22856.640486070646,2815.4084688526764,-2930.46710233691,-134.94862751111802,-19.853863324446138
2004-11-25,7.3466365484119915,79.32897836819471,47.57027883470073,0.6434866590986571,-134.88938041040603,0.0
2004-11-26,6032.566567258691,21487.221094749144,-7174.671196585762,-222.10978284478273,-134.88938041040603,0.0
2004-11-29,13434.782865039848,37630.40013256895,5891.208205357553,2962.8959713863965,-134.71265899471084,0.0
2004-11-30,512.476219942608,61489.19746611639,11348.69029730006,-3414.471923421055,-134.2788575951952,0.0
2004-12-01,888.755536591867,17492.362775513433,6072.108585659904,5513.680627666476,-134.22718853804443,0.0
2004-12-02,4472.873989507093,-2067.909745861727,-8443.669891099295,-3997.5585576951266,-134.1516694578209,0.0
2004-12-03,-20159.385943410445,-12383.362026897486,-49.051217179175694,3954.96878288744,-134.0522860541751,0.0
2004-12-06,-3808.3096155903504,-15116.44750119224,667.977707410807,-1488.6698860468941,-134.64339762065154,0.0
2004-12-07,416.9420880880268,-23385.95151837061,-3103.744895586093,-3780.7180039114473,-134.7726518138729,0.0
2004-12-08,-13211.63902589154,-49286.871441574265,11463.60234872453,1357.1469045378801,-134.80178404636473,0.0
2004-12-09,5193.468352036573,21892.288772959655,-9133.673643898217,12286.335611272372,-135.19735426187975,0.0
2004-12-10,-1965.7587228124582,-22256.95843935802,-23490.440595272485,-2164.0950161887245,-134.9786386438283,0.0
2004-12-13,1391.5693111419118,-35537.52971521405,4538.255591892398,-268.21073088454864,-135.09056628211204,0.0
2004-12-14,-1808.8187806675553,-21483.903991002066,-6075.261338425579,-525.807049122568,-135.0725631384689,0.0
2004-12-15,-8365.305970310845,-31998.066748395744,4173.015452530914,6202.712676993074,-135.1493317308426,0.0
2004-12-16,16184.02595824871,52049.15270991259,1302.2428903550237,-8922.709823902997,-135.36875225516195,0.0
2004-12-17,2594.4249710324843,-3817.878404757985,-3738.068198071058,5103.785352566865,-134.93063496812738,0.0
2004-12-20,787.1007815882364,-25355.67869532455,-9851.149446952468,4572.89264264402,-134.83616532874922,0.0
2004-12-21,-4677.33775059973,-27322.413797835925,10154.98479674839,1998.6259678507051,-134.81819043528583,0.0
2004-12-22,2184.6750290817595,32194.120879341182,-449.15712541048714,6211.179096176954,-134.9479445874697,0.0
2004-12-23,2189.4740544538963,40303.38479242907,1555.7303182930189,-3913.6405376643784,-134.94862751111802,-2.496252856719366
2004-12-24,7.301769959837443,79.35363909958467,47.57979857397225,0.6429701645398601,-134.87817779793417,0.0
2004-12-27,11246.509503912765,13665.978044125344,-3174.284079044234,-1682.7508902508969,-134.87817779793417,0.0
2004-12-28,564.9464789715114,-18128.19211208355,12412.729989208949,5245.643698483288,-134.5605380273909,0.0
2004-12-29,4604.008386730007,-14607.4866053623,-8593.06818740639,-1345.13457520264,-134.51356512843998,0.0
2004-12-30,-6943.854166640698,-9962.991963600543,-17727.586162722433,-4906.275315686786,-134.40773122797137,0.0
2004-12-31,-5658.140059406354,-41194.73285183326,34063.75747658412,2995.4101845355935,-134.66567582443307,0.0
2005-01-03,421.85447582131115,-23373.48116449106,-3102.73837475357,-3786.6660674258023,-134.80102539217063,0.0
2005-01-04,12884.799995354539,-29122.04898182413,-20964.853357104013,-2647.393479122446,-134.8302236961232,0.0
2005-01-05,116.59456174677075,-33081.02674734313,9320.068555156415,3817.929981766372,-134.52373598376315,0.0
2005-01-06,-2115.5801394534265,35913.7582462703,5178.5844595033395,1069.9205490895554,-134.51178268017773,0.0
2005-01-07,1357.9060966174034,-22903.017135273283,4659.68177508896,-2945.8660561341085,-134.5356939755294,0.0
2005-01-10,1363.2257420811407,-35426.26095980808,4522.687083300972,-266.5642065760459,-134.52373598376315,0.0
2005-01-11,-2714.658045328036,-21850.82769882893,-13808.72938220173,-1353.138123765761,-134.50580778569807,0.0
2005-01-12,-3259.550366408961,-11876.361060016246,20981.486990184432,4264.239526439883,-134.62303120053957,0.0
2005-01-13,-5815.009055763261,-15963.898238153528,-14853.670811763655,-3158.764905631956,-134.67610251008986,0.0
2005-01-14,4481.7976375901535,-11829.30424389083,3971.3068650332298,3587.721617041543,-134.88812043895842,0.0
2005-01-17,7.403479123798442,79.19930969942878,47.50021491265737,0.6434811498206529,-134.7464848857052,0.0
2005-01-18,-1980.7504011745236,-56281.40462362989,17647.458910299243,817.4276624817421,-134.7464848857052,0.0
2005-01-19,-749.466915698649,-16575.062969357827,11393.023618840944,-3933.676747535474,-134.81698624878828,0.0
2005-01-20,-5482.658166846936,41075.71387116948,-13232.660883599641,-2374.0823592807815,-134.85825182074677,0.0
2005-01-21,-4255.732400387875,29799.051134047404,11797.24007633421,2794.3898175174195,-134.94862751111802,-6.580924065121508
2005-01-24,-2063.5411993779007,-73429.14423041372,7841.193549908231,7752.4719153081605,-135.01988839392996,0.0
2005-01-25,10063.584001534586,32253.11254819714,-5934.042165930442,-6164.6093470251235,-135.07860576264372,0.0
2005-01-26,2601.27581991573,-33381.11070298072,-2142.3336808438034,3052.3352676534546,-134.81292109003877,0.0
2005-01-27,2206.898766152393,-1834.3605160783502,3010.6240493422633,-3260.300032337495,-134.74779725003393,0.0
2005-01-28,-9481.655010688686,-25934.519388028224,1275.6518858433726,4393.5910535006815,-134.70065804587756,0.0
2005-01-31,846.3455390123046,-46851.06666521845,-6257.5581703692205,-7592.8536743007335,-134.96598144634928,0.0
2005-02-01,869.4478887949954,8637.72816670341,-1746.1690898644695,2388.4558041220334,-135.02474106915773,0.0
2005-02-02,1397.0395801307293,-35498.27799928935,4533.640072023405,-268.1501674243438,-134.98338283591744,0.0
2005-02-03,2522.256896906425,-29821.030297643836,27839.483472221167,9649.94261879235,-134.96544904065067,0.0
2005-02-04,-13960.223762917303,-34682.353906899465,6775.416522949484,1966.015751691041,-134.82959650076128,0.0
2005-02-07,-2633.903349182277,-46272.06869198595,3290.286061695466,5693.293277293071,-135.23196372737985,0.0
2005-02-08,-1239.6709372861203,-44193.69180127995,8193.278142238763,-2696.7150034926017,-135.30309756408008,0.0
2005-02-09,-10769.23051732226,72151.50812738968,-23765.064719132723,2096.841096340286,-135.37435169125692,0.0
2005-02-10,13139.324746528406,32064.068155171793,-17469.118170331225,-7004.8323126509285,-135.63669740228852,0.0
2005-02-11,6791.236220426337,-22672.683456355295,-897.662542136618,-2892.0629891750636,-135.31505459884846,0.0
2005-02-14,-2123.624195917397,-73370.86706389624,7839.017028069433,7786.546800500513,-135.1605777800157,0.0
2005-02-15,2275.094996532546,27736.587913447474,1419.57101495824,-1229.9385004945457,-135.21972494350646,0.0
2005-02-16,10001.78528291035,5439.851182570895,8252.149981714465,-3278.2430957669253,-135.1426615430564,0.0
2005-02-17,2194.95729028022,57232.83937492979,-175.78200308435376,824.1993995113295,-134.87038132584286,0.0
2005-02-18,13121.895673301502,1205.7433594848558,-5159.049896605906,1034.299208151852,-134.76446699059636,0.0
2005-02-21,7.354480301302433,79.36056186930205,47.58976773802876,0.6438176024848234,-134.94862751111802,-10.591661639647466
2005-02-22,4616.985212680153,31168.654351037992,-17771.918422845192,-7878.772513361149,-134.94862751111802,0.0
2005-02-23,-2170.537313764677,-15022.740482354602,-1186.7337943514676,-1465.9517546729314,-134.86030987353095,0.0
2005-02-24,4459.591496967436,-53980.463546437335,5433.76216949475,4229.36158996715,-134.94264964650003,0.0
2005-02-25,-2453.003903836494,-54333.36796986394,12846.672075512974,4110.745074512411,-134.82446724657865,0.0
2005-02-28,14472.912300657248,32844.76538017714,-1864.3066986285337,-5263.701053618696,-134.89486882648956,0.0
2005-03-01,1123.5408488053852,-11244.576833048874,25029.895957293204,5139.550799968836,-134.49541183163828,0.0
2005-03-02,-955.003738329724,29146.98232617267,-9295.909120070268,1204.2785186575563,-134.41358387601562,0.0
2005-03-03,2173.119081311787,-14358.550178242192,2869.2118311347404,-572.7213216755101,-134.42551039702255,0.0
2005-03-04,-8173.909323011545,-24588.504422756596,-11198.738442418893,-5537.229060630832,-134.3727123678564,0.0
2005-03-07,914.2511262927896,-50435.57716566285,1441.2999689621408,-1702.9474723012784,-134.67133467680674,0.0
2005-03-08,8111.217198261064,23093.413959616515,25735.569026378707,3079.809185217713,-134.68855643666635,0.0
2005-03-09,19568.57447513264,90049.92067709939,-5782.205537298355,-4355.17993399477,-134.39570283991674,0.0
2005-03-10,-6011.492943726076,-77283.22826916608,11404.579928213354,12550.618819751102,-133.80224183570863,0.0
2005-03-11,11801.214868436582,5948.309625499895,14094.351055194526,-2370.265218658772,-133.95252702990132,0.0
2005-03-14,-2992.017759359842,-36688.0808369428,-16815.725222684992,-2751.5898330595783,-133.59884970789213,0.0
2005-03-15,2904.2911052430845,19168.992380058862,1347.7967439344784,-3525.137451344934,-133.74870349804098,0.0
2005-03-16,-4526.793140698149,10294.07254421997,-993.7716086500745,5507.487828768124,-133.66777609942326,0.0
2005-03-17,-5857.821076160045,-9496.495415957252,-9934.839908075743,-4048.1767655135504,-133.76653914753177,0.0
2005-03-18,6247.53026203204,19387.083010683793,-2342.1116405295766,-3478.9008568617,-133.98124394406958,0.0
2005-03-21,2711.379710912593,35338.17306696134,-17671.43429783473,-472.683882435927,-133.80704480545572,0.0
2005-03-22,17616.349327386422,-73540.69381574377,9652.985236305847,6406.307879562592,-134.94862751111802,-16.34139772283379
2005-03-23,-2899.6570113361827,-2127.9447030241854,8557.691152426458,-3334.542454202076,-134.45692010093845,0.0
2005-03-24,323.03762281261965,-40297.02997067388,-12918.972924257947,3123.870190358103,-134.55025557760146,0.0
2005-03-25,7.277329920473168,79.17605777321046,47.47241723372092,0.6414082049571757,-134.56721313236167,0.0
2005-03-28,5594.194827687335,15349.02824811627,-2423.56253336774,1520.4929139511628,-134.56721313236167,0.0
2005-03-29,-5524.441870025096,-2659.696618992887,2652.5152419644323,-4190.404696796072,-134.39245422593544,0.0
2005-03-30,-7199.814876610765,-44003.98304496113,11781.442831050961,9671.97771024841,-134.57316162793438,0.0
2005-03-31,-9413.150566458122,34014.1308784425,-22166.423528837957,-2316.021709797808,-134.74242698935103,0.0
2005-04-01,-7891.975472909783,8142.777870444802,7533.189392580614,2245.126145741708,-135.0239704765849,0.0
2005-04-04,478.90275348211185,15097.65767940885,3141.6717789208406,1446.8161834018756,-135.21821908977404,0.0
2005-04-05,2659.646693287979,4277.297715201856,-1735.4886206076599,-5035.157100464883,-135.18302806523954,0.0
2005-04-06,-7626.825576702883,22390.75975930974,-6789.581352463242,2046.9688359141903,-135.13593824865686,0.0
2005-04-07,7169.296079622366,21961.02745350767,600.2228434300349,615.2760542191728,-135.3304435710936,0.0
2005-04-08,4035.397033200569,-43900.064542198794,2618.521290642103,-2599.631335424688,-135.1127348317285,0.0
2005-04-11,-6671.281119008884,-15660.732892945856,-5252.884162275164,-2363.849366103299,-135.0418473591788,0.0
2005-04-12,-11703.131212437089,-17955.265099129934,-6444.982447183149,5956.14566483028,-135.25940220494616,0.0
2005-04-13,-2239.1109630285678,48667.84978845929,5344.6917758591435,-1631.7783237324993,-135.57234464701645,0.0
2005-04-14,-2935.1607241685347,75115.00201385141,-16681.623768447196,-5390.753190710137,-135.60219773436458,0.0
2005-04-15,-14633.029552026253,-10414.858420871524,-10392.263542888013,-5104.094088963701,-135.67947171338696,0.0
2005-04-18,-1220.806877719467,-30967.04042834347,14241.219369039927,8060.834837205191,-136.13107487465908,0.0
2005-04-19,-11347.21737280163,-27444.818155210098,25517.969941398587,2762.7293341401364,-136.12508788810098,0.0
2005-04-20,4052.4031675809683,24285.94476777157,-30433.394446989507,-7770.00486085213,-134.94862751111802,-16.53405809016658
2005-04-21,16221.449618751805,-63044.51973541771,4890.896813670209,12050.707582680541,-134.89544042057648,0.0
2005-04-22,-6999.670685663414,2565.340245010121,-17585.170735549975,-7584.9856599855275,-134.40707796595677,0.0
2005-04-25,-545.2853928048278,-53418.629586356794,28360.17155538521,5767.6085338008,-134.67109776684086,0.0
2005-04-26,4979.813918796043,12139.968292912783,-22748.494601349,-4233.501303473013,-134.65917564410077,0.0
2005-04-27,-5228.579945399443,7888.817668131236,-3944.977931118817,1457.9226674147833,-134.5591413080818,0.0
2005-04-28,-10046.758814377701,1161.5209581548024,-3265.9614476792794,2315.8927098152276,-134.70029833583044,0.0
2005-04-29,6566.557905262571,-44090.98237025077,-8869.27930419765,-3375.4344322937404,-134.97744847011657,0.0
2005-05-02,-1766.6045741466976,16979.43092808175,171.62681214189243,4711.489858370326,-134.8531571655433,0.0
2005-05-03,1008.8169582616802,-54116.41805717018,9136.45670191059,4174.11551643835,-134.86507462681968,0.0
2005-05-04,374.5137062609025,102967.27496846557,-45117.83824739828,-18198.522543385636,-134.84124436333448,0.0
2005-05-05,-4902.203474221255,39898.92605416429,-2593.895865168335,7648.22097024233,-134.91230067731513,0.0
2005-05-06,17342.87779343793,-88510.04508630754,6560.546262874195,4974.155744000069,-134.98341477998068,0.0
2005-05-09,4339.487374710619,-12612.065960528602,-1852.5374821738187,-9690.061327747442,-134.52342385139806,0.0
2005-05-10,-9908.123226306594,18093.827110838996,6549.713394270302,-4592.105600649811,-134.4645435764017,0.0
2005-05-11,-4629.865095912765,-30949.836466403358,17834.919122086252,7875.640086482653,-134.75284441107902,0.0
2005-05-12,-4167.652223233726,13660.894733745612,-18310.889050341553,-1091.2775599757538,-134.84124436333448,0.0
2005-05-13,-9165.656793507982,-10980.337226091893,15933.347067537694,-5836.205514269329,-134.97703984625255,0.0
2005-05-16,886.3148134389429,8642.341114284021,-1747.6783974313043,2397.645231734168,-135.25538299565798,0.0
2005-05-17,-1769.9484804468577,-12579.124124240658,1768.0264586131098,2677.7246473356895,-135.21388758211359,0.0
2005-05-18,-8924.480416895443,-415.8330691798836,9335.021208759821,-143.19872093698618,-135.25538299565798,0.0
2005-05-19,9173.624508015531,-43579.91538214293,-2951.3420995183965,-2507.4183988431155,-134.94862751111802,-6.0544635001788265
2005-05-20,4805.626077058624,-35272.31707590847,821.6709275201479,-210.0801376220564,-134.73560715093942,0.0
2005-05-23,-9008.172918480122,-15394.197902993974,6223.7964562319985,-1576.9371695071502,-134.6233380636047,0.0
2005-05-24,-6581.971432534765,10250.869750059886,854.5248442700207,5567.68729188902,-134.89491248728376,0.0
2005-05-25,5324.04854833378,34388.986793707874,2592.232128429915,-2112.348854194289,-135.04302783763293,0.0
2005-05-26,3591.9988271467673,9272.249095020952,-33505.436577024295,-9205.683271106214,-134.87741382335022,0.0
2005-05-27,7.3695641543128465,79.29407744226387,47.55227312380501,0.6436010995307062,-134.8595158199124,0.0
2005-05-30,7.3695641543128465,79.29407744226387,47.55227312380501,0.6436010995307062,-134.8595158199124,0.0
2005-05-31,-11694.381185393313,-36611.79299915561,9742.25168598603,-1301.6112022907355,-134.8595158199124,0.0
2005-06-01,-18310.556287084808,13702.177619700582,2348.176796738981,12042.47373537465,-135.2150715359427,0.0
2005-06-02,-1945.9727381087914,-64693.55703148311,27343.39123384535,-737.8627570110827,-135.65018346433493,0.0
2005-06-03,12993.288855749268,10470.404235201218,12348.265183345027,5084.821602223582,-135.72195887845322,0.0
2005-06-06,-1335.806693280605,-36088.36849796567,-1388.1914567885767,-1136.8776301335297,-135.3161947127721,0.0
2005-06-07,-6232.841669468879,-21362.66824257283,7285.716997806515,225.07654612922755,-135.38757928302053,0.0
2005-06-08,6636.793015505308,18745.137525651466,-19817.1728780895,-5207.5972955096495,-135.5665244553116,0.0
2005-06-09,4194.045395755919,-30552.854724538138,8603.316848174187,8084.556680409025,-135.4233168471123,0.0
2005-06-10,12995.31773965278,-1242.7970267463047,-8130.166748827831,-3114.48176915634,-135.27441636370273,0.0
2005-06-13,6907.023192081851,58772.25377060423,-16387.75316415566,-9118.01152673727,-134.94196193449315,0.0
2005-06-14,3627.6815059900546,18043.522807992147,11995.38065529346,6429.674772902674,-134.77646301871545,0.0
2005-06-15,1564.2466154981828,7484.350904436522,-17174.62125078989,-11692.284577955057,-134.61142354458877,0.0
2005-06-16,-6684.0812357923,-37142.83738916946,24419.316735428227,9575.499307946524,-134.6466849104852,0.0
2005-06-17,889.2042641798602,-20940.97451128824,-151.18184393085588,337.90071855033585,-134.94862751111802,-5.0447774987369485
2005-06-20,551.8555337447054,-1131.2978702887187,10702.398401227949,10011.980630329284,-134.93669501275897,0.0
2005-06-21,-5406.996646936016,-9882.462527283884,-19622.760752342318,-4907.23228806018,-134.8540383490026,0.0
2005-06-22,-18115.483672844046,332.21918467387053,-3626.2976888051508,1374.5957690850212,-135.06686130477203,0.0
2005-06-23,3505.3153337012254,16539.049440536066,-11265.477752586201,-8585.293158942595,-135.57823072161224,0.0
2005-06-24,-7648.9338003941,1701.9549716820115,2656.6628317140426,3208.357929200702,-135.53050728405165,0.0
2005-06-27,248.62073135470408,956.9522549235012,-20321.31777614321,-10926.63636214457,-135.72158261450647,0.0
2005-06-28,7849.291216067453,-47604.80711405621,44493.02318020876,15982.193720802697,-135.79935955754328,0.0
2005-06-29,2268.307021663428,15217.719302930966,1285.7232967188202,1479.7919499878074,-135.4768402339923,0.0
2005-06-30,-6467.242554706456,-39169.01555622704,-20024.645039679966,5548.580279250153,-135.39349087708615,0.0
2005-07-01,19606.498640812635,-4180.479118273846,1794.6961471411998,3737.615463002731,-135.59610938790001,0.0
2005-07-04,7.447566204599432,79.35023352846106,47.59408193418579,0.6451629619564329,-135.03704462920265,0.0
2005-07-05,8856.210961358658,17563.13781919572,611.6184888244597,-6801.740604347869,-135.03704462920265,0.0
2005-07-06,-5276.1787289834265,-4645.430875280765,-4087.448299513048,4150.875820549299,-134.81231131191416,0.0
2005-07-07,-6391.828640412228,19115.05295312911,20262.622340302893,-2916.3901343390576,-134.9482555973325,0.0
2005-07-08,10510.975007204626,-11890.099469556097,-11232.326938948192,2870.8132162283364,-135.10831911015245,0.0
2005-07-11,995.4944228801362,-41584.60170527159,9273.819441873373,1479.268443377774,-134.81826882368628,0.0
2005-07-12,6041.183167734843,34012.09108594658,-7032.545016791551,-2911.0669760455994,-134.80039977920373,0.0
2005-07-13,3428.6614678139513,276.88742946014594,-3657.0859485561164,57.64718307716864,-134.62947658238934,0.0
2005-07-14,3412.5610715348994,276.76544752707457,-3655.208337697345,57.57949877104705,-134.53525913639243,0.0
2005-07-15,-826.358034708318,-8458.53161070288,1835.9003964902427,-2368.5776611412484,-134.44116055119713,0.0
2005-07-18,6428.151226002451,15048.44123024375,-12062.316542795204,720.6727140599205,-134.94862751111802,-7.758612035591796
2005-07-19,-3411.5183691919906,-12666.945272000252,3619.482974340742,2628.5035566390807,-134.76586986121072,0.0
2005-07-20,-2140.3356020340575,-44589.758875502266,407.63638911251456,-3509.0103753369126,-134.85421099888694,0.0
2005-07-21,16675.274728524797,35412.165226734694,-767.2932942153047,-1103.149886687756,-134.96608735643525,0.0
2005-07-22,-9560.129923681316,-31238.171164576466,23375.052536936088,7748.689332279792,-134.47773379846691,0.0
2005-07-25,4954.613223094592,12148.550435421987,-22762.319885065885,-4232.269802545233,-134.7068554654042,0.0
2005-07-26,-450.4326521982875,-2366.6329879072514,-2900.9421348207165,-4113.820550307606,-134.60678812073573,0.0
2005-07-27,3609.952352808999,-36567.7995045869,13311.650922125777,9738.192106201735,-134.6478800632701,0.0
2005-07-28,-8245.408022865699,-12071.356061345223,-11069.344556009744,-8224.825555593101,-134.5008993327736,0.0
2005-07-29,11517.985376024393,-10665.515281914333,13945.674968841082,5332.614255685178,-134.80658385546275,0.0
2005-08-01,6022.942803817458,13333.675837280613,2385.816533208021,-1760.7862682525324,-134.44206220696316,0.0
2005-08-02,4381.7308663326,26644.42026506625,-27372.486143600796,-3609.683707744024,-134.26643868856988,0.0
2005-08-03,-6667.425323579647,-315.4962159249407,7438.738588276508,-112.69959622136498,-134.1728609697857,0.0
2005-08-04,3376.306895314741,276.57187357074145,-3652.03322367076,57.44106415134139,-134.36013433464868,0.0
2005-08-05,12768.902555561492,-6894.092650621778,4385.949049256976,-509.4577962973439,-134.26643868856988,0.0
2005-08-08,5334.9983049374705,-22976.546666109356,-8622.673555940275,-3660.30964366205,-133.89876427219352,0.0
2005-08-09,-3663.3387034824405,10730.983113271644,6731.330575993159,6340.221946485188,-133.78787209770533,0.0
2005-08-10,-898.4558471663328,-354.0953678528365,-7681.4800703198025,-822.4466966232239,-133.8462648991038,0.0
2005-08-11,-9274.529667800301,-18547.829269827063,-14042.336228162174,-7259.994782106389,-133.8869038523647,0.0
2005-08-12,-12219.635417806932,-28069.115166819625,9769.511132568909,1043.7955152765037,-134.2308227201806,0.0
2005-08-15,5648.377387654691,-1634.2323983907368,-696.0474228640692,-3200.7441158786187,-134.58843900138632,0.0
2005-08-16,-7784.359873140868,8145.30100046369,7533.6843915886075,2240.3231086003557,-134.94862751111802,-9.681307416623895
2005-08-17,9498.514027594436,25379.29664136569,-18612.332172264214,-6058.518340573447,-135.14341804263927,0.0
2005-08-18,-12428.540043577286,-19282.22209516827,17649.092572425205,4237.429757300931,-134.91339463866592,0.0
2005-08-19,796.1473941581671,-12833.375838382237,-9737.536060643024,1893.0139410595175,-135.23801649261154,0.0
2005-08-22,478.9146750293103,2532.5424850037457,3006.1742503694045,4146.439124023517,-135.226101148981,0.0
2005-08-23,-2604.844106546643,3981.9945055428216,3839.023276437151,-5116.913971298066,-135.1847452547259,0.0
2005-08-24,-2144.6381942662874,6437.589896632271,6800.493829548837,-974.841072686488,-135.27940109277372,0.0
2005-08-25,-461.8552741415762,-14956.653237027771,-3049.7312712786807,-1445.8368010137485,-135.3327344162737,0.0
2005-08-26,5235.171281510216,-33701.38702344734,-13663.079180311277,2293.0343727365453,-135.3682159213227,0.0
2005-08-29,-884.0986926252677,-4021.3628943975586,-26.974725471788364,5067.685933941912,-135.24962144729628,0.0
2005-08-30,-9129.737773609553,40089.780221273664,22356.147756791994,-3293.762860736031,-135.24962144729628,0.0
2005-08-31,-24229.817018680922,14643.500646194861,-2750.3093802662493,1904.0617314913752,-135.4690716678311,0.0
2005-09-01,-3933.568048395414,112641.69619530225,25439.815192238882,-13661.752822790702,-136.13072820907098,0.0
2005-09-02,913.4759883856623,-29223.440152248215,-2171.9446007292186,10607.666767842356,-136.20255604164888,0.0
2005-09-05,7.727736274110772,79.84515445520411,47.91704845950028,0.6527387125498713,-136.14267790136498,0.0
2005-09-06,11087.907172285677,35811.45189251414,-35080.663221760544,-1186.6717457294646,-136.14267790136498,0.0
2005-09-07,10539.61171182505,4387.719090214611,-30530.16446465894,6021.736811955608,-135.8619254072109,0.0
2005-09-08,507.55285761394015,-1941.9848821109063,4888.527372474625,-3318.5250547228184,-135.57029325484268,0.0
2005-09-09,-2828.7342212260723,-51772.43019232129,25540.9917705208,9112.41601697229,-135.57029325484268,0.0
2005-09-12,9078.679977840451,31138.511632546313,-31237.251415762654,-8690.94154103106,-135.60587603500056,0.0
2005-09-13,-8694.006161549307,-16678.23739035097,16941.1797344889,8470.963113665002,-135.41593313090235,0.0
2005-09-14,4803.33756388708,6823.755379850245,-635.6832090310236,-856.4611071949428,-134.94862751111802,-10.229825036936745
2005-09-15,7594.59267888808,67356.78915174717,-18181.658380869503,-6706.996614106021,-134.81290102257282,0.0
2005-09-16,9240.544171927588,-16764.262728466383,-17106.016648627454,-5372.176057728068,-134.60712341840627,0.0
2005-09-19,-3751.568951032884,23296.27043521391,6892.853855211865,3710.6539932340206,-134.4013428713755,0.0
2005-09-20,2756.036765460215,-87161.37040516312,16548.282520750134,7981.284977904843,-134.46613282887185,0.0
2005-09-21,-7794.684778863147,6552.412927921226,-15661.410608270588,-12617.73436655688,-134.38350100316813,0.0
2005-09-22,-1346.6352086357444,10541.661632848882,-4705.755085483331,5635.715566870844,-134.694782221377,0.0
2005-09-23,9333.7862570684,-46409.77232627836,22128.65022620116,4997.431006136107,-134.70073299332554,0.0
2005-09-26,9472.360181325916,26960.5634837977,-32946.56756052822,-3530.632630964312,-134.41259677095124,0.0
2005-09-27,1326.2028246590753,-10358.077735398503,4787.280008820826,-5598.195356025697,-134.17825623821597,0.0
2005-09-28,-6077.455417842443,-72965.5785089878,21088.44137859396,8419.190711124087,-134.17231938077938,0.0
2005-09-29,5834.308476738958,39.92853702911236,-15096.290127362618,-714.2808050389995,-134.33003800580633,0.0
2005-09-30,7178.084550103046,-9592.62968432174,-4537.907106684047,6879.135880689623,-134.1835235009927,0.0
2005-10-03,8494.45766808935,9390.071997378956,10122.48906324702,-8241.84098336248,-133.94981315194008,0.0
2005-10-04,567.6592168299474,11458.36059482285,-26670.516272800447,-5062.595663599869,-133.7286774271488,0.0
2005-10-05,-4277.160523800892,-38895.49530710834,27248.977243162182,6245.291840931343,-133.7633737980967,0.0
2005-10-06,447.74576084198253,15000.423323135728,3118.190223356068,1422.511067946283,-133.85061298408678,0.0
2005-10-07,-2353.679737147693,-4123.868613096826,13316.929673096422,-6563.509038143081,-133.81586148549104,0.0
2005-10-10,7.038289589829462,78.9324836458892,47.30216762587374,0.6361425856519926,-133.90908344724437,0.0
2005-10-11,6254.377340328123,-5605.140340296121,-2612.4413194776657,1841.2469042267974,-133.90908344724437,0.0
2005-10-12,7897.381869857729,28299.082114888737,3602.267460753156,-298.09063588175695,-133.72275674927934,0.0
2005-10-13,2943.352132283552,31873.462520629517,-10082.078194063819,5400.2121686621285,-134.94862751111802,-20.69515223968483
2005-10-14,2516.0570703807025,-17174.259712663523,-9704.177991095055,-5502.793732342813,-134.82563427867316,0.0
2005-10-17,3057.2320052113914,-5829.7428352806755,1082.8306465183896,1803.1088981087446,-134.80780842018058,0.0
2005-10-18,-3712.3396453747982,-9879.743129695102,16189.190355237486,7549.353982159196,-134.71407642875783,0.0
2005-10-19,-1888.5394856395685,24306.04943571315,-15218.245814596907,-7033.583288760748,-134.7668673383717,0.0
2005-10-20,-728.1262129129994,-41709.33905086143,11133.952459470805,1450.347036432546,-134.86066056571266,0.0
2005-10-21,-10145.626191687932,4822.585523325522,-10969.5825965017,-3557.208439505636,-134.88977555392097,0.0
2005-10-24,8969.677125440312,13917.947986941155,8324.064758116658,-911.3498972310973,-135.20727072053361,0.0
2005-10-25,14800.955385179235,-11250.43100043133,-7159.692635603095,3755.010785364056,-134.94268440076584,0.0
2005-10-26,9304.43858527499,21649.18016185479,-10863.789201522364,-164.17166138638208,-134.5210326587249,0.0
2005-10-27,-4620.283318057209,-6643.767062022606,728.127275514864,850.2522350514794,-134.2531051521596,0.0
2005-10-28,3399.0966314376865,-29227.062790686326,-2062.9718028350776,-1973.7155210327064,-134.38694011888364,0.0
2005-10-31,-1294.4703517832197,-6446.91268451693,-2970.580283863451,908.1344849151917,-134.3225427983325,0.0
2005-11-01,2548.147561297114,-8258.998248425045,-1864.2446475666252,-2308.953693651772,-134.36323008825124,0.0
2005-11-02,3170.2347550200348,-5045.2454820357,18425.00916816348,3420.530044274971,-134.31069470328595,0.0
2005-11-03,7522.951629598076,4554.551699621752,-7270.4788017108385,-4885.1303145315815,-134.1828789205685,0.0
2005-11-04,2761.26692753001,30925.84339725788,-15831.422692714215,-7816.61299865115,-133.99706863141895,0.0
2005-11-07,-1636.6941087900977,-12518.130809666563,1757.2388507410462,2631.1769118584166,-133.9566053588839,0.0
2005-11-08,-10418.938719493624,-24307.512074527498,252.47167157211314,-4743.826712603923,-133.99706863141895,0.0
2005-11-09,9460.028577469328,-15160.16205315406,6088.093568303747,9484.433324835258,-134.34545967471544,0.0
2005-11-10,-10173.47907233057,-2080.549998539959,-11996.134118993297,-14954.978308740057,-134.02572785634933,0.0
2005-11-11,7.354480301302433,79.36056186930205,47.58976773802876,0.6438176024848234,-134.94862751111802,-9.373886924623605
2005-11-14,7961.011475809756,-27866.731837920135,7829.333805211377,12211.335184411013,-134.94862751111802,0.0
2005-11-15,-6782.959762272142,-17317.03472983345,9189.24670465193,-4833.57373171224,-134.66783117246808,0.0
2005-11-16,-11789.496132612796,-11489.233263588338,-1551.8247886608913,4980.677919209189,-134.88988939341098,0.0
2005-11-17,-6550.802028935447,14705.830967717058,10575.402895068451,1330.8551850947176,-135.2067255230359,0.0
2005-11-18,8252.374213378454,31423.136644577622,-21530.103566400052,-7863.251375862559,-135.35992258666045,0.0
2005-11-21,-6589.167526390774,-31912.83206355615,2316.3381110306946,6230.1378865143215,-135.17749376312088,0.0
2005-11-22,-5525.654019579298,66374.50349092748,-13005.068051532542,-7795.24124182549,-135.3480388401432,0.0
2005-11-23,7509.998245641465,6603.777474315631,-12161.673464730096,-1644.8556745983374,-135.51340505472928,0.0
2005-11-24,7.490905696096625,79.49984808421797,47.68709385634074,0.6468246354625725,-135.32467227211785,0.0
2005-11-25,-6637.894501038292,-6775.925948868518,2592.1461241822617,833.0241335676448,-135.32467227211785,0.0
2005-11-28,-5126.170185351891,-49805.78137635552,22545.839865057627,12406.692340591542,-135.5074568159007,0.0
2005-11-29,13028.5395232669,-1245.6786153076587,-8149.052021536374,-3121.834985350535,-135.59010152130188,0.0
2005-11-30,2661.244472859313,-8294.17800856133,-1873.4488688496829,-2334.574682909664,-135.2597393301088,0.0
2005-12-01,4885.790505178915,-5740.092016974998,-773.2831138171508,1841.5497164301896,-135.2067255230359,0.0
2005-12-02,-778.2073594833313,12978.00936684422,9821.560310856927,-1888.7152630868504,-135.06567845305275,0.0
2005-12-05,7939.067119916144,911.2547609003598,400.6341418724295,950.8893346184516,-135.07754833140393,0.0
2005-12-06,-11065.805488051272,4386.809621938004,-18739.839253504662,-4388.204111766533,-134.84897916180458,0.0
2005-12-07,1529.5649180908827,-696.793955659322,18503.545801789598,10884.906314671498,-135.2067255230359,0.0
2005-12-08,-9685.383603022707,3615.690922196704,-317.8312026469823,6463.098018347291,-135.0834850030654,0.0
2005-12-09,13618.638398081863,23577.334831053373,-17515.674615374934,-9328.01892418547,-135.3187286637105,0.0
2005-12-12,1536.5766635776768,-30277.498107844425,20075.889045830172,8799.981025946798,-134.94862751111802,-0.6187157056184486
2005-12-13,-3049.737164115347,5989.676973673287,-987.9772109657339,-1802.8787790062117,-134.85489284365718,0.0
2005-12-14,-12349.503638776776,2275.4091043321955,-12072.236202986469,-7718.720635058097,-134.94862751111802,0.0
2005-12-15,1564.1000931385572,-5169.704579545201,20391.418187286952,3435.664470180721,-135.35406198690592,0.0
2005-12-16,-1540.1165260922583,5327.29227343581,-20288.719175897226,-3430.1239698486215,-135.2716849403669,0.0
2005-12-19,511.43935202506174,-14518.452589634055,4743.347761395858,-608.2418106286697,-135.35406198690592,0.0
2005-12-20,4447.5604519439175,-20776.62576298853,-3870.8936865143073,397.22908657053244,-135.3481202540439,0.0
2005-12-21,3136.3728914784742,6731.522591076574,1221.94098818084,-888.8650356155849,-135.2419878373799,0.0
2005-12-22,-7866.64064416188,-21450.176802708844,9137.002054980503,195.5177529137845,-135.1537886811471,0.0
2005-12-23,-9845.227037328363,-26008.79891023006,1280.080043279804,4433.0324847856355,-135.37747153083146,0.0
2005-12-26,7.674241732339703,79.5700239458563,47.74893398703362,0.6500812243884184,-135.643280889618,0.0
2005-12-27,-5373.62678879065,-17286.265812437825,7371.889796951398,-4868.793468508842,-135.643280889618,0.0
2005-12-28,5037.549933700467,11326.28349542135,-2514.6558064573883,6651.511356233232,-135.82106606232418,0.0
2005-12-29,-365.3255328714104,-23115.530491777346,6549.225622154373,-3016.7282282779443,-135.643280889618,0.0
2005-12-30,4034.6263308356088,-6186.497061083814,-8578.604422728928,1011.1325421285892,-135.67877064673073,0.0
2006-01-02,7.670774173865777,79.53164390737881,47.725928778370914,0.6497712192236315,-135.57811807883908,0.0
2006-01-03,-5951.191532159876,56616.78046008366,-530.3284215443352,-126.58454091605947,-135.57811807883908,0.0
2006-01-04,-1510.823969248884,39453.013841946704,-12187.382668539905,-5667.984157611523,-135.7025445197117,0.0
2006-01-05,-686.4385004703917,-32939.23882248588,19056.667599675522,4690.240387009932,-135.76184726528106,0.0
2006-01-06,4950.510124003626,-14680.8856963362,-8646.40847137343,-1367.9498708411463,-135.75589858762683,0.0
2006-01-09,7.669651915612499,79.57698834940412,47.75252534896886,0.6500581652195314,-135.64922377920496,0.0
2006-01-10,9702.188259373741,27033.06592103782,-33047.186657831095,-3553.1188950693286,-134.94862751111802,-7.014473144558165
2006-01-11,3608.174243381963,-24041.118425379023,13454.63330364792,7059.499810322393,-134.71379630675193,0.0
2006-01-12,-7538.625072060655,19.600799771287708,17069.401327134976,688.5617875964172,-134.5732516805896,0.0
2006-01-13,-10741.0006407721,-11049.658135719548,6218.423203701508,5803.564105907096,-134.76663786077924,0.0
2006-01-16,7.388654231384521,79.3954161559249,47.61412610854381,0.6445706071963682,-135.04276710304956,0.0
2006-01-17,-646.6468502091892,21983.84938339143,-20053.090925188026,-11165.80594648146,-135.04276710304956,0.0
2006-01-18,890.681346046433,4178.957484582857,122.23187750232833,-5056.7396252870385,-135.13108284457846,0.0
2006-01-19,4159.633332875276,-34202.786831898135,16304.831864451604,13935.611318150046,-135.13108284457846,0.0
2006-01-20,699.6498455286879,15960.839254258119,-17149.47494054074,-9376.071469593528,-134.94268965232152,0.0
2006-01-23,-1730.8156148379073,12539.208593919564,2040.4459760705831,-2721.063005247747,-134.98380561607627,0.0
2006-01-24,3253.96459024047,-13160.04040981502,16495.34403100085,13581.663817698965,-135.03682693187446,0.0
2006-01-25,15480.837344933874,970.2003452382841,-16649.08666982884,257.7086519482426,-134.86054306600283,0.0
2006-01-26,5885.280718384178,8916.723876456994,-7294.292200063149,2453.2042985774,-134.43889816034988,0.0
2006-01-27,2267.7524727892255,7141.617733808615,-26747.11248850477,-12425.154587829345,-134.25818742506533,0.0
2006-01-30,637.5007715902684,-21746.76585115354,20064.659072335588,11063.65345043836,-134.28703445983552,0.0
2006-01-31,1522.7248381295706,-5040.403154327073,-17278.845568769353,-8954.455899802424,-134.19975881660815,0.0
2006-02-01,5579.124344086225,-30308.068490942504,6703.902015787171,7982.308903562393,-134.22858465538354,0.0
2006-02-02,-362.54182366888955,-6004.476247876586,4771.020363297415,1730.0342333294545,-134.03652508139828,0.0
2006-02-03,-3276.632988523573,-29566.40185703476,5327.177275932442,-2079.0802577750696,-134.03652508139828,0.0
2006-02-06,940.3565257705794,-37007.498592884134,7380.302565886229,8828.154948644267,-134.1583471615022,0.0
2006-02-07,2119.42502557744,27620.173166732475,1411.9802537786677,-1210.6386787983681,-134.0999811432647,0.0
2006-02-08,3333.84899848484,-9423.823165770851,-17337.136172403698,-16437.94103279921,-134.94862751111802,-13.662889163926593
2006-02-09,-6342.069863383275,-115475.95373535043,60335.939087523286,21614.764909157697,-134.97179940286392,0.0
2006-02-10,7079.762938573494,9372.431104435633,462.5860864168632,3309.9471161107126,-135.04193699736393,0.0
2006-02-13,-949.1675677780638,12190.561003182474,-7585.237014733676,-3521.4658992864292,-134.81943047519147,0.0
2006-02-14,5271.84479058228,21815.89844168341,2453.4188607569295,583.0934046384015,-134.8662421080715,0.0
2006-02-15,-930.0195974981838,-25438.131154843315,-7990.487646745057,4536.43962951122,-134.69692146330544,0.0
2006-02-16,-2560.6679367538095,3972.0504192198273,3828.467621787316,-5091.177706148602,-134.72589529839667,0.0
2006-02-17,-7745.8031330398435,-21415.452595999195,9120.012837415887,194.72943074026085,-134.81943047519147,0.0
2006-02-20,7.442140297723061,79.35713007156166,47.59753988609924,0.6451267419800137,-135.04193699736393,0.0
2006-02-21,6146.732802347067,-20643.021627083497,-5720.094828401705,424.5540579834612,-135.04193699736393,0.0
2006-02-22,-5961.216094180853,-16889.624168798764,16967.31091561034,-4017.7835613893703,-134.88940989638778,0.0
2006-02-23,7162.335793151395,-12113.923825667669,4063.438928935593,-8885.701016160321,-135.07112998094544,0.0
2006-02-24,2614.8421639014905,-3815.72149335957,-3736.501946676812,5108.3882990734455,-134.92444372070787,0.0
2006-02-27,2620.0895585170038,16811.650184383852,-1595.3802835878432,-7706.293816725166,-134.83074604214394,0.0
2006-02-28,-7801.63917228049,8133.907447975848,7523.61707977048,2238.5966593877542,-134.78985329375533,0.0
2006-03-01,5610.134971499497,23500.18811309494,-11997.287890899355,3079.419969871449,-134.98317102783687,0.0
2006-03-02,7480.829018064461,32437.86230264992,5552.2163301650635,-5371.66720496442,-134.80759615529422,0.0
2006-03-03,6344.044752776959,2485.4493584424745,-12173.572872830204,3398.620975428766,-134.5976398283226,0.0
2006-03-06,7761.577995354541,34828.816533846555,8486.223752105589,-1237.5287972942797,-134.41126288741594,0.0
2006-03-07,7.0630417416173294,79.07353852444919,47.388058413457166,0.6374644057308375,-134.16210308525447,0.0
2006-03-08,-2777.4850284412432,31765.356044912955,16623.590589333413,-5493.22149681128,-134.16210308525447,0.0
2006-03-09,472.0125950231293,2529.4215380505543,3001.776513597995,4131.737980839229,-134.94862751111802,-8.319915553316605
2006-03-10,3453.9834349855873,277.36440491829615,-3663.740403044046,57.802763140361904,-134.90784632768833,0.0
2006-03-13,2101.6810057009366,18836.989729906116,-6415.40147083323,-4402.69139980678,-134.81452505561072,0.0
2006-03-14,-12960.819005798272,20424.399431682446,1661.1874256207675,11104.55276508028,-134.7738280655992,0.0
2006-03-15,4143.94446332347,8073.058989886773,-22886.31833001044,801.6580634859976,-135.0658312876451,0.0
2006-03-16,-12739.235713539367,13190.951845302628,-9057.970630313735,-1233.4259775611213,-134.96640085738363,0.0
2006-03-17,4392.277322843376,-3727.0331026859,-5607.1626708017575,5155.336198225819,-135.33517570842005,0.0
2006-03-20,-2204.481062781296,-15047.087693209427,-1188.942977529204,-1471.880364911517,-135.19444281319818,0.0
2006-03-21,10182.018497826464,-22494.936769330507,-4616.7807199051,-2827.5370776861564,-135.2763714536663,0.0
2006-03-22,427.02982357373884,-23397.15939135898,-3106.4812467969964,-3797.8663803784752,-135.03027423322288,0.0
2006-03-23,5349.120384636081,-7750.9340808674515,4051.8196122737577,-1464.908024944979,-135.0592966733898,0.0
2006-03-24,-10108.6411421912,1163.0627830619696,-3270.5689020570253,2320.9074399280707,-134.9190282721991,0.0
2006-03-27,4095.7891523925764,19733.933218785547,9143.560176995823,-2752.403318590432,-135.19390574731963,0.0
2006-03-28,15414.931031665297,-13271.315962437684,-2338.906511202408,458.7576673520051,-135.0711398182165,0.0
2006-03-29,2833.6835078793533,22940.0014526094,-17889.640852685126,2204.5721019012713,-134.65110331548533,0.0
2006-03-30,6873.110827070201,21889.100882934694,597.8535309343654,609.1183438127892,-134.56399344966576,0.0
2006-03-31,-847.9320645085604,21041.855956224284,245.56848456359626,-334.07554109663727,-134.34966643919748,0.0
2006-04-03,3835.2330584005613,-26784.9878764768,882.1741070671771,2127.212234084215,-134.3614866104868,0.0
2006-04-04,-2236.358225337273,22607.004309463995,-12307.000780434306,2107.7534642747114,-134.25704296209213,0.0
2006-04-05,-4260.1411025138705,11969.797362118743,-3867.3678472306,-3552.8178075089168,-134.30924859802823,0.0
2006-04-06,8490.526699218457,21981.2651632134,-1253.517793333966,636.3875039813606,-134.44831755756468,0.0
2006-04-07,10735.066485725678,23807.522082035306,-17568.172817914823,3160.5328776645474,-134.94862751111802,-8.963911449191073
2006-04-10,7.227743039837197,79.25367381724752,47.51261669068706,0.6411750031832099,-134.63520855095496,0.0
2006-04-11,-5159.183239034819,-21644.218449604163,-2356.147016920914,-579.6312119311797,-134.63520855095496,0.0
2006-04-12,7821.8014567558375,13459.162986453704,536.5883566404667,-1739.2096112673637,-134.80315128328527,0.0
2006-04-13,10255.67615695618,9555.07412382101,-3243.1430407968865,3344.8207795294234,-134.58294924396816,0.0
2006-04-14,7.089614637322865,79.12308495564271,47.42022573290288,0.6382003992903889,-134.2711257251588,0.0
2006-04-17,-6660.935856186375,12204.963227844491,7581.105836926497,-2780.5967333918293,-134.2711257251588,0.0
2006-04-18,-6773.837360861692,46193.31089452564,4134.434894490061,6625.243450707796,-134.4618014797803,0.0
2006-04-19,7185.436646184085,28009.337654179173,-4142.257524048387,-1130.2695383634148,-134.5839332943057,0.0
2006-04-20,0.0,-0.0,-0.0,-0.0,0.0,-3291.5035220538193
2006-04-21,-0.0,-0.0,0.0,-0.0,0.0,0.0
2006-04-24,-0.0,-0.0,0.0,0.0,0.0,0.0
2006-04-25,0.0,0.0,-0.0,-0.0,0.0,0.0
2006-04-26,0.0,-0.0,0.0,0.0,0.0,0.0
2006-04-27,-0.0,0.0,-0.0,0.0,0.0,0.0
2006-04-28,-0.0,0.0,0.0,-0.0,0.0,0.0
2006-05-01,0.0,-0.0,-0.0,0.0,0.0,0.0
2006-05-02,-0.0,-0.0,0.0,-0.0,0.0,0.0
2006-05-03,0.0,0.0,-0.0,-0.0,0.0,0.0
2006-05-04,0.0,-0.0,0.0,0.0,0.0,0.0
2006-05-05,-0.0,-0.0,-0.0,-0.0,0.0,0.0
2006-05-08,0.0,-0.0,-0.0,-0.0,0.0,0.0
2006-05-09,0.0,0.0,-0.0,0.0,0.0,0.0
2006-05-10,0.0,-0.0,-0.0,-0.0,0.0,0.0
2006-05-11,0.0,0.0,-0.0,-0.0,0.0,0.0
2006-05-12,0.0,0.0,-0.0,-0.0,0.0,0.0
2006-05-15,-0.0,-0.0,-0.0,0.0,0.0,0.0
2006-05-16,-0.0,-0.0,-0.0,-0.0,0.0,0.0
2006-05-17,0.0,0.0,0.0,0.0,0.0,0.0
2006-05-18,-0.0,-0.0,0.0,0.0,0.0,0.0
2006-05-19,-0.0,-0.0,0.0,-0.0,0.0,0.0
2006-05-22,-0.0,0.0,0.0,0.0,0.0,0.0
2006-05-23,0.0,-0.0,-0.0,-0.0,0.0,0.0
2006-05-24,-0.0,0.0,-0.0,0.0,0.0,0.0
2006-05-25,0.0,0.0,-0.0,0.0,0.0,0.0
2006-05-26,-0.0,0.0,0.0,0.0,0.0,0.0
2006-05-29,0.0,0.0,0.0,0.0,0.0,0.0
2006-05-30,0.0,-0.0,-0.0,-0.0,0.0,0.0
2006-05-31,0.0,-0.0,-0.0,-0.0,0.0,0.0
2006-06-01,-0.0,-0.0,-0.0,0.0,0.0,0.0
2006-06-02,-0.0,0.0,0.0,0.0,0.0,0.0
2006-06-05,0.0,-0.0,-0.0,-0.0,0.0,0.0
2006-06-06,-0.0,-0.0,0.0,-0.0,0.0,0.0
2006-06-07,0.0,-0.0,-0.0,-0.0,0.0,0.0
2006-06-08,-0.0,-0.0,0.0,0.0,0.0,0.0
2006-06-09,-0.0,-0.0,0.0,-0.0,0.0,0.0
2006-06-12,0.0,-0.0,-0.0,0.0,0.0,0.0
2006-06-13,-0.0,-0.0,-0.0,0.0,0.0,0.0
2006-06-14,0.0,-0.0,-0.0,-0.0,0.0,0.0
2006-06-15,0.0,0.0,0.0,0.0,0.0,0.0
2006-06-16,0.0,0.0,-0.0,0.0,0.0,0.0
2006-06-19,0.0,-0.0,-0.0,-0.0,0.0,0.0
2006-06-20,0.0,0.0,0.0,-0.0,0.0,0.0
2006-06-21,0.0,-0.0,0.0,0.0,0.0,0.0
2006-06-22,0.0,0.0,-0.0,-0.0,0.0,0.0
2006-06-23,0.0,-0.0,-0.0,0.0,0.0,0.0
2006-06-26,0.0,0.0,0.0,0.0,0.0,0.0
2006-06-27,-0.0,-0.0,0.0,-0.0,0.0,0.0
2006-06-28,0.0,-0.0,-0.0,0.0,0.0,0.0
2006-06-29,-0.0,0.0,0.0,0.0,0.0,0.0
2006-06-30,-0.0,-0.0,0.0,0.0,0.0,0.0
2006-07-03,0.0,-0.0,-0.0,-0.0,0.0,0.0
2006-07-04,0.0,0.0,0.0,0.0,0.0,0.0
2006-07-05,0.0,0.0,-0.0,0.0,0.0,0.0
2006-07-06,-0.0,-0.0,-0.0,0.0,0.0,0.0
2006-07-07,-0.0,-0.0,0.0,-0.0,0.0,0.0
2006-07-10,-0.0,-0.0,0.0,-0.0,0.0,0.0
2006-07-11,-0.0,-0.0,-0.0,0.0,0.0,0.0
2006-07-12,0.0,-0.0,0.0,-0.0,0.0,0.0
2006-07-13,-0.0,0.0,0.0,0.0,0.0,0.0
2006-07-14,-0.0,0.0,0.0,0.0,0.0,0.0
2006-07-17,0.0,-0.0,-0.0,-0.0,0.0,0.0
2006-07-18,0.0,-0.0,-0.0,0.0,0.0,0.0
2006-07-19,-0.0,0.0,0.0,0.0,0.0,0.0
2006-07-20,-0.0,0.0,0.0,-0.0,0.0,0.0
2006-07-21,0.0,0.0,-0.0,0.0,0.0,0.0
2006-07-24,0.0,-0.0,-0.0,0.0,0.0,0.0
2006-07-25,0.0,0.0,0.0,-0.0,0.0,0.0
2006-07-26,-0.0,0.0,0.0,-0.0,0.0,0.0
2006-07-27,0.0,0.0,-0.0,0.0,0.0,0.0
2006-07-28,-0.0,0.0,0.0,-0.0,0.0,0.0
2006-07-31,-0.0,0.0,-0.0,-0.0,0.0,0.0
2006-08-01,-0.0,0.0,-0.0,0.0,0.0,0.0
2006-08-02,-0.0,-0.0,-0.0,-0.0,0.0,0.0
2006-08-03,0.0,-0.0,0.0,-0.0,0.0,0.0
2006-08-04,-0.0,0.0,0.0,-0.0,0.0,0.0
2006-08-07,0.0,-0.0,-0.0,0.0,0.0,0.0
2006-08-08,-0.0,0.0,0.0,-0.0,0.0,0.0
2006-08-09,0.0,0.0,-0.0,-0.0,0.0,0.0
2006-08-10,0.0,-0.0,-0.0,0.0,0.0,0.0
2006-08-11,0.0,-0.0,0.0,-0.0,0.0,0.0
2006-08-14,0.0,-0.0,-0.0,-0.0,0.0,0.0
2006-08-15,-0.0,-0.0,0.0,-0.0,0.0,0.0
2006-08-16,-0.0,0.0,0.0,0.0,0.0,0.0
2006-08-17,0.0,-0.0,-0.0,-0.0,0.0,0.0
2006-08-18,-0.0,-0.0,-0.0,0.0,0.0,0.0
2006-08-21,-0.0,0.0,0.0,-0.0,0.0,0.0
2006-08-22,0.0,-0.0,-0.0,0.0,0.0,0.0
2006-08-23,0.0,0.0,0.0,0.0,0.0,0.0
2006-08-24,0.0,-0.0,0.0,-0.0,0.0,0.0
2006-08-25,-0.0,0.0,-0.0,-0.0,0.0,0.0
2006-08-28,0.0,-0.0,-0.0,0.0,0.0,0.0
2006-08-29,-0.0,-0.0,0.0,-0.0,0.0,0.0
2006-08-30,-0.0,0.0,-0.0,0.0,0.0,0.0
2006-08-31,-0.0,0.0,0.0,-0.0,0.0,0.0
2006-09-01,-0.0,0.0,0.0,0.0,0.0,0.0
2006-09-04,0.0,0.0,0.0,0.0,0.0,0.0
2006-09-05,0.0,0.0,-0.0,-0.0,0.0,0.0
2006-09-06,0.0,0.0,-0.0,0.0,0.0,0.0
2006-09-07,-0.0,-0.0,-0.0,0.0,0.0,0.0
2006-09-08,-0.0,0.0,-0.0,0.0,0.0,0.0
2006-09-11,0.0,-0.0,-0.0,-0.0,0.0,0.0
2006-09-12,-0.0,-0.0,0.0,0.0,0.0,0.0
2006-09-13,-0.0,0.0,0.0,-0.0,0.0,0.0
2006-09-14,0.0,-0.0,0.0,-0.0,0.0,0.0
2006-09-15,0.0,-0.0,-0.0,0.0,0.0,0.0
2006-09-18,0.0,0.0,-0.0,0.0,0.0,0.0
2006-09-19,-0.0,0.0,0.0,0.0,0.0,0.0
2006-09-20,0.0,-0.0,-0.0,-0.0,0.0,0.0
2006-09-21,-0.0,0.0,0.0,0.0,0.0,0.0
2006-09-22,-0.0,-0.0,-0.0,-0.0,0.0,0.0
2006-09-25,-0.0,-0.0,0.0,-0.0,0.0,0.0
2006-09-26,0.0,-0.0,-0.0,0.0,0.0,0.0
2006-09-27,0.0,0.0,0.0,-0.0,0.0,0.0
2006-09-28,0.0,0.0,-0.0,0.0,0.0,0.0
2006-09-29,0.0,-0.0,-0.0,-0.0,0.0,0.0
2006-10-02,-0.0,0.0,0.0,-0.0,0.0,0.0
2006-10-03,0.0,-0.0,-0.0,0.0,0.0,0.0
2006-10-04,-0.0,0.0,0.0,-0.0,0.0,0.0
2006-10-05,0.0,-0.0,-0.0,-0.0,0.0,0.0
2006-10-06,0.0,-0.0,-0.0,0.0,0.0,0.0
2006-10-09,0.0,0.0,0.0,0.0,0.0,0.0
2006-10-10,0.0,-0.0,-0.0,-0.0,0.0,0.0
2006-10-11,0.0,-0.0,-0.0,-0.0,0.0,0.0
2006-10-12,-0.0,0.0,-0.0,0.0,0.0,0.0
2006-10-13,0.0,0.0,-0.0,-0.0,0.0,0.0
2006-10-16,-0.0,-0.0,0.0,-0.0,0.0,0.0
2006-10-17,-0.0,0.0,-0.0,0.0,0.0,0.0
2006-10-18,0.0,-0.0,0.0,-0.0,0.0,0.0
2006-10-19,0.0,0.0,0.0,0.0,0.0,0.0
2006-10-20,0.0,-0.0,-0.0,-0.0,0.0,0.0
2006-10-23,0.0,0.0,-0.0,-0.0,0.0,0.0
2006-10-24,0.0,-0.0,-0.0,-0.0,0.0,0.0
2006-10-25,-0.0,-0.0,-0.0,0.0,0.0,0.0
2006-10-26,-0.0,0.0,0.0,0.0,0.0,0.0
2006-10-27,-0.0,0.0,0.0,-0.0,0.0,0.0
2006-10-30,0.0,-0.0,-0.0,0.0,0.0,0.0
2006-10-31,-0.0,0.0,0.0,-0.0,0.0,0.0
2006-11-01,-0.0,0.0,0.0,0.0,0.0,0.0
2006-11-02,0.0,0.0,-0.0,-0.0,0.0,0.0
2006-11-03,0.0,-0.0,-0.0,-0.0,0.0,0.0
2006-11-06,-0.0,-0.0,0.0,0.0,0.0,0.0
2006-11-07,-0.0,0.0,-0.0,-0.0,0.0,0.0
2006-11-08,-0.0,-0.0,0.0,0.0,0.0,0.0
2006-11-09,-0.0,-0.0,-0.0,-0.0,0.0,0.0
2006-11-10,-5174.134430238609,-12776.01401366594,5478.919794352475,2606.177277062508,-134.94862751111802,-3280.1942521909514
2006-11-13,4375.124174825292,-8189.274447755401,-3729.08764358474,-2300.3207377138465,-135.08327383212375,0.0
2006-11-14,-6045.701175554097,-21337.987928125796,7273.5488387413525,223.65757605873725,-134.9836121499654,0.0
2006-11-15,7912.360282632822,-20560.183473123052,-7582.531945498722,453.6713466829237,-135.15935955269347,0.0
2006-11-16,8701.462166364774,574.2851761661944,-9230.563138124004,143.74442017590303,-134.95994027927398,0.0
2006-11-17,-11107.899796239328,29361.88595301304,19192.99527745356,2674.3512191234436,-134.72613083281436,0.0
2006-11-20,-845.8037495546885,-8482.05111999153,1841.6521837107452,-2383.5769990685135,-134.9836121499654,0.0
2006-11-21,-3080.1009709211166,-6567.163196330175,-1125.4497339082918,887.4721251065716,-135.02454587170868,0.0
2006-11-22,-1741.2191816030977,-19.669822486393933,1904.951025250851,-28.022533159237685,-135.112418974769,0.0
2006-11-23,7.457834643690653,79.41962079282239,47.63611991743909,0.6457841987413969,-135.15935955269347,0.0
2006-11-24,-3103.2594406600424,-6570.900525017339,-1126.2261119015413,889.0534300580676,-135.15935955269347,0.0
2006-11-27,-2150.9239530543546,6434.713318891886,6797.8574820028625,-974.9840471828733,-135.24740489614496,0.0
2006-11-28,-6183.258521006394,8255.877637238485,5687.573141427288,2279.8265471996783,-135.30035829290347,0.0
2006-11-29,2579.09854696794,-158.31357208315399,-11470.724040984776,-781.3575744546937,-135.44755308957315,0.0
2006-11-30,-10632.624612853191,12065.72302581276,11345.69100316791,-2879.372793268859,-135.39450519532733,0.0
2006-12-01,-9334.240911723888,57254.0235649497,20672.311740397974,1470.8282606153089,-135.683592969925,0.0
2006-12-04,409.243423842517,6218.341213913955,-4724.7465761428575,-1766.9708806611109,-135.86718095250083,0.0
2006-12-05,1778.8963772370264,17279.249668096665,-3558.4367590622064,4818.293175835776,-135.86718095250083,0.0
2006-12-06,8003.585691779445,-29567.649192237157,-15488.063289382764,-2762.5225487677917,-135.78437476944464,0.0
2006-12-07,589.8116506553655,6984.667636019742,12756.463203366102,-109.00048777873884,-135.618772782724,0.0
2006-12-08,13747.151472191967,-26780.62455131929,-18093.16658244946,1492.0105534788147,-135.58343876823088,0.0
2006-12-11,-4864.142824521161,-15562.42987318894,-7108.029981286031,-2330.44869349301,-134.94862751111802,-4.036692815450806
2006-12-12,-7404.84076956435,23167.87828615189,10632.96602910379,3689.0671474412047,-135.1185545335073,0.0
2006-12-13,15815.284763083064,972.0299595303156,-16686.124950649028,259.0731920630694,-135.2774282669845,0.0
2006-12-14,5192.792523207863,-4086.5383147934626,-3650.131786691354,-7333.083018931018,-134.85494964926525,0.0
2006-12-15,-477.56603981168865,2092.032872335787,-4769.771126473496,3290.0597639734506,-134.75547002405008,0.0
2006-12-18,-764.2959680192345,12961.55347048837,9806.264885735894,-1880.83400634564,-134.75547002405008,0.0
2006-12-19,388.9895262722236,6185.469702943925,-4696.033080018184,-1743.658839446659,-134.76730975130363,0.0
2006-12-20,7.282017947721571,79.2981202521138,47.544873765816455,0.642297785651848,-134.76730975130363,0.0
2006-12-21,-7786.034409218853,11796.93053994202,-168.40039301937477,-3630.6087760426753,-134.76730975130363,0.0
2006-12-22,11426.128458880781,10009.316764814852,4528.789685652718,4196.846553579127,-135.00143676539113,0.0
2006-12-25,7.217535101607363,79.26698114494498,47.519318274191946,0.6411090913977951,-134.64494361214201,0.0
2006-12-26,-2519.737660189833,-21114.08783630446,3555.532894467551,279.52526549646836,-134.64494361214201,0.0
2006-12-27,9405.708089635495,-7880.321473993323,-9284.06499541813,-2203.8588412077333,-134.72649288484638,0.0
2006-12-28,7238.293026720194,-14068.024639589203,-2683.8102170593966,-487.74401393225,-134.48732511695152,0.0
2006-12-29,930.1565650861676,513.1643690465598,7796.542636300486,828.0044734574586,-134.295343929637,0.0
2007-01-01,7.096480279555455,79.10801292214792,47.41211074355786,0.6382036879990732,-134.25480763326027,0.0
2007-01-02,-3776.74732208685,-2560.566034838119,802.3824015813349,-4151.129755626611,-134.25480763326027,0.0
2007-01-03,-3659.1585558208985,15186.195686622876,16432.91775499815,2173.5276786060535,-134.38831945795718,0.0
2007-01-04,-8399.876571728611,-414.8508633217819,9303.57943141473,-141.41950801816535,-134.45259156187748,0.0
2007-01-05,5978.963903161528,-20622.269545042625,-5711.717461630775,422.1706437165776,-134.6857041795243,0.0
2007-01-08,1702.2355319828298,-12356.693277399585,-1940.7468090478185,2706.2633022861505,-134.53391610156984,0.0
2007-01-09,-92.56945007600996,-4353.288045215459,-9659.699510545628,4240.505633348427,-134.94862751111802,-6.196725430332663
2007-01-10,4806.323471820321,6823.158904373803,-635.6354257152731,-856.4916619210263,-134.942707975878,0.0
2007-01-11,8589.477241796452,574.0846978778787,-9225.332778139813,143.38017160457952,-134.80842988808246,0.0
2007-01-12,5093.4437547677035,12912.176927252794,-5372.803973615644,-2592.82143228814,-134.5753520381275,0.0
2007-01-15,7.16422447985209,79.1773184502034,47.460522516824206,0.6396978216359609,-134.4417632685156,0.0
2007-01-16,-2984.630060022847,5978.463989130567,-985.7967741116678,-1793.4292122555055,-134.4417632685156,0.0
2007-01-17,6777.03191374373,-12060.227325153086,-7496.430291677766,2791.636650186187,-134.53473433556468,0.0
2007-01-18,-5096.6591427293715,-9089.294649325118,-2215.9948546093283,-3248.746366198478,-134.34300272471393,0.0
2007-01-19,5095.13685537649,-12155.872855147014,-5643.2648474733,2763.4861728371648,-134.5170067266767,0.0
2007-01-22,-3259.937900792049,-8220.642736646818,13286.644043111979,-1594.1203199647578,-134.37170058910434,0.0
2007-01-23,7603.474837631827,21542.09145456802,-9008.645135732595,-192.52691240657046,-134.46460432132395,0.0
2007-01-24,3.5909698198723667,12595.319050079801,183.52449220069835,-2667.4627235884664,-134.24436400951743,0.0
2007-01-25,8328.354629870852,5022.757870577924,-11058.571313285283,7506.081622486225,-134.2502663373122,0.0
2007-01-26,2483.3797228265103,4255.539252636108,-1724.7937174756544,-4955.255032274803,-133.978648527694,0.0
2007-01-29,2183.250544377807,7027.9557416133575,10793.486918898589,-78.51561412690697,-133.93249605593365,0.0
2007-01-30,-2984.5773191439685,1551.9306294398918,-10633.273190676686,2400.975134152915,-133.85206732422077,0.0
2007-01-31,-7356.7946842392375,-8836.874157696864,9215.25641321399,-2464.5874278012084,-133.9383926625398,0.0
2007-02-01,2140.313051968052,-14342.645104730955,2865.3557890533134,-570.7219541078119,-134.16354704735602,0.0
2007-02-02,-2122.5262648333332,14496.373238905164,-2769.6691378189453,571.6861406434451,-134.11137903792735,0.0
2007-02-05,-3312.9912525145683,-118.25103947713478,3743.6682852713293,-55.9937655057512,-134.16354704735602,0.0
2007-02-06,-5913.423234268148,-13169.413376783896,-2289.287060434817,1756.6305689485323,-134.2561698102205,0.0
2007-02-07,-3917.6930189987365,9989.573866081926,942.0379231002169,-6878.970142671407,-134.94862751111802,-7.147226975160092
2007-02-08,-2893.75008705124,-30931.147844817202,16023.314569177588,7922.41824361511,-135.08878474021628,0.0
2007-02-09,9592.817958966358,9142.678704534954,-11036.63082238497,2532.2489159750344,-135.1296434558341,0.0
2007-02-12,2601.9305719133313,-8280.029434304857,-1869.5762496029154,-2322.1353670660683,-134.85533549360505,0.0
2007-02-13,2569.682923207346,8732.946022003609,-3599.260619497698,2407.8050324329347,-134.80282238033507,0.0
2007-02-14,-13763.46398467357,7404.794137259168,5318.140290521442,1316.5841271175434,-134.71561620280508,0.0
2007-02-15,-6177.510742476696,11913.033162144186,-2026.0962536242644,-3616.8846619120736,-135.08878474021628,0.0
2007-02-16,-1248.1433006172604,-14614.971096036901,6601.254796353155,-636.1693268333429,-135.27607120844635,0.0
2007-02-19,7.49479020753154,79.4923248933521,47.6830943889599,0.6468332300301991,-135.3170427198737,0.0
2007-02-20,-2150.4231259760436,6438.3470681113085,6801.601011972363,-975.3976182179898,-135.3170427198737,0.0
2007-02-21,1771.7841504633036,178.7314482244729,-1812.5470698327626,29.3940510005524,-135.36989064944825,0.0
2007-02-22,7444.915155602936,-5982.331392675338,-12286.055216280869,1062.8471666056635,-135.32296622542796,0.0
2007-02-23,-8330.14245582545,5699.71436926469,4583.810965620095,-1895.2265939142685,-135.1296434558341,0.0
2007-02-26,-9213.002696161318,-6538.98481086737,14106.806243516407,1614.545114906105,-135.36396599389687,0.0
2007-02-27,-25931.875911510346,49441.47009255081,24721.239986785342,1319.1471396940888,-135.59902429095757,0.0
2007-02-28,11003.177406684308,677.708874503526,-11168.318019865397,174.92320516543862,-136.2433790447954,0.0
2007-03-01,-1829.8966460096728,17087.629271455444,172.80874411478393,4765.831345130027,-135.95905154362447,0.0
2007-03-02,-8033.754896906347,25265.191160290884,17478.707400708437,-4747.361571902205,-135.97094119997845,0.0
2007-03-05,-2630.419074062573,12955.804668537088,11755.555230204594,-1941.0992300760429,-136.17823996246574,0.0
2007-03-06,0.0,-0.0,-0.0,-0.0,0.0,-3289.501511780992
2007-03-07,-0.0,0.0,0.0,-0.0,0.0,0.0
2007-03-08,0.0,-0.0,-0.0,0.0,0.0,0.0
2007-03-09,0.0,-0.0,-0.0,-0.0,0.0,0.0
2007-03-12,-0.0,0.0,0.0,0.0,0.0,0.0
2007-03-13,-0.0,0.0,0.0,0.0,0.0,0.0
2007-03-14,0.0,0.0,-0.0,-0.0,0.0,0.0
2007-03-15,0.0,-0.0,-0.0,0.0,0.0,0.0
2007-03-16,0.0,0.0,-0.0,0.0,0.0,0.0
2007-03-19,0.0,-0.0,-0.0,0.0,0.0,0.0
2007-03-20,-0.0,0.0,-0.0,0.0,0.0,0.0
2007-03-21,-0.0,0.0,0.0,-0.0,0.0,0.0
2007-03-22,0.0,0.0,-0.0,0.0,0.0,0.0
2007-03-23,0.0,-0.0,0.0,-0.0,0.0,0.0
2007-03-26,-0.0,0.0,-0.0,0.0,0.0,0.0
2007-03-27,0.0,0.0,-0.0,0.0,0.0,0.0
2007-03-28,-0.0,0.0,0.0,-0.0,0.0,0.0
2007-03-29,0.0,-0.0,-0.0,0.0,0.0,0.0
2007-03-30,0.0,0.0,0.0,-0.0,0.0,0.0
2007-04-02,0.0,-0.0,-0.0,0.0,0.0,0.0
2007-04-03,0.0,-0.0,-0.0,0.0,0.0,0.0
2007-04-04,-0.0,0.0,0.0,-0.0,0.0,0.0
2007-04-05,0.0,0.0,-0.0,0.0,0.0,0.0
2007-04-06,0.0,-0.0,-0.0,0.0,0.0,0.0
2007-04-09,-0.0,0.0,0.0,-0.0,0.0,0.0
2007-04-10,-0.0,0.0,-0.0,0.0,0.0,0.0
2007-04-11,0.0,-0.0,0.0,-0.0,0.0,0.0
2007-04-12,-0.0,-0.0,0.0,0.0,0.0,0.0
2007-04-13,0.0,-0.0,-0.0,0.0,0.0,0.0
2007-04-16,-0.0,-0.0,0.0,0.0,0.0,0.0
2007-04-17,-0.0,0.0,0.0,0.0,0.0,0.0
2007-04-18,-0.0,0.0,0.0,0.0,0.0,0.0
2007-04-19,0.0,0.0,-0.0,-0.0,0.0,0.0
2007-04-20,0.0,0.0,-0.0,-0.0,0.0,0.0
2007-04-23,-0.0,-0.0,0.0,-0.0,0.0,0.0
2007-04-24,-0.0,0.0,0.0,0.0,0.0,0.0
2007-04-25,0.0,-0.0,-0.0,-0.0,0.0,0.0
2007-04-26,0.0,-0.0,-0.0,-0.0,0.0,0.0
2007-04-27,0.0,0.0,-0.0,0.0,0.0,0.0
2007-04-30,-0.0,-0.0,0.0,0.0,0.0,0.0
2007-05-01,0.0,-0.0,0.0,-0.0,0.0,0.0
2007-05-02,0.0,-0.0,-0.0,0.0,0.0,0.0
2007-05-03,0.0,-0.0,-0.0,0.0,0.0,0.0
2007-05-04,-0.0,-0.0,0.0,0.0,0.0,0.0
2007-05-07,-0.0,-0.0,0.0,-0.0,0.0,0.0
2007-05-08,-0.0,0.0,-0.0,-0.0,0.0,0.0
2007-05-09,0.0,-0.0,-0.0,0.0,0.0,0.0
2007-05-10,-0.0,0.0,-0.0,-0.0,0.0,0.0
2007-05-11,0.0,0.0,0.0,-0.0,0.0,0.0
2007-05-14,0.0,-0.0,0.0,-0.0,0.0,0.0
2007-05-15,0.0,0.0,-0.0,0.0,0.0,0.0
2007-05-16,-0.0,0.0,0.0,0.0,0.0,0.0
2007-05-17,0.0,-0.0,0.0,0.0,0.0,0.0
2007-05-18,0.0,0.0,0.0,-0.0,0.0,0.0
2007-05-21,-0.0,-0.0,-0.0,0.0,0.0,0.0
2007-05-22,0.0,0.0,0.0,-0.0,0.0,0.0
2007-05-23,0.0,0.0,-0.0,-0.0,0.0,0.0
2007-05-24,-0.0,-0.0,0.0,0.0,0.0,0.0
2007-05-25,0.0,0.0,0.0,-0.0,0.0,0.0
2007-05-28,0.0,0.0,0.0,0.0,0.0,0.0
2007-05-29,0.0,-0.0,0.0,0.0,0.0,0.0
2007-05-30,0.0,-0.0,-0.0,-0.0,0.0,0.0
2007-05-31,0.0,-0.0,0.0,0.0,0.0,0.0
2007-06-01,0.0,-0.0,-0.0,-0.0,0.0,0.0
2007-06-04,-0.0,-0.0,0.0,0.0,0.0,0.0
2007-06-05,0.0,0.0,0.0,-0.0,0.0,0.0
2007-06-06,-0.0,0.0,-0.0,-0.0,0.0,0.0
2007-06-07,0.0,0.0,0.0,0.0,0.0,0.0
2007-06-08,-953.8042858236082,-25631.36430113959,-8097.657672124007,4547.87763157583,134.94862751111802,-3303.948045085701
2007-06-11,-2187.6562317041894,-15187.437051454406,-1282.3973061189865,-1468.0087374803118,134.9199976240995,0.0
2007-06-12,-17749.538610876654,-29401.67851812006,-2123.865804639337,-673.4383653996123,134.83917942678428,0.0
2007-06-13,7606.173531348451,47212.16079148219,8528.171812362685,-3902.7253164613144,134.31523574894675,0.0
2007-06-14,-4316.606475809187,-711.6349940627834,-4104.279573401151,-887.2399556751676,134.5560355798934,0.0
2007-06-15,9374.392486797193,-2803.731990553935,6135.175729462737,6807.677188720087,134.42370730266225,0.0
2007-06-18,3435.0236503837486,-29438.47390855024,-2162.2337695464603,-1982.938557932483,134.73483494809966,0.0
2007-06-19,11096.966565377594,-7944.529052924248,-11239.381491762508,-2177.6487194613896,134.79881184871863,0.0
2007-06-20,-7487.032856061748,-7365.844834001414,-5290.544497259577,-6.270880971996064,135.0828417070265,0.0
2007-06-21,-3315.2308164243577,-20964.210779201978,13097.317591721965,1082.7331828764195,134.86283473913394,0.0
2007-06-22,6257.659269673848,-23584.070706139908,-18391.887255765283,-4499.659677491662,134.77621168470728,0.0
2007-06-25,8500.493929943406,415.9775463026689,-9330.29807847117,142.02624455935708,134.89242969822047,0.0
2007-06-26,-3374.5577390856633,8634.28693064751,11521.209487748285,3132.3976805310126,135.12430681586218,0.0
2007-06-27,1807.8989073875546,17032.15119742187,7949.521468537864,-6904.249773345499,135.0660229894535,0.0
2007-06-28,-6552.552771624428,22688.23820826824,897.7044076532492,2875.5541634555984,135.10060557243173,0.0
2007-06-29,16303.6151529168,4910.477069771469,-16682.805750731462,-4784.544723240619,134.9495696322991,0.0
2007-07-02,3962.4823883024983,15163.952732852225,-670.4968294332258,1502.7943653013135,135.36792814750063,0.0
2007-07-03,-8039.753497256725,-13508.440249960562,-538.7759766336894,1752.851489571844,135.496043659412,0.0
2007-07-04,-7.418704117855756,-79.51955374154406,-47.69063928814295,-0.6458595177944764,135.2747566653372,0.0
2007-07-05,-17910.82341291388,-3526.6733802217955,15591.130494919411,-4431.7217532158675,135.2747566653372,0.0
2007-07-06,-5297.324559988666,-21793.525551794897,-14022.614932777982,11049.253027388213,134.77029728336015,0.0
2007-07-09,4788.628603284471,6665.034256111445,-730.8627445075136,-857.7487423997244,134.94862751111802,-3.713867438316811
2007-07-10,21952.790163083067,-6585.119942015653,-4975.488707122787,-372.5382773878272,135.08176190707104,0.0
2007-07-11,-8654.992902406802,-3371.992936818433,-3367.6716034835767,-5127.534472851156,135.68137313319315,0.0
2007-07-12,-7977.122783755956,8003.9382722766995,7457.325227953997,2251.9309049791686,135.41313348928526,0.0
2007-07-13,3100.315438604002,19147.572616224,1263.5977721995494,-3590.1442348720316,135.22106661706852,0.0
2007-07-16,9781.10495650992,852.3706837920668,-1553.5722590100115,981.0719494417548,135.3022453991278,0.0
2007-07-17,-4570.26206872051,-714.697154023544,-4125.718784598971,-899.2971832944954,135.5760486982458,0.0
2007-07-18,11544.498745031162,-7964.1808797887315,-11274.440140586752,-2197.198064218958,135.44197778154583,0.0
2007-07-19,-4516.740699904914,8213.479541391396,3742.0166448956356,2318.9328445786286,135.7281555018239,0.0
2007-07-20,13628.08241246577,-19693.761503325022,4186.1310466462,2195.524295856546,135.62869461316782,0.0
2007-07-23,-1424.0280010727456,5960.7902141856475,-2956.1560796902,-1801.51847887263,136.00352924707497,0.0
2007-07-24,5557.78054629913,-7943.810873990644,3976.2640747782943,-1482.1676152738048,135.95657246429607,0.0
2007-07-25,3657.7953657745225,-12504.203218160595,-3920.0883865345236,2787.9496285518226,136.09753086402407,0.0
2007-07-26,27433.29041245451,-67947.07437592567,-675.8062345562109,-7823.532488443494,136.19758919029056,0.0
2007-07-27,18.600032130356848,-4585.104112033117,1839.7980353960709,-7600.896483502213,136.84204557659132,0.0
2007-07-30,-5254.62691559574,10289.96583687647,-1107.296864120581,5719.339609914012,136.80053977799116,0.0
2007-07-31,7479.131639770805,12982.655702651105,-7405.746532347216,-2632.7652770146615,136.69973744094597,0.0
2007-08-01,1851.3554001594096,17198.74863595279,-3673.909957181685,4878.116367744218,136.88357996236093,0.0
2007-08-02,-3301.925192249628,14869.766047402436,6829.386213457097,1416.5628918226043,136.96673458953455,0.0
2007-08-03,15676.660535360397,-65482.94510305416,-16765.362422510912,-2991.4409518497637,136.90726655147313,0.0
2007-08-06,-1377.4907147991314,-14913.218084792783,6576.487355105965,-652.5595104237196,137.23478648182646,0.0
2007-08-07,-11291.144060524302,49928.22996401064,9692.041065018106,1535.924403984263,134.94862751111802,-31.16993486865249
2007-08-08,-14125.081399812902,-2513.9054264131446,17650.902987332607,8922.767627693456,134.6856757243668,0.0
2007-08-09,12835.182602778626,-112457.5839573605,-748.1492736693267,278.2096668525531,134.3543715018378,0.0
2007-08-10,-1013.7975774381233,-21944.597704972974,-15776.573966034557,-1326.062728840014,134.64589037267334,0.0
2007-08-13,3434.6422021367644,9004.701031812718,4072.455783673553,3226.940539070635,134.57659439517178,0.0
2007-08-14,8592.265527003008,-32800.8377688289,-30.179814777695025,3961.7976847095583,134.7043090470971,0.0
2007-08-15,10945.820838639114,-93950.32907130486,6128.712600269457,-3379.7994408908885,134.94940435897166,0.0
2007-08-16,21920.60427238609,-82029.32955780109,-31977.96949959597,-8357.414584707947,135.1841220190923,0.0
2007-08-17,-15274.813979888406,14106.882796093385,19846.545285284483,1188.9047676390023,135.6666371960369,0.0
2007-08-20,6774.083546378069,-29319.796924738337,-17501.5889206808,9750.491798244462,135.2786760553047,0.0
2007-08-21,7800.219223366857,-20789.059339021598,-7701.650069155759,452.6631892408637,135.48436259911523,0.0
2007-08-22,-9188.927353771987,65372.74751537627,10984.354089884624,3022.155710485768,135.68457689240148,0.0
2007-08-23,-1319.2289167769534,57192.200057671485,3454.4132920220986,768.010937199297,135.50151713043076,0.0
2007-08-24,-5440.653193908457,104963.1372492849,-6856.19116398874,-2534.282313070615,135.5127538473769,0.0
2007-08-27,4083.542322455447,-5571.292301769112,8790.005524691354,2652.264705438484,135.4120979288659,0.0
2007-08-28,16706.31657079199,-102054.71414511869,10164.855648327304,-4878.295964330218,135.54730695959879,0.0
2007-08-29,-6170.870730785849,-3585.381934644984,-26575.39819737372,5872.270373412616,135.925459746813,0.0
2007-08-30,12221.026099115767,-13720.31109274017,12920.643195219689,-11360.16119086599,135.75434643187307,0.0
2007-08-31,-6313.175648489099,46040.13060122884,6032.379063634807,-5874.040033928882,136.03807800645956,0.0
2007-09-03,-7.601431966743293,-79.76485913362728,-47.85561716780805,-0.6502809771743133,135.8721892453529,0.0
2007-09-04,-1067.641600367562,-22082.37253755035,-15888.164029204194,-1345.0136368377491,135.8721892453529,0.0
2007-09-05,14805.062572674611,-28433.200954165903,-5523.664915748565,-983.145330271723,134.94862751111802,-15.332778988453356
2007-09-06,-5787.139506415304,26806.597218694536,973.2377667292841,-2182.106481589853,135.33662854390784,0.0
2007-09-07,25108.659117968942,-63601.12968820041,-10329.649639037229,-1111.7732189599374,135.1834579102965,0.0
2007-09-10,6661.880987633163,14955.27678497738,-12218.230942587403,726.8401578494453,135.82734408903414,0.0
2007-09-11,-8324.9502017186,58554.84983957247,-3611.9567583835774,3181.744918409057,136.011331661194,0.0
2007-09-12,-5202.046807459907,-20236.32612851631,-16991.64331044404,1929.4370196467828,135.8389533837505,0.0
2007-09-13,-17417.724988165857,43675.27294720823,20089.535031877946,3226.287820106263,135.67324139500835,0.0
2007-09-14,5293.017196025278,-4252.826190863772,-3753.3125439630094,-7373.425519956069,135.26568584471968,0.0
2007-09-17,-3173.3925894652307,22899.8063657493,-2821.678146254101,2945.9702483696683,135.36589570725934,0.0
2007-09-18,1252.1316872676302,-91278.47273487419,-11669.350530862243,1435.37780100901,135.3068424619629,0.0
2007-09-19,-4243.3971205832495,-42162.06679129937,14786.057675410726,1398.1360708901345,135.27222934878253,0.0
2007-09-20,-23697.001337663005,-24066.384685148223,-9095.355220217632,-3347.712690909539,135.1490152331653,0.0
2007-09-21,8187.574333162252,21069.430641858657,-18722.171093893707,-992.3397535559866,134.43658877716751,0.0
2007-09-24,1197.728652984955,2033.466444285886,-6720.083192493815,3307.696281937855,134.6636473785423,0.0
2007-09-25,3896.292794168067,-48490.08674933322,4387.00064902168,-9976.442662329813,134.71033704725156,0.0
2007-09-26,277.3331151217979,-23522.986236534063,-14772.222164308769,7835.79957261976,134.74014056398298,0.0
2007-09-27,7613.117604667803,25881.420276950066,578.4805942633066,-4413.096627464726,134.75803663378414,0.0
2007-09-28,-1330.674358047596,18515.349125155735,-2805.816128575437,-4460.588042112489,134.9740576169067,0.0
2007-10-01,484.57016522321305,66033.00124628829,9430.021488416514,3971.747391254619,134.92124782375734,0.0
2007-10-02,5170.01049548761,-16821.61713672099,-3887.0516329215325,-4649.749673759837,135.01413134987263,0.0
2007-10-03,-4739.166945999766,19126.91799496327,6752.904199040148,8787.520866341918,135.11993013664124,0.0
2007-10-04,2984.7387230241543,-2331.3814199937196,-6713.762484732392,-4074.5434458089444,134.94862751111802,-3.8059515290842683
2007-10-05,-17495.976209334607,-14404.029201735624,966.4778868235697,765.465874636877,135.00150329242823,0.0
2007-10-08,-7.166988123150003,-79.21487123749671,-47.48296156673843,-0.6399915834746815,134.50481251085978,0.0
2007-10-09,-5950.3527270460445,50133.086229216955,4114.806436249243,1612.0788231917484,134.50481251085978,0.0
2007-10-10,1748.1192167891254,8892.883733309314,5916.737016846107,3193.8999564978712,134.38193050855622,0.0
2007-10-11,401.1792026564435,-23492.058699392448,-3191.6745612713535,-3772.882831468839,134.46321627968894,0.0
2007-10-12,-9975.082479247429,42136.356817904154,26963.738507168036,816.2780633054803,134.43443822364895,0.0
2007-10-15,1768.5934947200797,-8075.187673355422,7634.348660709433,-1507.7053401508063,134.2127427553282,0.0
2007-10-16,8353.75622677059,-62953.2006556619,-15781.062966184922,289.0869817849734,134.25921725945685,0.0
2007-10-17,17336.032574275818,-30614.115858167635,-12156.624604924209,-5024.614813243149,134.4403793834029,0.0
2007-10-18,8963.074076793335,-18588.299466330773,-14345.925567015323,3771.629494799006,134.87868778241338,0.0
2007-10-19,20931.126054209406,-24068.364380327406,-11030.566103613393,-5951.854212065437,135.12523992538712,0.0
2007-10-22,-4996.790160007348,39931.27402100066,-2702.4524998314155,7698.962098185141,135.65600226912554,0.0
2007-10-23,2678.6383659938174,-33666.774131227445,-2247.1401778425134,3079.3316042903757,135.58478541341242,0.0
2007-10-24,10683.188775306839,-16569.337432808148,-9490.73269747118,-4602.036434566332,135.65002389307034,0.0
2007-10-25,-2306.8245293617947,-10775.401666788264,-3168.3466540506597,6023.469188837205,135.89901001949886,0.0
2007-10-26,-5459.279558322408,3300.4170818030907,-2193.587882134044,-6026.719014487448,135.8575300542546,0.0
2007-10-29,938.1131367431162,30058.6517563133,6161.21154023779,2901.3309584991716,135.67394440614984,0.0
2007-10-30,-3499.7332443354203,8655.675088815125,11556.596325279645,3158.8904785015225,135.7447409823516,0.0
2007-10-31,-16092.771086677805,41323.18996325672,15262.103884969096,-911.7077402694352,135.68541194947582,0.0
2007-11-01,23242.672571643136,-47456.12913003546,-27653.26866818554,1967.8689407081486,135.2836542225979,0.0
2007-11-02,12154.6468172693,-58548.97176245671,-9849.343282075675,-3891.2804002472,134.94862751111802,-13.637566162040457
2007-11-05,-5313.0683696626475,3289.852588192533,-2185.64626998098,-5982.13617498836,135.2202586548383,0.0
2007-11-06,-4405.068255642896,-13282.198364559848,-4252.3662582520565,1799.9567585362897,135.03751302048866,0.0
2007-11-07,8305.31156063504,-68543.12586448636,6314.015945595284,3673.987294228,134.90822471361483,0.0
2007-11-08,13552.010960482223,-97967.0720247956,2343.748499499681,1721.0042623022698,135.12650176079808,0.0
2007-11-09,8571.829596425938,8573.074482684948,-18968.61720251038,1697.4661855505158,135.45795080132407,0.0
2007-11-12,-7.4756670920945085,-79.74267866762827,-47.82849385415088,-0.6482210561999382,135.69506067007356,0.0
2007-11-13,-9650.98075055751,84445.92861232386,16028.240339235273,-634.2398944032095,135.69506067007356,0.0
2007-11-14,-3128.8634030866147,18453.567695725626,-950.3800939249086,-4521.866636816899,135.49873664107068,0.0
2007-11-15,23962.308753489302,-102702.56172480814,-36019.209398988576,4510.764343680074,135.3980152111034,0.0
2007-11-16,4056.3642920781067,-1907.830074029435,1070.0715358560967,-3273.953215113797,135.9865943496814,0.0
2007-11-19,17438.29752082334,-69255.16798392593,-20522.531422294764,2207.982245343232,136.08201085005896,0.0
2007-11-20,3869.4435884260433,-46129.5143327789,17142.843268811885,-5167.516942871792,136.50709117215231,0.0
2007-11-21,16419.15871486328,-88774.69201253574,-12089.137518576958,-5976.678065852245,136.57320470936313,0.0
2007-11-22,-7.78231300518563,-80.29136761209128,-48.18610468100703,-0.6565596280659997,136.9163449263499,0.0
2007-11-23,-3604.964875290168,72249.14034160781,12339.240359376738,-10530.638093075902,136.9163449263499,0.0
2007-11-26,31849.032250420543,13059.885654565422,-9338.991428728907,-3938.2466552021674,136.8257886613276,0.0
2007-11-27,-24133.933151242985,23789.63235811288,3196.2248961882456,5262.665469775511,137.67974276871055,0.0
2007-11-28,-17439.27079725735,51918.52835191634,815.1314921512985,4032.996041894642,137.09119568365062,0.0
2007-11-29,15569.60839762717,-28677.07034995721,-17280.50979701693,10882.879871994528,136.68117915087242,0.0
2007-11-30,-2228.040550062775,-53524.083948885636,10012.829708972251,-5183.815228644372,137.12746878295536,0.0
2007-12-03,17828.841618202758,-60266.597619182925,-10594.738940426761,-7102.453686104223,134.94862751111802,-34.755436688843474
2007-12-04,-7.464837737683713,-79.5437263197905,-47.71003910970414,-0.6467226580429765,135.36532582522128,0.0
2007-12-05,-3378.8090387713373,-38072.11050195992,14867.614744077006,-3668.2613356063125,135.36532582522128,0.0
2007-12-06,-19062.286096171105,20325.823085164568,28399.964491555715,182.13560695920359,135.24037224045532,0.0
2007-12-07,-17224.154612043592,2621.9473964905965,-764.9525269860751,5484.402929091134,134.74766963643185,0.0
2007-12-10,-5365.771524892299,18579.08242062074,10506.704631220993,-3686.998498461848,134.28197975917845,0.0
2007-12-11,31146.680803631418,-71344.78568291805,-17727.016949548608,-3312.322729086952,134.12908811284555,0.0
2007-12-12,-14130.204862002553,60319.23212892612,18373.915933825057,-4505.10885173886,134.967203912056,0.0
2007-12-13,-21235.33365876015,23382.600255259,14696.12293905363,-6528.557683011013,134.5998599442082,0.0
2007-12-14,-12348.835409334557,37111.57787059824,11353.35030057885,4146.466940251256,133.9824577738201,0.0
2007-12-17,8485.89977579505,-22917.693185681153,-12394.178133935695,-3593.9440555103347,133.67808629908507,0.0
2007-12-18,8863.118807675071,17020.334920152556,-20574.706118101258,4018.3346772806376,133.88286538306997,0.0
2007-12-19,12413.73423860955,9142.037086901124,-14770.879295920407,2556.2992507453805,134.1580894002237,0.0
2007-12-20,2899.883257542205,-10405.134206686575,-8699.267341448223,6012.65801733743,134.52869060464963,0.0
2007-12-21,-21011.555111459453,-17024.33496161799,1721.110784272906,-3408.9041140750223,134.62912340004448,0.0
2007-12-24,-8756.626485667977,9526.689554827806,-5135.385492718997,4643.092682640144,133.99441342119394,0.0
2007-12-25,-6.88393832712675,-78.948420703036,-47.29431332366082,-0.6339037940281385,133.76057614785168,0.0
2007-12-26,-10970.598362580895,5310.75459783354,8145.418474302695,-1919.237700241951,133.76057614785168,0.0
2007-12-27,12429.330184557002,3475.693787037225,-2290.1456606594074,5064.372170227336,133.4344388813918,0.0
2007-12-28,17926.241931543824,-15934.225076637653,-18622.17082061461,-4360.142014722041,133.8420740180463,0.0
2007-12-31,11280.179453030312,-5483.12616745625,-8265.4173036015,1931.549674213339,134.3230268305388,0.0
2008-01-01,-7.354480301302433,-79.36056186930205,-47.58976773802876,-0.6438176024848234,134.94862751111802,-2.3831087626628578
2008-01-02,24817.858475533983,-50973.121765992575,-10179.818156902844,-3799.8671801496826,134.94862751111802,0.0
2008-01-03,2205.599107733285,-48724.791786995775,-5349.3952577646705,1628.9609268647848,135.5913901175585,0.0
2008-01-04,9415.319121281489,-60985.65450627269,-1320.1006569247522,-7298.7734648546075,135.62148599464297,0.0
2008-01-07,1946.103409322679,26034.686930879292,15862.733274186698,-3748.2006587546084,135.80119683805518,0.0
2008-01-08,-406.77543110594,-6221.166441546404,4726.344913759829,1765.7240369732194,135.87292191929262,0.0
2008-01-09,8973.167062652932,-29310.87258938802,-7775.025738607551,-1922.599341899853,135.87292191929262,0.0
2008-01-10,-13066.954129338406,-70911.75920498415,11251.08019372683,1717.9296449880528,136.08309145940572,0.0
2008-01-11,15932.816691114427,-45202.67461295134,-7628.56039013012,6829.136852052287,135.6938368825928,0.0
2008-01-14,662.7667114218925,12260.340897033502,-21278.761896330354,8269.927135697464,136.1435382044662,0.0
2008-01-15,14029.605393604474,28823.56013182945,-2051.176810891978,-220.67421595607289,136.1916445465694,0.0
2008-01-16,-1807.672003105039,-42695.70552621925,3299.0605233477845,627.9763120777758,136.60173818715427,0.0
2008-01-17,14804.889108678486,-3006.536625476008,4424.648666683489,-5654.653877146877,136.52924540384248,0.0
2008-01-18,4200.773454989944,-78872.81157795405,-5655.970753264042,-408.7806290117117,136.91084905238117,0.0
2008-01-21,-7.872885694917889,-80.25441399671872,-48.17444750864207,-0.6576882922427534,136.9594354925214,0.0
2008-01-22,32201.263940854366,-161874.9910083874,-13265.191359861132,3024.1885525678053,136.9594354925214,0.0
2008-01-23,74.66371409211597,8956.487606986004,7924.359944830928,3281.71520976012,137.72819492655827,0.0
2008-01-24,-32331.07548479573,24675.200244114127,-11863.445393799619,6851.25070833633,137.76503002073628,0.0
2008-01-25,9583.866257965483,45544.61540254115,-7931.774286117841,3699.5592492096403,136.94140094132814,0.0
2008-01-28,1361.492165999001,-27908.289073003052,-5204.056457561573,1310.5769557603176,137.2514877996409,0.0
2008-01-29,-13527.76622287644,22187.103287396683,10411.852734281729,-9949.373409213227,137.26977428688457,0.0
2008-01-30,-12835.090090587013,-58660.197977845855,-17673.24368724964,9033.5831281713,134.94862751111802,-34.354415044086636
2008-01-31,19943.092434363825,-30111.962133536912,-6258.285182447781,-4170.7879040582775,134.56837411795394,0.0
2008-02-01,9992.802061543853,-35224.64502855472,-4846.618146823468,-126.1441346554506,135.10455484945587,0.0
2008-02-04,-5848.937483918561,-45862.443163943164,-13422.611963240764,-5230.4935532325635,135.36216127060948,0.0
2008-02-05,16322.776190962915,-79530.61206906669,-13784.792795870924,-3496.356268057328,135.11724740658045,0.0
2008-02-06,-3209.4002326143745,-3180.1742595676083,28898.036845512936,7489.221005525625,135.50110751600175,0.0
2008-02-07,-18536.89519418932,-74263.05147942793,-15256.939497429834,7536.896745975235,135.48289370353885,0.0
2008-02-08,14440.988542163332,14507.344221388628,10441.915987329307,10.554132821013347,134.92187347580705,0.0
2008-02-11,2649.9857302133605,13063.930535737905,6031.971906437621,-1832.6073484266317,135.3754038778557,0.0
2008-02-12,-6127.233386742543,-26036.170892556704,-2539.9261286197925,4475.933275033332,135.45917699741582,0.0
2008-02-13,-2971.6428637498348,-66120.00321734746,1976.268100250051,-3207.726452679142,135.28567534880577,0.0
2008-02-14,-17928.600305592885,-95764.87591795226,-11627.702368068181,-4647.385952539048,135.1369346488113,0.0
2008-02-15,10102.32075721176,54060.709272201704,-1848.647942125887,6766.791445793624,134.50281661695988,0.0
2008-02-18,-7.023356100987393,-79.5559807757157,-47.66793257891831,-0.6400957285188609,134.8873651841402,0.0
2008-02-19,-22234.97454965781,50265.16069692544,-9195.96678480345,2174.870021651832,134.8873651841402,0.0
2008-02-20,-8329.985863357637,65902.41410035056,-20898.83437855454,3804.6327239114175,134.25920564022675,0.0
2008-02-21,26342.78857820001,-41062.12912069014,22858.780624918665,-10418.440825399326,134.04648018566982,0.0
2008-02-22,-2838.5644752182584,-27455.359703005983,8221.244094035645,2015.374024664248,134.80337292594223,0.0
2008-02-25,-22056.12498455374,46547.51743774905,-1479.4671190979661,8007.328650978159,134.72047303601218,0.0
2008-02-26,7589.90475221545,-56647.620612872364,-10929.590517074088,-642.178570063033,134.1346233569241,0.0
2008-02-27,4088.237147035552,-12000.744154807266,3874.5852437221592,3536.1923704906026,134.31247055761335,0.0
2008-02-28,23626.017085937885,-27166.370833311936,2605.903230404685,799.5018894587132,134.94862751111802,-13.53545218269052
2008-02-29,34671.148281284295,-58786.89461086286,-9925.160759212196,-5248.692787531131,135.6181629676842,0.0
2008-03-03,1800.4002089312874,-38748.98399818282,-8218.059019083963,-5304.462158966882,136.51212715875096,0.0
2008-03-04,-12863.688453941737,-47744.60682430032,16414.36505593204,-7110.010201304493,136.4939856811887,0.0
2008-03-05,-10084.307482682721,-47876.17644714024,-6839.54037837939,3957.2194249944628,136.08851934194237,0.0
2008-03-06,14651.071979286315,-64423.14032164322,-10814.769419048278,10472.753666849036,135.78766644911897,0.0
2008-03-07,6227.560181476278,16893.52710163118,32550.435447544012,4865.66599314164,136.203863303113,0.0
2008-03-10,15576.869589976843,30981.78914685193,-8792.677958383096,3159.316501461055,136.45784982710958,0.0
2008-03-11,-34493.80795413591,140569.95632954492,12868.080655207697,10044.524773347612,136.9201620007217,0.0
2008-03-12,21438.965376328462,11281.93766949309,-25304.906412447366,-6576.00694761082,136.16056719392773,0.0
2008-03-13,-8582.64319366542,-52377.14276042036,-6845.772815685624,-3566.4286158137493,136.6945763151701,0.0
2008-03-14,25774.80720435112,-32978.47446234639,-22754.655994732613,-9227.873435533902,136.39690741904758,0.0
2008-03-17,20120.723723167735,-44948.6309768697,10022.052832436784,-4120.021590674358,137.00565821622564,0.0
2008-03-18,-30113.089827453765,117005.90210673747,7914.949057085071,-6582.300100992135,137.50832027255552,0.0
2008-03-19,15333.087192971456,66570.47184245482,-23065.577762349047,2626.912510426985,136.7676758176188,0.0
2008-03-20,2039.0388173398574,73279.79454230522,12606.057642956166,3153.749290354853,137.2201442852297,0.0
2008-03-21,-8.294989704492833,-80.20843827738271,-48.19451661177465,-0.6637946688633429,137.3617392625135,0.0
2008-03-24,-44912.75825089701,66541.60228675134,-2010.6986515092074,6013.730148545346,137.3617392625135,0.0
2008-03-25,7411.779852211864,-7819.032369778447,-9539.634611363846,10414.814563926255,136.26932032750312,0.0
2008-03-26,5315.85053577357,-82617.00374829145,4086.740675080391,-7139.29333605405,136.51212184040784,0.0
2008-03-27,-8635.550190193388,-18031.94395486662,-10332.277864767946,6104.565800132414,136.56071198559232,0.0
2008-03-28,13327.63928650173,-6304.781171954749,21717.40279968834,1124.7904582533693,134.94862751111802,-17.32071579442345
2008-03-31,6619.893639547055,-19189.88251366577,-8712.421937521478,-8802.044652986311,135.36261095728057,0.0
2008-04-01,-26406.669863742478,63898.332683929075,8302.15365577979,13669.892929275196,135.4771798108562,0.0
2008-04-02,-7177.35054017028,70420.36703327739,-13077.259146010852,-355.0681603662461,134.8644579578755,0.0
2008-04-03,-3868.1702749315955,10614.741194785003,6668.113463703821,6414.634708326966,134.69086003750618,0.0
2008-04-04,17109.230546228868,4.22905616337854,13226.897592734505,-565.0306630678958,134.63105812624622,0.0
2008-04-07,-15714.409716885042,59865.3416455566,-989.5284725781279,6350.535038556704,135.13962406685195,0.0
2008-04-08,3763.649923566035,-66124.18666992916,-22820.82972509384,-4731.836239850778,134.77388946863297,0.0
2008-04-09,16785.465191668918,-31978.5763637191,11881.116255966337,-6737.881630901825,134.7803762541034,0.0
2008-04-10,-10337.373486792661,26136.72426713539,-3096.7139531631387,-3077.4583691955577,135.21792288763058,0.0
2008-04-11,11955.577052025275,-30619.92915137774,3008.913334298993,-4341.782425252525,134.92393384596429,0.0
2008-04-14,-6177.527384947185,-21510.242139567723,7185.200369472912,223.2324711940705,135.22397393200606,0.0
2008-04-15,-12354.554969485474,-5204.920182952962,3237.612359123135,4047.4289535661524,135.04397876495514,0.0
2008-04-16,-22392.121642079317,15632.669955097803,22313.303607503578,4355.073767720489,134.7150187866241,0.0
2008-04-17,-10796.127997273252,104938.02484550168,25655.049601565435,-160.1803756633244,134.13212088954427,0.0
2008-04-18,-4417.92976791815,61732.39404684153,-14906.86356051649,-2652.639000441469,133.9179190729836,0.0
2008-04-21,1632.980643524134,29397.07168439928,-3472.9750207607153,2049.549034521012,133.79940259945326,0.0
2008-04-22,-795.4088074230162,42112.01189813621,8069.335530198904,157.34924190318398,133.87589517798915,0.0
2008-04-23,-2698.8429693364774,-34387.59057563349,-13979.387981870575,1318.521672571716,133.89319699988818,0.0
2008-04-24,-22334.670748297573,88752.48705948112,14362.79674049129,8957.70006632082,133.78140656831215,0.0
2008-04-25,-7043.698834601202,-10907.196887225156,2390.9899900536893,5774.064835989948,133.2569386707135,0.0
2008-04-28,9905.517492180663,-27051.92998078124,-14411.032287176093,1422.4961482657518,134.94862751111802,-32.67127155481285
2008-04-29,3115.0013756563194,2104.1646260376365,2998.0916813166064,-8338.07559435824,135.204795163562,0.0
2008-04-30,12419.901273202073,1387.7287510174772,4377.790331610818,1845.5236128501933,135.25250421169255,0.0
2008-05-01,-5215.8017206330505,55270.10856969787,21688.334183476953,-1798.7657852846794,135.62318312683482,0.0
2008-05-02,-18581.11295767555,12761.775679709017,-3593.572248031312,-1331.1051063396794,135.532982913529,0.0
2008-05-05,4004.985421502858,-44035.68254746827,2521.7983315719543,-2598.033042100846,135.0136529811518,0.0
2008-05-06,-3603.5951307192727,-72812.23694904696,-10699.07410877489,-3102.592641351533,135.0853553275703,0.0
2008-05-07,9502.038837010887,-24272.015346096006,-1824.2559160701705,6349.774864107278,134.90181450023744,0.0
2008-05-08,15231.894924258953,27958.23403854668,-9741.905807918092,-13524.36318976707,135.1933277580854,0.0
2008-05-09,260.57096487337304,-15578.060763451731,25018.55937911384,10279.879248746747,135.56356901932273,0.0
2008-05-12,-3497.096748225806,33856.9278814192,11823.918440554924,-2270.583985104684,135.64735740549173,0.0
2008-05-13,-24701.385908711047,59552.70232324385,8319.38421926923,6228.664625159251,135.57523372444663,0.0
2008-05-14,-6132.114766485966,37661.94401851183,3987.2252187685617,4316.2137380124705,134.9720934108283,0.0
2008-05-15,15898.106130279117,-10996.595024061347,12086.520135963037,-7078.080854047345,134.85296364137096,0.0
2008-05-16,-3548.9653249263283,-277.6722642890899,3669.471825099797,-58.13110872867476,135.27566159358372,0.0
2008-05-19,5206.905319541365,-21249.344334983398,-13602.880839313959,-413.3197186071418,135.18018121003868,0.0
2008-05-20,10235.274834834518,-35221.42329558158,-4848.207240968003,-126.66464721318482,135.2937334358018,0.0
2008-05-21,-8590.347424900614,39686.69673761853,1024.0332171434302,7640.673571480336,135.55108326566827,0.0
2008-05-22,-21973.33602942226,51094.20379650672,6385.76629780513,3879.5916205092553,135.3833146389643,0.0
2008-05-23,13915.160153099781,-28833.9580356108,-13285.819312426735,-1816.9271279852985,134.83493090401686,0.0
2008-05-26,-7.495322917283123,-79.40996886741871,-47.634620624233534,-0.6462891897380767,135.18620159867342,0.0
2008-05-27,-15201.639293700515,9605.18567442293,10039.893500030534,5421.611491735719,134.94862751111802,-2.397398851417165
2008-05-28,-14798.319049390513,6035.7739639358515,-19913.82237007918,-1149.2744705519915,134.5628444033377,0.0
2008-05-29,-8275.794661500153,-572.2750403570566,9190.969697100181,-142.10198524175772,134.10884435824843,0.0
2008-05-30,2697.0433561918676,22705.425387671214,-17912.287477623337,2180.7707579130933,133.87394052600243,0.0
2008-06-02,16583.869104511592,-78576.4219246416,-5951.4425226897665,-2629.8122798613203,133.96181365990748,0.0
2008-06-03,10096.100069478829,-7594.394560601559,-1608.4831402432958,-1366.664670274878,134.38056943667488,0.0
2008-06-04,-8907.886141208022,-40665.202180442735,5861.215136709115,3782.473462508312,134.66437419144336,0.0
2008-06-05,-10703.117256734056,4222.7204398255835,-18800.059222904612,-4358.935600809816,134.40464504733566,0.0
2008-06-06,19719.4235388588,-15092.298298524081,-3164.6805640998627,-2719.131522337142,134.0459126037255,0.0
2008-06-09,-25643.996780094483,241341.70878371774,31454.823857760217,3303.4264715524732,134.6118308464648,0.0
2008-06-10,-19203.16902691415,83059.33984825642,26944.922204658444,-793.8025007852615,134.08394280767507,0.0
2008-06-11,4990.877124999912,-70972.90268120266,-2541.1998991394194,-1295.2404508396603,133.6077376100004,0.0
2008-06-12,-23785.456520098876,104051.26840749715,-8583.224732744366,-1161.583084486698,133.69636827308972,0.0
2008-06-13,-5416.078883123777,857.8358205230194,-16524.957101446464,1537.150606305446,133.04833901026214,0.0
2008-06-16,2613.8670213568953,-2274.602569911235,-18069.300315986202,7412.405947939907,132.87471459733516,0.0
2008-06-17,6491.135208241846,-66287.84414366538,5228.685013816616,-5400.059672647438,132.97338082735936,0.0
2008-06-18,10935.468848809862,3336.9511206682864,11006.36051142782,-6389.445058354481,133.10198446113444,0.0
2008-06-19,-12276.319544089636,45038.12006847699,1824.4189856665646,5645.571208839084,133.4159137378465,0.0
2008-06-20,12832.132290989852,-45453.01361249425,-11444.952706519429,-6416.393255895261,133.1126689004591,0.0
2008-06-23,-8607.95559098085,72590.07795433655,1344.3175772073055,4472.163373848585,133.42188605981394,0.0
2008-06-24,15972.42101169869,-38125.19688281804,6942.826668663873,-5688.704658643899,133.24029575096657,0.0
2008-06-25,30.913109955843154,-33186.78365108987,-40024.65975582455,3045.5816694467158,134.94862751111802,-20.353786949213827
2008-06-26,13685.80413492652,-79919.92786980237,-19681.24689046717,-4353.330227168464,134.89602409034805,0.0
2008-06-27,12221.372844972351,39141.92862875375,4789.481191698859,-6242.164741591169,135.1870941596639,0.0
2008-06-30,1781.97450177462,-17061.53330891432,-172.46827926553112,-4737.462719478243,135.53757950774417,0.0
2008-07-01,-1239.9968670434614,-19285.247252234087,8394.828677168558,-8111.467069737701,135.54964227611268,0.0
2008-07-02,4662.929496860627,5912.928629121807,-18203.385881158716,-2509.3023893058153,135.46636875746555,0.0
2008-07-03,3071.007572776051,-57249.76225838104,-5413.894447414771,-741.658667141785,135.56774533155672,0.0
2008-07-04,-7.441556259248216,-79.70969863598559,-47.80524705218857,-0.6474815758435819,135.6039835232659,0.0
2008-07-07,7883.887822974273,-33408.26145567764,-7842.331093777902,3160.2104367689544,135.6039835232659,0.0
2008-07-08,5846.06856641746,32396.15298823723,7361.640488147793,-5449.27212332597,135.81321073130317,0.0
2008-07-09,10901.337222483817,-15832.506473924896,8009.714968091506,-2956.7971666655253,135.98057138909175,0.0
2008-07-10,254.70105402461456,22312.873507787088,25542.696372579918,2165.9228303638997,136.26881960509547,0.0
2008-07-11,-25341.70534378128,38201.9397375412,317.8234729875413,5772.14804796135,136.33485549985718,0.0
2008-07-14,13108.263856045078,-46496.511075986586,-31066.270214396725,4312.999079716183,135.69890986627618,0.0
2008-07-15,8302.511208378135,-66950.88970068126,13153.800103848356,-4743.610050509359,136.0224844655068,0.0
2008-07-16,-15317.52560966208,-43765.914116584754,8548.906234034725,-422.94663029116055,136.19685004925242,0.0
2008-07-17,-19977.396491776344,59566.487035350576,-5082.596074740458,5468.681766890051,135.7478652219721,0.0
2008-07-18,-8705.15952827967,49838.80985734091,-1801.678010165507,759.6131621589351,135.24741988174702,0.0
2008-07-21,2146.626794526216,15054.081429447946,1188.942413277179,1465.689357511024,135.03364183339443,0.0
2008-07-22,-9920.497801709489,35088.855300852694,4753.687034536778,124.73563307159831,135.11633830896048,0.0
2008-07-23,-5780.669874323813,33995.17410339803,23271.569089595334,-1470.9852981156307,134.8616182132779,0.0
2008-07-24,24132.580857447843,-70382.04734480109,-34553.62894190948,10668.146801751358,134.94862751111802,-3.6780697182111908
2008-07-25,-15942.309907275314,-5454.348119009049,18596.899355267065,-7743.042505068508,135.60827157958784,0.0
2008-07-28,15248.135268737036,-39399.359849911736,-8551.795271480878,-7479.305322611009,135.13878935812943,0.0
2008-07-29,-6670.694126194833,35332.58179928686,1036.842990385604,182.93971351820255,135.4954550674223,0.0
2008-07-30,2807.9095075813398,-7688.662077581225,15482.344481879898,-689.0571111768106,135.3346593761,0.0
2008-07-31,15937.464576674553,-49587.353122167144,-5739.231788599592,-649.123597401619,135.42373666975976,0.0
2008-08-01,3158.959153408132,6597.820603732495,1131.1130002202779,-894.8570535809162,135.82950675680593,0.0
2008-08-04,-1697.3323636882747,4276.396478882036,11582.035791882177,-4315.3280722648915,135.91917916096202,0.0
2008-08-05,-7828.500032287057,-28954.729454415014,-13332.562868118497,-508.3043836521716,135.8652668916843,0.0
2008-08-06,-4706.467189848128,-18684.72413972401,17984.655646206968,5221.31204199184,135.6088586903744,0.0
2008-08-07,23349.47743324043,-4483.572789951035,-11694.130219652949,2969.4664575517063,135.51355908076061,0.0
2008-08-08,-6400.164669728478,63197.21688530797,4291.793736102966,-1084.2612368722757,136.17714310992486,0.0
2008-08-11,-9967.770959463549,-4696.9315067983125,9215.658662730046,4964.133160832123,136.04484358315423,0.0
2008-08-12,16228.909564418984,-37060.785384249415,-5613.776076340712,-3369.7447574028392,135.80535143572783,0.0
2008-08-13,-6903.578912448684,22806.875927945417,903.1457012048674,2914.663085039988,136.20704662563872,0.0
2008-08-14,9543.10984211204,-1608.050167661632,-4533.755131574849,-3194.646873581273,136.05088657606566,0.0
2008-08-15,8616.71657145051,2446.9856255408718,-14259.022102183666,3493.2162342347574,136.29114443726814,0.0
2008-08-18,6397.781117251977,-17277.757614977923,-13638.288784630751,-5559.012598695974,136.5321651402684,0.0
2008-08-19,-494.59864787438613,-40552.31545953284,-3445.0204463301798,4020.153994473289,136.646966754741,0.0
2008-08-20,10186.830549038836,-25289.642048161833,-7733.016601637672,-7080.599045198091,136.6228872325474,0.0
2008-08-21,-11305.318394066568,37402.329598515345,-78.22873368246906,3494.6510911096807,136.83462629693278,0.0
2008-08-22,-7838.030809008012,62684.58448051735,6116.704023970813,-1098.20632299164,134.94862751111802,-24.633741680983803
2008-08-25,14369.271975527692,-21959.48333145987,-638.169725986053,-1923.0501423732762,134.76981699831475,0.0
2008-08-26,-1790.0968061031695,16855.92931533579,76.7256515315989,4722.284958020141,135.15688121566026,0.0
2008-08-27,5290.090726144363,-16813.592716614483,-3886.7760642031308,-4666.540311624103,135.1448270393308,0.0
2008-08-28,-6826.491293750745,47860.5664605785,-10420.727119680068,9198.195266742921,135.25244525256448,0.0
2008-08-29,-3961.3925701604608,-44881.14368879576,2169.9773977443256,-3554.663654802895,135.13277761377282,0.0
2008-09-01,-7.390361394804162,-79.3499590189618,-47.587528479015674,-0.6442917943231206,134.9721406871047,0.0
2008-09-02,15731.605350561958,-19869.505229894123,-7317.190905031788,1400.551088856343,134.9721406871047,0.0
2008-09-03,5510.811960991966,21683.759446781933,13968.647580448454,-11152.87041449326,135.40808982427012,0.0
2008-09-04,11813.853243587731,-7192.498576425554,6181.855167936941,-547.7818374782614,135.53382937335323,0.0
2008-09-05,-4270.54307727924,22507.44995109816,-10641.657373606085,2121.8339239122547,135.86448961693114,0.0
2008-09-08,-5019.383547966923,61438.839583436915,5305.892816945952,8224.96535523674,135.7620969335948,0.0
2008-09-09,10334.134476149491,-10861.750992801608,-22054.309330101216,-7228.803183560977,135.7198448817415,0.0
2008-09-10,-2816.4681714392123,-30311.285874032204,-4394.309725541863,-2948.1771055456093,135.93074844206933,0.0
2008-09-11,5383.053584085704,-13190.846336278484,-11636.265444535442,-10653.258961761157,135.81025637511553,0.0
2008-09-12,-16930.144519670055,-45711.32629294985,3602.220779296729,8020.528174275517,135.87657950261794,0.0
2008-09-15,57672.014981365595,-178793.88241747417,-51933.8284341709,-6321.268035072435,135.4262049886676,0.0
2008-09-16,-6089.486259273205,103929.44871455563,7709.26884505081,-5120.286672858999,136.84043108362957,0.0
2008-09-17,20362.032780646317,-169768.5110137079,-44052.59834971403,13200.726853452295,136.7308162037918,0.0
2008-09-18,-22964.9009110818,52509.79944470446,-14101.394099360403,-7133.419572992626,137.18241125261352,0.0
2008-09-19,-53879.986118024295,121252.97753761092,55698.804622595824,15850.366375621728,136.54248923434108,0.0
2008-09-22,-4557.945979813346,-56182.510051800724,-20200.10608266268,805.6134867651049,134.94862751111802,-7.133099976184894
2008-09-23,-432.9331944907146,-32097.990377661332,-1405.718629776659,-6157.105175516337,134.75894643100995,0.0
2008-09-24,12155.502169131649,-45229.01998109029,19255.326950091807,-16534.981800493595,134.68811280209601,0.0
2008-09-25,-17336.76035186411,100489.5452831569,-47016.12614227738,14014.045614606224,134.94399027200822,0.0
2008-09-26,6627.585944360724,-8569.261140433793,-15282.580120313027,-3055.2070673632998,134.53376257292567,0.0
2008-09-29,51809.303119047996,-135514.16041299026,-69772.6333811821,-17721.921198235752,134.68811280209601,0.0
2008-09-30,-44410.69245162742,81471.01384725817,26199.293711302576,-3680.116701647621,135.9394950020124,0.0
2008-10-01,18957.56252845089,-63725.22671787714,-54020.335489849625,-1972.3719207311406,134.75464542795257,0.0
2008-10-02,24035.56786447873,-104017.66188150343,-2110.803276529919,-8828.169914758655,135.19618431874608,0.0
2008-10-03,6057.99315247107,16981.090770606035,-5438.779581834997,-7694.378843055951,135.7779856873329,0.0
2008-10-06,27751.6869949485,-38146.78418028329,-4151.541015497727,-5670.248625541871,135.91626681694126,0.0
2008-10-07,-3407.3229446394303,8678.934462680652,23336.86986668291,-8677.31164543511,136.65456568473567,0.0
2008-10-08,-33857.0869272748,64184.02487598238,-60321.35802102187,-11619.662423114498,136.54511240820938,0.0
2008-10-09,-11739.014406150824,-42127.88682502287,-55438.09846450468,-11180.283857054086,135.50832600332257,0.0
2008-10-10,-541.8544865317575,-41969.623645590895,-15122.165177298697,-22545.376239740024,135.00874796803436,0.0
2008-10-13,-6.861005707872191,-79.62848033722331,-47.69251739550256,-0.6381145855207047,134.8201180261187,0.0
2008-10-14,-30769.36237671733,57530.44872615392,-17285.57326721655,2734.4980614835517,134.8201180261187,0.0
2008-10-15,13353.134950044021,-116163.4530037416,-32511.65728723995,-6142.936707828783,133.9185637162005,0.0
2008-10-16,5711.888528921363,-19282.65402039036,28984.38809557964,3634.7762621747515,134.19144603254767,0.0
2008-10-17,-2635.703985132879,-23128.365508343526,55643.6053003174,10089.044028227274,134.41452247788908,0.0
2008-10-20,3016.3507632961478,97048.01501964028,31170.66483022271,8406.575481404614,134.43726310161185,0.0
2008-10-21,23626.71147094522,-48756.95234788485,43904.774050632965,1090.5181987960477,134.94862751111802,-18.01770268638211
2008-10-22,16051.033470153672,60164.775686289795,-20016.470159976736,4386.548524438667,135.65346839889995,0.0
2008-10-23,3336.047242919669,62488.02567389094,-32259.270284393864,-3425.013381009562,136.1470991374934,0.0
2008-10-24,-16383.519058861188,-72196.79896705615,-583.040882418335,-12686.841676286596,136.225633772546,0.0
2008-10-27,-4177.244050392912,5415.808113732728,-8894.325027669614,-2663.9848775893865,135.65954074327408,0.0
2008-10-28,-13983.476827587081,-12588.963374361489,-5643.036492691855,-8413.644194214367,135.52167079857682,0.0
2008-10-29,-2824.6753221663052,-93833.75172907725,-22484.610184601752,8917.402801793483,135.06807611294872,0.0
2008-10-30,-8492.07195512421,-21142.538678902198,-30627.540138782777,210.9051945222977,134.94448417494615,0.0
2008-10-31,699.3010248794059,-60477.81312639025,25356.691281285453,-5713.935864370292,134.64891056800906,0.0
2008-11-03,11307.81612037237,-64661.03821813501,-5097.9177533657985,-2128.300397902728,134.62588512726276,0.0
2008-11-04,20964.762327708522,47288.676484725285,25598.990372599965,-4542.298704060093,134.8992733024499,0.0
2008-11-05,10609.458284595068,30997.717253101353,4650.785544677565,3875.7304767092414,135.5596509234734,0.0
2008-11-06,1877.121739901716,-101845.12617164897,2761.5376799601054,-3451.337857867914,135.91332832241895,0.0
2008-11-07,-13136.662005844262,-3985.9814759371884,-19113.807718285283,5744.775159853458,135.87813056475312,0.0
2008-11-10,6776.858589011924,-22041.102230278433,-21374.479054684445,-13740.44914594138,135.51268568226538,0.0
2008-11-11,-7.345298005194093,-79.7695818872496,-47.829781636991754,-0.6464202356738165,135.59108176510924,0.0
2008-11-12,14728.963757105443,-38466.5341698391,30229.702802700365,-16758.509760214365,135.59108176510924,0.0
2008-11-13,-15851.418508281517,-82248.60675163785,49914.28861786253,7672.2830130621005,135.9331513059229,0.0
2008-11-14,15718.324319418976,69970.58037271732,16965.276289143498,-2499.1741338568313,135.5259181044464,0.0
2008-11-17,3190.950282520414,20066.64824230812,7147.22051637614,9828.999604924615,136.04087816477798,0.0
2008-11-18,17526.255291425856,8119.592553081179,30048.559464634327,25425.33531908851,136.2093936735111,0.0
2008-11-19,23083.435020686975,79779.57739809135,-2991.8851797385746,-10006.075866550731,134.94862751111802,-28.753125069939415
2008-11-20,37165.535884711484,178297.865132682,-45862.17911894977,22253.948937985777,135.6162525637921,0.0
2008-11-21,-16126.667066628783,12990.6154504459,4319.860923065259,-13280.74323512178,136.86710959061156,0.0
2008-11-24,-32210.93656446647,100950.54054523783,-5042.273779804268,3889.3602774979736,136.38241066498472,0.0
2008-11-25,34018.52415138211,10976.022484387997,8300.580136872897,29004.791916720496,135.60961414669822,0.0
2008-11-26,15584.664887775169,35766.188438202094,-12623.240976737668,23628.543661861844,136.73263001460043,0.0
2008-11-27,-8.540133697199051,-79.98952342202689,-48.09289850233251,-0.6660524002021654,137.28860802176058,0.0
2008-11-28,15867.98631104927,-4559.528723722126,-30758.454159182533,-9144.868552315857,137.28860802176058,0.0
2008-12-01,39062.80135122977,83923.83573232181,10159.382469875474,-17197.759584230043,137.60484203375904,0.0
2008-12-02,7808.091328767098,22373.324017948533,22086.846291069534,-10781.966574365066,138.58952353503983,0.0
2008-12-03,5554.638302149989,-21226.948562112706,7754.627933538735,-11887.373581658348,138.76701258527,0.0
2008-12-04,20162.086032826937,46839.08294797746,2193.482680577286,5677.317414136592,138.82980420846832,0.0
2008-12-05,-25170.12236990076,43836.00643400328,-35932.77561633895,1645.2451812981926,139.39627072915596,0.0
2008-12-08,-15696.88284822488,-11368.971802430442,-30248.014463614752,-7036.280338729496,138.79313362056342,0.0
2008-12-09,25539.01371051719,-28849.39244270341,-9292.639321462993,-14021.137346662608,138.32561503000812,0.0
2008-12-10,-4187.24367615296,-8526.509123374104,13482.323785875249,-1694.476506157149,138.8481559203684,0.0
2008-12-11,11459.178979674258,-35336.84160987255,4879.2994957967385,715.897058147072,138.74704997514164,0.0
2008-12-12,2805.8054922848473,3324.519216291196,7019.792871169795,18456.558495283785,139.01230809336866,0.0
2008-12-15,13059.24383429301,43346.86979757109,-12901.413029341922,-503.157964633914,139.19693148840926,0.0
2008-12-16,30545.136143722157,16020.749222068756,18967.648417402157,1907.9290131881412,139.5289075607155,0.0
2008-12-17,15964.175602823743,221891.80489669633,-10807.182070516481,33323.24464486597,140.31292737978086,0.0
2008-12-18,-0.0,-0.0,0.0,-0.0,0.0,-3133.8264379456427
2008-12-19,0.0,-0.0,0.0,-0.0,0.0,0.0
2008-12-22,0.0,-0.0,-0.0,-0.0,0.0,0.0
2008-12-23,0.0,-0.0,0.0,-0.0,0.0,0.0
2008-12-24,0.0,0.0,0.0,0.0,0.0,0.0
2008-12-25,0.0,0.0,0.0,0.0,0.0,0.0
2008-12-26,-0.0,-0.0,-0.0,-0.0,0.0,0.0
2008-12-29,-0.0,0.0,0.0,-0.0,0.0,0.0
2008-12-30,-0.0,-0.0,0.0,-0.0,0.0,0.0
2008-12-31,0.0,0.0,0.0,0.0,0.0,0.0
2009-01-01,0.0,0.0,0.0,0.0,0.0,0.0
2009-01-02,0.0,0.0,0.0,0.0,0.0,0.0
2009-01-05,0.0,0.0,-0.0,-0.0,0.0,0.0
2009-01-06,0.0,0.0,-0.0,-0.0,0.0,0.0
2009-01-07,0.0,-0.0,-0.0,0.0,0.0,0.0
2009-01-08,-0.0,-0.0,-0.0,0.0,0.0,0.0
2009-01-09,-0.0,0.0,-0.0,0.0,0.0,0.0
2009-01-12,-0.0,-0.0,-0.0,-0.0,0.0,0.0
2009-01-13,0.0,-0.0,-0.0,-0.0,0.0,0.0
2009-01-14,-0.0,-0.0,0.0,0.0,0.0,0.0
2009-01-15,-0.0,-0.0,0.0,0.0,0.0,0.0
2009-01-16,0.0,0.0,0.0,0.0,0.0,0.0
2009-01-19,0.0,0.0,0.0,0.0,0.0,0.0
2009-01-20,0.0,0.0,-0.0,-0.0,0.0,0.0
2009-01-21,0.0,0.0,-0.0,-0.0,0.0,0.0
2009-01-22,0.0,0.0,-0.0,0.0,0.0,0.0
2009-01-23,0.0,-0.0,-0.0,-0.0,0.0,0.0
2009-01-26,0.0,0.0,-0.0,0.0,0.0,0.0
2009-01-27,-0.0,-0.0,-0.0,0.0,0.0,0.0
2009-01-28,0.0,0.0,-0.0,-0.0,0.0,0.0
2009-01-29,0.0,0.0,0.0,-0.0,0.0,0.0
2009-01-30,-0.0,0.0,-0.0,0.0,0.0,0.0
2009-02-02,-0.0,-0.0,-0.0,0.0,0.0,0.0
2009-02-03,0.0,0.0,-0.0,-0.0,0.0,0.0
2009-02-04,0.0,0.0,0.0,0.0,0.0,0.0
2009-02-05,-0.0,-0.0,-0.0,0.0,0.0,0.0
2009-02-06,0.0,0.0,0.0,0.0,0.0,0.0
2009-02-09,0.0,-0.0,-0.0,0.0,0.0,0.0
2009-02-10,-0.0,-0.0,-0.0,0.0,0.0,0.0
2009-02-11,-0.0,-0.0,-0.0,-0.0,0.0,0.0
2009-02-12,-0.0,0.0,-0.0,-0.0,0.0,0.0
2009-02-13,0.0,0.0,-0.0,-0.0,0.0,0.0
2009-02-16,0.0,0.0,0.0,0.0,0.0,0.0
2009-02-17,-0.0,-0.0,-0.0,-0.0,0.0,0.0
2009-02-18,0.0,-0.0,0.0,-0.0,0.0,0.0
2009-02-19,0.0,0.0,-0.0,-0.0,0.0,0.0
2009-02-20,-0.0,-0.0,0.0,0.0,0.0,0.0
2009-02-23,0.0,-0.0,0.0,-0.0,0.0,0.0
2009-02-24,0.0,-0.0,0.0,0.0,0.0,0.0
2009-02-25,0.0,0.0,0.0,-0.0,0.0,0.0
2009-02-26,0.0,0.0,-0.0,-0.0,0.0,0.0
2009-02-27,-0.0,0.0,-0.0,0.0,0.0,0.0
2009-03-02,-0.0,0.0,-0.0,-0.0,0.0,0.0
2009-03-03,0.0,0.0,-0.0,0.0,0.0,0.0
2009-03-04,0.0,-0.0,0.0,0.0,0.0,0.0
2009-03-05,-0.0,-0.0,-0.0,-0.0,0.0,0.0
2009-03-06,0.0,-0.0,0.0,-0.0,0.0,0.0
2009-03-09,0.0,0.0,-0.0,-0.0,0.0,0.0
2009-03-10,0.0,0.0,-0.0,-0.0,0.0,0.0
2009-03-11,-0.0,-0.0,-0.0,0.0,0.0,0.0
2009-03-12,-0.0,-0.0,-0.0,-0.0,0.0,0.0
2009-03-13,-0.0,0.0,-0.0,0.0,0.0,0.0
2009-03-16,0.0,0.0,-0.0,0.0,0.0,0.0
2009-03-17,0.0,0.0,0.0,-0.0,0.0,0.0
2009-03-18,-0.0,-0.0,-0.0,-0.0,0.0,0.0
2009-03-19,0.0,0.0,0.0,0.0,0.0,0.0
2009-03-20,0.0,0.0,-0.0,0.0,0.0,0.0
2009-03-23,0.0,0.0,-0.0,-0.0,0.0,0.0
2009-03-24,-0.0,-0.0,0.0,0.0,0.0,0.0
2009-03-25,0.0,0.0,0.0,-0.0,0.0,0.0
2009-03-26,-0.0,-0.0,0.0,-0.0,0.0,0.0
2009-03-27,-0.0,-0.0,0.0,0.0,0.0,0.0
2009-03-30,-0.0,0.0,-0.0,0.0,0.0,0.0
2009-03-31,-0.0,0.0,0.0,0.0,0.0,0.0
2009-04-01,-0.0,-0.0,-0.0,0.0,0.0,0.0
2009-04-02,0.0,0.0,0.0,0.0,0.0,0.0
2009-04-03,0.0,0.0,0.0,-0.0,0.0,0.0
2009-04-06,0.0,0.0,0.0,-0.0,0.0,0.0
2009-04-07,-0.0,0.0,-0.0,0.0,0.0,0.0
2009-04-08,-0.0,-0.0,-0.0,-0.0,0.0,0.0
2009-04-09,0.0,0.0,0.0,0.0,0.0,0.0
2009-04-10,0.0,0.0,0.0,0.0,0.0,0.0
2009-04-13,-0.0,0.0,0.0,0.0,0.0,0.0
2009-04-14,-0.0,-0.0,-0.0,0.0,0.0,0.0
2009-04-15,0.0,0.0,-0.0,0.0,0.0,0.0
2009-04-16,0.0,-0.0,-0.0,-0.0,0.0,0.0
2009-04-17,0.0,-0.0,0.0,0.0,0.0,0.0
2009-04-20,-0.0,-0.0,0.0,0.0,0.0,0.0
2009-04-21,0.0,0.0,0.0,0.0,0.0,0.0
2009-04-22,0.0,0.0,-0.0,-0.0,0.0,0.0
2009-04-23,-0.0,0.0,0.0,0.0,0.0,0.0
2009-04-24,0.0,0.0,0.0,-0.0,0.0,0.0
2009-04-27,-0.0,0.0,0.0,-0.0,0.0,0.0
2009-04-28,0.0,0.0,-0.0,-0.0,0.0,0.0
2009-04-29,0.0,0.0,0.0,0.0,0.0,0.0
2009-04-30,0.0,0.0,0.0,0.0,0.0,0.0
2009-05-01,-4750.880079074816,-28311.56379828494,4235.827383925764,-11308.332134076958,134.94862751111802,-3115.5631199302443
2009-05-04,1281.4079475186911,36020.78940223501,1384.636651136581,1126.915592940892,134.73198552235633,0.0
2009-05-05,-2985.257464791255,27270.863846809883,6886.458264253896,-1307.0412680124211,134.80393683264342,0.0
2009-05-06,54.248891362307326,-24363.631705386655,5505.899637224992,18646.87246587291,134.73751109838247,0.0
2009-05-07,-17195.835195573054,-80825.96288262492,19546.043156526466,8424.095359211791,134.83387176727862,0.0
2009-05-08,-1125.0431118085614,-18365.17539839157,14152.695918252311,5203.174641655929,134.34795029188336,0.0
2009-05-11,17318.771959929632,16648.226427215664,1886.9978191509183,3338.154930095099,134.34795029188336,0.0
2009-05-12,2514.0782459296847,-4780.365740907826,-9665.41223690821,-8200.717853756261,134.9003664246194,0.0
2009-05-13,7795.901529025434,42889.84415351612,-1153.1172399483773,301.75457758034406,134.91255119470367,0.0
2009-05-14,2425.26301452455,7815.66649114671,-21129.823874915714,773.359449058157,135.17210697153897,0.0
2009-05-15,-4955.029075283555,-15739.596824118289,-7213.457225130016,-2340.317398505911,135.22664678757639,0.0
2009-05-18,-13106.334265009333,-26338.738256569864,4897.242843534043,4352.756184190813,135.05133780567834,0.0
2009-05-19,-3192.1577887867475,-32580.814176565214,-18879.264366341577,4610.750665317841,134.68387368674402,0.0
2009-05-20,10175.558905383266,17484.478709245075,-1337.3845983688939,-6721.6438034014745,134.57016933504087,0.0
2009-05-21,-19538.339138660103,-101995.16876475028,-14621.083190112173,-3734.7828231212957,134.84658777289843,0.0
2009-05-22,-11609.777987441903,-39928.02741679338,-10673.206835587363,-6988.59107964424,134.16464536512902,0.0
2009-05-25,-6.721050383592834,-79.04526435254148,-47.33318430915192,-0.6320776909692852,133.73157673625548,0.0
2009-05-26,-9147.156282290265,-15153.936584520912,4175.979559329189,10691.475420107343,133.73157673625548,0.0
2009-05-27,-19403.563273838427,-110339.62043971443,-57921.11258030963,-19003.45814154314,133.50091487370216,0.0
2009-05-28,1615.1019296364675,52358.36322671963,-21330.562195435272,16158.162552448906,132.6422677839706,0.0
2009-05-29,21148.70816501358,113889.19446029415,-2453.3997280321587,12398.122764514448,132.79876321077484,0.0
2009-06-01,-31470.915368200778,-112666.318984342,-48089.5929873311,2091.878712362847,134.94862751111802,-9.292149962100666
2009-06-02,6116.335608345372,32565.28840729639,3503.520554719466,6990.2990202821,133.9208150470888,0.0
2009-06-03,11812.611153213671,2151.2783884292803,21701.144301441545,3440.022788735328,134.1746761049583,0.0
2009-06-04,-20184.592349954488,-60228.21398359827,-23822.367329765086,-5192.698226322265,134.57874290248145,0.0
2009-06-05,-33137.40027497091,229644.4462282425,24118.99363148749,20512.62432804476,133.88570665467685,0.0
2009-06-08,-11734.383652232076,54699.957786086154,-10505.590299866824,-1840.0763638781466,133.17525134461155,0.0
2009-06-09,9563.053472775413,-57280.24222711457,9304.908253736028,-2221.908270978816,132.82971082440022,0.0
2009-06-10,-14185.776312739172,-55972.97992038978,12020.013888805759,-9994.869106380505,133.08759100453267,0.0
2009-06-11,10053.721379481949,35379.84379148096,10404.819207438355,11754.667589125233,132.5700714928863,0.0
2009-06-12,8758.93318531795,-2783.7209122989807,6085.360056788988,6691.555457676675,132.99400484917211,0.0
2009-06-15,7708.828292356929,-1252.5911497387021,5081.090058163459,-2302.4493509072245,133.30998064431333,0.0
2009-06-16,11973.076428258668,71501.27558159495,-25522.596891250385,780.0808215610077,133.5391450820963,0.0
2009-06-17,770.6223329126894,-42323.52422355989,-8172.216375036318,-158.42836892651985,133.92805784296152,0.0
2009-06-18,-24055.942641169615,-31183.77273377427,-29345.10800100229,-4018.826131937442,133.91097541015762,0.0
2009-06-19,9627.336559589234,56413.39264380553,-26695.123218294946,-659.3400599506903,133.11781862550868,0.0
2009-06-22,11557.145948135312,-5791.48798056435,-17774.327377734287,1120.9542105337043,133.4221285921764,0.0
2009-06-23,8900.362115923173,38343.24951175469,-12634.034081130401,4502.981435056302,133.75814418527457,0.0
2009-06-24,-8999.691205902922,-21630.790508067632,22353.232484543696,-11382.061959451567,134.0653042820749,0.0
2009-06-25,21384.359355796078,31245.353546640083,40641.65406331542,4772.959357842832,133.74602310580423,0.0
2009-06-26,5702.260443592341,2628.1041902828792,8887.4609610643,-7419.550734812898,134.49271195845716,0.0
2009-06-29,-316.23766542059013,2700.8641233146573,12510.420784447597,4923.660157841388,134.63000000159377,0.0
2009-06-30,-1811.2443605616638,-9075.776237975202,-6030.489507963432,-3217.4385210108444,134.94862751111802,-7.131609521416976
2009-07-01,2081.826171033716,-61912.88988211342,-11296.185182128029,-8988.12659995766,134.86494332090834,0.0
2009-07-02,9112.371883703547,-39306.105721143715,6658.9678553071035,-6730.051960941487,134.81789774774904,0.0
2009-07-03,-7.293324082522766,-79.45335785928468,-47.63762021870126,-0.6435103545790464,135.0278125150877,0.0
2009-07-06,611.8308387836669,-39847.62744837795,15956.761302374463,-6888.26534347593,135.0278125150877,0.0
2009-07-07,4972.510881407762,41501.1611353746,24815.075662057992,-1410.8708829844447,134.99815624581643,0.0
2009-07-08,21054.487484095214,48535.66294974198,3344.6818004850993,-2909.5563802373135,135.19553300011535,0.0
2009-07-09,-17262.318388317562,-73404.23735591321,359.1827298850179,9274.552240502115,135.82899531746153,0.0
2009-07-10,16522.700940431077,55174.644793592146,21624.50405095244,-3109.954343892826,135.3460380317065,0.0
2009-07-13,-7894.242114836888,-28939.726187497563,-13327.769203457035,-508.8476863929129,135.87141345462842,0.0
2009-07-14,-17902.21634764586,-56735.11321778875,2433.9914309614123,1421.6210382856434,135.61124376142877,0.0
2009-07-15,-19457.290395480337,-24169.289791364154,-34045.03390226139,7577.407464473876,135.07579821849558,0.0
2009-07-16,6818.379671679329,-3373.3087990219483,11787.74586995707,-5630.146243384789,134.49698011596394,0.0
2009-07-17,-10195.522498730788,-43581.33146458528,-4859.723459851735,-1159.6244374842286,134.68158199408649,0.0
2009-07-20,8703.603706415617,19830.412983022725,3462.8387149832843,-2630.156839631092,134.33722071145186,0.0
2009-07-21,14081.807774825547,42370.299592322255,23266.637247041814,-432.49243180696294,134.60446227404157,0.0
2009-07-22,-10554.846248362555,-35511.84837946617,-14452.757706878272,382.59586305552665,135.0818990630848,0.0
2009-07-23,-23035.274601801746,-15103.441527077974,-12814.760706214523,11456.762567665874,134.73542976922732,0.0
2009-07-24,4409.305296697436,-2226.71494256457,-8538.91530936097,-3992.2146798200843,134.09401212416256,0.0
2009-07-27,-8578.948620099975,-23629.17343312964,4124.066419118681,8432.320911359797,134.19485782093858,0.0
2009-07-28,1985.9477833152334,69522.03154940096,-133.99069752022606,-1841.2035719741118,133.97035894552337,0.0
2009-07-29,-1180.4715850112784,88261.49031934541,-24185.341719672957,16969.37435782781,134.94862751111802,-6.4467019760777475
2009-07-30,3971.635511259319,48334.95613578182,1609.8662033640314,-14034.736113030503,135.04341336941138,0.0
2009-07-31,21068.363532423245,51241.47398054745,15931.80377190857,2039.9578852084078,135.1148647050222,0.0
2009-08-03,-20215.27466222525,-43285.747885099794,-27546.634946824186,-462.9938722018908,135.7820926158909,0.0
2009-08-04,-4883.055135745517,-11291.494436559346,2505.6741276590974,-6597.894374826731,135.1627847989101,0.0
2009-08-05,-13035.679523973527,-68465.43587067968,17923.922859203627,-6684.665235681963,134.9834309240087,0.0
2009-08-06,2348.3232612209704,20325.464453827084,-20921.93562191238,-1911.50491162976,134.5492420091033,0.0
2009-08-07,-16762.95705420854,13142.979315792227,4185.049743140033,-484.54992072278526,134.59677911779033,0.0
2009-08-10,14587.008312353679,7229.742198112947,-11811.839117131629,-679.3739065029496,134.12276075215908,0.0
2009-08-11,11176.737316932506,39344.41284363257,2830.249649200182,6210.112831643192,134.5431730440215,0.0
2009-08-12,-3291.6946081367428,-74805.10652548638,20243.67445738134,17746.77377990665,134.93563003525054,0.0
2009-08-13,17774.253462873712,23897.13135086043,24175.885285328528,4062.4156298905195,134.91215222109196,0.0
2009-08-14,8703.737177950197,-18317.571434466536,6875.926187386267,-7144.025662219723,135.49299642863124,0.0
2009-08-17,11955.583835625135,30582.833747462708,6596.914883556195,-8708.552918141515,135.6919219859116,0.0
2009-08-18,-5758.4349349673585,3329.7108257003897,-13826.95812568975,5787.086468712079,136.0062003254461,0.0
2009-08-19,10455.995252924766,15138.559475684491,-15938.253993191804,786.7415160950358,135.8669801886282,0.0
2009-08-20,2310.2891922817366,44816.0574299387,-410.22621241743576,3571.9391270809383,136.15178815408444,0.0
2009-08-21,-24262.661471014675,-13081.622060711845,-7970.650925802676,3230.101251799927,136.26717110678138,0.0
2009-08-24,14896.887828667564,6837.842246866193,-19699.89067463981,-1535.7350283697967,135.61324216093055,0.0
2009-08-25,4583.359567694068,33926.9453204271,-5306.382254501188,-2987.484317703628,136.0001084183895,0.0
2009-08-26,1957.121959170268,17083.29907154782,7984.2426210537205,-7019.804383237004,136.12741326084867,0.0
2009-08-27,-2757.694166084008,-34627.779977245315,-14080.557412349322,1331.0829281672457,134.94862751111802,-10.05396391791146
2009-08-28,3339.189330806435,-8776.75661222294,-11593.864952826034,-3125.478854205573,134.83513179699145,0.0
2009-08-31,8835.106017398475,-6939.450665644514,17652.95035040466,233.128783272094,134.8952615842911,0.0
2009-09-01,5450.591742836617,-45676.501470252224,15142.48242619317,-5068.480440278912,135.17141726475214,0.0
2009-09-02,12735.46263554606,49738.84307163224,-1840.5360934521652,-556.9736357903673,135.2860769202669,0.0
2009-09-03,-6645.67918134136,-27704.976639574226,11974.453793469762,1988.2235435941398,135.6845851925565,0.0
2009-09-04,-15149.199432361402,-69563.683491191,2382.4716791607084,-8396.257469990622,135.50310303421128,0.0
2009-09-07,-7.275922954420424,-79.43557584179743,-47.6251967998152,-0.6431266987986947,134.9798222948317,0.0
2009-09-08,-3034.9180920433805,-31871.46152575272,-1494.7195798819519,6260.9827962292775,134.9798222948317,0.0
2009-09-09,-1221.4911886367647,-14762.69191560073,6497.288646770286,-633.3739790455807,134.90217285449845,0.0
2009-09-10,16198.675200913422,77449.87584233272,-2321.6443760574384,-1744.2521463409887,134.86034178091634,0.0
2009-09-11,1325.5936297050473,10959.276372147344,1115.7474181798643,6542.34826553346,135.38256477903198,0.0
2009-09-14,-10949.519093500165,-2223.12464030923,-23803.909594585588,-3471.435873670345,135.46696354227703,0.0
2009-09-15,-6981.094411024512,-21960.730715270452,-599.9364310966358,-612.4103024015149,135.10566786049893,0.0
2009-09-16,-4408.603982989489,45914.44953736258,-7440.871993652286,5876.844133397215,134.88387438900997,0.0
2009-09-17,8953.720376433414,27979.979332705,-6097.944286780259,-1106.206983191033,134.81157011379509,0.0
2009-09-18,-11055.659762847821,570.038271744797,-11154.747228257895,1486.5212903387355,135.08127718108943,0.0
2009-09-21,1715.9073113671518,-4443.302940121899,-35.16204165752998,-7375.921397024442,134.75758753537602,0.0
2009-09-22,3459.4595452289395,21567.668179210585,4213.39722020908,551.5939295201417,134.76367733206752,0.0
2009-09-23,5271.135081360341,-50052.20358083194,5413.204371492903,-816.318325543435,134.88917057724584,0.0
2009-09-24,5989.375578647996,8786.637057100279,-7415.170492940823,2466.9076142459426,135.0095436475783,0.0
2009-09-25,4022.4833531457166,87619.85076876581,13687.244556518765,4535.472694058605,134.94862751111802,-5.244485078917933
2009-09-28,5276.799654604317,37906.270534020376,-5209.374377429607,-8020.711350213443,135.17053305401012,0.0
2009-09-29,-916.1893406018371,20957.004929453586,151.37479750271643,-339.8946075831794,135.29710601190166,0.0
2009-09-30,3513.270563913966,-38382.5639069366,-10014.591373102081,-5207.983948221774,135.28493758600624,0.0
2009-10-01,15884.260302994964,-12666.19384519041,14999.29162655613,2108.4235216852853,135.31536772404323,0.0
2009-10-02,-4542.024008006809,-21463.388209835997,5342.836225494828,253.80406636431303,135.7879603939009,0.0
2009-10-05,503.4803486177575,-2099.5232824142713,4790.991888030351,-3330.6033511416767,135.65439690783722,0.0
2009-10-06,-7147.055989357264,-16738.33656854599,14992.03932561133,8540.420292096918,135.65439690783722,0.0
2009-10-07,12272.012314710273,19625.280074600712,3566.6073959235587,-15226.395553488846,135.50891291384386,0.0
2009-10-08,-11329.372240246936,-44597.85647863856,15487.987713931543,9764.937528597231,135.7879603939009,0.0
2009-10-09,-21804.73238805826,-31652.652858961334,-5179.418545184743,7701.373769264402,135.51500741765585,0.0
2009-10-12,-7.377991473402749,-79.32488696110406,-47.57137111490574,-0.6439357222530879,134.91818527166558,0.0
2009-10-13,11767.678640624636,-9957.468727892321,-6420.6041123083805,-5481.099082436574,134.91818527166558,0.0
2009-10-14,-15865.081443580348,-52059.06800913771,10288.873824901013,-2810.7567589838714,135.2131606657641,0.0
2009-10-15,-5780.312057880035,-11680.771319381409,-16828.97899519443,4249.191440389468,134.72087847286292,0.0
2009-10-16,7253.818739589051,49261.80270778943,3724.1445819626874,-637.3916072363635,134.54773500079085,0.0
2009-10-19,1777.7106123651795,34007.71727180365,6203.260704623332,-2162.7061305388456,134.7984951448812,0.0
2009-10-20,9206.738139630123,7293.530800273589,3331.7611149645495,33.56100455670617,134.87014566466283,0.0
2009-10-21,-11618.063463990597,-5544.2431105275355,-6400.602081728779,3243.9988611798753,135.1466629834127,0.0
2009-10-22,-1027.7379707681623,-34497.746758968155,-15922.061071821858,1358.308520316042,134.82213667987025,0.0
2009-10-23,-11227.808449632705,11439.18589235592,3444.643706037171,-3688.8713330451437,134.75662852054967,0.0
2009-10-26,-11010.42856771703,-41570.21491328235,-9685.298464445865,2130.9933179340464,134.94862751111802,-6.652536588830117
2009-10-27,15946.431403286057,3996.5071863110215,15163.268037275415,-5612.419879264571,134.60242209187086,0.0
2009-10-28,7391.497450944577,2768.768089492586,-4520.782829101027,4249.427830079479,135.06287648789385,0.0
2009-10-29,-12828.50188694422,-49882.12980155334,1744.7925069072787,556.1319093256868,135.29727448935333,0.0
2009-10-30,19472.264760995826,24890.282160389495,2042.0992056185228,-6716.054644655091,134.9014839329521,0.0
2009-11-02,-4879.985447841461,-11317.935751227144,2511.4104385005103,-6609.882266040662,135.45414119933704,0.0
2009-11-03,-6953.1909543714255,-55277.56230744114,8715.869764594003,3233.028870252192,135.27350951425052,0.0
2009-11-04,-7003.645561748302,-60483.267019057,-6850.565481170777,-5846.6294300660065,135.06363841423791,0.0
2009-11-05,2276.608931041428,-14590.777861171719,14356.685784656287,-12193.438871232114,134.77715251461677,0.0
2009-11-06,5618.579508921762,-22491.220976090583,8640.862173501364,-2060.1378488564164,134.78325534249842,0.0
2009-11-09,42.8524277353391,13298.964624541757,5927.899473446195,10588.492179496001,134.93289788045524,0.0
2009-11-10,1296.4907536070139,-14204.693611209806,840.3794145873146,11880.823057715865,135.0104158072336,0.0
2009-11-11,-7.287070519636187,-79.5069977224626,-47.66853203188659,-0.6437749360298074,135.10637521001513,0.0
2009-11-12,4905.195241459192,-13239.502197711061,14561.035598074794,13591.721118363961,135.10637521001513,0.0
2009-11-13,2860.736810297759,35474.31913369022,-17929.722984619264,-482.0350926926421,135.3345803048819,0.0
2009-11-16,14596.656354861936,41736.806690159545,5896.814789583548,-2083.9255411514087,135.41873488241345,0.0
2009-11-17,-7.631628355166228,-79.73950030371203,-47.844046881326875,-0.6505698521238317,135.86574539232893,0.0
2009-11-18,-3265.4242829736227,-28315.00403383322,-9244.986221999783,392.2574317504612,135.86574539232893,0.0
2009-11-19,3578.3316332382815,-29594.03418742277,-2175.0032882297887,-2005.8300693202723,135.7447881298143,0.0
2009-11-20,-2688.172421339441,8324.68621284284,1880.5516917723344,2345.80808514069,135.81160374757934,0.0
2009-11-23,-887.8421485496563,16552.65293796477,2029.7138925462248,-7831.658415662071,135.75702904952888,0.0
2009-11-24,7859.874094377589,752.0946166138309,305.20833420425697,947.8743272934512,134.94862751111802,-12.5442645227904
2009-11-25,4635.835420410856,13898.467076351011,21589.964141808876,-161.47185398621426,135.18338258298084,0.0
2009-11-26,-7.535438185019138,-79.48564899830286,-47.68370194647725,-0.6474061903248916,135.3521953201241,0.0
2009-11-27,10117.489950964658,-19091.179613082844,25342.66346107128,3779.8731113723097,135.3521953201241,0.0
2009-11-30,1819.8707354527064,-4458.325077200723,-35.31508844321981,-7473.105213078231,135.67929493949927,0.0
2009-12-01,-6826.323597333883,-50019.29611901187,-1890.767548014638,-11950.102035127855,135.68540524895036,0.0
2009-12-02,-6886.142714306698,34518.11539914624,-16416.250846560728,-1465.516831589968,135.38883893171993,0.0
2009-12-03,-9291.10478932994,-37080.21525246082,-1836.4056728970913,-2086.491242209367,135.1894868117884,0.0
2009-12-04,-15545.57909067157,19713.461105704566,7221.373914512912,-1398.8793945739383,134.8829955898151,0.0
2009-12-07,6442.52905507186,-38954.36040253519,6557.0008510850175,5658.200428305413,134.44578408585528,0.0
2009-12-08,7451.02955110216,-30476.177730874362,16333.338362411607,-3573.2192815628578,134.6492758948876,0.0
2009-12-09,-5669.861305600732,834.4010265097893,-5134.796317448285,-10076.393253223961,134.8471759067473,0.0
2009-12-10,-7871.201273170829,-43881.77669816275,21317.52296579193,10459.373105103992,134.61969745077442,0.0
2009-12-11,-7504.255266853711,37606.717361389674,-31782.698915551868,-8109.791878857277,134.44068851954717,0.0
2009-12-14,-3785.681531045645,31226.310411307175,-2742.9309402573303,5225.80406261277,134.1608735799052,0.0
2009-12-15,-5561.8168526574755,-11651.543611158031,-16776.73490202302,4212.784220039203,134.095062014963,0.0
2009-12-16,652.5688010412367,-21782.583907119,-17566.629428557335,-1284.7354470756309,133.9234445220555,0.0
2009-12-17,16291.36860125326,14184.991737057422,-1056.0253971540542,-755.0038342933397,133.90039572474535,0.0
2009-12-18,-8411.95220834655,7538.045641616495,-337.4584309361526,1393.3859450280609,134.40515682152244,0.0
2009-12-21,-18464.91412539771,-24098.66046382261,-22343.66652376237,-4045.786292397567,134.16696567123236,0.0
2009-12-22,-9189.571112087682,9049.825695116644,-1352.7258588178463,-7647.209574588878,133.54660272129914,0.0
2009-12-23,-2224.797963187427,1836.305412913044,-3014.18008052137,3267.72400328441,134.94862751111802,-17.022372331171017
2009-12-24,-9497.856040370536,-17225.219450499546,9018.854081258434,7588.597413768752,134.9009029815289,0.0
2009-12-25,-7.246577203976814,-79.26143333920632,-47.51929386374118,-0.6415132430956388,134.66881765001992,0.0
2009-12-28,-7620.990618291002,54490.769657871446,15664.113581438125,-2637.269624096807,134.66881765001992,0.0
2009-12-29,3255.0499923361967,37732.837869140145,-14884.701919949419,3631.78754875868,134.48981074238216,0.0
2009-12-30,2930.2987047118454,14661.459231198882,-8427.135961917107,660.0387702815224,134.6141059640377,0.0
2009-12-31,-9315.252481381118,30198.41216445399,-14569.529493890073,3551.844962448837,134.7031882946041,0.0
2010-01-01,-7.246775122432986,-79.13011684494268,-47.441929764478154,-0.6406358716281152,134.4594576034819,0.0
2010-01-04,3077.8796493379223,-52444.00845221746,4301.922027773645,-4952.5664449642245,134.4594576034819,0.0
2010-01-05,13296.298072458625,-13490.637039372872,-575.2666411267571,425.8327087335133,134.48981074238216,0.0
2010-01-06,-9929.908344992216,-78788.8363446785,9251.226062626682,-628.5662680810963,134.87047133820246,0.0
2010-01-07,-1346.6560260007984,22915.775308492608,-4661.5747933983375,2943.032236756905,134.53843851900442,0.0
2010-01-08,5582.206025762288,-56386.683659328526,527.6213175011753,124.75434018468769,134.52627432702965,0.0
2010-01-11,-2526.531542040744,-33821.43224722807,3324.469451639556,2957.8165353237196,134.65170474676432,0.0
2010-01-12,14889.378733925618,62653.72796898662,4213.990073941744,-2370.3062998738774,134.5749601215332,0.0
2010-01-13,-11190.156406835224,-25467.42806877364,20460.05894725622,6022.858644131327,135.05026104021633,0.0
2010-01-14,7973.267740781199,31185.712825291346,-21559.992326346764,-7803.802960958356,134.77008471992974,0.0
2010-01-15,10070.871561433652,-1163.6760168566238,3272.051713818244,-2320.4083083782584,134.95471868123443,0.0
2010-01-18,-7.458202545665303,-79.46713749202326,-47.66416312296571,-0.6461083536960021,135.2356115143502,0.0
2010-01-19,-5765.367097683416,14215.64469594467,835.7592941307561,521.0515736690638,135.2356115143502,0.0
2010-01-20,6535.1433180214835,36366.54615154704,-4184.8968816588895,1218.4633194726189,135.08588931003885,0.0
2010-01-21,9691.811750309507,-7274.551115723184,8019.855696833499,-572.0649589309196,134.94862751111802,-3.2847525797678827
2010-01-22,1673.5086552149296,-21462.939171355098,-9893.822600504709,-470.60740964815915,135.22994879780006,0.0
2010-01-25,-5621.266234015468,-23546.305650394268,12020.836306408359,-3085.4748335549016,135.24824823022456,0.0
2010-01-26,172.08959573312546,692.9285665233593,17376.368485569565,1640.720741223168,135.06869952847703,0.0
2010-01-27,-3720.6489886487766,33025.09803995663,-17224.753410846566,7789.240769220885,135.10439403336898,0.0
2010-01-28,439.9444047986234,-40590.98223567641,-1469.5660034303964,-8541.336718540506,135.04431241563034,0.0
2010-01-29,9966.168467418323,2498.471255056927,-4432.159643362682,-8198.5101439138,134.979102309454,0.0
2010-02-01,-7837.612282551506,-9050.673599709871,9185.762833020546,-2504.6557734859207,135.21857306563444,0.0
2010-02-02,1326.7619371583392,6470.48674155535,2982.507727206886,-914.7416068271842,134.98520090684244,0.0
2010-02-03,-7732.754375337232,-38643.88156935692,10772.322515747084,-4544.966717863521,135.02693562860043,0.0
2010-02-04,16768.00409716362,8127.402495779583,3684.4916210367383,978.8630093569718,134.76476813972383,0.0
2010-02-05,6323.866094094788,-11959.841710853165,13627.849728618845,-8084.260780114375,135.27266447020446,0.0
2010-02-08,-4102.402068464084,5412.019087544659,-8885.373579665553,-2653.9458631075813,135.41680787129025,0.0
2010-02-09,-9615.677212488325,-4679.9807877069,9177.151574263356,4917.973553553311,135.27877156744614,0.0
2010-02-10,-11152.844071430613,4131.146198343913,18867.864002019873,8064.070354107381,135.0391364636365,0.0
2010-02-11,-1988.6983142936867,-26961.35360957181,15979.99462759626,2854.67474058218,134.78807245597866,0.0
2010-02-12,7568.4439493428645,-25121.74131029138,-17363.086778897545,4675.95312518042,134.7464832613573,0.0
2010-02-15,-7.294833518839662,-79.4071068071074,-47.61053263374617,-0.6432232142866766,134.95569617397987,0.0
2010-02-16,4749.791557443925,6668.943296037752,-731.1816426524354,-856.9568477277606,134.95569617397987,0.0
2010-02-17,-12276.253685473112,-14119.019962583647,-4607.07050843914,851.5989434307836,135.09310605433927,0.0
2010-02-18,-7806.2542279396785,-5341.58889753495,-10100.508411820372,3277.6926211970294,134.72930536238866,0.0
2010-02-19,-1310.0339998676027,56969.68495907654,3440.7891315474167,764.6112817326997,134.94862751111802,-3.8506168492967845
2010-02-22,340.04995776847943,-44991.239573596504,-11173.810616733415,-4294.836755182106,134.9598154636495,0.0
2010-02-23,15370.122565322741,42035.516837324896,13651.353339056448,-1240.2238314098722,134.90092730641834,0.0
2010-02-24,-1993.5292392698125,3520.2927193856476,-17505.60345611233,5794.81791530428,135.38459254968677,0.0
2010-02-25,10329.306928726148,-1165.2875807109565,3277.953779132073,-2333.3949436863877,135.34269305942536,0.0
2010-02-26,4574.793849417879,13148.202881256642,4167.857081686089,-1817.1678761981625,135.62502732120393,0.0
2010-03-01,1021.4422877756359,-16720.848235631584,9498.823939925811,-3946.3599054787305,135.75744550153064,0.0
2010-03-02,-385.9949173335453,-10690.442398092371,6595.68481176353,-5742.803888034885,135.76354986763656,0.0
2010-03-03,-1708.758978085355,4267.809460825325,11560.58230516881,-4313.383791466684,135.72141540962443,0.0
2010-03-04,-367.78630177746913,44975.35504483695,11120.34002352961,4332.154086037657,135.66710289056985,0.0
2010-03-05,-12804.542848288005,-22289.951247197387,4986.797583093135,-705.5311515339386,135.7269418836129,0.0
2010-03-08,-3136.3018077543416,-36351.47053215584,375.4468965532943,-1167.705694270095,135.3602163403576,0.0
2010-03-09,1862.767234537618,-8113.597916201514,7676.884699908137,-1527.2841667183,135.24069786317725,0.0
2010-03-10,-5049.860870973871,18346.241402381438,-10683.160544442344,7177.451003945287,135.28863230155244,0.0
2010-03-11,-2805.7124579457827,58585.44659941559,-9167.20563960596,3239.8711982347904,135.18670282613533,0.0
2010-03-12,3019.2229389151585,27254.71172864025,-8313.489508765639,-2037.317990714651,135.15626587166554,0.0
2010-03-15,-3.821964619471072,-12643.252618594674,-184.40896020349203,2704.9288248171347,135.23991864357285,0.0
2010-03-16,7678.1345495943215,7203.25363864008,5195.111542856836,5.003774210978741,135.24600361413684,0.0
2010-03-17,360.624158637573,35665.45701388098,-6404.506814902143,298.7993934841848,135.47390978694224,0.0
2010-03-18,-6960.404566019093,5675.731006066159,-8966.893601480611,9892.885220386506,135.50375057395271,0.0
2010-03-19,-4218.634171819391,35005.974674183904,-10470.151700068132,-599.2880102315412,135.35953337766776,0.0
2010-03-22,4606.608703615878,-3138.9626857230296,23295.123931819056,-4897.718577222778,134.94862751111802,-6.405475338491669
2010-03-23,-2996.1644747638506,-14857.69984692106,8355.565455754358,-664.7075826780651,135.0799538255728,0.0
2010-03-24,-22809.357042583924,-35218.38630871931,-44890.18647929802,12710.07264992614,134.990344454617,0.0
2010-03-25,-7152.044513770116,-28776.67082373419,-1679.8726618116725,-12067.041407079392,134.33113583031985,0.0
2010-03-26,7878.39297281935,-26286.728872257325,4832.9735679774185,2994.6570270312336,134.03060408858587,0.0
2010-03-29,-1727.4472431804963,-9054.834953384661,-6011.997585759784,-3185.4628381630514,134.27292984057067,0.0
2010-03-30,-379.2610738027694,18877.6162879106,4956.71455526559,-3594.221268526573,134.19050866777175,0.0
2010-03-31,6652.965907811998,-7787.461018152351,2091.558453764761,-1418.8528885447608,134.17834116141398,0.0
2010-04-01,-5966.202394301385,2843.8152406837803,-9933.233827256605,-6740.476094339601,134.36763835191704,0.0
2010-04-02,-11540.912656803092,-5190.608877163448,3225.1399191205196,3991.512436749487,134.14325678753866,0.0
2010-04-05,-9760.527961212943,24371.136043190025,-212.8618960524899,6015.952846112837,133.81940499404078,0.0
2010-04-06,4854.648971359579,-20352.962517924647,3792.277288822016,1204.9613425858897,133.5724898030674,0.0
2010-04-07,14375.571712028514,13306.154823527433,-16515.172049198783,-2393.187014272944,133.71933185693374,0.0
2010-04-08,-3281.031449733188,12245.503538351504,3786.7407632097083,-2716.9168064138194,134.13717363876523,0.0
2010-04-09,699.9316783645916,4035.198196524154,-11498.444575440759,6536.721217205637,134.0366824052755,0.0
2010-04-12,5443.197345857919,15145.433855940648,9013.859678238858,-10018.477488109927,134.0838721211416,0.0
2010-04-13,2987.437945630536,15421.5185767158,8932.836629566329,2277.796434401186,134.21345544500204,0.0
2010-04-14,-4687.836902509827,-28214.077404589865,-7318.309072713606,356.50261376150564,134.33721656242113,0.0
2010-04-15,3842.3531612948714,-22515.833447164216,10458.581611771231,-2074.401026025705,134.1722592211322,0.0
2010-04-16,10891.833088021265,-7158.974364021832,6144.9618128260045,-538.0665779441194,134.27292984057067,0.0
2010-04-19,-6440.421045906881,1201.8799064292693,-7069.530831593755,2362.636082358799,134.59884233980702,0.0
2010-04-20,-920.8901063824535,50522.35031818063,-1443.9168483853502,1707.5080090763415,134.94862751111802,-4.125932556962653
2010-04-21,7404.302427721778,27877.106501264607,-4243.540084042669,-1138.6922357843732,134.9658873714332,0.0
2010-04-22,-7078.5790962916335,3991.787671986453,5513.178139516063,7341.1535050021375,135.18649930766475,0.0
2010-04-23,-5834.336826449284,5298.449682307647,-7005.0299315635575,-2674.609955452544,135.0370139500853,0.0
2010-04-26,1339.2145121047074,-6085.584346653268,2841.978080696187,1775.8537714195447,134.85231343012333,0.0
2010-04-27,19087.970761425007,29631.227752460636,21368.7408818117,-10163.338501560875,134.8999635167179,0.0
2010-04-28,-10694.73104996471,-50876.47174570041,-27212.480305014695,-1876.9575548432263,135.43759368003052,0.0
2010-04-29,5801.082467432475,7101.976368506265,7048.67985197386,-23.6659099924229,135.06134594476228,0.0
2010-04-30,10652.96357542872,21991.028533790097,-3212.114316863708,670.7524326578148,135.24044861048753,0.0
2010-05-03,-4703.153193508879,20015.856208452045,-13585.336695541824,-2052.4199257632126,135.5580601703054,0.0
2010-05-04,14439.124916999292,39220.65632589525,2930.064736447808,-6248.954856978379,135.41393321839476,0.0
2010-05-05,10985.16455747417,-29157.752689081794,-9627.400658980338,-1897.8139204533434,135.8166550915466,0.0
2010-05-06,31433.049555317124,43909.72655750091,-21602.72549120634,-12009.860343574233,136.07667376005492,0.0
2010-05-07,-11553.061063794938,-5283.071183837983,51151.601257551716,4980.739525566142,136.87985693001735,0.0
2010-05-10,0.0,0.0,0.0,-0.0,0.0,-3138.2041406814765
2010-05-11,-0.0,0.0,-0.0,-0.0,0.0,0.0
2010-05-12,0.0,-0.0,-0.0,-0.0,0.0,0.0
2010-05-13,-0.0,0.0,-0.0,0.0,0.0,0.0
2010-05-14,-0.0,-0.0,0.0,0.0,0.0,0.0
2010-05-17,0.0,0.0,0.0,-0.0,0.0,0.0
2010-05-18,-0.0,-0.0,-0.0,0.0,0.0,0.0
2010-05-19,0.0,-0.0,-0.0,-0.0,0.0,0.0
2010-05-20,-0.0,-0.0,-0.0,-0.0,0.0,0.0
2010-05-21,-0.0,-0.0,0.0,-0.0,0.0,0.0
2010-05-24,0.0,0.0,-0.0,-0.0,0.0,0.0
2010-05-25,-0.0,-0.0,-0.0,0.0,0.0,0.0
2010-05-26,5777.835145081033,15352.697710677765,9146.132317758638,-10141.716546006404,-134.94862751111802,-3113.0016380255074
2010-05-27,18715.20960463983,54932.767150782485,10168.315473559487,-3866.556730803152,-134.81616586671686,0.0
2010-05-28,-9892.933743076643,67363.61702270112,15778.281032561346,7037.689291932822,-134.2411879290984,0.0
2010-05-31,7.043378243165169,79.25744664968263,47.49424036881946,0.638398551299197,-134.43346381296644,0.0
2010-06-01,-1713.5717651745726,-33989.46307009984,-6196.145238266907,2148.264081446856,-134.43346381296644,0.0
2010-06-02,8419.139968572095,9460.382405515204,-1390.9807210832087,3308.232424461097,-134.50488435709565,0.0
2010-06-03,4995.492709338702,34308.77153609165,2583.4961392279947,-2085.43065244668,-134.22997124145428,0.0
2010-06-04,-26416.626370505146,-41374.402230715474,-22804.98108476763,2662.396198439047,-134.06354277140085,0.0
2010-06-07,-2812.9411582017196,-26357.639048350473,-23563.734895453043,2876.2903064770694,-134.91927598141783,0.0
2010-06-08,1551.4378137471474,-9632.988720177955,22233.745300049788,-4012.24904282429,-135.03351689217715,0.0
2010-06-09,2186.8978596701045,15196.333647172009,1283.1279545701236,1468.6318744190016,-134.99133583121593,0.0
2010-06-10,19159.322685644,52964.3815685004,14999.915818014788,-7159.801796415433,-134.9070626698501,0.0
2010-06-11,-13339.304728825022,-39087.52218807286,-2916.325828609603,6146.807661932691,-134.33165347986002,0.0
2010-06-14,6384.891296422757,19475.848777675288,-2353.512703967662,-3505.007093015224,-134.7327666637884,0.0
2010-06-15,5095.894354400693,9264.662386068287,2314.9466327454575,3253.390600035823,-134.55284168569855,0.0
2010-06-16,-7419.907783575455,-8862.636790210756,9242.981588395774,-2474.10054238762,-134.37339220587143,0.0
2010-06-17,-8063.363973175089,-15749.870661010691,-3391.9846188613114,-2373.4879773313987,-134.60693326108597,0.0
2010-06-18,4352.351066061915,713.0648730450752,4112.9613736707415,889.9715059546437,-134.8771838314694,0.0
2010-06-21,2147.1593424114694,15184.039307296558,1281.707118631146,1463.035962853167,-134.73887149622178,0.0
2010-06-22,-10684.912453719067,-28840.25388068919,-9444.64171631678,-556.0629796465872,-134.65495308871925,0.0
2010-06-23,-8579.185204555384,-416.114401812415,9334.783390487584,-142.29016451742342,-135.00965762255385,0.0
2010-06-24,2403.179796325031,20526.005927370912,-20875.157665716702,-1919.0794304678896,-134.94862751111802,-6.146356502440572
2010-06-25,-3929.0811019079865,1895.5790643565813,-1062.7283335138552,3238.470463398848,-134.90032815726377,0.0
2010-06-28,-10173.39493001238,-20296.71537466724,-11250.296343000922,1824.716104777857,-134.99695779367863,0.0
2010-06-29,-9443.501507290475,-45843.43969814286,-9594.919426893572,-5293.3188119138085,-135.3116935656703,0.0
2010-06-30,-690.1028438348844,-20321.545459616664,19178.727874867152,1968.5787870136262,-135.65835842923835,0.0
2010-07-01,-362.2156900276326,-35706.61356644539,6412.271730029083,-299.31871631656907,-135.65835842923835,0.0
2010-07-02,5413.996808924586,42626.02795079,-7002.571257455001,-565.5132485178541,-135.68884583262388,0.0
2010-07-05,7.6308310880605035,79.52230978957859,47.715965109088046,0.6491016357931747,-135.51820762252026,0.0
2010-07-06,-7851.353061675309,-24239.69566447036,-15073.718921429798,6983.055269902941,-135.51820762252026,0.0
2010-07-07,7245.1171830144685,42734.987325360875,-8867.217873773636,-536.9304182125919,-135.7376887077314,0.0
2010-07-08,4043.514059111806,32374.687390760977,-2311.4213090847275,6285.50863416602,-135.51820762252026,0.0
2010-07-09,5525.475824341874,21832.56929772179,14057.567749046137,-11147.129630623833,-135.34805002083007,0.0
2010-07-12,1662.4077061952296,-4258.880932916775,-11531.19706602905,4284.980118858778,-135.22074625196976,0.0
2010-07-13,8533.147679967173,24835.64825771527,11341.506995405696,5594.714814456345,-135.16615899316366,0.0
2010-07-14,-12200.425506940113,-13938.79540542326,-4504.623622916623,851.0739899345813,-134.85816166531734,0.0
2010-07-15,-9020.577609388698,-35242.838321480216,-16217.228624809579,413.9684444267461,-135.22685429060675,0.0
2010-07-16,-5758.364981544388,-9876.589840484547,-31296.142633796328,6809.857313410525,-135.53042491680128,0.0
2010-07-19,4624.553566567115,25900.84108166531,4401.266049798785,-4538.77107897225,-135.7010631269049,0.0
2010-07-20,-1491.9184880280138,1662.5781470255617,-12589.342620676336,2485.101060714729,-135.57303934938815,0.0
2010-07-21,-11651.696551759833,-51343.11648202104,14481.789224950568,-1925.65958554729,-135.61568384513652,0.0
2010-07-22,7831.819888843912,32632.357475998633,-6046.873912339771,6382.5966382561,-135.97626018490493,0.0
2010-07-23,8042.745073532211,39357.48876141442,18219.867733931722,-5485.152941367159,-134.94862751111802,-6.767547012008436
2010-07-26,2464.755549122473,-157.845777445809,-11428.431052120673,-773.3197651242132,-134.69498273501483,0.0
2010-07-27,8193.535184983954,11441.513654152646,5351.831404391126,-5017.0075747643705,-134.6406022228655,0.0
2010-07-28,-7427.4877469682415,21565.400074873956,-24131.42180783869,397.78283824961204,-134.4118911144218,0.0
2010-07-29,-2772.5812172004935,29128.152518643023,-19017.773063693858,12794.3599278432,-134.64670691983974,0.0
2010-07-30,-14160.746475933778,-37112.90302020437,-7737.074002819991,9460.379558201015,-134.65891996337143,0.0
2010-08-02,7782.357129624574,46745.195403757556,-8766.963432487493,-5582.384441747895,-135.0639624280738,0.0
2010-08-03,-8555.036415811179,13080.66925790463,-33967.97470911788,9666.0448431986,-134.8461067906796,0.0
2010-08-04,7625.4643656004555,-5236.9899015287065,16739.437698704212,-8979.493878770907,-135.07619008393607,0.0
2010-08-05,-6181.234837372455,7473.258856297133,-11731.122944013105,628.362940904701,-134.88839579301364,0.0
2010-08-06,-9754.697351998957,-18662.7529573379,-14139.930696285883,-7360.377514667405,-135.07619008393607,0.0
2010-08-09,3498.7852084139777,-25701.159670292207,-9797.356525769083,-7914.659541847754,-135.43488859905054,0.0
2010-08-10,-8543.043032459906,5841.215457816842,-44799.108129562876,-2695.250357113034,-135.41042353493347,0.0
2010-08-11,-6431.037274511864,-68922.46610013339,-6835.776652302062,-8285.499511164395,-135.72203989797555,0.0
2010-08-12,3922.936790278707,-3428.696097280228,15691.060913645386,-5817.955043665489,-136.01068159321727,0.0
2010-08-13,-6764.81186936138,-49105.305006125054,15691.439862332269,-10335.43257635542,-135.91845291340613,0.0
2010-08-16,-16243.598439954958,-83003.33852868293,22752.078363384375,5258.437685565203,-136.1832786642821,0.0
2010-08-17,7853.766894564666,31014.880536606517,8504.365189030286,3892.3967379074725,-136.63526377454704,0.0
2010-08-18,-1033.725993082938,-22058.927471123392,33792.51658497704,-553.53142846097,-136.3685953960222,0.0
2010-08-19,-9507.45752313941,-34609.0995311154,1223.5257528920204,2093.8832726582996,-136.37471227153796,0.0
2010-08-20,5755.56275567413,3926.760541445341,36340.70556109685,-5126.392226507069,-136.64750118471687,0.0
2010-08-23,-3649.2446985006095,-8983.97677035689,-15655.002817695227,8423.172914063825,-134.94862751111802,-13.150212765842298
2010-08-24,-10823.431746322007,-65671.59844738815,-30163.91081103454,-3305.4710357381923,-135.03402821418547,0.0
2010-08-25,5976.654464995655,-5307.443705541491,7019.7008954638595,2689.7999631947337,-135.4567422813999,0.0
2010-08-26,-6081.158616911208,-29484.430479462015,16863.50767220528,-1332.0641364176438,-135.26652164717024,0.0
2010-08-27,21733.687664877485,82779.17077844944,-29.51059919098718,6622.630460058892,-135.450632558651,0.0
2010-08-30,-16138.034317063059,-25459.299167579302,-11572.777076922559,-6509.261343881568,-134.7354377581289,0.0
2010-08-31,-10693.695057287088,-34563.57083609236,3075.7328441925397,2034.0397871021887,-135.2848471619235,0.0
2010-09-01,15891.895545266585,71172.6192075217,-5270.202839719825,-841.9569348017941,-135.60432074339093,0.0
2010-09-02,6084.748356137969,51100.536658996665,-8778.608754083,1827.9537903657103,-135.11343913682217,0.0
2010-09-03,10574.917021963502,39914.91886138246,12561.631918099181,7041.219469868295,-134.8998615901686,0.0
2010-09-06,7.144573750966284,79.23088114069598,47.48989194137557,0.6397582923052987,-134.50510512534308,0.0
2010-09-07,-14387.234105452775,-64637.779527416904,600.4089967191866,-907.461133818846,-134.50510512534308,0.0
2010-09-08,7895.018272715936,13470.973698603224,537.137398141013,-1743.2853500912966,-134.99131273030972,0.0
2010-09-09,16894.51959439759,45926.00815892752,4187.7347737456785,-7073.143768913903,-134.75985960436515,0.0
2010-09-10,4581.94674857092,23780.93029632125,-2359.3476775443164,3844.1402718921186,-134.2631103145778,0.0
2010-09-13,-10458.19147348606,725.7250986624305,-11001.812806308286,1468.7961717013345,-134.08837031775838,0.0
2010-09-14,-9083.210632706432,-3598.236483430294,-22554.23961257626,5711.398068103545,-134.41431983756746,0.0
2010-09-15,7216.784989981818,57571.10111598946,-5737.110683940644,905.4151867471861,-134.68703939088348,0.0
2010-09-16,3402.0542801633073,46768.91555511132,4573.829710821267,-4790.975538167216,-134.43264535232072,0.0
2010-09-17,-2547.5425614109827,-12987.956563751748,-5993.511454507451,1811.603098111932,-134.31807590886575,0.0
2010-09-20,-4222.599695200152,-13090.336204815201,-4144.100289953622,1785.5773399125555,-134.40257436910778,0.0
2010-09-21,-14146.117385975189,-31837.63536867349,-18328.433803386444,-5552.864814454113,-134.94862751111802,-3.47073001730314
2010-09-22,-4478.567806655966,-47246.62784264017,-691.986922813514,-7726.127903062593,-135.44329366053603,0.0
2010-09-23,523.6464729128018,-14529.407935310986,4748.859168241129,-611.1835195580261,-135.652121742582,0.0
2010-09-24,6889.909841022178,45509.4908572097,3763.982065152186,4450.963808780654,-135.6460062290832,0.0
2010-09-27,-10811.105801357715,-56071.31224783876,-4914.142428362779,1536.3715696995243,-135.38816379880942,0.0
2010-09-28,-10513.443339783682,18204.354480813003,6595.916975626662,-4663.845010506116,-135.73831329313737,0.0
2010-09-29,7700.088666195078,-23059.492857345027,-22222.18095297371,8110.409473077891,-136.04046581484675,0.0
2010-09-30,-842.6873574731737,17491.459324464802,7980.373314259971,5614.026291659965,-135.82462722311797,0.0
2010-10-01,795.5361715947615,16817.425342301703,-11361.765264477623,3979.4412577187018,-135.79368963475522,0.0
2010-10-04,-3900.635179641091,2778.6128336156344,-21432.768778429763,-7662.507695876281,-135.7505479800643,0.0
2010-10-05,197.5849767550643,22521.77037850681,-23951.636465257787,1368.210527595537,-135.92941759961457,0.0
2010-10-06,-11154.805140065107,-35458.72106147127,-2775.2226818429885,-11442.314059156337,-135.92941759961457,0.0
2010-10-07,194.49370382254767,47800.49104771342,-23722.962689993903,-4113.242752306186,-136.33826930913122,0.0
2010-10-08,-753.7991942303623,31066.659345393,-23939.221154343424,3776.4282277520183,-136.3505186498239,0.0
2010-10-11,8.001041999962121,79.78623947351166,47.91286658957989,0.6564970905933802,-136.356645153647,0.0
2010-10-12,6064.412492360411,19147.873121865417,-10200.584618057375,-4439.05340003557,-136.356645153647,0.0
2010-10-13,2148.5063384436266,31587.87943596971,-17967.095125333446,4647.359019422344,-136.2139536337636,0.0
2010-10-14,8941.57868286973,41219.91949735052,3785.9050419957775,-3043.086569396061,-136.12714812123426,0.0
2010-10-15,6911.999237063315,62647.04010511793,2029.3870505019972,9257.752996625908,-135.86134593254639,0.0
2010-10-18,-7975.98226599093,-42097.983204575234,-30810.44758808033,554.2251412698339,-135.56590619700705,0.0
2010-10-19,-4153.8822555305305,-10700.299936624857,-1205.010510015943,6006.532418520536,-135.86134593254639,0.0
2010-10-20,-691.7810189013516,9313.111062288617,17519.245523309037,3994.3730608146216,-134.94862751111802,-9.37817542214907
2010-10-21,7808.787598672595,30493.52004520653,-1194.6722566087262,2992.417644506558,-134.9181005711448,0.0
2010-10-22,734.9386979725659,7726.392327959324,30079.117597226214,1524.6343233284933,-134.6499194535997,0.0
2010-10-25,1064.7717022734673,-37153.25687902366,18961.06652949944,-2742.9914198663105,-134.57708287694587,0.0
2010-10-26,11461.002133596197,41183.11683469741,52.446954613357036,-2919.5206421781304,-134.56484634882074,0.0
2010-10-27,8989.313333488031,42133.56475003421,28852.24040728438,-514.3163019012254,-134.2074116747934,0.0
2010-10-28,-8994.221742441769,20695.333542545653,-51073.06108310998,10235.233707536765,-133.87023837335076,0.0
2010-10-29,-8663.527781314791,-19805.358578983967,-3458.274137946948,2625.374771816456,-134.1412848907099,0.0
2010-11-01,2081.9883976446854,19621.947535570926,-584.6772073542155,8821.772357955182,-134.41341818270234,0.0
2010-11-02,-5172.582940366317,-52029.65426516801,19470.556776579826,8103.723333744046,-134.2863950358586,0.0
2010-11-03,5825.020380934202,115539.9931293163,-83211.75838267751,1723.3151781213062,-134.41341818270234,0.0
2010-11-04,-11580.543185921297,-44135.72982640577,-46307.60948607105,-26659.673512060643,-134.24411393725728,0.0
2010-11-05,10173.788928068021,16891.87582790039,-18649.266605187186,-8381.13579142934,-134.8449060383758,0.0
2010-11-08,3486.27385935338,-20382.406063442337,5760.5065805273525,1194.4891737792025,-134.6012513879279,0.0
2010-11-09,18845.13147606912,48396.77514933476,16828.936985460692,-14507.079807279471,-134.4978966000768,0.0
2010-11-10,-5614.236696028502,3867.5685940624944,-30008.011604610198,-17372.592170430707,-133.9597963217893,0.0
2010-11-11,7.051176360257987,79.14799172602142,47.430608722219546,0.6377832436890786,-134.26756005218797,0.0
2010-11-12,13515.553783557858,-36069.690381638575,51301.49640590639,10630.368335219606,-134.26756005218797,0.0
2010-11-15,19224.658274539,67158.75808457777,57387.92341002712,-5656.01227878877,-133.76105227494108,0.0
2010-11-16,-8505.342904951762,-72955.66308288749,36140.64693243916,-3143.4236285476823,-133.0806764642682,0.0
2010-11-17,3074.211059637807,46600.321189981754,-6938.27879734812,6690.883100778089,-133.38427271808217,0.0
2010-11-18,1457.4243758100276,-26616.57932647155,12373.64525012524,2920.458328047168,-134.94862751111802,-15.171693526852323
2010-11-19,-995.0315798797043,-35297.56541628823,27589.775002080612,-11152.40664514906,-134.89399613638486,0.0
2010-11-22,-11746.12435950182,-10586.6922038995,-33418.37264247701,5839.1602197729835,-134.97884934697785,0.0
2010-11-23,-5822.475963720381,14374.228898996249,931.2692327462817,523.4809762204562,-135.3377950487619,0.0
2010-11-24,23376.766917842844,22734.896846781834,33256.93528848127,1669.6478654428827,-135.49048177700905,0.0
2010-11-25,7.2793318234396605,79.29595864477278,47.54329977790486,0.6422424733243819,-134.76083271944165,0.0
2010-11-26,-8027.262313552528,-44533.83380478922,15593.347101116145,-2786.5569151912555,-134.76083271944165,0.0
2010-11-29,-3929.3929590715225,-40251.0100236868,395.55887498816264,3891.45323900308,-135.02743018254012,0.0
2010-11-30,-7734.544697252672,21486.10386589062,25099.363639071315,1192.5576157376984,-135.1489157873917,0.0
2010-12-01,23992.84711690102,26825.07706989128,33306.723682648444,-3405.001417718336,-135.31957187833598,0.0
2010-12-02,5628.528166000232,7249.287506959476,7128.81826668079,-22.220453938308708,-134.5918434759921,0.0
2010-12-03,-1379.6769498244914,82106.27600164904,-7746.128665003082,6998.530025088478,-134.41111794162484,0.0
2010-12-06,-0.0,0.0,-0.0,0.0,0.0,-3094.948775266214
2010-12-07,0.0,0.0,0.0,0.0,0.0,0.0
2010-12-08,0.0,-0.0,0.0,0.0,0.0,0.0
2010-12-09,-0.0,-0.0,0.0,-0.0,0.0,0.0
2010-12-10,0.0,0.0,0.0,0.0,0.0,0.0
2010-12-13,-0.0,0.0,-0.0,0.0,0.0,0.0
2010-12-14,0.0,0.0,0.0,0.0,0.0,0.0
2010-12-15,0.0,0.0,-0.0,-0.0,0.0,0.0
2010-12-16,-0.0,-0.0,-0.0,-0.0,0.0,0.0
2010-12-17,-0.0,-0.0,0.0,-0.0,0.0,0.0
2010-12-20,0.0,0.0,-0.0,0.0,0.0,0.0
2010-12-21,-0.0,-0.0,-0.0,-0.0,0.0,0.0
2010-12-22,0.0,-0.0,0.0,-0.0,0.0,0.0
2010-12-23,0.0,-0.0,0.0,-0.0,0.0,0.0
2010-12-24,0.0,0.0,0.0,0.0,0.0,0.0
2010-12-27,-0.0,-0.0,-0.0,-0.0,0.0,0.0
2010-12-28,0.0,0.0,0.0,0.0,0.0,0.0
2010-12-29,-0.0,-0.0,-0.0,-0.0,0.0,0.0
2010-12-30,0.0,0.0,0.0,0.0,0.0,0.0
2010-12-31,-0.0,-0.0,0.0,-0.0,0.0,0.0
2011-01-03,0.0,0.0,-0.0,0.0,0.0,0.0
2011-01-04,0.0,0.0,-0.0,-0.0,0.0,0.0
2011-01-05,0.0,0.0,0.0,0.0,0.0,0.0
2011-01-06,-0.0,0.0,-0.0,-0.0,0.0,0.0
2011-01-07,-0.0,0.0,-0.0,0.0,0.0,0.0
2011-01-10,-0.0,0.0,-0.0,0.0,0.0,0.0
2011-01-11,0.0,0.0,0.0,0.0,0.0,0.0
2011-01-12,0.0,0.0,-0.0,0.0,0.0,0.0
2011-01-13,-0.0,-0.0,-0.0,-0.0,0.0,0.0
2011-01-14,0.0,0.0,-0.0,-0.0,0.0,0.0
2011-01-17,0.0,0.0,0.0,0.0,0.0,0.0
2011-01-18,0.0,0.0,0.0,0.0,0.0,0.0
2011-01-19,-0.0,-0.0,-0.0,0.0,0.0,0.0
2011-01-20,0.0,0.0,0.0,-0.0,0.0,0.0
2011-01-21,-0.0,-0.0,0.0,-0.0,0.0,0.0
2011-01-24,-0.0,-0.0,-0.0,0.0,0.0,0.0
2011-01-25,-0.0,-0.0,-0.0,-0.0,0.0,0.0
2011-01-26,0.0,0.0,0.0,-0.0,0.0,0.0
2011-01-27,-0.0,0.0,-0.0,0.0,0.0,0.0
2011-01-28,-0.0,0.0,-0.0,-0.0,0.0,0.0
2011-01-31,0.0,0.0,-0.0,0.0,0.0,0.0
2011-02-01,0.0,0.0,0.0,-0.0,0.0,0.0
2011-02-02,0.0,-0.0,0.0,-0.0,0.0,0.0
2011-02-03,0.0,-0.0,0.0,-0.0,0.0,0.0
2011-02-04,0.0,0.0,0.0,0.0,0.0,0.0
2011-02-07,-603.6223676030125,22619.305661757353,-14304.16448419852,2153.5325625330743,134.94862751111802,-3126.273782407581
2011-02-08,-13199.767387879432,23938.69542681823,-6134.321825559079,5250.50973828195,134.94252935501714,0.0
2011-02-09,11273.857471889945,10632.78302443851,10245.688607777805,17429.703824543703,134.6024596687446,0.0
2011-02-10,-8954.863590402187,3118.6862672040575,-10047.967209194034,5656.269025959953,135.0495338908911,0.0
2011-02-11,5296.22115767205,35000.96297688425,8322.263775248512,11187.478375017308,134.81649421886007,0.0
2011-02-14,2211.9398292416486,40137.27583749838,1460.7177338473293,-3925.9499176489176,135.06699027794127,0.0
2011-02-15,3061.209287703768,-14888.27637205318,-6852.652523306933,-1388.9614286194576,135.13854701190868,0.0
2011-02-16,-2680.4843939506695,8286.197834120461,1871.9157183708628,2335.6943774763513,135.19872253619764,0.0
2011-02-17,8184.867622353163,-36954.74584849011,11475.586771356146,-2656.9606012558097,135.14463425711773,0.0
2011-02-18,-1275.1919852106373,-39910.76338669422,6231.024564356724,4778.284634448632,135.34899983498664,0.0
2011-02-21,-7.557679813707883,-79.44926727453237,-47.66474693907345,-0.6475002784866022,135.31919430580027,0.0
2011-02-22,18797.1745068426,38929.75188123865,38914.82479181385,-6201.902866981839,135.31919430580027,0.0
2011-02-23,-3683.896146729051,8783.198422087155,-37933.21627977047,2374.903700249086,135.8918708510797,0.0
2011-02-24,4940.099748128396,27426.385015936296,-10202.812288873298,-2024.4036867056438,135.76490205461326,0.0
2011-02-25,5174.0445787345125,15614.19459840344,7139.0845676816425,2362.6296252127386,135.89797386470838,0.0
2011-02-28,3653.9472667178024,-13295.914862244848,-9780.582739443671,-10732.174934354165,136.0737856379467,0.0
2011-03-01,3207.4444328106356,-14952.6956728144,-6887.566963138061,-1405.6572099454968,136.09210561859524,0.0
2011-03-02,-8870.952783792434,-19670.923886165478,4235.625784035295,3549.0702012616885,136.15293785144888,0.0
2011-03-03,-21410.435280143927,2096.7632436835784,-6717.652720432563,4702.432923425884,135.92239807416448,0.0
2011-03-04,16866.62433873812,-50755.42135146589,16537.456011239763,-2317.911178103297,135.35509556422699,0.0
2011-03-07,-3236.86293573876,5853.2382548929145,-1088.2116513145206,-1827.4166726473482,135.80153837038665,0.0
2011-03-08,-6892.809340724277,-17498.502206424622,9108.129796934361,-4851.7668772968345,134.94862751111802,-7.157179560512304
2011-03-09,9992.626033249333,24733.604821413493,9368.162392802851,5587.383245639559,134.72133615026743,0.0
2011-03-10,15264.193819360551,15256.09789182678,27852.312709084083,1653.3909754803994,135.07437380065727,0.0
2011-03-11,-1960.3493764405189,-18015.223511804135,-13910.612801723344,-6461.3934270795535,135.56823728291064,0.0
2011-03-14,6921.027911921927,-9506.475336467567,16595.715759037546,-3952.7486397924913,135.44762622082712,0.0
2011-03-15,2635.946410093153,50864.24613495022,-5173.787487762393,1780.9296298038807,135.63497836957282,0.0
2011-03-16,17718.47438019157,23514.346206478724,28094.34401062244,-8534.946611627334,135.74983089140187,0.0
2011-03-17,-6133.265723813099,-10974.824712663321,564.7002347482953,6008.485124295991,136.2486407592064,0.0
2011-03-18,-4955.466680350921,2993.4285795089904,-23521.217380863716,4975.795833729265,136.1083485061213,0.0
2011-03-21,-10439.751855335457,27908.91793094233,-17636.04338371256,-580.2010889344964,135.9744431408285,0.0
2011-03-22,-1551.1972145942696,18570.551754924993,-14427.218174254343,7275.912130678649,135.68301038170492,0.0
2011-03-23,-1392.14038305577,1471.487082106347,-1074.7896776030302,-9304.514448509775,135.67690538711506,0.0
2011-03-24,-9326.426298492113,-5791.059736105322,-17935.387079160428,2479.88328819484,135.58611408089453,0.0
2011-03-25,-8927.181772053149,29036.850488497115,7648.763196166557,1912.7660805526016,135.3144593374496,0.0
2011-03-28,-2773.998519752824,16407.045825421887,-7701.836351894981,3886.901625076739,135.1034831839524,0.0
2011-03-29,-3603.3726172911693,-21723.28151296881,-4310.648070605985,-556.3384534956351,135.0492999225816,0.0
2011-03-30,4548.267206653699,4982.435664818112,13715.321297299775,-3352.652043738981,134.92346550905887,0.0
2011-03-31,-1109.1114766710139,12071.30167044222,-19262.663777617763,8165.41819470882,135.05538913774336,0.0
2011-04-01,1643.5462355505158,20696.137714548382,-11337.142798626455,-1118.0660891302125,135.05538913774336,0.0
2011-04-04,3263.976383534117,-31133.937740101177,12292.667214133182,-4496.114810315322,135.09739275689117,0.0
2011-04-05,-9957.524695602424,36703.70038950402,-9715.598815997222,2626.7969970079785,135.1577007423858,0.0
2011-04-06,-7839.259146246635,-43050.505945695164,1058.0618925490198,-303.2454281184065,134.94862751111802,-4.682937964273151
2011-04-07,156.8141511303469,-67307.54688314498,12698.274095003571,-5618.865996799583,134.69177781891582,0.0
2011-04-08,-2170.807724432414,14383.086575043593,-2873.980506865975,573.4294816600805,134.63281383019088,0.0
2011-04-11,-1138.8680872490515,6696.854925276547,14447.140001706295,-137.2212517202404,134.57898599018026,0.0
2011-04-12,12729.456880140015,-15953.223124048423,-3524.92741074024,-3682.210014019946,134.56679484467935,0.0
2011-04-13,4738.437065113885,6667.447803222321,-730.9905605671366,-856.4447309305834,134.90762425854055,0.0
2011-04-14,-2892.2009251880568,28222.54017947078,-24995.002600320076,-457.76015391547264,135.04543180744696,0.0
2011-04-15,12663.93118173307,-629.4885992008508,9195.871057894452,-1456.471160562232,134.94946059869838,0.0
2011-04-18,5449.73533587635,-3482.6644330211125,13693.746559223726,-5725.812733308047,135.32185488593512,0.0
2011-04-19,1650.6131124244241,8167.3162014219915,-11508.727654228729,1585.6169883931732,135.4604717455558,0.0
2011-04-20,-6885.568672111696,-15834.25897604934,-16978.23899908481,9367.055165969748,135.50877584900337,0.0
2011-04-21,1350.7953369059408,-6105.297018895998,2851.4502983649477,1783.2785618296964,135.33408005040098,0.0
2011-04-22,-7.456088401827109,-79.5605366561174,-47.71896802812611,-0.6467023973357022,135.3822954834063,0.0
2011-04-25,4174.428041114122,-1127.10963316233,18522.691279754326,-1607.9260877124075,135.3822954834063,0.0
2011-04-26,8421.288008256843,32076.144380586313,-4183.508778854427,-6222.482338619748,135.5148914751584,0.0
2011-04-27,-5318.030834614762,-47162.87188782942,8886.434347423854,-6933.61122700071,135.73851944460748,0.0
2011-04-28,7732.984069196047,-929.1971275868987,14812.260114174776,-1553.2502952998157,135.52712638221692,0.0
2011-04-29,3670.601055634777,4570.195022220942,5975.452444245706,-4222.456486564896,135.75688094684256,0.0
2011-05-02,1785.3925775828861,12634.67002671329,-1775.9690932544202,-2691.6024633082334,135.84776904763635,0.0
2011-05-03,2249.6343323793785,19583.298922000344,-684.7535000801483,8995.768000594662,135.89019628511318,0.0
2011-05-04,3598.484336057782,17228.346684980537,-5523.497419987237,4856.378444862896,136.01765692395668,0.0
2011-05-05,10145.555665438416,32850.453055808415,11383.989232955211,-4514.946581713316,134.94862751111802,-14.779463931175997
2011-05-06,-765.2399483846626,-29357.45251019665,11196.502182290491,-1245.9595491013688,135.25629426429015,0.0
2011-05-09,2036.1482953028806,-7342.2147734240325,25110.28485694808,119.5194719303751,135.22010741096778,0.0
2011-05-10,-8729.32454583629,-12242.72456182986,-22808.202534420012,3416.4176404509153,135.30473001058039,0.0
2011-05-11,6164.587407516742,653.309917355563,2162.168128121565,920.4120418153315,135.0390009689109,0.0
2011-05-12,-5160.780100250389,-33658.13638454593,14838.791349129351,3761.4415430124295,135.22621819322777,0.0
2011-05-13,5283.444210988742,34254.86638682339,2498.5881729278017,-2113.096386934377,135.0933964916992,0.0
2011-05-16,5670.345973571654,6336.387597767528,-10379.474515247111,-1670.5116220856064,135.26240382885985,0.0
2011-05-17,4508.271022807379,38301.487363102795,4437.410878108816,-7227.503678857897,135.40780776624234,0.0
2011-05-18,-10050.265681925317,-18040.656840886622,-8411.828075283685,6001.724396680021,135.52903103119948,0.0
2011-05-19,2261.4619016631505,-27142.230922187013,2649.543410552574,2122.905705879143,135.25629426429015,0.0
2011-05-20,2439.3248822378437,-1225.1734856954938,20366.55246990722,-1637.3548620717736,135.31695279311663,0.0
2011-05-23,3139.347025832369,19158.865684252476,1264.6082118641407,-3599.8209099958713,135.40169454763821,0.0
2011-05-24,-36.575737990974176,16978.910483538657,-1783.9894885553306,4771.475887498842,135.48655565648454,0.0
2011-05-25,-481.8538233264244,-27704.770086733093,-3283.9933823913425,1261.1065158493093,135.52291903092322,0.0
2011-05-26,11816.605187990328,-11665.517782283434,8053.883226972642,-8030.792542812351,135.49266887508864,0.0
2011-05-27,100.72384185319764,-8233.981543622656,9563.795954704563,-1566.3229281769059,135.78467524179777,0.0
2011-05-30,-7.6997259352082725,-79.6406219299674,-47.79338556830177,-0.6509418083203508,135.78467524179777,0.0
2011-05-31,4530.7619932277885,-8372.784415854825,-3838.0499593948266,-2322.9409755506736,135.78467524179777,0.0
2011-06-01,11746.156971123182,42355.07194939222,27131.582341876143,-498.6509825808697,135.88838470013613,0.0
2011-06-02,-11227.610559745264,-64615.96633140312,4601.7026837618005,-23.60088112283923,136.2800348277399,0.0
2011-06-03,7085.224373938221,1088.4494999558767,9937.971363982128,1753.4061346124615,134.94862751111802,-10.753133478603559
2011-06-06,-2515.2272892928368,-16881.111615322032,13188.22830127976,-3972.6638564409577,135.17880509835567,0.0
2011-06-07,1277.182697313892,-40128.920546754605,-5271.470399763594,3978.1520565202345,135.08786626986836,0.0
2011-06-08,7548.028036920215,35978.99850099711,9346.209634645495,-22963.979083239687,135.1123393104482,0.0
2011-06-09,-7751.236766510986,22285.53231326227,-18485.075284573362,13756.624231224205,135.2396177918773,0.0
2011-06-10,4253.396518653881,12347.893499208078,-13265.136687919512,-3446.6457403306686,135.08786626986836,0.0
2011-06-13,-1359.8818126333142,-19203.990517065376,-3216.9365681454074,3615.971742563962,135.18492274808307,0.0
2011-06-14,-16444.61643494873,-33775.17566453277,-13703.45146872773,3602.261583886848,135.14861546620287,0.0
2011-06-15,19903.52796112999,23618.190200281282,24242.559747595875,-8345.9780268966,134.65331389683539,0.0
2011-06-16,5007.445442502243,24495.23722973224,14971.730340240887,5538.39591912537,135.24573910413307,0.0
2011-06-17,-2178.9361140343667,-18887.818150150903,6436.459624787212,4440.453558519859,135.45846935006017,0.0
2011-06-20,-2441.1237937238147,-3406.948866680506,-18599.966136590578,-5835.640912518173,135.41586323926722,0.0
2011-06-21,-3522.1902903355744,-277.8400785488857,3671.1612731097466,-58.08241826451266,135.28822514201008,0.0
2011-06-22,-1439.1183634413412,-15540.66516632895,-10929.581209052008,-2281.392521322384,135.19104161832828,0.0
2011-06-23,12148.093413652558,4143.75679456931,28561.82920166403,-4900.39018645684,135.1123393104482,0.0
2011-06-24,6396.876235851396,-3956.0202603474036,53454.676930948524,-5759.096689427532,135.4768406169918,0.0
2011-06-27,-13820.154046983083,-31761.459855495006,27153.69054327416,7812.362156125598,135.69032289311752,0.0
2011-06-28,-17054.04038009149,20248.820047271398,-44082.36707056129,10342.494053787164,135.35492691085065,0.0
2011-06-29,-10014.644268680891,-49105.674284422654,-41594.89206614805,628.3657831773721,134.8880159792932,0.0
2011-06-30,-3531.45567583877,-4568.169254398137,-55206.413543226896,3372.8025087314,134.51497156162054,0.0
2011-07-01,-6262.940399916834,18159.480995624326,2757.8250599073767,-4514.29567253964,134.35945221682428,0.0
2011-07-04,-7.354480301302433,-79.36056186930205,-47.58976773802876,-0.6438176024848234,134.94862751111802,-6.752622250545025
2011-07-05,10391.641634519534,-38098.88313071428,31847.07076148993,-4274.777892806251,134.94862751111802,0.0
2011-07-06,5820.768366474195,19685.342329277268,7193.887045680152,-2724.721591933617,135.23863251848252,0.0
2011-07-07,-9590.25450372534,30310.002594716647,-14629.852452731413,3580.86886826463,135.4142242746494,0.0
2011-07-08,22490.344290332494,3057.959713394294,31883.985276437143,-7234.644158732693,135.16576202327013,0.0
2011-07-11,12566.485084526712,29390.692980752483,17304.557745187394,1409.599511899563,135.81565212711354,0.0
2011-07-12,2461.6172076574694,6936.845036461841,10825.00420014987,-82.2281546964442,136.21952871040457,0.0
2011-07-13,1886.6611399257306,8155.9881718017505,102.13397636131572,-10281.088816636886,136.30552854809355,0.0
2011-07-14,-9968.323880690366,-45369.985354797536,-3864.445646051882,8190.199898422002,136.30552854809355,0.0
2011-07-15,4581.298652458446,-12967.074762507185,35938.71062101211,2771.031952465543,136.04176636091742,0.0
2011-07-18,-726.7707093106949,-20529.014586099984,19137.81187103283,1981.7538956674257,136.21952871040457,0.0
2011-07-19,4807.11541126899,81681.24307340589,-29076.45106132579,-7099.519736596203,136.21952871040457,0.0
2011-07-20,0.0,0.0,0.0,-0.0,0.0,-3104.437279734255
2011-07-21,0.0,0.0,0.0,-0.0,0.0,0.0
2011-07-22,-0.0,-0.0,-0.0,0.0,0.0,0.0
2011-07-25,0.0,0.0,-0.0,0.0,0.0,0.0
2011-07-26,-0.0,-0.0,-0.0,0.0,0.0,0.0
2011-07-27,0.0,-0.0,0.0,-0.0,0.0,0.0
2011-07-28,-0.0,-0.0,-0.0,0.0,0.0,0.0
2011-07-29,-0.0,-0.0,-0.0,0.0,0.0,0.0
2011-08-01,-0.0,-0.0,-0.0,-0.0,0.0,0.0
2011-08-02,-0.0,-0.0,0.0,0.0,0.0,0.0
2011-08-03,-0.0,-0.0,0.0,-0.0,0.0,0.0
2011-08-04,-0.0,-0.0,0.0,0.0,0.0,0.0
2011-08-05,0.0,0.0,0.0,-0.0,0.0,0.0
2011-08-08,-0.0,-0.0,-0.0,-0.0,0.0,0.0
2011-08-09,-26806.385362716195,-30381.218249014837,-59433.478678874846,-3243.9690818827526,-134.94862751111802,-3073.8206813317956
2011-08-10,-1246.4038180441155,-23604.30876095351,10371.868296217099,-15686.953683241665,-135.86115296281739,0.0
2011-08-11,24628.987396343768,195467.2288015626,-39469.35946507951,-8522.946866745884,-135.9917439140746,0.0
2011-08-12,-11186.622800883082,-80014.11787312642,-15861.678651315387,-3112.4710690257916,-135.25540458209622,0.0
2011-08-15,4770.312735334402,31154.269429753105,19997.982330630686,4623.493963599977,-135.68133458556935,0.0
2011-08-16,-7645.610669705473,-62036.19353792858,-3878.5570252108414,3355.0824636533584,-135.47105057934547,0.0
2011-08-17,-8899.89205096534,-63428.13368308595,20296.06607046586,1664.1508016001198,-135.72471009042212,0.0
2011-08-18,-10010.125590336991,-98103.13396588595,15986.015023703423,-8788.590487215708,-135.9917439140746,0.0
2011-08-19,-3033.2956580624023,-39234.98267151109,25751.44758834402,6491.633695185052,-136.3790663362481,0.0
2011-08-22,5811.391177851429,4834.18802859991,4215.480956476159,-4242.059089368125,-136.4229395215972,0.0
2011-08-23,5174.140031179866,41058.714844293325,-4124.156438663825,8784.427184078535,-136.27915591441956,0.0
2011-08-24,19294.28904790635,105975.44751411372,8823.488288465453,-2200.5825547867134,-136.06057109682723,0.0
2011-08-25,-7992.673549037221,-12427.123760450075,-32383.90436380671,2613.3780302489004,-135.44653471450778,0.0
2011-08-26,-7239.122849763175,-25504.64483237544,7224.224182289236,5326.222250734383,-135.71245215833423,0.0
2011-08-29,10715.335241642153,67292.78063024006,8051.943536572837,5026.404508274651,-135.89852145553155,0.0
2011-08-30,-10815.557712607046,-73174.7304214895,-3181.35697091097,-3234.286596666059,-135.50814112977434,0.0
2011-08-31,5877.919872676503,48799.30883701196,-11779.958874489073,-2338.897804733014,-135.89852145553155,0.0
2011-09-01,-11007.50000243998,-56151.56713936881,-4922.6347263711195,1543.1356771134176,-135.72471009042212,0.0
2011-09-02,-14955.607546419657,-150927.91941047198,37526.72927127926,-13154.017443752518,-136.07895983157016,0.0
2011-09-05,8.191524430308919,79.8310199932282,47.960539464295174,0.6596920246582066,-136.64277591249046,0.0
2011-09-06,-4204.836808135112,-53147.3028540685,11926.681491791833,-5215.774071699296,-136.64277591249046,0.0
2011-09-07,9071.290848345845,70280.84083543446,-7463.340316292632,-1753.8427399766817,-134.94862751111802,-13.659385029983241
2011-09-08,-6449.8609759335395,-15646.283464121927,-5245.076350496795,-2348.2962995682783,-134.6466237686799,0.0
2011-09-09,-9687.04224806759,-26736.899102432908,-16128.436416368799,2762.7055110036395,-134.8744377726428,0.0
2011-09-12,4246.2673415662375,-47620.25390856294,21922.19587706194,-8407.768658837724,-135.1897785675326,0.0
2011-09-13,6942.614261773156,59671.3242441072,-10574.613426263364,4216.8449747961295,-135.12188053307983,0.0
2011-09-14,1591.2594706525101,16290.324123776254,28313.98385296481,3909.0975215593758,-134.86218656717355,0.0
2011-09-15,6953.40159322821,18260.8905453087,8294.830517436832,6469.804785639634,-134.74500772761894,0.0
2011-09-16,-2786.857616410839,6753.751448477447,16386.901210281543,-164.1362690492726,-134.474726789679,0.0
2011-09-19,-14420.657121938833,-69099.3999622992,-9090.521226445488,3304.6420548192655,-134.5360336772023,0.0
2011-09-20,-914.5784608498977,-29955.087561025997,-6137.632701558479,-2880.2418507100997,-135.0225315294062,0.0
2011-09-21,-7217.06782434361,-146444.45438104492,59947.00751919198,-6267.503367138698,-135.0968994642879,0.0
2011-09-22,-22535.321085120093,-167549.4802157408,33026.275145654436,6385.186468301877,-135.38269104781995,0.0
2011-09-23,17163.384851149687,57425.41133468912,16926.114944434372,203.51877686067462,-136.08981276735315,0.0
2011-09-26,9780.712178823036,59506.02989103717,-22110.807336326223,3460.654080079123,-135.54494152309388,0.0
2011-09-27,10349.896153067231,67096.3113803585,8023.85765025647,4983.255131663349,-135.22765813300185,0.0
2011-09-28,3914.5333091170824,2725.719408130062,-709.7192038535643,4184.087250020629,-134.83769883291066,0.0
2011-09-29,-4980.379408745715,-50420.73436063098,16621.128721730678,-984.769297309695,-134.69603225396378,0.0
2011-09-30,-10020.84746439092,-79535.56650194868,41190.22788941861,-1478.670015823639,-134.86866732883408,0.0
2011-10-03,-16090.506558730172,-90338.22684032716,-7454.580784262614,3650.103836749337,-135.18420529598635,0.0
2011-10-04,2871.467191982558,-3859.622677013293,7861.88295097549,-6643.028187832715,-135.7138174512887,0.0
2011-10-05,12569.876012951434,76204.61401310608,14039.66520566147,8269.076781605718,-135.66390102775964,0.0
2011-10-06,11660.74464863841,41265.9584328478,-11523.150396107176,8731.395942131992,-134.94862751111802,-2.9228661571614794
2011-10-07,10054.309040964712,38184.180421517434,26965.838162618427,4528.037429134656,-134.53564301201197,0.0
2011-10-10,6.969966189672054,79.12760962801634,47.4095234514119,0.6364124661758065,-134.14351173527606,0.0
2011-10-11,10336.623135741966,49550.00513975562,114.22385335319987,-575.757395124113,-134.14351173527606,0.0
2011-10-12,5712.995909852146,76641.51914401165,8861.655653949736,-1887.9858485796647,-133.79023254810576,0.0
2011-10-13,-6143.024174363629,-24410.12869672211,-24510.639520280223,5995.0512556983485,-133.55406679786307,0.0
2011-10-14,5571.285205122369,64176.7110255886,-2787.100926546999,12223.917203073332,-133.76608554891118,0.0
2011-10-17,-8201.122569003399,-66133.17082464285,-142.77293426588236,-4034.322921058307,-133.47558877528868,0.0
2011-10-18,1406.0132127246088,28876.472378162947,-20706.289928963404,427.7152328374058,-133.8146982888997,0.0
2011-10-19,-1319.0974217971705,1652.0625972089017,-12485.047891035963,2420.707052597444,-133.77220381576907,0.0
2011-10-20,2476.3112507272267,13121.380066123837,6073.704597657179,-1797.3888232736122,-133.8146982888997,0.0
2011-10-21,4915.882806143117,35151.59752121489,-29112.029383256733,-1233.6283003106141,-133.72973961764671,0.0
2011-10-24,2088.8618827435357,7027.837431168849,10785.618556885314,-77.94803217704138,-133.59029310562138,0.0
2011-10-25,-14846.348228625446,-68162.31475436977,10092.98791258421,4833.389958574021,-133.50563654656335,0.0
2011-10-26,11521.132090482393,47966.372684655296,12660.28126015825,-3001.9702866813127,-133.99721964220674,0.0
2011-10-27,21989.42383655326,145019.7757032162,-14545.196731554392,4743.230977023662,-133.6025284180119,0.0
2011-10-28,-10021.779165233584,-40772.706197405525,42.22614749222684,2844.1730968586476,-132.78478425121443,0.0
2011-10-31,-20629.742633836424,-115544.2405082333,-8009.116017325143,7852.158691479891,-133.13840545848566,0.0
2011-11-01,-17687.48333167473,-111596.12379727895,-135.6243707527256,-8447.661787056522,-133.87558519427236,0.0
2011-11-02,1931.6814690948124,31404.608871720087,-17831.17773477341,4538.979934905328,-134.5723709440981,0.0
2011-11-03,6619.027343619854,47016.75994186473,-10682.60566465258,6847.286270722114,-134.48637549682343,0.0
2011-11-04,-4017.6169493761013,5556.925258996617,-8765.251355183911,-2639.1083269253045,-134.94862751111802,-5.056227601879073
2011-11-07,-1306.924917919982,-48635.67401163136,-1523.776246025074,1563.7966135726829,-135.09046780994623,0.0
2011-11-08,7962.009210098554,55642.33368768161,-922.2153054374462,-2395.956049485236,-135.15864585050966,0.0
2011-11-09,-10813.166269122601,-71008.7228525894,3579.7094049424077,-11573.938607535942,-134.8993694603396,0.0
2011-11-10,6489.930680693065,60925.069512894515,-21259.296698664002,-5838.890577675302,-135.33823731315618,0.0
2011-11-11,7.468379208117719,79.41556425333846,47.63490753465007,0.6459172457889425,-135.16476824189513,0.0
2011-11-14,-670.3180770180237,-20282.312060487202,19132.474533369466,1955.320372377642,-135.16476824189513,0.0
2011-11-15,3126.278278616378,-5837.622153296676,1084.6887192993488,1812.1575559584792,-135.16476824189513,0.0
2011-11-16,-5771.0379610815335,-36690.3960034482,-5453.061054841185,-2025.891543866703,-135.0659757982469,0.0
2011-11-17,-5749.671711924851,-57419.07544577295,3988.615014463196,-883.6567400973231,-135.28258000651013,0.0
2011-11-18,6700.849837953654,-6552.188843381216,29302.044908291184,1020.4038934108614,-135.49383934773147,0.0
2011-11-21,-4897.708399559132,-11137.107392691805,2602.1982566420606,-6605.842722416609,-135.2642238311672,0.0
2011-11-22,-4356.660836899984,-29404.70297392837,15018.14615036657,-1306.7436433664036,-135.45030132628332,0.0
2011-11-23,-7600.191626194892,-61242.20106564588,13577.985166302848,5021.110105269449,-135.58712876742382,0.0
2011-11-24,7.8219832343988855,79.56740708892548,47.7638994950214,0.6523088711364134,-135.80559868948214,0.0
2011-11-25,11490.039240187949,57972.25246636144,-9490.581829264022,978.821353305216,-135.80559868948214,0.0
2011-11-28,-1417.8778126119023,23144.5693690048,-4585.2428611354535,2984.0174476092984,-135.44418260128126,0.0
2011-11-29,4076.4303455283816,15308.501994724927,-574.7803044622401,1509.4688602245035,-135.45642127309875,0.0
2011-11-30,8515.368772481768,87725.98176887102,438.3213575852775,3811.1130578622874,-135.3198738060231,0.0
2011-12-01,5000.330682566823,29187.46791281745,-24527.76012234799,492.5221937352454,-134.9856715733094,0.0
2011-12-02,-9433.501239317673,-46626.1723636536,10704.92656155619,5542.361212690065,-134.84402345337756,0.0
2011-12-05,424.5461494580785,-23391.035487469,-3105.3685897911373,-3793.1934446866353,-134.94862751111802,-1.4310840098878543
2011-12-06,4294.038913174168,63533.7616285872,-6780.298753711909,-897.3885336749211,-134.97958780057004,0.0
2011-12-07,-7472.659721325539,-28643.24721237237,-13157.978413055456,-500.8697554588811,-134.819203627435,0.0
2011-12-08,-5218.892799420977,-12782.48269502105,5482.4643263902935,2611.181390200926,-135.08445207786684,0.0
2011-12-09,9197.759143493304,74828.10650960788,-9344.548424861878,5695.820905202084,-135.22668170155723,0.0
2011-12-12,-3563.994357714176,-43029.86463557705,-12189.734054917128,-1048.8109250425591,-134.88068726405749,0.0
2011-12-13,-7347.993677333642,-61952.29653586672,7711.095293624748,-8346.220630723923,-135.04118739417945,0.0
2011-12-14,-3771.831310145857,-61041.49628778742,21443.41273442463,-6677.616543575503,-135.34469030515098,0.0
2011-12-15,813.6094965112347,-257.45914008916407,-9608.89951665133,-811.738159378786,-135.51268039196214,0.0
2011-12-16,-8658.751370186414,-28367.44377439671,-3541.162816346946,306.2777881861529,-135.5065584592402,0.0
2011-12-19,-4298.521148461735,-54661.767219496796,26387.184413168463,-7675.928006887938,-135.7809092607015,0.0
2011-12-20,15737.97402966405,90348.35971908974,-11861.699687918024,7308.310712882688,-135.95627277308301,0.0
2011-12-21,7047.119123046387,33766.25250910719,-16707.32645339868,-3745.9816202119296,-135.41943958889857,0.0
2011-12-22,-862.7368024796,-8487.622993369916,1843.4798423832058,-2393.178078880526,-135.23333493439398,0.0
2011-12-23,8257.929199767232,39390.54484642022,18243.323530843092,-5514.436331368463,-135.27675445341472,0.0
2011-12-26,7.414211008783161,79.36103947457876,47.596723106665976,0.6447285171621324,-135.01670210718999,0.0
2011-12-27,-558.0855729085351,-19361.77994161011,-12752.398710455589,2804.699395125037,-135.01670210718999,0.0
2011-12-28,-12564.974890288411,-78443.00744210518,20844.911087347,149.71921046763805,-135.04773147848684,0.0
2011-12-29,-2883.4985871477106,-4894.515048408168,-15612.430767263291,3404.6795678025387,-135.45074324963812,0.0
2011-12-30,-5143.9543617770105,18514.696601813823,-10597.251048958597,7209.3017022259055,-135.53792444831907,0.0
2012-01-02,7.72070356194864,79.5374130172924,47.73490735319973,0.6505686612836185,-135.64359259372435,0.0
2012-01-03,10906.866570808748,49695.88070464737,114.65811624952693,-582.4567641944365,-134.94862751111802,-4.459756474047026
2012-01-04,2490.674964128657,50813.51700247908,-5052.2594847331175,1756.9094797711314,-134.59070630461449,0.0
2012-01-05,2301.3573988829694,12413.510464643836,-22832.529408775554,8141.5580396707255,-134.47382834689503,0.0
2012-01-06,-4949.442999702531,-17206.645225347682,7328.094523065649,-4781.442153878974,-134.37565893873105,0.0
2012-01-09,-89.99094193553334,-4347.861449836561,-9643.220053986286,4215.632323744079,-134.5598779857056,0.0
2012-01-10,1379.8632534416233,28043.88177924985,11032.13080643773,-414.35414096737856,-134.5537560529837,0.0
2012-01-11,-7998.3631144056335,-57817.243902017886,-1933.707685984434,-1729.1846773526472,-134.47995150222286,0.0
2012-01-12,1043.5728516585011,17497.565452764193,17656.251346328256,-6080.267721582674,-134.78166417723762,0.0
2012-01-13,-5705.759814207457,-53650.08688100011,-15283.79845716362,4892.833301393965,-134.75071985238367,0.0
2012-01-16,7.349751261609574,79.36773752418591,47.593468036788515,0.643793843861891,-134.95475066644585,0.0
2012-01-17,-3347.3191467111815,4314.3591130691575,13467.912120899307,-4296.25398385068,-134.95475066644585,0.0
2012-01-18,7691.729002572383,29739.47939236253,-18617.11272425516,1356.482801347043,-135.05985664525977,0.0
2012-01-19,10774.199356799256,54142.971872061265,-1752.8753630498904,6831.936510792464,-134.82488938272954,0.0
2012-01-20,5540.166450236218,32319.079225344773,7396.961100714978,-5362.955594323818,-134.42472768543692,0.0
2012-01-23,4539.017910603412,36321.364348193616,-2223.859644716598,1176.62428860149,-134.25311943600107,0.0
2012-01-24,-1619.4302140872783,12502.923920173305,2032.3686176061249,-2684.0726628030293,-134.08200060873375,0.0
2012-01-25,-9571.589700179742,5748.5985173344925,-54223.55914242449,8849.768505180975,-134.136979610709,0.0
2012-01-26,-5216.844580945032,-22413.963616949033,-19729.197478059727,-2204.0781691511615,-134.4492227532109,0.0
2012-01-27,-3438.1364610274723,-21559.310732942064,-4211.351420194999,-550.8349971512462,-134.6644238414265,0.0
2012-01-30,-6744.709233723721,-59462.59673284453,10656.148136125346,-4193.1164343863875,-134.79391415696182,0.0
2012-01-31,-4777.325912424607,-36266.324282287234,2327.3893769840815,-1189.0826627377935,-135.05372982022314,0.0
2012-02-01,5442.739445215538,44194.44209476568,-21434.18527932202,1931.9523668519641,-134.94862751111802,-2.605620986647409
2012-02-02,-935.2281948069908,-355.784346818384,-7722.700942106621,-831.3365195458088,-134.76919877594742,0.0
2012-02-03,13053.923022673784,86215.22211747043,9318.99643612298,1380.1197414508565,-134.81247862042702,0.0
2012-02-06,-4181.450793048661,-42607.14105819048,-2551.7587941673773,-242.54015562623889,-134.33809905253787,0.0
2012-02-07,8632.3913996692,35304.80088597612,16255.910212486326,-408.51026566358667,-134.50404695732257,0.0
2012-02-08,1187.0324170259837,-10338.06950413495,-6744.2834797466885,5951.632119376803,-134.19712608597519,0.0
2012-02-09,5373.566025724758,35930.72407636075,-286.7669693606352,-11154.462750095894,-134.14203930484018,0.0
2012-02-10,-9032.060865696143,-64230.50502758467,-4944.667608853527,-816.28941161514,-134.01367663919706,0.0
2012-02-13,5096.511099978799,4798.238373633613,4174.957212222046,-4119.007796276162,-134.35658941943544,0.0
2012-02-14,-7913.051087301747,-57735.381181669734,-1930.6710159667766,-1724.0364047221383,-134.21553419527115,0.0
2012-02-15,1590.436276706991,20823.1251438955,-11217.075382994813,-1107.2951785632097,-134.51654930865257,0.0
2012-02-16,7454.480562056995,33179.38839814998,22911.854570554675,-3713.3133870818097,-134.47345485746465,0.0
2012-02-17,2097.9843232596304,15143.535757722113,1277.850189470031,1454.089613416321,-134.21553419527115,0.0
2012-02-20,6.978647136210474,79.1128927073102,47.401820563819854,0.6364457223785351,-134.12980612971901,0.0
2012-02-21,5828.667982451258,13328.384518850793,2383.578947322062,-1750.4848949282518,-134.12980612971901,0.0
2012-02-22,-6109.0331629617385,-19247.977818212363,2438.310037789707,3471.337769688806,-133.9464886958436,0.0
2012-02-23,-867.942790473187,-29843.961308296643,-6109.856139173236,-2845.92989500867,-134.12980612971901,0.0
2012-02-24,-1075.628733544387,-22649.569000891497,16099.906155951392,-2160.127290448446,-134.20330590358947,0.0
2012-02-27,-7606.220950476274,-34665.683419619534,-8387.600663530817,1234.8165303189476,-134.246215900571,0.0
2012-02-28,2045.5694350509186,23266.47333053204,-8268.898270355236,3000.7145587964487,-134.51043455254603,0.0
2012-02-29,3611.1410269200564,9924.17371649187,21525.58286833341,4852.092693864265,-134.42427645761006,0.0
2012-03-01,6007.321490314679,51077.1516780318,-8772.709255178184,1823.1847143426705,-134.94862751111802,-6.676309984693944
2012-03-02,-6514.579652155861,-11188.95251358605,-7113.688110810646,5052.502655865018,-134.7327565221497,0.0
2012-03-05,3860.6611583404615,-10635.129204760837,-6680.476666771722,-6422.656968623889,-134.9176345431144,0.0
2012-03-06,-6090.226386578901,-25760.231827003037,-2433.3864928919115,4457.716662279044,-134.85606692692016,0.0
2012-03-07,3478.27087010182,25401.078225694226,-3392.386563217126,-5331.767066835585,-135.03519209662747,0.0
2012-03-08,7378.239098055751,28042.13057106362,-4148.897568496334,-1136.5234731120902,-134.94862751111802,0.0
2012-03-09,1711.1131139225317,178.22490897650096,-1806.4090218091449,29.147998648726006,-134.7205184630896,0.0
2012-03-12,210.91233147559407,-16154.159302596461,19162.59172087501,-3084.673430242464,-134.6713195116866,0.0
2012-03-13,12120.31816173961,52523.403855703364,10830.762071177931,4366.126924688585,-134.6713195116866,0.0
2012-03-14,21294.58470384816,80061.28049466142,6713.100914035963,-9105.444178281963,-134.2299584283408,0.0
2012-03-15,-2651.4806919340313,11170.892908717775,14456.669391049212,7120.10135014433,-133.56141727862087,0.0
2012-03-16,1741.4776502617094,945.4698091872492,15501.859813131487,1635.9405328947134,-133.57974691202185,0.0
2012-03-19,9598.783520681458,35276.42748226328,14336.16058094769,-374.5209305083524,-133.4951959307036,0.0
2012-03-20,465.0297133832381,-31314.473779555923,6411.1693736246125,-5202.645536979744,-133.14597143975024,0.0
2012-03-21,-9318.425300805868,-38709.65751986073,-6580.595988032837,6104.725755286664,-133.17577600977907,0.0
2012-03-22,-2771.9170810974733,5960.3259190375,-981.6714298039925,-1767.1604847405663,-133.48297495611348,0.0
2012-03-23,-5121.750264795356,-40145.65736800346,2237.1092984572583,3781.541964127293,-133.57974691202185,0.0
2012-03-26,336.2193444080096,23112.634260035305,-6396.070202754611,2937.559007077333,-133.74921041671956,0.0
2012-03-27,-7284.222314304655,-9607.16126352993,-8097.453063983474,-4062.1594182212502,-133.71291160064763,0.0
2012-03-28,1981.8300017118393,6268.615860433058,-6527.76800025787,-1694.8878216832406,-133.98617637537498,0.0
2012-03-29,-4914.754387947808,-17147.999629369922,-4208.747194163255,6745.130448258414,-133.9374979441274,0.0
2012-03-30,6881.895141131338,55173.44540177486,-8698.183006672743,-3222.20890872249,-134.94862751111802,-6.531609564524842
2012-04-02,-931.7949027405691,-355.76898305840666,-7721.888973227629,-830.7818821376317,-134.7336651980216,0.0
2012-04-03,10497.548418951192,22888.28794450374,14285.913331323687,2302.7676496752115,-134.77659641715374,0.0
2012-04-04,-6458.560893163117,-20055.49440623789,-14922.056126461332,1866.4194478818451,-134.4156500507425,0.0
2012-04-05,-6529.351463717626,-37074.660994928556,-13208.066449778004,-2843.1696829000807,-134.63565913437554,0.0
2012-04-06,-16815.03038273397,-53007.01189519901,-26381.818701975528,6391.435814148426,-134.89333844342428,0.0
2012-04-09,-1162.3615901871633,-22755.026752919122,16195.143366066244,-2197.709277081712,-135.43037020933664,0.0
2012-04-10,-8546.735012794179,-6875.117167714015,4453.313892142766,806.7943361562373,-135.47379407644087,0.0
2012-04-11,6851.652610298312,19535.91081184972,-2363.5556490876015,-3557.6545313389965,-135.71586928478456,0.0
2012-04-12,3160.0659241734793,36381.44073055801,-375.80147203504725,1170.0701978824407,-135.52949159406964,0.0
2012-04-13,-8843.40916446681,-42629.79726186151,10809.817114560305,506.7838659701512,-135.4053431188956,0.0
2012-04-16,-2281.9813938744783,-15069.584020246957,-1191.4176795387536,-1482.7455679042619,-135.67841569213326,0.0
2012-04-17,4234.547859284921,19778.454543199627,9169.263695099597,-2773.931150340107,-135.7656052164396,0.0
2012-04-18,-3269.6045371443524,-15504.003369850281,-8993.754710979567,-2323.900077512349,-135.63486761895265,0.0
2012-04-19,-2404.5656016760763,-6923.382341143115,-10799.747057853254,81.74771120367373,-135.7656052164396,0.0
2012-04-20,2358.3646461507633,-14442.472329452086,2889.8288304504276,-583.8162635100887,-135.85291942029173,0.0
2012-04-23,-5466.276426470481,-12814.385536634758,5500.432674345997,2638.190532573776,-135.79699674761488,0.0
2012-04-24,5190.006602869785,28381.404746288743,7374.043190935973,-364.69080231624787,-135.9403585147838,0.0
2012-04-25,1303.8944600410975,27392.83585513836,-6382.42336383489,-2080.1989436226986,-135.7656052164396,0.0
2012-04-26,-3799.8434109306168,-13489.002546132651,-13838.677429568148,1005.9169692084333,-135.7281217034416,0.0
2012-04-27,-1900.1262268795028,-8947.505128542196,-5961.137426292913,-3257.4199211336586,-135.85904624121312,0.0
2012-04-30,-68.15974093538095,-8818.035055207998,-7791.302958054826,-3187.553618290697,-134.94862751111802,-8.340827477240964
2012-05-01,3936.1710869386193,27845.4381884329,-436.96062799969974,-1194.5416731946366,-134.9857911287809,0.0
2012-05-02,-3806.36988779095,-31334.762422190503,8230.56991878726,7065.558392095124,-134.856028621898,0.0
2012-05-03,782.506902954773,-256.97109083765736,-9584.428180310186,-804.9176841202654,-134.94250603698984,0.0
2012-05-04,-6597.350740153951,-28214.66306930959,-5387.84825484548,332.3038158393964,-134.93638578498002,0.0
2012-05-07,976.6234439521179,515.0467042848753,7831.193572109745,837.5335724433867,-135.15924133548083,0.0
2012-05-08,-4428.537009593257,-30149.454984011172,-2423.7496563779355,-2943.875394214462,-135.11583225541196,0.0
2012-05-09,-468.97261042854285,-2373.1250780901723,-2910.7990663555693,-4152.237853656168,-135.2896550572201,0.0
2012-05-10,3555.820100440975,25423.546369803655,-3396.6487267755588,-5356.397389145158,-135.33318854608117,0.0
2012-05-11,-6338.609763793075,-34697.71936216391,-10286.282959093553,1281.0653846244916,-135.2461527100655,0.0
2012-05-14,-5894.826456258745,-66367.97154746659,-3864.233746173223,-4099.34936810783,-135.46397612685908,0.0
2012-05-15,-2089.651494243086,-31349.50940778691,18011.60445475271,-4619.291695882105,-135.7141564016937,0.0
2012-05-16,532.2549478053256,-14530.218345916464,4750.526322594004,-613.0194660424908,-135.80188055710164,0.0
2012-05-17,-6759.101889170261,-86821.54662739404,15264.49888542715,-2147.05594718239,-135.79576274835088,0.0
2012-05-18,1042.9831785632396,516.3307209885285,7859.703119131125,849.2602697238509,-136.04745915358365,0.0
2012-05-21,1176.9578776160956,22841.63541115172,21727.286578142597,14883.55525320859,-136.00339219884597,0.0
2012-05-22,6854.700324978166,52859.105960845016,-11695.563608043156,-7455.965444896399,-135.83967200263837,0.0
2012-05-23,-8670.365092762559,-36517.76301107595,6055.680435637275,-1258.9389822844307,-135.66422363853263,0.0
2012-05-24,6063.344085756327,28027.96856051747,-2302.6449818614265,-1182.8470301980499,-135.93982183676968,0.0
2012-05-25,-1493.5765452430394,-15401.004070683439,-10856.796559617671,-2301.897047674237,-135.75800276275703,0.0
2012-05-28,7.855835510503123,79.56485333148079,47.766176965946144,0.6528061947083449,-135.83967200263837,0.0
2012-05-29,-457.3036344205348,-2370.7004143120043,-2906.5969781220033,-4130.45034563435,-134.94862751111802,-7.08545847779169
2012-05-30,-14752.180983053655,-72879.39975604934,10174.252908117718,-2463.3705175685213,-134.9921047438997,0.0
2012-05-31,-4926.300209155415,-36317.11871482529,2331.8504010061383,-1196.9148553520085,-135.49078432912646,0.0
2012-06-01,-14872.952703860585,-92138.02916705457,16781.882004784806,-10605.04916780343,-135.66638605635302,0.0
2012-06-04,7470.6107964395205,21116.925674261744,32651.784888882306,-244.2719757149337,-136.2084801186017,0.0
2012-06-05,4865.053342412046,52842.993446426175,-21470.76092320302,4347.554764327733,-135.94298687649305,0.0
2012-06-06,11457.601564462931,66917.55753968722,-1623.3058487368278,4202.865248584387,-135.76662657624814,0.0
2012-06-07,695.7736682755583,7881.418453831622,-19194.759310631875,747.9419645246426,-135.3655381259238,0.0
2012-06-08,219.38290829618074,5426.898409009212,-22153.23268745338,-3407.127802218819,-135.3594135967135,0.0
2012-06-11,-6175.943750389504,-38420.70299318269,9023.173565012012,-4542.592118592839,-135.39704910559715,0.0
2012-06-12,10110.545810350977,22518.855069824713,6540.210905146057,1489.0518040793625,-135.62243832103684,0.0
2012-06-13,-7621.1773915009535,-49394.285787952285,-3737.1744875447016,644.3110714162704,-135.29731992200115,0.0
2012-06-14,3690.919831388859,21775.72728288882,4322.715061602455,559.828865913563,-135.5601558866639,0.0
2012-06-15,-6043.199914993046,-11550.807779368548,-16788.484018962976,4294.357660423732,-135.4285963947464,0.0
2012-06-18,-1176.853465854986,-22768.126805126914,16207.896174637963,-2203.62988855472,-135.610192930464,0.0
2012-06-19,6308.324049480311,38608.70295891276,-8937.395584886604,4561.984073501338,-135.65414066578018,0.0
2012-06-20,2412.1976285831433,-22554.945489656122,12474.391218250405,-2140.324098458751,-135.4285963947464,0.0
2012-06-21,-3049.1405709175574,-27283.182716835265,8323.474279125616,2042.6386850805895,-135.37256810044266,0.0
2012-06-22,6826.9987552762905,58046.73463106327,3897.1012362086976,1728.092914480294,-135.46018001748993,0.0
2012-06-25,-7186.440779402334,-43260.45752173215,-8488.587285098043,-1111.897391027289,-135.203839510673,0.0
2012-06-26,3778.478135134299,13629.069888916007,13912.615997007388,-1001.7171006294568,-135.46629843629663,0.0
2012-06-27,-1820.9451090996447,-4452.308104243658,-7803.706524978705,4211.9083658331165,-134.94862751111802,-2.8020998075608077
2012-06-28,-5445.668806028576,-22448.274531942196,-19773.285125968036,-2223.141244190667,-134.99218727626848,0.0
2012-06-29,9143.381763408459,53334.61839205654,-17327.16485858067,5197.797932998096,-135.21045578787886,0.0
2012-07-02,-9075.232539341398,-27973.467336818863,6097.956941787259,1108.56713608957,-134.8928618538387,0.0
2012-07-03,4843.15740412435,36433.88278749776,-2233.090511354626,1192.8165684819712,-135.17285977563571,0.0
2012-07-04,7.372707920333257,79.37881916486904,47.60256358994834,0.6442170046271979,-134.99830767977778,0.0
2012-07-05,-3433.475744796829,-4584.481006465288,5629.48553052134,-7489.25316186758,-134.99830767977778,0.0
2012-07-06,-7048.102329519183,-34359.255721008245,-641.2686491421969,2085.953630207045,-135.14141921628269,0.0
2012-07-09,-3981.7563395586053,-32202.274511340456,2405.3759242396236,-6269.109939188842,-135.36628254860136,0.0
2012-07-10,-792.8126862230592,-12169.133820377401,9570.490917135703,3526.997430085396,-135.54184062064553,0.0
2012-07-11,997.7733136114634,515.8603407155113,7846.321046090172,841.8130377991437,-135.54184062064553,0.0
2012-07-12,-4424.912243564574,-13171.339644123816,7441.243019138942,-9943.950886072822,-135.49790377373972,0.0
2012-07-13,1383.4598534835945,11121.39863106723,1212.1841655035064,6581.83714897068,-135.68609266197203,0.0
2012-07-16,-3691.4449296952334,-4562.739146390927,-5966.480405467845,4221.057887845895,-135.5980608741902,0.0
2012-07-17,4104.530915159571,15329.798208269702,-575.636496218214,1513.0543570580694,-135.69222040175353,0.0
2012-07-18,-2698.8965739829246,21050.36713956292,2108.582285183187,-368.2634243143627,-135.5540924299817,0.0
2012-07-19,2788.1792689526355,13208.671048005377,6125.704379989096,-1844.246517394621,-135.6164477653503,0.0
2012-07-20,-6290.112944690576,-42899.61037658932,-704.8619378706214,-275.43424182913935,-135.528542474236,0.0
2012-07-23,-3202.03853867557,-19185.569685996612,-1266.7865190068594,3616.687529757587,-135.7485429505021,0.0
2012-07-24,-3492.775069023991,-37957.549481255555,14990.324046631313,-3695.1657550141185,-135.83676488688772,0.0
2012-07-25,-1416.314398771898,-6492.281692548769,-2995.8422766266713,927.9692576263452,-135.96933605039212,0.0
2012-07-26,3460.4677318176164,12835.715078375992,-3527.7472733092955,-2633.486909373176,-134.94862751111802,-9.147171387754497
2012-07-27,15558.775148518944,90452.84343631862,-4030.249225001327,8023.602370824177,-134.85505629343197,0.0
2012-07-30,-6665.086251542749,-21720.949561679718,-502.4186140566585,-604.670543164089,-134.277458114944,0.0
2012-07-31,-2115.2788809714853,-15005.666664921422,-1184.8890521268406,-1458.1213332940354,-134.50652024945768,0.0
2012-08-01,5589.42034645502,24252.819177309262,5400.632962426411,4689.7477380603095,-134.59346634833346,0.0
2012-08-02,-5016.48882402062,-38619.22199862879,-626.5667373174621,-5273.71047059566,-134.3702131742898,0.0
2012-08-03,10718.288757923923,71059.09108074495,8076.549780690034,-85.14017883133995,-134.5873442622652,0.0
2012-08-06,-1361.2448150011332,1654.4395875566436,-12509.088566581533,2436.181214955812,-134.19706917364636,0.0
2012-08-07,9571.51444642456,28507.575301713,1766.1914588448308,-270.9417262144578,-134.24030854045117,0.0
2012-08-08,3586.674337778238,6365.047579553862,-8372.336695651382,-1665.4420467254847,-133.91992507028928,0.0
2012-08-09,1962.6304406289119,18770.23262762035,-6385.776576724333,-4339.505839233204,-133.82167754673168,0.0
2012-08-10,-5208.783692584792,-15161.415929776083,2510.8721341532237,-1499.3780729821538,-133.77871663787124,0.0
2012-08-13,6.874840203425161,79.08166216477412,47.371817377273295,0.63465881676416,-133.96297856223669,0.0
2012-08-14,8193.310869680123,60296.29352323404,4964.121379204227,5790.544916852734,-133.96297856223669,0.0
2012-08-15,7999.75920174185,55785.49535391163,6813.625209565906,-1523.7891656169047,-133.619414003416,0.0
2012-08-16,5296.766422656927,25016.45154153748,-14769.748594521061,-5955.785729546218,-133.32040745459798,0.0
2012-08-17,-2692.4997804986906,-19006.4297207068,-1251.539401903197,3485.4601449334555,-133.1804869744994,0.0
2012-08-20,-15.127537336282014,4517.333677622142,-1806.7102609193482,7246.773261411562,-133.26558135625515,0.0
2012-08-21,-1149.2702597216203,-35831.052997118786,-1375.0351710228836,-1102.054230495782,-133.2230189298729,0.0
2012-08-22,-12127.10945876774,-20368.549147194295,-7477.254684664762,1724.4321837036941,-133.29594598779514,0.0
2012-08-23,-2328.659097778902,-25494.924476985456,5398.614339923189,-7017.604929873337,-133.71123881489584,0.0
2012-08-24,1274.7100911340785,-14829.994753733821,-4899.238893776567,-1410.5278161125923,-134.94862751111802,-8.13501291826833
2012-08-27,-3525.799758491293,-21570.48958876138,-4215.310545314499,-553.4637216478792,-134.93638578498002,0.0
2012-08-28,-1739.353175956371,-19.66418372539653,1904.3788264797045,-28.01064593926583,-135.0671038232813,0.0
2012-08-29,1730.1139270075428,17209.504031571647,-3542.5843572934887,4778.688896170701,-135.116859336691,0.0
2012-08-30,-3649.7911611176946,-13451.264829027315,-13790.8051350648,996.4583728986969,-135.0296201225741,0.0
2012-08-31,-11024.771823518537,-11065.119415330875,6229.786830194557,5836.701896600133,-135.16052593336136,0.0
2012-09-03,7.5888615884957265,79.51159166493447,47.70495941182852,0.6483919787233658,-135.45380464398204,0.0
2012-09-04,3279.8208653844845,-1403.5965585560143,10817.069764853988,-2450.88581762731,-135.45380464398204,0.0
2012-09-05,1678.713624553261,-4260.783269838213,-11538.239599797977,4293.945070831002,-135.35999943762636,0.0
2012-09-06,11567.665013516606,55874.396248311416,-4640.859742588752,-2343.0807805022473,-135.30395817186735,0.0
2012-09-07,-2808.160923446498,24691.460609171143,-17174.24015707107,5423.388094084075,-134.94250603698984,0.0
2012-09-10,2226.66144710274,10724.475369676113,3151.676037911298,-5962.744320796223,-134.998291622664,0.0
2012-09-11,1810.0797908902452,9076.596793639672,6030.958368014612,3217.31979766316,-134.95475020766781,0.0
2012-09-12,7757.501853163267,60062.24199225442,-2788.961418948781,5033.178288012989,-134.8677610384525,0.0
2012-09-13,-2525.514409671818,29998.0546819212,-39268.82397674902,2023.0334882420198,-134.56427960890056,0.0
2012-09-14,15666.07085917415,83972.36286158882,-8906.310230161153,8934.97597709685,-134.65695715513363,0.0
2012-09-17,-3744.4096639508107,-32962.1144510127,34132.73689088231,-6992.69367470379,-134.0782007724836,0.0
2012-09-18,-3333.4497937648644,-21525.462106436928,-4202.686832527417,-547.2612469040254,-134.21930266940404,0.0
2012-09-19,-2154.5494831575124,-36416.11240785983,-9139.126949480833,-1946.5492330811298,-134.34843743621974,0.0
2012-09-20,83.60634956735893,-3575.7575075291948,7733.0119513408745,5838.071480441395,-134.46560577788577,0.0
2012-09-21,-2649.543061208307,-9335.988222629687,-13679.719249475209,-4018.646612513904,-134.422437369557,0.0
2012-09-24,-2928.643171680936,-31714.741396890855,10177.25772953994,-5398.924533457066,-134.94862751111802,-2.8035103512447677
2012-09-25,-4801.413085368196,-36261.57416104047,2327.2931887288773,-1189.9980126626608,-135.07909773855758,0.0
2012-09-26,-7495.722363923635,-44950.37043968925,5983.819728103276,-3615.4779090858005,-135.253495140449,0.0
2012-09-27,2681.7960505839333,33920.70920038959,-3337.5236577315013,-2996.0675452226274,-135.52215357057,0.0
2012-09-28,-2685.2426714403114,8456.875533449827,1970.1497406409762,2342.7818718718277,-135.44063933785975,0.0
2012-10-01,-66.77622734175223,-21419.969754891197,-7948.633623995965,-500.0752383318538,-135.49669304844733,0.0
2012-10-02,-1309.6072489294709,15018.696988621807,5007.631231209164,1423.7981935255013,-135.52827703098578,0.0
2012-10-03,407.82177170442515,6203.84235212911,-4713.633648768873,-1762.4899474438032,-135.54052762085547,0.0
2012-10-04,6718.454728602825,53643.963291273605,-5834.820633778714,6004.376033029083,-135.54052762085547,0.0
2012-10-05,8706.655309609809,21286.912601747496,-18697.146554864994,-1003.6071688100942,-135.27799142857606,0.0
2012-10-08,7.400299490947318,79.38268819812777,47.60792655060874,0.6446622458394261,-135.0355764855232,0.0
2012-10-09,-2407.011993560069,-7811.147605581174,21115.039917282866,-771.969639193532,-135.0355764855232,0.0
2012-10-10,-2192.2992334194146,-40168.71791481347,-1461.6141516282203,3922.3461718613594,-135.09134343681495,0.0
2012-10-11,-1218.9821175089971,-31637.78181588265,8329.211143485978,-5387.9599518185105,-135.16623390855943,0.0
2012-10-12,-2048.0062797290802,-14268.9531163333,16242.722885160036,172.73579020029257,-135.24737412487818,0.0
2012-10-15,1274.0676767908867,14767.867685944071,-6504.2711107917285,638.2197656570864,-135.29717272093924,0.0
2012-10-16,6244.3727296188745,42993.47432003324,798.9986377939479,275.9115408076052,-135.253495140449,0.0
2012-10-17,11574.800201664566,27004.74150994968,14376.716459463152,-2740.2234142922894,-135.0355764855232,0.0
2012-10-18,2992.4264082320888,36265.98794151599,-374.27374296132183,1155.9249159342248,-134.67016756033678,0.0
2012-10-19,-6733.988683569541,-68279.05667210925,2817.5995995897442,-7349.832574409633,-134.54665436916264,0.0
2012-10-22,3990.7094260151794,-932.9441769776888,6987.740128760184,10056.37907665815,-134.8434436883233,0.0
2012-10-23,-5538.868614583172,-10793.426382761914,12232.022326776278,-5764.778701920096,-134.94862751111802,-3.2288804072832136
2012-10-24,761.891783995914,16779.95737771343,-11328.191486972224,3941.7218035607366,-135.14079354916078,0.0
2012-10-25,8498.019672829038,20365.86212610072,13209.13791803496,-1854.3652393739228,-135.0972962184809,0.0
2012-10-26,-9253.411421911627,-37639.259284211534,-19138.917578815475,-3711.2117461146554,-134.82472187433592,0.0
2012-10-29,-4824.90432072307,-36278.22159178907,2328.541357676136,-1191.4669405509155,-135.17819966587115,0.0
2012-10-30,7.5514692011308595,79.47459948502026,47.67898154900684,0.6475757309373013,-135.35262596609522,0.0
2012-10-31,-2742.6543961538996,-13032.048444421422,-6021.102516630049,1839.920496225029,-135.35262596609522,0.0
2012-11-01,3545.8524089171697,29910.05034965331,-5271.371863843298,2118.2979262995063,-135.4400268540045,0.0
2012-11-02,0.08020070049991704,25228.66800327259,321.4277050265826,-5409.877918352898,-135.3089724963817,0.0
2012-11-05,-4100.056188269748,-19588.609067987774,-9055.167280761018,2757.547397024046,-135.3212184964901,0.0
2012-11-06,7801.09964448678,16286.399750673681,13155.66393922649,3217.0864982429375,-135.4522728541129,0.0
2012-11-07,-13377.178656189963,-43999.156661934365,-10700.168002232771,-2033.9091903833892,-135.17819966587115,0.0
2012-11-08,-6336.919605359101,-47378.02828833148,1169.44526965333,-7776.034722658263,-135.63357600231964,0.0
2012-11-09,-1305.1657468554774,-14642.213955535097,6618.626416833274,-642.25290288866,-135.89728802045656,0.0
2012-11-12,7.837838305715096,79.6412687519241,47.80919850221825,0.65304500408713,-135.94135056394452,0.0
2012-11-13,-3257.504567691474,-19191.973412251155,-1267.5970849750818,3628.9476109029306,-135.94135056394452,0.0
2012-11-14,-413.1952612879945,19157.91417650122,5094.27941029555,-3690.492473662449,-136.02957064142396,0.0
2012-11-15,-1842.7960718813827,-19.73815347204888,1913.3931076387764,-28.389232553434695,-136.0418239787201,0.0
2012-11-16,421.64823426917945,6216.5441766649765,-4725.968402851947,-1776.1318980117048,-136.09211007050246,0.0
2012-11-19,4212.75031331027,15350.48110676652,-576.6722257944963,1521.8968264896366,-136.09211007050246,0.0
2012-11-20,7333.0830436581755,30168.56931010438,-9014.243238125378,2191.2462177239963,-135.95360390124065,0.0
2012-11-21,2764.9702991459358,9511.15118034517,13807.259552174564,4051.5675958454835,-134.94862751111802,-6.27204281522063
2012-11-22,7.285715452685437,79.327354960495,47.5625152264107,0.6425499726366143,-134.8181356122277,0.0
2012-11-23,1723.1050048594116,-12374.753631113173,-1943.9383043577295,2715.2097506404857,-134.8181356122277,0.0
2012-11-26,-4710.9700375537905,-11121.562330366529,2596.8713461039356,-6553.55278442576,-134.76245988063738,0.0
2012-11-27,-2285.603223821482,-6902.369080424965,-10757.893270838736,80.81420259628152,-134.94862751111802,0.0
2012-11-28,-1444.4029796565633,1659.1351770710266,-12556.564064740758,2466.7192453925745,-135.0357783183741,0.0
2012-11-29,-1740.8196728047787,12543.912769652301,2041.402550159326,-2724.644312948235,-135.0794006639955,0.0
2012-11-30,-202.00935759424476,16342.77912458568,-19111.275467782423,3105.6410008289586,-135.13530003796737,0.0
2012-12-03,1076.5793373455115,-7616.5634324476605,17411.020271819198,-715.5894954427228,-135.13530003796737,0.0
2012-12-04,-1238.2452955688668,-14601.417867222344,6594.323446237164,-634.7967036891041,-135.09164636225287,0.0
2012-12-05,-1921.401557992581,-791.9750608680563,-15520.230691678911,-1671.8801518956573,-135.13530003796737,0.0
2012-12-06,-1747.3938122098018,-12590.808427057704,1769.238816735211,2673.697156290604,-135.22270148613623,0.0
2012-12-07,5843.373722717992,36883.26608125897,5554.287716398269,2032.2551579023036,-135.26644931187764,0.0
2012-12-10,-1729.5550381627959,-19.66854608268752,1904.6067966930686,-27.98814498503321,-135.04802401663147,0.0
2012-12-11,3562.293457224841,21748.119613051564,4314.625249566853,555.7436510191901,-135.09777104557966,0.0
2012-12-12,6847.887426922497,47092.649311324305,-10705.725272848536,6896.411993172307,-134.96699789270218,0.0
2012-12-13,3597.930060402242,-15963.465830905041,15461.584382431804,-3027.0552561795485,-134.70016995058947,0.0
2012-12-14,-3165.1239044650947,-3807.451205015988,23002.388251713386,-5814.315294986071,-134.60127218190453,0.0
2012-12-17,7677.698570828389,43026.195606761496,-1057.0982047930165,302.01900209959723,-134.70629463391626,0.0
2012-12-18,0.0,0.0,-0.0,0.0,0.0,-3053.1582404058167
2012-12-19,-0.0,-0.0,-0.0,-0.0,0.0,0.0
2012-12-20,-0.0,-0.0,0.0,-0.0,0.0,0.0
2012-12-21,-0.0,-0.0,0.0,-0.0,0.0,0.0
2012-12-24,0.0,0.0,0.0,-0.0,0.0,0.0
2012-12-25,0.0,0.0,0.0,0.0,0.0,0.0
2012-12-26,-0.0,-0.0,-0.0,-0.0,0.0,0.0
2012-12-27,-0.0,-0.0,-0.0,0.0,0.0,0.0
2012-12-28,-0.0,-0.0,-0.0,-0.0,0.0,0.0
2012-12-31,0.0,0.0,-0.0,0.0,0.0,0.0
2013-01-01,0.0,0.0,0.0,0.0,0.0,0.0
2013-01-02,0.0,0.0,-0.0,0.0,0.0,0.0
2013-01-03,0.0,0.0,0.0,-0.0,0.0,0.0
2013-01-04,0.0,-0.0,0.0,0.0,0.0,0.0
2013-01-07,-0.0,-0.0,-0.0,-0.0,0.0,0.0
2013-01-08,-0.0,-0.0,0.0,0.0,0.0,0.0
2013-01-09,-0.0,0.0,-0.0,0.0,0.0,0.0
2013-01-10,0.0,0.0,0.0,0.0,0.0,0.0
2013-01-11,-0.0,-0.0,-0.0,0.0,0.0,0.0
2013-01-14,0.0,0.0,0.0,0.0,0.0,0.0
2013-01-15,-0.0,-0.0,-0.0,0.0,0.0,0.0
2013-01-16,-0.0,-0.0,-0.0,-0.0,0.0,0.0
2013-01-17,0.0,0.0,0.0,0.0,0.0,0.0
2013-01-18,-0.0,-0.0,0.0,0.0,0.0,0.0
2013-01-21,0.0,0.0,0.0,0.0,0.0,0.0
2013-01-22,-0.0,-0.0,-0.0,0.0,0.0,0.0
2013-01-23,0.0,0.0,0.0,0.0,0.0,0.0
2013-01-24,0.0,0.0,0.0,-0.0,0.0,0.0
2013-01-25,0.0,0.0,0.0,-0.0,0.0,0.0
2013-01-28,0.0,0.0,0.0,0.0,0.0,0.0
2013-01-29,0.0,0.0,-0.0,0.0,0.0,0.0
2013-01-30,-0.0,0.0,0.0,0.0,0.0,0.0
2013-01-31,-0.0,-0.0,0.0,-0.0,0.0,0.0
2013-02-01,0.0,0.0,-0.0,0.0,0.0,0.0
2013-02-04,-0.0,-0.0,0.0,-0.0,0.0,0.0
2013-02-05,0.0,0.0,-0.0,0.0,0.0,0.0
2013-02-06,-0.0,-0.0,-0.0,0.0,0.0,0.0
2013-02-07,-0.0,0.0,0.0,-0.0,0.0,0.0
2013-02-08,0.0,-0.0,0.0,-0.0,0.0,0.0
2013-02-11,0.0,-0.0,-0.0,0.0,0.0,0.0
2013-02-12,0.0,0.0,-0.0,-0.0,0.0,0.0
2013-02-13,0.0,0.0,0.0,-0.0,0.0,0.0
2013-02-14,-0.0,-0.0,-0.0,0.0,0.0,0.0
2013-02-15,0.0,-0.0,-0.0,0.0,0.0,0.0
2013-02-18,0.0,0.0,0.0,0.0,0.0,0.0
2013-02-19,0.0,0.0,0.0,-0.0,0.0,0.0
2013-02-20,-0.0,0.0,0.0,-0.0,0.0,0.0
2013-02-21,-0.0,-0.0,0.0,-0.0,0.0,0.0
2013-02-22,-0.0,-0.0,-0.0,0.0,0.0,0.0
2013-02-25,-0.0,-0.0,-0.0,-0.0,0.0,0.0
2013-02-26,0.0,0.0,0.0,0.0,0.0,0.0
2013-02-27,0.0,0.0,-0.0,0.0,0.0,0.0
2013-02-28,-0.0,0.0,0.0,-0.0,0.0,0.0
2013-03-01,-0.0,-0.0,0.0,0.0,0.0,0.0
2013-03-04,0.0,0.0,0.0,0.0,0.0,0.0
2013-03-05,0.0,0.0,-0.0,0.0,0.0,0.0
2013-03-06,0.0,0.0,0.0,-0.0,0.0,0.0
2013-03-07,0.0,0.0,0.0,-0.0,0.0,0.0
2013-03-08,0.0,0.0,0.0,0.0,0.0,0.0
2013-03-11,-857.5184219773025,-8640.401295604479,1746.280536247401,-2383.3094461765286,134.94862751111802,-3064.271686083868
2013-03-12,4357.917247064379,30131.259412604555,2421.636824915687,2934.176349120025,134.9054645261818,0.0
2013-03-13,-970.010258015888,-514.949535517494,-7828.812386154421,-836.4061976646426,135.07830152527362,0.0
2013-03-14,-678.9825879619534,-20432.6463194506,19026.37753888562,1950.2163225423396,135.0350459845838,0.0
2013-03-15,5310.37641961195,4651.6368641447425,4093.2723045567495,-4160.131266504726,135.0350459845838,0.0
2013-03-18,5006.164093679196,37050.506213376284,15100.233267306221,2836.338625051914,135.17715104340434,0.0
2013-03-19,5703.535880257256,23386.29913186886,-12119.314736075474,3093.4351779825215,135.3880793289187,0.0
2013-03-20,-6182.371088257235,-29687.182155563612,16796.810452423102,-1338.3236381492407,135.57452828966942,0.0
2013-03-21,1659.1425980569738,33311.17860720969,-11223.096127983552,-3830.9058773512525,135.3880793289187,0.0
2013-03-22,2659.0328780431823,8593.820093217684,-3705.190161552065,2427.962749692432,135.42546059806477,0.0
2013-03-25,400.75372884624744,-19121.24620703943,-5081.883292115056,3664.3618925298338,135.5186832180581,0.0
2013-03-26,979.0079488953646,12941.18488146226,7887.130325870795,-1873.4425098395882,135.53093136180067,0.0
2013-03-27,5550.124733604168,30635.887862624197,10227.64284156594,3804.49988347627,135.56840360634263,0.0
2013-03-28,-932.989794897443,-4187.468873999931,-122.57764810308097,5107.249460330512,135.78685666994224,0.0
2013-03-29,-7.780288240937933,-79.58510449389684,-47.7696700445004,-0.6517938906070941,135.78685666994224,0.0
2013-04-01,2640.164655354359,-317.59144351341547,-11579.956317727414,-787.2118141373932,135.78685666994224,0.0
2013-04-02,-3671.08108432861,-278.27468512017856,3679.5227597697262,-58.58885502169782,135.84289174263824,0.0
2013-04-03,7465.556082405206,26275.54639228089,10247.909964871842,-3671.811361183742,135.74310351248081,0.0
2013-04-04,7877.63068371546,27980.50042499845,-4263.71637236979,-1154.8754828464087,135.96830750227375,0.0
2013-04-05,7717.332715016545,99264.44528434581,-24849.17315469901,-1403.1157121727385,136.20042563847028,0.0
2013-04-08,0.0,0.0,0.0,-0.0,0.0,-3064.2716860838677
2013-04-09,0.0,0.0,-0.0,0.0,0.0,0.0
2013-04-10,0.0,0.0,0.0,-0.0,0.0,0.0
2013-04-11,-0.0,-0.0,-0.0,-0.0,0.0,0.0
2013-04-12,-0.0,-0.0,0.0,-0.0,0.0,0.0
2013-04-15,-0.0,-0.0,0.0,-0.0,0.0,0.0
2013-04-16,0.0,0.0,-0.0,0.0,0.0,0.0
2013-04-17,-0.0,-0.0,0.0,-0.0,0.0,0.0
2013-04-18,-0.0,-0.0,0.0,-0.0,0.0,0.0
2013-04-19,0.0,0.0,0.0,-0.0,0.0,0.0
2013-04-22,-0.0,0.0,-0.0,0.0,0.0,0.0
2013-04-23,0.0,0.0,0.0,0.0,0.0,0.0
2013-04-24,-0.0,-0.0,-0.0,0.0,0.0,0.0
2013-04-25,0.0,0.0,-0.0,-0.0,0.0,0.0
2013-04-26,-0.0,-0.0,-0.0,-0.0,0.0,0.0
2013-04-29,-0.0,0.0,0.0,-0.0,0.0,0.0
2013-04-30,0.0,-0.0,-0.0,0.0,0.0,0.0
2013-05-01,-0.0,-0.0,0.0,0.0,0.0,0.0
2013-05-02,-0.0,-0.0,0.0,0.0,0.0,0.0
2013-05-03,0.0,0.0,-0.0,0.0,0.0,0.0
2013-05-06,0.0,0.0,0.0,0.0,0.0,0.0
2013-05-07,0.0,0.0,0.0,0.0,0.0,0.0
2013-05-08,-0.0,-0.0,0.0,-0.0,0.0,0.0
2013-05-09,0.0,0.0,-0.0,-0.0,0.0,0.0
2013-05-10,0.0,0.0,-0.0,0.0,0.0,0.0
2013-05-13,0.0,0.0,0.0,-0.0,0.0,0.0
2013-05-14,0.0,0.0,-0.0,0.0,0.0,0.0
2013-05-15,-0.0,-0.0,-0.0,-0.0,0.0,0.0
2013-05-16,-0.0,-0.0,0.0,-0.0,0.0,0.0
2013-05-17,0.0,0.0,-0.0,0.0,0.0,0.0
2013-05-20,0.0,0.0,0.0,0.0,0.0,0.0
2013-05-21,-0.0,-0.0,0.0,-0.0,0.0,0.0
2013-05-22,0.0,0.0,0.0,0.0,0.0,0.0
2013-05-23,842.8094613746977,8481.680171865875,-1841.4600717234587,2382.0218109715593,134.94862751111802,-3063.120732637477
2013-05-24,1722.7016807734972,12579.717096656675,-1767.2689632493361,-2665.108710764778,134.9918486916143,0.0
2013-05-27,-7.400048797325275,-79.3825671368528,-47.60782719707296,-0.644657624485283,135.0351007557363,0.0
2013-05-28,-18675.38991977411,-70324.20899094193,-22907.033711079966,1630.624514001146,135.0351007557363,0.0
2013-05-29,2002.0914688792698,35643.21474525478,-8226.132365785625,322.43852502963176,134.41401203496872,0.0
2013-05-30,-284.652971954389,-1754.6298953668502,14376.05746415379,-2476.2564994404393,134.4936300101149,0.0
2013-05-31,-3636.128352326228,-18007.039103021507,-23535.343607628143,5200.655445568669,134.4875134225049,0.0
2013-06-03,3389.265294745215,21527.91439826991,4204.311686977013,548.8360650273061,134.3650721664884,0.0
2013-06-04,-3289.236683346642,-3931.4590925083976,11341.631788162267,5784.726205003172,134.4936300101149,0.0
2013-06-05,5843.175980603478,21293.098581984614,-7254.290616294208,-221.9645718094482,134.43851487777366,0.0
2013-06-06,2140.482216803343,15008.065000897584,1185.3120429452758,1461.2578288199552,134.6224632345485,0.0
2013-06-07,-13053.895231057673,-52157.88625619964,-12772.460277458487,8065.55501665187,134.7085053851814,0.0
2013-06-10,-4759.8069374566885,-24557.68904394778,-14995.36008246415,-5471.026903823504,134.31004867280413,0.0
2013-06-11,1691.6228300371179,33926.25231376508,6183.49801357575,-2140.3251779405973,134.09654788194806,0.0
2013-06-12,-5087.982244885292,-30635.38249582674,-10254.667929932975,-3731.0725192773057,134.16962984763344,0.0
2013-06-13,6616.5501067086125,18043.65121025822,8167.160640279697,6399.699342197604,133.95658493531795,0.0
2013-06-14,8433.32735214299,9255.549774477515,10051.894829755045,-8252.756817060781,134.22455705246384,0.0
2013-06-17,-5061.744970947465,-63857.3675905905,-994.3996788132954,62.1684586539214,134.45686464090707,0.0
2013-06-18,-547.5969615468484,5583.4039031851335,-12533.515726377605,-2556.505751301136,134.25514609783545,0.0
2013-06-19,-17655.271697496395,-14632.346920192816,-67438.67813540727,10692.262084337912,134.21244596535024,0.0
2013-06-20,-10034.085452507534,-41380.49271350842,-9627.029309770449,2090.152511910559,133.63562924290187,0.0
2013-06-21,-15142.600060833674,-15408.670026339527,-27932.131005477255,-1651.5475348605644,134.94862751111802,-12.860033482706058
2013-06-24,-6613.987085533338,25497.781201378773,-24155.890950343935,-4613.846584083141,134.4484233206259,0.0
2013-06-25,-3656.9285945077518,-23341.23172293842,10106.757996059896,-3015.8134147619617,134.21172517329745,0.0
2013-06-26,6259.650267799174,-9422.12013093741,4957.201525841463,7650.063359183121,134.07862461241874,0.0
2013-06-27,8566.534765197746,5606.313192063271,17734.367869972684,-2436.2593596308884,134.31486674352928,0.0
2013-06-28,-2050.176460705666,10821.656998852055,-32817.02774488276,-5969.598893868724,134.5883673176449,0.0
2013-07-01,4086.52590671089,12318.711382100533,-13225.281985211303,-3416.309045222121,134.46065130776398,0.0
2013-07-02,1748.1930248985173,8905.25511328893,5924.833594245326,3197.610338350368,134.55799796292067,0.0
2013-07-03,-5259.821785270979,-1146.945010861773,-11872.60552714306,-1718.3657279354215,134.64323266268923,0.0
2013-07-04,-7.121176620959373,-79.21954861018791,-47.480599320838365,-0.6393267557783537,134.46065130776398,0.0
2013-07-05,-26578.808239500366,-105397.9576420566,-39050.317602535135,2026.0737695573896,134.46065130776398,0.0
2013-07-08,10167.96642459827,12539.085884491666,28409.040869305216,-2486.752715789379,133.54975464731825,0.0
2013-07-09,89.42379621658125,-8175.227716496082,9477.467785061277,-1525.5680951184133,133.90423033663197,0.0
2013-07-10,-5779.638181116714,-22186.635595432297,-10182.946647101096,-1395.832598962737,133.90423033663197,0.0
2013-07-11,13345.965094390982,-5107.222259286169,58140.96353332625,-7921.040649665183,133.6878068982655,0.0
2013-07-12,-2928.5890746600257,22795.291945826393,-2805.195896232978,2894.809649847341,134.13363409731107,0.0
2013-07-15,5312.814116641891,2659.5157888992367,-2650.6143660989137,4162.716654024897,134.07301551830813,0.0
2013-07-16,2909.2371494086983,19080.785457167465,1257.905402598331,-3540.9940548828286,134.26062736970314,0.0
2013-07-17,4785.236674529657,-9567.077866367954,18360.74865174462,-3919.33915077039,134.34543976291482,0.0
2013-07-18,-4980.306192093552,-42455.92856053835,6964.998445898193,555.4958333100752,134.48512192815022,0.0
2013-07-19,7089.929832089214,49242.40468014896,3721.2826755369547,-634.7309049429969,134.31525628036306,0.0
2013-07-22,-110.91647720958062,8046.305229496031,-9618.230115934684,1547.8927361371213,134.94862751111802,-2.8571381865467878
2013-07-23,-3436.0580226769803,-17300.462088368356,5396.1438258003245,-4794.572342265914,134.94862751111802,0.0
2013-07-24,-10148.332022448314,-41885.55646710752,-19305.69228917584,1322.946499347723,134.8143093735908,0.0
2013-07-25,1692.5723794249836,-16974.77305482879,-171.45496521071877,-4675.824990018664,134.46765755857592,0.0
2013-07-26,4151.640227851918,21206.113379278253,-5405.654727534833,-250.3258785438603,134.47989378473855,0.0
2013-07-29,-4480.872669253263,-23051.921867103207,19748.88295610118,-2228.9922309990416,134.61348776600207,0.0
2013-07-30,-2224.5321645473705,-7049.83921468783,-10829.904708314894,78.9670492646971,134.47377506110257,0.0
2013-07-31,3661.800666252202,10674.456992700854,-10350.016796669215,5688.481622816265,134.38894283519878,0.0
2013-08-01,-17884.75481172943,-65787.98045850352,-13167.403960491933,-2594.469982103574,134.52847495691006,0.0
2013-08-02,15320.386418619972,17270.28446945463,32580.195347336583,-6590.047622113844,133.91227383939764,0.0
2013-08-05,-5421.9915696189155,-15360.268353800639,2424.029086065988,-1513.3443346782165,134.4073026706898,0.0
2013-08-06,-6.973551982079238,-79.17660957081127,-47.4388002938467,-0.636795466652533,134.2257573133897,0.0
2013-08-07,4928.000521683321,43061.173328238176,-1236.237089288889,12607.783564976957,134.2257573133897,0.0
2013-08-08,4155.15610659813,8666.67444842686,-5542.022569926075,2421.9650159525536,134.47989378473855,0.0
2013-08-09,438.44488646388163,27462.2192158891,3175.626933289215,-1245.6600985597522,134.61960893280528,0.0
2013-08-12,-4770.8687415420545,-28252.378558181557,-7330.236919485037,357.9682456890658,134.6499194535997,0.0
2013-08-13,-12956.663675126161,-40365.51703371709,-29999.585320140963,3733.109819078028,134.47989378473855,0.0
2013-08-14,451.5546277789521,-2087.6807604783253,4755.566347947449,-3253.484911021846,134.04469577376742,0.0
2013-08-15,-8268.772835943579,-26382.37334812881,-8416.074879751035,3551.1978870302146,134.04469577376742,0.0
2013-08-16,-7476.988245945868,-35552.722082411965,-25783.914639824714,-387.6203657444143,133.78012094543186,0.0
2013-08-19,-4038.9343266399655,-22058.320991386903,-12007.926517309883,-1358.929461303719,133.48707041075343,0.0
2013-08-20,6871.518632067075,20865.828365014084,32368.859347991744,-241.15497258395467,134.94862751111802,-12.066333743387077
2013-08-21,-8222.050917901981,-9784.111457456745,-19837.153757693854,7559.553507826691,135.203781482889,0.0
2013-08-22,-5634.6394980933865,44682.56777428179,-32626.53329345062,3418.8254460663184,134.97884553962706,0.0
2013-08-23,9995.2976824935,45403.89343522309,-55.0015375959389,4456.92614108655,134.8271331695791,0.0
2013-08-26,4695.233540497514,21987.709301164006,23587.491490819768,-10321.462886337502,135.17932124004736,0.0
2013-08-27,9849.598937886603,30456.13973912426,-3149.951455705578,3039.9064963030482,135.30119251044727,0.0
2013-08-28,-8859.079196196759,-20392.72418963535,-13236.012291635812,1870.1371317681103,135.6192179439903,0.0
2013-08-29,4836.301769464015,27376.482388176693,-10180.69351515514,-2013.6869528260095,135.35002597600803,0.0
2013-08-30,-2478.537731470625,-3405.2926577109024,-18596.121817817588,-5849.137684643058,135.48448500603507,0.0
2013-09-02,-7.593063316866601,-79.44743155668377,-47.66761864750039,-0.6480256856549652,135.35613920670568,0.0
2013-09-03,-12064.226603511752,-36841.49477841987,9670.547813689513,-1311.8554839697324,135.35613920670568,0.0
2013-09-04,-6420.5454047235535,15433.984375847756,-21394.009361445147,2179.8588956278218,134.99076606720698,0.0
2013-09-05,-14528.225994687797,-7713.063330395143,-9425.972045444927,11536.74308830935,134.8027021864606,0.0
2013-09-06,8314.194434592091,-38860.557471665685,16243.075555313362,-5908.617600094679,134.42804184022495,0.0
2013-09-09,6256.716884830905,9502.027233743138,21534.979222069807,-7534.247413968375,134.63343843289206,0.0
2013-09-10,-9703.60551158343,7108.114740970088,-8106.346448777565,570.2361382936283,134.80880810510538,0.0
2013-09-11,6543.473948655679,-5812.675654361656,8829.416534099119,-9760.715000828606,134.52457407203002,0.0
2013-09-12,1225.5616537940462,-10506.375342520352,-6850.578203197398,5999.454312813419,134.66960487817752,0.0
2013-09-13,1785.0938146515603,8904.965309144214,5926.749087305218,3208.9916550401017,134.724116488934,0.0
2013-09-16,4255.148435214282,-51333.91407244962,29470.043292202576,-2500.999921813384,134.80880810510538,0.0
2013-09-17,4337.85261114442,4213.070433155617,-3683.6188887443823,-4989.762106515325,134.9180552570531,0.0
2013-09-18,22599.394033370216,26054.78600430775,74646.62423227889,-3435.752897468013,134.94862751111802,-1.5113345321733505
2013-09-19,-8518.338397931633,-35795.80557406137,-26014.77809327421,-398.61745281495416,135.70528901546663,0.0
2013-09-20,1155.4745794847252,22759.625888646606,-16196.649766669057,2195.7548465378363,135.40526319030795,0.0
2013-09-23,3624.4949370237564,34199.43571180996,4363.260722710028,-2152.630895267289,135.4480330890526,0.0
2013-09-24,6850.153117026104,40870.917690049326,5541.535130664847,-3050.408445695298,135.57040287777397,0.0
2013-09-25,3906.1478047661376,22412.382987479155,21709.28604933366,2219.6316602469306,135.78516247017134,0.0
2013-09-26,-3358.8500639938534,-40878.396803588555,-9374.992266181212,3124.9119524495436,135.95139810115657,0.0
2013-09-27,2935.7609331468466,4903.293062132503,15644.996624783946,-3420.73735247802,135.83432732630686,0.0
2013-09-30,516.5265766813446,-14703.205871511569,4659.306531401719,-614.7826118040243,135.9205053161843,0.0
2013-10-01,-3786.794020339264,-17329.847601956666,-6207.949482953284,6969.446643892613,135.92662815963345,0.0
2013-10-02,5173.072344548715,-1465.4284818187753,8877.071155315798,-2436.7992570638216,135.84045016975602,0.0
2013-10-03,289.4095392336193,5144.901356532141,27203.004968016623,-2638.708506876768,135.98201232001304,0.0
2013-10-04,-5436.946597992013,-12074.288430981183,-26612.902472639948,3509.491511844354,136.01292834831182,0.0
2013-10-07,60.532254560109806,46645.668595066294,8235.849457110498,-4948.386597018817,135.84045016975602,0.0
2013-10-08,-2782.6754153105207,20905.746069921886,2015.3981293140905,-371.4377990501561,135.85903985868518,0.0
2013-10-09,-983.0724011243964,-42767.52995187521,-6389.304186797849,-191.29998783778706,135.79761591322932,0.0
2013-10-10,-1984.4688301116275,-30612.29296402851,-14055.476310736778,-3757.1368603842075,135.72991012948395,0.0
2013-10-11,1899.7942147955298,4463.056960781071,7828.05583369887,-4251.972205821028,135.613294004067,0.0
2013-10-14,-7.695556300453368,-79.56307826111056,-47.747222368424545,-0.650358570935663,135.65621550092408,0.0
2013-10-15,-6401.899234773232,-17880.369001743344,-526.369024710384,-5714.774920230141,135.65621550092408,0.0
2013-10-16,8482.80575826874,23926.358468336042,-6188.258868571024,3963.7326444226205,135.42967188850872,0.0
2013-10-17,9346.49623585844,37651.55494914275,19148.355710242584,3718.644477245191,134.94862751111802,-6.414975987820071
2013-10-18,862.9103226264601,8491.743122423473,-1844.36546536298,2394.219453768361,135.29656898022418,0.0
2013-10-21,-4133.408758398914,-19744.529499835793,-9149.857755340692,2758.070423107293,135.33943318299325,0.0
2013-10-22,11768.779948664445,35768.47409846938,22141.52714249005,452.000572623874,135.21093165932805,0.0
2013-10-23,2252.8032477737943,19538.226973804358,-683.2230032107869,8981.03763826304,135.60949932401718,0.0
2013-10-24,-3649.005051710466,-278.1624408743203,3677.662412105399,-58.50552854184153,135.73882360406913,0.0
2013-10-25,1830.0520111103854,-4455.261172962421,-35.29479812070172,-7476.383318378546,135.6403351125401,0.0
2013-10-28,-1411.0053149897753,-6641.478619322788,-3086.03642357468,923.0395617169929,135.6464553622686,0.0
2013-10-29,1503.4792128336626,-14248.84613254226,12452.050046959732,230.0374781691796,135.6033778525682,0.0
2013-10-30,-2711.7476066163563,3828.3238437060054,3751.043330204997,-5155.457672779006,135.65257683371757,0.0
2013-10-31,-674.8446991614093,-15891.384183366621,-20603.61079911463,-3107.819323195546,135.5542106425011,0.0
2013-11-01,-10090.272134688868,-31423.082234718,-14394.531684429694,-4698.437518419623,135.48044998835556,0.0
2013-11-04,1431.058365484789,-9758.457255514877,10555.436761921952,7675.337377800173,135.12541561461595,0.0
2013-11-05,-6687.792649347671,-45447.04862945556,-3756.9193111533345,-4422.44751554236,135.21705190905655,0.0
2013-11-06,3755.250027539036,-24262.702095210076,24956.223370870597,-4588.72044074617,134.96086678916112,0.0
2013-11-07,6041.967432596052,33916.89186083961,-7141.03027705022,-2918.157209093268,135.05838505709704,0.0
2013-11-08,-18344.959293338852,-72411.49535511082,-18103.10798578218,-1674.6069599234102,135.23541998987542,0.0
2013-11-11,-7.1659161034258805,-79.2884110236021,-47.52617956822341,-0.6404683216927307,134.6209750169441,0.0
2013-11-12,-5257.618212456506,3313.581153691093,-13739.157981391629,5672.299884824202,134.6209750169441,0.0
2013-11-13,6944.79521719486,5512.83299689058,19605.012095025344,-2468.940694958203,134.48177143360954,0.0
2013-11-14,8739.141882793545,5616.536694153125,17772.117622478316,-2448.216662537399,134.70576766834003,0.0
2013-11-15,-3078.5999713943947,5833.579077628418,-1083.6608464491508,-1806.2668872959953,134.94862751111802,-1.5649580248918384
2013-11-18,4837.095635219344,28107.983680055448,7240.845714732765,-360.43951943037086,134.8512350987773,0.0
2013-11-19,-4619.90881382217,-39163.07905883422,-21936.652495521677,5549.887394093117,135.02166263843105,0.0
2013-11-20,-8580.651711216986,-85634.28066083162,6313.067428711284,-12143.756208507777,134.86347407444615,0.0
2013-11-21,910.5916540802501,12896.16331032006,7850.325378124586,-1844.684547805027,134.4878927541777,0.0
2013-11-22,3383.4301238908893,51086.12221423858,2615.9840960948827,2582.1833935947434,134.52406294597614,0.0
2013-11-25,1211.018508189407,2032.3137881489533,-6717.5908610030165,3312.3659674590053,134.68128941462808,0.0
2013-11-26,4335.275311681128,13102.24254945549,4149.643909476936,-1794.9341777007046,134.72984962720892,0.0
2013-11-27,-2361.3304171435348,-15954.128355043013,-18684.98052987953,-3104.676731265516,134.86347407444615,0.0
2013-11-28,-7.237689167134317,-79.31361931211421,-47.549054525310545,-0.6417280418513681,134.7420910464104,0.0
2013-11-29,-1325.2020924443282,-6621.796085690492,-3073.670974333037,910.6903010249293,134.7420910464104,0.0
2013-12-02,-7897.704379045463,-14230.498303023469,-17927.87395522593,102.10409760589233,134.6996497108651,0.0
2013-12-03,3797.322577297306,-1892.7398619052676,1060.549945740909,-3215.6416040623894,134.43338971187552,0.0
2013-12-04,-7622.917632508223,-25994.363578834163,-672.4829030293936,4404.92388736317,134.5301842665443,0.0
2013-12-05,-4386.993296004936,-14012.924614099064,-21596.448967719076,158.17101138245707,134.30678392761754,0.0
2013-12-06,-202.25876659571202,16128.810963572758,-19119.66549120568,3058.974901081727,134.13839314691486,0.0
2013-12-09,2057.721498773359,14987.92777259003,1182.9710756974835,1449.9687910143498,134.13839314691486,0.0
2013-12-10,5883.887796417609,34583.93151704608,10240.13394155164,-1261.3703237333743,134.22252905883013,0.0
2013-12-11,-5995.247154206448,-22229.141173848497,-10208.266881304615,-1406.6006519095943,134.43338971187552,0.0
2013-12-12,-6226.330656846549,-2451.9094461144127,621.2134755498938,8166.8447197429205,134.2164101817946,0.0
2013-12-13,1521.1625465269144,20638.11510737082,-11291.071533749322,-1100.807732037812,134.071901555793,0.0
2013-12-16,-1243.0242489315135,-14751.381053158784,6494.337586092877,-634.8809115139345,134.94862751111802,-6.986665550381076
2013-12-17,4077.062923310121,15896.622132086324,16737.676544748912,3133.973274108386,134.90620689097162,0.0
2013-12-18,-3356.2849101069164,-28964.006481891938,-26620.264089720913,-1253.8811486010852,135.07606929219457,0.0
2013-12-19,-7762.408222299964,17019.607878877905,-33995.96978674721,4636.032738705746,134.91844616901471,0.0
2013-12-20,3477.825570193527,86030.5572209708,-32668.497920325008,12875.002645487739,134.6884346549166,0.0
2013-12-23,-4849.041190080787,-20177.68257429753,-5332.576759894923,-9754.628021259055,134.8878571312642,0.0
2013-12-24,-6598.696824263549,-32772.54954798245,-15169.497578777333,4554.004522674231,134.67008855655976,0.0
2013-12-25,-7.128343337076696,-79.21356616298307,-47.47787456181482,-0.6393955587308218,134.45917962060537,0.0
2013-12-26,-3187.547066148037,13028.466767863842,21160.707845045046,-1101.882143037502,134.45917962060537,0.0
2013-12-27,-900.4000363896806,-30025.440062212645,-6211.530606809914,-2858.994235310927,134.39264262944943,0.0
2013-12-30,4600.738858186033,19176.493649473698,-592.3953975090845,-3518.2013261885368,134.32076616607858,0.0
2013-12-31,-6023.823294906736,-47292.08992749489,-10479.705012726718,3938.124775348387,134.4530666945271,0.0
2014-01-01,-7.017592618114594,-79.16008405549859,-47.43398243791831,-0.6373539499744508,134.2490130615059,0.0
2014-01-02,4266.540626959061,34480.75426759104,12089.679300056934,-1290.6839713274117,134.2490130615059,0.0
2014-01-03,-2054.4933436629926,6255.930322063613,6675.6164414648765,-964.8791062946653,134.41097409201387,0.0
2014-01-06,4246.150779233719,13080.992970116351,4141.575526632152,-1786.1903335965126,134.35668896567432,0.0
2014-01-07,2124.3343697883047,14999.516168591797,1184.496614725191,1458.6823030582457,134.4890772854833,0.0
2014-01-08,-8014.696646267075,10890.117099907899,-29191.878755647114,6356.557411485157,134.57341106519553,0.0
2014-01-09,3103.4795787639487,24298.118786513023,16750.684175495157,5446.3803447131995,134.3444716470759,0.0
2014-01-10,14279.856660887628,16425.854583969976,17138.48220025047,-8315.411986116507,134.5067946650984,0.0
2014-01-13,4980.006295092406,19986.050364327017,16808.79027671451,-1909.7649868133408,134.91805067945046,0.0
2014-01-14,-5467.843539363519,-18139.11357020094,-21733.082093396897,5205.090575450195,134.94862751111802,-2.7091831560755963
2014-01-15,-3524.3006722153236,7843.995787757549,-5901.847047808348,1486.882441207518,134.77898087488776,0.0
2014-01-16,4297.401280661082,30105.415655463283,2419.0165607097792,2925.039565344579,134.68210730766205,0.0
2014-01-17,3045.5704824495947,6563.041257517016,1124.536393900417,-885.2761417826117,134.8515144566018,0.0
2014-01-20,-7.359203441874783,-79.35339516550668,-47.586072055112744,-0.643841331470665,134.9425119939648,0.0
2014-01-21,-1554.70805208771,9624.747073801882,-22215.858105599913,4010.8765718915533,134.9425119939648,0.0
2014-01-22,-5311.313906108172,24766.696882679684,-5780.472478156284,6195.092377223504,134.90005538082355,0.0
2014-01-23,13166.5701206382,9905.930741132035,14138.410561456954,-7433.12926286068,134.79078221531967,0.0
2014-01-24,6221.26667242239,13220.401035600678,2299.9954484032473,-1777.7361809672816,135.16136125041135,0.0
2014-01-27,-4130.4708681040365,-19746.232862169345,-9150.518026696074,2757.9187223394497,135.34432526046285,0.0
2014-01-28,672.0316601509282,-1323.638463348679,22212.834906166216,-1664.2141170103425,135.21623300498607,0.0
2014-01-29,10436.490375383288,29220.066590599465,19112.678765125755,1370.6622383045192,135.25278226896825,0.0
2014-01-30,-4202.004843183265,-19764.264422583557,-9161.52908284585,2768.451421839539,135.60744608497907,0.0
2014-01-31,7833.706172626545,11654.32111256137,14934.136506924831,-4267.120553671933,135.47880884424862,0.0
2014-02-03,9539.711420829102,15467.009062674051,-6259.022552458467,1599.1594814907555,135.70559818242077,0.0
2014-02-04,-4589.875446673084,-21481.733130995868,5348.340077848548,254.46512785762275,135.9885585613983,0.0
2014-02-05,-8279.465429428028,-43199.72800999134,1062.6919496443727,-307.07014576324417,135.85306387722557,0.0
2014-02-06,-3274.9710503904857,-3071.6254245613204,-8950.805629182554,-5038.205889430143,135.58902557794687,0.0
2014-02-07,4669.639352299353,-24644.996367663814,15358.256293174938,-5431.572548934911,135.45435529324504,0.0
2014-02-10,-438.9629787744299,23451.668972479933,3115.1001021624083,3823.6800617304307,135.55839830523186,0.0
2014-02-11,-7879.790513994788,769.47161068655,-14902.772867295054,1555.7785455222547,135.58902557794687,0.0
2014-02-12,-5932.501654085375,-20589.174546382423,-24687.268839256765,1073.996412213602,134.94862751111802,-3.821214770046936
2014-02-13,8957.810716933382,-6162.266823083476,35029.47213092879,1867.1250787956963,134.73623964818006,0.0
2014-02-14,-1535.6843586432942,5163.677833292822,-20361.536379855705,-3421.3437303996343,135.05215258446398,0.0
2014-02-17,-7.340300976372578,-79.38207700742548,-47.60086253567476,-0.6437463657737095,134.96698688524648,0.0
2014-02-18,4085.2396766565903,3341.375980211373,16608.01507315496,5826.660986882747,134.96698688524648,0.0
2014-02-19,-4380.514729057133,-4377.666053206571,3593.671245302784,4999.646703957847,135.14356113832443,0.0
2014-02-20,-4539.518305708987,-5147.75926835496,-13826.975809356734,3351.949575880257,135.04603157163223,0.0
2014-02-21,3792.805837076504,23251.64995334577,-10238.264545246702,3042.789613691976,134.9122084007622,0.0
2014-02-24,-2602.0062731595317,3820.6260912195053,3740.900906916143,-5109.413342443139,135.04603157163223,0.0
2014-02-25,6203.374590059626,22108.784573112916,10136.742975651461,1416.1492336647602,134.94862751111802,0.0
2014-02-26,4463.846973865479,13122.515243546697,4158.051279606391,-1806.3698925574956,135.1678865549229,0.0
2014-02-27,2627.052622887995,21165.975336263306,-3566.6921389492095,-282.13140321860345,135.30225320030084,0.0
2014-02-28,-1095.850306798976,7622.727539558202,-17430.30207714353,718.3100403045713,135.38790259730408,0.0
2014-03-03,7344.92750674592,22576.00701719033,17946.499484210362,2263.1570938409204,135.3450627324015,0.0
2014-03-04,-12972.513492769447,-57146.73556813695,-20615.573189060564,-144.27247310032672,135.6086788200042,0.0
2014-03-05,-7.457346233498557,-79.42914275733808,-47.641676741186004,-0.6458406141658525,135.17400634618846,0.0
2014-03-06,-6521.749694106345,-2492.2787206589264,12212.271613410594,-3422.7191985594527,135.17400634618846,0.0
2014-03-07,-8676.461072349874,-16658.08703594525,-32477.46417978035,7644.79917384231,134.97896181827645,0.0
2014-03-10,937.3826853036866,-12190.68367747149,7583.685710927378,3513.9046388687384,134.71789126234026,0.0
2014-03-11,3023.3157873974956,19110.45067440652,1260.6419944840059,-3568.7597598847715,134.76642368577834,0.0
2014-03-12,4837.13049573195,28107.99571556368,7240.849659078568,-360.4400963859811,134.85134875185227,0.0
2014-03-13,9660.125908106907,22306.82469116939,6424.757004516971,1473.3437686954915,134.94862751111802,-1.1961024458214524
2014-03-14,-931.4087861902036,25436.944611531006,-1719.866220355479,7121.332759476694,135.26571903314158,0.0
2014-03-17,-6263.950378680901,-17856.000010258264,-525.4603043682727,-5686.243352401359,135.2962774845535,0.0
2014-03-18,3093.92611444947,-5994.215543354603,988.9591265259755,1808.5276544687183,135.07035906271787,0.0
2014-03-19,-20058.16857605353,60222.40701345443,-48543.691925515355,18009.698994641843,135.16797610235818,0.0
2014-03-20,890.9881530344699,-25523.956106472517,1619.264031631857,-7071.322913526596,134.6750402456163,0.0
2014-03-21,4109.643330871183,46315.35648251152,-16690.10282837098,6011.737180670697,134.64484692341733,0.0
2014-03-24,-245.9276541730527,45707.82830320479,-20763.30386914561,5136.752443347536,134.81464887444557,0.0
2014-03-25,-1247.210886254016,-14736.056747417311,6488.085206369066,-634.7070744894868,134.84496234356587,0.0
2014-03-26,7108.277342178072,9171.226183194043,11929.289972700375,-8358.319676232482,134.80243673246727,0.0
2014-03-27,2101.8409266477775,23143.308274413976,-8381.31661401633,3021.025376800054,134.9849320189121,0.0
2014-03-28,-5065.174249945232,-20150.267625785455,-16912.653504129627,1913.5973201321792,135.07025454434842,0.0
2014-03-31,487.84363366006573,-14641.781274671832,4635.464577575551,-606.4623108578562,134.89973019646123,0.0
2014-04-01,-3914.589482909026,-32288.422940261546,2304.055547332451,-6235.948962256264,134.90583809433465,0.0
2014-04-02,-8295.720335778547,-11440.960990985745,-5352.7084655038525,5027.499073355169,134.7357957485681,0.0
2014-04-03,2894.7536941908666,14660.430308892826,-8424.801546509148,658.6184845571556,134.50559813092423,0.0
2014-04-04,8877.112430381152,-2501.124322249993,27305.107177910162,-3989.753630729184,134.5963647531535,0.0
2014-04-07,4792.472490153088,6660.514681116806,-730.3858325718963,-857.3875968569265,134.86939149964508,0.0
2014-04-08,2593.485998207567,8579.945445233505,-3697.687181856963,2414.0734290843648,135.00937092178748,0.0
2014-04-09,53.12004188206739,-46696.67756663291,3280.9465933850593,-6800.9882859509635,135.10080622040894,0.0
2014-04-10,7689.187306751013,33096.82763765524,22881.297423211636,-3742.81750935831,135.0338293335689,0.0
2014-04-11,2953.0528808215677,27249.994386898416,-8308.861177048922,-2029.134718182152,134.94862751111802,-2.276680808070523
2014-04-14,0.0,-0.0,0.0,-0.0,0.0,-3084.031892439347
2014-04-15,0.0,-0.0,0.0,-0.0,0.0,0.0
2014-04-16,0.0,-0.0,0.0,-0.0,0.0,0.0
2014-04-17,0.0,0.0,0.0,-0.0,0.0,0.0
2014-04-18,0.0,0.0,0.0,0.0,0.0,0.0
2014-04-21,-0.0,0.0,0.0,0.0,0.0,0.0
2014-04-22,0.0,-0.0,0.0,-0.0,0.0,0.0
2014-04-23,-0.0,-0.0,0.0,0.0,0.0,0.0
2014-04-24,0.0,-0.0,0.0,-0.0,0.0,0.0
2014-04-25,-0.0,-0.0,-0.0,0.0,0.0,0.0
2014-04-28,0.0,0.0,-0.0,0.0,0.0,0.0
2014-04-29,0.0,0.0,-0.0,-0.0,0.0,0.0
2014-04-30,-0.0,0.0,-0.0,0.0,0.0,0.0
2014-05-01,-0.0,-0.0,0.0,0.0,0.0,0.0
2014-05-02,-0.0,-0.0,0.0,-0.0,0.0,0.0
2014-05-05,0.0,0.0,-0.0,0.0,0.0,0.0
2014-05-06,-0.0,-0.0,0.0,-0.0,0.0,0.0
2014-05-07,-0.0,0.0,-0.0,0.0,0.0,0.0
2014-05-08,0.0,0.0,-0.0,-0.0,0.0,0.0
2014-05-09,0.0,0.0,-0.0,0.0,0.0,0.0
2014-05-12,0.0,0.0,0.0,0.0,0.0,0.0
2014-05-13,-0.0,-0.0,-0.0,0.0,0.0,0.0
2014-05-14,-0.0,-0.0,-0.0,0.0,0.0,0.0
2014-05-15,-0.0,-0.0,0.0,-0.0,0.0,0.0
2014-05-16,0.0,0.0,0.0,0.0,0.0,0.0
2014-05-19,0.0,0.0,-0.0,-0.0,0.0,0.0
2014-05-20,-0.0,0.0,-0.0,0.0,0.0,0.0
2014-05-21,0.0,0.0,-0.0,-0.0,0.0,0.0
2014-05-22,0.0,0.0,0.0,-0.0,0.0,0.0
2014-05-23,-0.0,-0.0,-0.0,0.0,0.0,0.0
2014-05-26,0.0,0.0,0.0,0.0,0.0,0.0
2014-05-27,-0.0,-0.0,0.0,-0.0,0.0,0.0
2014-05-28,-0.0,-0.0,-0.0,-0.0,0.0,0.0
2014-05-29,2221.1598966564507,10722.008985536513,3150.8290106092213,-5959.049265290833,-134.94862751111802,-3078.0802641632927
2014-05-30,3140.8104692392144,15619.986049663119,9057.500251344725,2301.6511039477464,-134.90580972296863,0.0
2014-06-02,8332.116477296193,20340.674546931306,13188.6032245307,-1846.1528218285234,-134.7775386633674,0.0
2014-06-03,7713.646284962862,22331.874999672167,8358.940113356284,1436.8283227884551,-134.50958297236298,0.0
2014-06-04,1185.523017873752,14713.81983065717,-6472.899242738664,628.4466063171467,-134.24271834801766,0.0
2014-06-05,-2542.9021361582477,-453.8140220217684,-5852.708284775128,-852.7949409723022,-134.20038392213422,0.0
2014-06-06,2226.2251756962282,-9938.85768102217,12546.593449837186,-4770.350569604213,-134.29119556701258,0.0
2014-06-09,3402.630556113179,-7828.281190541352,5886.7471463406,-1475.5904745895684,-134.24271834801766,0.0
2014-06-10,3287.2969591052833,276.56898791878467,-3650.3699489234773,57.182576771920715,-134.14585760217395,0.0
2014-06-11,-383.5278123507322,10953.526339858281,3050.5597309594946,6404.476175117607,-134.04912160900255,0.0
2014-06-12,-7799.592155041078,-32668.961086568466,-1656.871212893326,-7030.239393038999,-134.01301490865504,0.0
2014-06-13,3899.8096272091916,-22368.24492058863,10560.330689097522,-2077.8505340586,-134.32136573092856,0.0
2014-06-16,2038.9907244056628,-31294.33973329988,-6941.248460032964,6291.320665743329,-134.2182794451423,0.0
2014-06-17,7250.3804579748885,11750.668930887592,14930.805136709338,-4189.232845277094,-134.15152560487311,0.0
2014-06-18,-6408.58879159072,13092.171661834542,-24130.79672934789,-1926.7479814372077,-133.92810048681625,0.0
2014-06-19,2811.482260132708,31767.853467426743,-10041.449570838999,5343.424875097873,-134.1576286325375,0.0
2014-06-20,-790.5065867904849,-33473.32149091199,1560.9700825435002,2963.3329166706744,-134.0308052222812,0.0
2014-06-23,98.50172902523484,17006.05691958772,9846.462799385185,-6849.328621787663,-134.06084490108137,0.0
2014-06-24,-3779.7420738935984,-36451.63063018515,-7274.6446857384535,-1969.6882325736005,-134.07304973965876,0.0
2014-06-25,-3314.5000562932983,-12637.290703744386,3609.39304036191,2610.5320051130334,-134.23622447656635,0.0
2014-06-26,-5554.830816837627,-7080.742381204376,-7022.755373880874,23.431702696201608,-134.32714655665208,0.0
2014-06-27,468.3745284921693,15087.735936500581,3138.4254436855517,1440.4127188330585,-134.94862751111802,-5.3646480211064045
2014-06-30,-1422.872995506886,-23456.8602366623,-12823.651786477161,7840.781869480223,-134.9120047164402,0.0
2014-07-01,6604.187663016984,40933.104966984276,5620.078147236767,-3022.4282620399126,-134.94251519782765,0.0
2014-07-02,8209.924783332177,28455.450496321166,3624.1937590312473,-301.4319589097019,-134.72913638189,0.0
2014-07-03,3381.663935023361,-16715.974110956413,-1928.2257024687472,-4646.3421282601485,-134.46185733985888,0.0
2014-07-04,7.11359401033508,79.18760933522199,47.46092993446812,0.6389973957077294,-134.40113067573287,0.0
2014-07-07,-2010.401387376141,-23103.241201822446,8360.691428628259,-2993.6764350053236,-134.40113067573287,0.0
2014-07-08,-6788.346044411381,-34265.26557603145,-639.1330399226605,2067.7932476806996,-134.4859694159549,0.0
2014-07-09,-1798.9462530713076,-4447.253288465367,-7793.37187517777,4199.123317076075,-134.70469931311806,0.0
2014-07-10,-3429.072997974056,37518.75709300474,4164.780482583928,-8111.074604658287,-134.7473145633638,0.0
2014-07-11,-2161.45085104192,-40133.66497375978,-1460.0031376905038,3909.881059899758,-134.86318516442154,0.0
2014-07-14,3178.9611964649207,11155.370035742799,10925.902901986223,-5125.29773009063,-134.9364041032915,0.0
2014-07-15,2214.0332166992175,-1835.4708578074963,3012.582036732554,-3263.7519886628756,-134.85096175659504,0.0
2014-07-16,-347.5636648485418,-23038.967917499216,6522.204898164094,-2982.2162667937005,-134.80217614277532,0.0
2014-07-17,-10857.056601574057,-36955.367249294606,117.09004887235699,-2105.1742342225875,-134.83874322252825,0.0
2014-07-18,5793.550165725986,-14207.000099337498,-835.3313785764153,-521.237111102578,-135.19957104572518,0.0
2014-07-21,-1138.7088199365385,-22717.430230043126,16162.993710649225,-2186.758874275466,-135.04646920982438,0.0
2014-07-22,-2639.4651270178997,8443.188607347023,1966.4201395328312,2332.553602675033,-135.0893270218082,0.0
2014-07-23,297.9950050055309,1758.422778392584,-14417.941742560239,2500.4043700427014,-135.14443136711822,0.0
2014-07-24,7146.524531251863,4909.688066055182,2332.3740683957967,-4138.763893907337,-135.13832270914318,0.0
2014-07-25,-5674.06129323072,-40322.762541512486,2250.6352277283454,3861.217141318306,-134.94863356080668,0.0
2014-07-28,4053.097552588351,2695.3632531992293,10865.476373238676,-7478.9885515151245,-134.94862751111802,-3.6083379426800093
2014-07-29,-4371.72622930841,-25661.32690860518,-4288.548870490246,4486.338953891094,-134.85698562023066,0.0
2014-07-30,12370.966467732927,52583.791537683835,10846.811195039585,4385.758966550835,-134.9853303532841,0.0
2014-07-31,-778.5381628243348,29952.044059281063,8069.749901571645,2835.3796641842414,-134.54636050390533,0.0
2014-08-01,-10347.439488942975,23829.60720634031,-17495.569744867043,4445.877478161752,-134.52217493630022,0.0
2014-08-04,-551.8354158729253,5754.9279702815475,-12473.688828956281,-2574.68351777812,-134.81436354867776,0.0
2014-08-05,-1670.8942974296237,-17044.94310944466,3634.9775559210566,-4754.413734874772,-134.85705411599668,0.0
2014-08-06,10.916507747497283,-12484.001100137575,-89.08392395248104,2689.6362934198946,-134.9425262014208,0.0
2014-08-07,-8758.294489743203,-1187.8425943185218,-8083.59773877699,-1780.524855597374,-134.93640977714836,0.0
2014-08-08,1856.9127242855857,-7959.206748397315,7774.96409990659,-1523.70558811835,-135.21802849722238,0.0
2014-08-11,1179.5176767781616,-6712.857129317763,-14489.753241531727,138.32502856114806,-135.16897466201536,0.0
2014-08-12,1819.1783439598664,34229.720806964644,6311.465948964927,-2170.3339517645436,-135.15673815369064,0.0
2014-08-13,-5282.976302571042,-4654.984583475135,-4095.800209232925,4158.85851541446,-135.0831985979569,0.0
2014-08-14,-3840.8777849292287,-23289.703544179407,10256.964819664507,-3053.582268199688,-135.2241498026991,0.0
2014-08-15,-7068.152040103364,-51461.364968395865,1093.6950053051762,-2668.709026616393,-135.35925676304828,0.0
2014-08-18,7537.145265403228,36273.56271462687,-13767.512717894975,415.5893405129688,-135.61805226939592,0.0
2014-08-19,2171.424083833433,-6281.816287839999,-6709.136438839375,977.4831814863729,-135.39006888878131,0.0
2014-08-20,6007.079168266652,-17920.598668887826,18481.288087718593,-6338.652900679459,-135.3347739820729,0.0
2014-08-21,-2600.391815424918,-21161.176702699624,3565.2593348095993,281.5727480416557,-135.18744027516814,0.0
2014-08-22,1935.0150436049273,-54623.950509135626,11107.140972162539,-8337.832361229985,-135.27339934159178,0.0
2014-08-25,-1152.4242028123292,-22743.337911196293,16184.506979724363,-2193.434604065919,-135.2919760785185,0.0
2014-08-26,-99.8455831379564,20763.340751684555,-9386.401650371201,-1142.144890664262,-134.94862751111802,-2.5426704087531107
2014-08-27,-4317.560203132205,-16774.80111552962,3548.675885014434,7679.885342162764,-134.95473784106412,0.0
2014-08-28,-3929.4433308970524,-15133.947663500046,669.0957007994381,-1498.1469262537078,-135.0466670390651,0.0
2014-08-29,80.297367169342,21555.731869172796,8032.561311419455,499.07326956182345,-135.18173532348803,0.0
2014-09-01,7.4213856116101296,79.44008722140471,47.64410843084727,0.6453675040197931,-135.15094876788186,0.0
2014-09-02,11326.242705851791,21814.67413655448,-12760.143155729429,-136.7606523522638,-135.15094876788186,0.0
2014-09-03,-1602.5669267487308,-8141.969112098567,11467.752735132399,-1573.4334398497608,-134.82012956529522,0.0
2014-09-04,5895.191288378829,29615.974729137637,-16743.251914927117,1324.5487497190338,-134.8690421075405,0.0
2014-09-05,-504.2846889856585,31646.489821507468,-6362.421459456344,5322.517886349671,-134.6857961268557,0.0
2014-09-08,3111.853296301173,-13947.10274757054,10641.129082989752,256.5565347839651,-134.65533481164505,0.0
2014-09-09,3572.3956425058814,-15952.786330544697,15449.557111406539,-3021.706483638113,-134.55784472949316,0.0
2014-09-10,5100.790825269505,9257.335870490782,2313.183803106096,3251.781040090857,-134.46048051347586,0.0
2014-09-11,376.1111126000098,6174.850173072723,-4685.448022351217,-1731.2349296269294,-134.27833369458386,0.0
2014-09-12,8391.25323259839,60357.530205517716,4971.025846366668,5818.4865123933805,-134.27833369458386,0.0
2014-09-15,-2589.0916409153415,-4870.148428478801,-15507.552897492737,3328.546714877329,-133.93990248519606,0.0
2014-09-16,-1284.0289809615292,35554.377312137134,-4420.438670412708,265.4482740375357,-134.0243304151348,0.0
2014-09-17,4531.5899401900615,-22688.29351769708,955.5036033427475,-2862.9501753017444,-134.04264679614295,0.0
2014-09-18,1450.788605784123,-9590.216841816457,22111.873297856047,-3952.4181851186545,-133.93379945791747,0.0
2014-09-19,-5145.066132438519,-48283.56693099801,11763.638937846516,2274.1552160583096,-133.89163034772866,0.0
2014-09-22,-2982.955233473139,1554.5493455311082,-10650.827025561939,2404.1369800545235,-134.06048625791394,0.0
2014-09-23,-3708.0777342949154,-15083.035478694002,666.2301474252977,-1479.2805624883613,-134.15119696142145,0.0
2014-09-24,5292.405387749523,4809.069346038685,4186.900089320214,-4153.426195597506,-134.94862751111802,-5.494864767404579
2014-09-25,-9147.082306389546,-15382.918756890476,-5335.137660203064,10067.059178430973,-134.80832317716457,0.0
2014-09-26,4574.409170407199,-24444.85871335901,15421.744373067313,-5400.065992971466,-135.0402815709759,0.0
2014-09-29,-5256.381684856007,-21669.50082931905,-2359.6069241078526,-582.062999475828,-134.93641416018954,0.0
2014-09-30,2615.5907409362353,21307.507590522786,-3467.9597379054603,-280.1506664087134,-135.11373283884095,0.0
2014-10-01,-14553.989796974847,-29056.568519539313,-5743.19417668293,-617.0569386829986,-135.02806578588678,0.0
2014-10-02,2670.9345294502637,21340.599950007465,-3474.5341775782026,-281.54905397389825,-135.48816868716028,0.0
2014-10-03,2801.5323172320186,-41598.03843201482,7443.1018142239955,1518.8326785130366,-135.4020136068519,0.0
2014-10-06,-4051.1082349347394,14472.207460049716,-927.927467385283,552.2863725333518,-135.33454063647503,0.0
2014-10-07,-9566.685928015542,-28805.46197301483,-11335.521358105085,-534.1662244173884,-135.4389636899378,0.0
2014-10-08,-6134.888203841942,56692.94200929164,-12150.328423216575,11675.222338798612,-135.75348325620882,0.0
2014-10-09,33.400692943599054,-4401.239305912414,1924.4973615538242,-7516.032883181647,-135.8334969003452,0.0
2014-10-10,-5046.374038207422,-19295.51111488627,596.9663962059212,3593.7392542521193,-135.8768355094807,0.0
2014-10-13,7.8201074557419235,79.69878026991907,47.84110952747563,0.6531611246224726,-136.01315837775905,0.0
2014-10-14,-15895.254854813456,-14539.922270321631,-10482.49002429553,-10.752837705671535,-136.01315837775905,0.0
2014-10-15,-10683.752403336373,15495.739672631853,-17725.267567488252,2164.8584587461783,-136.48593216760165,0.0
2014-10-16,3401.9090792961933,6775.165221088161,1231.5434820049245,-906.8795297746973,-136.7797015759729,0.0
2014-10-17,8667.37168995833,917.3070735103868,403.888175493999,971.3408873763204,-136.68573953939338,0.0
2014-10-20,-4283.31469548194,1907.500883256079,-1070.9478574745383,3305.9031530970697,-136.44219063554698,0.0
2014-10-21,5243.875325391176,19508.520736398557,-503.03125061251586,-3623.9096604522097,-136.54196703253825,0.0
2014-10-22,3758.2845253331798,-12354.75634315322,-3829.004406062563,2802.8095054838877,-136.40461072072262,0.0
2014-10-23,6342.417190180189,22235.40729394396,21807.608341902443,-10250.48419851543,-134.94862751111802,-13.195851275471796
2014-10-24,7.263959568830113,79.3168489292053,47.553893052590034,0.6421489187798279,-134.77685046940525,0.0
2014-10-27,-1774.423205262137,-8912.143471893021,-5930.835746443627,-3207.8150798957968,-134.77685046940525,0.0
2014-10-28,3517.821258899783,9172.26769309491,4172.92196784914,3241.8261619489276,-134.86267784190872,0.0
2014-10-29,7993.820016041844,-44886.91702791358,21115.216206262343,-4179.893622150453,-134.72786797848926,0.0
2014-10-30,-3087.011746284804,-10978.1085311687,-10808.194957881627,5097.68808142801,-134.5200391243636,0.0
2014-10-31,5202.3057418474555,4801.400978055015,4179.108301050154,-4135.678147444083,-134.605561656026,0.0
2014-11-03,1696.0047245383453,-12352.870223481172,-1940.0362170717187,2703.8771960057197,-134.46511253800287,0.0
2014-11-04,-1195.5103082416967,-14556.131614035783,6570.268258186884,-629.3450750675955,-134.4102211884509,0.0
2014-11-05,837.2391481091734,8619.955300811978,-1741.506532485592,2368.8645003175193,-134.45290648147318,0.0
2014-11-06,5151.059550074045,4797.031293851826,4174.669592558999,-4125.577746159686,-134.4102211884509,0.0
2014-11-07,-9425.976756107691,-14137.290838132885,-15937.218327247874,74.54907266811405,-134.27014607455865,0.0
2014-11-10,8592.994160742324,9454.191383555035,-1390.565099098173,3317.958082404432,-134.58724709469573,0.0
2014-11-11,7.127255982344713,79.11875965425888,47.421882579334145,0.6387434275180148,-134.3066416434557,0.0
2014-11-12,-443.17476295292505,-2363.477171458296,-2896.34320891635,-4097.896672568202,-134.3066416434557,0.0
2014-11-13,-2503.1352648789825,3966.0385042727817,3821.2933945880627,-5065.015221805827,-134.34926627593973,0.0
2014-11-14,-3436.7008953628824,-34048.85975037383,-4340.378393436286,2125.023418557598,-134.44680527798,0.0
2014-11-17,2650.4218286697105,13143.943759380505,6090.8155923026425,-1820.5474570885328,-134.5689434838899,0.0
2014-11-18,-2143.4807803542944,-2463.769621048898,-1047.7660032925671,-4136.826535364927,-134.4834209522275,0.0
2014-11-19,4811.428480195564,15688.997867710694,7187.012932149437,2322.201427898796,-134.5750434712985,0.0
2014-11-20,-3358.1468926143375,-12642.976909545261,3611.7824346647203,2617.3022988172847,-134.3980199975491,0.0
2014-11-21,-3032.205168589204,-23589.07560552547,606.6173813433494,-3850.3879797173677,-134.94862751111802,-6.291233300216845
2014-11-24,-1344.1793223075717,-6469.667295260147,-2982.8096677881904,916.722876204062,-135.07753610402023,0.0
2014-11-25,-5732.97216931788,-10767.261073515641,656.8317307652246,5918.4569242182815,-135.12056681804552,0.0
2014-11-26,-2405.3346775407144,-28390.58717856622,-18761.105354896918,-417.91826203759337,-135.26206474889594,0.0
2014-11-27,7.581480477650663,79.47018145411586,47.67973121599242,0.6480021852313144,-135.3793953329902,0.0
2014-11-28,-11186.919379887195,1501.9980677175479,6372.989120591823,3146.3433405077453,-135.3793953329902,0.0
2014-12-01,6717.719919417766,27682.8518383991,-11967.370367378502,-1990.7544575180468,-135.67601254909394,0.0
2014-12-02,10842.746190370468,-7467.2364150550075,-1521.64436993098,-1386.848610195804,-135.49036617820275,0.0
2014-12-03,1879.375843056915,-20518.87052750376,7633.042106895623,1176.6802434444464,-135.1945031690731,0.0
2014-12-04,-5634.70259102267,-23359.415973393006,12103.033463616803,-3083.8763370312026,-135.1391990227087,0.0
2014-12-05,13103.88497371804,-51562.258024499206,2911.805859071932,-4022.4379611162785,-135.32396341706368,0.0
2014-12-08,-6489.778267781345,-44441.389541766664,13747.586310904631,-2771.3916286741605,-135.00430705036854,0.0
2014-12-09,-5121.550652262561,-19997.336083644303,-16826.396441773715,1920.1069885202523,-135.22586296054908,0.0
2014-12-10,-8127.766942032658,8150.737104240688,7544.364207866775,2258.7155480694896,-135.3987842301928,0.0
2014-12-11,4193.571793005832,-18791.7477145779,2897.3499673912115,-8060.743802092226,-135.60269587485018,0.0
2014-12-12,-15130.545962422797,-20179.305841175345,2101.9035024596315,2597.930117096186,-135.5409940480758,0.0
2014-12-15,4900.810314002968,-37107.50954090029,15344.221183372278,-2744.6358852578096,-135.9693251883453,0.0
2014-12-16,-8009.828145764188,-19805.57256751731,-5345.920028916262,2725.6170676652237,-135.8576450892632,0.0
2014-12-17,11584.274504879324,5897.263918082824,16104.547928042983,-2471.2882592677634,-136.0882475561523,0.0
2014-12-18,13002.557192387107,22271.80476896891,-4984.20630593822,707.0298412299368,-135.75830397072212,0.0
2014-12-19,-5461.977418391222,-38711.84919663531,-628.9700306898225,-5363.005740141837,-135.38050066394337,0.0
2014-12-22,1281.9862241960184,-39946.62355063386,-5172.536753951155,3972.122707900181,-134.94862751111802,-9.16605585875368
2014-12-23,13258.123841823995,52194.047975297195,12784.574723086826,-8091.87633253611,-134.92422393193664,0.0
2014-12-24,-291.86860915957794,-9675.288649188304,12470.886376199282,7585.794186562404,-134.5255662089719,0.0
2014-12-25,7.1565449762753985,79.20843944793235,47.47800439685903,0.6397897612182143,-134.48277858228496,0.0
2014-12-26,-2123.314706237777,-14999.228358841337,-1184.464689798028,-1458.5400103203294,-134.48277858228496,0.0
2014-12-29,-4308.064686355804,-13090.833782174826,-4145.648536652585,1791.706126107237,-134.56838431317945,0.0
2014-12-30,-4757.899647685556,10346.220659946066,-999.552835108646,5577.361831269826,-134.70311839255038,0.0
2014-12-31,-3985.602684004333,5553.623490818321,-8758.927182005082,-2634.1617902327393,-134.807326760418,0.0
2015-01-01,7.354480301302433,79.36056186930205,47.58976773802876,0.6438176024848234,-134.94862751111802,0.0
2015-01-02,-6974.386243967981,-34330.74408822105,-640.6288759603253,2080.707835660639,-134.94862751111802,0.0
2015-01-05,-8481.302395794126,-79417.92909558727,-9923.29117641367,-2245.8047849013606,-135.17050687386546,0.0
2015-01-06,-11367.431953882779,-32569.82620437588,-1755.414313597701,5365.840195132349,-135.5051459433439,0.0
2015-01-07,-3280.218129363808,23083.550487528268,-2731.0093557526234,2969.924206435067,-135.82857736930063,0.0
2015-01-08,7886.854045017027,54144.62982836775,1966.8394606781399,6880.516235023259,-135.89061335498923,0.0
2015-01-09,-7771.22875209942,-7216.667601174521,-5205.731121640953,-5.022206104909737,-135.5852756480373,0.0
2015-01-12,-9691.234731272998,-19923.561433129857,-3485.2745044651083,2690.013651085005,-135.8215518063909,0.0
2015-01-13,-2370.4610950734136,14618.493133881386,-2797.9940438809144,586.9238151639428,-136.10245754293325,0.0
2015-01-14,-6661.912978353791,3022.2762827926267,-9922.329020295789,-6911.5142798494035,-136.15856321755393,0.0
2015-01-15,-16272.087582428248,2559.5366791926804,-12246.319992746663,4819.640054412721,-136.39674661298662,0.0
2015-01-16,10778.813703664862,-7170.4983749166795,8191.783292811146,-585.34719606991,-136.83730140059748,0.0
2015-01-19,8.050751045542581,79.86681595696881,47.9659053294473,0.6577927118267723,-136.54126504378542,0.0
2015-01-20,149.87845247411718,-62744.30983328842,10940.03094807621,1789.3490602491493,-134.94862751111802,-15.126568998814037
2015-01-21,6249.719675826587,34818.10037604043,10367.328998470184,-1274.9102721410018,-134.96759501971226,0.0
2015-01-22,4087.938364113518,11582.133417230918,18684.339670477028,-4280.202960031381,-134.75088562904114,0.0
2015-01-23,-10379.606322236168,-52253.86457882485,-12585.756090771276,-4333.624733904628,-134.62123177672856,0.0
2015-01-26,3985.380286414768,-1737.2988958750468,1158.3588965329043,-3243.7286794224588,-135.01713736699904,0.0
2015-01-27,-973.8948331327014,4106.879548671681,-9593.854502386726,6595.787871833213,-134.91808498546155,0.0
2015-01-28,-14885.567806573203,-47698.991220993696,-1129.6376190696403,3824.2187553962026,-134.91808498546155,0.0
2015-01-29,5431.986446144329,21860.644298913026,2459.653520665859,587.1617071265691,-135.37795869025283,0.0
2015-01-30,-13979.66829763473,-24939.179381485465,-17259.70898003777,6030.374423662656,-135.19729759715145,0.0
2015-02-02,1332.8380928484962,-14863.787911472822,-4914.067694403676,-1424.3499682346978,-135.61518959447366,0.0
2015-02-03,16031.685892326732,63019.55926356419,4328.484825100304,-2405.9803253217433,-135.6029640564098,0.0
2015-02-04,2228.335473739967,15191.109266157679,1283.1121090025817,1473.024621477032,-135.10410087987452,0.0
2015-02-05,2603.2937578867613,21297.901767098487,-3466.138670823187,-279.8155282784269,-135.01713736699904,0.0
2015-02-06,22959.002625072426,-35591.15313181497,16066.898450787685,-13251.26081422009,-134.93029834254494,0.0
2015-02-09,1310.370468373539,6605.148791793169,3065.490075286355,-907.0462844970225,-134.33256680252197,0.0
2015-02-10,6682.663433858559,29959.374605775265,-8938.25459588037,2143.4112698704803,-134.28956469549212,0.0
2015-02-11,-338.15241940781544,-10453.228455201455,6632.057489438532,-5616.2532297838015,-134.06283281987967,0.0
2015-02-12,-3715.038948893662,48275.81049602127,7152.69282486157,-1628.2520168152973,-134.10568153989297,0.0
2015-02-13,6460.202593592419,-295.3127491967134,-24687.780162252875,-1509.4221787873093,-134.18512073285092,0.0
2015-02-16,7.00310465441358,79.03064844638888,47.35608586188483,0.6362660107448047,-134.02610497343207,0.0
2015-02-17,14660.896377270716,46474.36973841695,11823.342883043388,6115.803470774377,-134.02610497343207,0.0
2015-02-18,-12405.599190120016,36321.53192121729,-15535.731447793823,1754.7473442073422,-134.94862751111802,-15.226543164540999
2015-02-19,8033.371811116423,-16139.497628121355,2136.288559860701,-3803.7439553960508,-135.29997529795543,0.0
2015-02-20,2421.5494472589153,-1065.3053567106244,20440.064962225115,-1631.0635172248694,-135.09639383474334,0.0
2015-02-23,-9567.714284468328,-30444.92723060784,3147.2101426074255,-3023.5129586628964,-135.0100597341795,0.0
2015-02-24,-11757.54224794498,-9831.626253767643,-16039.541809419963,7512.007672734708,-135.33109116463928,0.0
2015-02-25,-2641.4952320448347,-38276.043184890645,5311.754961529199,-4498.093821573767,-135.65976361516988,0.0
2015-02-26,11896.13654673021,13712.48646132116,-3188.045635244537,-1704.2640298383303,-135.78449902596503,0.0
2015-02-27,-5845.596631633053,1800.3772862286194,794.887855210597,3234.4134045424053,-135.4490713141917,0.0
2015-03-02,11843.79872564896,35213.355585843005,4815.975331246422,-1198.6630428536062,-135.59787272278902,0.0
2015-03-03,5849.218136968769,7267.780783272837,7151.42348080458,-22.416080969756106,-135.23223240753123,0.0
2015-03-04,-878.7801601369742,21109.335773262395,246.4928382897005,-337.0264976060513,-135.04710639314055,0.0
2015-03-05,-2708.9209238614835,4012.267573695633,-7746.915195146394,6573.5575721542145,-135.05931759834786,0.0
2015-03-06,20267.297541697317,27516.119191844362,5096.133740676006,-2598.235785355166,-135.10860747231797,0.0
2015-03-09,-5954.576925903432,-651.9985995819998,-2156.625375831013,-913.42075381312,-134.5008047565842,0.0
2015-03-10,-7297.909962734954,-49298.28874571751,-3727.2384091219774,638.4430862624166,-134.6905468582921,0.0
2015-03-11,-3906.7788194058835,-27685.369329268644,532.0911328377748,1195.0056433476095,-134.94862751111802,0.0
2015-03-12,-2133.410279828777,18993.870739239344,6928.871751141272,-3669.3286989108237,-135.07808249777432,0.0
2015-03-13,2692.893866405099,5082.687609546667,4104.030339299181,8312.116088935394,-135.13960710124005,0.0
2015-03-16,-4797.285888701751,-6667.157179899855,731.1143321094493,858.2437191009423,-135.00395473958963,0.0
2015-03-17,-3127.1784241144424,-70225.55858828238,-7650.382544966193,1037.9355115691187,-135.14571331185752,0.0
2015-03-18,-22835.31392697162,21177.86982792342,286.5951263431849,982.6246876222939,-135.29445754647395,0.0
2015-03-19,9245.500662721244,-22124.205366615766,5024.199556361988,-2010.546224956359,-134.94862751111802,-9.939930480171824
2015-03-20,-7867.163346041411,-5178.346447758068,-9998.34577255832,3281.9802709627074,-134.6959034655507,0.0
2015-03-23,-561.9445466238918,5753.408669345536,-12474.334980271418,-2582.198833140447,-134.93030930978702,0.0
2015-03-24,-6546.109585982803,-19319.825623331028,2450.1025748376474,3523.1660991388417,-134.9736218129436,0.0
2015-03-25,6318.697136575039,22280.98271456714,10240.867037714836,1422.1272955320467,-135.1593929008912,0.0
2015-03-26,11306.855637565988,55796.795689775565,-4632.680341462392,-2331.0568678813283,-134.93641416018954,0.0
2015-03-27,-8890.217935513327,-27941.347487855703,6088.932415056088,1103.5965649935645,-134.57881813284612,0.0
2015-03-30,749.7652637893336,16759.902957816248,-11311.745735892384,3926.857143415409,-134.8559880846458,0.0
2015-03-31,-4007.0401420080293,10016.598879246148,-10626.768366275131,4779.7515729329925,-134.81276839289595,0.0
2015-04-01,-8745.421638436897,-43325.054796478056,-6622.784329575104,-1135.3031178766196,-134.91145447244514,0.0
2015-04-02,6217.035295178301,42995.09111943999,798.9665184140781,275.70679460506807,-135.22118611821762,0.0
2015-04-03,-11544.726854871062,15306.082617901024,-15739.935010280677,2093.21736607699,-135.00415823416105,0.0
2015-04-06,9756.63826294985,43228.747755878125,-2920.306642908727,333.48417521019275,-135.34489883350872,0.0
2015-04-07,-2434.116837730483,-46319.234444617075,14872.938100599877,-6007.161478925224,-135.02860929100459,0.0
2015-04-08,4069.4977332406506,-5403.641875838497,8870.612474012396,2646.819370714426,-135.15261825054492,0.0
2015-04-09,8648.499999928094,38265.06887979333,-8826.158707554308,-7934.652248310272,-135.01026917075814,0.0
2015-04-10,-726.0221315816061,-29152.117475386436,11267.76873221563,-1235.9538078526687,-134.78179537104864,0.0
2015-04-13,-3523.5310959621274,20556.7442798412,-5671.184626472065,-1196.9914063217125,-134.81887567682267,0.0
2015-04-14,-5709.873462181811,-19661.31608817346,-7182.8637313979,2712.8720182481293,-134.92367512776627,0.0
2015-04-15,-412.6037256386533,23568.075196620543,3203.3677916406755,3801.366786466315,-135.10309932671996,0.0
2015-04-16,-1442.4711809294818,14228.634738908502,-12425.616887650258,-228.09298772729673,-135.0719527836966,0.0
2015-04-17,-2925.005105149962,-44273.055795341,10040.60879945279,-2707.599271450544,-134.94862751111802,-3.0281976512633264
2015-04-20,5921.997232631923,8168.401712295441,-24735.991245294845,831.0992758169308,-135.07262989877756,0.0
2015-04-21,2694.431810339044,13166.12966666079,6102.648162781522,-1828.2915525109333,-134.91808727040342,0.0
2015-04-22,10026.562489090935,41104.86817379789,1907.0630674694587,-2961.794315797581,-134.83150037554526,0.0
2015-04-23,-5154.410052876329,-4641.6170540286475,-4082.52044528516,4131.419255367012,-134.5172119892467,0.0
2015-04-24,-3572.6716638413504,-889.2672303165795,-13629.125796211985,-1689.8851692100973,-134.65869768879924,0.0
2015-04-27,1057.4699762139198,-7605.015542316849,17379.691738173722,-712.4705088300365,-134.7943589684801,0.0
2015-04-28,7663.230570622022,38582.494445219236,-10753.835494186394,4531.91391904515,-134.75114286468795,0.0
2015-04-29,7623.400431953341,55501.75174470201,-919.2386045084527,-2373.0520294658395,-134.48028401606518,0.0
2015-04-30,-61.58351035989176,-21317.538509592825,-7900.283211344778,-491.17736262582196,-134.2227416019559,0.0
2015-05-01,9741.805793185931,32916.94482275588,11439.485633510325,-4470.965545057986,-134.25338359690232,0.0
2015-05-04,4381.705265859759,44355.617350368906,-11743.296688831479,2699.4304007866926,-133.9418945901412,0.0
2015-05-05,4092.875724418857,709.5822848675313,4089.0448350780157,877.2755092036288,-133.77154235118067,0.0
2015-05-06,8270.144362582303,36082.98383173219,-15476.049528282609,432.5380018341264,-133.63190121496373,0.0
2015-05-07,-7737.104264341702,-46730.8337885121,12556.529343918259,-6771.840132779305,-133.3595416739485,0.0
2015-05-08,-4541.169426761416,30886.090038238766,-10369.364669730932,4373.150301907317,-133.66825695442301,0.0
2015-05-11,14964.573979634246,71134.9860015471,2508.1079142906924,0.20379155332141694,-133.7776418835237,0.0
2015-05-12,-1119.8149736698244,2415.115095868433,4818.626880015927,4004.3981367573742,-133.2511945157594,0.0
2015-05-13,180.69103855780384,42826.39003981521,-21526.880374152774,-11185.179738018955,-133.257291617967,0.0
2015-05-14,-6688.781949221148,-2718.590708335843,-7004.383159902764,7248.350165427184,-133.3116698108225,0.0
2015-05-15,-9805.992922351805,-66222.6310184704,1700.8548564943192,-4065.3657552142004,-133.4989977396261,0.0
2015-05-18,12738.80422674066,41669.23497231042,7829.305478878823,-2102.3960504188162,-134.94862751111802,-8.266014176319004
2015-05-19,7698.864650579971,-16087.907437438977,2128.021138601922,-3765.8903606104577,-134.54359885186074,0.0
2015-05-20,-2612.144710531374,29053.244543601693,-7445.374211204123,1173.715440045681,-134.3420125274214,0.0
2015-05-21,-8006.351695054477,-57778.43191913604,-1932.4635506567672,-1728.5113495311014,-134.40303848912896,0.0
2015-05-22,4775.989527347576,-22731.66124671146,958.1377238479799,-2892.9837057366244,-134.70295486424445,0.0
2015-05-25,7.2382938827632985,79.21959645380893,47.49371341704906,0.6411068784023233,-134.59271063202357,0.0
2015-05-26,-8432.16408208944,-72008.67163764863,12356.11335688076,-1535.3429856379037,-134.59271063202357,0.0
2015-05-27,-872.2216354752287,-4013.6749026758,-26.91769200065711,5047.707927676361,-134.89369752467516,0.0
2015-05-28,-1838.7671491407689,20647.559220594707,-7525.156045013064,-1171.1297315160234,-134.89369752467516,0.0
2015-05-29,-2226.8351601298637,1994.0435164095684,-2917.968995093411,3271.980435663898,-134.94901656329046,0.0
2015-06-01,9771.857838917009,22459.608686643493,6519.372226989041,1476.8765134900232,-134.99826911596088,0.0
2015-06-02,9649.079764643442,56394.79417388413,14608.10607029507,-717.7232972576847,-134.67855369781873,0.0
2015-06-03,13952.367868785082,33587.143541703656,3955.7855563748867,7980.536635843953,-134.3359140586757,0.0
2015-06-04,-0.0,-0.0,0.0,-0.0,0.0,-3075.277953669305
2015-06-05,0.0,0.0,0.0,0.0,0.0,0.0
2015-06-08,-0.0,0.0,-0.0,-0.0,0.0,0.0
2015-06-09,0.0,0.0,-0.0,0.0,0.0,0.0
2015-06-10,0.0,0.0,0.0,0.0,0.0,0.0
2015-06-11,-0.0,-0.0,0.0,-0.0,0.0,0.0
2015-06-12,0.0,-0.0,0.0,-0.0,0.0,0.0
2015-06-15,-0.0,0.0,-0.0,0.0,0.0,0.0
2015-06-16,-0.0,-0.0,-0.0,-0.0,0.0,0.0
2015-06-17,-0.0,0.0,-0.0,0.0,0.0,0.0
2015-06-18,0.0,0.0,-0.0,-0.0,0.0,0.0
2015-06-19,-0.0,-0.0,-0.0,-0.0,0.0,0.0
2015-06-22,0.0,0.0,0.0,-0.0,0.0,0.0
2015-06-23,0.0,0.0,0.0,0.0,0.0,0.0
2015-06-24,-0.0,-0.0,0.0,-0.0,0.0,0.0
2015-06-25,0.0,0.0,0.0,0.0,0.0,0.0
2015-06-26,0.0,0.0,-0.0,0.0,0.0,0.0
2015-06-29,-0.0,-0.0,0.0,-0.0,0.0,0.0
2015-06-30,0.0,0.0,0.0,0.0,0.0,0.0
2015-07-01,0.0,0.0,-0.0,-0.0,0.0,0.0
2015-07-02,-0.0,0.0,-0.0,0.0,0.0,0.0
2015-07-03,0.0,0.0,0.0,0.0,0.0,0.0
2015-07-06,-0.0,-0.0,0.0,0.0,0.0,0.0
2015-07-07,-0.0,-0.0,0.0,-0.0,0.0,0.0
2015-07-08,-0.0,-0.0,-0.0,0.0,0.0,0.0
2015-07-09,0.0,0.0,-0.0,-0.0,0.0,0.0
2015-07-10,0.0,0.0,0.0,-0.0,0.0,0.0
2015-07-13,0.0,-0.0,-0.0,0.0,0.0,0.0
2015-07-14,-0.0,0.0,-0.0,-0.0,0.0,0.0
2015-07-15,-0.0,-0.0,0.0,0.0,0.0,0.0
2015-07-16,0.0,-0.0,0.0,-0.0,0.0,0.0
2015-07-17,-0.0,-0.0,0.0,-0.0,0.0,0.0
2015-07-20,0.0,-0.0,0.0,-0.0,0.0,0.0
2015-07-21,-0.0,-0.0,-0.0,0.0,0.0,0.0
2015-07-22,-0.0,-0.0,-0.0,0.0,0.0,0.0
2015-07-23,-0.0,-0.0,0.0,-0.0,0.0,0.0
2015-07-24,-0.0,-0.0,0.0,0.0,0.0,0.0
2015-07-27,-0.0,-0.0,-0.0,0.0,0.0,0.0
2015-07-28,0.0,0.0,0.0,-0.0,0.0,0.0
2015-07-29,0.0,0.0,-0.0,0.0,0.0,0.0
2015-07-30,-0.0,-0.0,0.0,0.0,0.0,0.0
2015-07-31,-0.0,0.0,-0.0,-0.0,0.0,0.0
2015-08-03,-0.0,-0.0,0.0,0.0,0.0,0.0
2015-08-04,0.0,-0.0,0.0,0.0,0.0,0.0
2015-08-05,0.0,0.0,0.0,-0.0,0.0,0.0
2015-08-06,-0.0,-0.0,-0.0,-0.0,0.0,0.0
2015-08-07,-0.0,-0.0,-0.0,0.0,0.0,0.0
2015-08-10,0.0,0.0,0.0,0.0,0.0,0.0
2015-08-11,-0.0,-0.0,-0.0,0.0,0.0,0.0
2015-08-12,-0.0,0.0,-0.0,-0.0,0.0,0.0
2015-08-13,0.0,-0.0,0.0,0.0,0.0,0.0
2015-08-14,0.0,-0.0,0.0,-0.0,0.0,0.0
2015-08-17,-0.0,-0.0,-0.0,-0.0,0.0,0.0
2015-08-18,0.0,0.0,-0.0,0.0,0.0,0.0
2015-08-19,-0.0,0.0,-0.0,0.0,0.0,0.0
2015-08-20,-0.0,-0.0,0.0,-0.0,0.0,0.0
2015-08-21,-0.0,0.0,-0.0,0.0,0.0,0.0
2015-08-24,-0.0,0.0,-0.0,-0.0,0.0,0.0
2015-08-25,0.0,0.0,-0.0,0.0,0.0,0.0
2015-08-26,0.0,0.0,-0.0,0.0,0.0,0.0
2015-08-27,0.0,-0.0,-0.0,0.0,0.0,0.0
2015-08-28,0.0,-0.0,0.0,-0.0,0.0,0.0
2015-08-31,0.0,0.0,-0.0,-0.0,0.0,0.0
2015-09-01,-0.0,0.0,-0.0,-0.0,0.0,0.0
2015-09-02,0.0,0.0,-0.0,-0.0,0.0,0.0
2015-09-03,-0.0,-0.0,-0.0,0.0,0.0,0.0
2015-09-04,-0.0,-0.0,0.0,-0.0,0.0,0.0
2015-09-07,0.0,0.0,0.0,0.0,0.0,0.0
2015-09-08,0.0,0.0,-0.0,-0.0,0.0,0.0
2015-09-09,0.0,-0.0,0.0,0.0,0.0,0.0
2015-09-10,0.0,0.0,0.0,-0.0,0.0,0.0
2015-09-11,-0.0,0.0,0.0,-0.0,0.0,0.0
2015-09-14,-0.0,-0.0,-0.0,-0.0,0.0,0.0
2015-09-15,0.0,0.0,-0.0,-0.0,0.0,0.0
2015-09-16,0.0,0.0,0.0,0.0,0.0,0.0
2015-09-17,-0.0,0.0,0.0,0.0,0.0,0.0
2015-09-18,-0.0,-0.0,-0.0,-0.0,0.0,0.0
2015-09-21,0.0,0.0,-0.0,-0.0,0.0,0.0
2015-09-22,-0.0,-0.0,0.0,0.0,0.0,0.0
2015-09-23,0.0,-0.0,0.0,-0.0,0.0,0.0
2015-09-24,-0.0,-0.0,0.0,0.0,0.0,0.0
2015-09-25,0.0,0.0,-0.0,-0.0,0.0,0.0
2015-09-28,-0.0,-0.0,0.0,0.0,0.0,0.0
2015-09-29,-0.0,0.0,-0.0,-0.0,0.0,0.0
2015-09-30,0.0,0.0,-0.0,0.0,0.0,0.0
2015-10-01,-0.0,-0.0,0.0,-0.0,0.0,0.0
2015-10-02,-0.0,0.0,-0.0,0.0,0.0,0.0
2015-10-05,0.0,0.0,-0.0,0.0,0.0,0.0
2015-10-06,-0.0,-0.0,-0.0,-0.0,0.0,0.0
2015-10-07,0.0,-0.0,-0.0,0.0,0.0,0.0
2015-10-08,0.0,0.0,-0.0,-0.0,0.0,0.0
2015-10-09,-0.0,-0.0,0.0,0.0,0.0,0.0
2015-10-12,0.0,0.0,0.0,0.0,0.0,0.0
2015-10-13,-0.0,-0.0,-0.0,-0.0,0.0,0.0
2015-10-14,-0.0,0.0,0.0,-0.0,0.0,0.0
2015-10-15,0.0,-0.0,0.0,0.0,0.0,0.0
2015-10-16,0.0,-0.0,0.0,-0.0,0.0,0.0
2015-10-19,0.0,0.0,-0.0,-0.0,0.0,0.0
2015-10-20,0.0,-0.0,-0.0,-0.0,0.0,0.0
2015-10-21,-0.0,-0.0,0.0,0.0,0.0,0.0
2015-10-22,-0.0,0.0,0.0,0.0,0.0,0.0
2015-10-23,0.0,-0.0,0.0,-0.0,0.0,0.0
2015-10-26,-0.0,-0.0,-0.0,0.0,0.0,0.0
2015-10-27,-0.0,0.0,-0.0,0.0,0.0,0.0
2015-10-28,0.0,-0.0,0.0,-0.0,0.0,0.0
2015-10-29,0.0,0.0,0.0,0.0,0.0,0.0
2015-10-30,-0.0,-0.0,0.0,-0.0,0.0,0.0
2015-11-02,0.0,-0.0,0.0,-0.0,0.0,0.0
2015-11-03,0.0,0.0,-0.0,-0.0,0.0,0.0
2015-11-04,0.0,-0.0,0.0,-0.0,0.0,0.0
2015-11-05,0.0,0.0,-0.0,0.0,0.0,0.0
2015-11-06,0.0,0.0,-0.0,-0.0,0.0,0.0
2015-11-09,0.0,0.0,0.0,-0.0,0.0,0.0
2015-11-10,-0.0,-0.0,-0.0,-0.0,0.0,0.0
2015-11-11,0.0,0.0,0.0,0.0,0.0,0.0
2015-11-12,0.0,-0.0,-0.0,0.0,0.0,0.0
2015-11-13,-0.0,0.0,-0.0,0.0,0.0,0.0
2015-11-16,0.0,-0.0,-0.0,-0.0,0.0,0.0
2015-11-17,-0.0,-0.0,0.0,-0.0,0.0,0.0
2015-11-18,0.0,-0.0,0.0,0.0,0.0,0.0
2015-11-19,-0.0,-0.0,0.0,-0.0,0.0,0.0
2015-11-20,0.0,0.0,-0.0,0.0,0.0,0.0
2015-11-23,-0.0,-0.0,0.0,0.0,0.0,0.0
2015-11-24,-0.0,0.0,-0.0,0.0,0.0,0.0
2015-11-25,-0.0,-0.0,-0.0,-0.0,0.0,0.0
2015-11-26,0.0,0.0,0.0,0.0,0.0,0.0
2015-11-27,-0.0,0.0,-0.0,0.0,0.0,0.0
2015-11-30,0.0,-0.0,0.0,-0.0,0.0,0.0
2015-12-01,-9580.973620339242,-25967.74347254214,1277.486791188468,4406.178929203882,-134.94862751111802,-3089.473562044328
2015-12-02,4600.257881038333,-19993.168570684196,13564.894658872454,2042.4776312695221,-135.22570984693704,0.0
2015-12-03,19482.141878196653,99590.99825183341,11677.102728929794,-389.3807734483498,-135.07789106874006,0.0
2015-12-04,-5879.322018709718,-42714.49712599569,-701.0567760429873,-271.2593046182908,-134.42214679995715,0.0
2015-12-07,-7214.3774359280205,-27851.52303307045,4237.823146614328,1132.7349501569004,-134.63590509434766,0.0
2015-12-08,1721.415961549925,12733.181777238608,-1671.123195257539,-2658.6289306051067,-134.86260518835897,0.0
2015-12-09,-3237.1789524201145,9681.311469949671,-20254.939072504316,3975.6664733081793,-134.81963996406307,0.0
2015-12-10,4041.633788242051,-9862.477581126233,10727.631553324807,-4784.379346197881,-134.91169265398037,0.0
2015-12-11,-17782.961151356565,-24772.032574510336,-3895.3867371029824,6741.727758115033,-134.8135495499292,0.0
2015-12-14,16861.700811384962,1408.2319593750517,-8897.156472111092,1097.5980611082016,-135.33051351857085,0.0
2015-12-15,6678.677097865029,20241.76998033954,15045.330509940399,-1877.2956153943237,-134.84433757793644,0.0
2015-12-16,5121.458832721173,-16624.611458928226,-3782.4730035179227,-4629.893036406364,-134.6237303186421,0.0
2015-12-17,-7449.173968228228,-46493.62837370836,20383.9175533729,-6056.659470008263,-134.51380068282066,0.0
2015-12-18,-7916.761632455502,-5179.802430420683,-10002.186216688304,3286.305170471911,-134.78311563441963,0.0
2015-12-21,860.7889705321487,21198.853029223967,-1609.8667292651944,-308.45008518221255,-135.01650489477697,0.0
2015-12-22,6560.218766053712,6922.486161187064,-2491.7616394422107,-828.4624442647071,-134.97950504379395,0.0
2015-12-23,5157.47340654004,12923.571129645974,-5378.611756249846,-2600.2978087779206,-134.78919999788664,0.0
2015-12-24,-2144.3391516719594,-40086.23309169041,-1458.108824334494,3900.711038986832,-134.6483202457834,0.0
2015-12-25,7.306183219099854,79.25262747082586,47.52076444985456,0.64236002408508,-134.7219351638653,0.0
2015-12-28,-64.09795872566218,-21347.276531723448,-7916.4566702672,-495.104914286599,-134.7219351638653,0.0
2015-12-29,12635.254525481898,32725.896231027917,-9.573672046319643,-5282.430787370775,-134.75271194857777,0.0
2015-12-30,-1335.515351768147,6091.320260395179,-2844.474296540165,-1776.3819845755286,-134.94862751111802,-7.80371523010768
2015-12-31,-5756.360119787696,-7102.02522999937,-7047.779971875326,23.63411068729392,-134.99766944751846,0.0
2016-01-01,7.453725341715284,79.43669368707394,47.64572201048041,0.6458362117288778,-135.18197725099844,0.0
2016-01-04,-5642.039148014805,6235.611211173786,10512.620535410419,-1031.268017384053,-135.18197725099844,0.0
2016-01-05,2455.4590194885095,7981.507893808364,-21054.945337206103,776.0617728111921,-135.3357612301377,0.0
2016-01-06,-12019.162831357587,-11510.034992729381,-1555.1076000871424,5004.965189399242,-135.28040659407029,0.0
2016-01-07,-4994.393567161083,10387.40982738371,-1004.3127256996792,5643.430567281117,-135.61372186613025,0.0
2016-01-08,-4692.337378827551,7597.242721618848,-13642.703260488259,664.4016621493032,-135.71882233125194,0.0
2016-01-11,4493.5438985076635,38572.868613612874,-7086.977668952875,4539.041388682256,-135.86146611503003,0.0
2016-01-12,-7123.687675358927,-42601.872500341306,8965.753651835334,537.0779877197103,-135.6876061102012,0.0
2016-01-13,-6444.909831030735,-13267.053821003028,-2309.417703245822,1794.134408557769,-135.91111163730457,0.0
2016-01-14,3150.741583693711,40164.99379417959,-8125.129611165082,-4790.067222078128,-136.09780241223848,0.0
2016-01-15,-12244.967433803056,-27877.255987806322,17688.18881016566,1911.9295078216335,-136.01660617966473,0.0
2016-01-18,7.904500157193508,79.85228788566661,47.941002683267676,0.6554727736035841,-136.35326349973133,0.0
2016-01-19,4752.138468617167,-11918.9349247813,4005.0676368569925,3648.161822134183,-136.35326349973133,0.0
2016-01-20,-8384.953064289222,-13383.670813341665,-444.76076213474346,1771.74967999461,-136.2035534515527,0.0
2016-01-21,923.107722326335,21336.02921752738,-1622.1312231010666,-313.999666167615,-136.4410037557508,0.0
2016-01-22,8483.188170578836,916.6695572266661,403.4510614554211,966.9379342976803,-136.40323186511154,0.0
2016-01-25,-4241.691206424443,-24153.314747097247,-7215.892631560899,-4757.462687368801,-136.15982407155067,0.0
2016-01-26,-3717.925533764402,12513.344191818846,3924.073537557904,-2797.9250122933295,-136.334929079299,0.0
2016-01-27,-551.089415166952,19240.9380274383,-6557.269343215948,8190.4267815296325,-136.4410037557508,0.0
2016-01-28,-3163.8149411691043,1559.6515942821632,-10695.770589256967,2434.882563655012,-134.94862751111802,-16.26099669379255
2016-01-29,-10528.283399946218,20176.629777747232,1750.3557641411132,-1315.3946804486795,-135.04121519747758,0.0
2016-02-01,6692.812994859585,-22700.120153278982,-898.4972831930561,-2887.4584656715383,-135.34413988281472,0.0
2016-02-02,-15933.443427622231,-26725.92315787989,-932.4052880572431,3497.26007349861,-135.1833804241042,0.0
2016-02-03,-29.114228655583283,42341.51042039405,-1415.878770061433,-651.4043612627647,-135.65524723588507,0.0
2016-02-04,-2293.1496658182714,14597.45445267573,-2792.3634093928595,582.7313839408844,-135.62990699518096,0.0
2016-02-05,340.6430797966859,-40517.34541780562,-13000.393777012934,3167.2344130350443,-135.68579493857206,0.0
2016-02-08,-17993.482555369148,-30587.683155819643,20279.92474535262,-2354.336107510382,-135.70505081933936,0.0
2016-02-09,-176.42937063521092,-25948.389511610905,-17751.033294450932,3807.701657116336,-136.23668362416623,0.0
2016-02-10,-1486.875158017027,-32558.17478980339,-9147.581912916583,-7135.39323122822,-136.26241044267445,0.0
2016-02-11,-10393.783504759362,15420.603603208398,5599.5360824196505,-21638.71899176159,-136.38259612949838,0.0
2016-02-12,17864.303535252064,25057.516145907495,-5778.453186454619,5008.38826808714,-136.77989742099297,0.0
2016-02-15,7.937265549700686,79.76456782470045,47.89296930029686,0.6553826035106176,-136.2501852782086,0.0
2016-02-16,6521.477954931663,8982.959987015134,-7360.859739399299,2513.454118796531,-136.2501852782086,0.0
2016-02-17,4712.892931273667,25939.319362069084,4409.2033736317935,-4559.9135302533,-136.05575125238994,0.0
2016-02-18,-9221.02223060638,-21955.28213908831,1358.4856832097503,-647.7984375033033,-135.92400306013,0.0
2016-02-19,3765.681083339713,-42069.484398667126,-2219.5741955807393,715.928550095376,-136.20611158091117,0.0
2016-02-22,2286.6529766788885,-6296.2692235605045,-6730.568061818575,988.4869297363175,-136.13152784398986,0.0
2016-02-23,-4204.729653366954,-2579.1075139364043,809.616053325638,-4255.598703365549,-136.07530914429674,0.0
2016-02-24,-551.7906652868265,19205.806946981596,-6545.673077367564,8180.143967792494,-136.2196436566904,0.0
2016-02-25,-7141.275806549167,1367.8593749622162,-7024.761569005941,2419.167808726826,-136.1816758518651,0.0
2016-02-26,10794.800103599899,-22796.9151332999,-14241.326503194447,-3621.609839594452,-134.94862751111802,-12.37877632454547
2016-02-29,-2929.4396701305845,-2130.3440754605845,8568.667618430078,-3343.5162153184956,-134.6827559361032,0.0
2016-03-01,14703.157341055183,13851.924463395384,-6879.796044230156,-1624.931532314478,-134.781688481275,0.0
2016-03-02,1508.7731059489533,-9598.315531114024,22144.560950033752,-3981.1908295139647,-134.3496755028499,0.0
2016-03-03,-2408.737686191078,-24726.165998945573,11223.898852293594,6110.853429469411,-134.30656510925027,0.0
2016-03-04,7643.297838857275,13430.928128795425,535.27172147551,-1729.3327433392956,-134.3496755028499,0.0
2016-03-07,4702.190090475398,-13807.612034977466,8759.04108306545,283.3204625907709,-134.11618143653797,0.0
2016-03-08,-11283.316645537881,-32801.9180627362,-9477.881155422054,4431.007652873569,-133.96916494721577,0.0
2016-03-09,8183.967298656079,24739.512346960324,11290.251833661774,5536.667706473891,-134.33142511346315,0.0
2016-03-10,5977.377429212455,-11728.547213152315,13627.01815300869,-7961.574302213323,-134.01813852700295,0.0
2016-03-11,7346.687426157246,8991.909212685077,-9117.155037323251,2463.84128152008,-133.87131340613854,0.0
2016-03-14,-786.0324690300492,-8430.989567581908,1828.5026184205844,-2342.4004025209347,-133.63331127444013,0.0
2016-03-15,467.9024074389652,-14409.002482030244,4701.103240627762,-595.3224061408666,-133.675992063335,0.0
2016-03-16,-9427.724615720274,81297.1261577853,1503.0623681764655,6797.977236890639,-133.66992189279722,0.0
2016-03-17,-3666.504226441718,-27559.923650622735,529.1567335424362,1177.7724261949134,-133.86498577157263,0.0
2016-03-18,-5103.295669716972,15967.588292286575,-13458.747175388913,2974.3298278300185,-133.993486702605,0.0
2016-03-21,6237.888665028651,6898.984704390811,-2481.3257705514343,-819.0478276375485,-134.14051770986762,0.0
2016-03-22,4203.1660542521495,-28745.7204519594,5678.141644511356,-1138.2978782591226,-133.95062242065748,0.0
2016-03-23,-8922.162158549078,-21429.78246726481,10920.804138286872,163.94302764052796,-133.84066401618344,0.0
2016-03-24,3759.5623422906847,2717.3533026419877,-707.0946232179821,4144.784952600801,-134.1222636895761,0.0
2016-03-25,6.979274917095797,79.01941602054497,47.34680389744129,0.6358285711194009,-133.9813234062014,0.0
2016-03-28,-2285.603223821471,-6902.369080425011,-10757.893270838631,80.81420259620755,-134.94862751111802,-10.882377877249382
2016-03-29,-14304.377274201517,30859.73970249723,20061.166750642828,-6562.254188892325,-135.0353200905247,0.0
2016-03-30,633.6203294683552,54603.013478470624,-22544.706129349215,7572.110087794934,-135.4504336368267,0.0
2016-03-31,-7594.528987326135,-7215.883942617042,-5203.056351956368,-5.001320612584497,-135.37545892348348,0.0
2016-04-01,3597.900548307766,-16800.184145338637,-1939.8431047301203,-4716.0809947497,-135.61200214494735,0.0
2016-04-04,-2671.0616095687674,-4127.663596187576,1835.08879445918,5054.561772767403,-135.54996478758778,0.0
2016-04-05,-8501.891535563162,-19481.11886515767,4321.56177201126,3519.8882876513635,-135.59977912517087,0.0
2016-04-06,5017.273502631693,19460.537389894344,-501.4103270128263,-3587.5744655876033,-135.83710918756302,0.0
2016-04-07,-9531.57255452158,-19926.988311515208,-3484.822593526641,2682.381783076301,-135.69950545904092,0.0
2016-04-08,3235.6037290468225,19372.746854252815,1364.4150273944954,-3623.3396352892887,-135.98111304966474,0.0
2016-04-11,897.9859567616471,8678.158212337241,-1755.2026658981472,2411.4407875114825,-135.89323252711014,0.0
2016-04-12,9619.650240054538,7488.707296546367,3445.960372589061,35.25091273361095,-135.84933951022586,0.0
2016-04-13,-1736.2846987960716,-29690.595474036887,3510.7631449851247,-2088.549271928173,-135.56218537434168,0.0
2016-04-14,5476.044869448947,4824.533977528378,4202.640086392743,-4189.482254813619,-135.64351510514285,0.0
2016-04-15,-7086.027931264223,-12908.700685693,7357.12882522918,2595.0466261036904,-135.50018296708106,0.0
2016-04-18,3189.328926682345,6747.910793511377,1225.22641964026,-893.2934840863655,-135.693393340819,0.0
2016-04-19,3094.124921898224,-2179.3422695207823,-6642.194157908059,-4105.927923942594,-135.59977912517087,0.0
2016-04-20,9483.870223227048,20070.6258405836,3577.2331698430567,-2676.2144309126634,-135.54385631842075,0.0
2016-04-21,4865.290216183629,6834.985056047773,-636.8528450727657,-859.543514789866,-135.26396668446213,0.0
2016-04-22,2626.5898396380553,-8292.316408302719,-1872.607556556425,-2328.792397380059,-135.12139570105077,0.0
2016-04-25,2593.6795545677796,8745.784497661212,-3605.038308244812,2414.618554979402,-135.06580172350638,0.0
2016-04-26,4310.631673493615,21396.755812110932,-5321.617577294395,-250.82128079900062,-134.94862751111802,-1.2554197675344767
2016-04-27,-9679.125105575122,-14173.979990582577,-15985.047729222864,75.04827533785036,-134.812726449467,0.0
2016-04-28,-7011.52586760348,16718.64451104456,5745.073253826207,4634.751992220442,-135.1343294779147,0.0
2016-04-29,-1645.4354135409496,-8158.399853385795,11495.749950660991,-1583.314786896189,-135.29529069370008,0.0
2016-05-02,7527.859174332852,15512.228068360419,-4294.737830391492,1562.4971121655296,-135.34494332615256,0.0
2016-05-03,-10606.481956664602,-1287.605484630584,-6231.950221751508,-1813.82178904474,-135.10920367218452,0.0
2016-05-04,-2737.1941622566696,-13043.212583019631,-6025.957191680821,1840.5682476572201,-135.44434584856702,0.0
2016-05-05,-5735.723620315843,-6344.974693072668,10395.396596564338,1675.7698311728332,-135.53166127671355,0.0
2016-05-06,4587.802616098851,715.1036873006146,4128.305720808504,900.332388944107,-135.68119649178558,0.0
2016-05-09,-3660.811227745196,8028.325093948007,-5829.329765911518,1503.1339749861118,-135.53776914340727,0.0
2016-05-10,7.614371364143988,79.6086313456065,47.764996224774485,0.64943022313909,-135.637429157664,0.0
2016-05-11,-2308.293541074751,-41076.4908769184,-7321.256453558424,-9474.536288706706,-135.637429157664,0.0
2016-05-12,4660.704804167556,-3765.131013207199,6006.46379897774,-6610.836856991642,-135.8004675031931,0.0
2016-05-13,-4967.094982292118,-36356.81058070391,2334.6979090521195,-1199.7577461873748,-135.7005613071139,0.0
2016-05-16,6902.4118691532085,6947.757069945465,-2502.9542174285566,-838.4889640479844,-135.87607050668325,0.0
2016-05-17,3249.867563335642,-22920.077189522963,2825.328640336717,-2960.640896187094,-135.68224864559565,0.0
2016-05-18,17955.931709663615,163.345181485911,13393.917745328483,-570.6639296071484,-135.62014819951895,0.0
2016-05-19,-3996.3323626075617,-10663.444212579732,-1200.1059240798677,5948.357831868734,-135.09167638287855,0.0
2016-05-20,-386.17615992621955,-6034.485885920126,4799.643988557791,1756.2027644212496,-135.18470713269886,0.0
2016-05-23,327.79581119044656,-15272.62497612504,-12686.57438972385,-2253.8076437792533,-135.18470713269886,0.0
2016-05-24,3655.333586789185,4712.098102717461,6048.149365331657,-4202.125139212322,-135.21604625946895,0.0
2016-05-25,753.9564250690346,16766.067086969866,-11316.92088444399,3931.845999916226,-134.94862751111802,-3.587352338801793
2016-05-26,-7375.874620664606,14254.299275887697,2785.0974634002537,491.5728659470951,-134.90528203719293,0.0
2016-05-27,4473.135011964603,-16324.436232048103,5849.722784498355,-3851.614868001651,-135.10932506174763,0.0
2016-05-30,7.367926547516508,79.38588106526343,47.60619100461773,0.6441916880717742,-135.0041903054694,0.0
2016-05-31,-2993.8404591070653,14894.446227430215,6852.775497232059,1384.0218927783085,-135.0041903054694,0.0
2016-06-01,2629.128882604595,-33424.593902649176,-2145.469843864102,3061.2656772757978,-135.06588639625232,0.0
2016-06-02,-6039.16774600786,-21341.942125431502,7274.737170749103,223.64972689871342,-134.99809655816674,0.0
2016-06-03,-17830.710470811602,36059.285705668706,-9979.567076053869,1674.2410353775517,-135.1841022125696,0.0
2016-06-06,3995.4590792398267,6409.832615434492,-8445.717818411442,-1706.4005354717908,-135.6879547794118,0.0
2016-06-07,-2684.7283725285133,8466.816468448998,1972.417688417607,2344.9655059237984,-135.58814315761418,0.0
2016-06-08,-1669.8964143622804,-20770.25380452944,11380.225344491151,1124.5241669094028,-135.64414096952012,0.0
2016-06-09,-3550.9712417388632,-17199.302921251707,5513.0371798638125,-4838.11137538902,-135.6879547794118,0.0
2016-06-10,-7740.397402051091,1704.5379942667555,2661.1887082945486,3219.1942106498514,-135.82569445235626,0.0
2016-06-13,-2932.038784154828,-4911.122102493366,-15669.161443323388,3424.4220053532176,-136.02609292251398,0.0
2016-06-14,941.3860586169086,-8425.229255370175,-14.621258728729984,-2389.0529208934854,-136.11425664211822,0.0
2016-06-15,-5651.32721081973,37676.33690471221,-5583.478603744351,3562.0461035913904,-136.10814224690344,0.0
2016-06-16,-2709.1112362086055,-38380.465500365775,5328.420084661808,-4528.766432411775,-136.22701682276008,0.0
2016-06-17,5750.713701157001,30915.678124774084,10369.002921717889,3840.7590166953796,-136.35357122757804,0.0
2016-06-20,7836.81386539125,2941.150906096978,-4450.108207958601,4309.939362327906,-136.13260713369402,0.0
2016-06-21,6545.315914635553,5266.9007482860125,12023.908388914539,-3358.64317967462,-135.88797004519122,0.0
2016-06-22,-2373.0343482461985,5675.9586076775295,-10664.891097328982,-2634.7322276054006,-135.70017505284036,0.0
2016-06-23,7870.944988449192,13469.130138802342,537.0367997675646,-1742.1632995079522,-134.94862751111802,-10.046021919733903
2016-06-24,-26301.82181939739,3494.5536339914674,-2044.4491743166027,-4635.806038216536,-134.71314048613615,0.0
2016-06-27,-16056.544326901332,-77171.30759827103,10129.639115166361,2603.037075407473,-135.54025238337962,0.0
2016-06-28,-402.1000454628229,-6058.754297576337,4822.093246689268,1774.8044321737157,-136.0433358238282,0.0
2016-06-29,5187.834294308312,15791.877450358093,7242.932869432908,2366.0404702380833,-136.0433358238282,0.0
2016-06-30,-3145.539283940728,27553.461481325678,7019.630659576059,-1323.9121232444,-135.86050728077524,0.0
2016-07-01,-3996.7904886548376,-48579.50111099733,10017.566667388497,2367.2523283261107,-135.92910943396245,0.0
2016-07-04,7.810796813576646,79.73192891797781,47.85960407097448,0.6532418700813646,-136.05557167261026,0.0
2016-07-05,-12884.175055565702,-51892.56544369697,6696.8551159324015,-2781.9529668433347,-136.05557167261026,0.0
2016-07-06,1893.7207018346319,-12457.080201416045,-1959.9439855991714,2776.4870584084533,-136.47340254603262,0.0
2016-07-07,2081.081951255984,955.7237417620358,15715.103205083362,1702.208165503977,-136.41664609973938,0.0
2016-07-08,-2543.2424118582476,-41146.4616115317,-19000.574064692046,2317.621678568026,-136.32771566610683,0.0
2016-07-11,10712.15748906421,-15329.587501094144,17814.20997912352,-2163.266786385238,-136.442803778309,0.0
2016-07-12,14096.297484000299,52478.67798439329,1219.7767646092918,3637.693001685295,-136.14563602350105,0.0
2016-07-13,-6785.790924598619,-36446.69748228579,4196.750784537087,-1228.840015298697,-135.68552758827033,0.0
2016-07-14,6895.844010900893,49238.27920126453,-3968.2306618778866,-1493.8762381430533,-135.91212894142328,0.0
2016-07-15,9202.34347244933,18422.090064038224,6468.714970968257,6587.237807510062,-135.69163516254156,0.0
2016-07-18,-2167.8959089096543,19016.753398170455,6939.024632600033,-3683.348043022318,-135.36595315417136,0.0
2016-07-19,-2816.5134342870992,-34539.07757618709,-14019.769831519015,1340.807289894966,-135.42808663197482,0.0
2016-07-20,5387.304991677094,377.2763729235175,-5536.297287210676,87.16097579360093,-135.54750492302415,0.0
2016-07-21,-4564.156765738013,16495.037623658263,-5760.850917557998,3871.115424965058,-135.39756091889453,0.0
2016-07-22,1374.6340215113823,-10397.346146648919,4808.050384507198,-5650.389631858556,-134.94862751111802,-4.879611792475771
2016-07-25,1840.470616281897,-7946.569148814133,7761.6357341930225,-1519.3513350892908,-134.94252616269267,0.0
2016-07-26,324.02377257021027,-27814.780054532137,-12808.22054857647,446.40729776327083,-134.8928149668255,0.0
2016-07-27,-7491.004366208658,-19748.846692884443,-5324.500630393696,2686.84136790137,-134.91813291336,0.0
2016-07-28,-886.1666588027189,8545.05815435333,109.79216654922051,2362.735912394698,-135.14885315291056,0.0
2016-07-29,-9750.667465103515,-851.5577177013264,1552.031556376306,-979.763051492556,-135.15495207214596,0.0
2016-08-01,6310.091855888882,43029.4560977091,799.8037216770596,276.61442926657014,-135.44873528049368,0.0
2016-08-02,4354.845335259222,38462.52319446685,-7063.1250974364675,4503.173342118168,-135.22926443306557,0.0
2016-08-03,7.3863507768395005,79.40424048941341,47.61906900992493,0.6445947627478094,-135.0542550389256,0.0
2016-08-04,-6545.245554201985,-6767.777128485271,2588.4484708398045,830.1523539780509,-135.0542550389256,0.0
2016-08-05,14642.662065209763,-9281.641423084156,-407.7885499355544,-4633.331441540414,-135.2475867142619,0.0
2016-08-08,987.8360732263384,-29053.276685546203,9414.394887331036,-1209.1321732406755,-134.84923522461438,0.0
2016-08-09,-6877.072271926362,-12866.79584073412,7329.833740942755,2574.5680115434493,-134.83703860026552,0.0
2016-08-10,-5861.65859140342,-3440.1435375866668,-14752.659664429942,-5863.833337942154,-135.02984235353125,0.0
2016-08-11,12575.328231446441,-15495.42121667075,6205.725637245208,-2909.520955437655,-135.2608867082482,0.0
2016-08-12,-9625.091988069129,-850.6548104435001,1550.0641076135025,-976.6869243868866,-134.9120376355318,0.0
2016-08-15,5865.254717778562,19832.32896690083,7285.550022148491,-2724.498004696715,-135.20485174767123,0.0
2016-08-16,4274.371643634939,-12618.52793507093,-13436.874326138028,1946.335410044914,-135.02374221986267,0.0
2016-08-17,-2505.260354514383,316.52427271169876,11530.985630827376,777.7498274422331,-134.9120376355318,0.0
2016-08-18,-4431.831869047618,12001.614933268263,-3880.0863284868115,-3584.8905017236525,-134.96787181347696,0.0
2016-08-19,7981.9186765731865,-11652.976204086914,263.9207708147006,3650.2204568201505,-135.11728414399167,0.0
2016-08-22,-4292.284646360046,-33796.34908682251,5280.148182683238,2943.4341780104005,-134.94862751111802,-2.1573297279355756
2016-08-23,-778.16930440572,12979.479457377829,9822.645102824232,-1888.875634508912,-135.0796212874115,0.0
2016-08-24,274.3705656543344,-6339.678506148204,-16424.77991570009,12635.460820104205,-135.09182215392434,0.0
2016-08-25,4365.81832377985,4374.918715138437,-3591.2452358561345,-4994.1248427741275,-135.03592531501985,0.0
2016-08-26,8406.089026488995,-30679.71987077271,6817.01394973456,-4393.534764700674,-134.93643150089528,0.0
2016-08-29,-8563.722325691468,-25499.72301097788,9041.728824249707,5228.072505797188,-134.72565279300895,0.0
2016-08-30,3.739928781216399,12633.754906481534,184.20266504831054,-2692.9471616173064,-134.9617798062403,0.0
2016-08-31,966.5464787360995,514.6221576350567,7823.435005492365,835.4451644175319,-134.9678735651101,0.0
2016-09-01,-1729.0760717694775,12534.139526241013,2039.5998700939488,-2719.678378846673,-134.92424034442428,0.0
2016-09-02,5107.693113176355,21059.554695905685,-14954.928116849436,-1057.1261929467994,-134.98006472158113,0.0
2016-09-05,7.327378056100715,79.30979963045257,47.55682478415797,0.6430654134489421,-134.83706788416015,0.0
2016-09-06,-9580.860184367493,16161.602498796134,-180.83770346557722,3755.8691813819646,-134.83706788416015,0.0
2016-09-07,-1342.671838490889,-6470.875666160037,-2983.2988158112407,916.6843852016183,-135.09182215392434,0.0
2016-09-08,11841.15543903252,32360.406999214716,-7793.533844988292,-6140.4186857868335,-135.13554954217147,0.0
2016-09-09,7775.878203301226,43024.70879647438,-1057.2911059885344,302.669643302534,-134.80571974787904,0.0
2016-09-12,-117.46717438378673,12650.454265821572,-11369.240193500145,8925.22758273166,-134.53904325889528,0.0
2016-09-13,7633.891211086795,38521.562661283046,808.6009074219678,-7078.877175213709,-134.4957222032767,0.0
2016-09-14,-5884.635487200994,3802.3460588728626,-4016.8423332056414,6445.829843559762,-134.27348749248804,0.0
2016-09-15,344.41406495776545,48244.91185029867,-6144.3541204730045,-2374.966234194899,-134.4213668618374,0.0
2016-09-16,-328.524275433663,-48092.81002121098,6239.575468187396,2374.417538414224,-134.3964384188172,0.0
2016-09-19,1599.2825217801885,-8703.6590985922,-9624.484654672431,-3134.2318361044786,-134.4213668618374,0.0
2016-09-20,-2206.4509360538354,-10563.287861797857,-3055.6494751330974,5960.336900495893,-134.94862751111802,-4.253568170390281
2016-09-21,-2937.7762448395256,-31719.167493246703,10179.201565871854,-5402.469995509218,-134.99215058145901,0.0
2016-09-22,-4345.884857594201,-33815.2358261859,5284.186519545255,2951.1742931808703,-135.12290730399454,0.0
2016-09-23,-2262.1563387619544,14567.588995940669,-2786.079601212851,580.3476595939499,-135.25394585130147,0.0
2016-09-26,-4109.230892282671,-7010.486822630667,-8916.915344604984,52.48811254901251,-135.3098862489307,0.0
2016-09-27,-3930.5991122408795,-23294.8289102901,10263.349819685729,-3066.594554622625,-135.44740256674055,0.0
2016-09-28,1402.2021125657407,6641.1087977086145,3085.5204196627456,-921.9605367757665,-135.5852036034748,0.0
2016-09-29,-2190.6754676564406,6441.703117312626,6807.320065394673,-979.0314217769546,-135.54127241303152,0.0
2016-09-30,6180.5455394114815,4516.090982490754,-17075.189841844538,6769.452208600942,-135.59741144968862,0.0
2016-10-03,5454.952870708066,-7761.4907071922935,4058.6394679729588,-1471.6261101141968,-135.39746507186612,0.0
2016-10-04,8019.496483839529,30519.298726951543,-1196.2190778959302,3008.4761056681027,-135.24784860681513,0.0
2016-10-05,6097.6272002360565,4472.130800238546,-5445.638402556714,-4962.761105152728,-134.97386248744857,0.0
2016-10-06,3531.1585258578393,9167.284293900524,4170.96529625674,3242.4923714400766,-134.82510969283183,0.0
2016-10-07,-3033.541518637252,18526.013275280187,-850.5592405049783,-4482.728545319655,-134.68882450284406,0.0
2016-10-10,7.304603820368765,79.29881027735625,47.54780399978726,0.6426456436398816,-134.7938637411521,0.0
2016-10-11,6873.921373302038,475.0708506751801,-7369.87782316606,114.82349014260868,-134.7938637411521,0.0
2016-10-12,1781.0899536338425,9060.402736910408,6018.717223962391,3203.635855535303,-134.59609435349964,0.0
2016-10-13,-5611.155391652842,-7086.411961377165,-7029.477633785238,23.48750676430507,-134.5095770547896,0.0
2016-10-14,5069.000127234759,59465.56736891077,-8698.241428737017,4164.487121698455,-134.69491447254828,0.0
2016-10-17,-4558.065778297908,-2228.277823124549,10414.254516534033,-3360.611336596709,-134.4846347837699,0.0
2016-10-18,-1857.6069997608845,-13334.295845945977,-15619.323175200296,1019.0937512661942,-134.6326450802528,0.0
2016-10-19,82.86870153799012,8976.75617894653,7886.482493530829,3188.841253495677,-134.94862751111802,-2.324926988036168
2016-10-20,1760.7823480915708,-29401.546229840525,-213.28037153384508,-2014.7718863883526,-134.9112785233616,0.0
2016-10-21,-2178.0418854578174,-15023.236029601554,-1186.8427740474522,-1466.8680386965339,-134.89299089065184,0.0
2016-10-24,3938.7243765299418,27842.959964192407,-436.92732482162387,-1194.588796254173,-134.97991420172954,0.0
2016-10-25,987.8583910143047,-29053.312117606933,9414.409827707517,-1209.138117331254,-134.84957594044405,0.0
2016-10-26,2572.794713262374,21284.13756280896,-3463.2308080606786,-279.0933908652118,-134.83739024803742,0.0
2016-10-27,7277.579831503533,45023.88489776873,-5874.344903242683,3591.309288943831,-134.75065362639805,0.0
2016-10-28,830.1163929088732,21159.74091087366,-1605.9498105542152,-306.05971361941033,-134.4850970692067,0.0
2016-10-31,-3333.483960072212,-25187.691372214602,3477.91323070554,5288.613536727851,-134.44805211615906,0.0
2016-11-01,-2060.160770621531,18955.418621987694,6910.94532865222,-3641.1690513551016,-134.53435497051643,0.0
2016-11-02,-4320.378927414483,3905.9929257973627,-5876.180559396721,6503.421550863899,-134.595833118378,0.0
2016-11-03,1975.1952948454768,26953.26303675674,-15973.429990952309,-2850.634360109258,-134.69451452602775,0.0
2016-11-04,-0.0,-0.0,0.0,0.0,0.0,-3072.881596332605
2016-11-07,0.0,0.0,0.0,-0.0,0.0,0.0
2016-11-08,0.0,-0.0,0.0,0.0,0.0,0.0
2016-11-09,0.0,0.0,-0.0,-0.0,0.0,0.0
2016-11-10,0.0,0.0,0.0,0.0,0.0,0.0
2016-11-11,-7.354480301302433,-79.36056186930205,-47.58976773802876,-0.6438176024848234,134.94862751111802,-3087.162987742198
2016-11-14,-13655.977919352817,21490.790306189,-9088.98362943852,1119.222615091109,134.94862751111802,0.0
2016-11-15,-973.3878822400325,29013.696233926028,-9399.422674546031,1204.7112332272854,134.55614073507556,0.0
2016-11-16,3105.4176642074135,19990.84672955598,-30533.279053528553,-2712.758688813392,134.54397865519113,0.0
2016-11-17,-10554.917044788643,-36304.59578793034,17397.725022476407,-467.21489084385786,134.59900738918168,0.0
2016-11-18,-6676.882594361673,21051.72640677893,-33801.6642293384,-402.5497310619013,134.27526158991103,0.0
2016-11-21,896.8277345030083,12863.248790201598,7828.641060120278,-1836.0627845086944,134.04407033903502,0.0
2016-11-22,2186.2050609802886,-5633.83852612107,10572.192465174601,2581.6820238247346,134.08052944898995,0.0
2016-11-23,-7666.142925046632,19703.051644708692,-9793.39489464857,-2071.459639447102,134.17175807024717,0.0
2016-11-24,-6.975024245942406,-78.98947228326364,-47.32868279143991,-0.6355632242956515,133.92874254494154,0.0
2016-11-25,358.6405433804153,6003.415374822913,-4769.3371453002965,-1726.6475154479706,133.92874254494154,0.0
2016-11-28,4247.560720404953,9407.25518268204,11791.04267398504,4026.581989413719,133.92874254494154,0.0
2016-11-29,4051.395297444763,12290.769945726,-13193.881691073242,-3404.9005126383977,134.10487968192814,0.0
2016-11-30,-8858.774714624264,-36905.63246518501,-1826.4192401902853,-2061.384732297248,134.20223607558674,0.0
2016-12-01,-10769.47782274655,-34957.01325957254,-4773.731483901321,1172.0597316792864,133.89236926175025,0.0
2016-12-02,6630.844179712691,-6994.454559283694,19365.96976832324,201.08053039893045,133.53571841177666,0.0
2016-12-05,781.7385896862306,33425.94382038855,-1558.5128167160653,-2954.3699552345993,133.76522520404518,0.0
2016-12-06,-728.1864734672487,-24731.021360388684,9254.872196528278,6096.555704899688,133.7954409036091,0.0
2016-12-07,6916.476351684777,27741.65073237055,-4218.42370741239,-1121.0389009289077,133.80150806578126,0.0
2016-12-08,-7744.7505308113305,-44539.889784849256,15436.47532188682,-2762.226865585323,134.02585438526052,0.0
2016-12-09,-9058.098468021215,-22348.28054782513,-6479.314906133227,-1451.9518935159895,133.75915683676746,0.0
2016-12-12,-1425.7385336074453,-2964.7964804207795,-10778.54655780914,-4965.867055673772,134.94862751111802,-16.232658194094256
2016-12-13,-524.8708812518835,31508.05547516567,-6462.8444741936455,5334.834709939093,134.86307663741738,0.0
2016-12-14,-11556.707988203929,69818.35618113715,-17145.614142932976,-1245.811728046462,134.89367635334526,0.0
2016-12-15,-8143.508724239134,2006.3807367593206,-37004.874434665115,3186.551269877039,134.57683918542094,0.0
2016-12-16,671.1742024007431,-30810.002923516415,23696.14759813913,-3674.3025836275096,134.30968853571164,0.0
2016-12-19,8709.652705858613,23480.495024917283,-15753.085535787417,3105.972477781748,134.31575373709228,0.0
2016-12-20,-4345.005053944018,-13247.654083473311,-4240.498831362657,1791.8358975031863,134.59504562437738,0.0
2016-12-21,4501.630704980559,-6649.914550501987,-18228.732386639975,192.73862059132134,134.46133045164376,0.0
2016-12-22,-388.31542269873387,6357.572234249417,4827.627640345633,-938.8864529010848,134.57068433809394,0.0
2016-12-23,-7.2073890017423405,-79.22381177367068,-47.49274444487479,-0.6406654851967923,134.56461070548454,0.0
2016-12-26,-7.2073890017423405,-79.22381177367068,-47.49274444487479,-0.6406654851967923,134.56461070548454,0.0
2016-12-27,-5399.552943485293,27479.19143508185,18343.16343501739,-529.8532599207557,134.56461070548454,0.0
2016-12-28,7755.100414956623,22151.537384774267,8256.947125445253,1436.135764609521,134.4431276251266,0.0
2016-12-29,5768.102115699293,-26904.351565960616,10492.599251160256,-9476.41143909121,134.71082390227915,0.0
2016-12-30,4859.687871457167,3001.4042353911727,6964.997828459147,5016.579172223769,134.8205358780891,0.0
2017-01-02,-7.423099402292223,-79.34674698505421,-47.58929351964532,-0.6447677713794432,135.00390767837115,0.0
2017-01-03,-508.3980669094426,27047.2451336229,-4596.829399371714,-2089.4083320586433,135.00390767837115,0.0
2017-01-04,-1653.1555693008768,4252.764232281692,11513.801268468254,-4275.7159603670625,134.9917592074368,0.0
2017-01-05,14406.495527337487,15710.639011850955,-11798.719066279118,1669.5305537964255,134.93676411974994,0.0
2017-01-06,-9033.388651991645,7560.250624150534,-338.8506484932843,1414.1156154021987,135.3660491765468,0.0
2017-01-09,4960.600363922146,15563.353262189363,7110.8783363419425,2338.585457417233,135.12049630537015,0.0
2017-01-10,770.9333066690053,-12974.02984366129,-9817.001727603672,1885.1496370848215,134.94862751111802,-4.427953560581955
2017-01-11,-10.978509819206272,12481.194571057442,89.07291407549134,-2691.7717992292846,134.96078743022073,0.0
2017-01-12,750.3766910887288,-42662.00824096414,29479.099159053527,12295.09996638947,134.95470686720498,0.0
2017-01-13,-3745.4042886409557,27743.518150127442,-21186.963516048352,-12975.03220256013,135.05270501224027,0.0
2017-01-16,-7.309311978838802,-79.33874984767787,-47.5718668735978,-0.6429849573921637,134.8629136575066,0.0
2017-01-17,9987.551142988541,15855.131115157825,1539.4717352552784,2413.1155880156657,134.8629136575066,0.0
2017-01-18,-13799.198798805133,-8099.064625475022,-7503.2642886346275,-929.0523737337862,135.18777082932348,0.0
2017-01-19,-6534.560904181827,-15808.641415926577,-5342.3713411876815,-2354.405632200884,134.76516646406876,0.0
2017-01-20,2014.6447399578858,-44834.926303796055,-13006.05627477423,-4238.633512206334,134.53956726801843,0.0
2017-01-23,10208.91599305078,13827.07482514575,6351.192936960079,-875.0132992428453,134.52735307990147,0.0
2017-01-24,-9864.582796792718,-7121.07840184694,6202.5586526214665,769.0335454620955,134.85051125369787,0.0
2017-01-25,-7727.386263671626,-22338.931236590488,-8361.787013729936,-1437.6393675105687,134.563872629375,0.0
2017-01-26,4230.18139341343,-3901.966363106719,5868.154870936326,-6474.739566796406,134.29657710254324,0.0
2017-01-27,1721.602960139865,21437.153119809544,6057.170982185577,520.4309163171498,134.39365830843553,0.0
2017-01-30,-752.6545216230204,-12281.679898479028,9428.310107471838,3471.5516857275848,134.4726269026181,0.0
2017-01-31,5928.9578758195485,652.0318645411095,2156.5776338820847,912.7926693116837,134.4726269026181,0.0
2017-02-01,-5074.433276208792,-376.126868327587,5513.986772480245,-86.03872666880929,134.66132116297868,0.0
2017-02-02,470.7992882910403,-14630.967200841462,4629.287788702668,-602.396458828943,134.51519557433974,0.0
2017-02-03,-1679.053786597018,-12719.241441336058,1668.6190577846558,2644.9187186923386,134.52127372381452,0.0
2017-02-06,10559.541324360767,7386.322592675699,1474.880525371754,61.731308127061936,134.47870505209286,0.0
2017-02-07,2527.832665122688,21136.89507526522,-3559.502219759602,-279.9291842038379,134.80773040958894,0.0
2017-02-08,7439.044358689839,36780.80506440237,3594.8156218205304,2050.386327576214,134.94862751111802,-2.136024051134882
2017-02-09,-10664.35546687183,-5110.808501041608,1382.747777719273,4083.3054974290612,135.21247405437552,0.0
2017-02-10,-577.0442333940376,5594.234964891027,-12568.535082948752,-2583.5799616298514,134.92431308138742,0.0
2017-02-13,-3173.243629064487,-11151.844771338972,-10922.170053187037,5122.357391931482,134.88145905179098,0.0
2017-02-14,-8233.004818818028,9993.555011148814,2613.639064369878,5526.080633198706,134.79584229583602,0.0
2017-02-15,-4805.80426851883,-3157.246926050315,-7052.371050164387,-5002.029811527244,134.59460737959898,0.0
2017-02-16,8957.582336764559,-5246.752857285159,3187.9688614472784,2706.6848905727943,134.41208507107015,0.0
2017-02-17,3967.810406288318,6992.815570473231,8889.419699539572,-52.05983188341754,134.69819713025402,0.0
2017-02-20,-7.332801917367199,-79.30314535527151,-47.55350937475561,-0.6431032265645037,134.8325598739588,0.0
2017-02-21,-1730.613826162552,-178.2515644346544,1807.0254060866678,-29.20863939568149,134.8325598739588,0.0
2017-02-22,941.2837798126787,355.67602208279743,7721.243770148595,832.0527714836193,134.78369231931592,0.0
2017-02-23,6608.904070303268,-13908.606365126954,6841.390743419818,313.3007053835142,134.82648548863122,0.0
2017-02-24,11789.015692622748,7061.7892871040995,-8156.64602077453,-744.3764907131412,135.02226737333433,0.0
2017-02-27,-10276.17188052453,35074.921039687484,4754.738832265345,125.46305115724914,135.36002170030866,0.0
2017-02-28,-1398.7498741684078,22960.05867956884,-4673.479446318655,2967.164957008379,135.09603414278783,0.0
2017-03-01,-15992.085260151567,-14300.759474462411,-890.0934412580513,795.8759125960412,135.08388416626772,0.0
2017-03-02,-5624.1660857355955,1635.0069998449947,696.3203149973483,3199.623570524951,134.61300809995828,0.0
2017-03-03,852.1679300221731,4006.217263170203,26.85779114568079,-5019.709877373296,134.4668930352393,0.0
2017-03-06,-382.46699620316673,-18698.639276569254,4550.486055817522,4415.949043318946,134.4668930352393,0.0
2017-03-07,-3577.6324999292856,-1046.42567808882,-13706.041287584547,-1688.5805584143395,134.47295537916986,0.0
2017-03-08,-6713.675358001991,-4924.986815317835,9212.593063538012,-7489.207651868144,134.33924075818499,0.0
2017-03-09,-5777.835145081037,-15352.697710677892,-9146.1323177585,10141.71654600606,134.94862751111802,-11.09890507721866
2017-03-10,3416.3504875768017,12670.65387316004,-3620.6122723459944,-2629.7819528039977,134.814546454618,0.0
2017-03-13,-6412.110780865954,-2489.785881458404,12196.679548349668,-3409.7996894630355,134.9059273524293,0.0
2017-03-14,2534.8707993579055,21116.984778378788,-3556.3748427185033,-279.8442680842207,134.71115093354365,0.0
2017-03-15,14494.723145325894,-8649.165946474364,16892.512849390776,-2972.390767464146,134.79633961919396,0.0
2017-03-16,-4410.2224598394805,-4378.473254698786,3594.7467808810866,5006.335831998293,135.22368675575046,0.0
2017-03-17,4349.531576549349,8685.260788307489,-5558.0442351151605,2445.4244001521924,135.12580386994475,0.0
2017-03-20,5279.0724254455845,217.96743741942197,-5624.2549770310225,85.52374071655899,135.2665994892975,0.0
2017-03-21,6692.228742474852,6776.992994910315,-2592.919568495599,-834.3322778346231,135.41375274257575,0.0
2017-03-22,2745.471109288413,17525.895117957614,4155.238855757138,5647.741564558775,135.60431833941507,0.0
2017-03-23,-86.73058202533151,-9005.035334859247,-7917.244190465982,-3222.9407597081486,135.73388203731128,0.0
2017-03-24,2301.0345223035292,10596.050032769941,3067.224725551711,-6019.967793043101,135.6967468526075,0.0
2017-03-27,1363.7581561823135,23566.16557958188,1254.3453819981116,3862.518471475892,135.7399654452271,0.0
2017-03-28,-6876.603638837127,-6946.504820795766,2502.3412868878363,837.7973641725753,135.82041143187558,0.0
2017-03-29,6312.315424543866,-8265.787696090165,-5696.369391034691,-2290.4741811998765,135.62923257080814,0.0
2017-03-30,-5443.420914151192,-12978.438732199318,5406.17756661576,2634.349091280006,135.7832147656549,0.0
2017-03-31,3293.689166361259,-1563.9927016033062,10732.608286546407,-2457.8344883594013,135.64139335306015,0.0
2017-04-03,7818.884167993539,7222.1093635966645,5210.157885511176,5.030827340740031,135.73388203731128,0.0
2017-04-04,-1321.7140652951264,-2202.089387680512,6664.689753190939,-3372.276970627901,135.9686902817796,0.0
2017-04-05,3346.4730457009778,-1565.711253099094,10747.271483564651,-2467.1036232548518,135.9192319680974,0.0
2017-04-06,-1457.7965935671607,-2170.159679517345,-4970.773509521012,8462.71768897531,136.0120936302103,0.0
2017-04-07,-6642.551352880925,26319.51914938715,-6805.6662934237875,-3006.2501305935484,134.94862751111802,-10.275920028907422
2017-04-10,1319.7633221049637,6460.538403533652,2977.7304886938477,-912.7438529433692,134.7468048165487,0.0
2017-04-11,9937.901718048908,2495.1972984764734,-4426.235453948246,-8185.601814095184,134.78962181038685,0.0
2017-04-12,3726.7873644829833,9790.501257596034,21496.951434247112,4890.740353935197,135.03453599871807,0.0
2017-04-13,6244.888038199385,653.6150362944842,2163.6491443007535,922.8569370908434,135.20672017556527,0.0
2017-04-14,0.0,0.0,0.0,0.0,0.0,-3102.555295229201
2017-04-17,0.0,0.0,0.0,-0.0,0.0,0.0
2017-04-18,-0.0,-0.0,-0.0,0.0,0.0,0.0
2017-04-19,0.0,0.0,0.0,-0.0,0.0,0.0
2017-04-20,0.0,-0.0,0.0,-0.0,0.0,0.0
2017-04-21,-0.0,0.0,0.0,0.0,0.0,0.0
2017-04-24,0.0,-0.0,-0.0,0.0,0.0,0.0
2017-04-25,0.0,0.0,0.0,0.0,0.0,0.0
2017-04-26,-0.0,-0.0,-0.0,0.0,0.0,0.0
2017-04-27,-0.0,0.0,-0.0,0.0,0.0,0.0
2017-04-28,0.0,-0.0,-0.0,-0.0,0.0,0.0
2017-05-01,0.0,0.0,0.0,-0.0,0.0,0.0
2017-05-02,-0.0,-0.0,-0.0,-0.0,0.0,0.0
2017-05-03,0.0,-0.0,0.0,0.0,0.0,0.0
2017-05-04,0.0,0.0,-0.0,0.0,0.0,0.0
2017-05-05,0.0,-0.0,0.0,-0.0,0.0,0.0
2017-05-08,0.0,0.0,-0.0,0.0,0.0,0.0
2017-05-09,0.0,-0.0,-0.0,0.0,0.0,0.0
2017-05-10,-0.0,0.0,0.0,-0.0,0.0,0.0
2017-05-11,-0.0,-0.0,-0.0,-0.0,0.0,0.0
2017-05-12,-0.0,0.0,-0.0,0.0,0.0,0.0
2017-05-15,0.0,-0.0,-0.0,-0.0,0.0,0.0
2017-05-16,-0.0,0.0,0.0,-0.0,0.0,0.0
2017-05-17,-0.0,-0.0,-0.0,-0.0,0.0,0.0
2017-05-18,0.0,-0.0,0.0,0.0,0.0,0.0
2017-05-19,0.0,-0.0,-0.0,-0.0,0.0,0.0
2017-05-22,0.0,0.0,0.0,0.0,0.0,0.0
2017-05-23,0.0,0.0,0.0,-0.0,0.0,0.0
2017-05-24,-0.0,-0.0,-0.0,0.0,0.0,0.0
2017-05-25,-0.0,-0.0,-0.0,0.0,0.0,0.0
2017-05-26,0.0,-0.0,0.0,-0.0,0.0,0.0
2017-05-29,0.0,0.0,0.0,0.0,0.0,0.0
2017-05-30,-0.0,-0.0,0.0,-0.0,0.0,0.0
2017-05-31,-0.0,-0.0,-0.0,0.0,0.0,0.0
2017-06-01,0.0,-0.0,0.0,-0.0,0.0,0.0
2017-06-02,-0.0,-0.0,-0.0,0.0,0.0,0.0
2017-06-05,0.0,0.0,-0.0,-0.0,0.0,0.0
2017-06-06,-0.0,-0.0,-0.0,-0.0,0.0,0.0
2017-06-07,0.0,0.0,0.0,0.0,0.0,0.0
2017-06-08,0.0,0.0,-0.0,0.0,0.0,0.0
2017-06-09,0.0,-0.0,0.0,0.0,0.0,0.0
2017-06-12,0.0,-0.0,0.0,-0.0,0.0,0.0
2017-06-13,0.0,-0.0,-0.0,-0.0,0.0,0.0
2017-06-14,-0.0,-0.0,0.0,0.0,0.0,0.0
2017-06-15,0.0,-0.0,0.0,-0.0,0.0,0.0
2017-06-16,-0.0,0.0,0.0,0.0,0.0,0.0
2017-06-19,0.0,-0.0,0.0,-0.0,0.0,0.0
2017-06-20,-0.0,-0.0,0.0,0.0,0.0,0.0
2017-06-21,0.0,-0.0,0.0,-0.0,0.0,0.0
2017-06-22,-0.0,0.0,0.0,0.0,0.0,0.0
2017-06-23,0.0,-0.0,0.0,-0.0,0.0,0.0
2017-06-26,-0.0,-0.0,-0.0,-0.0,0.0,0.0
2017-06-27,0.0,0.0,0.0,0.0,0.0,0.0
2017-06-28,-0.0,0.0,0.0,0.0,0.0,0.0
2017-06-29,0.0,0.0,-0.0,0.0,0.0,0.0
2017-06-30,0.0,0.0,0.0,-0.0,0.0,0.0
2017-07-03,0.0,-0.0,0.0,0.0,0.0,0.0
2017-07-04,0.0,0.0,0.0,0.0,0.0,0.0
2017-07-05,-0.0,-0.0,-0.0,-0.0,0.0,0.0
2017-07-06,0.0,0.0,0.0,0.0,0.0,0.0
2017-07-07,0.0,0.0,-0.0,-0.0,0.0,0.0
2017-07-10,-0.0,0.0,-0.0,0.0,0.0,0.0
2017-07-11,-0.0,0.0,0.0,-0.0,0.0,0.0
2017-07-12,-0.0,-0.0,-0.0,0.0,0.0,0.0
2017-07-13,0.0,0.0,-0.0,0.0,0.0,0.0
2017-07-14,-0.0,0.0,-0.0,-0.0,0.0,0.0
2017-07-17,-0.0,-0.0,-0.0,-0.0,0.0,0.0
2017-07-18,-0.0,-0.0,-0.0,0.0,0.0,0.0
2017-07-19,0.0,-0.0,-0.0,-0.0,0.0,0.0
2017-07-20,-0.0,-0.0,0.0,0.0,0.0,0.0
2017-07-21,-0.0,-0.0,0.0,-0.0,0.0,0.0
2017-07-24,0.0,0.0,0.0,-0.0,0.0,0.0
2017-07-25,0.0,0.0,0.0,-0.0,0.0,0.0
2017-07-26,-0.0,0.0,-0.0,0.0,0.0,0.0
2017-07-27,0.0,0.0,-0.0,0.0,0.0,0.0
2017-07-28,-0.0,-0.0,0.0,0.0,0.0,0.0
2017-07-31,0.0,-0.0,0.0,-0.0,0.0,0.0
2017-08-01,-0.0,-0.0,-0.0,0.0,0.0,0.0
2017-08-02,0.0,-0.0,0.0,0.0,0.0,0.0
2017-08-03,-0.0,-0.0,0.0,0.0,0.0,0.0
2017-08-04,0.0,0.0,-0.0,-0.0,0.0,0.0
2017-08-07,-0.0,-0.0,-0.0,-0.0,0.0,0.0
2017-08-08,0.0,0.0,0.0,-0.0,0.0,0.0
2017-08-09,-0.0,-0.0,0.0,-0.0,0.0,0.0
2017-08-10,-0.0,-0.0,-0.0,-0.0,0.0,0.0
2017-08-11,-0.0,0.0,-0.0,0.0,0.0,0.0
2017-08-14,0.0,-0.0,-0.0,0.0,0.0,0.0
2017-08-15,0.0,0.0,0.0,-0.0,0.0,0.0
2017-08-16,-0.0,-0.0,-0.0,0.0,0.0,0.0
2017-08-17,-0.0,-0.0,-0.0,-0.0,0.0,0.0
2017-08-18,0.0,-0.0,-0.0,-0.0,0.0,0.0
2017-08-21,-0.0,-0.0,0.0,-0.0,0.0,0.0
2017-08-22,0.0,0.0,0.0,0.0,0.0,0.0
2017-08-23,-0.0,-0.0,-0.0,-0.0,0.0,0.0
2017-08-24,0.0,0.0,0.0,-0.0,0.0,0.0
2017-08-25,-0.0,-0.0,-0.0,0.0,0.0,0.0
2017-08-28,-0.0,0.0,-0.0,0.0,0.0,0.0
2017-08-29,-0.0,-0.0,-0.0,0.0,0.0,0.0
2017-08-30,2300.3121844240873,7061.090204163569,10853.072806314794,-79.52656739131187,-134.94862751111802,-3099.487009491968
2017-08-31,-3116.406531250644,-15459.13723368667,-8960.633298733028,-2298.8586916252666,-134.8624597476068,0.0
2017-09-01,5670.9729129064235,15386.923818201096,-2430.0133620651127,1527.1977248327717,-134.99175750791932,0.0
2017-09-04,7.2957725290594055,79.3134506279471,47.55544496527046,0.6426095893395687,-134.8072777116165,0.0
2017-09-05,-13012.17062430276,-22491.50512410383,-2710.8145240708313,-1527.6665114935176,-134.8072777116165,0.0
2017-09-06,4589.329215703193,17723.219898919648,13975.419622941523,-6062.179167498311,-135.2260950442423,0.0
2017-09-07,-8795.101738615196,-17418.614510033556,-516.7964424261456,6801.362200857481,-135.09633522316966,0.0
2017-09-08,1374.8050988112918,6636.631632460665,3082.396841978712,-918.2233867015362,-135.3309923015152,0.0
2017-09-11,12395.23504790001,22261.744123209115,-4977.717410634337,700.7286289802532,-135.28764631156085,0.0
2017-09-12,4884.991894061676,11255.857946931566,9070.5899650259,-5092.822213315161,-134.91160218181847,0.0
2017-09-13,3982.569181187435,-5395.22318512566,8853.734674224475,2633.535073622222,-134.7764147845896,0.0
2017-09-14,493.47553303373223,-27020.988787556777,4590.09320188082,2077.005013158245,-134.635432920437,0.0
2017-09-15,1730.2293050047513,-16822.379690539732,-76.53068501722379,-4686.79854357083,-134.62329351908858,0.0
2017-09-18,3855.4682713547504,15262.799818023728,-572.5375300688854,1491.1332249023926,-134.61115893126293,0.0
2017-09-19,1311.1421546216397,6612.431211364636,3068.8433411373085,-907.9670620616529,-134.4765309321379,0.0
2017-09-20,6447.342213438239,-26263.138994707937,6787.885840343853,2985.5916015363077,-134.43373778361544,0.0
2017-09-21,-1181.0891531608745,-14546.873847430026,6564.82409852191,-627.7215540262794,-134.23256019261746,0.0
2017-09-22,-537.507068773014,-6782.93365633162,-12568.98008512166,108.46796151223528,-134.2752316241347,0.0
2017-09-25,-5460.0738917991775,-15181.107580917735,2516.0237430534826,-1512.8049734348058,-134.31187516673756,0.0
2017-09-26,3011.2903620320417,6709.768101864832,1217.2043241034187,-880.2490715313605,-134.49510463692985,0.0
2017-09-27,8840.66519707077,45047.24980988438,-7713.447791917692,3604.5339905505007,-134.40342836584355,0.0
2017-09-28,-1363.563127439752,23114.38166883776,-4576.221918944033,2960.3520050571683,-134.94862751111802,-9.45935621287208
2017-09-29,2793.09185042086,-20073.821475046814,15404.731931914415,2006.0121321624179,-134.96076386914473,0.0
2017-10-02,2597.86428360566,-8281.359947997378,-1869.8212603070897,-2321.8161399540104,-134.86278673855185,0.0
2017-10-03,-2196.1306125764845,14544.727154773078,-2780.3513556831003,576.6066759346313,-134.80778058346732,0.0
2017-10-04,7.3092450968117655,79.33871754999355,47.57184036727581,0.6429837244707586,-134.86278673855185,0.0
2017-10-05,3442.799121636451,277.32432425381734,-3663.0158018427946,57.76343990879972,-134.86278673855185,0.0
2017-10-06,5064.18300272503,-21063.917015502633,-13483.691005697723,-409.4041163238594,-134.76493646272527,0.0
2017-10-09,7.251744345697061,79.24538779433436,47.51041539462319,0.6414841934469862,-134.64903172810156,0.0
2017-10-10,-4165.040150948105,217.3594201870092,13370.008055233224,746.2665334115634,-134.64903172810156,0.0
2017-10-11,7.282809386457749,79.28847627812677,47.53927889897202,0.6422451572941944,-134.7528097208507,0.0
2017-10-12,-1676.4750309519106,-17027.24048834155,3631.473588441848,-4753.050277373925,-134.7528097208507,0.0
2017-10-13,-6177.397328753864,-34645.13849426117,-10266.357230128493,1273.7108385469398,-134.8385284479781,0.0
2017-10-16,4498.296123885372,-16311.189425564387,5845.629393312766,-3852.811624431523,-135.05335966523893,0.0
2017-10-17,216.09464435259892,-16164.064333128572,19182.147513680815,-3099.22867057212,-134.94915433272894,0.0
2017-10-18,6767.98892786507,4166.419968742337,-26644.97328273545,5908.768356740856,-134.94915433272894,0.0
2017-10-19,-2103.185066830983,-6121.525916861917,6641.740506650868,1717.8877080866457,-134.7471948923367,0.0
2017-10-20,8339.046673297016,28441.633594215687,3623.4347484079312,-302.1242267769542,-134.79612266906207,0.0
2017-10-23,-2177.6908026426026,14520.423794253415,-2775.385006573638,574.974095566192,-134.5272266599918,0.0
2017-10-24,5673.651779114385,7245.003455137674,7125.643119823442,-22.23994818354065,-134.58205423685465,0.0
2017-10-25,2895.7807354877996,14810.717569375343,-8324.732542567612,659.081852738728,-134.39924139823822,0.0
2017-10-26,2509.4731947157725,-3807.303926806061,-3725.7759607303356,5063.044877139756,-134.3080185636995,0.0
2017-10-27,-6520.642328839064,5794.260083310404,2723.5046601612858,-1862.1737871217376,-134.94862751111802,-9.270219579721243
2017-10-30,-6159.238042646074,-30261.903420560855,-566.7030058455789,-2971.92431404811,-135.14437911967596,0.0
2017-10-31,1782.0091879707936,-12400.821066025925,-1949.1005101726848,2735.9376675073927,-135.3655096773012,0.0
2017-11-01,-1252.4805280889125,-27188.170148723435,6464.0853167422065,2068.171307563788,-135.31030632701948,0.0
2017-11-02,-2239.7029859719196,-15049.352991447226,-1189.4497651478819,-1476.175965136957,-135.34731783272133,0.0
2017-11-03,-571.6392520504212,-19394.483227788274,-12778.95380852776,2820.5125126636995,-135.43355827671812,0.0
2017-11-06,-2562.6258738550896,-4154.9146091767325,13435.094986225089,-6702.256819063893,-135.464602625038,0.0
2017-11-07,-386.4113416565562,-31213.99054757854,4535.000313872457,7196.024295028337,-135.56314917476016,0.0
2017-11-08,2644.1997305008576,-4631.650680496454,-9598.076178825475,-8278.921843898395,-135.55102728054945,0.0
2017-11-09,485.38743111097347,27694.505728112716,3283.2284025152658,-1262.3738235191017,-135.5389101851638,0.0
2017-11-10,10359.49122435756,24187.167469746557,-7954.882400919563,3999.5266410152626,-135.507799582417,0.0
2017-11-13,1804.514818427887,-29416.74707288233,-213.4798774344492,-2024.2935436604557,-135.18183559329722,0.0
2017-11-14,-3922.7120790879067,-6230.902439017659,8512.664863062815,1698.8818738482523,-135.1636761323809,0.0
2017-11-15,-6159.16161492544,-50951.74381911274,8877.846070669184,-1831.6721478206455,-135.2618379392384,0.0
2017-11-16,6709.940037919043,2493.4781268001825,-12224.209213939903,3441.4079662545996,-135.47751583629338,0.0
2017-11-17,-2251.206864993298,-27598.347549695427,-1325.231719726198,1231.1416877311947,-135.28070676402095,0.0
2017-11-20,4119.799139228379,-26870.621503233502,886.0450432238957,2159.5976896729344,-135.36089884396128,0.0
2017-11-21,-259.335020215804,-18621.818628068697,16244.759545126146,-7273.36993270369,-135.25047690654213,0.0
2017-11-22,-6590.16300852749,15600.234272559339,-21319.73273944788,2193.0269132569833,-135.2935817969819,0.0
2017-11-23,7.723349498045002,79.43582762480528,47.67533763508617,0.6499278166007039,-135.48444257453713,0.0
2017-11-24,2824.3476626969673,614.3376505799071,5979.09838821152,871.5640591533112,-135.48444257453713,0.0
2017-11-27,-1800.1734664899834,3641.2592842137738,-5798.661042400156,-5907.476147812528,-134.94862751111802,-7.168304562364938
2017-11-28,2212.533740976727,2629.400668649595,1146.303589259812,4165.576183370027,-135.04059093166958,0.0
2017-11-29,5088.919460463951,8502.086530319268,-15091.029537160186,1634.9721738883206,-134.94862751111802,0.0
2017-11-30,5506.446574063786,14468.34093477336,29411.922661236324,673.1969271160893,-134.80183608737235,0.0
2017-12-01,-5379.010202532857,-52860.80453616957,13666.743269993458,-5092.975603175272,-134.5880551486242,0.0
2017-12-04,2133.5722013110717,-10726.395677012695,-4820.8766473327505,-6444.097678466277,-134.80183608737235,0.0
2017-12-05,-826.8709811934751,-46116.9627119478,1430.1551882776525,5681.944437043097,-134.78973699617194,0.0
2017-12-06,-6053.171674443769,20782.04644155832,5808.578193468565,-421.9813343057327,-134.81444477814972,0.0
2017-12-07,6069.102595221757,21492.971957223366,-7177.308117509199,-222.3923070744521,-134.9734088626933,0.0
2017-12-08,852.3393887989688,8632.976922845937,-1744.6238197336797,2379.118297305208,-134.78973699617194,0.0
2017-12-11,2208.1405464887985,-14380.274737777894,2874.260516800998,-575.0127410341428,-134.74692000233378,0.0
2017-12-12,2581.8431378369946,4269.06448367696,-1731.3143773101483,-5001.218039552687,-134.69203913070336,0.0
2017-12-13,-8159.5373465565535,-2394.6370141679286,2569.9665570122656,8199.105864920975,-134.643237608835,0.0
2017-12-14,529.8294501542621,-44047.13617013298,6324.29489413796,-2647.360764051717,-134.83863339167286,0.0
2017-12-15,608.0941662239682,-35150.780569133014,14157.228669749185,537.5817852676433,-134.8633680660037,0.0
2017-12-18,4680.425174295969,44488.87157912693,-11791.041638998327,2736.6100286229025,-134.85127854181687,0.0
2017-12-19,10345.215096707785,34635.79077807444,-2971.3220088561116,-2016.352270706846,-134.67994960651652,0.0
2017-12-20,4080.9870715304523,41966.43713764858,-14708.80027433918,-1383.4346059971947,-134.36316817815023,0.0
2017-12-21,-233.6079966436251,-43601.970883602444,15901.81838178218,-1827.8523747538418,-134.23562658008186,0.0
2017-12-22,386.54942445154006,-18866.34382572841,-4955.367668764579,3603.925594677476,-134.26603268476748,0.0
2017-12-25,7.114075960518188,79.09505761958714,47.40644206931143,0.6383842295374966,-134.25395987895422,0.0
2017-12-26,-942.7333917520186,-12914.32877895105,-7865.829206560095,1857.840004774482,-134.94862751111802,-8.997859856230207
2017-12-27,-7677.43324549885,-29563.159337885147,18701.50086858015,-1354.5458968351618,-134.9853929346559,0.0
2017-12-28,1769.2294935764521,-12392.360349298615,-1947.5474084778766,2730.9311498884067,-135.21805255552732,0.0
2017-12-29,-4079.326388884102,5560.7449377874045,-8773.497024139788,-2647.6443464416557,-135.16299164474108,0.0
2018-01-01,7.5260709751255,79.46211137154421,47.668784341961775,0.6471060369304915,-135.30407272556192,0.0
2018-01-02,9319.085264633479,28177.159949729874,-6014.8608918298905,-1113.5851728003975,-135.30407272556192,0.0
2018-01-03,-1308.9967408034563,-36055.05220624957,-1386.4391040906567,-1131.9676534904402,-135.0282352994967,0.0
2018-01-04,3122.2789397645374,-5835.223534462792,1084.226531399087,1811.1364536134627,-135.1019218863623,0.0
2018-01-05,2241.8409541615456,10720.169067939441,3150.804227711503,-5967.836049145335,-135.00406112190996,0.0
2018-01-08,942.5166282460893,4977.943959652133,5954.79662722256,8269.674601971798,-134.96121875706913,0.0
2018-01-09,8229.293211875187,36581.81554761673,-5939.371594254208,1245.5647217791293,-134.87562523369854,0.0
2018-01-10,-473.53863741219817,2090.7319922053757,-4766.166653069787,3283.5807908252755,-134.6074925486647,0.0
2018-01-11,687.3481428937222,15936.972709784473,-17119.06384804717,-9335.851321837838,-134.6074925486647,0.0
2018-01-12,15.111709874773652,-46560.41324629091,41004.91486510852,5653.819243521149,-134.65009234357004,0.0
2018-01-15,7.2343377081708455,79.22786835340686,47.498146099323485,0.6411022143213485,-134.6014543752225,0.0
2018-01-16,803.9762593789115,-42325.79585113467,-8111.077621300985,-158.30097163663632,-134.6014543752225,0.0
2018-01-17,3988.984518935637,-5387.991206115435,8842.312724636677,2631.3410451932646,-134.61991339977646,0.0
2018-01-18,6476.978868917909,40835.29491243468,5605.0103987579605,-3006.348182735238,-134.48014137399738,0.0
2018-01-19,2598.4443159334273,611.8160155127239,5946.344216667335,856.0435385391675,-134.26789616925518,0.0
2018-01-22,2858.1931299888647,2284.0169007028867,-8451.859497744796,3322.1694492076717,-134.17717863816398,0.0
2018-01-23,-4577.600874524846,-6638.574551959763,727.4552309231283,848.3727903279223,-134.08055476240204,0.0
2018-01-24,2871.475977577839,10417.752505102246,-18057.619849944163,4903.339994775208,-134.94862751111802,-8.986057433398068
2018-01-25,-3425.458042654432,-25223.90819326105,3484.4387243714204,5319.635638351629,-134.8512874330505,0.0
2018-01-26,7061.412203334437,-24668.885746137308,3925.403641865742,-6170.6868082811525,-134.93654912642376,0.0
2018-01-29,3207.131903291458,37039.506450902045,17016.046832620155,2795.322974247296,-134.77852676026117,0.0
2018-01-30,4614.36010851932,14928.477644611461,-10189.068865555306,689.090693173799,-134.6205522358159,0.0
2018-01-31,-716.4670034184744,-29107.706333493647,11248.366866232613,-1231.600020577687,-134.48127065269588,0.0
2018-02-01,7667.586183897259,30433.029082210724,-1191.9716884213774,2978.1490777232343,-134.51761423291745,0.0
2018-02-02,5843.951143299568,59798.69262118276,-930.4924789463657,4965.074004853673,-134.25175387177504,0.0
2018-02-05,-10761.089307380262,19661.747654637322,-5999.535892258606,-2119.741703312706,-134.0050565230393,0.0
2018-02-06,3320.986504520549,276.82256805160887,-3654.277198634433,57.323917390412866,-134.34224515255193,0.0
2018-02-07,8618.273257991901,6668.506260125522,-13934.503283712233,-1588.5973255861666,-134.24575058645544,0.0
2018-02-08,437.77547040845235,27545.045215274462,3260.034730578769,-1234.537858221291,-134.0050565230393,0.0
2018-02-09,-6076.7796828627015,56626.17739799719,9061.856634225931,670.7237733638236,-133.97510125747257,0.0
2018-02-12,4612.745162776458,-26349.126428544736,8630.120365491903,2939.4807766014383,-134.10745937407097,0.0
2018-02-13,-2919.664103648599,-27926.777315680465,-9059.708618866582,383.79692193851685,-133.95725166284336,0.0
2018-02-14,13681.90754680109,-4821.31926321891,9262.729288234448,-8744.024039196773,-134.07726639173467,0.0
2018-02-15,-770.5479690722676,-33437.95545236105,1558.701102880444,2948.279897174965,-133.69950308985878,0.0
2018-02-16,-2184.172656292653,-28221.493085023034,-18620.984103470026,-409.092319804678,-133.72929019108565,0.0
2018-02-19,6.889367884180996,78.99619165810657,47.32307192045685,0.6343065742907882,-133.84293803703517,0.0
2018-02-20,3538.823731903067,-14998.150555984359,-16296.1556355054,-2155.1472777635004,-133.84293803703517,0.0
2018-02-21,7339.761131853248,42831.75080022515,-1051.61423183177,298.6177923666214,-133.7769294013504,0.0
2018-02-22,-3163.8149411691015,1559.6515942817052,-10695.770589256756,2434.8825636550364,-134.94862751111802,-15.162889501603786
2018-02-23,-5766.302116396218,-32228.670384904945,-7322.490290359543,5412.992887856011,-135.03948261391045,0.0
2018-02-26,-3513.8969736760123,12450.907619168813,3900.880253780058,-2758.3416326124475,-135.2094885071628,0.0
2018-02-27,8180.9534421892195,-24272.975637975782,11723.824425892024,-5362.708106805263,-135.3127748664869,0.0
2018-02-28,-4745.023592048075,-14797.434416896913,10308.388876562016,-692.5823819538962,-135.11236271946913,0.0
2018-03-01,-9097.82344821656,-5625.9783920581995,-17813.847812485135,2468.798464612175,-135.25206506488533,0.0
2018-03-02,8163.15323124347,13497.835838789162,538.5058444443747,-1756.4594757800835,-135.5262602223497,0.0
2018-03-05,2351.172490983803,19642.54262808651,11006.961500781692,-2784.9663281323633,-135.29467170676241,0.0
2018-03-06,-380.8770497200168,-18608.435939117062,4664.921841276916,4457.148007099409,-135.21552170357677,0.0
2018-03-07,872.6327625954018,8648.23121323646,-1748.3671605688028,2392.38659895431,-135.2094885071628,0.0
2018-03-08,-3181.47760195026,-15475.31308663724,-8973.060351117596,-2309.1406319234247,-135.1669420083833,0.0
2018-03-09,4892.328267618386,11301.81541646788,-2508.0079542562926,6605.073342471749,-135.29467170676241,0.0
2018-03-12,-3071.0097144199904,-23599.8159727094,607.0228596641726,-3860.3907519275003,-135.11236271946913,0.0
2018-03-13,-3996.2237484583475,-15140.133715943068,669.561651923648,-1503.0885941462188,-135.24000224099998,0.0
2018-03-14,-3919.1195296408546,-35859.87432524037,10121.587923080899,-355.7996517819065,-135.37394333729517,0.0
2018-03-15,2212.9277113230382,-18860.683550196736,-6846.347517951225,3694.058294200576,-135.50212505596215,0.0
2018-03-16,4988.243731095561,6833.108086035764,-636.9619805311511,-863.1546240300978,-135.4412787296975,0.0
2018-03-19,404.8751815070854,6195.180485871534,-4706.561307309005,-1758.1932258160946,-135.30113425351593,0.0
2018-03-20,6334.177286584118,812.430416414438,2259.3061903196462,926.046895161612,-135.30113425351593,0.0
2018-03-21,-1183.5961492905772,19420.75757076129,14706.402809477244,-2837.926408934502,-135.1126967424389,0.0
2018-03-22,-8968.148018868971,-26310.295574137857,-8359.861869764267,3612.8341737884266,-135.1307678038655,0.0
2018-03-23,-1824.5831756306443,8106.006294206348,-7667.0575948912365,1520.5831038266506,-134.94862751111802,-4.095839808901307
2018-03-26,5598.732917117247,-18633.425794232233,-10544.517302890625,3722.9080496625975,-134.99715380996366,0.0
2018-03-27,-10792.729516824076,9587.466266040248,8360.33143064797,-6985.416695854364,-134.83961551509472,0.0
2018-03-28,39.56134865345403,-29530.027409025202,1644.599809927076,-2051.106660569546,-135.17950196950395,0.0
2018-03-29,-4869.534253249662,-19240.8051805822,594.925382488076,3562.6230740874785,-135.2100832000072,0.0
2018-03-30,7.547279262750403,79.47230023511797,47.677158420708764,0.6474966427306467,-135.34423456130776,0.0
2018-04-02,-1769.8714829253258,12556.309121160511,2043.9782290914557,-2734.8177959427007,-135.34423456130776,0.0
2018-04-03,8569.102523212312,15946.624842506033,3498.824805340581,2403.950016742062,-135.39906880130266,0.0
2018-04-04,892.1225908889118,4178.304536739409,122.21655778545143,-5057.518864312208,-135.1248211015627,0.0
2018-04-05,5718.851948110584,15394.560708653313,-2431.553832579434,1530.0675861694099,-135.1248211015627,0.0
2018-04-06,-9201.290151295718,-19854.995767432745,-3470.3045362691596,2657.846972208426,-134.9425980378033,0.0
2018-04-09,2658.4706086564956,-8291.900167547476,-1872.909117134758,-2333.618105088406,-135.2161150515415,0.0
2018-04-10,3129.2302288312776,-18404.442073133014,947.896203702162,4512.031733783986,-135.16140641459126,0.0
2018-04-11,-1631.6382883901792,-20706.580263363317,11341.318010801375,1117.1027658830108,-135.05811973223976,0.0
2018-04-12,7506.965041897017,23583.951894727958,-2281.6802638443914,-8587.50579771684,-135.10070558498194,0.0
2018-04-13,-61.07628237005567,-33919.56293779689,-8061.514725559129,2195.495577046289,-134.9184920279422,0.0
2018-04-16,2246.501599281669,-14386.335362582153,2876.306461194944,-576.9357719420377,-134.9429206260738,0.0
2018-04-17,-1332.9807855927772,-31555.527376011218,-3251.9315653581975,6299.8802002504835,-134.88838623018967,0.0
2018-04-18,7557.6918525807505,32444.54522855656,5554.326918323342,-5382.17447575527,-134.9188478509753,0.0
2018-04-19,6965.205696511898,21893.863778310057,598.1176613607175,610.627147888447,-134.70065440300868,0.0
2018-04-20,5174.103685597577,9250.114820967585,2311.966813780364,3257.584990831973,-134.47719730820842,0.0
2018-04-23,3956.8116887420365,-14295.599752335733,1021.5381648673755,-547.8014737627873,-134.94862751111802,-9.0961612365154
2018-04-24,1696.9386457845287,29743.739499645566,-3401.456690554745,2072.22527161826,-134.84589792630632,0.0
2018-04-25,3398.7421313668974,17287.998328646518,-5391.311511605292,4782.6787624022645,-134.76736922934148,0.0
2018-04-26,-3453.3156593939025,-21548.170974783206,-4209.525939927305,-551.0129868291368,-134.6347507906841,0.0
2018-04-27,-4708.28894753607,-36217.07522779639,2323.7007180040428,-1184.756921230651,-134.761349734187,0.0
2018-04-30,-1720.6405770762178,-12574.61915394291,1766.5285619736317,2663.661734514269,-134.9305654685675,0.0
2018-05-01,3581.612120579726,4709.433090831927,6042.630916643766,-4185.152807491375,-134.97294405852455,0.0
2018-05-02,-973.9265458838003,16658.857179839284,-9456.276664508114,3901.3211046922033,-134.8821984563019,0.0
2018-05-03,-3132.1998324966407,-15457.1856449868,-8960.301078660063,-2300.6311616444805,-134.88821676617104,0.0
2018-05-04,1260.2677295681783,-10365.301226464357,-6768.60134984319,6025.8847646313425,-135.01535256109022,0.0
2018-05-07,-775.7109150184998,12970.026723434466,9815.075501402129,-1886.6970042902062,-134.96090862376678,0.0
2018-05-08,3585.268134747564,-7847.238355522771,5905.987914784141,-1491.8136678361811,-134.97294405852455,0.0
2018-05-09,5193.1370490932495,376.20232746123946,-5517.253424235475,86.39606820903879,-134.87618133141328,0.0
2018-05-10,-3393.550582498522,-29662.826552657036,5347.424665677384,-2097.2025567099768,-134.73127003157407,0.0
2018-05-11,-275.1443365721367,-14145.29821955595,14354.834849603001,200.46584358863709,-134.85813706355808,0.0
2018-05-14,3443.0028183982818,17285.81403849273,-5391.842203222238,4792.899802955306,-134.85813706355808,0.0
2018-05-15,10943.16030986287,28972.95854570647,9534.992474014216,559.0841755138636,-134.72525764353895,0.0
2018-05-16,1782.986404499285,4598.629514616582,7874.098334745644,-4180.291423085806,-134.37022432253457,0.0
2018-05-17,2023.3107020777197,35769.44467590685,-8124.476152644741,323.66479764892847,-134.32823232545584,0.0
2018-05-18,-6710.46842740059,-21707.023615167665,-502.15842383790994,-605.0371685424878,-134.2503458372883,0.0
2018-05-21,1145.9323777048655,-19221.164842812996,-14569.424243233376,2812.2358263813376,-134.4723271724495,0.0
2018-05-22,782.0042007406207,-256.99432147262434,-9585.173262040082,-804.8879897165825,-134.94862751111802,-6.668488805824381
2018-05-23,-9622.373251947896,16170.509959642788,-180.9491455032245,3760.3987418482866,-134.94261100488507,0.0
2018-05-24,-4640.214289379882,-10369.688137603425,20035.0326989962,-4945.5079483810705,-135.19046975007905,0.0
2018-05-25,-7716.325796761421,-11653.00248068095,-14928.48859371523,4255.325428724545,-135.33594803698324,0.0
2018-05-28,7.598893830381827,79.5716369227491,47.741465659692935,0.6489469948896754,-135.56094340771347,0.0
2018-05-29,-28381.135176574797,20912.825192819077,5872.800542278396,898.8366750302285,-135.56094340771347,0.0
2018-05-30,14454.851491277263,-35039.77510566284,-8520.01044228579,-68.75691106994636,-136.3440405862016,0.0
2018-05-31,-1196.5915091323534,2408.9259204328177,16521.170854829103,-7667.366067908779,-135.98232933443,0.0
2018-06-01,10583.906695850896,-18081.20950032608,-6513.745472271323,4677.177337883398,-136.03735421915655,0.0
2018-06-04,8123.314093177874,-3533.443346546299,-9344.260588348507,5243.557007114423,-135.73786666727838,0.0
2018-06-05,-3565.9800075110106,12466.591204967033,3906.722450378491,-2768.3996966885657,-135.49418899045418,0.0
2018-06-06,8561.314817556138,19633.12360950501,-4224.909695488144,-3520.776493027651,-135.59759324299765,0.0
2018-06-07,-6666.784281814077,-19356.323730440025,2455.434718149101,3539.984310708633,-135.36642514144233,0.0
2018-06-08,7.608204572451337,79.55750917670699,47.734180348177304,0.6489937719151223,-135.54888786925073,0.0
2018-06-11,4570.243748603263,714.5445014002273,4124.852965392823,899.1386736607669,-135.54888786925073,0.0
2018-06-12,912.8604093184739,-20980.631593293852,-151.53265029334145,339.99006305568076,-135.40898304751644,0.0
2018-06-13,5369.758173852192,-29255.067142055985,-3933.798412244583,-1971.2282617688597,-135.39693700040002,0.0
2018-06-14,-5878.067899207748,-32249.211535458315,-7329.53928194569,5434.1311970598035,-135.28175682135884,0.0
2018-06-15,-2088.663115924164,23454.81295576907,16668.139785024487,-7963.063965563439,-135.45204856639134,0.0
2018-06-18,-578.2139188983261,-6817.206998335402,-12647.339293741667,110.31097697240149,-135.51876978541478,0.0
2018-06-19,-4986.649285883119,-6678.930112813443,732.8820638854589,865.3840380969602,-135.5554279234783,0.0
2018-06-20,5653.50150556308,15384.79611358542,-2429.5535130164535,1526.204521379101,-134.94862751111802,-6.142914546482643
2018-06-21,-3585.4009834966896,-13439.025509801324,-13774.24623676416,992.6413340143497,-134.76712511673267,0.0
2018-06-22,7.341425987504818,79.33566503070111,47.573637163059054,0.6434523045884177,-134.89418048585335,0.0
2018-06-25,-3907.107445713104,-2567.934672166134,805.1160060208254,-4185.268838351304,-134.89418048585335,0.0
2018-06-26,471.2242288593263,15091.844019574364,3139.594932820858,1442.258193062595,-135.0335406662246,0.0
2018-06-27,-6991.1869526669825,-34338.46779012409,-640.7971624782309,2081.9647953525896,-134.99708857338896,0.0
2018-06-28,1474.8212707950602,-1501.444160223054,12663.034805735573,-2471.4906897968717,-135.21576743715315,0.0
2018-06-29,869.4913845227194,8647.825243505746,-1748.1760664915105,2390.778414758215,-135.1731756761534,0.0
2018-07-02,4292.367282881452,-25193.778313225346,-13582.652702618396,4646.505864638925,-135.13061400072374,0.0
2018-07-03,-6079.705681540351,3779.5956774667648,7547.170167689801,-5166.310093628651,-135.01548934311225,0.0
2018-07-04,7.484260355342197,79.4325325095354,47.64668156278939,0.6462723471356188,-135.20974677480257,0.0
2018-07-05,1875.4512744793426,-20524.19572164868,7634.707836940325,1176.4985029301206,-135.20974677480257,0.0
2018-07-06,-3609.304214490498,8011.730783337214,-5816.039778895847,1496.8238958365896,-135.1551172444627,0.0
2018-07-09,6277.14944350062,-11758.776814660438,2122.6634484132046,3627.9841604007834,-135.25236864661628,0.0
2018-07-10,2642.76111726818,-8284.816384082538,-1871.143039359974,-2329.5496696833898,-135.05799092304784,0.0
2018-07-11,-3582.1271553665847,-4550.54581222537,-5947.658068367232,4189.429167544688,-135.00346104819954,0.0
2018-07-12,1293.453854628234,-14832.806067109304,-4901.395530466992,-1414.349324690319,-135.09450779883002,0.0
2018-07-13,-2717.4553952267543,-455.03989399395095,-5874.8757655776,-864.4806252609347,-135.0824818709928,0.0
2018-07-16,2743.394673149876,13176.993938778118,6109.518364639256,-1835.3224107400379,-135.17364767964887,0.0
2018-07-17,2552.572502409545,-12717.57007408166,-11582.027603267477,1920.2923011853518,-135.08849424321943,0.0
2018-07-18,1438.5791995896109,28072.947323708395,11051.27184364458,-417.7055864727525,-135.02792906038704,0.0
2018-07-19,-4474.998931035995,-22009.764514084876,-11992.735961218532,-1387.551966149525,-134.94862751111802,-2.1850226066599134
2018-07-20,6575.5130954272145,49089.20762508148,-3953.07257851088,-1477.560296312778,-135.11860994330695,0.0
2018-07-23,10417.722955345269,22126.18081915981,-3112.2470059524626,668.6713303413432,-134.90620689097162,0.0
2018-07-24,-1582.3114563532497,-8133.590085001579,11453.671958636858,-1568.6660372329404,-134.58604424986882,0.0
2018-07-25,-539.3170218696922,-31881.144080277558,-12867.473365850223,5468.104372109223,-134.63426784541534,0.0
2018-07-26,6437.547923796085,6913.447493946843,-2487.756547177392,-824.8701261649248,-134.65847652935804,0.0
2018-07-27,-2988.4639935894893,5979.3881228062455,-985.967943629374,-1794.0513414019447,-134.47166788721486,0.0
2018-07-30,1771.7489747085638,21597.162158401385,6154.680752844237,523.5593759219818,-134.56801515437272,0.0
2018-07-31,-1644.5500354901776,-29545.12919110236,3490.586177758826,-2060.5841960450903,-134.48968989094345,0.0
2018-08-01,4676.996906615871,36342.989167021835,-2226.2756981913426,1183.1761764277478,-134.56801515437272,0.0
2018-08-02,-2589.385689810213,-454.01178595511186,-5856.979202230597,-855.7053619292135,-134.39946647460744,0.0
2018-08-03,-5040.506617747504,-217.28845597198486,5602.575391456348,-84.62322405617834,-134.48968989094345,0.0
2018-08-06,-1404.1144780316076,-10886.382276311171,-12669.005772316852,5132.318662375894,-134.63426784541534,0.0
2018-08-07,6812.345304326307,474.8845679075021,-7365.904356452201,114.60857324596961,-134.67049710857114,0.0
2018-08-08,-1375.4028028772498,-2800.277759034924,-10657.017704192249,-4934.342593304408,-134.47767404018649,0.0
2018-08-09,-5838.099664390079,118.44220291564743,15216.366768184991,716.9129835052582,-134.56200781989875,0.0
2018-08-10,-8215.633790377422,-15744.167679709764,-3391.850062811481,-2380.3589408165276,-134.71276825493723,0.0
2018-08-13,1247.590386119257,14752.07864958466,-6495.05133366955,635.3105800676409,-134.98506248772145,0.0
2018-08-14,2615.5931398099337,-8282.904215014318,-1870.383012784324,-2324.9115616147287,-134.9426118975648,0.0
2018-08-15,-5271.654788244615,-4648.476628339323,-4090.021342641429,4152.5063435720485,-134.8881636009351,0.0
2018-08-16,2243.404984824557,-14397.26132543363,2878.383838394235,-577.1582841563927,-135.0275430730253,0.0
2018-08-17,-770.9333066690053,12974.02984366129,9817.001727603672,-1885.1496370848215,-134.94862751111802,-1.235717780480627
2018-08-20,-6683.986281231403,-20097.668730810343,-14961.611880255767,1880.6794683983512,-134.96065961166536,0.0
2018-08-21,3691.773672905,1050.1253405909001,13761.111163687594,1702.759796538432,-135.1792757275144,0.0
2018-08-22,-3645.9742056786545,-890.8101274120311,-13657.131504944742,-1698.2627290488117,-135.04560881033075,0.0
2018-08-23,611.6732996058832,-22640.754352612836,14320.78846678174,-2160.206374689843,-135.1792757275144,0.0
2018-08-24,796.6174150972353,-12826.321991854571,-9732.377769811501,1892.351771490766,-135.17325790127617,0.0
2018-08-27,5170.13339811519,-4058.993040925485,-15241.885482987704,4340.175286235674,-135.16122580072883,0.0
2018-08-28,4059.715095641772,19716.79311198313,9134.344346008796,-2746.1669345422742,-135.00952670783872,0.0
2018-08-29,575.2783971222246,-5593.495428764644,12566.236320944216,2581.9220813115626,-134.8821478929078,0.0
2018-08-30,-4775.241442293688,5889.58418195719,866.9237937485645,-1831.495404407513,-134.83974823184502,0.0
2018-08-31,-490.78598207399364,27211.963515803007,-4502.1906750173075,-2086.452978801222,-134.98507283279017,0.0
2018-09-03,7.372209219739645,79.3784162156464,47.602270406188296,0.6442067245243409,-134.99710256609862,0.0
2018-09-04,7323.975868721834,6587.902352426285,-12127.624527592934,-1634.3828679802073,-134.99710256609862,0.0
2018-09-05,-95.5129225132012,8199.494102800541,-9515.553334149621,1546.3755430895217,-134.803389227237,0.0
2018-09-06,-2938.956182309032,-2131.9271652811276,8575.402529986559,-3347.444184958396,-134.803389227237,0.0
2018-09-07,10356.242184671795,-11882.161011690052,-11222.0697120663,2861.8232342542024,-134.90018361993188,0.0
2018-09-10,495.54501191897634,-27007.038419347384,4588.089698851646,2077.6039242944926,-134.6041672907088,0.0
2018-09-11,6434.220447063397,6910.053596015337,-2486.5341749748713,-824.4615081925068,-134.5921588350319,0.0
2018-09-12,-1956.1903527084444,-1693.5003222009393,16309.318323093596,-2502.892945714727,-134.40545175914158,0.0
2018-09-13,767.2857978337358,-12785.421148234265,-9695.618447500694,1875.1500032790261,-134.459584324344,0.0
2018-09-14,3865.790249243876,-1732.925814922938,1154.8888664047022,-3219.9800968269183,-134.44758295021842,0.0
2018-09-17,-481.7133435611552,2094.046595680393,-4774.993530612914,3297.6089060047952,-134.94862751111802,-8.188539675192535
2018-09-18,9106.614757079387,28141.150630091834,-6004.890554063964,-1107.9262055967597,-134.94862751111802,0.0
2018-09-19,3478.449934626855,21709.662950012007,4305.3633002479155,552.6491726483533,-134.67712472291845,0.0
2018-09-20,-1197.2106019455487,-14571.00421984773,6577.025726625965,-630.0309764077462,-134.55078432284373,0.0
2018-09-21,-847.8735568562224,-4011.5140403467894,-26.89039340323768,5020.870858730113,-134.59286812386276,0.0
2018-09-24,2077.473106365412,-6260.4967660908615,-6681.657525050162,967.289377189593,-134.59286812386276,0.0
2018-09-25,3098.4912315738197,11138.847992089628,10905.218078427932,-5096.476812888108,-134.5387774079209,0.0
2018-09-26,-4714.26867930862,-28066.44537625288,-7227.167881162327,358.4158826820007,-134.45469867886396,0.0
2018-09-27,7.2218847647066875,79.25014501748575,47.50988256669984,0.6410623184632809,-134.62297466735552,0.0
2018-09-28,-2173.8152987961444,14533.092413020038,-2777.681101820451,575.2141078832731,-134.62297466735552,0.0
2018-10-01,5076.827146898554,29925.4752275954,-7105.944516386392,2123.922223729658,-134.67712472291845,0.0
2018-10-02,-4250.322670918012,-30083.973368273968,-2416.8725092643867,-2917.823918145795,-134.5027261070332,0.0
2018-10-03,13376.437475398161,50171.62911560183,6026.88023642736,279.23821288880936,-134.67112067553933,0.0
2018-10-04,5774.195294525393,21436.00680361857,-7152.563132749318,-220.02176191948172,-134.23301693020062,0.0
2018-10-05,4879.162768962142,29853.128631906846,-7084.351832157852,2105.4931696316557,-134.0538062286915,0.0
2018-10-08,6.869897976648125,79.0338285257378,47.343076291180196,0.6342630220891456,-133.8810658156552,0.0
2018-10-09,-2855.2163448163824,-19045.59231042802,-1255.2384767058684,3524.5768121478213,-133.8810658156552,0.0
2018-10-10,1168.542462185199,14694.589334398723,-6463.047258084032,626.2570456603219,-133.96437891128784,0.0
2018-10-11,-9390.830437169647,-32751.56227058651,190.73792983273515,-7051.315022295222,-133.9227077196122,0.0
2018-10-12,452.7310324633578,2522.728127373789,2991.852978332989,4093.4029234503523,-134.27489382274658,0.0
2018-10-15,1656.1393861137658,12701.280601688617,-1665.9204314298431,-2635.7027862208006,-134.23301693020062,0.0
2018-10-16,503.69843722572585,-27051.954268841986,4596.8752059145445,2086.3292532128116,-134.94862751111802,-7.10872531286077
2018-10-17,4319.709943934743,8836.874231752116,-5457.434236204247,2440.680595095559,-134.93661974584882,0.0
2018-10-18,-1792.0204418513822,16187.263145883713,-5657.144597936533,-8583.643739349916,-134.79819772368128,0.0
2018-10-19,5087.223463730195,-16609.349674759178,-15359.141381006984,7013.665433884251,-134.89445043860374,0.0
2018-10-22,7.298129309968955,79.26845602606926,47.529192496535046,0.6423437494944579,-134.73812158206766,0.0
2018-10-23,-4858.316186240239,14002.675549446867,-8692.050785514186,-284.3874409833025,-134.73812158206766,0.0
2018-10-24,-10151.390911651128,4822.127212484472,-10968.665652392368,-3557.279712166635,-134.88244739062603,0.0
2018-10-25,5465.792260168626,1149.1861927670732,11903.284168388836,1732.6398806115226,-135.20827320398624,0.0
2018-10-26,-9368.472053743872,13387.967804001606,-12771.669809388317,-1177.9046997369787,-135.02705072473034,0.0
2018-10-29,401.3954086062106,6199.2545338063965,-4708.882498322884,-1756.4563617790245,-135.31108231069683,0.0
2018-10-30,5780.043970200047,2830.55190557046,-2570.796698762603,4238.455083575629,-135.31108231069683,0.0
2018-10-31,5746.754971127959,-1639.298238321732,-698.3765522601401,-3218.598729913671,-135.12360746335696,0.0
2018-11-01,-3001.180906546129,14889.070444598714,6850.635480659123,1384.1990061596675,-134.97881873534058,0.0
2018-11-02,13518.072443267645,7321.486117178115,-9920.078122896077,-714.3578320290707,-135.03906084955915,0.0
2018-11-05,-2530.790281659741,-21110.65408365069,3555.229153414581,279.69735172561724,-134.660046887617,0.0
2018-11-06,2670.763170254009,-11931.753810844079,5824.7390471812405,3546.4293872729363,-134.7441189813186,0.0
2018-11-07,2124.812365397815,-23256.641229603636,-4952.838206012119,-3751.3386848850546,-134.64805326691723,0.0
2018-11-08,2663.0173918956702,-11923.24670672602,5820.367701696834,3542.5623456969834,-134.6300716663381,0.0
2018-11-09,-6874.057083713792,3336.740240098456,-230.11302463237212,-5965.652283696166,-134.5341358574249,0.0
2018-11-12,7.329565375173299,79.2651120074916,47.53073428684368,0.6427990563992426,-134.76821072590778,0.0
2018-11-13,-8708.483616384356,7700.653046921342,-242.78411332724247,1403.969376621485,-134.76821072590778,0.0
2018-11-14,-4431.1705520018895,16469.00690988543,-5748.94192774226,3846.054197370067,-134.94862751111802,-1.8443354720584466
2018-11-15,-563.1989354493013,5758.0549948901635,-12484.716503800619,-2584.9239310637236,-135.0511062417501,0.0
2018-11-16,-6491.464654058851,14701.534712160623,10570.68837035751,1328.4154550528112,-135.0933826455408,0.0
2018-11-19,-3599.6243939938245,8019.184105213038,-5821.082247709381,1497.2659832998252,-135.2504394880959,0.0
2018-11-20,112.90729951137466,-8062.180578047178,9639.860131738844,-1555.2395646952434,-135.34728850780206,0.0
2018-11-21,1297.5896608931298,-14859.254311880984,-4910.256577219771,-1417.2226637590838,-135.34728850780206,0.0
2018-11-22,7.495774036861321,79.50304488331007,47.68952172012408,0.646920050579463,-135.3352606908749,0.0
2018-11-23,-964.5530772539041,-356.65356450826386,-7745.381585022472,-837.501681663734,-135.3352606908749,0.0
2018-11-26,3544.914906352113,-12304.63460231707,-3809.7207731256944,2764.1724527207375,-135.37771613303514,0.0
2018-11-27,-1359.6424113507724,6099.805854359663,-2849.2557239486605,-1783.9979960316045,-135.274802287721,0.0
2018-11-28,-998.082549324263,29272.643607006812,-9342.400228068058,1217.8513407038063,-135.32323760086857,0.0
2018-11-29,-2803.0991574463396,-9369.221298898174,-13740.822215904449,-4069.7975744774653,-135.3352606908749,0.0
2018-11-30,-3040.4967817286465,-14724.061694888323,8467.936779913814,-666.6550011056624,-135.4627168240869,0.0
2018-12-03,-1927.8253710988847,-43041.23320529724,-14091.123110358269,-1029.8612182970498,-135.55385074208263,0.0
2018-12-04,-11085.578545941155,-57045.24927764298,27053.375869920932,681.6367616668622,-135.66372050546008,0.0
2018-12-05,7.828380654990034,79.67295202748225,47.82681306028751,0.6531136912634996,-135.98125943402326,0.0
2018-12-06,-6944.685190848984,18424.816455737437,2874.4000567001185,-4619.247067279412,-135.98125943402326,0.0
2018-12-07,-4868.435780534191,24715.961429339695,-15413.292351366728,5485.489891176333,-136.18315366376297,0.0
2018-12-10,119.55238948315304,-8090.353153371681,9682.904955958906,-1575.8168864692216,-136.2873056011597,0.0
2018-12-11,6636.512604844509,-37064.94760353312,1858.849844846275,9156.802952229431,-136.2873056011597,0.0
2018-12-12,2455.8900852598354,19705.51908833304,11050.28059815456,-2814.2482696743987,-136.07913390619106,0.0
2018-12-13,-1363.563127439752,23114.38166883776,-4576.221918944033,2960.3520050571683,-134.94862751111802,-10.410149730942067
2018-12-14,-3445.0429291355335,-118.7006205293202,3760.1495609071812,-56.54662093998162,-134.9606471232734,0.0
2018-12-17,-5686.995626728967,1798.113510645102,793.5229088054108,3215.4649619030774,-135.0575485856892,0.0
2018-12-18,-7374.083379336091,6138.601008527739,12374.389971675619,-1059.7605570832634,-135.2031346310767,0.0
2018-12-19,-7404.110653621247,-36091.67123142874,13850.593969537555,-412.91963058143904,-135.403709181162,0.0
2018-12-20,4891.889069155747,-14678.149774482588,-8642.98389202293,-1364.8300123519757,-135.62953017726485,0.0
2018-12-21,-1702.8674585056633,34080.265676532195,10045.886032277876,-2238.7384261403254,-135.51983899773077,0.0
2018-12-24,-9784.412244734658,33258.50709708236,9694.983330957839,-3193.766591032967,-135.54393028354477,0.0
2018-12-25,7.6343713535925595,79.70037799586349,47.82129817158433,0.6503492508832738,-135.8063967719236,0.0
2018-12-26,12777.934191719285,-2933.0216462012067,6364.382132912944,-5644.260645479441,-135.8063967719236,0.0
2018-12-27,-7761.008099331548,30592.62313800377,-16406.198520277216,3609.9314169426443,-135.47050411210668,0.0
2018-12-28,-6397.451434397101,15625.004499171522,-9767.882523956856,-9568.33086765468,-135.6717355809237,0.0
2018-12-31,-6420.160653414469,16448.968700348152,-3914.251434517663,3860.717093013028,-135.9104093780497,0.0
2019-01-01,7.715014393022596,79.80462456083055,47.89174230151802,0.6522736585675666,-136.0636549139387,0.0
2019-01-02,-3686.26133139913,-46952.27835466555,-4517.749805459579,4892.655876257344,-136.0636549139387,0.0
2019-01-03,-17711.768247190554,40354.74443864218,-9960.100510113218,-3427.6210921529887,-136.18092876734008,0.0
2019-01-04,19051.033132434848,-31658.59098698862,8272.426805931207,5883.053484135602,-136.68063056123432,0.0
2019-01-07,5187.827435616926,-13939.138065063005,8856.115223285518,290.48158838287935,-136.1377790641084,0.0
2019-01-08,6481.280832137318,-28913.758437228847,3873.7138186045613,-1139.0919461139317,-135.99039660494745,0.0
2019-01-09,376.717364851992,35920.252749653046,-6325.934084563608,300.86873933992996,-135.8312344640581,0.0
2019-01-10,700.9129024075958,20512.632618781732,-19110.238091837222,-1967.507066671681,-135.8003626804151,0.0
2019-01-11,-4503.04670670762,-4986.703105642116,-13724.483583622396,3349.182023483225,-134.94862751111802,-11.505567494969
2019-01-14,493.31694611772474,23192.864774668666,5146.749166019479,-8695.395470811729,-135.0824669693297,0.0
2019-01-15,1252.0513439254325,14761.360970643354,-6499.469781653125,636.036259108515,-135.09450769176394,0.0
2019-01-16,1359.5582814896654,-18500.895346509773,2804.6955255961493,4474.252458594583,-135.05187057668005,0.0
2019-01-17,3290.0242756228367,-9528.743552627042,20366.95110222042,-3984.5452419682438,-134.99722290451876,0.0
2019-01-18,6907.012320653216,-24637.826231712494,-7648.251737794613,5494.15408697439,-134.90608081617256,0.0
2019-01-21,7.270405789304182,79.26421354039846,47.52359471315908,0.641893999350183,-134.70010804221187,0.0
2019-01-22,-7388.923227279951,5352.379143301922,-5046.238876633839,-2688.2468277358244,-134.70010804221187,0.0
2019-01-23,2303.219074092862,7059.835476806779,10851.414377939738,-79.53233494263893,-134.93659389716683,0.0
2019-01-24,-5714.611510005826,-7097.210769049828,-7042.200435222788,23.591065234626164,-134.85153059674818,0.0
2019-01-25,6187.381805300309,-11749.727247408253,2120.524330038936,3616.532301563367,-135.03381127053217,0.0
2019-01-28,-942.9947076271113,-355.7907738832472,-7723.933330772552,-832.536368461905,-134.83950171872178,0.0
2019-01-29,-5178.707501648752,12334.546275924664,5749.386023688017,-2775.093486390986,-134.88201832419497,0.0
2019-01-30,-4670.265222479864,45291.020634431865,-24762.82715309857,4257.266863304986,-135.03381127053217,0.0
2019-01-31,-11714.598042558422,-2630.837506507123,17880.95012389468,-3504.989126212702,-135.14319713688405,0.0
2019-02-01,11744.148228999775,-19623.781969826945,6140.173416005576,2163.527944999178,-135.48490394635988,0.0
2019-02-04,3963.1485918193575,15299.56815789633,-574.165043553324,1501.2423630357828,-135.14319713688405,0.0
2019-02-05,-3060.1430019753575,-19132.03953480646,-1262.304284738038,3579.5802502907254,-135.00926362695301,0.0
2019-02-06,-1345.2141359685252,6095.4412896973845,-2846.7221621865724,-1779.6146202017512,-135.09450769176394,0.0
2019-02-07,-7052.967140083117,3347.2165227649366,-230.9252179037164,-6007.815277932076,-135.14319713688405,0.0
2019-02-08,-4318.980882615257,218.0984222907633,13423.117189541916,753.1063319735073,-135.38108783362281,0.0
2019-02-11,4727.823342650383,-2073.640237227327,-8474.575934823413,-4044.6585430883056,-134.94862751111802,-6.610141787117755
2019-02-12,3912.2147558169477,2725.9884651053426,-709.7808172504759,4183.999597307869,-134.84530243456624,0.0
2019-02-13,5231.982900700849,-7740.50980142077,4044.9184480798185,-1457.6687792118948,-134.7055998392062,0.0
2019-02-14,-6948.273512997955,-1086.4878816646715,-9917.053397488819,-1744.9112178505932,-134.5601588847354,0.0
2019-02-15,883.869316576112,-20923.082079940854,-151.03923919829347,337.31019651895406,-134.79068054000572,0.0
2019-02-18,7.3196479635510565,79.27865477244141,47.53760707754213,0.6427391381055853,-134.77864895164012,0.0
2019-02-19,-2586.9223922109254,8433.647916472317,1963.5509277589906,2322.218416138431,-134.77864895164012,0.0
2019-02-20,391.7020262748083,6185.896468040694,-4696.911931444235,-1745.853296764401,-134.83326610686373,0.0
2019-02-21,6896.824820372596,13024.398671902152,-7234.257237730521,-2573.445397062303,-134.83326610686373,0.0
2019-02-22,-6818.260745520264,12222.865384823523,7595.031133493902,-2795.073825774503,-134.64505904857765,0.0
2019-02-25,2966.1289449581745,-10260.682560288096,-8618.42372142549,6039.008736225682,-134.84530243456624,0.0
2019-02-26,-4751.929759691853,5886.917046273825,866.4650945381682,-1829.2612742171925,-134.7421087394475,0.0
2019-02-27,7369.689309011563,28030.816064248203,-4147.169451623499,-1135.915887782544,-134.88791817952026,0.0
2019-02-28,4808.564999695878,3158.840346289475,7055.938667099459,5004.614152669065,-134.66310465464062,0.0
2019-03-01,5909.097324219711,4463.834964024313,-5432.789949915917,-4928.40954587104,-134.48139284407483,0.0
2019-03-04,-4698.956240580553,-28045.980043023774,-7221.592390045722,358.00147993526406,-134.33640901188483,0.0
2019-03-05,-370.17055030974507,-6018.857802804326,4783.928003848893,1739.6060786361925,-134.5057293710196,0.0
2019-03-06,-5169.873155811333,7891.234903835402,-3945.406869568518,1455.4684638328479,-134.5057293710196,0.0
2019-03-07,-7754.387612990892,11789.20502805654,-168.28028559926932,-3626.0983351271784,-134.65107306627502,0.0
2019-03-08,-3828.0345056092765,-6227.69953679735,8504.739505202482,1690.9119570500682,-134.89393812139005,0.0
2019-03-11,3861.383167912754,6389.2546488410235,-8414.028750210131,-1691.6787859960414,-134.99130368840025,0.0
2019-03-12,-4788.628603284458,-6665.03425611137,730.8627445068703,857.7487423998349,-134.94862751111802,-0.9167567458025587
2019-03-13,1277.4632638976718,10292.688969175852,-4629.249013487799,-6805.814453509408,-135.0887660763157,0.0
2019-03-14,2606.356466757366,8744.565559184877,-3604.849483822334,2416.393144811448,-135.0887660763157,0.0
2019-03-15,-5269.671505056605,3443.996468073544,-2087.225367349973,-5968.294138839182,-134.99731725361013,0.0
2019-03-18,1866.4775787443514,-20526.943542601563,7635.070901468794,1175.6375973131633,-135.18636343046515,0.0
2019-03-19,1260.3466664739647,2194.658222158391,-6636.972531437209,3334.5392222144114,-135.13152402106192,0.0
2019-03-20,-11128.980218569583,13293.149679659262,-10918.88812468895,-1207.2459573755393,-135.08274228425455,0.0
2019-03-21,-384.340497741092,-18627.028450967893,4670.2449959182095,4467.94666095331,-135.41884607456518,0.0
2019-03-22,-16948.94269773264,11332.682872301646,9132.70337945533,-3805.788750078314,-135.41281634613273,0.0
2019-03-25,-4474.577692583857,29923.607046155215,11856.174701033548,2828.987710162885,-135.9042499184941,0.0
2019-03-26,-3735.4069200898753,8045.138564410531,-5843.428118894571,1511.160916095366,-135.97774682947505,0.0
2019-03-27,-3017.571988102018,-10312.597260643257,18263.588376030184,-4971.105165457548,-136.07648923459973,0.0
2019-03-28,640.5855398121906,-22747.744034684736,14399.109535276242,-2186.5307048573973,-136.17535964804486,0.0
2019-03-29,4205.4869214439395,-27003.998205656568,890.6947639935104,2176.4467399868086,-136.1693084849148,0.0
2019-04-01,13815.861987816734,13834.380196375021,-5060.487632287214,-1679.8851000410104,-136.05834648308564,0.0
2019-04-02,-3606.8775569089603,16960.320332571326,2035.7258347484374,4723.222381972657,-135.67624632446092,0.0
2019-04-03,7182.893001177773,13082.175338222818,-7270.9656266739885,-2601.378987524654,-135.7374911008851,0.0
2019-04-04,-866.377910484699,-8506.233490043944,1847.5879728997295,-2399.2838324824233,-135.54705940541376,0.0
2019-04-05,-570.7770561201997,-19420.384421892064,-12795.373493625522,2822.851569394455,-135.59009115254347,0.0
2019-04-08,3183.8187151968577,6744.8599336636535,1224.6445934121746,-892.6863357372367,-135.62107853581458,0.0
2019-04-09,-2276.0955368456366,2000.2683341559227,-2928.042924362498,3293.0582986028585,-135.52894881841732,0.0
2019-04-10,-5181.410563300594,12340.614783234741,5752.217654527035,-2776.473246949841,-134.94862751111802,-7.482282636730815
2019-04-11,6006.935550162805,40.09662722349862,-15166.334652629157,-720.3853039241442,-135.1011920254514,0.0
2019-04-12,8856.356769236083,-15676.870725719524,9908.905536294878,-2953.442952299866,-134.94862751111802,0.0
2019-04-15,-1315.7184818121395,-6459.690935024868,-2977.190243916842,912.1624080696154,-134.70503637923846,0.0
2019-04-16,5779.632063834656,16140.48900799758,14963.019191964368,3158.2796165253676,-134.74766963895675,0.0
2019-04-17,-1303.866912990491,6080.574752194152,-2838.379162946266,-1766.4846332803536,-134.52878449821745,0.0
2019-04-18,-3753.2817674602297,-6220.07285259061,8491.640313579854,1683.4751554580237,-134.57731785652413,0.0
2019-04-19,7.233499987030184,79.2742139638011,47.52536446141856,0.6414001964443528,-134.67447860869416,0.0
2019-04-22,2539.7782143586055,21274.562846656056,-3460.934558768243,-278.369387676654,-134.67447860869416,0.0
2019-04-23,-3472.8445463319226,7996.088935383421,-5801.029920696444,1484.4676233268715,-134.5893631193539,0.0
2019-04-24,-6783.803704539447,-316.4314253151686,7462.593703264111,-113.30990138382205,-134.68652861977208,0.0
2019-04-25,1339.389874185298,-5932.557601819218,2939.2263033386016,1775.183102155615,-134.88123648983293,0.0
2019-04-26,-5996.2990991593915,20797.789493011864,5811.960122685316,-421.55729117781715,-134.83251234932231,0.0
2019-04-29,5165.837312046417,12942.799414067811,-5386.626671222907,-2604.2268169545496,-134.99084830023307,0.0
2019-04-30,-5596.853690549767,1797.0479601906407,792.8430080578421,3205.022039243712,-134.85060697168888,0.0
2019-05-01,3094.5239665282265,-35440.19139720631,2680.401045902093,-239.07228989947401,-134.9968845996324,0.0
2019-05-02,5167.040556390979,-12184.56225011265,-5657.709312285923,2775.5651749399835,-134.92999212196835,0.0
2019-05-03,-2084.3349598017526,6424.1540872000305,6783.1995437877595,-968.3476593818416,-134.7777916997646,0.0
2019-05-06,-4357.110049831883,-553.9254318016211,-4015.5497886338417,-888.8925603707047,-134.83251234932231,0.0
2019-05-07,-8299.818756550036,-15766.083191602189,-3397.0841244943017,-2387.2961622424245,-134.97274654164505,0.0
2019-05-08,5341.70931172508,9287.245537421379,2322.363116342749,3286.5061469968705,-135.24801314242026,0.0
2019-05-09,-5646.06867802242,9890.553807053291,2798.030908667152,-6907.567410186915,-134.94862751111802,-2.146598454739433
2019-05-10,2218.161987186072,15200.513307877822,1283.7899608702655,1472.59534917186,-135.14414957766644,0.0
2019-05-13,-12629.311957311078,13968.027276267054,8359.305084741784,406.56845276419295,-135.0583916892073,0.0
2019-05-14,3926.8873779332116,6403.127888448843,-8434.45379172056,-1699.7065946769803,-135.40739122384213,0.0
2019-05-15,-7979.156780295997,-753.4890394672752,-305.84441506897116,-951.823851838656,-135.30924274878956,0.0
2019-05-16,5341.976703538505,-12217.241841401403,-5675.911643034251,2797.9576676825077,-135.54880559829218,0.0
2019-05-17,-1754.0368490175558,-12604.76522217585,1771.2836066751752,2677.9278840522175,-135.39530579337554,0.0
2019-05-20,3757.1887391478062,-3423.363634351975,15654.921959206105,-5765.603843085184,-135.43838321129687,0.0
2019-05-21,4326.250886914312,-25223.486662814452,-13600.259871278404,4657.446692438289,-135.34621805386854,0.0
2019-05-22,-5837.356941586098,5464.3523770507245,-6919.176023371119,-2677.67337863687,-135.23002937441342,0.0
2019-05-23,-14986.067547750732,24789.678736952632,24861.63243835932,-4835.163112138179,-135.4202640039143,0.0
2019-05-24,2628.739566108204,-25378.001579723557,-11770.485294858989,4657.214924063894,-135.83247781117566,0.0
2019-05-27,7.67482959852378,79.64584812496707,47.79368367030525,0.6505985026312091,-135.76495989642729,0.0
2019-05-28,-9599.804070606338,-7324.685865632732,-3348.20674554415,-33.928489085392506,-135.76495989642729,0.0
2019-05-29,-2648.4578960273348,12936.643525840276,11739.937708603575,-1941.1433303484675,-136.04955688234594,0.0
2019-05-30,-5383.162265986652,-8386.706999105389,15279.701137144311,-1657.9653999470959,-136.11122407946905,0.0
2019-05-31,-16644.49942216763,28938.783365079325,15261.927608284996,1818.593446753559,-136.26010534361947,0.0
2019-06-03,-16429.08609516142,56786.33778315301,18555.683208610866,548.7243597746752,-136.6767527290311,0.0
2019-06-04,0.0,0.0,-0.0,-0.0,0.0,-3140.20679833256
2019-06-05,-0.0,0.0,-0.0,-0.0,0.0,0.0
2019-06-06,0.0,-0.0,-0.0,-0.0,0.0,0.0
2019-06-07,-0.0,-0.0,0.0,0.0,0.0,0.0
2019-06-10,0.0,0.0,-0.0,0.0,0.0,0.0
2019-06-11,0.0,-0.0,-0.0,-0.0,0.0,0.0
2019-06-12,-0.0,0.0,-0.0,0.0,0.0,0.0
2019-06-13,-0.0,0.0,0.0,-0.0,0.0,0.0
2019-06-14,-0.0,-0.0,0.0,-0.0,0.0,0.0
2019-06-17,0.0,-0.0,-0.0,0.0,0.0,0.0
2019-06-18,-0.0,-0.0,-0.0,-0.0,0.0,0.0
2019-06-19,-0.0,0.0,0.0,-0.0,0.0,0.0
2019-06-20,-0.0,0.0,-0.0,0.0,0.0,0.0
2019-06-21,0.0,0.0,-0.0,-0.0,0.0,0.0
2019-06-24,8249.017987862711,-5695.240024282227,-4579.497645728806,1890.7710546369929,134.94862751111802,-3111.664180001602
2019-06-25,3097.935433030828,6573.5029188748085,1126.6305502226783,-889.0760580154446,135.1951417740916,0.0
2019-06-26,-9803.305845894274,16037.374401989118,-276.63705676250885,3775.3334657388586,135.28791108533787,0.0
2019-06-27,6945.242053833047,12878.601075162615,-7337.693896598048,-2580.940271019979,135.03502773310083,0.0
2019-06-28,69.2974135447823,8827.739994912803,7801.9753725525525,3199.6888299940697,135.2263644826364,0.0
2019-07-01,-5298.589049543233,-376.8537035916978,5528.577061791132,-86.82440341603133,135.26367818562852,0.0
2019-07-02,6284.1800545731785,22119.067632593415,10143.656272500324,1419.8958566184847,135.1154985908907,0.0
2019-07-03,-0.0,-0.0,0.0,0.0,0.0,-3111.664180001602
2019-07-04,0.0,0.0,0.0,0.0,0.0,0.0
2019-07-05,0.0,-0.0,-0.0,-0.0,0.0,0.0
2019-07-08,0.0,-0.0,0.0,0.0,0.0,0.0
2019-07-09,0.0,-0.0,-0.0,0.0,0.0,0.0
2019-07-10,-0.0,0.0,0.0,0.0,0.0,0.0
2019-07-11,0.0,0.0,-0.0,-0.0,0.0,0.0
2019-07-12,-0.0,0.0,-0.0,0.0,0.0,0.0
2019-07-15,-0.0,-0.0,0.0,-0.0,0.0,0.0
2019-07-16,0.0,-0.0,0.0,0.0,0.0,0.0
2019-07-17,-0.0,-0.0,0.0,-0.0,0.0,0.0
2019-07-18,-0.0,0.0,0.0,0.0,0.0,0.0
2019-07-19,0.0,-0.0,-0.0,-0.0,0.0,0.0
2019-07-22,0.0,0.0,-0.0,-0.0,0.0,0.0
2019-07-23,0.0,0.0,-0.0,0.0,0.0,0.0
2019-07-24,-0.0,-0.0,0.0,-0.0,0.0,0.0
2019-07-25,0.0,-0.0,-0.0,0.0,0.0,0.0
2019-07-26,-0.0,-0.0,0.0,0.0,0.0,0.0
2019-07-29,-0.0,0.0,-0.0,-0.0,0.0,0.0
2019-07-30,-0.0,-0.0,0.0,0.0,0.0,0.0
2019-07-31,-0.0,-0.0,-0.0,-0.0,0.0,0.0
2019-08-01,-23089.48281651032,51072.14182502115,8323.825171335327,3828.464447664772,-134.94862751111802,-3114.051524285962
2019-08-02,-5285.746793531758,-29891.488722848666,7236.022141416115,-2146.054585743301,-135.56635765101228,0.0
2019-08-05,-19753.757802496788,24197.185388015765,20827.21351434987,-5752.81299688574,-135.74702387952217,0.0
2019-08-06,-3663.0366233557306,-38037.959110716736,3374.687639950844,8151.152522754183,-136.308746744145,0.0
2019-08-07,-3170.3509283150574,-14789.496247058205,8511.306989756731,-674.1409333680767,-136.39084231777187,0.0
2019-08-08,4068.294618187072,-2526.655876871317,-16385.50937960816,-4973.15551099326,-136.4852312927322,0.0
2019-08-09,3422.3263373468826,-1410.2044248197578,10875.44317276427,-2479.3124880690375,-136.4228160131293,0.0
2019-08-12,-15699.957011980141,-47242.07854185351,16399.364201966706,5558.733429069414,-136.3284939485684,0.0
2019-08-13,9661.608306334821,-54587.408220038844,3699.9252991577564,-8377.926079584717,-136.75699396548117,0.0
2019-08-14,-16213.17519121176,-31852.162820045643,40915.44083915353,-4044.97313276694,-136.5753686229636,0.0
2019-08-15,-15020.700950547263,35288.36494762974,8643.628724686569,70.72814992456834,-137.02381863991556,0.0
2019-08-16,2894.1535656451015,26038.93007817117,-5402.379970750226,7375.197892707089,-137.39748380603916,0.0
2019-08-19,10568.22149849884,12928.226068916243,-18957.474450673293,-3452.707177761614,-137.26325434488894,0.0
2019-08-20,-8285.629318417718,-7265.195610206202,-5246.28036059962,-5.1094307911594585,-137.00970924078098,0.0
2019-08-21,8763.556535030131,-20752.81195318729,-7666.5991441698425,465.74111459327145,-137.2510621531183,0.0
2019-08-22,7082.094958107358,-6464.985667695276,-20254.75234900139,229.90293680001184,-137.03599152454942,0.0
2019-08-23,-18711.983798897272,5242.41961037407,13996.003115707887,-2085.486651452047,-136.87201231871933,0.0
2019-08-26,4921.586866266674,-8270.23592017023,-3773.411232776078,-2369.2559856137273,-137.37919732999717,0.0
2019-08-27,-7756.5142917626,-42876.884168464014,9036.801038029764,548.4354987499432,-137.2714032535065,0.0
2019-08-28,-5393.307217353654,2256.2744177322625,8681.325276983678,4183.126748277029,-137.50153168495808,0.0
2019-08-29,5965.314504268321,380.6630023389042,-5595.717085029866,89.47392587058755,-137.60965183859926,0.0
2019-08-30,-2034.6508509708092,15325.070760814358,14627.181459030948,2217.347258636647,-134.94862751111802,-25.750521055491845
2019-09-02,7.340425455089168,79.38188812842071,47.60076513568014,0.6437469911528737,-134.96682571034285,0.0
2019-09-03,-4886.47244899272,14022.713191224548,-8705.139857337348,-285.00870382677,-134.96682571034285,0.0
2019-09-04,-2257.939162033527,44177.013714082,-4381.994708920332,2627.71284066215,-135.11624939352268,0.0
2019-09-05,18227.974635990053,-19977.051562661854,-18736.309067992992,624.880320427131,-135.1405449331696,0.0
2019-09-06,-3654.5290400625486,-14338.711887969175,18051.28667159799,142.6919343146527,-134.63143234886073,0.0
2019-09-09,12367.06665918431,28319.375037561178,-9707.577913271658,-1047.2745070300546,-134.73056448148103,0.0
2019-09-10,14610.735135346846,-5128.819645775975,-11874.16340192732,1989.6990222204884,-134.35298294226658,0.0
2019-09-11,3691.8642729682088,15219.89625918621,-570.5426778434636,1476.8232658215838,-133.91019920476384,0.0
2019-09-12,5468.723834804035,-25858.12211463402,16341.377290021219,3751.608037258687,-133.7752724132297,0.0
2019-09-13,17075.87871623962,53111.03271558644,-24472.71779408814,-7022.74294689544,-133.57968752552614,0.0
2019-09-16,-8907.293521665519,-6907.466254447044,6238.641456548787,752.6221448632803,-133.06857491071258,0.0
2019-09-17,-4699.12396968522,-12691.918722254357,5434.793499407837,2550.4661284167173,-133.3540348516085,0.0
2019-09-18,1553.287010295373,-50553.89453749971,-8128.752480015127,-2463.992116680892,-133.49416690422782,0.0
2019-09-19,-3467.4161624789754,2650.924065031457,16223.36597593286,4788.864897183375,-133.506719362144,0.0
2019-09-20,-7973.9667077924805,-413.2879305271053,9261.174363693988,-139.7584204045198,-133.56760692666631,0.0
2019-09-23,-2502.7167680590424,-452.86663323984726,-5839.167729131555,-849.0632520308886,-133.8121559075507,0.0
2019-09-24,-12183.999935425269,3368.609256464502,14890.143858185416,-5200.533422861462,-133.9041523275427,0.0
2019-09-25,14109.573368533189,9408.245121677335,-16540.96520369224,2588.7686513319486,-134.2975995373379,0.0
2019-09-26,-3574.725623387093,-10645.885582758148,10318.680469341572,-5653.06213922459,-133.86116155083482,0.0
2019-09-27,-3654.7547705938305,10750.82683188616,6743.312977236959,6347.509397420683,-134.0023213789068,0.0
2019-09-30,-1331.8772852371765,-6466.994138054794,-2981.1232266276565,914.943277430733,-134.94862751111802,-8.38724223416466
2019-10-01,-6472.530522676317,39813.84129595297,10837.765278866576,-4059.2914147088263,-134.99215975309704,0.0
2019-10-02,-10193.872528969734,43354.60911122847,-4736.416615918357,1678.552997412613,-135.16539169564268,0.0
2019-10-03,-12846.536140323096,31062.964240827685,6640.931220020945,5170.504751226906,-135.43257608745503,0.0
2019-10-04,-1742.912437383305,-29727.04916546472,3515.2343898902204,-2092.0714647705063,-135.75068412691536,0.0
2019-10-07,7996.812625291261,-12474.487587074416,-17232.213060637725,2021.6123568340922,-135.83263516950086,0.0
2019-10-08,-3957.0152537443464,18950.17010035402,8814.338245884179,-3720.128602349816,-135.62018067911066,0.0
2019-10-09,8036.140324378987,-3535.8759309190123,-9348.776108180082,5236.418752563354,-135.73242366731162,0.0
2019-10-10,13331.490307540487,13805.209104618812,-5046.788127093306,-1666.3169626965544,-135.4824688707594,0.0
2019-10-11,15771.458833197927,-27871.815431931973,2350.990980092814,-147.8687520951498,-135.09638074927446,0.0
2019-10-14,7.194359943159681,79.28323890214752,47.526309706660484,0.6408659004252698,-134.6447744523929,0.0
2019-10-15,77.50564056370091,21514.08842309071,8012.433070805167,495.2350364935843,-134.6447744523929,0.0
2019-10-16,-2987.325079508024,18533.28617756736,-850.6658340730935,-4472.4254434844015,-134.61361311219568,0.0
2019-10-17,0.0,-0.0,-0.0,0.0,0.0,-3096.6882454646366
2019-10-18,-0.0,0.0,0.0,-0.0,0.0,0.0
2019-10-21,0.0,-0.0,0.0,-0.0,0.0,0.0
2019-10-22,-0.0,-0.0,0.0,-0.0,0.0,0.0
2019-10-23,-0.0,0.0,0.0,0.0,0.0,0.0
2019-10-24,0.0,0.0,-0.0,-0.0,0.0,0.0
2019-10-25,0.0,-0.0,-0.0,-0.0,0.0,0.0
2019-10-28,0.0,0.0,0.0,-0.0,0.0,0.0
2019-10-29,-0.0,-0.0,0.0,-0.0,0.0,0.0
2019-10-30,-0.0,-0.0,0.0,0.0,0.0,0.0
2019-10-31,-0.0,0.0,0.0,0.0,0.0,0.0
2019-11-01,0.0,0.0,-0.0,0.0,0.0,0.0
2019-11-04,0.0,0.0,-0.0,0.0,0.0,0.0
2019-11-05,0.0,0.0,0.0,-0.0,0.0,0.0
2019-11-06,-0.0,-0.0,-0.0,-0.0,0.0,0.0
2019-11-07,0.0,0.0,0.0,-0.0,0.0,0.0
2019-11-08,0.0,0.0,-0.0,0.0,0.0,0.0
2019-11-11,0.0,0.0,0.0,0.0,0.0,0.0
2019-11-12,-0.0,-0.0,0.0,0.0,0.0,0.0
2019-11-13,-0.0,-0.0,-0.0,-0.0,0.0,0.0
2019-11-14,-0.0,-0.0,0.0,-0.0,0.0,0.0
2019-11-15,0.0,-0.0,0.0,0.0,0.0,0.0
2019-11-18,-0.0,-0.0,-0.0,-0.0,0.0,0.0
2019-11-19,-0.0,-0.0,0.0,-0.0,0.0,0.0
2019-11-20,-0.0,-0.0,0.0,-0.0,0.0,0.0
2019-11-21,0.0,0.0,-0.0,0.0,0.0,0.0
2019-11-22,-0.0,-0.0,0.0,0.0,0.0,0.0
2019-11-25,-0.0,-0.0,0.0,-0.0,0.0,0.0
2019-11-26,-0.0,0.0,0.0,0.0,0.0,0.0
2019-11-27,0.0,-0.0,0.0,-0.0,0.0,0.0
2019-11-28,0.0,0.0,0.0,0.0,0.0,0.0
2019-11-29,-0.0,0.0,-0.0,0.0,0.0,0.0
2019-12-02,0.0,0.0,-0.0,-0.0,0.0,0.0
2019-12-03,-0.0,-0.0,0.0,0.0,0.0,0.0
2019-12-04,0.0,-0.0,-0.0,-0.0,0.0,0.0
2019-12-05,0.0,0.0,0.0,0.0,0.0,0.0
2019-12-06,0.0,0.0,-0.0,-0.0,0.0,0.0
2019-12-09,-0.0,-0.0,-0.0,0.0,0.0,0.0
2019-12-10,0.0,-0.0,0.0,0.0,0.0,0.0
2019-12-11,-0.0,0.0,-0.0,-0.0,0.0,0.0
2019-12-12,0.0,0.0,0.0,0.0,0.0,0.0
2019-12-13,-0.0,-0.0,-0.0,-0.0,0.0,0.0
2019-12-16,0.0,0.0,0.0,0.0,0.0,0.0
2019-12-17,-0.0,0.0,0.0,-0.0,0.0,0.0
2019-12-18,0.0,0.0,0.0,-0.0,0.0,0.0
2019-12-19,870.8572370463113,-8541.381236576288,-109.7124493196935,-2354.7121786612356,134.94862751111802,-3103.0681480702715
2019-12-20,-10.985550965704672,12480.070589789655,89.06601603238602,-2691.8707576080897,134.95468785821407,0.0
2019-12-23,-2224.797963187421,1836.30541291346,-3014.1800805217304,3267.7240032845707,134.94862751111802,0.0
2019-12-24,4392.266486382268,553.9280147867665,4016.1220380237746,890.1305329379476,134.89927769459322,0.0
2019-12-25,-7.395474207914863,-79.38972034753712,-47.61153152647017,-0.6446360625332145,135.04136214445532,0.0
2019-12-26,-790.0214408387136,12820.017291681412,9726.268183177921,-1888.835425951935,135.04136214445532,0.0
2019-12-27,5245.126024482581,-29369.20988190023,-4021.6899349831515,-1962.8959249392544,135.02924264996844,0.0
2019-12-30,-1331.5699908619456,-23670.399258395184,-1345.9927254485833,-3832.5263296415387,135.14634877896455,0.0
2019-12-31,-3363.4182366537075,-33544.01577524207,12971.658300452878,3780.524273743175,135.06561553614983,0.0
2020-01-01,-7.33106837292499,-79.39608618906117,-47.608086706606976,-0.6436999813155015,134.9789412499086,0.0
2020-01-02,5126.078343899792,42376.3503397971,-7076.74152417327,-560.6661007734771,134.9789412499086,0.0
2020-01-03,12380.136023494775,13957.822050071589,4511.806886271209,-854.2020411237422,135.15241392800954,0.0
2020-01-06,-2691.2920284562347,-4285.657055669745,1739.1837160496823,5053.820302734461,135.53119653469392,0.0
2020-01-07,-2655.941415307583,-21347.563691990694,3475.300317565827,281.34292001451956,135.4814612834754,0.0
2020-01-08,-7575.053060079982,1542.41587420876,2559.951211760971,3199.6581764072926,135.39422686298903,0.0
2020-01-09,752.7701036641972,-17561.603367232143,29789.89342814943,6934.262740112032,135.195859729258,0.0
2020-01-10,6654.91365415377,49076.21067986333,-41815.77320640568,-13992.211778710212,135.28284467403824,0.0
2020-01-13,-3545.7182339426754,-277.9223645686174,3672.6592330729873,-58.16479103808363,135.38208815321275,0.0
2020-01-14,3586.7407263391033,21605.070904932716,4223.211453322591,555.8594758431644,135.28284467403824,0.0
2020-01-15,5318.792041141388,12799.537877886663,-5491.47863851764,-2622.7916281506436,135.41355584258955,0.0
2020-01-16,-4495.173578174185,-4384.368249937608,3600.71546658088,5028.84393982892,135.5566820494285,0.0
2020-01-17,-2557.846305329368,-25762.482763075543,5334.021144218486,-7148.640703324734,134.94862751111802,-4.631616705151828
2020-01-20,-7.285932308849559,-79.32745968148271,-47.5626011696688,-0.6425539702218913,134.8185471302229,0.0
2020-01-21,9880.794433647578,6959.190464875939,-6295.246014114719,-770.4418062336782,134.8185471302229,0.0
2020-01-22,847.9978664072619,8489.023672568072,-1843.222635167532,2386.2717628131863,135.10931274568884,0.0
2020-01-23,4728.516331677218,14805.569778375384,-10313.330465888432,692.4738621001164,135.15282844909373,0.0
2020-01-24,6234.281855503196,13232.577321503024,2302.1609672143954,-1779.7392381592308,135.29570127004095,0.0
2020-01-27,13385.664177725022,30702.312000155314,-6877.051176105877,3100.33197250632,135.48259501664867,0.0
2020-01-28,0.0,0.0,-0.0,-0.0,0.0,-3098.4365313651206
2020-01-29,-0.0,-0.0,-0.0,0.0,0.0,0.0
2020-01-30,-0.0,-0.0,-0.0,-0.0,0.0,0.0
2020-01-31,-0.0,0.0,0.0,-0.0,0.0,0.0
2020-02-03,0.0,-0.0,-0.0,0.0,0.0,0.0
2020-02-04,0.0,0.0,-0.0,-0.0,0.0,0.0
2020-02-05,0.0,0.0,-0.0,-0.0,0.0,0.0
2020-02-06,-0.0,-0.0,0.0,0.0,0.0,0.0
2020-02-07,-0.0,-0.0,0.0,-0.0,0.0,0.0
2020-02-10,-0.0,0.0,0.0,-0.0,0.0,0.0
2020-02-11,0.0,-0.0,-0.0,0.0,0.0,0.0
2020-02-12,0.0,0.0,-0.0,-0.0,0.0,0.0
2020-02-13,-0.0,-0.0,-0.0,0.0,0.0,0.0
2020-02-14,-0.0,-0.0,0.0,-0.0,0.0,0.0
2020-02-17,0.0,0.0,0.0,0.0,0.0,0.0
2020-02-18,-0.0,-0.0,-0.0,-0.0,0.0,0.0
2020-02-19,0.0,-0.0,0.0,-0.0,0.0,0.0
2020-02-20,-0.0,-0.0,0.0,0.0,0.0,0.0
2020-02-21,-0.0,-0.0,0.0,0.0,0.0,0.0
2020-02-24,-0.0,0.0,0.0,-0.0,0.0,0.0
2020-02-25,-0.0,0.0,0.0,-0.0,0.0,0.0
2020-02-26,-0.0,0.0,0.0,0.0,0.0,0.0
2020-02-27,-0.0,0.0,0.0,-0.0,0.0,0.0
2020-02-28,-0.0,0.0,0.0,0.0,0.0,0.0
2020-03-02,-0.0,0.0,-0.0,-0.0,0.0,0.0
2020-03-03,-0.0,0.0,-0.0,-0.0,0.0,0.0
2020-03-04,1370.8392605017004,-48231.01046573765,4302.924058769337,2422.2985189555666,134.94862751111802,-3049.433055678077
2020-03-05,15864.703100205208,23954.494529111726,-23238.533947998665,3244.559546126789,134.97304323221766,0.0
2020-03-06,29287.761415073393,151234.1517033407,-99791.85381519253,-86.48844623514552,135.46487338507916,0.0
2020-03-09,31677.20279438201,113385.49801587293,-60707.274128243116,8114.048636826461,136.33152439907605,0.0
2020-03-10,0.0,0.0,-0.0,-0.0,0.0,-3049.433055678075
2020-03-11,0.0,0.0,0.0,0.0,0.0,0.0
2020-03-12,-10119.913880761771,-130888.34181248416,72440.3737041662,8432.933361568495,134.94862751111802,-3037.4483705474704
2020-03-13,-6926.7273672162055,-55897.575741781075,-8701.206415795494,1576.2122126258619,134.68328950746138,0.0
2020-03-16,32265.991968695584,59593.7540947773,-4683.3084733968535,-8621.939068858812,134.42521494391957,0.0
2020-03-17,-37989.94036606537,-143544.06621858603,23789.967709457225,-23550.732088036497,135.4344818479065,0.0
2020-03-18,-20496.452335097354,-53375.28606429489,-9308.517226552172,-5288.122338988684,134.0869750634612,0.0
2020-03-19,11250.018369323649,-81709.7241362405,36010.17225591677,-6734.350053100031,133.34932358777485,0.0
2020-03-20,25003.946018501723,115710.57041869845,-16756.559459430337,2792.9579681250125,133.67008461724768,0.0
2020-03-23,25207.389766170076,87310.47678705704,-33652.79365541978,-9968.296536836411,134.5865850032419,0.0
2020-03-24,-16859.010130901566,36436.56235325906,-13901.776443823035,14215.188373613832,135.34986264329876,0.0
2020-03-25,-4514.35566097893,-64327.50862693737,-22217.22280903086,10905.56304703453,134.93347410533286,0.0
2020-03-26,7255.3955600878035,-5362.075428872216,5053.665500878803,2683.9166558845945,134.78122316721098,0.0
2020-03-27,16680.034670947505,54020.380535138254,-5481.42254330562,-5535.549276076914,135.02679024208982,0.0
2020-03-30,1937.4864298046245,-24414.949494408018,15292.012084091843,7091.074593869662,135.54659195200165,0.0
2020-03-31,-583.1808483819841,-28671.312596839758,28716.88614521226,401.95907287329703,135.6482271361671,0.0
2020-04-01,6935.947749539531,68693.26366420202,-14462.553478852991,19195.297337030515,135.6482271361671,0.0
2020-04-02,-1114.2560834755236,7651.314321494118,-17499.702556148957,722.6676779525093,136.00692664003626,0.0
2020-04-03,1281.6000427097954,14667.986031595727,-6627.880245365989,641.0674517790039,135.9619750010512,0.0
2020-04-06,-7838.077590327226,5227.756386921142,-5179.433968896284,-2731.2422393319866,136.00692664003626,0.0
2020-04-07,-8262.283138155988,-35879.573294126494,-14414.173104209249,-12173.70370337659,135.75792840037923,0.0
2020-04-08,-2002.1464988418438,-44127.817876954505,17776.71069637566,-1882.0334919481395,135.39439155660835,0.0
2020-04-09,7121.186788221143,-15979.103725642837,11701.964162719685,-2990.7879535645416,135.31150464077336,0.0
2020-04-10,-7.354480301302433,-79.36056186930205,-47.58976773802876,-0.6438176024848234,134.94862751111802,-10.873176391509176
2020-04-13,-5188.843390841244,-12934.735137403952,5383.740258876262,2604.889641857772,134.94862751111802,0.0
2020-04-14,969.9897904673151,-29207.60738747046,9317.384353218904,-1209.5796856112815,134.80331928443522,0.0
2020-04-15,16352.842431359915,81830.7262930416,-4186.965951728875,5667.14928492816,134.81556376200348,0.0
2020-04-16,2828.3121036739362,43575.29324787198,-27510.231165448713,1075.0010849722673,135.41265004822148,0.0
2020-04-17,-4838.083771912577,-44619.297191011516,11831.892120800094,-2759.285764774337,135.5021688859578,0.0
2020-04-20,3022.7361583269017,27288.51810184852,-8323.790186993012,-2039.8174042948233,135.32326134329426,0.0
2020-04-21,5271.590017045993,46901.75063416887,-8961.990289117062,6912.706790648191,135.41265004822148,0.0
2020-04-22,-6803.192235184727,-24003.75582724943,4236.821468609786,-3947.9347876390484,135.6366916301947,0.0
2020-04-23,2541.079591675165,29309.14597440372,-13158.14668805882,1276.3086448655233,135.40039823209833,0.0
2020-04-24,1382.0927865181534,6478.676603401529,2988.3563354797334,-922.2975329661566,135.48991706983463,0.0
2020-04-27,-9959.079483042657,-43233.67431410898,2921.698273143629,-334.73438147106987,135.53472535827234,0.0
2020-04-28,7909.686357076602,8884.55843282778,-9275.5680024915,2506.5600830465864,135.20950380904847,0.0
2020-04-29,-1575.6090712533803,-29041.475223856116,20862.682109799345,-438.1593470960024,135.4573931865442,0.0
2020-04-30,-2074.460903992629,-27019.204563041498,16025.455327116524,2880.903529310528,135.41265004822148,0.0
2020-05-01,388.28516920809005,6041.010293298219,-4805.203699916589,-1759.459702032816,135.36793944310017,0.0
2020-05-04,-399.6527446932428,-18777.845958378548,4572.913240913929,4465.4728610535785,135.36793944310017,0.0
2020-05-05,-2147.935167710247,-23350.828163117872,8305.369758506546,-3035.3556354116754,135.37406718685648,0.0
2020-05-06,-6093.68173599849,-80768.30709837977,10385.211823906542,-3886.2113459446973,135.2847434647237,0.0
2020-05-07,13489.59471419459,41202.375425956125,-1899.893523753705,-2910.5207322271262,135.0298093620276,0.0
2020-05-08,-9232.583527591889,-36351.46782192323,15618.115135369953,-443.4103056498405,135.45556997428386,0.0
2020-05-11,-5264.357612077935,-21832.130754481386,-2455.1524669164482,-583.3077940353929,134.94862751111802,-3.263172109498555
2020-05-12,4699.501923721188,36222.50068269205,-2323.968673505268,1184.522989758456,134.76499905693356,0.0
2020-05-13,5332.229063992347,18010.861415526626,10061.433977243396,6461.781418472215,134.94250144857193,0.0
2020-05-14,2422.871294456182,32949.10140877021,-20854.04042361279,-4627.181962321088,135.17123244677194,0.0
2020-05-15,-1266.824667367252,-14764.021047706532,6501.953434621135,-637.4407488509142,135.21585063722048,0.0
2020-05-18,-13224.735310418435,-68513.06448314151,6358.9488990651425,5010.385714394599,135.17123244677194,0.0
2020-05-19,3586.992472314436,889.7415056830419,13637.201126770282,1691.793966290114,134.7588742181651,0.0
2020-05-20,2949.1816439886466,14688.258153093497,-8443.20665660439,661.7711315803924,134.89807747060496,0.0
2020-05-21,-888.387080665922,8383.85507764735,14.535749118781332,2355.0031701112625,134.99308378853834,0.0
2020-05-22,2577.3774741860334,21140.115774430673,-3561.221817934961,-280.9048389413503,134.98695772599226,0.0
2020-05-25,-7.42954360273138,-79.3873465099095,-47.613939285462116,-0.6451378918323848,135.07596728993533,0.0
2020-05-26,-4639.449499421493,-35645.427836481045,19650.29058201839,451.63754822187923,135.07596728993533,0.0
2020-05-27,171.94265986600914,692.2440110684664,17359.24237018791,1639.138078284207,134.93637660980343,0.0
2020-05-28,-1321.6260867215658,-36202.42839938226,-1481.1474388780016,-1132.6375698337758,134.97470927193635,0.0
2020-05-29,6956.67293438799,34322.74812356812,640.4541491640505,-2079.389975793555,134.89807747060496,0.0
2020-06-01,-2137.2399926249495,-43989.39972758846,6151.315288166633,9819.468087235886,135.12664669445184,0.0
2020-06-02,-3392.024262975308,4157.778240035525,13381.598372631057,-4306.03743460851,135.09434915023698,0.0
2020-06-03,-11028.081255386558,-46037.359914525296,-7817.818853005852,-5300.814660773343,134.98695772599226,0.0
2020-06-04,-5113.411133806439,-38800.48309903315,-722.1106872270392,-5292.175511072948,134.57576323535756,0.0
2020-06-05,-11027.946654636218,-31395.41589246582,-12468.369893404551,-4651.243175195908,134.3552505967314,0.0
2020-06-08,3290.1409146077867,21495.58709404682,4196.054248757208,545.4463226578279,133.941974393977,0.0
2020-06-09,7387.939846593776,23418.66243733251,-2375.680551481218,-8565.870359956132,134.94862751111802,-6.987869737917208
2020-06-10,11205.008317758327,25211.141115139046,17171.73171132557,6455.317166575706,135.1381893160244,0.0
2020-06-11,8836.62871876462,106427.81261847944,-15890.962551698638,11109.359840971112,135.5574113381657,0.0
2020-06-12,-4660.101759561795,-34877.73852583547,-651.8252261547111,-10517.810836622002,135.94861964637738,0.0
2020-06-15,-7.739275255147713,-79.57477143603728,-47.758998145679456,-0.6511013510246538,135.72414618788906,0.0
2020-06-16,-6948.366129906999,-50103.94318373078,35942.364416259916,629.0449832252517,135.72414618788906,0.0
2020-06-17,2088.437604011296,1701.292070112831,-16401.706682583073,2541.271355995509,135.53290097291017,0.0
2020-06-18,3455.658964540767,37911.53162055507,-14969.593544830077,3684.398488378462,135.58985308184887,0.0
2020-06-19,995.8867124806395,356.9753324447854,7756.66543538775,842.9147866544348,135.72414618788906,0.0
2020-06-22,-607.5381492534555,5612.154055524564,-12619.598075985115,-2614.1734491035663,135.76897564365225,0.0
2020-06-23,-789.575886781328,-29403.533685263406,11220.029281832962,-1254.555211460273,135.72414618788906,0.0
2020-06-24,3066.7736980660698,44390.20420154309,-10075.120933564056,2736.3012363311464,135.6854774974307,0.0
2020-06-25,2234.1325777255965,-6446.873297420402,-6815.099963138786,983.147628670419,135.8138376894343,0.0
2020-06-26,5454.478842899319,42497.66722564889,-7104.453031175584,-568.2100616030185,135.87098998393324,0.0
2020-06-29,632.2386057923699,-22866.602241247056,14281.334285180403,-2189.2643627499638,136.05089537798926,0.0
2020-06-30,-2356.9464973684962,-15247.18660553442,-1289.0621865821568,-1492.437400659067,136.05702603026083,0.0
2020-07-01,-3774.9134681679316,-9208.656031076187,-4194.428127087698,-3293.393889084642,135.9670079294054,0.0
2020-07-02,1929.4247428084543,-8131.6844996752025,7698.53302897286,-1539.7315168890136,135.82609532019077,0.0
2020-07-03,-7.7959959927932205,-79.63056924887567,-47.798217989850976,-0.6523374046849818,135.8771206362048,0.0
2020-07-06,-2354.504049813008,-10758.48833348658,-3164.6301097093688,6037.906880934487,135.8771206362048,0.0
2020-07-07,5842.034851066525,48626.29546968179,-11871.528831350368,-2338.1910426358927,135.83222597246234,0.0
2020-07-08,-1811.2443605616272,-9075.77623797484,-6030.48950796364,-3217.4385210110336,134.94862751111802,-8.060088092068327
2020-07-09,5954.444457388851,50903.91718483755,-8864.42953457634,1819.4535193130955,134.85973747611095,0.0
2020-07-10,-2791.43429209697,-9515.225050660629,-13815.353321758617,-4059.73347782364,135.0822052077594,0.0
2020-07-13,457.3036344205348,2370.7004143120043,2906.5969781220033,4130.45034563435,134.94862751111802,0.0
2020-07-14,3380.9891219160277,3780.1375781379647,-11464.057532686673,-5826.881177061559,134.99312102971723,0.0
2020-07-15,-2419.0720110058373,-7971.407847366206,21023.285015407902,-773.2260483413123,135.0499027170963,0.0
2020-07-16,1698.370718957031,17045.15241441565,-3636.040198654659,4767.8861669231965,134.99312102971723,0.0
2020-07-17,-1432.0387413043663,-28093.453272953382,-11058.322972389016,417.6234900176078,135.0822052077594,0.0
2020-07-20,530.185782687672,23834.12180675415,10885.957017882014,4630.08724209237,135.00537682747276,0.0
2020-07-21,2624.1105886299656,-8445.977257656945,-1966.857724868986,-2330.8031656010903,135.0822052077594,0.0
2020-07-22,1242.4153339619181,14603.637777866275,-6595.694850799861,635.2497624696647,135.13905172050295,0.0
2020-07-23,1630.1234931560527,45861.294704446766,-11076.815836135504,-6518.847748860655,135.18367488987818,0.0
2020-07-24,1178.6002604580137,-6868.935749780429,-14582.15340910335,137.27282368204732,135.21607474373056,0.0
2020-07-27,-4100.705551467324,-7167.546496340355,-9009.039663209502,51.13105705489376,135.2283305414861,0.0
2020-07-28,4932.1961546535385,11103.440397510538,8982.386909858255,-5107.696483521392,135.0883324944295,0.0
2020-07-29,970.6952049739773,-24786.329900509052,7465.793540895637,6240.761095594228,135.2283305414861,0.0
2020-07-30,4380.9420077528985,21266.98019315735,-5425.903314838814,-253.2590116780972,135.28527939994768,0.0
2020-07-31,998.7074106708178,-4116.473373071641,9620.113507775903,-6637.7732167860595,135.42567141097507,0.0
2020-08-03,-2178.514361699135,-18883.183297578154,6434.886103721191,4439.404755160533,135.42567141097507,0.0
2020-08-04,4984.728367026058,28169.684623366345,7260.266734279257,-362.9967078118531,135.38088555153973,0.0
2020-08-05,-4179.643305264063,-19764.081253288612,-9160.569509669649,2765.785660370101,135.56022483221466,0.0
2020-08-06,1252.7249974695296,10127.912919427685,-4721.120569077983,-6794.465975330344,134.94862751111802,-4.238310963236168
2020-08-07,-3849.6116253027617,-6388.38043747982,8412.453253241985,1690.5901820295678,134.94862751111802,0.0
2020-08-10,-2572.7175920929994,-8735.343533982323,3600.3047742060658,-2408.8431968895607,134.8472959207971,0.0
2020-08-11,-7195.925410723576,-36137.333216099796,13705.61733313342,-410.95201760855423,134.75222350356486,0.0
2020-08-12,-5579.771014310008,-36776.611599529526,-5534.100078201207,-2011.2454631032952,134.5181745869678,0.0
2020-08-13,-3683.775078898457,-31428.0427312084,8113.815209882249,7008.289743599606,134.29717891050183,0.0
2020-08-14,1030.1509513277997,-37249.21851183398,18828.78121168859,-2731.439200187594,134.20900529412756,0.0
2020-08-17,1610.236518542074,16999.3495133565,-3623.1709949977876,4714.244381929541,134.22125344214734,0.0
2020-08-18,2926.5470553231453,19081.06690424528,1258.0470350858834,-3544.554743998446,134.3094270585216,0.0
2020-08-19,-2140.6964831326663,-10700.790313769012,-3142.730342343774,5911.829132864797,134.39772893871523,0.0
2020-08-20,4596.507243269734,19182.58348319303,-592.5713164187943,-3518.5856180637456,134.35356195190482,0.0
2020-08-21,-41.375293754898124,41992.82424536301,-1502.8701155254182,-642.2757627865639,134.49228521254886,0.0
2020-08-24,-178.14388669385235,-13386.148112852436,-17556.058763583587,1044.874048720437,134.5181745869678,0.0
2020-08-25,-4632.558272913101,-23806.386297715446,2362.264484944214,-3854.7025688731305,134.48615930270662,0.0
2020-08-26,-181.4377521817605,-9860.106216989558,23905.607854802543,-4003.361069370138,134.30330237268615,0.0
2020-08-27,-6967.499487917728,-61134.70776460316,13404.376967570252,4924.993911753909,134.29717891050183,0.0
2020-08-28,1383.4342715853738,-31141.67070107478,14089.147677771114,-4452.504776876815,134.07698488405865,0.0
2020-08-31,1957.2408371203271,23084.97595812299,-8350.489816752111,2978.317850247069,134.08923303207843,0.0
2020-09-01,5243.804532616117,35813.59802856172,-11916.414005584875,377.8287259067975,134.17721466426622,0.0
2020-09-02,2361.8498774579484,41738.08794499374,-12959.88679291127,-1411.213777933724,134.3596878617471,0.0
2020-09-03,4153.904319214971,21199.014992595858,-5403.924828110931,-250.2793094561187,134.44192804647392,0.0
2020-09-04,-12138.898272907967,-76926.21559438684,6290.620307494191,2639.5449322895024,134.94862751111802,-2.764518559561111
2020-09-07,-7.148870731386829,-79.25180596887078,-47.50270328215067,-0.6399638778183518,134.5433438602266,0.0
2020-09-08,3422.8285890578545,21544.823977559714,4208.252898095979,550.1102458716582,134.5433438602266,0.0
2020-09-09,-1676.1853117729067,-17185.19196188011,3535.7367631066195,-4746.994293038241,134.67610588841953,0.0
2020-09-10,3058.036370879329,15444.411437080926,8949.363079456047,2289.6090329283456,134.5875657163057,0.0
2020-09-11,1213.1428958868526,2032.712801079903,-6719.087615138329,3313.9002162106694,134.72042425957252,0.0
2020-09-14,-1333.0299561718612,5929.218221960104,-2937.36109293734,-1772.902608779579,134.7709022977051,0.0
2020-09-15,-386.86179873841695,-6185.3720613197265,4695.520636573336,1741.992799225233,134.72042425957252,0.0
2020-09-16,-1705.6450918719604,-12726.472772269348,1669.9949784253588,2653.2623965675057,134.72042425957252,0.0
2020-09-17,1131.5384272764925,5689.884040786534,-14410.41962130928,-2544.430295232471,134.67610588841953,0.0
2020-09-18,-2080.7462559291594,-6283.987940830689,6548.795419308492,1712.2771952747012,134.682233328553,0.0
2020-09-21,2613.366246679209,12999.207248858245,6001.174795882505,-1820.7353465448375,134.6318197165249,0.0
2020-09-22,755.5795566035296,-415.38179931732583,-9670.165454203277,-803.5040699328094,134.72042425957252,0.0
2020-09-23,-871.4748269528254,8376.690814572547,14.518750579632552,2345.53871010095,134.726551699706,0.0
2020-09-24,1691.1607195614902,12567.879035308968,-1765.0743495143452,-2654.5457647267026,134.72042425957252,0.0
2020-09-25,1703.8064257407655,-12530.374758875987,-2038.4816878252423,2712.08709455325,134.76477485757164,0.0
2020-09-28,-2000.6989016167215,-1856.085927099526,16255.498297337608,-2515.509826809707,134.82141381491513,0.0
2020-09-29,2952.244387169204,-14879.863120849,-6844.535518612563,-1379.560016705154,134.76477485757164,0.0
2020-09-30,-5997.67977723288,-17026.829801934782,5306.933701499017,7634.326186171778,134.8275437046018,0.0
2020-10-01,924.7386931064838,12903.297223815543,7856.633636743444,-1850.3724381460147,134.682233328553,0.0
2020-10-02,-2159.6259135628748,-27722.802689182747,-1417.5879850626652,1218.2646911805473,134.72042425957252,0.0
2020-10-05,-10028.65485346113,-58157.90137935463,-176.78079783117337,-1771.611596864274,134.94862751111802,-1.8760926911782008
2020-10-06,1752.0688442860717,8906.114432045944,5925.61679362794,3199.0709614292223,134.58808437421632,0.0
2020-10-07,-6005.485011949455,-17818.03091226977,-523.9799846029864,-5634.801396786589,134.67649533996675,0.0
2020-10-08,4534.212782021231,2228.295203177468,-10413.417451554951,3357.6462147021466,134.4434571598591,0.0
2020-10-09,-2450.1750757839695,12701.837142145043,11559.807862852509,-1904.7936989096315,134.5942118143498,0.0
2020-10-12,-7.158639891703222,-79.23759731657145,-47.495421512309505,-0.6400170788956296,134.53167579947976,0.0
2020-10-13,5933.841191378433,42726.45987476668,701.3583597978003,271.74684922473267,134.53167579947976,0.0
2020-10-14,2468.7530663885177,-316.4292211715539,-11524.669003392772,-775.5823750210975,134.75278359011048,0.0
2020-10-15,-2201.3985418245406,-10716.461126147326,-3148.742795180242,5947.297636876656,134.80935278003878,0.0
2020-10-16,-925.3628892508985,-4976.198367462228,-5950.86136453337,-8241.012019034675,134.76503479779547,0.0
2020-10-19,-3778.7155537641056,-6382.353362375301,8401.978468299816,1683.8672395004473,134.67649533996675,0.0
2020-10-20,-2490.721709124474,-50807.48150179837,5051.671127237351,-1756.741975474623,134.57583316653134,0.0
2020-10-21,-2593.865416869425,-13150.317456163471,-6091.498879786818,1814.5963550999468,134.45570836754408,0.0
2020-10-22,-5324.8991253122485,-23464.995494107618,11968.985665623897,-3048.1839695202834,134.36761767128468,0.0
2020-10-23,1696.4716792690558,33942.52474583411,6186.705783730808,-2142.200429377703,134.1795680265815,0.0
2020-10-26,5290.13914045443,23291.547350419638,-12055.486011624213,3043.2820444427407,134.2551571788749,0.0
2020-10-27,2110.1434004015923,15000.498696359184,1184.4395710137242,1457.1045644179756,134.4434571598591,0.0
2020-10-28,368.08165966141667,6022.273554233026,-4786.139497026468,-1738.7473926674506,134.53167579947976,0.0
2020-10-29,-6876.487907096637,-43319.63542374039,-8557.701880300392,-1102.2320058225055,134.53167579947976,0.0
2020-10-30,-1698.4738669935941,-38564.49672270715,-4421.453793822251,-5210.794643752162,134.26740349195273,0.0
2020-11-02,424.6963371284253,27414.81045668061,3168.5596549638562,-1237.234318458865,134.14794924831574,0.0
2020-11-03,-3436.058022676982,-17300.462088368273,5396.143825800154,-4794.572342266046,134.94862751111802,-5.511260016108281
2020-11-04,13787.65122364411,65078.43768909699,-2542.9150233707032,13360.36794701331,134.8098270871701,0.0
2020-11-05,-88.87330975156512,3586.7974388510997,-7764.635331451377,-5915.200018573673,135.36064291150873,0.0
2020-11-06,-6579.760482219601,-27643.19627657548,11946.113646185415,1981.0689564295965,135.31609614287754,0.0
2020-11-09,-15556.373798297665,-88858.57059042835,-10431.34844847019,-5557.304257020372,135.1259762260092,0.0
2020-11-10,-3367.754783934824,-277.0223113117276,3657.7244462301824,-57.49388954064698,134.5453421791835,0.0
2020-11-11,-7.113057954116827,-79.21559194011257,-47.47736048721395,-0.6391768518969275,134.44518723334022,0.0
2020-11-12,12179.117413121941,66537.47294055649,-3559.8337758375433,4151.445243736397,134.44518723334022,0.0
2020-11-13,-1343.1823569997653,-6624.175618876557,-3075.4659794442928,913.0792632273672,134.89824459531073,0.0
2020-11-16,-2088.4988097914065,1803.5319055010623,8557.515346773345,-8389.292475759352,134.85401981731778,0.0
2020-11-17,4709.4470072875365,23668.23643977589,-2460.124718548177,3869.0649856265754,134.75341792343104,0.0
2020-11-18,-183.02779677224035,-13406.978963223963,-17591.034771017556,1051.098162370976,134.93637660980343,0.0
2020-11-19,2167.868671724769,40138.96663851241,1460.267117269984,-3912.31390316914,134.90437065785682,0.0
2020-11-20,4601.937768188155,22915.474641295103,-19872.91433345085,2240.98613860974,134.98066556576555,0.0
2020-11-23,-3085.632690521168,-23761.3016342597,511.8358891556112,-3861.982413983224,135.1259762260092,0.0
2020-11-24,-2486.5599337102267,-29427.580122184045,13038.798656415063,-1269.9660984817976,134.99291646708014,0.0
2020-11-25,-1163.8077234732466,-5853.154682286451,14330.446537668153,2551.6114974336956,134.90437065785682,0.0
2020-11-26,-7.335889710837764,-79.34212055057004,-47.57682288328516,-0.6434114506178258,134.89824459531073,0.0
2020-11-27,5133.078422092235,29792.150896438863,-7208.706048866545,2129.2126524151004,134.89824459531073,0.0
2020-11-30,97.12409938921343,-8208.524611622397,9528.607284005371,-1552.2883625692093,135.0815907970192,0.0
2020-12-01,-10228.747930667412,-50053.567108483694,-9753.108769882929,-223.52257995758748,135.0815907970192,0.0
2020-12-02,-2554.2082387983824,-38320.79716152543,5197.372214131093,-4457.3154413183365,134.94862751111802,-1.662321826450352
2020-12-03,3485.567669807507,21567.172698142236,4213.841819450324,552.2957424002697,134.82221885442905,0.0
2020-12-04,-5618.19858480206,-44970.240127971454,4024.9653261422436,-3571.481367707197,134.95475433852295,0.0
2020-12-07,4607.953088052688,14781.569437908645,-10292.32579950712,688.4616189015737,134.73402174141194,0.0
2020-12-08,2164.009114342252,15027.855241427444,1187.069562918318,1465.6022937500954,134.87862267445263,0.0
2020-12-09,-3921.1790925824585,-2728.202085869332,710.375255068159,-4188.4683959733275,134.96701166645474,0.0
2020-12-10,4637.560543895726,14785.752393595909,-10296.312965936326,689.3808931508149,134.82221885442905,0.0
2020-12-11,3831.1300944440177,-6330.3731380384415,-8646.299715829975,999.3367092938129,134.96701166645474,0.0
2020-12-14,-787.5907701925369,12825.906252158356,9730.139106193685,-1888.5386345330767,135.0739240308807,0.0
2020-12-15,-932.896627084177,-30115.548438052254,-6233.620031472973,-2883.602837539404,135.06165935254776,0.0
2020-12-16,-1166.6247318589003,6707.970130383046,14476.637218919732,-137.97814663253257,134.98540684596188,0.0
2020-12-17,-2191.094932698539,-15192.253585686183,-1282.8316743970659,-1468.7929493857519,134.97314216762896,0.0
2020-12-18,-1716.6631860925506,-12737.695790564883,1671.626243134951,2658.14056279052,134.88475317562683,0.0
2020-12-21,754.4391722516325,12141.834154311753,-9541.123948045117,-3489.989985201799,134.84060668353507,0.0
2020-12-22,3019.7188973609996,19123.12405389865,1261.4380783614945,-3569.9882038682067,134.84060668353507,0.0
2020-12-23,-3796.0026285564236,-35977.67804644046,10008.725644580496,-354.52943451094507,134.92893166120902,0.0
2020-12-24,2908.0726393784307,27244.42337316222,-8305.006526383377,-2023.4265038654303,134.7964921575973,0.0
2020-12-25,-7.288969093729275,-79.36679753451865,-47.58612269691885,-0.642863850460092,134.88475317562683,0.0
2020-12-28,-874.0722154726222,-4175.982382863205,-122.10666301660014,5037.2765081768,134.88475317562683,0.0
2020-12-29,863.0999371576214,-8542.05236582028,-109.7040461187135,-2351.2239057413844,134.88475317562683,0.0
2020-12-30,834.759303973619,8483.114583591392,-1841.462410309685,2378.405055398894,134.89088490200862,0.0
2020-12-31,478.075277030194,10464.267802769617,4911.642460700342,-5988.934168011259,134.94862751111802,-1.8337925112118683
2021-01-01,-7.359213004949496,-79.35338065488122,-47.58606457236026,-0.6438413795154058,134.94249961170632,0.0
2021-01-04,385.67550730673884,-19083.28262823353,-5068.550241247999,3633.7123645670454,134.94249961170632,0.0
2021-01-05,-4696.750595836152,-14950.774191579241,10207.117914148152,-692.0498821796966,134.9547566353341,0.0
2021-01-06,-10704.078790986325,-70343.58829753757,9313.188921159215,1721.8598310921707,134.8099918910585,0.0
2021-01-07,-4712.256435821127,-28230.417376155445,-7323.111660790558,356.9869897814827,134.45191533010927,0.0
2021-01-08,-4358.783703573893,-18465.069151318676,-19729.788815968514,-7196.553968862634,134.27670296154025,0.0
2021-01-11,-1699.631724259662,-9048.583032421466,-6006.316035110991,-3175.0537400719977,134.05839896360672,0.0
2021-01-12,-6.855382688720166,-79.10061356207365,-47.380811585344425,-0.6344901807464695,133.97129801688465,0.0
2021-01-13,5226.591227266728,44660.68241819597,-4101.742470127591,3518.5998880442085,133.97129801688465,0.0
2021-01-14,-5602.221532456798,-33998.364238254384,18552.71509255811,-8656.335471138176,134.18928666251108,0.0
2021-01-15,5266.7762750556685,2658.5396859741586,-2649.2824580582255,4155.469859233835,133.95904833907048,0.0
2021-01-18,-6.942515865619175,-79.1521554041289,-47.42092142351021,-0.636159871563276,134.15175256482152,0.0
2021-01-19,889.9257678517929,12880.414835456708,7837.921605088747,-1835.742381477174,134.15175256482152,0.0
2021-01-20,361.8433395706882,-6509.878910419923,-4915.3575012870115,931.7010379591873,134.18928666251108,0.0
2021-01-21,-1982.4856685058824,-23254.465479236722,8260.389748445465,-2983.642957103553,134.19541333747983,0.0
2021-01-22,2052.9918651330167,14986.467764371713,1182.8132876268046,1449.298685869581,134.1081233408236,0.0
2021-01-25,4945.445875047761,38600.26891135389,626.1167638776257,5258.995394041263,134.19541333747983,0.0
2021-01-26,742.2460623425527,-12950.87712158478,-9793.477646605215,1870.1920164773512,134.41419137405535,0.0
2021-01-27,906.4398407871303,12893.620024848276,7848.204911447246,-1842.9618323454922,134.42644839768312,0.0
2021-01-28,-2569.0239883301374,-17609.419142637118,-4227.612111805134,-5559.168852873747,134.4641699044897,0.0
2021-01-29,-5257.081479015994,-46948.75955138147,-2728.4503270911114,4799.3427299774075,134.94862751111802,-3.7909011211959296
2021-02-01,3498.6622612899764,17101.529927337127,6080.134118354483,-6856.116381925256,134.7786610073295,0.0
2021-02-02,-3997.04733107903,-19714.638157963385,-9130.907877602023,2738.507521464708,134.86664515964645,0.0
2021-02-03,-3755.273448560234,-35947.63245962141,9998.667232279593,-353.62741528102345,134.73471660957762,0.0
2021-02-04,-382.70778623573386,-6183.919775080884,4693.578717248772,1738.4457702630123,134.60307380483167,0.0
2021-02-05,-3038.192719499484,-45156.62222721837,-7453.165118150606,-4325.31217171715,134.60307380483167,0.0
2021-02-08,-853.9249191209166,20911.290105110344,150.86766856999213,-335.1776081710436,134.44025522005973,0.0
2021-02-09,810.456098575774,8468.12140202594,-1837.3465531298223,2363.0013496655756,134.42799329601098,0.0
2021-02-10,3397.131646772505,21542.925589316575,4207.357078378231,549.3689042905452,134.47171601514734,0.0
2021-02-11,-1210.9013045101174,-14736.08110335348,6484.820092832987,-631.4885491723387,134.60307380483167,0.0
2021-02-12,-6331.81187210441,-44545.19627921994,2078.2783199966493,8848.389008014652,134.5592562426007,0.0
2021-02-15,-7.04913628793744,-79.2225781857176,-47.474335375898086,-0.6382522878188732,134.38430213737198,0.0
2021-02-16,-11074.528976569558,-40289.184561051276,-20292.38869735697,-7811.510176469379,134.38430213737198,0.0
2021-02-17,1863.305998951259,1692.3615929256957,-16285.461450268738,2481.2517575527795,133.93686345069293,0.0
2021-02-18,-269.16550539705287,-14273.129089170685,14211.954187091018,196.34790997378659,133.9924975029279,0.0
2021-02-19,-5685.615793216405,-42822.844436346844,-794.6236852948184,-270.6503860002154,133.9924975029279,0.0
2021-02-22,-3940.4261743171937,-33829.79313089663,5158.549189298346,2889.706478350374,133.77592475460952,0.0
2021-02-23,180.9125125446282,-16263.655164108279,18985.544243918343,-3036.4479475902153,133.64635523551317,0.0
2021-02-24,-3155.926660980007,-8336.605506274927,1649.9521566568253,9862.54132610396,133.64635523551317,0.0
2021-02-25,-20004.484965170526,-23660.460915676445,-71361.83794367558,7411.2784098864195,133.59709846750349,0.0
2021-02-26,12780.638360826655,90132.78004525957,-31892.897979130892,-3507.11712906683,132.88063433685033,0.0
2021-03-01,-439.63236781320256,-53701.37885951551,39892.192998946324,-5886.13039912877,134.94862751111802,-10.721872574747977
2021-03-02,4098.364843373984,11433.469111995277,18607.066439354163,-4289.088199083526,134.9110252236033,0.0
2021-03-03,-7236.73403830681,-18244.904451566825,-19886.273306098406,5183.1406890362505,135.0423111867562,0.0
2021-03-04,-7076.657299624236,-39709.242390857136,-16267.580629707054,-6974.4766639236095,134.8175303833506,0.0
2021-03-05,-1108.070841969454,11256.094203171759,-25049.23582525555,-5131.784028486557,134.51273504216135,0.0
2021-03-08,-6881.014779595721,7669.447380713934,-13738.358318347882,12998.097850346949,134.42593203249058,0.0
2021-03-09,5010.804304155309,34150.79379960115,2488.888467362639,-2088.7667988651738,134.27758392963503,0.0
2021-03-10,3434.273675245601,4543.097959472579,5933.81504774436,-4153.5204552365785,134.4509406702857,0.0
2021-03-11,-625.861582835209,-49936.38315454774,20575.55381939994,-97.16053678722318,134.54393062526688,0.0
2021-03-12,-11933.250191803132,-77589.34561018154,-11097.643569880802,993.3078493352791,134.51273504216135,0.0
2021-03-15,2407.738260367645,21080.133488769345,-3547.2300975984544,-277.02701780884695,134.0799645378773,0.0
2021-03-16,-276.5150052771433,-1753.2822255927895,14358.290089087739,-2462.6591283701187,134.1662701522934,0.0
2021-03-17,218.62939769007775,-45792.73535732835,20616.148696157954,-5082.603031748004,134.1601431714225,0.0
2021-03-18,-8445.84325915916,-6565.838208642615,-23634.214381371974,-10715.450825331955,134.1292300595521,0.0
2021-03-19,-3080.4995013566077,626.7267281472568,-28051.33091447614,779.9798117043748,133.766615869751,0.0
2021-03-22,6240.478562357656,42271.9733877458,-8877.741813541958,-521.7853595751719,133.6380368620254,0.0
2021-03-23,5795.291079906193,30895.61134775986,17888.73497441882,4529.216237166226,133.85861478230117,0.0
2021-03-24,1885.7765203284378,14217.277309313302,-16162.248531813832,-169.80322332119252,134.11697487334484,0.0
2021-03-25,-1075.5864942043356,-22819.65564552609,16009.821687954587,-2157.643098074554,134.1662701522934,0.0
2021-03-26,-4224.1375253054575,-22109.803386518313,-12044.123838726016,-1371.5402935430773,134.12310185421575,0.0
2021-03-29,-6559.481392772035,-43248.03164955623,-8537.151067063456,-1092.082762072249,133.95073821657857,0.0
2021-03-30,652.8190436368399,45384.89354150424,-18841.04635545106,-7331.614857201136,134.94862751111802,-7.992004363259184
2021-03-31,-2610.0197321888295,-16829.943121801112,1596.9795268796163,7708.046952336827,134.93637477348588,0.0
2021-04-01,5593.227598620546,57347.39076140894,-3981.803313824796,878.4888015203211,134.8929103855964,0.0
2021-04-02,-6074.890124443665,13460.811972542624,-28165.711295815025,10576.350866973096,135.10441981458678,0.0
2021-04-05,1396.761981017754,-27570.504069200495,6443.342562197304,-10397.146227020934,134.9615004084512,0.0
2021-04-06,7660.924417500066,20523.902389376595,22730.790591965866,-1046.802705913644,134.930250240543,0.0
2021-04-07,-1162.2738948081483,-22892.08619489677,16080.910062643386,-2192.191770486015,135.19781671895436,0.0
2021-04-08,4844.69558335317,11135.540111167187,-2601.339139404064,6592.386556292853,135.15416487909818,0.0
2021-04-09,-4039.278912938504,-2730.895125360592,711.4330314035939,-4213.74577251327,135.34121309174222,0.0
2021-04-12,-2747.00896390884,11952.411177601807,-5837.501388710601,-3568.9803597396826,135.19781671895436,0.0
2021-04-13,5909.135462824946,3440.16694799913,14754.835163647713,5872.156770994136,135.0982965051159,0.0
2021-04-14,-1014.4797167336341,3954.2693014423485,-9707.947292670073,6632.828747607254,135.32896035411008,0.0
2021-04-15,10411.383636999693,62499.12536840065,9804.232134718386,-2484.3485902943316,135.32896035411008,0.0
2021-04-16,-4244.71134482246,-19761.879079197643,-9162.1166218151,2773.228196738112,135.68006092273507,0.0
2021-04-19,-2698.774453920945,-21335.66283480631,3474.3898349902056,282.0184796513174,135.54816173038648,0.0
2021-04-20,4677.91548452961,4994.179904603527,13753.908892241987,-3375.9098300882915,135.46038672205322,0.0
2021-04-21,882.9503502664318,8498.74650111997,-1846.615769346551,2405.6771539401043,135.5982223004823,0.0
2021-04-22,393.53023177592434,18629.959975661157,-4672.941016834715,-4487.439943111937,135.64218868898763,0.0
2021-04-23,-1930.0453560942199,-4620.540234106943,-7921.910873333255,4255.38421340313,135.6360629322264,0.0
2021-04-26,-1444.80233716405,22999.77405557678,-4684.117012825173,2988.559441487517,135.59209654372106,0.0
2021-04-27,-5600.68126996245,-43363.19727896343,-10457.464219338031,-1091.0266130118514,135.5798487013073,0.0
2021-04-28,970.7811674236347,-4108.732629491573,9597.57682896407,-6594.573994407251,134.94862751111802,-3.7018729632547127
2021-04-29,-1318.5384701681867,-23648.776670236035,-1344.5551396999113,-3823.0783474070254,134.94862751111802,0.0
2021-04-30,375.54854970914727,6030.480681506203,-4794.1872749794475,-1746.7096297938892,134.86767355798852,0.0
2021-05-03,1887.0191208247925,791.2399420935535,15501.2311251361,1665.3616466066924,134.86767355798852,0.0
2021-05-04,3054.648250434009,19126.05882369297,1261.877338466301,-3577.5391669320015,134.95475433852295,0.0
2021-05-05,2686.0809251679243,13018.165131968253,6012.603738201785,-1831.582121956447,135.04196024891266,0.0
2021-05-06,357.9379373954787,10503.190287294832,-6669.666124863863,5693.732837987556,135.12929150179298,0.0
2021-05-07,259.70169328558427,-50416.628018892596,22580.545841322964,-12612.118418405415,135.1730041982248,0.0
2021-05-10,-5227.477202703141,-12943.673945160273,5388.088710388772,2609.7441710951707,135.09786752216945,0.0
2021-05-11,-1627.482278951037,-20864.248283205212,11243.269302252327,1113.5065055653802,134.95475433852295,0.0
2021-05-12,-7652.732961685999,-28780.346143624392,-24833.50633986764,11157.033960684168,134.9111983202962,0.0
2021-05-13,3176.696041677532,7332.269939828995,18514.88683013528,750.3219307124881,134.69388653797935,0.0
2021-05-14,3867.7135007999295,27676.28236775962,-531.8276328940154,-1192.6071530814968,134.82418002507964,0.0
2021-05-17,-1834.473009102999,-4611.446399888544,-7899.5005994188505,4210.465254071863,134.95475433852295,0.0
2021-05-18,95.84536311725742,-8204.622726501699,9521.971219600706,-1548.1050545365642,134.9111983202962,0.0
2021-05-19,-4191.924795675022,-7931.449900918716,-26403.619918472887,-1587.6288121925209,134.9111983202962,0.0
2021-05-20,6102.721751057018,22095.367808743355,10127.857694896837,1411.4501847676504,134.73728654152842,0.0
2021-05-21,-888.0599210647702,20944.76405962794,151.20537039186544,-337.8757621874501,134.96088239020472,0.0
2021-05-24,3449.3968377459696,118.67955618711925,-3759.5757388725797,56.550717428156176,134.94862751111802,0.0
2021-05-25,5739.002675725077,36698.68044548074,5453.74285506479,2024.300019504862,135.04808830059443,0.0
2021-05-26,-1451.4273095221401,-15541.139939040699,-10931.540620034486,-2284.867636407106,135.2666519160849,0.0
2021-05-27,-2661.4083022376462,-17636.816971710206,-4236.619203978171,-5600.10414958513,134.94862751111802,-2.3169787332662963
2021-05-28,3488.2933998739345,21565.34697171169,4213.54755602318,552.3314061999718,134.81791575810178,0.0
2021-05-31,-7.354480301302433,-79.36056186930205,-47.58976773802876,-0.6438176024848234,134.94862751111802,0.0
2021-06-01,-5164.433681700622,-17399.482147396528,7252.136811367383,-4823.169609781408,134.94862751111802,0.0
2021-06-02,3771.4258464522795,-1862.5295675750567,-10503.005119527035,8405.975503386426,134.76215498389973,0.0
2021-06-03,-5738.996822088494,5298.922723939869,-7003.642721327507,-2667.1387592754886,134.91115383166945,0.0
2021-06-04,9138.297698324574,28728.88470849898,11296.89888875222,528.7438444061588,134.71867817698578,0.0
2021-06-07,-2138.1653327606746,6270.708864210899,6695.673331224756,-973.4183054765203,135.03592531501985,0.0
2021-06-08,5172.45113097884,17240.053826514177,-7347.58005417984,4825.412575937643,134.9800079941717,0.0
2021-06-09,3177.4663818963945,40608.46778878002,9246.177428499674,-3090.955061167817,135.1671075064573,0.0
2021-06-10,4971.047992655361,7475.892113163608,5110.027239594519,12516.48955699214,135.28632018393412,0.0
2021-06-11,-3312.0558262798554,13984.744710082357,-10680.937240330026,-259.9457071710639,135.51831329723015,0.0
2021-06-14,-5556.3298364022,-26300.595441175115,-12186.259395166708,3683.400059664256,135.4180695456798,0.0
2021-06-15,98.44135394052884,-8211.595073746943,9534.360865989018,-1556.449613047624,135.24246686501493,0.0
2021-06-16,-9855.338837269182,37633.911706917585,-41624.39091512158,3484.2312024200055,135.24246686501493,0.0
2021-06-17,4552.595634012493,82038.64982199184,-23054.20418013128,6335.944569122112,134.94939756106675,0.0
2021-06-18,6579.788097890352,95510.79515709197,-7375.478790750362,5329.838512649045,135.15579902021182,0.0
2021-06-21,-7406.740224376624,-65025.67044133591,32775.46221967486,-825.1521165027453,135.44487024842863,0.0
2021-06-22,3671.7301211838053,-8006.564731761641,5814.118256497187,-1500.579095040987,135.21901756022837,0.0
2021-06-23,-3300.69407783361,1401.5040581794617,-10802.453782924988,2450.6561797505788,135.31904471938546,0.0
2021-06-24,870.4426233131649,8481.999221552353,-1842.5706651678627,2395.653583671255,135.22512987276474,0.0
2021-06-25,-6400.103450330824,-32071.502638685943,13794.064165198368,-5457.40670369277,134.94862751111802,-6.230338417786697
2021-06-28,6677.374681843003,25443.033472772466,-18753.061672987616,6378.429152743535,134.7182769206213,0.0
2021-06-29,-296.38375594055975,10801.59918794433,14545.536292661323,-5183.21109336016,134.95475020766781,0.0
2021-06-30,5153.035161140393,17239.20256967583,-7346.74521985112,4822.059866297301,134.94250603698984,0.0
2021-07-01,-2797.873408242567,-9517.349879836709,-13818.939875577526,-4062.119429030856,135.1298029207968,0.0
2021-07-02,4489.786065248335,9453.62952304187,11859.28334681936,4081.417179012179,134.9984661706614,0.0
2021-07-05,-7.460372127999848,-79.43061672981167,-47.642883462179405,-0.6458964798176591,135.17976879980853,0.0
2021-07-06,8517.302156828551,24679.6321293117,11247.476234010366,5593.84496986632,135.17976879980853,0.0
2021-07-07,5323.281863638798,42444.24656748761,-7092.569097577549,-565.1420241074802,135.4997993850913,0.0
2021-07-08,6450.262843569246,-3821.646676503145,4043.2873491713635,-6576.885374883438,135.6763711547321,0.0
2021-07-09,-10919.072248388391,-30355.1206533681,12736.906495260524,-2245.0365179807463,135.82752088997887,0.0
2021-07-12,-1901.3854850587381,-4620.06732071417,-7918.985277009534,4243.615132556731,135.49367301932025,0.0
2021-07-13,-6744.979636819988,-6935.366656464247,2497.5346081987805,833.8005695106596,135.44960953136177,0.0
2021-07-14,8422.844982329621,19440.487148566324,-4311.995134143358,-3508.037234674197,135.25530082879357,0.0
2021-07-15,6289.183612094695,47350.141368735596,-1168.611052567549,7761.768061957637,135.49367301932025,0.0
2021-07-16,-1751.195016029191,8743.515422228185,9683.065336544185,3196.3431752267747,135.75872174360822,0.0
2021-07-19,17058.74268219556,58886.02795019952,2298.5282098602815,2722.282976605868,135.74647268192814,0.0
2021-07-20,0.0,0.0,-0.0,0.0,0.0,-3048.1617483814607
2021-07-21,0.0,0.0,0.0,0.0,0.0,0.0
2021-07-22,-0.0,-0.0,0.0,0.0,0.0,0.0
2021-07-23,0.0,0.0,-0.0,0.0,0.0,0.0
2021-07-26,0.0,0.0,-0.0,-0.0,0.0,0.0
2021-07-27,-0.0,-0.0,0.0,-0.0,0.0,0.0
2021-07-28,0.0,0.0,0.0,-0.0,0.0,0.0
2021-07-29,0.0,0.0,0.0,0.0,0.0,0.0
2021-07-30,-0.0,-0.0,-0.0,-0.0,0.0,0.0
2021-08-02,-0.0,-0.0,-0.0,-0.0,0.0,0.0
2021-08-03,-0.0,-0.0,-0.0,0.0,0.0,0.0
2021-08-04,0.0,-0.0,0.0,-0.0,0.0,0.0
2021-08-05,0.0,-0.0,0.0,-0.0,0.0,0.0
2021-08-06,0.0,0.0,0.0,0.0,0.0,0.0
2021-08-09,0.0,0.0,-0.0,0.0,0.0,0.0
2021-08-10,0.0,0.0,0.0,-0.0,0.0,0.0
2021-08-11,-0.0,0.0,-0.0,-0.0,0.0,0.0
2021-08-12,0.0,0.0,-0.0,-0.0,0.0,0.0
2021-08-13,-0.0,-0.0,0.0,0.0,0.0,0.0
2021-08-16,-0.0,0.0,-0.0,0.0,0.0,0.0
2021-08-17,0.0,-0.0,-0.0,-0.0,0.0,0.0
2021-08-18,0.0,-0.0,0.0,-0.0,0.0,0.0
2021-08-19,-0.0,-0.0,0.0,-0.0,0.0,0.0
2021-08-20,0.0,-0.0,0.0,0.0,0.0,0.0
2021-08-23,-0.0,0.0,-0.0,0.0,0.0,0.0
2021-08-24,0.0,0.0,-0.0,0.0,0.0,0.0
2021-08-25,0.0,0.0,0.0,0.0,0.0,0.0
2021-08-26,-0.0,-0.0,-0.0,0.0,0.0,0.0
2021-08-27,-0.0,0.0,-0.0,0.0,0.0,0.0
2021-08-30,-0.0,0.0,-0.0,-0.0,0.0,0.0
2021-08-31,0.0,0.0,-0.0,0.0,0.0,0.0
2021-09-01,0.0,0.0,0.0,0.0,0.0,0.0
2021-09-02,-0.0,-0.0,0.0,-0.0,0.0,0.0
2021-09-03,0.0,0.0,-0.0,0.0,0.0,0.0
2021-09-06,0.0,0.0,0.0,0.0,0.0,0.0
2021-09-07,0.0,0.0,0.0,-0.0,0.0,0.0
2021-09-08,-0.0,-0.0,0.0,-0.0,0.0,0.0
2021-09-09,-0.0,-0.0,-0.0,-0.0,0.0,0.0
2021-09-10,0.0,0.0,0.0,0.0,0.0,0.0
2021-09-13,-0.0,-0.0,0.0,-0.0,0.0,0.0
2021-09-14,-0.0,-0.0,0.0,-0.0,0.0,0.0
2021-09-15,0.0,0.0,0.0,0.0,0.0,0.0
2021-09-16,0.0,-0.0,0.0,0.0,0.0,0.0
2021-09-17,0.0,0.0,0.0,-0.0,0.0,0.0
2021-09-20,-0.0,-0.0,-0.0,0.0,0.0,0.0
2021-09-21,0.0,0.0,0.0,0.0,0.0,0.0
2021-09-22,0.0,-0.0,0.0,-0.0,0.0,0.0
2021-09-23,0.0,0.0,0.0,-0.0,0.0,0.0
2021-09-24,0.0,0.0,-0.0,0.0,0.0,0.0
2021-09-27,0.0,-0.0,-0.0,0.0,0.0,0.0
2021-09-28,0.0,0.0,-0.0,-0.0,0.0,0.0
2021-09-29,0.0,0.0,-0.0,0.0,0.0,0.0
2021-09-30,-0.0,0.0,-0.0,-0.0,0.0,0.0
2021-10-01,-0.0,-0.0,-0.0,0.0,0.0,0.0
2021-10-04,0.0,0.0,0.0,-0.0,0.0,0.0
2021-10-05,0.0,0.0,0.0,0.0,0.0,0.0
2021-10-06,0.0,-0.0,0.0,-0.0,0.0,0.0
2021-10-07,0.0,0.0,-0.0,0.0,0.0,0.0
2021-10-08,0.0,0.0,0.0,-0.0,0.0,0.0
2021-10-11,0.0,0.0,0.0,0.0,0.0,0.0
2021-10-12,-0.0,-0.0,0.0,-0.0,0.0,0.0
2021-10-13,-0.0,-0.0,0.0,-0.0,0.0,0.0
2021-10-14,-0.0,-0.0,-0.0,0.0,0.0,0.0
2021-10-15,0.0,-0.0,0.0,0.0,0.0,0.0
2021-10-18,0.0,-0.0,0.0,-0.0,0.0,0.0
2021-10-19,0.0,0.0,-0.0,0.0,0.0,0.0
2021-10-20,0.0,0.0,-0.0,-0.0,0.0,0.0
2021-10-21,0.0,-0.0,0.0,-0.0,0.0,0.0
2021-10-22,-0.0,-0.0,-0.0,0.0,0.0,0.0
2021-10-25,-0.0,0.0,-0.0,-0.0,0.0,0.0
2021-10-26,-0.0,-0.0,0.0,-0.0,0.0,0.0
2021-10-27,-0.0,-0.0,-0.0,-0.0,0.0,0.0
2021-10-28,0.0,0.0,0.0,0.0,0.0,0.0
2021-10-29,-0.0,-0.0,0.0,-0.0,0.0,0.0
2021-11-01,0.0,0.0,-0.0,-0.0,0.0,0.0
2021-11-02,-0.0,0.0,-0.0,0.0,0.0,0.0
2021-11-03,0.0,0.0,0.0,-0.0,0.0,0.0
2021-11-04,-0.0,0.0,-0.0,0.0,0.0,0.0
2021-11-05,-0.0,-0.0,-0.0,0.0,0.0,0.0
2021-11-08,0.0,-0.0,0.0,-0.0,0.0,0.0
2021-11-09,-0.0,-0.0,0.0,0.0,0.0,0.0
2021-11-10,0.0,-0.0,0.0,-0.0,0.0,0.0
2021-11-11,0.0,0.0,0.0,0.0,0.0,0.0
2021-11-12,0.0,0.0,-0.0,0.0,0.0,0.0
2021-11-15,0.0,0.0,-0.0,0.0,0.0,0.0
2021-11-16,0.0,-0.0,-0.0,-0.0,0.0,0.0
2021-11-17,-0.0,-0.0,-0.0,-0.0,0.0,0.0
2021-11-18,-0.0,-0.0,0.0,0.0,0.0,0.0
2021-11-19,-0.0,-0.0,0.0,-0.0,0.0,0.0
2021-11-22,0.0,-0.0,-0.0,-0.0,0.0,0.0
2021-11-23,0.0,0.0,0.0,0.0,0.0,0.0
2021-11-24,-0.0,-0.0,0.0,-0.0,0.0,0.0
2021-11-25,0.0,0.0,0.0,0.0,0.0,0.0
2021-11-26,-0.0,0.0,-0.0,0.0,0.0,0.0
2021-11-29,0.0,0.0,-0.0,0.0,0.0,0.0
2021-11-30,-0.0,-0.0,-0.0,-0.0,0.0,0.0
2021-12-01,0.0,-0.0,-0.0,0.0,0.0,0.0
2021-12-02,5744.920965639842,-60801.01690864215,2492.391494020155,-7301.3469235066805,-134.94862751111802,-3055.908566083679
2021-12-03,-11969.256545888886,-29265.966637444537,-17217.58386900283,-1392.61269899767,-134.86215918334685,0.0
2021-12-06,12225.655354881908,7997.679159854894,9361.382334968335,902.4753799014416,-135.2752574986275,0.0
2021-12-07,8699.121258433139,573.9949288138529,-9225.935864062207,143.67770028213184,-134.89370163169085,0.0
2021-12-08,4246.749478649699,63411.83199483171,-6766.217185139274,-894.2445106450208,-134.64484576291295,0.0
2021-12-09,-1074.9721667944193,-18108.336969881453,-23344.88443744192,-7170.359875735301,-134.4828883467782,0.0
2021-12-10,-1711.3554702368954,25044.239303378028,2172.0173867361773,-5392.002249493373,-134.60126315580357,0.0
2021-12-13,-7757.263642125009,-42819.238789822244,1151.153304645169,-301.0849590926346,-134.66312523365696,0.0
2021-12-14,2715.125659501852,613.2886521566074,5964.888452813217,864.2578857187243,-134.93137601919946,0.0
2021-12-15,5209.153963774594,12920.10123003281,-5378.118336050445,-2604.2241932698694,-134.83776955948255,0.0
2021-12-16,-6343.587949963801,45101.40469147223,-22856.959927567852,4214.086615866315,-134.69455167660624,0.0
2021-12-17,-3030.9593420558467,-48663.75527693993,333.0488714150944,1531.7022066533993,-134.8560599554082,0.0
2021-12-20,1230.3861366088104,31754.73315202527,-8222.872294167615,5380.688241417042,-134.97517872871654,0.0
2021-12-21,9295.169348027788,-9558.132357158085,5157.248954300531,-4703.42792170332,-134.89370163169085,0.0
2021-12-22,-3323.485266509874,-8228.175714183744,13302.985450330598,-1600.6244601846774,-134.64484576291295,0.0
2021-12-23,5928.944922327536,17037.505883967602,-16859.48616243486,4011.4617266088017,-134.7442901933057,0.0
2021-12-24,7.264141066902262,79.17560097169614,47.470674401202125,0.6412047147196118,-134.5516211545201,0.0
2021-12-27,351.9313281698679,-57271.26937430822,-11189.487247342273,-1592.2519829946639,-134.5516211545201,0.0
2021-12-28,951.0915988320356,25567.26874515311,8077.360095582973,-4536.233781667967,-134.6083195626996,0.0
2021-12-29,6428.702179363963,40868.08603401841,-5940.025582487432,8617.14949230646,-134.57690750806006,0.0
2021-12-30,-4190.8009887817725,-8650.322379636193,5532.535849350738,-2421.677866137933,-134.30998311702595,0.0
2021-12-31,-1638.2308244237115,-16238.892676981744,9469.177618923484,8542.894509993084,-134.94862751111802,-7.801753872658406
2022-01-03,16684.623368650413,39852.589056555684,8939.902806095337,-5342.166603790459,-134.94862751111802,0.0
2022-01-04,3221.857246095227,50442.451489249426,-14656.943115981381,953.7004060933849,-134.4396342355914,0.0
2022-01-05,8027.481592162085,-26159.905647490326,4934.92595732748,3007.4363083728003,-134.3158826104478,0.0
2022-01-06,4583.897255175393,-35190.82370573215,819.1541131126754,-208.00376632705363,-134.06353903038283,0.0
2022-01-07,3069.593950593287,19969.185406467666,18669.753884887643,-1911.18991900648,-133.9470119394842,0.0
2022-01-10,4064.6868537279197,-33148.34352886666,-3977.244471882368,3039.6137880831243,-133.8241763133016,0.0
2022-01-11,-4005.2282998831183,-8633.582160188998,5517.871297349655,-2399.5141588593583,-133.7079814835878,0.0
2022-01-12,-157.91309413023282,-13188.09665536171,-17399.085349599776,1037.147083932222,-133.84887299139527,0.0
2022-01-13,-4591.005667702454,-15488.274353500692,-7067.852816909014,-2298.5545983376683,-133.87968830856937,0.0
2022-01-14,12851.012818752079,-5217.855857669202,-10003.850099496634,1955.8484675092557,-134.05796641304244,0.0
2022-01-17,6.883852974637973,78.88889002031262,47.25922171945433,0.6335033881057779,-133.66546810251066,0.0
2022-01-18,13213.624140732813,-6443.887323326945,12095.22148174212,315.4110069844032,-133.66546810251066,0.0
2022-01-19,-5147.725291382406,-15107.260101393429,2501.575208548433,-1492.029369340556,-133.238467764978,0.0
2022-01-20,1444.8581811427175,-25528.020665370197,-19330.04636497049,3700.3105930045012,-133.4211949574865,0.0
2022-01-21,-12085.012913310331,-1041.3540261102735,5217.628676977813,-1014.1096084635672,-133.39695224223226,0.0
2022-01-24,-97.94795803920834,33131.39466738766,-9189.306492519794,-3779.7829535012816,-133.78206623929967,0.0
2022-01-25,4543.708053041964,-5702.843410910135,-767.4040445777248,1809.0329446131275,-133.79420205772254,0.0
2022-01-26,13105.779973720062,-49086.991337457395,-3744.1981279165157,-662.4870093537021,-133.64726618361703,0.0
2022-01-27,-2404.814024592226,-84043.31348446239,-2928.68588488154,421.1447459262666,-133.2813131452702,0.0
2022-01-28,-5417.775416097327,9842.726349710261,-8698.910639086671,4678.166265945204,-133.4219147764842,0.0
2022-01-31,3670.535407157797,5616.6506117677345,-25821.986327231363,-3330.251064183058,-134.94862751111802,-20.365556812223076
2022-02-01,1809.0786427598068,9072.068300271145,6027.943766064129,3215.684373351562,-134.8869698935691,0.0
2022-02-02,-3987.84188824885,5553.109298773901,-8758.214477671962,-2634.215323318499,-134.80022590737536,0.0
2022-02-03,7128.892467027989,-3217.287467210888,11900.628448384014,-5673.573398696827,-134.94254663948928,0.0
2022-02-04,18937.76672792544,-19497.535170359824,-10922.640629715432,1454.3995605750981,-134.75082324203717,0.0
2022-02-07,-2130.0160187505326,1988.0189935978444,-2907.0984485168733,3238.9620689414774,-134.20345204940355,0.0
2022-02-08,7163.078663704892,-14051.247138643988,-2680.192279852124,-486.397433604117,-134.25250051022823,0.0
2022-02-09,-41.87262617775575,-13225.88719152629,-5893.58586162077,-10498.956275585895,-134.05044016836672,0.0
2022-02-10,21872.546890671732,-136144.00158608519,-51466.0282321392,5796.726054268063,-134.13020116953982,0.0
2022-02-11,-16725.444439573006,31321.03727888516,-8032.463359172776,-5675.251750396942,-133.59395518049578,0.0
2022-02-14,10543.374879093753,-18239.181580164084,-16023.557236874994,3776.5657585828085,-134.13147273796767,0.0
2022-02-15,8014.291581427644,57675.06883322654,2018.358286737554,1723.0665240642709,-133.82574222525517,0.0
2022-02-16,-6013.698013527159,23410.496013782315,18246.653909809724,4442.194667098428,-133.52677163806206,0.0
2022-02-17,-7145.442358322535,-3514.585057541856,-12794.56868865183,-5796.897402786439,-133.64823985782377,0.0
2022-02-18,-6990.6947400462395,-35804.856160899,13728.875051058963,-406.1559154917549,-133.92289144687294,0.0
2022-02-21,7.185467234989136,78.97925887582598,47.346177416860925,0.6386928007229928,-134.14959632839899,0.0
2022-02-22,5770.439744938555,-58806.675330021346,-23418.157096420946,6803.417540500125,-134.14959632839899,0.0
2022-02-23,6828.875771635896,21802.137271593478,595.4532614729056,606.4412073091926,-134.00931725667692,0.0
2022-02-24,-5557.386700610566,22329.265228431326,-8578.104892434108,2044.0133391650772,-133.78294054829132,0.0
2022-02-25,2156.165668841432,-1825.324939244269,2994.861975048398,-3234.0767815836725,-133.93556631418326,0.0
2022-02-28,-21983.57994869357,-6372.482752466532,-2921.6939717209666,2204.7672302863702,-133.8866693918007,0.0
2022-03-01,-19811.807716608004,50498.45211736532,-12797.693873788368,2245.998100541933,-134.94862751111802,-10.507830081907741
2022-03-02,28442.895548349952,-45062.22473884789,-26403.20081671651,-6366.6527910562645,-135.50677583059,0.0
2022-03-03,1168.3302697897802,-19244.261612969127,-14591.444283885145,2824.4036378052106,-134.7822135681164,0.0
2022-03-04,-14170.626559425164,-40685.22440274223,-26134.263804408485,-8726.787803876583,-134.76403560454997,0.0
2022-03-07,8154.6586999581195,-16123.828150595671,2134.8158587439852,-3810.79110909949,-135.30399649307245,0.0
2022-03-08,13464.146494539096,-19470.500264080332,4266.856957356964,2185.758867075304,-135.09927958747855,0.0
2022-03-09,11051.855199811009,3887.0281415519958,9256.504560129546,5935.444846261539,-134.70352034603926,0.0
2022-03-10,9161.857667921877,28909.168843347332,-26190.715346058405,-11848.984177599768,-134.32793439896443,0.0
2022-03-11,3195.318902375971,-34484.63324163644,19988.00216131088,1388.2697004245535,-134.13183871441947,0.0
2022-03-14,21538.54677386407,-3952.287912336211,-1911.9639642611849,3723.149796908894,-134.02795041368066,0.0
2022-03-15,433.12074652237203,27422.052902412808,3245.1496911505706,-1227.763876180484,-133.3585549785022,0.0
2022-03-16,7897.647602319663,-88326.41759882754,15696.835496712622,4730.853328851167,-133.3281684882579,0.0
2022-03-17,1047.053537447451,35099.017645678425,-15758.256264917152,-497.0327453320588,-133.09864660588693,0.0
2022-03-18,-5660.0707981546975,-76074.16151114917,-8719.858978530767,1878.6642857240229,-133.06238286766356,0.0
2022-03-21,27482.788199037557,-24042.427700901906,86.42634417058589,4926.639008173966,-133.2984453978282,0.0
2022-03-22,8242.6880637354,7360.759171566503,3379.2919153750095,33.852147221274265,-132.43752908438884,0.0
2022-03-23,-9016.197548390526,-20900.126219225203,20289.100326383406,940.1454231680037,-132.16275175675773,0.0
2022-03-24,1804.365711354191,-7083.419198805409,24808.054206909692,116.87274337939267,-132.44351457228908,0.0
2022-03-25,22555.20486899358,-55749.490308812696,2404.032626691383,-1179.199994950705,-132.35977987553656,0.0
2022-03-28,-532.832086091464,-52496.172823813606,-20473.33218261377,4803.063451361415,-131.67536592332198,0.0
2022-03-29,-5458.355035837117,-26099.458527419953,-19473.35878926634,2719.1458077966045,-131.72845607551739,0.0
2022-03-30,-8710.038036053591,-9313.135350349008,1488.6619697811748,-3330.539955867495,-134.94862751111802,-44.94247214547795
2022-03-31,-5155.056601808408,-8353.231620052544,15208.034944881125,-1639.7995878319457,-135.23045686489527,0.0
2022-04-01,16213.221762799913,-112327.51123499587,5276.9485245976375,1150.4936648774747,-135.37782670659047,0.0
2022-04-04,3079.302387166377,36287.04084317969,-374.67206219156515,1162.231224595565,-134.98021049395587,0.0
2022-04-05,18560.694440305888,6703.619276798532,16368.14987755758,-1478.92854509865,-134.8576014865247,0.0
2022-04-06,5504.840784795325,58141.64974558913,1938.7288292834626,14077.373915905233,-134.29772312304738,0.0
2022-04-07,3297.1994352284887,68059.93704291951,979.4942113386024,7246.621381549733,-134.00720401837086,0.0
2022-04-08,10025.709911114547,6754.118320730426,-15748.08775268278,-1551.6290888288197,-133.8143313408124,0.0
2022-04-11,6093.744375106488,78953.91516190839,11779.569591050453,2168.8856408830457,-133.52616954127055,0.0
2022-04-12,-13106.309340590762,67378.7149909948,-19932.656315122338,6900.985242276535,-133.25142121754183,0.0
2022-04-13,-1894.633976669011,1953.9579289157377,8604.112187610603,-8233.590193924882,-133.61037021878172,0.0
2022-04-14,18753.386223133868,8451.676711422964,69.5248465001455,1021.335091378614,-133.7063336330023,0.0
2022-04-15,6.475659292294523,78.82457004560185,47.17570843233051,0.6268689528721887,-133.102806723099,0.0
2022-04-18,1500.4201296436618,29558.762562010106,-3373.889417695209,2020.0341691063234,-133.102806723099,0.0
2022-04-19,15506.44080346611,-64093.149699392045,-20025.206915643474,-2782.286303793143,-133.02567266690895,0.0
2022-04-20,-8850.64468954358,-71562.25411925535,14072.124895228504,-1520.06230803072,-132.60417173425668,0.0
2022-04-21,10052.209673666463,-32668.059295001665,150.36953544156174,-8237.574047685152,-132.9415879757716,0.0
2022-04-22,847.8706740648324,-15420.995013741203,-33492.22341653446,8359.639542571611,-132.6862872497653,0.0
2022-04-25,-13364.505983043562,13291.922528900679,2403.9279776060416,-443.01402528078575,-132.6623432923848,0.0
2022-04-26,-7683.442531173038,45791.7148615632,17408.45206566764,-4904.982383442829,-133.09001315201434,0.0
2022-04-27,6132.93207549036,12979.973194118505,-18662.318732905813,8888.90950140062,-133.31089350653048,0.0
2022-04-28,6177.89323815909,-28769.58012556826,3851.479547563928,-1124.8440326432174,-134.94862751111802,-18.91834150055729
2022-04-29,9012.334627235952,-22876.419902196492,-12373.683318346546,-3643.8555702313142,-134.7912229572678,0.0
2022-05-02,14265.60540087909,54217.028836265235,6096.410605802633,-4745.863394257639,-134.57981444637596,0.0
2022-05-03,-496.50745635098235,-61277.91006030817,-11243.58213382533,3411.185613662826,-134.14049945688484,0.0
2022-05-04,-10836.89824657895,71270.33733438878,17686.252313996305,2016.0989202072628,-134.19454201623415,0.0
2022-05-05,16361.919954121426,66532.74183185854,-16773.198309620362,3411.4058128789907,-134.4349540251651,0.0
2022-05-06,8616.274114147156,49385.48136426442,1960.3129961446414,-602.4042576061064,-133.90113634261905,0.0
2022-05-09,-13269.544234567344,51294.625680026984,-949.826075376397,3897.883873221629,-133.60321695810399,0.0
2022-05-10,-6570.198834267904,-55598.184680592225,-8577.542827541172,1560.8422276243302,-133.9612126947415,0.0
2022-05-11,-5544.805599633082,-83834.55976087306,-19465.979329009362,-10331.965111174823,-134.20656395083498,0.0
2022-05-12,-12687.869156823015,32901.162340850424,13344.417888911492,-3210.488015745767,-134.51933516562283,0.0
2022-05-13,13800.432194595913,34882.24668712198,-6686.693355186224,-1962.3707825532545,-134.87574484717473,0.0
2022-05-16,-6589.218867431421,13125.063458275277,-24201.550411311422,-1939.7889822259672,-134.46500697403027,0.0
2022-05-17,18805.577394503314,-36508.65434647488,-9192.320175397199,-3266.1461566659964,-134.6942294011284,0.0
2022-05-18,-12112.763184245938,-49471.32472808395,1829.2443100823182,549.7460445761873,-134.1944980694607,0.0
2022-05-19,-7366.238409397995,17884.24953798766,-4906.461971971981,-5365.46140508733,-134.59182262616014,0.0
2022-05-20,-8193.281357356702,-23869.0251387637,6169.937536891244,-3931.8496883944003,-134.83363758701313,0.0
2022-05-23,13228.102455549066,26334.19436515514,-4897.201035995369,-4359.177117700337,-135.10679472711223,0.0
2022-05-24,-20043.894112929553,35313.98985966076,33343.17298768175,1590.4398490274757,-134.7368182875135,0.0
2022-05-25,-4120.303270254,14508.59203908677,-12523.709173653948,12260.55724351312,-135.25228148383633,0.0
2022-05-26,-496.3434992562267,27260.892220868354,-4511.029041412785,-2093.6650674138514,-135.30702239439256,0.0
2022-05-27,-350.103570981268,-23054.680604127298,6527.394439987076,-2987.6616373674174,-134.94862751111802,-5.794276332206209
2022-05-30,7.3815629067403705,79.3643373448824,47.595018695776425,0.6442544818455135,-134.98517342924467,0.0
2022-05-31,16258.846550889677,29310.35502762689,3981.1097967164224,646.5621908737367,-134.98517342924467,0.0
2022-06-01,15951.918360493248,-75504.47108284925,16292.434861389178,3061.817348406237,-134.48247307101965,0.0
2022-06-02,-2186.4087982930723,5631.340176042221,-10567.598171220503,-2580.769414353006,-134.02531838957293,0.0
2022-06-03,4315.728597672719,9571.804776806859,11896.220289352435,4038.7050519224977,-134.11534762612806,0.0
2022-06-06,12760.419385896657,7285.047085476086,-9861.914488009103,-704.4427986003428,-133.94140705381332,0.0
2022-06-07,-5829.521241649754,-55768.58926599892,-18113.531826027516,764.7202764159889,-133.56498020329983,0.0
2022-06-08,7003.395461161726,15395.796825923971,-4257.811454051762,1533.6590481401543,-133.80367261837802,0.0
2022-06-09,4092.4981330532396,-37515.990014335934,-2115.1854820613326,-4269.380400058163,-133.5767471302629,0.0
2022-06-10,22125.100760355817,-144255.57804498693,-2473.80651777295,4213.800490423681,-133.50513361314657,0.0
2022-06-13,45773.38842123899,-77702.71618387218,-37815.89745647816,6894.964857380559,-132.91111140819854,0.0
2022-06-14,7145.381885326192,-9037.933281708278,3155.1077194193986,7466.555575460997,-131.5624270017573,0.0
2022-06-15,-25869.11159256672,129289.0249364713,-7374.917247985802,-3205.413094377293,-131.29001399571553,0.0
2022-06-16,-6688.653501321907,7997.285232522063,18799.216472090575,-9108.746498537763,-132.08795926271029,0.0
2022-06-17,-2330.317353704176,-54430.24544435471,-4483.661457082753,2398.556297235332,-132.32819439143273,0.0
2022-06-20,6.580788276089206,78.33096465418885,46.89656791163064,0.6251573157448782,-132.43347815765352,0.0
2022-06-21,8749.087252309935,35464.31182513444,-24841.106071957423,-354.34464512271353,-132.43347815765352,0.0
2022-06-22,-22890.647410391844,6624.890072680085,18024.74466723045,1083.7561885566647,-132.16377856244551,0.0
2022-06-23,-9735.413267862248,6765.185306863906,-15605.358551815909,-255.8317231746528,-132.86975743959664,0.0
2022-06-24,6447.992862154835,12910.60146115225,-7164.02746017329,-2525.8373496620798,-133.18962121733762,0.0
2022-06-27,9678.472935240517,9907.23141645815,6383.287609905711,4165.956665907003,-134.94862751111802,-29.262583818719577
2022-06-28,872.6635651290671,-20913.76804374818,-150.94026097209678,336.4467851968558,-134.62989978514167,0.0
2022-06-29,-13924.76099785139,-27332.482587981915,-20161.483723825964,1867.2611785821348,-134.61791831617867,0.0
2022-06-30,-21164.20077509025,40268.31653464056,3452.9173235068642,-2633.317559291477,-135.06340355183931,0.0
2022-07-01,-15847.567080845134,35124.126462641536,-39010.16380063853,-754.4957178170811,-135.65719393859504,0.0
2022-07-04,7.822694259571542,79.77230607246081,47.88472810083014,0.6536933713217378,-136.1334218041842,0.0
2022-07-05,-9366.96769824443,-26440.571180196883,-8407.062062050987,3655.8788497870187,-136.1334218041842,0.0
2022-07-06,22993.353238275333,-43152.433443334114,-16062.620731590865,-2351.4544156591564,-136.4037817626131,0.0
2022-07-07,13495.962655140653,-472.0296048741819,9327.36219379306,-1474.7947977634972,-135.8408291993192,0.0
2022-07-08,14333.651285455875,-11706.89080293028,-14971.48448489543,2943.058976552623,-135.4633036144943,0.0
2022-07-11,-14206.561994292524,-31060.758855145614,-919.0232238289947,-3924.3177803830267,-135.06977432374876,0.0
2022-07-12,-7130.397176958155,-3984.1567579529406,15209.886049216859,5818.067928606945,-135.52452068745004,0.0
2022-07-13,144.04383376035227,-109476.35834708167,-35121.105627737554,-5843.438769043699,-135.67652621918737,0.0
2022-07-14,6674.167967914897,9730.597229851877,10129.822788051939,4168.117154349126,-135.8305831829367,0.0
2022-07-15,-3217.7332633689166,1529.6029035922083,881.9665875834814,-9337.275104380902,-135.60463738418946,0.0
2022-07-18,4491.061662746648,16996.84735590501,-15074.689558832859,4041.5090391784097,-135.74490213387335,0.0
2022-07-19,11129.388197273955,-37083.253316307186,77.55126958507077,-3460.3474211746307,-135.60463738418946,0.0
2022-07-20,4336.026048652832,-13523.218041814169,18445.598584131403,1100.9879919133189,-135.34358280638833,0.0
2022-07-21,-25121.031001958003,46174.83961675192,-9160.936320209112,7281.27513044204,-135.2040633234439,0.0
2022-07-22,-22069.369360790697,20500.11280574478,-7430.70594047716,-12477.83544298904,-135.84854657410744,0.0
2022-07-25,5714.424241079392,17494.599277635814,-7304.433070796834,4934.12627702436,-136.52367444167447,0.0
2022-07-26,400.1364403174198,-18926.288477476883,-4973.765142282008,3634.865806952568,-134.94862751111802,-10.447724706347799
2022-07-27,-7153.957628108249,45507.926044031345,-13262.797318530142,5029.100097042233,-134.93663308192285,0.0
2022-07-28,-15766.957043118724,66630.21728549365,-33737.19181554342,-7085.78521113561,-135.10026172541095,0.0
2022-07-29,842.0985765601641,-42528.55264589609,-8155.81671019107,-160.21644199945214,-135.59376618219915,0.0
2022-08-01,-8179.9640099085655,-64533.63367062544,-6845.924337309651,-805.7189794757473,-135.61261779775165,0.0
2022-08-02,27066.56248354387,-55928.320488791745,19943.178771869712,429.2329858381893,-135.90780521717016,0.0
2022-08-03,-427.58150904624375,-57085.154585822245,-1585.849467663084,-796.4388073292465,-135.16819185278644,0.0
2022-08-04,-9838.370710497604,59230.57905285577,-33528.92772673592,3987.9541880442152,-135.22965504435396,0.0
2022-08-05,30092.704856313896,-86003.36117920616,324.01480686916403,-3231.4176398566487,-135.48566778179506,0.0
2022-08-08,-9278.194007165368,-19809.242808935156,-3462.947085975008,2656.6447819508903,-134.7200673063932,0.0
2022-08-09,7634.348630902551,-43621.698570020584,-1094.4189336242741,-2544.450957068819,-134.9931556244076,0.0
2022-08-10,-3743.1140679124783,53681.846489449825,-14942.707889283802,-5041.763198521363,-134.82364668492482,0.0
2022-08-11,11131.839810862453,79148.55769988317,-1478.6820242948997,1466.982921057416,-134.93860656165046,0.0
2022-08-12,-2245.40490140737,-36379.81815277648,-9136.546806847264,-1958.6816779867947,-134.55652335539403,0.0
2022-08-15,-8019.525783867573,19879.716446770835,-9715.255963615673,-2088.530294074971,-134.67167405924434,0.0
2022-08-16,5795.025201415067,-26714.887299421916,-969.9897570848394,2176.476131839962,-134.91395217188654,0.0
2022-08-17,10502.37790465137,4189.679439801144,30420.210760022605,-4920.688509268887,-134.75655127867083,0.0
2022-08-18,-4127.951615949804,34109.81942713832,21426.796575857912,-1439.5368824333252,-134.4421031087057,0.0
2022-08-19,13208.085748119414,35889.391140444844,20293.59089974982,478.3926451205535,-134.52019143242416,0.0
2022-08-22,8446.91251847044,-32520.44316347231,64.63916739688199,3938.227845972732,-134.08087858144074,0.0
2022-08-23,981.5776187153039,34328.47829669798,15832.944625122062,-1342.21501118672,-133.82953587101306,0.0
2022-08-24,8810.481032478421,2284.8904103874215,-35263.40731900234,14302.984503647845,-134.94862751111802,-16.079891666237017
2022-08-25,-9115.911277565798,-45711.756691363495,-9561.982413375657,-5248.390439700771,-134.65359616129763,0.0
2022-08-26,2174.792183707878,-44870.98811575844,36334.44240669418,-3478.766548123968,-134.9973606596711,0.0
2022-08-29,10721.511703628352,-2214.443081518941,14017.49148074193,7698.537625885915,-134.94307848965536,0.0
2022-08-30,323.99469294209945,-40297.42649678742,-12919.749800965528,3125.4838989915443,-134.57566361525153,0.0
2022-08-31,4452.55060676256,34646.51711128161,12195.213955853345,-1298.307808379947,-134.59388139557822,0.0
2022-09-01,15393.583137386042,31237.0986769477,-839.3337469074329,3920.293226186534,-134.43166661373496,0.0
2022-09-02,-11629.983314906949,61913.36079565376,2135.2119836591983,-1963.3749372694438,-133.9358219490888,0.0
2022-09-05,7.072810552168176,79.12293765025127,47.41826134789951,0.6379440442192998,-134.25195359453824,0.0
2022-09-06,20863.44023266199,26739.300793561582,-14123.176252744626,-4166.350781092278,-134.25195359453824,0.0
2022-09-07,-9625.54023844979,-12999.715322758331,10972.469774094194,2477.708524207571,-133.65086025248416,0.0
2022-09-08,4000.9702308367246,-58.69646736401135,-13227.15016294437,-737.7108133288389,-133.9299538071945,0.0
2022-09-09,8161.913707663441,-41361.440658717846,-7728.390742862177,778.0991428247535,-133.82885053054267,0.0
2022-09-12,5537.33207546608,29439.587405342423,-16627.80677658572,1304.14019879501,-133.61511545656154,0.0
2022-09-13,12501.76100570344,-130757.18295132874,-5631.138483656722,3840.639099501565,-133.43760952282142,0.0
2022-09-14,134.26809647961653,-49734.35477468008,10963.060191497703,-882.4494005535674,-133.13025172090443,0.0
2022-09-15,8018.803839809367,-53629.40154374489,-7829.074740997474,3408.052569539901,-133.1536729612228,0.0
2022-09-16,-1086.5183487322183,45001.68334703613,-28132.449769835788,4209.530862965043,-132.93569049331992,0.0
2022-09-19,8405.203418824234,-67991.00930252689,-3187.38930434415,2808.6572387038764,-132.94752881506116,0.0
2022-09-20,8869.063830248646,43408.683881426514,14306.695375166239,1921.6720920619193,-132.72417087283625,0.0
2022-09-21,-3907.281250392952,-104927.98559853436,-8943.92987452184,-92.83058580275585,-132.39121464860116,0.0
2022-09-22,26434.894111357302,46019.54112977132,22977.844443968286,4702.668942413908,-134.94862751111802,-36.533263693301706
2022-09-23,3746.9254302238164,-94598.50785050378,-3748.194133532658,-5075.910787083375,-134.10480327166755,0.0
2022-09-26,24028.006171265297,30319.72782020824,61099.511827858354,3182.382854427628,-134.09269712218997,0.0
2022-09-27,12750.890958911308,81779.98958936395,-30043.681423240665,-5865.97157049907,-133.27078321268405,0.0
2022-09-28,-36408.33827756654,41300.336603520445,-20381.982792924653,361.6730677917202,-132.8869380755852,0.0
2022-09-29,8171.95154612282,-53948.277806337916,-7877.2839570899405,3435.6519426517075,-134.04600463344792,0.0
2022-09-30,11765.266186371431,11264.56768612445,-7940.326498715808,-5699.753890849064,-133.82771037993902,0.0
2022-10-03,-19687.40393560991,20795.231161329066,-46700.783282208904,-12047.033184323242,-133.50479001420936,0.0
2022-10-04,-6887.039985830685,-5504.45485413149,-19572.98892541863,2462.3529821540214,-134.22294675647194,0.0
2022-10-05,16925.76395442291,26796.764569950567,36772.70141660194,8939.715740963222,-134.44222129867148,0.0
2022-10-06,11140.968376079587,-33995.52380304209,10748.50001044633,1520.057593757596,-133.83364806630368,0.0
2022-10-07,10878.800160659486,-17819.68563820573,3218.739873433257,-6892.133856692647,-133.4988604220414,0.0
2022-10-10,6.655447868684004,78.76618128465851,47.16138768756574,0.6292097019966936,-133.21222654290492,0.0
2022-10-11,3781.812074293622,46196.87495328767,-16474.3642978113,5897.530616689651,-133.21222654290492,0.0
2022-10-12,-3081.282023578575,-117.72871011097787,3723.0467110620916,-55.128637815411786,-133.0493557543312,0.0
2022-10-13,15523.418910139168,-82445.56922236313,-64272.48363502995,771.5951406255718,-133.14257859416992,0.0
2022-10-14,4030.7260000914025,5093.88471284956,13657.902919758595,-3257.528052269388,-132.7864485408019,0.0
2022-10-17,1067.7390239948265,56294.09279682345,-7854.862496365745,-10.717908002213136,-132.6590309293875,0.0
2022-10-18,-2368.878959780302,16394.208155367687,-7510.30417514696,3757.959142675928,-132.59586639140116,0.0
2022-10-19,19147.351460289156,-6357.260238964995,-4817.827032136981,-359.6348988536886,-132.64809716441917,0.0
2022-10-20,13346.76293217756,14115.957703812499,876.2103665104597,-764.2428618750646,-132.05401933158868,0.0
2022-10-21,-8355.684099070746,153704.89215488205,-41094.72246118661,-4119.5369671139015,-134.94862751111802,-40.617243271743064
2022-10-24,5936.369168550763,42244.55353012824,-16636.901039416436,-1366.9278961187733,-135.14958031157204,0.0
2022-10-25,-20634.990999847716,-48529.62231477613,8242.77715045088,-8755.116051498648,-134.9786249675221,0.0
2022-10-26,-9356.324579500762,-28083.545449667454,6124.795713585856,1118.1262921812126,-135.64736068975515,0.0
2022-10-27,-15980.726719768574,17973.291861915528,567.4684536762392,7053.027693823665,-135.91550284723627,0.0
2022-10-28,13956.89298379767,-58334.30719285144,-1992.2856221251861,-3106.1032684387633,-136.30447679773056,0.0
2022-10-31,14972.446457651971,-18220.668573234445,-19932.599702994812,3914.017478244948,-135.98725896745137,0.0
2022-11-01,-3417.862355060182,-75713.83790777823,14564.341552310085,4460.448515361473,-135.59385592843552,0.0
2022-11-02,6250.2245697492335,-37746.32448338819,-15620.625060454773,7431.009968194311,-135.70105452093577,0.0
2022-11-03,10251.473961559053,-48443.06456112204,-22349.806556590567,934.9896566046149,-135.53451593186097,0.0
2022-11-04,1509.3342237331535,100763.42312207462,-23893.758626207222,1846.5209139592876,-135.3090124173996,0.0
2022-11-07,10537.54554685287,4336.9033579559855,-18808.811157321776,-5733.021285105257,-135.2142041672943,0.0
2022-11-08,-12025.326739462322,-7828.067717853654,-9251.09057361735,-897.7368771066857,-134.97192114618736,0.0
2022-11-09,-4189.439729131625,60308.502277906526,-10101.570249257298,-6014.720439125084,-135.33268851596404,0.0
2022-11-10,-52663.100927932646,-5991.965776919213,21981.44356822991,5106.298456329176,-135.45131880065597,0.0
2022-11-11,8.151815374298016,80.00267848550193,48.057262823189554,0.6602394182235019,-136.87199610121297,0.0
2022-11-14,10106.004731761455,-9610.931719485221,-6477.853094835163,7143.73217591972,-136.87199610121297,0.0
2022-11-15,-12876.280335891233,-41352.33386763922,42.996099407707376,3002.1143612414476,-136.582110880233,0.0
2022-11-16,-18658.869662100835,-78805.80735450819,-15238.939078654514,112.80260084390716,-136.93907601274412,0.0
2022-11-17,16399.35892087805,-22929.924396567545,19993.34898345518,9204.37325281633,-137.50608537261365,0.0
2022-11-18,10767.331484129098,-33267.6130641061,-9664.20041333104,3264.326360684391,-137.03101308601276,0.0
2022-11-21,-2059.0605601113957,19789.81777080656,12758.784906539568,9645.40651027598,-134.94862751111802,-15.918355960711779
2022-11-22,-8632.652711703346,-51459.48998360956,2947.2401214759498,-2682.6510773148193,-134.924846964771,0.0
2022-11-23,-8752.955962721602,-50707.3687304173,8793.243168525107,10661.525756756479,-135.22246268536583,0.0
2022-11-24,7.573606368328288,79.51222051443598,47.70362548303774,0.6481643649077161,-135.4376167307097,0.0
2022-11-25,-4541.806340976338,24609.513567059435,-3752.8536564941396,-6315.684977564526,-135.4376167307097,0.0
2022-11-28,3622.7570581163754,-29382.085097317904,-2076.0157273578448,-2004.4800456555768,-135.58725792926046,0.0
2022-11-29,8523.028777181898,36682.96664133647,-5959.173692685029,1256.1329024103006,-135.52150830394086,0.0
2022-11-30,-12649.2763665657,61511.81289543817,-15285.433343964336,-3643.4915591663785,-135.25831174521917,0.0
2022-12-01,-25883.224085498627,-22493.927262256235,27786.96808984426,-91.81994244287472,-135.61103628978032,0.0
2022-12-02,-3564.163462285735,-71475.67710073899,12739.434340356884,12058.403839519904,-136.32182649111448,0.0
2022-12-05,19335.4217417893,-51527.93679388898,-2680.5068231423948,-3986.7056754082255,-136.38890023118032,0.0
2022-12-06,-15025.47606266015,-23938.26514783988,21477.95879432949,-3260.0430206579013,-135.93017766252868,0.0
2022-12-07,-17890.49067000842,-9393.737767515775,7018.520820254541,9200.604012628479,-136.35317014130138,0.0
2022-12-08,10957.436257554713,-23544.883763685808,27509.590966845073,-3757.943761096585,-136.78459108779757,0.0
2022-12-09,12590.152484423805,74980.97006930469,-20982.686897823576,4999.527905921533,-136.49868498357833,0.0
2022-12-12,7481.252309360935,-32928.827830155904,1932.4127214363932,4009.1091765705737,-136.10461537184116,0.0
2022-12-13,-20735.175655427473,89289.69564024155,5045.722595057391,-4242.126620082352,-135.89984157047655,0.0
2022-12-14,-2039.2349666614255,-13439.510809279102,-15766.349045430514,1042.7813213215768,-136.42467209964101,0.0
2022-12-15,-5232.691047867989,-32810.721696844594,-5420.414493897689,-7208.160742069132,-136.5037807490553,0.0
2022-12-16,1063.9102029673186,81749.45602508138,12725.011151387478,5548.075108795646,-136.7169868727274,0.0
2022-12-19,16407.179596576443,7474.082980697559,-11875.82278804455,-698.8318546189162,-136.58216896623685,0.0
2022-12-20,14610.932195175736,84679.67506239352,21924.395805071734,-1080.0544351297328,-134.94862751111802,-15.616546093675424
2022-12-21,-2413.3269211099973,25392.57056611724,11783.745474414825,-4570.350115858707,-134.44891195676198,0.0
2022-12-22,784.9416098986592,-29805.005797625025,-7976.420120712407,-2830.181115602335,-134.51417725601718,0.0
2022-12-23,12934.957272830716,15425.239423728912,-19452.123706965693,829.7812633305979,-134.5378508430687,0.0
2022-12-26,6.987830689027327,79.12844855713684,47.412013901277575,0.6366895729189149,-134.1649827203606,0.0
2022-12-27,12096.811615018772,66590.52886128947,8072.339084788845,-7402.175846637225,-134.1649827203606,0.0
2022-12-28,4502.421331897217,40666.242735762964,7435.862257986209,-3000.1900279483393,-133.78855556705525,0.0
2022-12-29,-4494.295676451969,-61846.561987941706,-15263.494417545086,2506.4335810702833,-133.63057347397762,0.0
2022-12-30,8752.609170400341,-12267.920622429145,-18899.045734131232,1997.084808173165,-133.81773850462238,0.0
2023-01-02,6.752017713174287,78.92295558011114,47.2645665253365,0.6317283046405393,-133.57126812326243,0.0
2023-01-03,-9620.220188228937,-60115.91486014936,-3015.043171905381,-5790.604128602273,-133.57126812326243,0.0
2023-01-04,-12550.484429210257,-23177.856234607374,-20018.9390776248,-3128.2300395445136,-133.94665259330003,0.0
2023-01-05,5561.980327357871,-81243.83211380354,349.6371889300578,5469.990871507098,-134.38360617146927,0.0
2023-01-06,-29228.37393204861,71101.7219011052,6288.151856826338,2550.5222346619244,-134.2473989290484,0.0
2023-01-09,-4745.751906275201,27358.730290150394,8846.968721406889,-1338.3444852765883,-135.03826584283127,0.0
2023-01-10,11785.28699523947,24268.691434433968,-9803.036646288374,4003.899135091717,-135.1518141272371,0.0
2023-01-11,-10303.371919533012,-21960.63037606623,3205.8965749882586,-666.1049170933102,-134.7875333233817,0.0
2023-01-12,-18926.04883359568,-16336.230938999634,-3839.3340409347115,9124.322205111439,-135.10394395639074,0.0
2023-01-13,12447.407981938775,-33342.207729113026,-21131.601435055163,2415.4239743390144,-135.61431843949615,0.0
2023-01-16,7.5174939044090054,79.4668342774978,47.67060925625284,0.6470073568853443,-135.30194479504493,0.0
2023-01-17,1498.421467385253,54074.19668600849,17188.137778026,7545.34661080197,-135.30194479504493,0.0
2023-01-18,-24266.11335227369,11386.265632969085,-23106.2719803412,-3878.9316728427034,-134.94862751111802,-3.3988867298612604
2023-01-19,5938.47939621849,-6122.629223378181,1175.1120028172202,-10742.106754809749,-135.6934920748982,0.0
2023-01-20,14011.36355106778,28851.6553563693,-1946.4394320347849,-218.45710299800834,-135.59102470166505,0.0
2023-01-23,8294.42988066741,-27019.857434362122,-12475.087208459476,1399.3995192279087,-135.18205682109837,0.0
2023-01-24,-10499.547063527212,6671.344949218818,45051.54772529785,-11150.333032404507,-134.97266201385614,0.0
2023-01-25,-2378.4976246080564,14606.86391271658,-14383.051654390643,12297.238128965284,-135.27802078216777,0.0
2023-01-26,5787.355882479728,-39374.41207946258,-1109.7663303322445,4883.777367829867,-135.28397463924833,0.0
2023-01-27,4962.779124152401,-1302.7246176886972,8942.2054659585,-2410.995081101501,-135.12222346161838,0.0
2023-01-30,7468.581749217891,-31122.066742699706,-958.8039485555125,-5230.8305049625,-134.9845500161702,0.0
2023-01-31,-5764.654717027708,22461.12815593035,-8633.269823250575,2066.9356887744657,-134.82338306276833,0.0
2023-02-01,-22000.68731272655,14705.17794179346,-4598.348680268062,1921.8402312807057,-134.97266201385614,0.0
2023-02-02,996.2236801495151,516.1145272435782,7849.900310965621,841.9200477587009,-135.59102470166505,0.0
2023-02-03,26982.808316205377,-91071.44712639478,-15351.885622159352,174.26944907709,-135.548773255725,0.0
2023-02-06,18629.319785735264,-69371.31302196982,9718.707658426301,1361.498825381624,-134.87735504457106,0.0
2023-02-07,6822.523015440405,12986.643501841188,-7212.30505833706,-2562.474108130068,-134.37733940574728,0.0
2023-02-08,-4752.307723542802,-2990.8705014661573,-6938.319810276274,-4982.796945520622,-134.19358096582687,0.0
2023-02-09,7309.496561061713,10978.27716146714,-2407.810844979991,-5841.9649085433475,-134.3714236931805,0.0
2023-02-10,9824.382097662741,40949.887570521576,1899.3340855066115,-2942.2139457422354,-134.18766870498501,0.0
2023-02-13,-1613.8920735109803,-41923.30702211921,3341.0612633194864,610.5342327873722,-133.886436075621,0.0
2023-02-14,9296.689206145205,-40903.2854078268,2.8275059846580564,1606.2946018127157,-133.95716426884934,0.0
2023-02-15,5864.59706230633,13278.298519873715,2375.0108637590724,-1746.800988971696,-133.703798554694,0.0
2023-02-16,6007.321490314657,51077.151678031885,-8772.7092551784,1823.184714342816,-134.94862751111802,-22.236437071682303
2023-02-17,-5554.890412722632,-15215.936248149428,2522.432238303841,-1520.1388639808717,-134.74096603837307,0.0
2023-02-20,7.323406644430494,79.36387265355664,47.588246855467546,0.6433675801978783,-134.9188937336525,0.0
2023-02-21,18904.6436605664,21718.59592610218,19471.465691923488,-39.658724315638324,-134.9188937336525,0.0
2023-02-22,-4154.3386654580645,-16734.775624568058,3538.039869984177,7614.3700327442975,-134.33937323762066,0.0
2023-02-23,-6367.04022435113,-40698.79887605372,-5511.616799062246,3001.3545055278655,-134.4277541097089,0.0
2023-02-24,14477.596077088143,-49666.458662935,-13382.903856740752,-1472.4589655722377,-134.63440482459572,0.0
2023-02-27,-2290.0557024606223,-3230.8934579309976,-18390.984662292314,-5751.303199602411,-134.2743082050239,0.0
2023-02-28,1626.0459945168768,-21216.474677076734,-9752.606388831751,-464.68116720947813,-134.39803975384928,0.0
2023-03-01,12969.720304061217,-23064.79502534614,11927.614674215067,8007.2986506309435,-134.38031885448578,0.0
2023-03-02,7677.984683667738,43602.835664722996,16259.035084298124,1920.5511860873694,-133.96269282202564,0.0
2023-03-03,-13321.959432777323,-74440.21775119893,14891.274852174998,-5667.566107495084,-133.67618724071892,0.0
2023-03-06,2805.2054823764274,-6577.445476153171,-16249.023388393278,165.0844028780624,-134.14473117641273,0.0
2023-03-07,4095.0706791991392,-105306.17607414149,-18261.960064930765,46.8114568175564,-134.08590863473339,0.0
2023-03-08,3792.2128645281314,-35556.95464677317,-6913.986277018329,-1035.6520087076256,-134.06224999585427,0.0
2023-03-09,-13689.217752481482,108062.75719104869,671.9801094353002,4722.037941385175,-133.99171752533513,0.0
2023-03-10,-41242.59029013349,79211.03047400278,38554.47681547721,-6068.8865274949785,-134.2859454540808,0.0
2023-03-13,-44194.41440051379,387875.9822995765,99345.4798849349,-23556.364682457843,-135.41989749846098,0.0
2023-03-14,19153.271426569765,-65408.53680290524,-41798.662908058745,8115.90848608583,-136.39194483513407,0.0
2023-03-15,-29236.525118635884,138631.83957481134,35358.77995886743,-4319.959649381873,-135.9100790448492,0.0
2023-03-16,18059.01823406007,-144593.53720303474,-30135.68597948879,-4220.7445684351,-136.6216667873713,0.0
2023-03-17,-38668.04511962508,160380.79872997184,28218.007620371423,10204.187396792702,-134.94862751111802,-22.637643901456613
2023-03-20,16284.665864310893,-45095.517645451306,4103.042171599615,-4931.383376616034,-135.86085411984848,0.0
2023-03-21,27064.939608568933,-117433.54593972655,-42761.96325859572,3125.621372525292,-135.4573966711334,0.0
2023-03-22,-24321.60328847678,116169.50692548856,2239.8228977578856,6131.299440046369,-134.8054395249102,0.0
2023-03-23,-20791.49956257607,122849.6569284657,5372.391527886538,-7248.7732294367515,-135.39143479177102,0.0
2023-03-24,221.0122142383449,-16265.437106576906,19307.95144559079,-3127.593409082726,-135.93314416951142,0.0
2023-03-27,28643.39175583657,-36251.673090982644,-18597.25676260844,-3167.3049988888547,-135.93314416951142,0.0
2023-03-28,5984.972556891903,-54776.15703334662,-13859.910467593232,2621.227043156319,-135.19343370508506,0.0
2023-03-29,5588.016078420215,-35694.69445845614,-8819.608619157236,-1016.2802574293785,-135.06192945542492,0.0
2023-03-30,-2160.09431684379,-40160.44986241098,-1460.9450728708537,3911.6157716055845,-134.94252458551233,0.0
2023-03-31,-10439.977961748582,-21981.13947225378,3209.564666141298,-668.1377731976598,-135.01427059100956,0.0
2023-04-03,-11094.610520533755,43717.259522779364,4912.698483441667,2491.953766657864,-135.33180307630644,0.0
2023-04-04,-17143.78609166705,66255.66942114498,-3800.026247779127,4583.204727522472,-135.59614455452666,0.0
2023-04-05,-7595.22466154034,1674.9970260708758,14312.22705232552,-8588.830491051656,-136.01245005594788,0.0
2023-04-06,943.4658386240291,-33720.51047674025,-289.98051774274404,3075.5735957075094,-136.25498783927904,0.0
2023-04-07,19683.116090443495,-56334.312674887464,-22160.019548949505,-486.01366121022136,-136.2370265931475,0.0
2023-04-10,4117.526256685923,-14349.770327670789,1026.0587074258356,-553.3794577747889,-135.765219635447,0.0
2023-04-11,3194.539934029779,-18451.736211153027,950.635851897324,4538.133088707922,-135.66272456904377,0.0
2023-04-12,-7408.166428251285,75301.53289298851,-14907.896556029584,7129.656664564262,-135.56035854899824,0.0
2023-04-13,6848.724509848524,24002.083844752015,7383.182515203052,-7827.595190773629,-135.6925607899692,0.0
2023-04-14,14570.114769092212,-47861.74207596008,-18288.377366130993,1829.7311359665284,-135.5177530851165,0.0
2023-04-17,14716.209536368991,-20148.81403906178,-14999.125728468796,566.6788586731489,-134.94862751111802,-3.0786309073882876
2023-04-18,-1280.7695025827463,-23444.279534871173,-1246.6013853171341,-3803.90194097249,-134.55521450239158,0.0
2023-04-19,3817.7011603712667,-31231.208233742982,-8805.370443643986,6361.759778061822,-134.63259174052612,0.0
2023-04-20,-11957.476330978781,41423.14880197468,11550.137865027957,-841.6777138680776,-134.51960063887861,0.0
2023-04-21,5180.810510340846,376.1214073993882,-5515.860898873211,86.34509217028923,-134.82927777329516,0.0
2023-04-24,-9038.264941956664,1596.6115923580496,4497.779528088128,3145.6943486981068,-134.68617159867188,0.0
2023-04-25,-27152.158275436886,123627.70211044633,47585.86272833788,-4052.547314583518,-134.9248339758722,0.0
2023-04-26,6494.738401258798,6172.912240346057,-19978.42214324513,-2484.355635312224,-135.58429206601645,0.0
2023-04-27,20752.419340967237,-76778.54963119459,-14466.29399990402,696.2499438557911,-135.43388117052208,0.0
2023-04-28,-13165.285646782102,-39493.99886485006,-12555.352177699695,5397.044985681057,-134.9127309538736,0.0
2023-05-01,24292.921205632058,50124.16737753541,-22550.03787161154,-1193.6562435696173,-135.30827976130993,0.0
2023-05-02,-26542.776762525617,35813.20928674263,8929.4474403932,2321.7189072041824,-134.62062353753046,0.0
2023-05-03,-11256.514499850595,42955.53095008739,-12535.858519993546,844.3747956421286,-135.34999567349544,0.0
2023-05-04,-8923.826330621814,122778.09784717998,12705.357945269265,3830.6004941366746,-135.65085974842697,0.0
2023-05-05,0.0,-0.0,-0.0,0.0,0.0,-3226.2818753865513
2023-05-08,0.0,0.0,-0.0,0.0,0.0,0.0
2023-05-09,0.0,-0.0,0.0,-0.0,0.0,0.0
2023-05-10,-0.0,0.0,-0.0,0.0,0.0,0.0
2023-05-11,-0.0,-0.0,0.0,-0.0,0.0,0.0
2023-05-12,0.0,-0.0,-0.0,-0.0,0.0,0.0
2023-05-15,0.0,0.0,-0.0,0.0,0.0,0.0
2023-05-16,0.0,-0.0,-0.0,-0.0,0.0,0.0
2023-05-17,0.0,-0.0,0.0,-0.0,0.0,0.0
2023-05-18,0.0,-0.0,0.0,0.0,0.0,0.0
2023-05-19,0.0,-0.0,0.0,-0.0,0.0,0.0
2023-05-22,0.0,0.0,-0.0,0.0,0.0,0.0
2023-05-23,-0.0,0.0,0.0,-0.0,0.0,0.0
2023-05-24,0.0,-0.0,-0.0,0.0,0.0,0.0
2023-05-25,0.0,-0.0,-0.0,0.0,0.0,0.0
2023-05-26,-0.0,-0.0,0.0,-0.0,0.0,0.0
2023-05-29,0.0,0.0,0.0,0.0,0.0,0.0
2023-05-30,-0.0,0.0,-0.0,-0.0,0.0,0.0
2023-05-31,-0.0,0.0,0.0,0.0,0.0,0.0
2023-06-01,-0.0,0.0,0.0,-0.0,0.0,0.0
2023-06-02,0.0,-0.0,-0.0,-0.0,0.0,0.0
2023-06-05,-0.0,0.0,0.0,0.0,0.0,0.0
2023-06-06,0.0,-0.0,0.0,0.0,0.0,0.0
2023-06-07,0.0,0.0,0.0,0.0,0.0,0.0
2023-06-08,-0.0,-0.0,0.0,0.0,0.0,0.0
2023-06-09,0.0,-0.0,-0.0,-0.0,0.0,0.0
2023-06-12,-0.0,0.0,0.0,0.0,0.0,0.0
2023-06-13,0.0,-0.0,-0.0,0.0,0.0,0.0
2023-06-14,0.0,-0.0,0.0,-0.0,0.0,0.0
2023-06-15,-19037.15799616864,50162.09723402364,-22430.456903566403,1440.4662932227372,-134.94862751111802,-3256.421680946127
2023-06-16,9989.607280513841,-49379.796027115444,9601.426844895957,75.62762497796653,-135.4789898903612,0.0
2023-06-19,7.467944261896048,79.451961833625,47.656308419677735,0.6461546546574454,-135.2223691698562,0.0
2023-06-20,-4862.506939330098,-6672.710410095569,731.8846470613333,860.8623627085037,-135.2223691698562,0.0
2023-06-21,-2232.597485911793,-15054.017147404316,-1189.7451258171984,-1475.7227256965925,-135.3596400751408,0.0
2023-06-22,14241.660643494637,-11710.13763106312,-14973.848062703779,2940.3589790516608,-135.44339659997604,0.0
2023-06-23,-9486.249493121706,-4544.759915132792,20835.432597192943,-6778.341969616332,-135.05575881617796,0.0
2023-06-26,-4447.144210486609,46085.76338610084,4239.572535023305,-5808.5639252159735,-135.34185898448618,0.0
2023-06-27,9402.746465205835,-51790.27575204098,-4969.733233025044,7662.26151878374,-135.4611880576714,0.0
2023-06-28,-7685.148723625253,-3541.3476040004075,-12906.304749098095,-5906.7013679004085,-135.19867255948213,0.0
2023-06-29,26154.62395933344,-35872.95927744919,-7010.762048232753,-2376.3940255898488,-135.46753766340646,0.0
2023-06-30,-5049.562549883338,-50412.28446257379,16622.336872688207,-986.9869582214003,-134.78862445031513,0.0
2023-07-03,8883.044463134498,-32639.4626004611,64.92762762309209,3984.5827660414925,-134.95497259986698,0.0
2023-07-04,7.380098149999607,79.19032061828733,47.492305117061505,0.6430655698963169,-134.7057894552447,0.0
2023-07-05,10243.287643847847,58803.21760740727,17550.297553091274,3407.28782860991,-134.7057894552447,0.0
2023-07-06,14438.643737512151,4816.805723283778,34421.37915865361,-4000.748532283669,-134.33345714862503,0.0
2023-07-07,-864.7406054786059,62917.35739512073,-1204.9857657823525,-969.944051575341,-133.89300157333852,0.0
2023-07-10,-10113.750077366523,65685.8994780459,-18879.260276550296,3776.6641022495423,-133.88154130196526,0.0
2023-07-11,-967.4623744542133,-34255.02929998664,-15776.566825749367,1346.225777076327,-134.13966543001942,0.0
2023-07-12,-22371.150579235582,62648.504690280795,-8913.664101908058,-497.7552628666473,-134.20413781326175,0.0
2023-07-13,-18666.21810609988,50922.38167835876,-5018.932991695755,3074.11512884079,-134.83584285556697,0.0
2023-07-14,15633.383228981185,-83308.83931756168,-13739.447577909308,1549.8522940008431,-134.94862751111802,-6.849139759840909
2023-07-17,-1497.152486854616,5307.654348549201,-20205.319390843997,-3402.8805895617315,-134.56899834630357,0.0
2023-07-18,-2577.518356005487,-16641.28904168382,1688.955321154901,7688.711211650969,-134.6519485494349,0.0
2023-07-19,-5977.058326042338,-50824.5023030856,8851.41538887196,-1818.29877591192,-134.69346706806965,0.0
2023-07-20,14757.475313359115,8515.920048743157,15256.228322840849,1762.3638339005959,-134.9014947951044,0.0
2023-07-21,798.932377242887,-17227.648206267808,-7828.157310611077,-5514.52731729971,-134.45071760051195,0.0
2023-07-24,2861.796058132011,9449.910281876639,25302.082492487745,-7584.41473698918,-134.48031423870935,0.0
2023-07-25,5925.092610368162,841.1491677107641,-9286.929473124652,12519.526122122987,-134.40343992549342,0.0
2023-07-26,-6610.171342747419,13092.142966911599,-24143.15513584102,-1936.7916106879632,-134.1733987002942,0.0
2023-07-27,22094.846322392103,21842.534999036554,15704.169758473197,17.41278398438734,-134.39753739165025,0.0
2023-07-28,-7532.615774468211,7328.573966154966,-9807.396446872614,591.9918822506085,-133.7273027514689,0.0
2023-07-31,455.7273412746123,-9977.775586531985,2848.7039546968213,6744.710558599783,-133.95588381075586,0.0
2023-08-01,11168.562486910501,36605.58665418808,-9596.947968375443,1287.608701502706,-133.90892999942247,0.0
2023-08-02,2017.1096532627207,69415.57272799911,-39.06431022676546,-1836.7222509764763,-133.55792016189005,0.0
2023-08-03,13925.997429043216,95512.1501649429,-16425.12685615222,5348.570749146859,-133.4591708490646,0.0
2023-08-04,-20654.14110038443,3664.585865977104,-5699.85198114,-4473.329850728631,-132.96064253817573,0.0
2023-08-07,3602.4712820093187,57109.952548747155,-2018.446760416182,836.9022474998226,-133.64049954739264,0.0
2023-08-08,-8818.39657511993,-34661.43485806526,-6513.898903044961,1193.749918903765,-133.48927754484004,0.0
2023-08-09,1147.7149101968362,-53055.42936761915,-11077.992331010144,-6540.109288624619,-133.78671087936468,0.0
2023-08-10,11363.983169571618,21216.579579696674,26738.6433062883,-151.88096832009575,-133.83902908061307,0.0
2023-08-11,11031.740250984378,-29526.311867514793,20357.845561207607,-2643.2885815048817,-133.45384514598032,0.0
2023-08-14,7341.686852083667,-35553.26964980625,-10665.989462147325,-987.4791126190154,-134.94862751111802,-21.384089261373447
2023-08-15,534.1859926385912,49052.272350531406,11238.594214985322,-752.820387824419,-134.7834913201718,0.0
2023-08-16,10318.215945403857,9562.0435222761,-3245.8041069760493,3350.3331604414234,-134.72476804530888,0.0
2023-08-17,897.6192337020049,42557.145923367134,6348.301406731042,187.50396046862582,-134.40785548155657,0.0
2023-08-18,-0.0,-0.0,-0.0,0.0,0.0,-3270.9566304476657
2023-08-21,0.0,0.0,0.0,-0.0,0.0,0.0
2023-08-22,0.0,-0.0,0.0,0.0,0.0,0.0
2023-08-23,-0.0,-0.0,-0.0,0.0,0.0,0.0
2023-08-24,0.0,0.0,-0.0,0.0,0.0,0.0
2023-08-25,0.0,-0.0,0.0,-0.0,0.0,0.0
2023-08-28,-0.0,0.0,-0.0,-0.0,0.0,0.0
2023-08-29,-0.0,0.0,0.0,0.0,0.0,0.0
2023-08-30,0.0,-0.0,-0.0,-0.0,0.0,0.0
2023-08-31,-0.0,0.0,0.0,0.0,0.0,0.0
2023-09-01,0.0,0.0,0.0,0.0,0.0,0.0
2023-09-04,0.0,0.0,0.0,0.0,0.0,0.0
2023-09-05,0.0,0.0,-0.0,0.0,0.0,0.0
2023-09-06,0.0,-0.0,0.0,-0.0,0.0,0.0
2023-09-07,-0.0,0.0,0.0,0.0,0.0,0.0
2023-09-08,0.0,-0.0,-0.0,0.0,0.0,0.0
2023-09-11,0.0,0.0,-0.0,0.0,0.0,0.0
2023-09-12,-0.0,-0.0,0.0,-0.0,0.0,0.0
2023-09-13,-0.0,0.0,-0.0,-0.0,0.0,0.0
2023-09-14,0.0,0.0,-0.0,0.0,0.0,0.0
2023-09-15,0.0,0.0,0.0,0.0,0.0,0.0
2023-09-18,0.0,-0.0,-0.0,-0.0,0.0,0.0
2023-09-19,0.0,0.0,0.0,0.0,0.0,0.0
2023-09-20,-0.0,-0.0,-0.0,-0.0,0.0,0.0
2023-09-21,0.0,0.0,0.0,0.0,0.0,0.0
2023-09-22,-0.0,-0.0,-0.0,-0.0,0.0,0.0
2023-09-25,0.0,0.0,-0.0,0.0,0.0,0.0
2023-09-26,-0.0,0.0,0.0,-0.0,0.0,0.0
2023-09-27,0.0,-0.0,-0.0,0.0,0.0,0.0
2023-09-28,-0.0,0.0,0.0,0.0,0.0,0.0
2023-09-29,-0.0,0.0,-0.0,0.0,0.0,0.0
2023-10-02,0.0,-0.0,0.0,-0.0,0.0,0.0
2023-10-03,0.0,0.0,-0.0,0.0,0.0,0.0
2023-10-04,14597.938578858111,-12181.869371435892,-24664.945612142103,2113.927777207428,134.94862751111802,-3298.711922359609
2023-10-05,2462.496897517854,-30863.825681745293,21971.516923238145,-3691.5652019232493,135.33442761105562,0.0
2023-10-06,-10675.510859633638,-5117.497601135702,1384.5511599228635,4088.460929872,135.38722543201314,0.0
2023-10-09,-7.386989308143757,-79.4401497702719,-47.6403020780983,-0.6448452113034117,135.11228636781732,0.0
2023-10-10,20541.610072952382,-13140.93077411758,-8009.304047217567,543.2811324078327,135.11228636781732,0.0
2023-10-11,8913.79095493087,106535.99973666051,-4286.5081510714335,-658.222903921848,135.6750591996201,0.0
2023-10-12,-19260.47394537752,-43837.7344538257,12259.19356563992,-481.3225848911417,135.9873853034716,0.0
2023-10-13,9305.281313855487,45105.729881651656,-7852.562063251675,3650.9702195839614,135.45149107874616,0.0
2023-10-16,-13141.595740596285,-28433.426080337253,9756.352016384395,1062.014198025079,135.75126277289672,0.0
2023-10-17,-19506.323262463186,20459.45007395152,-20977.49472541236,-609.8386216256118,135.39273215345366,0.0
2023-10-18,-8941.977257991559,-44230.63154404507,-24112.389787817512,-2774.0199345114115,134.8436256732948,0.0
2023-10-19,-6835.213034028928,-110460.61839003656,-7374.172733045954,4890.362135095144,134.51916396001607,0.0
2023-10-20,9702.565526799814,-38788.21154783291,14395.010749128412,-5852.804365676329,134.26623163902096,0.0
2023-10-23,9172.369230090015,42953.72050947331,-3004.6134840735526,328.0334698922946,134.5092029535124,0.0
2023-10-24,3909.582913552401,20502.930359666712,-34397.143829225584,9742.684422396871,134.80444788556412,0.0
2023-10-25,-16125.818185383327,-56185.07108356778,21790.536414906517,-9406.890958553124,134.94408192764,0.0
2023-10-26,13832.370332792414,12013.618773257049,7458.54731808568,-4084.190486873584,134.42256441824472,0.0
2023-10-27,2722.5320531127904,-32803.09583596561,15171.800943328739,4679.6175134602,134.82219951834674,0.0
2023-10-30,-5656.657935324955,17875.458243100024,-6872.36154023753,-5347.390725457846,134.92118846319198,0.0
2023-10-31,-2471.329851603379,29743.37936791142,9842.64771221767,2808.3851488701894,134.73516584653717,0.0
2023-11-01,19681.941465029453,-31822.34905364679,8180.982684859905,-6655.158331048462,134.71150388408276,0.0
2023-11-02,9847.012211545021,125287.59766076617,-12679.23647047419,7409.677970651822,134.94862751111802,-7.610142059464124
2023-11-03,20859.51333794026,-74046.49053124788,9659.875200156248,-6077.754835777566,135.33990518209254,0.0
2023-11-06,-17477.39201640531,19349.027997178582,-556.9115997108441,-2261.660840693745,135.84051447945407,0.0
2023-11-07,12178.332785841409,50046.80247322646,7811.413173912438,251.91204061213264,135.36946590171465,0.0
2023-11-08,9074.773049722284,98336.63028817107,-6297.30595772076,9576.765127342045,135.7518271248109,0.0
2023-11-09,-23570.665363228716,-18766.28162513232,4627.590346314003,5852.872354464435,136.11283338101595,0.0
2023-11-10,1689.080951106005,33304.2876486103,-11224.411740683536,-3842.5393588018346,135.51593837745745,0.0
2023-11-13,-1493.0326476036896,-28118.42732804694,-11076.188017784809,421.04094419222463,135.5512336190761,0.0
2023-11-14,36085.11268395304,-58239.737345120186,-2116.578716832205,-4410.197640548337,135.48067270082012,0.0
2023-11-15,-17051.34853418869,19825.296159863006,7273.6228274701325,-1428.8140552367497,136.39796247095367,0.0
2023-11-16,13625.468034708667,-13234.961471509845,9098.528381341326,1251.69736581556,135.96459130447624,0.0
2023-11-17,-1004.9969899702454,63413.59608761364,-1316.0130547024248,-1002.9732128054502,136.3384928201642,0.0
2023-11-20,1959.8785564049087,21582.19170944794,6111.405128570202,535.4683105780149,136.35055966143574,0.0
2023-11-21,3400.3176617347344,-23133.99107747406,2738.69255418816,-2995.002750726247,136.4280959852675,0.0
2023-11-22,-2571.217657837032,35273.30790625713,-12400.121331714288,-578.9052844401132,136.48763154484374,0.0
2023-11-23,-8.08798976580097,-79.76961480393588,-47.91278445740206,-0.6577069581286402,136.4280959852675,0.0
2023-11-24,-8655.96478686408,-13538.554889339057,-540.6819502584265,1779.7477420007917,136.4280959852675,0.0
2023-11-27,16192.798060376203,-11490.568478806324,4344.671705235407,-8061.029380642143,136.2019173695607,0.0
2023-11-28,12585.88398113545,-71195.11410786923,-355.95394622888483,-403.60830128251615,136.583109878274,0.0
2023-11-29,14763.192265944766,-6216.981662949958,-27817.75840333286,345.6803368425828,136.85794051415627,0.0
2023-11-30,-18534.61990336066,-9620.8346869736,18661.184085208002,-2720.3791377596594,137.20606665755233,0.0
2023-12-01,27289.19801279439,-21629.08078341465,-23263.672864564884,-2531.392992326403,134.94862751111802,-19.022242581304454
2023-12-04,-11854.442746339852,36725.43070840952,-7885.564125800509,2610.2177356647408,135.6693461504288,0.0
2023-12-05,17128.58467092132,40680.77197920709,-23073.244998378206,-4515.391593320916,135.3731250485426,0.0
2023-12-06,5938.519396894641,79130.66211798154,4010.945653868388,1391.408316687967,135.8297962393484,0.0
2023-12-07,-880.4930367154252,-38392.34660869336,3359.851889755889,-4495.937086355848,136.062434286393,0.0
2023-12-08,-18975.40904416032,51434.267357331955,2674.801186570019,3967.14354364898,135.99071013171104,0.0
2023-12-11,-917.3780503044932,-4184.12855896905,-122.44432210945955,5088.412109434185,135.5388219488158,0.0
2023-12-12,2452.2404486234013,28415.630343657904,18783.799299646405,419.6589525706892,135.5388219488158,0.0
2023-12-13,35106.79283880801,-114330.57192173801,-26057.016684796883,-3545.045455116577,135.65163877561173,0.0
2023-12-14,21770.007153028466,49255.28166941176,-36595.31102699728,-2942.9181116619043,136.48123753036913,0.0
2023-12-15,-1778.6556173274967,68472.86435114461,18230.484280661836,-4537.720890566333,137.0417322071999,0.0
2023-12-18,-5454.214247855544,-41193.271215116016,-7555.906398968114,3136.2050670972926,137.04244376378483,0.0
2023-12-19,2735.255805080575,4182.270000659294,-13538.13833887265,6819.148897201359,136.87885588545504,0.0
2023-12-20,13127.77703752124,-13741.341918703156,1292.5552295077066,410.04112758508114,136.97548513263004,0.0
2023-12-21,-3869.6278037003713,-42852.58672851191,5185.9070998719735,606.193520595519,137.31465523799073,0.0
2023-12-22,-519.9468177883582,-27921.012699773077,-3313.8034423603967,1286.9917933561499,137.19297683627852,0.0
2023-12-25,-8.196575657882104,-80.15304606562498,-48.150877260479064,-0.661927731620165,137.16242671560624,0.0
2023-12-26,2017.6851240228398,-19922.59843729281,-36333.55705438643,14075.537796478946,137.16242671560624,0.0
2023-12-27,17633.72410773259,18770.71866527795,10631.709797615229,-5178.741278958803,137.2347850669453,0.0
2023-12-28,-9434.738728648872,18320.307766429192,4688.8200190916705,-4742.930639505738,137.6971943449454,0.0
2023-12-29,-3519.0725048999884,-58411.40077829243,-7701.771009684126,-1709.926516317125,137.44767741533772,0.0
2024-01-01,-7.354480301302433,-79.36056186930205,-47.58976773802876,-0.6438176024848234,134.94862751111802,-30.47707507211678
2024-01-02,-13480.539767738825,34820.834530351254,8457.198374637546,67.55823523826388,134.94862751111802,0.0
2024-01-03,4409.889203509024,21969.990901941488,11968.425275369893,1381.9751864533919,134.59915301496258,0.0
2024-01-04,-12145.168600153243,-22199.84547632139,4962.357905714269,-696.635947078086,134.7647461084615,0.0
2024-01-05,-8891.165645926096,-40586.54825146676,5849.88414166521,3775.194345153052,134.40437210800485,0.0
2024-01-08,7101.5492321907295,-1691.6144167766563,-2637.423560649005,-3151.435168644807,134.1456822528893,0.0
2024-01-09,-831.4352065147597,-8615.659205814825,1740.449169949198,-2365.084937096951,134.33383396173394,0.0
2024-01-10,-2972.363101776734,-6704.591389998235,-1216.0143978738745,877.7409983416771,134.29267992033851,0.0
2024-01-11,11761.149619084184,-62001.693119848154,-2138.6055227153843,1969.408558645878,134.20452914874903,0.0
2024-01-12,7539.563510077628,-96703.25781176992,-14294.808416805692,3271.1662055256074,134.5168167681779,0.0
2024-01-15,-7.138481293687928,-79.33897218040966,-47.55291041563827,-0.6403903765779856,134.6707542663138,0.0
2024-01-16,-16953.561608633117,-14395.688027533208,965.4098137633291,760.975317585447,134.6707542663138,0.0
2024-01-17,-9318.772163102638,77741.19471872084,20626.64152300461,1105.2240051424094,134.1704591282291,0.0
2024-01-18,-4857.382232099368,-42351.45598921743,6945.273522867758,552.0447058860499,133.97633636656866,0.0
2024-01-19,-3709.951316713549,43684.05815796043,-2602.1753497012614,2552.3489604053984,133.81291739732902,0.0
2024-01-22,6156.080560264187,11141.108186118598,7077.126049154278,-4986.927061934397,133.74249094890178,0.0
2024-01-23,-2678.206596115867,-76407.97339920966,-24071.602777255495,13456.605167112664,133.9176500151457,0.0
2024-01-24,-3889.4901934041663,-8833.869516446968,16943.65995328053,-13884.604995782809,133.83071681459717,0.0
2024-01-25,7153.165039846765,-20601.767280197804,-7622.455735957287,442.7867355209195,133.6499517934813,0.0
2024-01-26,-3959.606193075002,42035.29551328512,11778.633057540577,100.15137814409961,133.84852663318523,0.0
2024-01-29,10489.858448648225,13447.288874291002,-3251.4702325604776,-1658.6483728811108,133.77213355200038,0.0
2024-01-30,-2112.731495978568,74329.10125086067,11341.804538922805,6306.877078684754,134.94862751111802,-7.812911743312725
2024-01-31,13600.808222073241,-22413.432745431175,-8414.344959231443,-2764.3104264252243,134.98985465266145,0.0
2024-02-01,18765.17984251484,35408.790100612336,-2723.4247504578957,-1080.9757048861175,135.33397317748097,0.0
2024-02-02,-29161.180894194393,28927.9551523199,-3828.9079933056096,2470.3970463692913,135.87720842031786,0.0
2024-02-05,-22690.200319733118,-21145.070776623263,1650.0602602537474,1627.6302719317734,135.11425467681573,0.0
2024-02-06,13419.38726925732,-9066.84077846075,9103.890986431159,-3792.8064978561633,134.47665760778807,0.0
2024-02-07,-3033.746549037133,6630.709483212334,4745.743985389462,11498.253396454757,134.84791880729145,0.0
2024-02-08,-9646.321693225253,-1008.6399529976502,1454.0246493930842,-977.5688224422943,134.83606122864998,0.0
2024-02-09,-3047.481587250871,5819.489301967318,-1080.899549515863,-1799.4921094536755,134.55893086325983,0.0
2024-02-12,1241.4041027475448,-14945.938664267762,-4979.137822819748,-1404.8683005331309,134.46481616900056,0.0
2024-02-13,-25377.214003878635,62768.72448321011,2437.4059909502453,271.76174330727696,134.47665760778807,0.0
2024-02-14,7904.371404732458,-47543.7653338136,-3099.9067085294632,2503.729962188997,133.7975233370325,0.0
2024-02-15,3853.3628902129826,19464.51998544502,8989.215232505137,-2713.866240756435,134.00783875690098,0.0
2024-02-16,-10170.030249626077,32423.127290562832,1782.2135296268093,-3970.4172435482283,134.13043780462635,0.0
2024-02-19,-7.038619613248679,-78.88786809505638,-47.27591207960992,-0.6358484869325548,133.8382482748475,0.0
2024-02-20,5430.424139113549,-26753.31017159047,-1059.2511224434606,2143.9630425055057,133.8382482748475,0.0
2024-02-21,-8326.7735985817,-571.5149868068796,9179.905122978707,-142.09190094963276,133.99011283199627,0.0
2024-02-22,-2962.020058759312,47675.00198057576,-2524.43699797125,-2418.817936192428,133.7568266098683,0.0
2024-02-23,9822.203361146465,54838.241738243654,-12411.492077922236,-3121.839756093924,133.68666649406208,0.0
2024-02-26,-3261.7536224711066,-8355.216290865106,13154.254520970879,-1590.6178647352394,133.98373221581,0.0
2024-02-27,-4636.467028913424,-19263.251374867024,495.7348091165311,3508.8673810976893,133.89029129977936,0.0
2024-02-28,8662.571590488546,-16607.32167517098,-7595.807073170549,-4594.391469658583,134.94862751111802,-19.918250142607576
2024-02-29,1706.6520045637774,17060.681181392752,-3639.6024490264035,4775.519902141317,135.1490712417944,0.0
2024-03-01,13183.176198108515,-37478.976578851514,-11524.25821678424,-4214.723758987674,135.23168358051427,0.0
2024-03-04,-7423.222442853027,27509.673890408303,20305.07294149839,-564.9355271133824,135.53957205325614,0.0
2024-03-05,14580.915986239694,15752.296612651387,-11831.948336589425,1676.7192895625064,135.37361384193918,0.0
2024-03-06,2273.0643102329113,27690.970001360016,1329.8293989474362,-1236.6680910945677,135.7891349276655,0.0
2024-03-07,5174.163634198991,-43773.51246226691,10347.32892472918,-1781.4440831109664,135.86661244801047,0.0
2024-03-08,920.7736659487725,-21198.419915364928,-247.71930638425835,341.00703371633824,135.97986632218868,0.0
2024-03-11,-2752.8325700134988,20943.133847052817,2018.5414335753503,-371.2557614728543,135.99176197164758,0.0
2024-03-12,-11419.816531442497,13961.471938285398,6436.0661979042125,438.8122121737262,135.93213822715867,0.0
2024-03-13,-6291.531185268115,-4486.3164606044,5465.617621185634,5003.271719885748,135.64046459509663,0.0
2024-03-14,-16209.336496928916,-14334.59857299394,-892.3747754715471,799.3297249160331,135.49800603973353,0.0
2024-03-15,-4082.944462909925,34994.94106583854,-10460.882855340014,-595.6843398125915,135.04286057963043,0.0
2024-03-18,-4419.6843739045735,-13268.768786106908,-4248.3836722489195,1799.486283795634,134.93678262430493,0.0
2024-03-19,6964.440489880912,-20353.86079388944,1960.92460740231,1254.3296595820398,134.80750041054242,0.0
2024-03-20,7450.505762892658,-68975.45539643538,-1464.3112907733369,2846.911859038057,135.00165451640729,0.0
2024-03-21,-1284.69413275805,27429.170298102614,5043.702895840815,-1283.4803239015437,135.17873817313108,0.0
2024-03-22,8402.33417313708,11309.605647658025,5271.420151613767,-5051.514975793223,135.1609345547194,0.0
2024-03-25,-2120.4554010667416,-52067.054015809495,-33639.78152291454,7495.618965685313,135.38548407437813,0.0
2024-03-26,946.3875061768204,25528.563982102376,8020.815833953007,-4563.550731153371,135.29104629293462,0.0
2024-03-27,6201.245350682368,13239.825980010568,2303.18604454574,-1778.8842784476453,135.32051367270034,0.0
2024-03-28,-2649.265765406099,50423.330259152375,412.0761371815069,1678.910741560939,134.94862751111802,-8.381729988228471
2024-03-29,-7.377370689124745,-79.32582891423314,-47.57185685565717,-0.6439326034423903,134.9189890624574,0.0
2024-04-01,-22546.19401793124,-1366.0232135463632,24071.256177083273,-372.4748161777239,134.9189890624574,0.0
2024-04-02,-2582.285866454295,-42612.96658594538,-4493.24625999242,-215.84129980764072,134.30809377607423,0.0
2024-04-03,1213.2657780220122,-14936.19293135783,-4974.020603614439,-1398.6364393960275,134.19737368148463,0.0
2024-04-04,6714.031018461079,9183.436649640586,365.8859555497376,3270.88437128295,134.20920029397158,0.0
2024-04-05,-13105.194059917128,5226.82069093711,10024.03335353452,-1965.1343462387563,134.43132728335826,0.0
2024-04-08,-5906.117174733118,28649.952717817087,-3832.8155292918314,1112.3885500730544,134.05735457600042,0.0
2024-04-09,8742.510299828544,7262.063049485042,3314.7297900483477,33.14724379505794,133.90579123277797,0.0
2024-04-10,-33712.29908342161,64208.557774952955,6871.639094305612,3395.60089218439,134.17373423649195,0.0
2024-04-11,646.2361205396952,-34143.114609401055,-17623.765127956493,1360.5164347514224,133.26794286240494,0.0
2024-04-12,8907.585180477921,-7215.579944248253,7944.759981328981,-560.1968900807673,133.25121865443086,0.0
2024-04-15,-17159.212268115407,-56581.78243611098,-5309.730353643426,566.8719394400077,133.52262985859963,0.0
2024-04-16,-5874.934455931177,5584.776001770301,2600.472732487653,-1816.9003046500106,132.97018715166374,0.0
2024-04-17,9792.175290558882,16134.064677462797,9208.765299008239,3161.7697025780903,132.78667203853783,0.0
2024-04-18,-7617.928858146514,13546.148452979036,-5036.003222848775,-335.77027891295273,133.13061027298832,0.0
2024-04-19,2751.679189290158,6503.17489822257,1112.5892804640368,-863.8211420192016,132.9007356867468,0.0
2024-04-22,-6.6505764589908765,-78.62832572955733,-47.079603636967136,-0.6282114536840099,132.9867172791993,0.0
2024-04-23,5262.586543181556,-79960.37745610507,-31270.508307609463,6205.684809726317,132.9867172791993,0.0
2024-04-24,-4906.980451298599,-18922.485299249267,21496.44919313821,-7138.8666435052055,133.09157207486336,0.0
2024-04-25,-8489.69943741743,20263.56794538532,9330.71251411462,-468.22237936438967,132.91369390203084,0.0
2024-04-26,3906.7788194059053,27685.369329268553,-532.0911328375624,-1195.005643347755,134.94862751111802,-28.363718623259047
2024-04-29,4121.744969277018,28468.285533700684,16886.521709043056,445.47772420980715,135.07121855036587,0.0
2024-04-30,-10706.50967847356,20027.131905652914,1656.3321296925042,-1320.7464325752078,135.2291566041422,0.0
2024-05-01,11826.386045327097,-22507.49338728391,-6556.974731102512,-2791.2810254414153,134.9422014293392,0.0
2024-05-02,10218.220381496893,-47779.755188696196,-4983.297139104685,2576.3719201175986,135.23506831342183,0.0
2024-05-03,13137.766604251256,-630.6635438468609,9218.63576787102,-1468.1186323347417,135.49377452652143,0.0
2024-05-06,880.7758084936999,21123.051078429646,-1712.8842096443273,-312.97451633221596,135.85952866631013,0.0
2024-05-07,2188.9862121855,23246.14795547844,-8423.97868984762,3054.0503940674857,135.89500293179876,0.0
2024-05-08,-3585.026829740499,-3955.091050740477,11425.810594570079,5901.907038860977,135.97789526230707,0.0
2024-05-09,6293.976955669835,-119.12402397104756,-15322.639283606719,-729.9115085926636,135.92458033994023,0.0
2024-05-10,-9618.976323413333,18517.81201264442,14335.268498950194,-3834.372440536452,136.07276134038204,0.0
2024-05-13,3227.2327852449876,-6012.808881636371,992.7159190945504,1826.7890040947022,135.82397227745108,0.0
2024-05-14,6815.1161450579575,-2141.582547947337,-10475.770299520775,-4070.6252181377376,135.918654850643,0.0
2024-05-15,16356.064536951195,-9033.651438046705,7315.525784778378,-3839.9743318566343,136.06683124835487,0.0
2024-05-16,-5787.581224507147,37573.85306469474,-5689.911394452304,3578.9510423743973,136.48926062699095,0.0
2024-05-17,-7919.982905188561,6006.58773077168,12348.755801350208,-1078.3336012466582,136.37605575396876,0.0
2024-05-20,-2468.037584420762,-19714.306437220446,-11056.121480125457,2817.8180071664196,136.1797005896847,0.0
2024-05-21,4283.169269482998,19650.8117464715,9090.541044489066,-2786.5041682499377,136.1024489072198,0.0
2024-05-22,-4792.01630468147,29014.622576788133,-5743.429395535224,1173.6755895542112,136.227261300039,0.0
2024-05-23,-7958.456062426432,14160.170229912657,2705.6049198578307,498.6673540849157,136.1203199984805,0.0
2024-05-24,-452.01632690305365,23472.23453551238,3119.4318809792294,3846.6822449905344,135.9245865462452,0.0
2024-05-27,-7.354480301302433,-79.36056186930205,-47.58976773802876,-0.6438176024848234,134.94862751111802,-8.152480137849228
2024-05-28,-9050.51920573618,-62187.27344697647,9468.385798871448,-8365.541773669342,134.94862751111802,0.0
2024-05-29,-10304.966247695102,-39075.675413563346,-6720.936823666971,6231.381177566901,134.6153684066838,0.0
2024-05-30,8812.652841397603,7282.208407468793,3324.212209482394,33.26827173295296,134.31859833925097,0.0
2024-05-31,6816.915158876701,4744.176632276467,2232.2835524079014,-4103.050407865861,134.58640441350548,0.0
2024-06-03,15832.546092439115,20246.620558787297,-3951.036452169876,-2535.139172213541,134.76748766845287,0.0
2024-06-04,11870.53711556621,15984.372111238385,-316.48815602614314,2451.4594206363363,135.21925919353035,0.0
2024-06-05,7502.7772320395,-6149.72704261412,-12400.191083215932,1064.5811007763539,135.57920799847724,0.0
2024-06-06,1888.6980181186616,4470.506669172146,7840.066612377049,-4253.340762857435,135.7747215646657,0.0
2024-06-07,-26789.515203615763,20885.428854069927,3921.863854889242,928.658242818567,135.8162532653942,0.0
2024-06-10,-4408.519486300642,-30322.002909562565,-2519.7712096289843,-2942.2089542471567,135.10735203161784,0.0
2024-06-11,11702.735303451496,3401.5310455410204,-452.7134608012672,5131.885358207591,134.94311235547272,0.0
2024-06-12,12927.450477331777,-630.4173010875301,9212.48378755461,-1463.4758596626443,135.30759038660258,0.0
2024-06-13,12997.156482295786,-1405.8911793912896,-8250.39268728835,-3124.351776603949,135.6739364347956,0.0
2024-06-14,5806.027495902675,36093.37953762013,-12028.965368589461,387.0314071657673,136.00642851321356,0.0
2024-06-17,0.0,-0.0,-0.0,0.0,0.0,-3281.163133029826
2024-06-18,-0.0,0.0,0.0,-0.0,0.0,0.0
2024-06-19,0.0,0.0,0.0,0.0,0.0,0.0
2024-06-20,0.0,0.0,-0.0,0.0,0.0,0.0
2024-06-21,0.0,0.0,0.0,0.0,0.0,0.0
2024-06-24,0.0,-0.0,0.0,-0.0,0.0,0.0
2024-06-25,-0.0,0.0,0.0,-0.0,0.0,0.0
2024-06-26,0.0,0.0,-0.0,0.0,0.0,0.0
2024-06-27,-0.0,-0.0,-0.0,0.0,0.0,0.0
2024-06-28,0.0,0.0,-0.0,0.0,0.0,0.0
2024-07-01,0.0,0.0,-0.0,-0.0,0.0,0.0
2024-07-02,-0.0,-0.0,-0.0,-0.0,0.0,0.0
2024-07-03,-0.0,-0.0,-0.0,0.0,0.0,0.0
2024-07-04,0.0,0.0,0.0,0.0,0.0,0.0
2024-07-05,-0.0,0.0,0.0,0.0,0.0,0.0
2024-07-08,0.0,-0.0,-0.0,0.0,0.0,0.0
2024-07-09,0.0,0.0,-0.0,-0.0,0.0,0.0
2024-07-10,-0.0,-0.0,0.0,-0.0,0.0,0.0
2024-07-11,-0.0,0.0,0.0,0.0,0.0,0.0
2024-07-12,-0.0,0.0,0.0,0.0,0.0,0.0
2024-07-15,0.0,0.0,0.0,-0.0,0.0,0.0
2024-07-16,-0.0,-0.0,0.0,0.0,0.0,0.0
2024-07-17,-0.0,0.0,-0.0,0.0,0.0,0.0
2024-07-18,0.0,0.0,-0.0,0.0,0.0,0.0
2024-07-19,0.0,0.0,0.0,0.0,0.0,0.0
2024-07-22,0.0,0.0,-0.0,-0.0,0.0,0.0
2024-07-23,-0.0,0.0,0.0,-0.0,0.0,0.0
2024-07-24,-1079.7286341490117,-69481.48405985894,19391.82424900929,-8965.560182512969,134.94862751111802,-3257.9651167398188
2024-07-25,-45.81988180447318,54611.37964174386,-1368.9581017390383,-3331.3063297008653,134.84292318675207,0.0
2024-07-26,10486.324684137531,1286.037034792523,6223.265410892662,1808.415023408353,134.86031646515795,0.0
2024-07-29,3069.4924363832783,23612.96551418972,-607.3499333649332,3861.83005363046,135.1788214758735,0.0
2024-07-30,3125.1205584129425,6575.279046963304,1127.1022292827015,-890.641034670931,135.30302849245658,0.0
2024-07-31,10241.95718457944,-5606.095909042985,-6449.598138780192,1931.0026184148974,135.39191888777782,0.0
2024-08-01,19918.065211838133,-36810.638987634484,-9332.549517311145,-3311.5456154980134,135.67713252081413,0.0
2024-08-02,38934.468043219735,-81050.44343326325,-50893.52095672229,4450.907901961894,136.17278932711045,0.0
2024-08-05,2712.315321682475,42267.280330799294,-13153.435064261439,-1461.2988668267399,137.14292970970354,0.0
2024-08-06,-21606.60826990269,-16351.78687018595,17493.557529024933,-1803.9072178494255,137.222045640608,0.0
2024-08-07,-9929.622246151876,-45506.30417258242,-3875.5622617288063,8204.397508972643,136.65324528002478,0.0
2024-08-08,-6034.696048110881,14301.51852821987,841.4022730638333,527.9168806536998,136.39440371489943,0.0
2024-08-09,5613.989144523207,43415.2571785693,10412.709134270674,1095.1009092439149,136.24444715155195,0.0
2024-08-12,7917.673093951287,-1710.2260032733645,-2671.005755273689,-3241.2531424867166,136.44867116400172,0.0
2024-08-13,10812.039944796425,-35463.037418722575,-4885.695195022762,-128.64088685288021,136.6412789962291,0.0
2024-08-14,2795.5580825862194,34017.44651940501,-3461.464251143267,-3041.9783893304884,136.90069598533157,0.0
2024-08-15,-19548.60187943345,56181.93826551763,12506.377867219324,-335.0167960451337,136.97952143574574,0.0
2024-08-16,4637.376498414047,8742.437725047053,-5600.415168195014,2487.0513182166274,136.51503036353017,0.0
2024-08-19,4244.284019271638,27901.54537094061,-536.9678493926835,-1220.6381824997216,136.6536295216282,0.0
2024-08-20,9380.237947725567,-21212.819367954104,-17471.31956283898,-362.8131215001778,136.78054376550512,0.0
2024-08-21,8197.68287187839,-44248.73824756609,-1203.6222491013164,-2602.440640624017,136.99203776264105,0.0
2024-08-22,-12595.051917329269,1242.1850587442286,8121.777832881905,3096.140398192442,134.94862751111802,-28.888523006841915
2024-08-23,10227.182266626438,-41560.52047312368,-9707.547050236433,813.4792237569454,134.61630462984937,0.0
2024-08-26,-1723.2119219648737,-178.36443130350565,1808.0167192187087,-29.202282449876712,134.8773583785272,0.0
2024-08-27,1852.24211783133,-66309.36368076534,-32567.939451972918,6895.042790311864,134.8298489459157,0.0
2024-08-28,977.7267517089887,-8575.70325740768,11465.421505719722,-13982.920901926485,134.8360363650847,0.0
2024-08-29,-5089.487235251166,12183.432391917879,5655.735774915839,-2768.1551899815227,134.79454432615208,0.0
2024-08-30,-7585.561259617347,-4568.878762619455,7293.979134899066,4904.773190316635,134.64637813174014,0.0
2024-09-02,-7.087773021200375,-79.2409721911986,-47.48949217069011,-0.6389627587268817,134.45720014181592,0.0
2024-09-03,9681.330926955003,28374.98121251677,1673.1670095194381,-273.0104306991271,134.45720014181592,0.0
2024-09-04,14754.027106492096,-35641.06619766794,-27800.963858814317,-1674.4022152073535,134.7647178406392,0.0
2024-09-05,4741.266806718545,23727.81890171858,-2466.4961648921694,3881.628885403774,135.12740336735166,0.0
2024-09-06,5570.614310235984,-69985.67064458397,-17057.978352135535,1180.8141057309506,135.3003358063012,0.0
2024-09-09,1797.5246837466361,34143.60341379007,6228.808926834282,-2174.019514189996,135.39599282832117,0.0
2024-09-10,10026.826658774818,-39741.80345674516,-14598.14766156968,4133.593338478274,135.4677302528317,0.0
2024-09-11,-1804.9643156991615,29543.842848407992,214.38691195686195,2031.584647148183,135.73143978259262,0.0
2024-09-12,-4808.496791033975,-15017.062704550273,10255.783504173613,-697.4425401748822,135.71345624473838,0.0
2024-09-13,6471.184434648449,-36289.92496499338,-18614.705880073696,-1833.6995935172058,135.57551079540718,0.0
2024-09-16,4368.8439900975545,21340.67053602481,-5444.110225694446,-253.85865966206575,135.7014178928772,0.0
2024-09-17,-4452.5371063701205,8228.208849030258,3747.655811256469,2316.4540833533924,135.83355560714764,0.0
2024-09-18,-7429.2258942101325,-36341.04910556088,13789.155951394818,-415.1636160502341,135.73143978259262,0.0
2024-09-19,-2778.2993641686976,-34764.230284227866,-14136.900257612715,1337.1440477152673,135.50965903470194,0.0
2024-09-20,1652.7830905475848,-33994.36491681892,-10015.773339272344,2222.4065380325264,134.94862751111802,-12.262474285205826
2024-09-23,-3943.252502819808,1737.8984404295616,-1158.5385710098474,3238.6602051242908,134.9725259258398,0.0
2024-09-24,5486.807910920728,-57261.52845449865,-16877.108212744868,-1512.2241152682648,134.87728109315108,0.0
2024-09-25,-8183.57602294654,-7027.056063361246,4350.174722155264,798.4761849541851,134.96674745079238,0.0
2024-09-26,-3353.3649861100425,63300.86021167453,10174.974426663159,-206.0590838124559,134.73495075302546,0.0
2024-09-27,6892.350963063514,-20349.16786036097,1960.1319339975619,1251.8482644756584,134.6931244334963,0.0
2024-09-30,-12424.220901429539,47818.62701466413,16369.601452735771,-1787.131026177439,134.8892326380029,0.0
2024-10-01,10715.099626969508,7385.019303595571,1474.9879245708137,61.87589768995493,134.57437364723572,0.0
2024-10-02,-7365.467132466321,-28033.439322265225,4147.50987135878,1135.890847636152,134.89502413026725,0.0
2024-10-03,-10323.637748675632,19987.431930193885,1652.063437126125,-1310.2542770409925,134.6752163916552,0.0
2024-10-04,-26586.36153244274,105478.38779516751,20190.45727835043,1229.4571797509807,134.38498291004657,0.0
2024-10-07,-8196.397732829373,11908.349687357942,9302.479795411813,-2794.2323949730467,133.71338257774542,0.0
2024-10-08,-799.517721342323,-21040.12195981782,1596.0279168948045,302.7072770678675,133.47338466436602,0.0
2024-10-09,-4236.881391072142,-675.5553936945231,-15553.844872656942,10583.215512510867,133.4385117977565,0.0
2024-10-10,-2369.2084796579347,-38019.078626913426,5150.657240780444,-4372.269220033534,133.3510720584814,0.0
2024-10-11,2485.053565934971,-28888.16458411197,7397.721301071181,-1158.5266094186024,133.23494066528596,0.0
2024-10-14,-6.760591054808923,-78.74279100079552,-47.15935154145634,-0.6306507224044222,133.29338431946516,0.0
2024-10-15,5508.696876396894,50522.06336225718,-8787.684932843427,1784.636991393586,133.29338431946516,0.0
2024-10-16,2787.2817741425933,-2314.756017860367,-6659.043159965447,-4003.737908186178,133.49709703774468,0.0
2024-10-17,-10132.990998672503,-40520.03367862178,7663.827154009994,3707.182748949062,133.5497877801262,0.0
2024-10-18,2026.5575973319958,-1979.0617536653083,2891.8596087686046,-3200.267646764984,133.24679685167848,0.0
2024-10-21,-16973.843331758264,-28972.60580857565,5652.092452121116,159.40806070072588,134.94862751111802,-21.76075335824862
2024-10-22,-1787.6009960403926,7930.843996724592,-7742.689254659903,1509.2858031393068,134.45367061713532,0.0
2024-10-23,-6436.960070523162,13729.716453259689,-6923.057633512073,-312.6663224061152,134.40668611505419,0.0
2024-10-24,3751.8217400166363,27597.751529850484,-530.0718463240175,-1183.6520977707887,134.2190441538145,0.0
2024-10-25,-6707.273758600995,-474.1234331888918,7352.365685011769,-114.15321492391615,134.34189857132614,0.0
2024-10-28,-4336.599752145803,-5126.660072809803,-13760.567661024821,3314.5002464349423,134.15438879095305,0.0
2024-10-29,730.2704909135356,-413.9996675715383,-9633.023375216146,-796.6728772900298,134.02593745316136,0.0
2024-10-30,-2224.9372608635585,47444.47960018468,-12116.265851132004,-3219.198533820294,134.0318747257811,0.0
2024-10-31,332.8413912140826,22950.45096788032,-6492.836557849239,2950.9269450346465,133.96735114943434,0.0
2024-11-01,-12799.715805302034,-36734.99918515321,11450.99853998995,-1316.4244116170812,134.00219993378505,0.0
2024-11-04,8828.055167200275,21403.962476193767,-10905.978422218233,-163.49165706077426,133.60653649034577,0.0
2024-11-05,4105.846613420144,59420.76402810008,822.1982705467893,4914.479439659237,133.87400890650252,0.0
2024-11-06,-21262.0312216469,-63032.215347337646,14609.293299145918,-9302.984205684572,134.06605665934995,0.0
2024-11-07,14185.923370863022,16805.33195716889,13267.692183672494,4059.573769589834,133.36864001800777,0.0
2024-11-08,-975.2383189086885,70828.3947079978,-10811.513487020964,557.2026465585894,133.8502945085759,0.0
2024-11-11,-7.020737180844399,-78.91500217972292,-47.289904421976374,-0.6357586458662486,133.8614024284099,0.0
2024-11-12,-18395.954949195042,-23264.667094836972,-4985.131147210895,-2421.0571906224986,133.8614024284099,0.0
2024-11-13,1200.754826181881,-81586.75916827646,-3774.1614769204784,4523.551675695729,133.28684474255704,0.0
2024-11-14,-1204.77611369367,81468.87648085228,3681.1541463137605,-4520.848621134375,133.2878920632985,0.0
2024-11-15,1260.303972465609,-35387.17768411738,4398.659224520621,-263.5958088952685,133.28684474255704,0.0
2024-11-18,1681.8725978988784,-20504.339823001887,7462.7069728870465,1146.9828260222052,133.30458383064376,0.0
2024-11-19,5174.134430238688,12776.01401366519,-5478.919794352481,-2606.1772770627163,134.94862751111802,-20.94092297899624
2024-11-20,-4767.366661855533,14640.308967408386,8617.185036773444,1355.7546674777302,135.08384063710014,0.0
2024-11-21,-3869.3993358153643,6169.664276979262,8549.353655894678,-1001.4270381648811,134.97782764916988,0.0
2024-11-22,140.0606356696752,30256.485901341443,15758.059187881563,3682.8029251879834,134.8778820614401,0.0
2024-11-25,25061.83597904417,-3460.11117868257,-45352.35948968782,3837.5219225616843,134.94221333928039,0.0
2024-11-26,-2658.5549669687534,-25831.731537816628,5351.737598259624,-7213.380583777116,135.6154057203835,0.0
2024-11-27,7801.271045990723,11658.70613876729,14938.553372565242,-4265.2902099739,135.49104859350862,0.0
2024-11-28,-7.6786143794338,-79.60896441835514,-47.77237059401788,-0.6504087412518762,135.71035813305866,0.0
2024-11-29,12109.753091638942,15234.315669497484,-17793.488024297483,813.4199498366771,135.71035813305866,0.0
2024-12-02,-3709.7768302784602,29438.561492752226,2080.8243796905645,2016.2344862873795,136.03767650422216,0.0
2024-12-03,-5171.256003989449,-28395.60974923555,-7377.178948807378,364.59998456798763,135.9721046879859,0.0
2024-12-04,7647.35067858813,6450.662831153007,-12272.81316189008,-1653.352403310937,135.80543045568618,0.0
2024-12-05,967.9398835039308,30070.87871338262,6167.127408211224,2918.5993341372896,135.99593560405913,0.0
2024-12-06,4728.972624709141,-41774.88031574198,5506.320782578908,1559.8354316119467,136.0675286085195,0.0
2024-12-09,-7886.199603449489,-15565.245066030206,4312.750445538799,-1579.9988151334758,136.18095859513193,0.0
2024-12-10,-3655.437463122709,-278.6004853566237,3683.466449888751,-58.59965027130098,135.95422366467525,0.0
2024-12-11,-6850.183174770043,-44770.84518552897,2091.486768349673,9008.456062890951,135.85896879182368,0.0
2024-12-12,-9458.085155702765,-28235.384623448183,6028.653259588745,1118.4152352274793,135.6926410841682,0.0
2024-12-13,-12461.210481035148,2895.0251388644574,5255.95255864007,-6115.756428129138,135.42614489265054,0.0
2024-12-16,845.6686025906091,8486.89325423084,-1842.680209605615,2384.63450197314,135.05459285730058,0.0
2024-12-17,-579.2237414678982,5600.422069722374,-12583.016952529966,-2587.638189515832,135.09573058235978,0.0
2024-12-18,-17705.359058170867,31433.102013308748,-19770.221304851893,5907.52972220288,134.94862751111802,-1.8729342697341926
2024-12-19,-6866.901537864674,-85339.28135923349,-7098.100021749989,-460.16696506876565,134.47982899506837,0.0
2024-12-20,6491.038294969384,-588.2061714458637,24306.111671451767,-730.4800751296034,134.21271194459771,0.0
2024-12-23,-8708.043582966278,-39712.763798412525,-25930.820779096364,4617.401674911544,134.427956273287,0.0
2024-12-24,1555.7579617411582,3669.8116074192103,-9569.513022936393,-5784.147310533826,134.14343231682753,0.0
2024-12-25,-6.96417455308889,-79.13536982817425,-47.413449501461116,-0.6363764784727217,134.14937036119693,0.0
2024-12-26,527.6552343688446,6784.043965881148,12567.152298945723,-108.14691270551002,134.14937036119693,0.0
2024-12-27,-5736.373916032267,-33958.90224001684,7015.597551105214,2881.7624373076637,134.1839944328375,0.0
2024-12-30,11094.50612183829,-13576.51265677085,1273.542475390696,394.10872975519027,134.01597694567468,0.0
2024-12-31,-2546.311557164521,-5068.964634466653,-4089.2489793903083,-8214.43328794541,134.3414945897752,0.0
2025-01-01,-6.967196192679362,-79.17354032652086,-47.43628140188451,-0.6366783023089148,134.2136962233936,0.0
2025-01-02,68.01696249478033,-3731.464980078094,7629.966267193379,5813.68793046542,134.2136962233936,0.0
2025-01-03,-4934.14909612169,-375.58265675616127,5503.568181559489,-85.53007163968545,134.25428635535457,0.0
2025-01-06,-2436.10409754414,-21236.401371675307,3452.4294889427597,276.00818707919063,134.11477543899707,0.0
2025-01-07,-6917.827643137554,-27954.09128580598,4131.626460812047,1121.2632138491072,134.0337910790801,0.0
2025-01-08,1164.7125072486076,-14929.322165296642,-4968.447536326945,-1388.6574108084478,133.8199411973682,0.0
2025-01-09,-883.8407941529889,-13023.539977488246,-7920.8123211132815,1825.966405202725,133.8318184426819,0.0
2025-01-10,-15769.601803899142,63189.57561850126,-6800.24055288481,408.98828305341726,133.7974477918211,0.0
2025-01-13,-2074.441853945922,-7017.82640224085,-10769.322276712584,77.76831166034002,133.35876184633634,0.0
2025-01-14,1986.9226227305844,-26938.581922065543,2624.357126608701,2064.3557355174416,133.27872105528778,0.0
2025-01-15,18086.77326810644,-2234.31153525256,6540.654867696991,-4534.44930940267,133.3365106175127,0.0
2025-01-16,8348.941918240014,-1262.5914171968845,5127.791632555714,-2349.090761109272,134.94862751111802,-8.419442220432757
2025-01-17,-3068.0087133435627,31786.022162091107,5029.5123220024925,6136.679853779825,135.17704094539164,0.0
2025-01-20,-7.462315900317547,-79.41263624995827,-47.6325045574082,-0.6458054731303682,135.15326218081432,0.0
2025-01-21,3645.8339562479177,43058.33484330397,12202.455856140106,1053.5379879198238,135.15326218081432,0.0
2025-01-22,-3740.2753604603477,-13621.151456194817,-13902.16138368532,999.4282538843934,135.30559666129514,0.0
2025-01-23,-5335.008937100952,-38878.980001361044,-724.0755240049258,-5340.141157235298,135.18239147190548,0.0
2025-01-24,3463.8025103608643,118.67428566315127,-3759.68277318898,56.58964053672098,134.9776155571769,0.0
2025-01-27,17532.759586972228,-7217.664313896377,-9041.745123444762,-1265.5462722691684,135.07132358922357,0.0
2025-01-28,-3070.1850894850118,-2298.021201189562,8513.260694888473,-3380.607167925473,135.5416319158233,0.0
2025-01-29,-2208.0203298304273,10756.769013444145,4837.179187127005,6498.015016326097,135.44733386410448,0.0
2025-01-30,5828.788482392618,-1800.532555847187,-794.9145774249646,-3232.9889981290376,135.43543289428348,0.0
2025-01-31,-9833.44560293846,-21750.94543566331,10924.465289856042,166.40742316703805,135.57691746499074,0.0
2025-02-03,3159.8646893206783,70265.94970767743,7656.098927841444,-1040.325222544889,135.30610869497568,0.0
2025-02-04,5788.836847082368,-23291.444475780343,-8788.133025331905,-3736.1055290515105,135.446882742667,0.0
2025-02-05,13896.654446123532,49416.656085634546,-11503.402183854218,-1372.1865905602433,135.55906427067418,0.0
2025-02-06,-5132.970276804328,22846.73007290519,-964.1281638769863,2942.3024889484873,135.95530686529213,0.0
2025-02-07,-10005.67511666236,29440.04462360947,17343.361981107682,2742.0315947303648,135.8485363028545,0.0
2025-02-10,-1386.1897285449083,-23697.606719731277,-1348.4746374013607,-3863.6533916681024,135.63539467013464,0.0
2025-02-11,-5014.553027850383,-19418.65532565332,500.3457165003854,3580.8899288788134,135.55871481650524,0.0
2025-02-12,-15457.06847138149,-1276.5863289021568,-4561.249623251595,10683.901390476874,135.429057352018,0.0
2025-02-13,15491.118790433504,41262.2709423601,-3754.778908872737,-2888.658861191563,135.05884421037769,0.0
2025-02-14,8352.579984770942,-13820.905815647604,4991.142702467954,342.2345008975909,134.94862751111802,-5.472954095902946
2025-02-17,-7.439688135408366,-79.44761828602945,-47.65059156960832,-0.6456961330902321,135.18359412413633,0.0
2025-02-18,-11531.64608698654,-35161.40913394651,-4806.7280561424905,1191.5632180932319,135.18359412413633,0.0
2025-02-19,3132.0264140655318,-1559.3110969481495,10691.620213317892,-2430.1963174629536,134.8377016481238,0.0
2025-02-20,3607.4092789038814,13450.497529561944,13787.248772874116,-994.391671506543,134.92548983046157,0.0
2025-02-21,13878.643551988946,-11851.747963435095,-15040.99579909169,2922.758679973934,135.0484690871197,0.0
2025-02-24,5221.786812504075,-33876.50576732252,-13764.973288933794,2292.764380896682,135.4312072769892,0.0
2025-02-25,16994.864367786016,30893.948215524484,1009.378321188153,-8589.709646670948,135.5495389845438,0.0
2025-02-26,7949.821850900591,11690.508405298588,14983.626659286529,-4289.283747443249,135.9999668122103,0.0
2025-02-27,-6424.0687804608515,-21621.90818654693,7226.902430546694,225.76138572099268,136.2203049126515,0.0
2025-02-28,10837.128776488356,-21048.936177596028,-19273.73636820386,-330.32386593036546,136.04158880988163,0.0
2025-03-03,10762.551784837517,24918.57340621461,9449.341358114907,5695.970780508869,136.29791723416182,0.0
2025-03-04,-8502.61452476593,-56046.49974788964,929.8942150117025,2438.9015716035387,136.65103342482962,0.0
2025-03-05,-9527.304227930923,-5819.661284214964,-18029.323249083016,2499.5258779242813,136.39947590162973,0.0
2025-03-06,1353.7812593820108,-32203.715713379093,-3284.7705865737294,-6233.48581612947,136.1310247291881,0.0
2025-03-07,-5835.491226135426,-6527.150136970936,10338.461985003973,1683.727610781631,136.10731250654348,0.0
2025-03-10,17659.066627033513,-13398.593724835415,-4314.7402464076185,490.7052247857734,135.96459436263768,0.0
2025-03-11,-9685.320019050876,-3047.7584333194504,6332.386163523,-4348.391885686657,136.44137358384742,0.0
2025-03-12,-9500.635605778542,23043.326495042613,12473.928912653375,3699.9734090715046,136.16092828957224,0.0
2025-03-13,10409.287173050721,-22738.839878916107,-4731.454494451858,-2849.4129362375784,135.95264110504027,0.0
2025-03-14,-10045.486185087671,37715.147482413115,7755.883168566644,4316.546862986187,136.2026080306209,0.0
2025-03-17,-1771.0540480584957,41961.30958444543,349.9534555997337,-675.1576194977389,134.94862751111802,-15.514174826086673
2025-03-18,4438.600215065093,-3909.3178799335356,5883.811804009118,-6538.317319187953,134.92482344818066,0.0
2025-03-19,6570.949247457726,-18354.196503184416,-2860.755277587669,4559.485940311227,135.0191067368131,0.0
2025-03-20,3431.079508329291,-21359.592546697746,-11750.525241270707,-441.918344097141,135.21398653317766,0.0
2025-03-21,-1154.3574724663983,-35490.00220354607,15956.954010104668,509.9937131677039,135.27917228339703,0.0
2025-03-24,-15374.092369465225,17725.25589025629,12065.31135083932,-4713.966487574937,135.243785183176,0.0
2025-03-25,5818.914860760748,-42202.120935661645,-25348.001420598226,11572.706188520026,134.81336166236588,0.0
2025-03-26,-4657.817871752095,-19424.414463260437,12080.200241317774,-8118.385607357003,134.9843684524478,0.0
2025-03-27,-2999.808469524903,-36299.74087644295,374.63185692710584,-1157.3050128066925,134.80802509999225,0.0
2025-03-28,16661.45979415096,8125.986337532374,3683.4630942753283,977.6572896065369,134.6909634725826,0.0
2025-03-31,4774.431559141672,36307.050084668896,-2329.933221530855,1190.0599977585025,135.19100058825586,0.0
2025-04-01,8837.858747937229,34505.61861073666,-1218.3212957254277,-2061.3769012104567,135.3563399297677,0.0
2025-04-02,-5867.692470262828,14241.689166825285,837.5230534540327,523.4609782883476,135.61715007493405,0.0
2025-04-03,26657.12866863922,-104717.40187603465,16374.44793299401,2024.1627903903027,135.46871125330466,0.0
2025-04-04,8476.039031733486,35888.971715493266,-23609.410536633633,-400.54964557648043,136.17179728887808,0.0
2025-04-07,-21257.609370546455,-86484.53615069953,15633.382164898361,144.99864365105486,136.3995544101917,0.0
2025-04-08,-12645.93585307294,-107781.41885242202,-9572.432353428854,-1054.8814444219306,135.78404310996282,0.0
2025-04-09,-20599.643557475087,139893.48972511373,-8071.597556705437,9204.797444758327,135.33991378894638,0.0
2025-04-10,-4419.639369372592,-149579.7415112572,24159.344025418883,-302.1790075970344,134.89082305850172,0.0
2025-04-11,-12883.361214518744,85995.15830074041,-22855.19695113261,-9784.734383947365,134.68665914472896,0.0
2025-04-14,16651.307524729054,-48500.05223251049,9805.551923194607,1011.4180350620297,134.28869572178763,0.0
2025-04-15,3728.3969862682443,5323.057988984146,23357.246613400723,-2543.6502161639733,134.94862751111802,-7.818667731855385
2025-04-16,10951.615595160418,-14063.804851771316,-6501.132932865201,-435.50963472125795,135.07206086114573,0.0
2025-04-17,-8337.626633662641,-15174.824842617207,13948.354549676504,-753.2765095562647,135.3614556773668,0.0
2025-04-18,-7.427421284874923,-79.42342119406858,-47.634961348702646,-0.6453474933564857,135.1311513210026,0.0
2025-04-21,-6673.997770057096,-121651.54207140065,-10415.740583615232,-1569.0924651325581,135.1311513210026,0.0
2025-04-22,722.8076377256141,29173.432796818644,-11275.016164336634,1235.7621966894017,134.83814640659145,0.0
2025-04-23,-531.5633733662743,69213.07972219815,-6055.721613422547,-2726.38184072115,134.87317753513503,0.0
2025-04-24,11888.10280531915,12265.502145550457,18959.45939282981,-3339.0558895568274,134.8843699150441,0.0
2025-04-25,5246.7503188318005,218.00636098334948,-5624.636373544925,85.44404968774164,135.23750823078487,0.0
2025-04-28,11076.211763559737,-14087.35524955541,-6513.1175324471105,-436.9775550358836,135.3793691471669,0.0
2025-04-29,6733.1662876307255,19389.730268103314,-2460.028935989116,-3551.242815414544,135.66987766077014,0.0
2025-04-30,4743.716342233716,-49919.90508914889,15119.870777519141,-12.073684551385139,135.8481977514998,0.0
2025-05-01,-15815.09655170152,14106.697765107789,19858.488402662428,1196.231286764124,135.96148062868917,0.0
2025-05-02,-16568.375179185965,55906.876025188394,10547.878695222085,-300.56145174736645,135.56893483099194,0.0
2025-05-05,-4472.85312805103,-25848.728826572376,-4389.965841249983,4504.470666114332,135.16045418160422,0.0
2025-05-06,7984.50707761314,-15472.580051151157,7874.240377688417,9530.19478095172,135.0368497491896,0.0
2025-05-07,4957.070467542537,28165.33715548632,7258.454213439376,-362.5941204662695,135.314142402492,0.0
2025-05-08,-19044.93909064781,39947.398815891356,-8153.784299574692,-3431.0436531842647,135.4796923062459,0.0
2025-05-09,776.0985094245306,-12968.891929615718,-9814.3168923655,1886.7252710583377,134.95399691962956,0.0
2025-05-12,-14408.79359592048,26254.013178922047,10249.815590539414,-2316.8762046963943,134.9659077852408,0.0
2025-05-13,-6736.760983116362,-8582.605261275618,16907.74137943502,-1657.2007069422966,134.57826764246335,0.0
2025-05-14,-6635.275219818973,1202.8903524874577,-7078.964153598531,2376.4003934191373,134.94862751111802,-9.017776587439585
2025-05-15,14273.759482345453,-21968.52227030341,-638.3547829332954,-1921.4892714411617,134.7669784085068,0.0
2025-05-16,1415.0051871642424,27952.147109217458,10969.53504382875,-419.0171365908668,135.1486163087212,0.0
2025-05-19,-2698.0717485097684,-30229.624310947616,-4379.3226746899845,-2919.181788488764,135.2189924869216,0.0
2025-05-20,-2492.8128651118036,-29447.959355391275,13048.239776391441,-1271.2483007206708,135.10155201348607,0.0
2025-05-21,-14357.275918127514,-62487.9141604791,3462.610619011939,3218.000979023713,135.01942810878057,0.0
2025-05-22,4827.0006365164045,19975.00651735077,16790.713625100372,-1898.6767651294547,134.59263481984777,0.0
2025-05-23,3187.772424429284,7334.218683908582,18520.818565820002,750.9344205802151,134.75586430729322,0.0
2025-05-26,-7.302095857588948,-79.35366271543323,-47.57984890468462,-0.6429752754535056,134.87858275316026,0.0
2025-05-27,12544.398992511264,20991.678505443517,-43672.87658723405,9906.160083820858,134.87858275316026,0.0
2025-05-28,-5125.96240362714,-409.2015812816392,17127.508702309904,-11793.860857403093,135.2547613368052,0.0
2025-05-29,7797.271591148281,4416.50376996937,-7403.056631630716,-4936.692797616309,135.06643559425555,0.0
2025-05-30,4091.8153975735777,-22617.706988068123,10516.299275079076,-2104.675385861663,135.2547613368052,0.0
2025-06-02,-9565.621825288892,-12824.560889525415,18773.954454709794,3368.3041983027856,135.3550698994324,0.0
2025-06-03,-1874.4697110266932,24997.781556964885,-9504.86162789474,6265.856361633944,135.1194346923523,0.0
2025-06-04,16609.95354806441,-3220.5207421076443,-7113.425593861061,-6347.608359459625,135.10751174318747,0.0
2025-06-05,-6049.3191844298935,43131.158335558335,-18230.21112818526,931.3493938289741,135.53216859597134,0.0
2025-06-06,-20512.299963684112,23593.43877831134,1292.2449745161064,5162.771074646664,135.3784167607367,0.0
2025-06-09,4794.413379061325,-10353.484356228626,1000.3736115190992,-5587.96619643282,134.85476940168343,0.0
2025-06-10,2180.6769217462033,15029.356126673087,1187.3426849588734,1467.669685192784,134.9545814295206,0.0
2025-06-11,9258.419340209657,-30387.158246669813,2925.248663551044,8117.299069195694,135.03664857132836,0.0
2025-06-12,9016.391575240079,19085.033889276216,-13938.962815332916,-4297.4112766946955,134.94862751111802,-4.938225638881704
2025-06-13,-9539.212656907934,-238.3468615934736,18887.880710613717,663.8612389383137,135.1781969798474,0.0
2025-06-16,-6018.4784093621665,-38512.06216306953,8908.010599501718,-4514.834059032002,134.93671613148476,0.0
2025-06-17,9814.669755877483,36509.80538346924,-7885.047189266241,1269.6495072711934,134.7257400616986,0.0
2025-06-18,951.9459449613265,356.10822741608644,7731.968676839049,834.5191042476838,135.03083517308656,0.0
2025-06-19,-7.4194838167981665,-79.39195241046686,-47.615529578516885,-0.6450158948993078,135.0719817006812,0.0
2025-06-20,2160.7819378679474,-36023.29409066713,-5196.001278291066,-1076.5585506104703,135.0719817006812,0.0
2025-06-23,7449.390217258522,-26834.63990750395,-2924.7427281522196,2203.208368098807,135.09581841380765,0.0
2025-06-24,9475.355631319853,-33995.88140045584,-27127.24946195468,1537.3728314091225,135.29647970763367,0.0
2025-06-25,2361.290759264481,-10152.357403405189,12532.48367100798,-4847.224662661,135.51557213744965,0.0
2025-06-26,5800.4994908913295,-14403.38832415659,-933.0627489880226,-524.0045169743297,135.56295555676206,0.0
2025-06-27,-6244.995198694255,-4491.061623106984,5470.574175703023,5001.016451279577,135.71126942997185,0.0
2025-06-30,7524.0280917060545,40580.76750403033,-4122.887874655635,-3854.840280854443,135.56893630561672,0.0
2025-07-01,-5925.7537458801335,43961.45779470013,-764.2570682626525,2589.7635279137776,135.7823685212645,0.0
2025-07-02,-5042.691435498917,-28375.49012502289,-7368.704893045142,362.74239711143986,135.66342810756908,0.0
2025-07-03,-11439.00960090733,41922.284820160756,19324.371330022324,-12.691204571766667,135.4976404053703,0.0
2025-07-04,-7.457002706118163,-79.46531734904144,-47.66295643119007,-0.6460779173315339,135.23135440368117,0.0
2025-07-07,-6489.321718640179,-32113.8368354927,13815.278169334135,-5476.566567215472,135.23135440368117,0.0
2025-07-08,-3176.2859295607263,-11162.781251753036,-10932.87715426324,5127.361305862873,135.01355383086056,0.0
2025-07-09,11326.487605632154,22410.781265373203,4569.323661276456,1500.7947405087555,134.9314030428834,0.0
2025-07-10,-584.5787329365655,5605.357541604356,-12595.9331808413,-2593.6930021851026,135.28454505165203,0.0
2025-07-11,-12070.660184733228,-42912.191180409296,14402.810893461516,445.0918441698298,134.94862751111802,-4.336636052095855
2025-07-14,94.18643238797655,-8193.506135283104,9506.456273967138,-1541.7332512081164,134.596680136103,0.0
2025-07-15,-9957.50727752234,4659.218070850939,-11049.933404557856,-3543.201913638171,134.596680136103,0.0
2025-07-16,7221.718658093506,-47367.50770101032,6489.745288809353,3312.349133064571,134.28130128199024,0.0
2025-07-17,-2536.326312119102,20808.166209911236,2002.9012116656565,-364.0320338234461,134.4860182386707,0.0
2025-07-18,5212.102747922781,-16001.31036628823,13491.422484755987,-2990.1297171815268,134.42734727618668,0.0
2025-07-21,8487.100578595993,21841.721546529025,-1349.6190508037282,635.701660926189,134.56770707750306,0.0
2025-07-22,5125.199602239892,12772.089146942013,-5476.370962131644,-2601.2368089726697,134.83133227384306,0.0
2025-07-23,-9121.13603304476,1440.6055707763019,4410.793446533741,3152.9950146117485,134.9665138600711,0.0
2025-07-24,-4844.4537477096865,13848.661857647396,-8789.050425479936,-285.4612850008865,134.73142422564325,0.0
2025-07-25,4306.2497075100355,25632.383115920267,4282.691357626974,-4470.538436599832,134.59072500048683,0.0
2025-07-28,-2933.3919321108547,-27378.617513324403,8203.175283438175,2021.9299872091422,134.7135553304355,0.0
2025-07-29,12227.921836137226,36256.73059698175,-19350.93576089563,494.4547660657299,134.63164011565615,0.0
2025-07-30,-9096.800587461943,35458.926914081814,12524.24329597748,959.4770960339367,134.9897698453195,0.0
2025-07-31,455.55300591458865,2368.0954973431312,2903.266237073334,4123.954791043856,134.77772558016017,0.0
2025-08-01,28577.44041995585,-116240.53926440053,-27135.76688182552,4772.7743553355485,134.8187825312286,0.0
2025-08-04,1866.1996750266233,4466.05635344257,7830.736233128954,-4240.8277409385355,135.545716969044,0.0
2025-08-05,-1420.3615460503108,35628.36262118865,-4551.285142458957,269.74502510713705,135.5872029608068,0.0
2025-08-06,3.6654723864549212,-37865.9083316888,-459.10042261521056,8134.690510863709,135.56926762194803,0.0
2025-08-07,-2690.413594782157,20909.08472340094,2014.4925066573117,-369.2438106947634,135.5872029608068,0.0
2025-08-08,-7608.034438721119,1543.5905989994972,2562.0628460462112,3204.1235994426,135.52778163018527,0.0
2025-08-11,867.2191705153283,4016.9331618735323,26.936480767516862,-5046.0374406674955,134.94862751111802,-5.564053921425157
2025-08-12,-922.1184436211263,-55212.74010803196,-6502.5589798072915,2502.4689039491873,134.94862751111802,0.0
2025-08-13,9046.895496190878,-1599.087692564189,-4504.708970960632,-3150.2495277941825,134.890156152458,0.0
2025-08-14,-9457.902821839953,12334.871234473636,19025.06886660092,-2032.5549909723984,135.12608164240498,0.0
2025-08-15,-5226.7024266114095,-21830.213145332353,-2454.637309228647,-582.5411560640185,134.87821961318895,0.0
2025-08-18,-2464.436209904764,157.8632225211856,11429.647551666034,773.3734665421787,134.70791555771766,0.0
2025-08-19,6005.380317052451,13198.037925529406,2294.7751607785603,-1764.4197570817366,134.6549727450881,0.0
2025-08-20,1704.717694515146,19.65344564292684,-1902.695539577709,27.900369621754784,134.83112599300313,0.0
2025-08-21,-7360.534867259417,14096.321385495716,2689.8832772246815,489.9621369446321,134.87821961318895,0.0
2025-08-22,13738.041605716728,-49500.27078447198,-3861.3797044856315,-672.047985784889,134.68406113070438,0.0
2025-08-25,-5213.395137608897,29229.40952327717,3928.3807840778554,1959.6274587840292,135.03759572662148,0.0
2025-08-26,7614.559992424291,-88743.39957297215,-23895.827063741068,4836.378665284469,134.92534291603567,0.0
2025-08-27,4221.715881998632,-26311.238534294404,29814.191890717688,-7886.669299192264,135.07944309210362,0.0
2025-08-28,909.4066714647867,42576.30078184042,6282.223036372079,187.80406029121062,135.1739212340619,0.0
2025-08-29,-359.68308191185184,-48421.687318117656,6171.0341224799495,2399.9477197252068,135.23859838197006,0.0
2025-09-01,-7.362997175690949,-79.52158439365591,-47.6856116510794,-0.6450265672724939,135.21521978769871,0.0
2025-09-02,-9928.072316344978,14363.979949392167,14207.760178216375,1269.9216759838703,135.21521978769871,0.0
2025-09-03,9779.181578980184,15099.069973351186,-15878.645650756722,775.8176025233998,134.967149396015,0.0
2025-09-04,6627.959448577381,15692.534882332895,5262.768807920114,2365.116950662105,135.2445800845143,0.0
2025-09-05,12611.473794772175,2298.587340702265,-27580.23169224262,2706.1089248416183,135.4636137678683,0.0
2025-09-08,7804.240067185958,50470.14181571043,-28273.799071327685,212.88471590011204,135.80263206701335,0.0
2025-09-09,-6459.837068204979,14532.934576649322,10467.21785047781,1324.7360135663057,134.94862751111802,-15.108249952783808
2025-09-10,3963.0052699081484,24004.29814866003,7163.529880239185,4676.592341298427,134.7947110108722,0.0
2025-09-11,3729.5563101686857,18814.270111595353,-19942.72874264264,7290.580567189827,134.96016548439712,0.0
2025-09-12,-7096.345780589099,3186.3283783093075,-326.02454761602866,-6010.199586679182,135.0965027358904,0.0
2025-09-15,2988.9937387401014,-2329.632775110311,-6708.97906607118,-4073.026230153898,134.86544139159463,0.0
2025-09-16,2997.750224163291,-14883.128545540767,-6847.81315672661,-1383.4671793245348,134.91875871588175,0.0
2025-09-17,-3191.9433638761243,1400.8692458291894,-10791.273338244395,2435.290637564269,134.9780832544598,0.0
2025-09-18,-9024.958617996492,-6682.78402120217,13974.711417080485,1603.9698163897788,134.889324741329,0.0
2025-09-19,-3008.0934320695487,-23712.170351304267,510.5713198806755,-3838.3813471939307,134.65301445065313,0.0
2025-09-22,-4174.673094536963,17049.62282806119,11539.546682099284,5455.2751894539315,134.52948290596993,0.0
2025-09-23,7343.551683944335,-25846.319977737276,-34692.540207448255,3033.5302103099484,134.46450289344514,0.0
2025-09-24,-5456.068370017955,1604.111450363138,12254.198990292676,-8421.72509820289,134.63568733820438,0.0
2025-09-25,-5563.294578257877,56214.58773871287,-622.3743123804248,-125.88161377781876,134.4472714266656,0.0
2025-09-26,-1755.2184356533257,-21568.332163710205,-6145.630376937176,-522.1447544558155,134.32343127868452,0.0
2025-09-29,5408.154957337787,44663.41919752161,-4104.293273152522,3538.8496690559273,134.2474075362029,0.0
2025-09-30,-74.02168157938209,-34006.223267227026,-8136.351651392556,2181.260145914633,134.45257989125386,0.0
2025-10-01,6934.6918786161,-28423.853740141854,11500.495560999405,-290.11974607895587,134.42937467653567,0.0
2025-10-02,2524.034753110231,21108.235021033623,-3554.666931076571,-279.54259204307385,134.6237456636376,0.0
2025-10-03,-5721.243713065437,9752.295342026491,-8860.751796587167,4745.258400997662,134.7061858833375,0.0
2025-10-06,-6386.486708533898,-23901.47784516923,4214.421192647837,-3890.6601719080095,134.56466473680294,0.0
2025-10-07,5938.441756210237,651.3194515696681,2154.3184954064495,912.2107836989288,134.34727728366653,0.0
2025-10-08,-35.402255972909884,16943.700846573734,-1779.3373901421055,4736.090172030186,134.94862751111802,-5.206135664517205
2025-10-09,-2236.432554856131,14395.257838768452,-2877.8347881516784,576.7789120400142,134.98398224515466,0.0
2025-10-10,15187.399967833297,7257.23432929003,-11864.121181658433,-686.239218676134,134.9307133199762,0.0
2025-10-13,-7.527951804291841,-79.49049273262264,-47.685719932638264,-0.64732489528806,135.35148936484077,0.0
2025-10-14,5434.615662393743,-24971.845213163087,5698.28521485389,-6233.898654553724,135.35148936484077,0.0
2025-10-15,-4060.0529531128677,1741.2069490592064,-1161.297030742328,3260.371692765439,135.45861685659472,0.0
2025-10-16,12787.795741650736,-22898.0743492292,-16227.606184047077,-3613.62161186347,135.36344969587537,0.0
2025-10-17,-6284.399416004907,20714.329665237732,5741.746913291509,-427.4304560730983,135.66728326527996,0.0
2025-10-20,2244.803898662778,15066.620854580537,1190.8383378208073,1478.1652952654342,135.51223104971015,0.0
2025-10-21,3565.455382848127,12712.9326051825,-3635.1933689178,-2656.835738174341,135.5956070028895,0.0
2025-10-22,876.5986269234301,8508.745852382583,-1848.5096126210503,2404.881540982408,135.6850856734557,0.0
2025-10-23,-7323.274469690763,-4924.409178114482,-2340.2578299731745,4167.014869306217,135.7268753072834,0.0
2025-10-24,-885.8219078591238,-8662.213786607721,1751.6081079723267,-2401.9373843234907,135.54193482648776,0.0
2025-10-27,1265.1896395386157,14627.548759360787,-6608.415393411591,638.1470418500987,135.50026135172843,0.0
2025-10-28,2656.0503546482755,8602.362007956226,-3708.7332874450494,2429.4604686226494,135.54193482648776,0.0
2025-10-29,-16678.82047720262,38830.61384673849,12286.477210378034,-5080.540674367893,135.6313530742984,0.0
2025-10-30,-4789.317509529018,-14958.691649206485,10215.90112930636,-694.7190996501739,135.18507857081337,0.0
2025-10-31,100.98360777400967,-20764.278365467242,9388.665518848295,1144.4473855983467,135.04881232982152,0.0
2025-11-03,-2220.411413893705,-15188.780392000623,-1282.8389678199148,-1471.9185752989072,135.05478139134902,0.0
2025-11-04,4424.444616297466,553.9813558227598,4017.009036556254,891.331352395363,134.9720406191203,0.0
2025-11-05,-11469.115342026033,-13673.217063129241,3177.01404058476,1689.2365613879545,135.10813653807014,0.0
2025-11-06,10466.461470748793,-7610.905999065272,-1612.9073329450673,-1377.5967662500038,134.94862751111802,-2.7972539421788416
2025-11-07,1382.683809055339,-23145.014701638236,4583.290016105049,-2970.8005161308265,135.23270734086796,0.0
2025-11-10,-4997.9513159502,18352.49318327774,-10684.79939428445,7166.423606599172,135.24466470445998,0.0
2025-11-11,-7.418560680445277,-79.43764671268522,-47.64235457401794,-0.6453082124528917,135.1438701796013,0.0
2025-11-12,6649.959807285488,15676.662279341734,5257.840512340575,2364.5077834423464,135.1438701796013,0.0
2025-11-13,-4910.52882161611,-6836.125447700661,637.0606245493376,861.0620760139652,135.36319189184178,0.0
2025-11-14,-6054.551112668618,-40.11541792110508,15175.406585381812,721.660127579844,135.22673041319433,0.0
2025-11-17,2620.6948635832778,-8446.462058083533,-1966.9240515219087,-2330.3829030594943,135.0785871884205,0.0
2025-11-18,1846.445056223981,-20680.74589083341,7537.587049952108,1173.5370583520576,135.1319198309941,0.0
2025-11-19,-1362.3152421568332,-6633.03089004145,-3080.261204230623,916.3419439136826,135.18528590539606,0.0
2025-11-20,4834.022205567019,-5899.004428635394,-868.4702775947748,1837.8217397229869,135.1438701796013,0.0
2025-11-21,7225.224838302793,-15960.662404027353,11691.639019931356,-2995.509345629507,135.2861380181067,0.0
2025-11-24,4626.698660307047,-11125.636409343893,-28065.810483597175,4462.359400146834,135.47624857747903,0.0
2025-11-25,6038.172833132266,-18106.616295498286,18415.396040077245,-6356.34769806419,135.5894502428186,0.0
2025-11-26,358.60297267493166,35751.770335889254,-6419.084522784134,299.0928253986494,135.7325405886488,0.0
2025-11-27,-7.643388504639362,-79.6663929310656,-47.80227792602348,-0.6502584377623194,135.76231779949072,0.0
2025-11-28,-4509.117064490824,-4390.549269256877,3605.9003743543203,5037.451423954847,135.76231779949072,0.0
2025-12-01,-13030.320831408644,1246.4197152524243,8153.833720271401,3123.437523925575,135.6668406818564,0.0
2025-12-02,1678.9686016193064,-21475.840703314123,-9900.23056294026,-471.1101458522132,135.33362059799214,0.0
2025-12-03,4579.690572520101,-7587.672678455195,13619.961108182768,-660.859996725549,135.35156893005896,0.0
2025-12-04,-7770.195281901181,769.5860399229941,-14901.24503384114,1552.1021588560843,135.48821998729204,0.0
2025-12-05,-6070.693174719826,8085.599935753143,5582.511870545774,2267.6327409104597,134.94862751111802,-5.27532698122377
2025-12-08,-4003.033317483238,-7154.739721645798,-8989.458671049691,50.84143110311042,134.80084634894618,0.0
2025-12-09,-3064.877205252667,35371.22966885262,-2674.8340122076565,238.29175368924513,134.67124502944048,0.0
2025-12-10,8613.816973529523,-32770.12354044727,-30.15332036802107,3960.424102814021,134.60622309605185,0.0
2025-12-11,-78.86100170682396,-21525.56568027927,-8019.005100455512,-496.9315976606637,134.85405772863922,0.0
2025-12-12,-6056.637452071716,-42934.4230433135,-797.4972747544183,-274.1347606788964,134.82473842582283,0.0
2025-12-15,2157.8627376333934,-1992.9167570251964,2914.77588442812,-3252.744514421825,134.61882933246517,0.0
2025-12-16,5168.780193227431,-7901.343996950379,3950.3613728210585,-1456.9618551999245,134.66592993174086,0.0
2025-12-17,-1710.8349269337316,-178.3491523543531,1807.6418338292933,-29.164016150340036,134.80741018374627,0.0
2025-12-18,6029.300512595435,652.8153832684977,2159.736449106126,916.3156949297917,134.76022033342363,0.0
2025-12-19,-5335.416676912411,-1148.6066272030253,-11892.40363750497,-1724.6470441209826,134.9431756571513,0.0
2025-12-22,-172.48083303755308,-38514.146136428564,-17856.31589630128,6412.713770156744,134.76619978458785,0.0
2025-12-23,-2083.623886288915,31382.844425717667,6963.072013392057,-6329.22282241138,134.74894750182236,0.0
2025-12-24,4196.278274230721,21225.874451694544,-5411.579674227514,-250.97448773624546,134.6838647750665,0.0
2025-12-25,-7.244377578915725,-79.35357030813135,-47.57334539269876,-0.6420975256209557,134.81339080536674,0.0
2025-12-26,1037.7986746932513,-20326.174942250098,17157.2490026691,1970.9939869590492,134.81339080536674,0.0
2025-12-29,2158.0432811611945,2470.047632059269,1050.5113841720329,4150.373922620936,134.86061162474766,0.0
2025-12-30,-1797.9199261604022,-9080.183100541035,-6032.601100643177,-3214.6207216360635,134.94915862058957,0.0
2025-12-31,-6163.23003327552,-5245.602346404451,-11963.524489250149,3312.255042601442,134.86659458818593,0.0
2026-01-01,-7.179273297366949,-79.32213110650699,-47.547543617155334,-0.6408973756577514,134.689845396687,0.0
2026-01-02,-1690.8281560818052,-12730.527208869427,1670.2710202565534,2650.0094998381614,134.689845396687,0.0
2026-01-05,3163.814941169179,-1559.6515942816998,10695.770589256674,-2434.882563655035,134.94862751111802,-3.9596862068992777
2026-01-06,-1744.9127599690141,-178.4436113223555,1809.1959777234706,-29.276472879249766,135.03720073083167,0.0
2026-01-07,3918.335234669011,27689.034243787268,-532.187531006454,-1195.7500142346871,134.98991071205643,0.0
2026-01-08,-5825.253032807908,-7262.9781044617575,-7146.267189193984,22.387732981345703,135.11393241143878,0.0
2026-01-09,-821.9966577894038,54945.29922984305,8262.118207315867,-2532.5362285320944,134.93667471914725,0.0
2026-01-12,-1849.144502125893,-4608.792512838651,-7896.122990505218,4214.304627759657,134.9480964001558,0.0
2026-01-13,1832.5950533831067,-8101.001186546268,7662.98659014663,-1520.9662974352445,134.9068131992174,0.0
2026-01-14,5208.915928586668,12770.942919250385,-5477.418591291538,-2608.363668127502,134.95406636705928,0.0
2026-01-15,-5404.205758339262,37337.23304921225,-5647.731776165371,3516.7633405775937,135.0900315052712,0.0
2026-01-16,-8512.052671421396,-12251.789288263555,-11189.884492961333,-8281.43650495061,134.97747183773976,0.0
2026-01-19,-7.301266338222358,-79.2241815371974,-47.50345157772196,-0.6420945946947604,134.67099404783642,0.0
2026-01-20,-8165.253991908386,-49077.00218159726,5795.588067435339,1441.3154556119048,134.67099404783642,0.0
2026-01-21,4742.621421330494,28047.738946644036,7223.161520932902,-358.58293158660905,134.4187879544863,0.0
2026-01-22,-215.3903334113348,28670.810676081557,-19009.35058278897,403.53202321848266,134.58283619228462,0.0
2026-01-23,2540.6579897529914,8562.181861922503,-3688.85320176109,2401.351294419362,134.57687439465545,0.0
2026-01-26,4199.742200135766,-12752.909351951595,-13503.425021266923,1937.215803468127,134.66503108406874,0.0
2026-01-27,-435.2837463970583,-44615.94215726263,-1541.4357153407107,-3480.4457145187284,134.77119893067004,0.0
2026-01-28,-3810.8820058821184,6162.592907605471,8537.482893798107,-997.8409467816822,134.70679633616547,0.0
2026-01-29,3503.2324369422113,-20529.973740188445,5663.366384989047,1194.5129389518095,134.60669504719002,0.0
2026-01-30,-820.3503570280305,-25632.928041854688,3473.3010872811283,-7099.452217942887,134.70679633616547,0.0
2026-02-02,-6346.713515196251,14513.094207833388,10450.00967117884,1319.2142602060821,134.63057257952582,0.0
2026-02-03,457.3036344205245,2370.7004143119498,2906.596978121938,4130.450345634259,134.94862751111802,-6.149201957752666
2026-02-04,-860.0495850697071,-8641.54264811207,1746.596232284363,-2384.7908457421577,134.98982262609522,0.0
2026-02-05,14315.99474881223,-26418.51492035404,-10346.248214099669,2313.8197581308013,134.94862751111802,0.0
2026-02-06,-2663.1061550551453,20882.43420766574,2011.6086925055981,-368.19279364737724,135.33877961410448,0.0
2026-02-09,1280.5534046566913,-15011.864996757293,-5003.405478821012,-1417.615059845888,135.2794347524904,0.0
2026-02-10,9228.782842519651,28030.590609777235,-6111.9734904611705,-1113.690404073967,135.29139976579347,0.0
2026-02-11,-7885.104028713221,25853.14859336941,23191.909111388388,8681.611273262004,135.55816105850576,0.0
2026-02-12,14296.804566735202,34792.78189921782,-6799.453138472821,-1979.4557060801321,135.43322925758793,0.0
2026-02-13,9616.143259907813,-26810.20927914027,-4799.287969562273,2255.1061073444716,135.83777466276857,0.0
2026-02-16,-7.823181622381865,-79.74403057785352,-47.86811950436783,-0.6535112115437696,136.08884291614697,0.0
2026-02-17,-2374.3242668662747,27083.170269510203,-2756.913595233652,-2146.769811127958,136.08884291614697,0.0
2026-02-18,-6424.878856421797,3636.9014601858185,7491.418452018895,-5235.421750304518,136.02898172238537,0.0
2026-02-19,1402.662167455236,6489.902074570504,2994.236629755957,-926.0629641725612,135.83777466276857,0.0
2026-02-20,-1233.0536814064812,-5875.506012074875,14398.906921294529,2585.9573005633756,135.87954564432323,0.0
2026-02-23,8419.349991925914,-20003.398368291666,9783.085867903583,2117.464799668175,135.87356138106827,0.0
2026-02-24,-1549.6588050927737,1507.0017591161723,-12720.35471848643,2501.0880191660285,136.11278547048303,0.0
2026-02-25,-1332.3420212949638,10412.58134095623,6805.6745954388625,-6108.785954777022,136.07086902602532,0.0
2026-02-26,6028.803715481049,-1804.6333083259053,-797.1762271090348,-3258.725501700564,136.0170049928629,0.0
2026-02-27,8528.819498938403,-7409.878123528396,9935.744047085896,-610.5094998619525,136.16072120354667,0.0
2026-03-02,-16166.071009648667,23983.73378525086,-4310.002972954028,5323.128690980998,136.39485980003795,0.0
2026-03-03,-2681.633856622134,25377.688301756247,11774.592279111124,-4673.967773772588,136.00503295163742,0.0
2026-03-04,0.0,-0.0,0.0,-0.0,0.0,-3232.7074606427836
2026-03-05,0.0,-0.0,0.0,-0.0,0.0,0.0
2026-03-06,0.0,0.0,-0.0,0.0,0.0,0.0
2026-03-09,-0.0,-0.0,0.0,-0.0,0.0,0.0
2026-03-10,0.0,0.0,-0.0,-0.0,0.0,0.0
2026-03-11,0.0,0.0,-0.0,-0.0,0.0,0.0
2026-03-12,0.0,-0.0,-0.0,0.0,0.0,0.0
2026-03-13,-0.0,0.0,0.0,0.0,0.0,0.0
2026-03-16,-0.0,0.0,-0.0,0.0,0.0,0.0
2026-03-17,-0.0,-0.0,-0.0,-0.0,0.0,0.0
2026-03-18,0.0,-0.0,0.0,0.0,0.0,0.0
2026-03-19,-0.0,-0.0,0.0,0.0,0.0,0.0
2026-03-20,0.0,0.0,-0.0,0.0,0.0,0.0
2026-03-23,-0.0,0.0,0.0,0.0,0.0,0.0
2026-03-24,0.0,-0.0,0.0,-0.0,0.0,0.0
2026-03-25,-0.0,0.0,0.0,0.0,0.0,0.0
2026-03-26,0.0,-0.0,0.0,0.0,0.0,0.0
2026-03-27,-0.0,0.0,0.0,-0.0,0.0,0.0
2026-03-30,-0.0,-0.0,-0.0,-0.0,0.0,0.0
2026-03-31,-0.0,-0.0,-0.0,-0.0,0.0,0.0
2026-04-01,0.0,0.0,0.0,-0.0,0.0,0.0
2026-04-02,-0.0,-0.0,0.0,0.0,0.0,0.0
2026-04-03,0.0,-0.0,-0.0,-0.0,0.0,0.0
2026-04-06,-0.0,-0.0,0.0,0.0,0.0,0.0
2026-04-07,-0.0,0.0,-0.0,0.0,0.0,0.0
2026-04-08,-0.0,0.0,-0.0,-0.0,0.0,0.0
2026-04-09,-0.0,0.0,-0.0,0.0,0.0,0.0
2026-04-10,0.0,-0.0,0.0,-0.0,0.0,0.0
2026-04-13,-0.0,0.0,0.0,0.0,0.0,0.0
2026-04-14,-0.0,-0.0,-0.0,0.0,0.0,0.0
2026-04-15,0.0,0.0,0.0,-0.0,0.0,0.0
2026-04-16,0.0,0.0,-0.0,0.0,0.0,0.0
2026-04-17,-0.0,0.0,0.0,0.0,0.0,0.0
2026-04-20,0.0,-0.0,0.0,-0.0,0.0,0.0
2026-04-21,0.0,-0.0,0.0,0.0,0.0,0.0
2026-04-22,0.0,-0.0,-0.0,-0.0,0.0,0.0
2026-04-23,0.0,-0.0,0.0,0.0,0.0,0.0
2026-04-24,-0.0,0.0,0.0,-0.0,0.0,0.0
2026-04-27,0.0,0.0,0.0,0.0,0.0,0.0
2026-04-28,0.0,-0.0,-0.0,-0.0,0.0,0.0
2026-04-29,0.0,-0.0,-0.0,-0.0,0.0,0.0
2026-04-30,-0.0,0.0,-0.0,-0.0,0.0,0.0
2026-05-01,-0.0,-0.0,0.0,-0.0,0.0,0.0
2026-05-04,0.0,-0.0,-0.0,0.0,0.0,0.0
2026-05-05,-0.0,-0.0,0.0,-0.0,0.0,0.0
2026-05-06,-0.0,0.0,-0.0,0.0,0.0,0.0
2026-05-07,0.0,-0.0,0.0,0.0,0.0,0.0
2026-05-08,-0.0,-0.0,0.0,-0.0,0.0,0.0
2026-05-11,0.0,-0.0,-0.0,-0.0,0.0,0.0
2026-05-12,0.0,-0.0,-0.0,-0.0,0.0,0.0
2026-05-13,-0.0,0.0,0.0,-0.0,0.0,0.0
2026-05-14,0.0,-0.0,0.0,0.0,0.0,0.0
2026-05-15,0.0,0.0,0.0,-0.0,0.0,0.0
2026-05-18,0.0,0.0,0.0,-0.0,0.0,0.0
2026-05-19,0.0,-0.0,-0.0,0.0,0.0,0.0
2026-05-20,-0.0,0.0,-0.0,-0.0,0.0,0.0
2026-05-21,0.0,-0.0,-0.0,-0.0,0.0,0.0
2026-05-22,0.0,-0.0,-0.0,-0.0,0.0,0.0
2026-05-25,7.354480301302433,79.36056186930205,47.58976773802876,0.6438176024848234,-134.94862751111802,-3258.5977458935345
2026-05-26,-12904.886828567978,54420.57963580617,21350.50286434588,-2731.2470440724505,-134.94862751111802,0.0
2026-05-27,-3091.2656355662657,-6578.12638052269,-1127.3667882805519,889.2564838403913,-135.26626631960482,0.0
2026-05-28,-3970.6519119436302,-15160.282773287125,670.3615127031564,-1503.0370363058012,-135.35451414209658,0.0
2026-05-29,-997.4511654700415,16711.73332977565,-9489.717108202944,3927.91297778672,-135.48411906843535,0.0
2026-06-01,6246.517326603239,-50364.374273867936,-4136.92385637149,-1631.9053684940181,-135.49008442493647,0.0
2026-06-02,-1754.2802677412537,-12601.728012409929,1770.8686359403048,2677.4619351699566,-135.36589570725934,0.0
2026-06-03,5425.465912349148,-7764.903973358403,4060.00326765498,-1470.745142858625,-135.4071092773017,0.0
2026-06-04,-4403.1726673765515,8354.693585898909,3827.960916264753,2307.065223970462,-135.26568584471968,0.0
2026-06-05,15645.174913023813,-55510.43120504752,-881.1578462754077,1109.6673565706064,-135.36589570725934,0.0
2026-06-08,467.26112737814566,27639.97134485864,3274.673877216262,-1251.8649128336879,-134.96580076423854,0.0
2026-06-09,-4408.622742945493,-553.9571818104027,-4016.5875350156266,-890.7436418806215,-134.93673280917068,0.0
2026-06-10,2216.104239536152,15192.743770360905,1283.1244550661409,1471.7353915976944,-135.0715864992697,0.0
2026-06-11,-15282.75454465327,-3598.7084017403085,4165.325409494062,-5196.567030044873,-134.98958553195374,0.0
2026-06-12,5338.455113191456,-12208.120645789726,-5671.682871345316,2795.912062894201,-135.44835135901425,0.0
2026-06-15,-2759.6485473659695,16591.300355413165,-7618.195475431767,3893.2981484629327,-135.30088873014722,0.0
2026-06-16,-5266.8066892379375,-17270.288065285647,7362.566705779631,-4847.73753753331,-135.35398243680046,0.0
2026-06-17,14478.940215804752,-104343.5038329976,-2456.691830834487,2684.7708451182893,-135.53092115163744,0.0
2026-06-18,-5010.549184363387,-11101.08755903813,-8983.00094141989,5120.9868005338985,-135.19431761222936,0.0
2026-06-19,7.598536739579639,79.42331304127445,47.65401691236961,0.6479471672340222,-135.3238138604577,0.0
2026-06-22,9441.552631348999,-1441.363976925249,-4415.745357626652,-3173.5610046015904,-135.3238138604577,0.0
2026-06-23,-4934.096256980886,47126.36902292444,31273.941314483727,-3331.2654529158704,-134.94862751111802,-5.0049147503013955
2026-06-24,-14065.986181701646,-18490.90442403141,-12367.628797880097,5065.072229863147,-135.0372159495773,0.0
2026-06-25,-2260.981192033521,14589.160857243978,-2790.1070583379137,581.0020594320949,-135.4372904445559,0.0
2026-06-26,-2846.0779639988104,20284.97363734111,-15354.935810338253,-2017.483280197879,-135.4904967045443,0.0
2026-06-29,1816.4139367287457,-29497.403027657318,-214.0796909456037,-2031.220410241574,-135.5850797940906,0.0
2026-06-30,8983.009139895166,9499.767406055604,-1398.2299845692144,3357.0622479932636,-135.56719477575015,0.0
2026-07-01,7903.6837966628445,17160.896301671073,-7179.663806936533,-7652.028151843779,-135.29573143909445,0.0
2026-07-02,-802.5346162906501,30027.373175719316,8093.89612088023,2856.1649485463336,-135.11335233243983,0.0
2026-07-03,7.3517593366927105,79.45115827447255,47.642853145300016,0.6443836340114847,-135.0901543904767,0.0
2026-07-06,-1438.5449278423534,14233.215874209904,-12428.963449817538,-228.04574796984872,-135.0901543904767,0.0
2026-07-07,10863.37130060344,3127.7936098259793,-8145.335737181059,4309.616474672029,-135.1371688233882,0.0
2026-07-08,3538.722182580627,-12311.953970149538,7771.990061382766,-8895.126779373704,-134.81463608769178,0.0
2026-07-09,-5123.335306621906,29352.14704946005,4017.7710308471496,1953.9989398211821,-134.7618789951369,0.0
2026-07-10,4669.761182989614,-27198.665747181196,-8748.444297002075,1335.128412549137,-134.87337843319554,0.0
2026-07-13,9546.05201286333,-7113.0360837749,8109.587488570125,-568.9540483821878,-134.7618789951369,0.0
2026-07-14,-8401.645827606539,41656.534987749095,7852.406605932034,-782.9734148296915,-134.48758657582715,0.0
2026-07-15,-5637.537175846521,35025.58523518415,-8497.528521808885,-619.4755600511171,-134.6980894194189,0.0
2026-07-16,3403.228347597685,-12286.335664494889,-3801.4732220777673,2741.2877837925544,-134.8503538629492,0.0
2026-07-17,-1270.8305603045617,-36045.33279619281,-1385.3693273598217,-1125.955156122622,-134.7507970723729,0.0
2026-07-20,7749.114970681337,13469.156063515184,536.8942822980467,-1737.484881563895,-134.82058614999673,0.0
2026-07-21,5902.896262857479,-20625.008311131183,-5711.2264310347655,421.29602690040497,-134.59871908010223,0.0
2026-07-22,6538.989355972667,-18193.85335802145,-2764.9740547728666,4554.786684332982,-134.94862751111802,-4.233242595340926
2026-07-23,7353.544118651657,-26630.225441152892,-2824.0044870937645,2195.6896020873764,-134.75562284938385,0.0
2026-07-24,-4259.726115388158,20859.640471163373,3949.399315976764,-392.02456916071657,-134.55716627047008,0.0
2026-07-27,-5564.506217957458,-15204.776751012612,2520.6881045581904,-1519.6666649833276,-134.66226736178893,0.0
2026-07-28,-7378.612445934088,14246.293263794321,2783.5779270921103,491.3761800419168,-134.83721905433805,0.0
2026-07-29,6495.285447956008,103787.6935333051,-5273.819774116114,-4816.961697380664,-135.0304491998066,0.0
2026-07-30,1711.0854033544194,178.3498519856611,-1807.653310247384,29.164843446054658,-134.8091029695874,0.0
2026-07-31,10761.707339457293,7553.23608960867,1572.05539144194,63.25755861522446,-134.76240018573833,0.0
2026-08-03,-7218.524984654559,-7186.887138388787,-5178.003760482783,-4.94126283968234,-134.4481771071353,0.0
2026-08-04,-10319.749924826934,-1285.4248240654672,-6218.655068345567,-1802.7364825774548,-134.66908234832326,0.0
