date,1Y,3Y,7Y,20Y,funding
2001-08-06,3.56,4.17,4.99,5.7,3.73
2001-08-07,3.56,4.19,5.0,5.71,3.69
2001-08-08,3.46,4.05,4.87,5.61,3.75
2001-08-09,3.48,4.07,4.93,5.64,3.77
2001-08-10,3.45,4.03,4.88,5.61,3.7
2001-08-11,3.45,4.03,4.88,5.61,3.7
2001-08-12,3.45,4.03,4.88,5.61,3.7
2001-08-13,3.43,4.0,4.86,5.6,3.79
2001-08-14,3.46,4.03,4.87,5.61,3.76
2001-08-15,3.47,4.11,4.9,5.62,3.83
2001-08-16,3.43,4.04,4.84,5.58,3.75
2001-08-17,3.39,3.95,4.75,5.51,3.66
2001-08-18,3.39,3.95,4.75,5.51,3.66
2001-08-19,3.39,3.95,4.75,5.51,3.66
2001-08-20,3.44,4.02,4.81,5.55,3.64
2001-08-21,3.41,3.96,4.79,5.54,3.53
2001-08-22,3.44,4.03,4.81,5.53,3.51
2001-08-23,3.46,3.99,4.79,5.5,3.55
2001-08-24,3.48,4.03,4.82,5.54,3.51
2001-08-25,3.48,4.03,4.82,5.54,3.51
2001-08-26,3.48,4.03,4.82,5.54,3.51
2001-08-27,3.51,4.04,4.83,5.56,3.54
2001-08-28,3.46,3.97,4.73,5.49,3.5
2001-08-29,3.44,3.92,4.67,5.44,3.5
2001-08-30,3.38,3.88,4.68,5.45,3.58
2001-08-31,3.41,3.91,4.72,5.47,3.66
2001-09-01,3.41,3.91,4.72,5.47,3.66
2001-09-02,3.41,3.91,4.72,5.47,3.66
2001-09-03,3.41,3.91,4.72,5.47,3.66
2001-09-04,3.55,4.1,4.88,5.59,3.67
2001-09-05,3.47,4.07,4.86,5.57,3.49
2001-09-06,3.4,3.93,4.73,5.5,3.52
2001-09-07,3.29,3.82,4.67,5.45,3.44
2001-09-08,3.29,3.82,4.67,5.45,3.44
2001-09-09,3.29,3.82,4.67,5.45,3.44
2001-09-10,3.31,3.82,4.69,5.5,3.5
2001-09-11,3.31,3.82,4.69,5.5,3.5
2001-09-12,3.31,3.82,4.69,5.5,3.56
2001-09-13,2.81,3.32,4.41,5.41,3.31
2001-09-14,2.73,3.17,4.31,5.38,3.13
2001-09-15,2.73,3.17,4.31,5.38,3.13
2001-09-16,2.73,3.17,4.31,5.38,3.13
2001-09-17,2.72,3.3,4.38,5.44,2.13
2001-09-18,2.69,3.31,4.46,5.59,1.25
2001-09-19,2.49,3.18,4.41,5.59,1.19
2001-09-20,2.56,3.27,4.47,5.67,2.22
2001-09-21,2.53,3.27,4.43,5.62,3.11
2001-09-22,2.53,3.27,4.43,5.62,3.11
2001-09-23,2.53,3.27,4.43,5.62,3.11
2001-09-24,2.56,3.3,4.47,5.61,3.31
2001-09-25,2.51,3.25,4.45,5.6,3.11
2001-09-26,2.48,3.18,4.39,5.52,2.96
2001-09-27,2.43,3.15,4.33,5.46,3.08
2001-09-28,2.49,3.22,4.37,5.45,2.75
2001-09-29,2.49,3.22,4.37,5.45,2.75
2001-09-30,2.49,3.22,4.37,5.45,2.75
2001-10-01,2.47,3.18,4.33,5.39,3.02
2001-10-02,2.43,3.14,4.31,5.36,2.35
2001-10-03,2.38,3.14,4.29,5.34,2.27
2001-10-04,2.37,3.14,4.29,5.33,2.45
2001-10-05,2.33,3.1,4.26,5.34,2.42
2001-10-06,2.33,3.1,4.26,5.34,2.42
2001-10-07,2.33,3.1,4.26,5.34,2.42
2001-10-08,2.33,3.1,4.26,5.34,2.42
2001-10-09,2.35,3.16,4.35,5.42,2.5
2001-10-10,2.35,3.19,4.35,5.38,2.42
2001-10-11,2.44,3.3,4.43,5.45,2.42
2001-10-12,2.4,3.23,4.41,5.45,2.39
2001-10-13,2.4,3.23,4.41,5.45,2.39
2001-10-14,2.4,3.23,4.41,5.45,2.39
2001-10-15,2.39,3.18,4.36,5.4,2.51
2001-10-16,2.37,3.16,4.32,5.38,2.47
2001-10-17,2.37,3.21,4.32,5.35,2.51
2001-10-18,2.36,3.18,4.32,5.34,2.5
2001-10-19,2.34,3.19,4.37,5.39,2.47
2001-10-20,2.34,3.19,4.37,5.39,2.47
2001-10-21,2.34,3.19,4.37,5.39,2.47
2001-10-22,2.35,3.22,4.37,5.38,2.52
2001-10-23,2.37,3.24,4.4,5.4,2.48
2001-10-24,2.32,3.15,4.34,5.32,2.53
2001-10-25,2.26,3.06,4.29,5.28,2.54
2001-10-26,2.26,3.06,4.26,5.27,2.51
2001-10-27,2.26,3.06,4.26,5.27,2.51
2001-10-28,2.26,3.06,4.26,5.27,2.51
2001-10-29,2.18,2.99,4.22,5.24,2.55
2001-10-30,2.11,2.92,4.14,5.21,2.55
2001-10-31,2.07,2.87,4.03,5.05,2.66
2001-11-01,2.1,2.91,4.01,5.0,2.61
2001-11-02,2.07,2.93,4.12,5.14,2.43
2001-11-03,2.07,2.93,4.12,5.14,2.43
2001-11-04,2.07,2.93,4.12,5.14,2.43
2001-11-05,2.05,2.91,4.07,5.06,2.45
2001-11-06,1.97,2.76,4.03,5.05,2.13
2001-11-07,1.93,2.7,3.95,4.95,2.04
2001-11-08,2.0,2.81,4.05,5.03,2.03
2001-11-09,2.02,2.86,4.09,5.05,1.98
2001-11-10,2.02,2.86,4.09,5.05,1.98
2001-11-11,2.02,2.86,4.09,5.05,1.98
2001-11-12,2.02,2.86,4.09,5.05,1.98
2001-11-13,2.07,2.96,4.17,5.1,2.1
2001-11-14,2.13,3.11,4.31,5.2,2.16
2001-11-15,2.34,3.41,4.58,5.41,2.22
2001-11-16,2.41,3.55,4.72,5.52,1.98
2001-11-17,2.41,3.55,4.72,5.52,1.98
2001-11-18,2.41,3.55,4.72,5.52,1.98
2001-11-19,2.31,3.38,4.58,5.42,2.01
2001-11-20,2.31,3.41,4.66,5.5,1.97
2001-11-21,2.38,3.58,4.78,5.59,1.93
2001-11-22,2.38,3.58,4.78,5.59,1.93
2001-11-23,2.41,3.68,4.83,5.65,1.88
2001-11-24,2.41,3.68,4.83,5.65,1.88
2001-11-25,2.41,3.68,4.83,5.65,1.88
2001-11-26,2.43,3.7,4.85,5.66,2.04
2001-11-27,2.36,3.58,4.77,5.64,2.01
2001-11-28,2.26,3.6,4.76,5.63,2.04
2001-11-29,2.03,3.33,4.56,5.52,2.09
2001-11-30,2.06,3.3,4.55,5.54,2.06
2001-12-01,2.06,3.3,4.55,5.54,2.06
2001-12-02,2.06,3.3,4.55,5.54,2.06
2001-12-03,2.08,3.28,4.51,5.49,2.05
2001-12-04,2.07,3.3,4.46,5.43,1.93
2001-12-05,2.27,3.55,4.7,5.61,1.89
2001-12-06,2.35,3.7,4.83,5.72,1.87
2001-12-07,2.26,3.72,4.98,5.9,1.92
2001-12-08,2.26,3.72,4.98,5.9,1.92
2001-12-09,2.26,3.72,4.98,5.9,1.92
2001-12-10,2.17,3.63,4.95,5.86,1.9
2001-12-11,2.12,3.56,4.89,5.83,1.8
2001-12-12,2.13,3.48,4.78,5.74,1.81
2001-12-13,2.2,3.62,4.9,5.81,1.86
2001-12-14,2.22,3.73,5.01,5.89,1.88
2001-12-15,2.22,3.73,5.01,5.89,1.88
2001-12-16,2.22,3.73,5.01,5.89,1.88
2001-12-17,2.24,3.74,5.03,5.91,1.93
2001-12-18,2.24,3.66,4.93,5.81,1.71
2001-12-19,2.23,3.63,4.84,5.73,1.71
2001-12-20,2.22,3.67,4.86,5.73,1.79
2001-12-21,2.23,3.69,4.89,5.76,1.78
2001-12-22,2.23,3.69,4.89,5.76,1.78
2001-12-23,2.23,3.69,4.89,5.76,1.78
2001-12-24,2.24,3.74,4.95,5.81,1.68
2001-12-25,2.24,3.74,4.95,5.81,1.68
2001-12-26,2.34,3.8,5.0,5.84,1.89
2001-12-27,2.27,3.71,4.9,5.78,1.85
2001-12-28,2.26,3.69,4.93,5.82,1.54
2001-12-29,2.26,3.69,4.93,5.82,1.54
2001-12-30,2.26,3.69,4.93,5.82,1.54
2001-12-31,2.17,3.59,4.84,5.74,1.52
2002-01-01,2.17,3.59,4.84,5.74,1.52
2002-01-02,2.28,3.75,4.97,5.86,1.92
2002-01-03,2.24,3.71,4.93,5.83,1.72
2002-01-04,2.25,3.72,4.97,5.87,1.61
2002-01-05,2.25,3.72,4.97,5.87,1.61
2002-01-06,2.25,3.72,4.97,5.87,1.61
2002-01-07,2.19,3.61,4.86,5.76,1.61
2002-01-08,2.19,3.6,4.86,5.77,1.61
2002-01-09,2.17,3.57,4.86,5.76,1.74
2002-01-10,2.1,3.46,4.74,5.64,1.81
2002-01-11,1.98,3.28,4.65,5.6,1.71
2002-01-12,1.98,3.28,4.65,5.6,1.71
2002-01-13,1.98,3.28,4.65,5.6,1.71
2002-01-14,2.0,3.32,4.64,5.62,1.78
2002-01-15,1.99,3.32,4.62,5.56,1.75
2002-01-16,2.01,3.36,4.62,5.58,1.69
2002-01-17,2.09,3.49,4.73,5.65,1.68
2002-01-18,2.08,3.43,4.69,5.59,1.71
2002-01-19,2.08,3.43,4.69,5.59,1.71
2002-01-20,2.08,3.43,4.69,5.59,1.71
2002-01-21,2.08,3.43,4.69,5.59,1.71
2002-01-22,2.11,3.48,4.72,5.62,1.84
2002-01-23,2.15,3.58,4.81,5.73,1.81
2002-01-24,2.22,3.67,4.82,5.71,1.8
2002-01-25,2.25,3.71,4.86,5.72,1.78
2002-01-26,2.25,3.71,4.86,5.72,1.78
2002-01-27,2.25,3.71,4.86,5.72,1.78
2002-01-28,2.28,3.73,4.88,5.72,1.79
2002-01-29,2.23,3.59,4.76,5.63,1.78
2002-01-30,2.23,3.61,4.77,5.64,1.78
2002-01-31,2.29,3.7,4.82,5.68,1.85
2002-02-01,2.22,3.62,4.78,5.63,1.77
2002-02-02,2.22,3.62,4.78,5.63,1.77
2002-02-03,2.22,3.62,4.78,5.63,1.77
2002-02-04,2.19,3.52,4.69,5.57,1.74
2002-02-05,2.22,3.53,4.66,5.56,1.64
2002-02-06,2.2,3.51,4.71,5.61,1.66
2002-02-07,2.2,3.54,4.73,5.64,1.74
2002-02-08,2.16,3.48,4.69,5.6,1.69
2002-02-09,2.16,3.48,4.69,5.6,1.69
2002-02-10,2.16,3.48,4.69,5.6,1.69
2002-02-11,2.21,3.49,4.7,5.63,1.76
2002-02-12,2.26,3.58,4.76,5.69,1.72
2002-02-13,2.27,3.63,4.8,5.72,1.75
2002-02-14,2.26,3.59,4.76,5.64,1.81
2002-02-15,2.2,3.5,4.66,5.58,1.73
2002-02-16,2.2,3.5,4.66,5.58,1.73
2002-02-17,2.2,3.5,4.66,5.58,1.73
2002-02-18,2.2,3.5,4.66,5.58,1.73
2002-02-19,2.23,3.52,4.71,5.61,1.77
2002-02-20,2.24,3.53,4.71,5.6,1.76
2002-02-21,2.25,3.52,4.72,5.58,1.77
2002-02-22,2.22,3.48,4.67,5.55,1.71
2002-02-23,2.22,3.48,4.67,5.55,1.71
2002-02-24,2.22,3.48,4.67,5.55,1.71
2002-02-25,2.26,3.53,4.69,5.56,1.8
2002-02-26,2.31,3.61,4.77,5.63,1.77
2002-02-27,2.27,3.56,4.67,5.56,1.76
2002-02-28,2.25,3.64,4.7,5.61,1.83
2002-03-01,2.33,3.73,4.82,5.7,1.78
2002-03-02,2.33,3.73,4.82,5.7,1.78
2002-03-03,2.33,3.73,4.82,5.7,1.78
2002-03-04,2.36,3.75,4.86,5.71,1.68
2002-03-05,2.36,3.77,4.86,5.7,1.63
2002-03-06,2.34,3.77,4.89,5.74,1.71
2002-03-07,2.43,3.95,5.07,5.88,1.77
2002-03-08,2.57,4.21,5.17,5.95,1.69
2002-03-09,2.57,4.21,5.17,5.95,1.69
2002-03-10,2.57,4.21,5.17,5.95,1.69
2002-03-11,2.59,4.17,5.18,5.96,1.75
2002-03-12,2.57,4.14,5.17,5.96,1.68
2002-03-13,2.52,4.06,5.11,5.95,1.73
2002-03-14,2.59,4.2,5.24,6.05,1.79
2002-03-15,2.61,4.23,5.2,5.98,1.8
2002-03-16,2.61,4.23,5.2,5.98,1.8
2002-03-17,2.61,4.23,5.2,5.98,1.8
2002-03-18,2.65,4.27,5.17,5.95,1.71
2002-03-19,2.61,4.26,5.18,5.96,1.67
2002-03-20,2.66,4.3,5.25,6.04,1.78
2002-03-21,2.66,4.39,5.26,6.02,1.74
2002-03-22,2.7,4.4,5.28,6.04,1.68
2002-03-23,2.7,4.4,5.28,6.04,1.68
2002-03-24,2.7,4.4,5.28,6.04,1.68
2002-03-25,2.75,4.38,5.28,6.03,1.75
2002-03-26,2.69,4.27,5.23,5.96,1.71
2002-03-27,2.65,4.28,5.22,5.96,1.69
2002-03-28,2.7,4.31,5.29,6.03,1.77
2002-03-29,2.7,4.31,5.29,6.03,1.74
2002-03-30,2.7,4.31,5.29,6.03,1.74
2002-03-31,2.7,4.31,5.29,6.03,1.74
2002-04-01,2.76,4.29,5.29,6.04,1.88
2002-04-02,2.68,4.21,5.21,5.96,1.74
2002-04-03,2.61,4.14,5.13,5.92,1.81
2002-04-04,2.61,4.16,5.12,5.89,1.74
2002-04-05,2.54,4.1,5.04,5.84,1.7
2002-04-06,2.54,4.1,5.04,5.84,1.7
2002-04-07,2.54,4.1,5.04,5.84,1.7
2002-04-08,2.61,4.03,5.07,5.89,1.72
2002-04-09,2.55,4.06,5.03,5.84,1.68
2002-04-10,2.52,4.08,5.05,5.88,1.73
2002-04-11,2.51,4.07,5.03,5.85,1.83
2002-04-12,2.44,4.01,4.99,5.81,1.79
2002-04-13,2.44,4.01,4.99,5.81,1.79
2002-04-14,2.44,4.01,4.99,5.81,1.79
2002-04-15,2.44,3.99,4.95,5.78,1.84
2002-04-16,2.46,4.03,5.0,5.83,1.68
2002-04-17,2.43,3.99,5.03,5.9,1.73
2002-04-18,2.4,3.97,5.02,5.88,1.71
2002-04-19,2.39,3.95,5.0,5.85,1.67
2002-04-20,2.39,3.95,5.0,5.85,1.67
2002-04-21,2.39,3.95,5.0,5.85,1.67
2002-04-22,2.41,3.94,4.98,5.85,1.73
2002-04-23,2.41,3.96,4.98,5.83,1.71
2002-04-24,2.35,3.87,4.9,5.77,1.76
2002-04-25,2.33,3.83,4.89,5.77,1.82
2002-04-26,2.31,3.8,4.86,5.73,1.79
2002-04-27,2.31,3.8,4.86,5.73,1.79
2002-04-28,2.31,3.8,4.86,5.73,1.79
2002-04-29,2.36,3.85,4.91,5.77,1.81
2002-04-30,2.35,3.83,4.88,5.74,1.82
2002-05-01,2.33,3.78,4.86,5.71,1.88
2002-05-02,2.35,3.83,4.91,5.74,1.79
2002-05-03,2.28,3.75,4.85,5.7,1.73
2002-05-04,2.28,3.75,4.85,5.7,1.73
2002-05-05,2.28,3.75,4.85,5.7,1.73
2002-05-06,2.3,3.77,4.87,5.71,1.75
2002-05-07,2.27,3.67,4.85,5.71,1.72
2002-05-08,2.37,3.87,4.99,5.84,1.71
2002-05-09,2.33,3.8,4.96,5.8,1.74
2002-05-10,2.27,3.71,4.89,5.77,1.74
2002-05-11,2.27,3.71,4.89,5.77,1.74
2002-05-12,2.27,3.71,4.89,5.77,1.74
2002-05-13,2.36,3.81,4.98,5.86,1.75
2002-05-14,2.43,3.94,5.06,5.94,1.69
2002-05-15,2.41,3.9,5.02,5.92,1.84
2002-05-16,2.35,3.81,4.94,5.87,1.76
2002-05-17,2.45,3.95,5.01,5.94,1.7
2002-05-18,2.45,3.95,5.01,5.94,1.7
2002-05-19,2.45,3.95,5.01,5.94,1.7
2002-05-20,2.41,3.87,4.94,5.88,1.72
2002-05-21,2.38,3.82,4.9,5.84,1.68
2002-05-22,2.34,3.75,4.85,5.8,1.73
2002-05-23,2.38,3.8,4.87,5.83,1.76
2002-05-24,2.37,3.81,4.87,5.83,1.75
2002-05-25,2.37,3.81,4.87,5.83,1.75
2002-05-26,2.37,3.81,4.87,5.83,1.75
2002-05-27,2.37,3.81,4.87,5.83,1.75
2002-05-28,2.41,3.82,4.87,5.83,1.88
2002-05-29,2.35,3.76,4.81,5.79,1.79
2002-05-30,2.31,3.69,4.74,5.74,1.8
2002-05-31,2.34,3.73,4.77,5.77,1.79
2002-06-01,2.34,3.73,4.77,5.77,1.79
2002-06-02,2.34,3.73,4.77,5.77,1.79
2002-06-03,2.35,3.72,4.75,5.76,1.83
2002-06-04,2.31,3.64,4.72,5.75,1.73
2002-06-05,2.33,3.68,4.76,5.79,1.7
2002-06-06,2.3,3.63,4.72,5.75,1.75
2002-06-07,2.31,3.67,4.78,5.81,1.73
2002-06-08,2.31,3.67,4.78,5.81,1.73
2002-06-09,2.31,3.67,4.78,5.81,1.73
2002-06-10,2.3,3.66,4.75,5.76,1.76
2002-06-11,2.27,3.59,4.69,5.71,1.72
2002-06-12,2.25,3.55,4.65,5.68,1.75
2002-06-13,2.2,3.5,4.61,5.65,1.76
2002-06-14,2.16,3.4,4.51,5.54,1.75
2002-06-15,2.16,3.4,4.51,5.54,1.75
2002-06-16,2.16,3.4,4.51,5.54,1.75
2002-06-17,2.2,3.44,4.57,5.61,1.82
2002-06-18,2.16,3.41,4.55,5.6,1.71
2002-06-19,2.07,3.28,4.43,5.51,1.69
2002-06-20,2.12,3.4,4.53,5.59,1.75
2002-06-21,2.09,3.35,4.47,5.54,1.74
2002-06-22,2.09,3.35,4.47,5.54,1.74
2002-06-23,2.09,3.35,4.47,5.54,1.74
2002-06-24,2.15,3.41,4.55,5.6,1.77
2002-06-25,2.16,3.41,4.55,5.62,1.75
2002-06-26,2.05,3.25,4.4,5.53,1.78
2002-06-27,2.09,3.34,4.51,5.63,1.81
2002-06-28,2.06,3.37,4.52,5.65,1.73
2002-06-29,2.06,3.37,4.52,5.65,1.73
2002-06-30,2.06,3.37,4.52,5.65,1.73
2002-07-01,2.09,3.35,4.54,5.64,1.83
2002-07-02,2.04,3.24,4.45,5.56,1.72
2002-07-03,2.02,3.25,4.47,5.57,1.71
2002-07-04,2.02,3.25,4.47,5.57,1.71
2002-07-05,2.08,3.38,4.6,5.67,1.72
2002-07-06,2.08,3.38,4.6,5.67,1.72
2002-07-07,2.08,3.38,4.6,5.67,1.72
2002-07-08,2.08,3.32,4.53,5.63,1.75
2002-07-09,2.01,3.21,4.47,5.57,1.72
2002-07-10,1.97,3.07,4.33,5.48,1.74
2002-07-11,1.95,3.07,4.33,5.47,1.76
2002-07-12,1.97,3.02,4.3,5.45,1.71
2002-07-13,1.97,3.02,4.3,5.45,1.71
2002-07-14,1.97,3.02,4.3,5.45,1.71
2002-07-15,1.97,3.04,4.33,5.49,1.83
2002-07-16,1.99,3.14,4.42,5.58,1.72
2002-07-17,1.99,3.1,4.36,5.54,1.71
2002-07-18,1.95,3.01,4.29,5.52,1.74
2002-07-19,1.94,2.94,4.25,5.47,1.72
2002-07-20,1.94,2.94,4.25,5.47,1.72
2002-07-21,1.94,2.94,4.25,5.47,1.72
2002-07-22,1.94,2.83,4.15,5.4,1.77
2002-07-23,1.91,2.76,4.11,5.39,1.73
2002-07-24,1.89,2.81,4.13,5.42,1.67
2002-07-25,1.86,2.69,4.05,5.39,1.75
2002-07-26,1.8,2.62,4.03,5.42,1.69
2002-07-27,1.8,2.62,4.03,5.42,1.69
2002-07-28,1.8,2.62,4.03,5.42,1.69
2002-07-29,1.93,2.84,4.22,5.54,1.75
2002-07-30,1.96,2.88,4.24,5.54,1.71
2002-07-31,1.8,2.67,4.09,5.41,1.76
2002-08-01,1.75,2.6,4.04,5.41,1.79
2002-08-02,1.65,2.43,3.88,5.29,1.72
2002-08-03,1.65,2.43,3.88,5.29,1.72
2002-08-04,1.65,2.43,3.88,5.29,1.72
2002-08-05,1.68,2.34,3.83,5.26,1.77
2002-08-06,1.69,2.53,3.98,5.35,1.74
2002-08-07,1.64,2.4,3.89,5.31,1.71
2002-08-08,1.68,2.52,3.96,5.34,1.71
2002-08-09,1.68,2.49,3.85,5.22,1.68
2002-08-10,1.68,2.49,3.85,5.22,1.68
2002-08-11,1.68,2.49,3.85,5.22,1.68
2002-08-12,1.75,2.48,3.81,5.16,1.76
2002-08-13,1.7,2.37,3.72,5.09,1.74
2002-08-14,1.77,2.47,3.74,5.03,1.78
2002-08-15,1.78,2.58,3.85,5.12,1.87
2002-08-16,1.82,2.67,3.99,5.24,1.7
2002-08-17,1.82,2.67,3.99,5.24,1.7
2002-08-18,1.82,2.67,3.99,5.24,1.7
2002-08-19,1.86,2.64,3.97,5.21,1.72
2002-08-20,1.77,2.5,3.84,5.12,1.7
2002-08-21,1.77,2.51,3.85,5.14,1.72
2002-08-22,1.85,2.61,3.95,5.22,1.73
2002-08-23,1.8,2.56,3.88,5.15,1.72
2002-08-24,1.8,2.56,3.88,5.15,1.72
2002-08-25,1.8,2.56,3.88,5.15,1.72
2002-08-26,1.79,2.56,3.85,5.12,1.81
2002-08-27,1.89,2.63,3.93,5.2,1.79
2002-08-28,1.85,2.59,3.86,5.14,1.8
2002-08-29,1.75,2.51,3.8,5.08,1.82
2002-08-30,1.74,2.5,3.78,5.06,1.81
2002-08-31,1.74,2.5,3.78,5.06,1.81
2002-09-01,1.74,2.5,3.78,5.06,1.81
2002-09-02,1.74,2.5,3.78,5.06,1.81
2002-09-03,1.71,2.36,3.63,4.92,1.87
2002-09-04,1.69,2.35,3.58,4.91,1.74
2002-09-05,1.66,2.29,3.52,4.88,1.75
2002-09-06,1.75,2.42,3.66,5.0,1.71
2002-09-07,1.75,2.42,3.66,5.0,1.71
2002-09-08,1.75,2.42,3.66,5.0,1.71
2002-09-09,1.77,2.46,3.66,4.99,1.76
2002-09-10,1.77,2.44,3.63,4.96,1.74
2002-09-11,1.84,2.51,3.71,5.01,1.72
2002-09-12,1.79,2.44,3.61,4.93,1.74
2002-09-13,1.74,2.38,3.55,4.87,1.72
2002-09-14,1.74,2.38,3.55,4.87,1.72
2002-09-15,1.74,2.38,3.55,4.87,1.72
2002-09-16,1.78,2.38,3.53,4.85,1.83
2002-09-17,1.77,2.36,3.49,4.83,1.72
2002-09-18,1.75,2.35,3.5,4.85,1.68
2002-09-19,1.68,2.24,3.42,4.8,1.69
2002-09-20,1.68,2.25,3.42,4.82,1.7
2002-09-21,1.68,2.25,3.42,4.82,1.7
2002-09-22,1.68,2.25,3.42,4.82,1.7
2002-09-23,1.68,2.21,3.32,4.75,1.74
2002-09-24,1.68,2.2,3.31,4.74,1.75
2002-09-25,1.73,2.28,3.4,4.83,1.79
2002-09-26,1.68,2.27,3.42,4.85,1.8
2002-09-27,1.62,2.13,3.31,4.78,1.78
2002-09-28,1.62,2.13,3.31,4.78,1.78
2002-09-29,1.62,2.13,3.31,4.78,1.78
2002-09-30,1.53,2.02,3.25,4.75,1.85
2002-10-01,1.56,2.11,3.34,4.81,1.85
2002-10-02,1.53,2.07,3.33,4.78,1.75
2002-10-03,1.53,2.08,3.33,4.79,1.76
2002-10-04,1.58,2.09,3.31,4.77,1.72
2002-10-05,1.58,2.09,3.31,4.77,1.72
2002-10-06,1.58,2.09,3.31,4.77,1.72
2002-10-07,1.59,2.07,3.27,4.75,1.74
2002-10-08,1.6,2.1,3.29,4.75,1.72
2002-10-09,1.55,2.03,3.24,4.72,1.73
2002-10-10,1.6,2.06,3.3,4.78,1.75
2002-10-11,1.63,2.17,3.45,4.91,1.73
2002-10-12,1.63,2.17,3.45,4.91,1.73
2002-10-13,1.63,2.17,3.45,4.91,1.73
2002-10-14,1.63,2.17,3.45,4.91,1.73
2002-10-15,1.79,2.42,3.7,5.09,1.88
2002-10-16,1.74,2.38,3.68,5.1,1.73
2002-10-17,1.78,2.47,3.77,5.18,1.74
2002-10-18,1.77,2.45,3.73,5.17,1.71
2002-10-19,1.77,2.45,3.73,5.17,1.71
2002-10-20,1.77,2.45,3.73,5.17,1.71
2002-10-21,1.86,2.58,3.83,5.23,1.73
2002-10-22,1.85,2.57,3.85,5.26,1.71
2002-10-23,1.84,2.55,3.82,5.26,1.76
2002-10-24,1.73,2.45,3.74,5.2,1.8
2002-10-25,1.69,2.35,3.69,5.16,1.82
2002-10-26,1.69,2.35,3.69,5.16,1.82
2002-10-27,1.69,2.35,3.69,5.16,1.82
2002-10-28,1.6,2.26,3.65,5.15,1.79
2002-10-29,1.53,2.15,3.51,5.05,1.75
2002-10-30,1.49,2.12,3.53,5.07,1.72
2002-10-31,1.46,2.05,3.45,5.03,1.82
2002-11-01,1.46,2.14,3.54,5.07,1.74
2002-11-02,1.46,2.14,3.54,5.07,1.74
2002-11-03,1.46,2.14,3.54,5.07,1.74
2002-11-04,1.48,2.19,3.59,5.11,1.71
2002-11-05,1.48,2.21,3.62,5.13,1.64
2002-11-06,1.46,2.26,3.62,5.12,1.48
2002-11-07,1.46,2.2,3.46,4.94,1.27
2002-11-08,1.43,2.21,3.44,4.87,1.18
2002-11-09,1.43,2.21,3.44,4.87,1.18
2002-11-10,1.43,2.21,3.44,4.87,1.18
2002-11-11,1.43,2.21,3.44,4.87,1.18
2002-11-12,1.44,2.14,3.42,4.87,1.29
2002-11-13,1.42,2.11,3.4,4.86,1.17
2002-11-14,1.48,2.28,3.6,5.01,1.29
2002-11-15,1.49,2.3,3.63,5.02,1.35
2002-11-16,1.49,2.3,3.63,5.02,1.35
2002-11-17,1.49,2.3,3.63,5.02,1.35
2002-11-18,1.48,2.3,3.61,4.98,1.21
2002-11-19,1.49,2.3,3.58,4.94,1.2
2002-11-20,1.5,2.39,3.72,5.04,1.23
2002-11-21,1.52,2.46,3.8,5.1,1.27
2002-11-22,1.54,2.52,3.84,5.12,1.25
2002-11-23,1.54,2.52,3.84,5.12,1.25
2002-11-24,1.54,2.52,3.84,5.12,1.25
2002-11-25,1.56,2.51,3.85,5.13,1.32
2002-11-26,1.51,2.38,3.71,5.03,1.26
2002-11-27,1.58,2.58,3.93,5.23,1.27
2002-11-28,1.58,2.58,3.93,5.23,1.27
2002-11-29,1.56,2.51,3.88,5.18,1.23
2002-11-30,1.56,2.51,3.88,5.18,1.23
2002-12-01,1.56,2.51,3.88,5.18,1.23
2002-12-02,1.56,2.51,3.89,5.17,1.27
2002-12-03,1.57,2.53,3.92,5.18,1.24
2002-12-04,1.53,2.45,3.85,5.14,1.23
2002-12-05,1.5,2.39,3.79,5.09,1.24
2002-12-06,1.47,2.31,3.73,5.08,1.21
2002-12-07,1.47,2.31,3.73,5.08,1.21
2002-12-08,1.47,2.31,3.73,5.08,1.21
2002-12-09,1.48,2.28,3.68,5.05,1.22
2002-12-10,1.48,2.3,3.67,5.02,1.22
2002-12-11,1.46,2.24,3.61,4.97,1.29
2002-12-12,1.46,2.25,3.62,4.97,1.29
2002-12-13,1.47,2.27,3.68,5.03,1.25
2002-12-14,1.47,2.27,3.68,5.03,1.25
2002-12-15,1.47,2.27,3.68,5.03,1.25
2002-12-16,1.5,2.35,3.75,5.11,1.36
2002-12-17,1.48,2.3,3.71,5.11,1.26
2002-12-18,1.43,2.21,3.63,5.05,1.25
2002-12-19,1.37,2.13,3.52,4.97,1.28
2002-12-20,1.39,2.15,3.53,4.97,1.26
2002-12-21,1.39,2.15,3.53,4.97,1.26
2002-12-22,1.39,2.15,3.53,4.97,1.26
2002-12-23,1.43,2.17,3.54,4.98,1.28
2002-12-24,1.42,2.1,3.51,4.93,1.15
2002-12-25,1.42,2.1,3.51,4.93,1.15
2002-12-26,1.41,2.08,3.47,4.91,1.28
2002-12-27,1.36,1.97,3.36,4.83,1.2
2002-12-28,1.36,1.97,3.36,4.83,1.2
2002-12-29,1.36,1.97,3.36,4.83,1.2
2002-12-30,1.36,1.95,3.34,4.82,1.23
2002-12-31,1.32,1.99,3.36,4.83,1.16
2003-01-01,1.32,1.99,3.36,4.83,1.16
2003-01-02,1.42,2.22,3.62,5.05,1.3
2003-01-03,1.41,2.2,3.6,5.03,1.12
2003-01-04,1.41,2.2,3.6,5.03,1.12
2003-01-05,1.41,2.2,3.6,5.03,1.12
2003-01-06,1.44,2.26,3.64,5.05,1.22
2003-01-07,1.4,2.19,3.6,5.03,1.2
2003-01-08,1.36,2.14,3.56,5.0,1.29
2003-01-09,1.44,2.33,3.77,5.17,1.29
2003-01-10,1.39,2.26,3.74,5.14,1.25
2003-01-11,1.39,2.26,3.74,5.14,1.25
2003-01-12,1.39,2.26,3.74,5.14,1.25
2003-01-13,1.41,2.27,3.72,5.13,1.26
2003-01-14,1.4,2.21,3.66,5.09,1.24
2003-01-15,1.37,2.21,3.65,5.07,1.3
2003-01-16,1.37,2.21,3.65,5.06,1.24
2003-01-17,1.34,2.15,3.6,5.0,1.2
2003-01-18,1.34,2.15,3.6,5.0,1.2
2003-01-19,1.34,2.15,3.6,5.0,1.2
2003-01-20,1.34,2.15,3.6,5.0,1.2
2003-01-21,1.33,2.11,3.55,4.98,1.31
2003-01-22,1.31,2.09,3.49,4.94,1.26
2003-01-23,1.33,2.12,3.52,4.98,1.27
2003-01-24,1.31,2.08,3.48,4.92,1.21
2003-01-25,1.31,2.08,3.48,4.92,1.21
2003-01-26,1.31,2.08,3.48,4.92,1.21
2003-01-27,1.31,2.13,3.53,4.96,1.3
2003-01-28,1.34,2.13,3.54,4.96,1.23
2003-01-29,1.36,2.21,3.61,5.01,1.26
2003-01-30,1.3,2.15,3.56,4.96,1.29
2003-01-31,1.31,2.16,3.55,4.93,1.33
2003-02-01,1.31,2.16,3.55,4.93,1.33
2003-02-02,1.31,2.16,3.55,4.93,1.33
2003-02-03,1.34,2.17,3.58,4.93,1.3
2003-02-04,1.33,2.12,3.53,4.89,1.21
2003-02-05,1.34,2.18,3.6,4.97,1.21
2003-02-06,1.32,2.13,3.55,4.91,1.23
2003-02-07,1.28,2.08,3.51,4.88,1.21
2003-02-08,1.28,2.08,3.51,4.88,1.21
2003-02-09,1.28,2.08,3.51,4.88,1.21
2003-02-10,1.33,2.13,3.57,4.94,1.25
2003-02-11,1.3,2.1,3.55,4.93,1.22
2003-02-12,1.29,2.05,3.48,4.9,1.23
2003-02-13,1.27,1.99,3.42,4.86,1.28
2003-02-14,1.3,2.05,3.48,4.94,1.3
2003-02-15,1.3,2.05,3.48,4.94,1.3
2003-02-16,1.3,2.05,3.48,4.94,1.3
2003-02-17,1.3,2.05,3.48,4.94,1.3
2003-02-18,1.31,2.08,3.48,4.92,1.35
2003-02-19,1.29,2.03,3.41,4.86,1.24
2003-02-20,1.29,2.0,3.38,4.84,1.25
2003-02-21,1.31,2.04,3.42,4.88,1.21
2003-02-22,1.31,2.04,3.42,4.88,1.21
2003-02-23,1.31,2.04,3.42,4.88,1.21
2003-02-24,1.28,2.0,3.38,4.85,1.25
2003-02-25,1.27,1.98,3.34,4.81,1.28
2003-02-26,1.27,1.96,3.3,4.77,1.28
2003-02-27,1.27,1.96,3.29,4.75,1.31
2003-02-28,1.24,1.91,3.24,4.7,1.33
2003-03-01,1.24,1.91,3.24,4.7,1.33
2003-03-02,1.24,1.91,3.24,4.7,1.33
2003-03-03,1.26,1.89,3.21,4.69,1.33
2003-03-04,1.24,1.85,3.17,4.68,1.2
2003-03-05,1.22,1.82,3.14,4.67,1.22
2003-03-06,1.22,1.85,3.18,4.7,1.23
2003-03-07,1.15,1.77,3.14,4.67,1.2
2003-03-08,1.15,1.77,3.14,4.67,1.2
2003-03-09,1.15,1.77,3.14,4.67,1.2
2003-03-10,1.09,1.73,3.08,4.64,1.23
2003-03-11,1.12,1.76,3.11,4.64,1.21
2003-03-12,1.14,1.82,3.13,4.62,1.23
2003-03-13,1.24,1.98,3.31,4.75,1.31
2003-03-14,1.22,1.95,3.27,4.73,1.3
2003-03-15,1.22,1.95,3.27,4.73,1.3
2003-03-16,1.22,1.95,3.27,4.73,1.3
2003-03-17,1.24,2.03,3.37,4.82,1.31
2003-03-18,1.35,2.12,3.46,4.89,1.2
2003-03-19,1.32,2.14,3.53,4.94,1.2
2003-03-20,1.34,2.18,3.56,4.99,1.23
2003-03-21,1.36,2.25,3.67,5.08,1.2
2003-03-22,1.36,2.25,3.67,5.08,1.2
2003-03-23,1.36,2.25,3.67,5.08,1.2
2003-03-24,1.32,2.14,3.55,4.97,1.23
2003-03-25,1.28,2.12,3.54,4.97,1.24
2003-03-26,1.27,2.11,3.52,4.96,1.26
2003-03-27,1.25,2.05,3.5,4.96,1.29
2003-03-28,1.22,1.99,3.45,4.93,1.26
2003-03-29,1.22,1.99,3.45,4.93,1.26
2003-03-30,1.22,1.99,3.45,4.93,1.26
2003-03-31,1.19,1.93,3.35,4.84,1.38
2003-04-01,1.16,1.92,3.35,4.85,1.29
2003-04-02,1.22,2.03,3.48,4.94,1.19
2003-04-03,1.18,1.99,3.45,4.95,1.24
2003-04-04,1.18,2.0,3.48,4.97,1.22
2003-04-05,1.18,2.0,3.48,4.97,1.22
2003-04-06,1.18,2.0,3.48,4.97,1.22
2003-04-07,1.25,2.1,3.55,5.01,1.25
2003-04-08,1.21,2.03,3.47,4.93,1.22
2003-04-09,1.22,1.99,3.44,4.92,1.24
2003-04-10,1.25,2.03,3.46,4.94,1.27
2003-04-11,1.3,2.09,3.49,4.96,1.24
2003-04-12,1.3,2.09,3.49,4.96,1.24
2003-04-13,1.3,2.09,3.49,4.96,1.24
2003-04-14,1.33,2.17,3.55,4.99,1.32
2003-04-15,1.32,2.12,3.49,4.93,1.34
2003-04-16,1.31,2.1,3.48,4.92,1.26
2003-04-17,1.34,2.15,3.5,4.91,1.28
2003-04-18,1.34,2.15,3.5,4.91,1.24
2003-04-19,1.34,2.15,3.5,4.91,1.24
2003-04-20,1.34,2.15,3.5,4.91,1.24
2003-04-21,1.35,2.16,3.54,4.92,1.29
2003-04-22,1.34,2.14,3.53,4.94,1.26
2003-04-23,1.33,2.14,3.54,4.92,1.24
2003-04-24,1.28,2.05,3.45,4.84,1.24
2003-04-25,1.26,2.0,3.42,4.83,1.28
2003-04-26,1.26,2.0,3.42,4.83,1.28
2003-04-27,1.26,2.0,3.42,4.83,1.28
2003-04-28,1.28,2.02,3.43,4.83,1.29
2003-04-29,1.28,2.06,3.47,4.86,1.27
2003-04-30,1.22,1.95,3.39,4.79,1.31
2003-05-01,1.21,1.93,3.37,4.8,1.3
2003-05-02,1.27,2.0,3.45,4.84,1.24
2003-05-03,1.27,2.0,3.45,4.84,1.24
2003-05-04,1.27,2.0,3.45,4.84,1.24
2003-05-05,1.27,1.98,3.41,4.8,1.27
2003-05-06,1.19,1.87,3.31,4.76,1.28
2003-05-07,1.21,1.83,3.19,4.67,1.28
2003-05-08,1.24,1.82,3.17,4.65,1.27
2003-05-09,1.22,1.81,3.17,4.64,1.24
2003-05-10,1.22,1.81,3.17,4.64,1.24
2003-05-11,1.22,1.81,3.17,4.64,1.24
2003-05-12,1.22,1.81,3.12,4.6,1.25
2003-05-13,1.23,1.82,3.12,4.58,1.23
2003-05-14,1.2,1.72,3.02,4.47,1.3
2003-05-15,1.21,1.78,3.07,4.48,1.36
2003-05-16,1.15,1.69,3.0,4.44,1.26
2003-05-17,1.15,1.69,3.0,4.44,1.26
2003-05-18,1.15,1.69,3.0,4.44,1.26
2003-05-19,1.14,1.66,2.98,4.44,1.26
2003-05-20,1.1,1.62,2.89,4.36,1.23
2003-05-21,1.15,1.67,2.91,4.33,1.23
2003-05-22,1.14,1.65,2.87,4.29,1.25
2003-05-23,1.14,1.65,2.87,4.28,1.21
2003-05-24,1.14,1.65,2.87,4.28,1.21
2003-05-25,1.14,1.65,2.87,4.28,1.21
2003-05-26,1.14,1.65,2.87,4.28,1.21
2003-05-27,1.13,1.63,2.93,4.39,1.32
2003-05-28,1.15,1.62,2.94,4.42,1.29
2003-05-29,1.11,1.56,2.84,4.35,1.29
2003-05-30,1.13,1.58,2.87,4.36,1.28
2003-05-31,1.13,1.58,2.87,4.36,1.28
2003-06-01,1.13,1.58,2.87,4.36,1.28
2003-06-02,1.15,1.61,2.94,4.43,1.27
2003-06-03,1.07,1.51,2.82,4.35,1.21
2003-06-04,1.04,1.46,2.78,4.32,1.22
2003-06-05,1.07,1.52,2.83,4.37,1.26
2003-06-06,1.08,1.53,2.87,4.37,1.24
2003-06-07,1.08,1.53,2.87,4.37,1.24
2003-06-08,1.08,1.53,2.87,4.37,1.24
2003-06-09,1.04,1.45,2.79,4.31,1.25
2003-06-10,0.98,1.38,2.69,4.22,1.22
2003-06-11,1.0,1.42,2.72,4.23,1.25
2003-06-12,0.95,1.38,2.68,4.18,1.25
2003-06-13,0.9,1.34,2.63,4.13,1.24
2003-06-14,0.9,1.34,2.63,4.13,1.24
2003-06-15,0.9,1.34,2.63,4.13,1.24
2003-06-16,0.95,1.44,2.71,4.18,1.33
2003-06-17,1.0,1.53,2.81,4.26,1.24
2003-06-18,0.96,1.59,2.9,4.35,1.22
2003-06-19,0.88,1.5,2.87,4.37,1.22
2003-06-20,0.94,1.55,2.9,4.41,1.23
2003-06-21,0.94,1.55,2.9,4.41,1.23
2003-06-22,0.94,1.55,2.9,4.41,1.23
2003-06-23,0.94,1.47,2.82,4.35,1.21
2003-06-24,0.91,1.44,2.78,4.31,1.15
2003-06-25,1.05,1.57,2.9,4.4,1.18
2003-06-26,1.11,1.73,3.07,4.52,1.1
2003-06-27,1.09,1.72,3.09,4.57,1.08
2003-06-28,1.09,1.72,3.09,4.57,1.08
2003-06-29,1.09,1.72,3.09,4.57,1.08
2003-06-30,1.09,1.66,3.03,4.52,1.45
2003-07-01,1.07,1.66,3.06,4.54,1.11
2003-07-02,1.06,1.65,3.05,4.54,1.01
2003-07-03,1.07,1.69,3.15,4.64,0.96
2003-07-04,1.07,1.69,3.15,4.64,0.96
2003-07-05,1.07,1.69,3.15,4.64,0.96
2003-07-06,1.07,1.69,3.15,4.64,0.96
2003-07-07,1.08,1.76,3.22,4.69,1.0
2003-07-08,1.09,1.79,3.23,4.71,0.93
2003-07-09,1.09,1.77,3.21,4.69,0.96
2003-07-10,1.07,1.72,3.17,4.68,1.0
2003-07-11,1.06,1.67,3.12,4.65,0.98
2003-07-12,1.06,1.67,3.12,4.65,0.98
2003-07-13,1.06,1.67,3.12,4.65,0.98
2003-07-14,1.07,1.74,3.2,4.74,1.07
2003-07-15,1.1,1.89,3.4,4.91,1.13
2003-07-16,1.12,1.94,3.44,4.91,1.01
2003-07-17,1.11,1.93,3.45,4.92,1.02
2003-07-18,1.12,1.98,3.49,4.93,0.99
2003-07-19,1.12,1.98,3.49,4.93,0.99
2003-07-20,1.12,1.98,3.49,4.93,0.99
2003-07-21,1.17,2.11,3.67,5.09,1.02
2003-07-22,1.12,2.1,3.64,5.07,1.0
2003-07-23,1.11,2.04,3.6,5.04,1.05
2003-07-24,1.13,2.05,3.66,5.12,1.04
2003-07-25,1.13,2.06,3.69,5.15,1.03
2003-07-26,1.13,2.06,3.69,5.15,1.03
2003-07-27,1.13,2.06,3.69,5.15,1.03
2003-07-28,1.17,2.17,3.79,5.23,1.05
2003-07-29,1.17,2.26,3.9,5.33,1.04
2003-07-30,1.17,2.21,3.85,5.27,1.03
2003-07-31,1.28,2.33,3.98,5.43,1.04
2003-08-01,1.31,2.38,4.01,5.42,1.0
2003-08-02,1.31,2.38,4.01,5.42,1.0
2003-08-03,1.31,2.38,4.01,5.42,1.0
2003-08-04,1.24,2.24,3.86,5.36,1.0
2003-08-05,1.32,2.44,3.98,5.48,0.86
2003-08-06,1.28,2.36,3.82,5.31,0.88
2003-08-07,1.26,2.3,3.78,5.27,0.95
2003-08-08,1.22,2.27,3.76,5.29,0.96
2003-08-09,1.22,2.27,3.76,5.29,0.96
2003-08-10,1.22,2.27,3.76,5.29,0.96
2003-08-11,1.3,2.35,3.86,5.36,1.02
2003-08-12,1.25,2.29,3.85,5.36,0.99
2003-08-13,1.31,2.47,4.06,5.55,1.01
2003-08-14,1.31,2.47,4.05,5.49,1.22
2003-08-15,1.3,2.47,4.04,5.49,1.39
2003-08-16,1.3,2.47,4.04,5.49,1.39
2003-08-17,1.3,2.47,4.04,5.49,1.39
2003-08-18,1.33,2.46,3.99,5.45,1.03
2003-08-19,1.29,2.37,3.89,5.33,0.93
2003-08-20,1.3,2.43,3.96,5.39,0.89
2003-08-21,1.37,2.56,4.07,5.43,1.01
2003-08-22,1.35,2.54,4.03,5.37,0.99
2003-08-23,1.35,2.54,4.03,5.37,0.99
2003-08-24,1.35,2.54,4.03,5.37,0.99
2003-08-25,1.35,2.59,4.08,5.43,1.04
2003-08-26,1.32,2.55,4.05,5.39,1.0
2003-08-27,1.38,2.61,4.11,5.43,0.98
2003-08-28,1.34,2.48,3.96,5.31,1.04
2003-08-29,1.35,2.51,4.0,5.33,1.01
2003-08-30,1.35,2.51,4.0,5.33,1.01
2003-08-31,1.35,2.51,4.0,5.33,1.01
2003-09-01,1.35,2.51,4.0,5.33,1.01
2003-09-02,1.39,2.62,4.17,5.48,1.06
2003-09-03,1.36,2.62,4.15,5.49,0.96
2003-09-04,1.33,2.51,4.04,5.43,0.98
2003-09-05,1.24,2.28,3.83,5.29,0.96
2003-09-06,1.24,2.28,3.83,5.29,0.96
2003-09-07,1.24,2.28,3.83,5.29,0.96
2003-09-08,1.27,2.33,3.88,5.33,0.99
2003-09-09,1.23,2.29,3.85,5.31,0.95
2003-09-10,1.2,2.19,3.73,5.22,0.95
2003-09-11,1.22,2.27,3.79,5.27,1.0
2003-09-12,1.2,2.19,3.72,5.22,1.02
2003-09-13,1.2,2.19,3.72,5.22,1.02
2003-09-14,1.2,2.19,3.72,5.22,1.02
2003-09-15,1.2,2.17,3.71,5.24,1.11
2003-09-16,1.22,2.16,3.72,5.26,0.97
2003-09-17,1.19,2.13,3.64,5.15,0.97
2003-09-18,1.23,2.16,3.66,5.15,1.0
2003-09-19,1.23,2.2,3.66,5.12,0.99
2003-09-20,1.23,2.2,3.66,5.12,0.99
2003-09-21,1.23,2.2,3.66,5.12,0.99
2003-09-22,1.24,2.21,3.73,5.2,1.02
2003-09-23,1.24,2.2,3.7,5.16,1.01
2003-09-24,1.22,2.15,3.62,5.09,1.03
2003-09-25,1.21,2.14,3.59,5.04,1.08
2003-09-26,1.21,2.06,3.49,4.98,1.03
2003-09-27,1.21,2.06,3.49,4.98,1.03
2003-09-28,1.21,2.06,3.49,4.98,1.03
2003-09-29,1.21,2.07,3.54,5.03,1.04
2003-09-30,1.15,1.95,3.41,4.91,1.17
2003-10-01,1.13,1.93,3.4,4.92,1.11
2003-10-02,1.14,1.96,3.48,4.97,1.02
2003-10-03,1.2,2.17,3.69,5.15,0.99
2003-10-04,1.2,2.17,3.69,5.15,0.99
2003-10-05,1.2,2.17,3.69,5.15,0.99
2003-10-06,1.15,2.11,3.63,5.1,0.99
2003-10-07,1.21,2.19,3.73,5.21,0.98
2003-10-08,1.21,2.17,3.72,5.22,0.99
2003-10-09,1.22,2.2,3.77,5.27,1.02
2003-10-10,1.21,2.18,3.72,5.23,1.0
2003-10-11,1.21,2.18,3.72,5.23,1.0
2003-10-12,1.21,2.18,3.72,5.23,1.0
2003-10-13,1.21,2.18,3.72,5.23,1.0
2003-10-14,1.23,2.25,3.82,5.32,1.08
2003-10-15,1.27,2.32,3.88,5.36,1.09
2003-10-16,1.34,2.47,3.97,5.38,1.04
2003-10-17,1.31,2.41,3.9,5.32,0.98
2003-10-18,1.31,2.41,3.9,5.32,0.98
2003-10-19,1.31,2.41,3.9,5.32,0.98
2003-10-20,1.32,2.42,3.89,5.3,1.02
2003-10-21,1.32,2.41,3.86,5.28,0.99
2003-10-22,1.28,2.33,3.77,5.19,0.99
2003-10-23,1.3,2.37,3.81,5.25,1.02
2003-10-24,1.27,2.26,3.68,5.14,1.01
2003-10-25,1.27,2.26,3.68,5.14,1.01
2003-10-26,1.27,2.26,3.68,5.14,1.01
2003-10-27,1.31,2.35,3.75,5.19,1.03
2003-10-28,1.25,2.23,3.67,5.14,0.98
2003-10-29,1.29,2.32,3.76,5.21,0.97
2003-10-30,1.32,2.39,3.83,5.25,1.02
2003-10-31,1.31,2.36,3.8,5.2,1.03
2003-11-01,1.31,2.36,3.8,5.2,1.03
2003-11-02,1.31,2.36,3.8,5.2,1.03
2003-11-03,1.33,2.44,3.88,5.25,1.02
2003-11-04,1.31,2.4,3.81,5.19,0.98
2003-11-05,1.35,2.46,3.88,5.24,0.98
2003-11-06,1.38,2.55,3.96,5.32,1.0
2003-11-07,1.4,2.6,3.99,5.33,0.98
2003-11-08,1.4,2.6,3.99,5.33,0.98
2003-11-09,1.4,2.6,3.99,5.33,0.98
2003-11-10,1.39,2.63,4.0,5.34,0.99
2003-11-11,1.39,2.63,4.0,5.34,0.99
2003-11-12,1.39,2.59,3.95,5.29,1.0
2003-11-13,1.33,2.45,3.79,5.16,0.99
2003-11-14,1.31,2.36,3.7,5.1,0.98
2003-11-15,1.31,2.36,3.7,5.1,0.98
2003-11-16,1.31,2.36,3.7,5.1,0.98
2003-11-17,1.29,2.31,3.68,5.07,1.04
2003-11-18,1.3,2.32,3.66,5.05,0.98
2003-11-19,1.32,2.42,3.75,5.12,0.98
2003-11-20,1.28,2.35,3.67,5.06,1.0
2003-11-21,1.29,2.35,3.67,5.05,0.98
2003-11-22,1.29,2.35,3.67,5.05,0.98
2003-11-23,1.29,2.35,3.67,5.05,0.98
2003-11-24,1.33,2.44,3.76,5.11,0.98
2003-11-25,1.32,2.4,3.72,5.07,1.02
2003-11-26,1.35,2.48,3.79,5.12,1.01
2003-11-27,1.35,2.48,3.79,5.12,1.01
2003-11-28,1.39,2.56,3.89,5.2,1.01
2003-11-29,1.39,2.56,3.89,5.2,1.01
2003-11-30,1.39,2.56,3.89,5.2,1.01
2003-12-01,1.41,2.64,3.98,5.23,1.03
2003-12-02,1.38,2.6,3.95,5.22,0.97
2003-12-03,1.39,2.63,3.98,5.25,0.98
2003-12-04,1.38,2.61,3.93,5.22,0.99
2003-12-05,1.3,2.42,3.76,5.09,0.98
2003-12-06,1.3,2.42,3.76,5.09,0.98
2003-12-07,1.3,2.42,3.76,5.09,0.98
2003-12-08,1.33,2.48,3.81,5.15,0.99
2003-12-09,1.35,2.51,3.85,5.18,0.97
2003-12-10,1.33,2.48,3.82,5.16,0.99
2003-12-11,1.27,2.37,3.76,5.14,0.99
2003-12-12,1.28,2.4,3.75,5.12,0.99
2003-12-13,1.28,2.4,3.75,5.12,0.99
2003-12-14,1.28,2.4,3.75,5.12,0.99
2003-12-15,1.3,2.41,3.79,5.13,1.04
2003-12-16,1.28,2.37,3.74,5.1,0.99
2003-12-17,1.26,2.37,3.7,5.05,0.99
2003-12-18,1.24,2.38,3.67,4.99,1.01
2003-12-19,1.25,2.35,3.67,4.99,0.98
2003-12-20,1.25,2.35,3.67,4.99,0.98
2003-12-21,1.25,2.35,3.67,4.99,0.98
2003-12-22,1.27,2.37,3.7,5.02,1.02
2003-12-23,1.31,2.47,3.81,5.09,1.0
2003-12-24,1.28,2.36,3.72,5.02,0.97
2003-12-25,1.28,2.36,3.72,5.02,0.97
2003-12-26,1.27,2.33,3.67,4.99,0.97
2003-12-27,1.27,2.33,3.67,4.99,0.97
2003-12-28,1.27,2.33,3.67,4.99,0.97
2003-12-29,1.31,2.37,3.76,5.07,0.98
2003-12-30,1.28,2.39,3.8,5.12,0.93
2003-12-31,1.26,2.37,3.77,5.1,0.94
2004-01-01,1.26,2.37,3.77,5.1,0.94
2004-01-02,1.31,2.47,3.9,5.21,1.01
2004-01-03,1.31,2.47,3.9,5.21,1.01
2004-01-04,1.31,2.47,3.9,5.21,1.01
2004-01-05,1.35,2.51,3.92,5.23,0.97
2004-01-06,1.3,2.38,3.8,5.13,0.92
2004-01-07,1.29,2.36,3.76,5.11,0.94
2004-01-08,1.29,2.37,3.76,5.12,0.99
2004-01-09,1.21,2.17,3.58,4.98,0.99
2004-01-10,1.21,2.17,3.58,4.98,0.99
2004-01-11,1.21,2.17,3.58,4.98,0.99
2004-01-12,1.21,2.18,3.58,4.99,1.0
2004-01-13,1.18,2.12,3.51,4.95,0.99
2004-01-14,1.19,2.13,3.49,4.9,1.01
2004-01-15,1.18,2.16,3.48,4.87,1.04
2004-01-16,1.21,2.19,3.54,4.9,0.98
2004-01-17,1.21,2.19,3.54,4.9,0.98
2004-01-18,1.21,2.19,3.54,4.9,0.98
2004-01-19,1.21,2.19,3.54,4.9,0.98
2004-01-20,1.21,2.21,3.58,4.93,1.02
2004-01-21,1.19,2.2,3.55,4.92,1.0
2004-01-22,1.19,2.14,3.49,4.86,1.02
2004-01-23,1.21,2.22,3.59,4.95,1.0
2004-01-24,1.21,2.22,3.59,4.95,1.0
2004-01-25,1.21,2.22,3.59,4.95,1.0
2004-01-26,1.23,2.27,3.66,5.01,1.08
2004-01-27,1.21,2.21,3.6,4.96,1.02
2004-01-28,1.26,2.39,3.72,5.06,0.99
2004-01-29,1.29,2.39,3.74,5.05,1.0
2004-01-30,1.28,2.35,3.68,5.0,1.03
2004-01-31,1.28,2.35,3.68,5.0,1.03
2004-02-01,1.28,2.35,3.68,5.0,1.03
2004-02-02,1.29,2.36,3.7,5.02,1.01
2004-02-03,1.27,2.3,3.65,4.98,0.97
2004-02-04,1.27,2.32,3.67,5.0,1.0
2004-02-05,1.29,2.4,3.72,5.02,1.01
2004-02-06,1.26,2.29,3.63,4.95,0.99
2004-02-07,1.26,2.29,3.63,4.95,0.99
2004-02-08,1.26,2.29,3.63,4.95,0.99
2004-02-09,1.25,2.26,3.6,4.93,1.01
2004-02-10,1.27,2.33,3.64,4.97,1.0
2004-02-11,1.23,2.23,3.56,4.9,1.0
2004-02-12,1.24,2.26,3.58,4.94,1.02
2004-02-13,1.21,2.19,3.54,4.92,1.01
2004-02-14,1.21,2.19,3.54,4.92,1.01
2004-02-15,1.21,2.19,3.54,4.92,1.01
2004-02-16,1.21,2.19,3.54,4.92,1.01
2004-02-17,1.21,2.2,3.54,4.91,1.02
2004-02-18,1.23,2.22,3.55,4.91,1.0
2004-02-19,1.23,2.2,3.54,4.91,1.0
2004-02-20,1.26,2.25,3.59,4.96,0.99
2004-02-21,1.26,2.25,3.59,4.96,0.99
2004-02-22,1.26,2.25,3.59,4.96,0.99
2004-02-23,1.22,2.21,3.55,4.92,1.0
2004-02-24,1.23,2.2,3.53,4.9,0.99
2004-02-25,1.23,2.16,3.51,4.89,1.02
2004-02-26,1.23,2.18,3.54,4.92,1.03
2004-02-27,1.21,2.13,3.48,4.85,1.04
2004-02-28,1.21,2.13,3.48,4.85,1.04
2004-02-29,1.21,2.13,3.48,4.85,1.04
2004-03-01,1.23,2.15,3.49,4.86,1.04
2004-03-02,1.26,2.21,3.55,4.9,1.0
2004-03-03,1.26,2.23,3.57,4.92,1.0
2004-03-04,1.25,2.21,3.53,4.89,0.99
2004-03-05,1.16,2.02,3.32,4.73,1.0
2004-03-06,1.16,2.02,3.32,4.73,1.0
2004-03-07,1.16,2.02,3.32,4.73,1.0
2004-03-08,1.15,1.95,3.26,4.69,1.0
2004-03-09,1.15,1.92,3.2,4.64,0.99
2004-03-10,1.17,1.94,3.21,4.65,1.0
2004-03-11,1.15,1.95,3.23,4.66,1.01
2004-03-12,1.18,1.95,3.24,4.68,0.99
2004-03-13,1.18,1.95,3.24,4.68,0.99
2004-03-14,1.18,1.95,3.24,4.68,0.99
2004-03-15,1.18,1.97,3.25,4.67,1.05
2004-03-16,1.17,1.89,3.17,4.61,0.99
2004-03-17,1.18,1.92,3.18,4.62,1.0
2004-03-18,1.17,1.96,3.25,4.66,1.0
2004-03-19,1.19,1.97,3.28,4.68,0.99
2004-03-20,1.19,1.97,3.28,4.68,0.99
2004-03-21,1.19,1.97,3.28,4.68,0.99
2004-03-22,1.17,1.93,3.22,4.63,1.01
2004-03-23,1.17,1.92,3.21,4.62,0.99
2004-03-24,1.16,1.91,3.21,4.62,0.99
2004-03-25,1.15,1.91,3.23,4.65,1.02
2004-03-26,1.19,2.0,3.33,4.75,1.0
2004-03-27,1.19,2.0,3.33,4.75,1.0
2004-03-28,1.19,2.0,3.33,4.75,1.0
2004-03-29,1.21,2.05,3.39,4.8,1.0
2004-03-30,1.21,2.05,3.39,4.8,0.98
2004-03-31,1.2,1.99,3.33,4.77,1.05
2004-04-01,1.23,2.06,3.38,4.77,1.03
2004-04-02,1.3,2.33,3.66,4.97,1.0
2004-04-03,1.3,2.33,3.66,4.97,1.0
2004-04-04,1.3,2.33,3.66,4.97,1.0
2004-04-05,1.34,2.4,3.76,5.05,1.01
2004-04-06,1.31,2.35,3.7,5.01,1.0
2004-04-07,1.31,2.36,3.71,5.02,1.0
2004-04-08,1.32,2.37,3.73,5.04,1.02
2004-04-09,1.32,2.37,3.73,5.04,1.01
2004-04-10,1.32,2.37,3.73,5.04,1.01
2004-04-11,1.32,2.37,3.73,5.04,1.01
2004-04-12,1.34,2.41,3.78,5.08,1.0
2004-04-13,1.39,2.52,3.89,5.17,1.0
2004-04-14,1.48,2.6,3.95,5.21,1.01
2004-04-15,1.46,2.59,3.96,5.22,1.03
2004-04-16,1.4,2.53,3.9,5.2,0.99
2004-04-17,1.4,2.53,3.9,5.2,0.99
2004-04-18,1.4,2.53,3.9,5.2,0.99
2004-04-19,1.43,2.58,3.93,5.22,1.0
2004-04-20,1.46,2.62,3.97,5.24,0.99
2004-04-21,1.52,2.71,4.01,5.25,0.99
2004-04-22,1.49,2.64,3.95,5.2,1.0
2004-04-23,1.59,2.78,4.07,5.27,0.99
2004-04-24,1.59,2.78,4.07,5.27,0.99
2004-04-25,1.59,2.78,4.07,5.27,0.99
2004-04-26,1.57,2.78,4.05,5.25,1.01
2004-04-27,1.53,2.74,4.01,5.22,0.99
2004-04-28,1.54,2.82,4.08,5.28,1.01
2004-04-29,1.55,2.88,4.14,5.33,1.03
2004-04-30,1.55,2.86,4.11,5.31,1.03
2004-05-01,1.55,2.86,4.11,5.31,1.03
2004-05-02,1.55,2.86,4.11,5.31,1.03
2004-05-03,1.6,2.86,4.11,5.3,1.03
2004-05-04,1.57,2.88,4.15,5.34,1.0
2004-05-05,1.56,2.91,4.18,5.38,0.99
2004-05-06,1.61,2.94,4.2,5.41,1.0
2004-05-07,1.83,3.19,4.41,5.53,0.99
2004-05-08,1.83,3.19,4.41,5.53,0.99
2004-05-09,1.83,3.19,4.41,5.53,0.99
2004-05-10,1.85,3.18,4.41,5.54,1.0
2004-05-11,1.83,3.19,4.39,5.53,0.96
2004-05-12,1.81,3.19,4.41,5.57,0.98
2004-05-13,1.84,3.24,4.46,5.61,1.0
2004-05-14,1.81,3.16,4.39,5.54,1.02
2004-05-15,1.81,3.16,4.39,5.54,1.02
2004-05-16,1.81,3.16,4.39,5.54,1.02
2004-05-17,1.8,3.07,4.29,5.47,1.05
2004-05-18,1.83,3.13,4.34,5.48,1.0
2004-05-19,1.85,3.18,4.39,5.54,1.0
2004-05-20,1.81,3.12,4.33,5.47,1.0
2004-05-21,1.84,3.18,4.37,5.5,0.99
2004-05-22,1.84,3.18,4.37,5.5,0.99
2004-05-23,1.84,3.18,4.37,5.5,0.99
2004-05-24,1.86,3.17,4.36,5.48,1.0
2004-05-25,1.84,3.16,4.34,5.45,1.0
2004-05-26,1.81,3.08,4.27,5.41,0.99
2004-05-27,1.77,3.02,4.2,5.34,1.0
2004-05-28,1.83,3.1,4.26,5.39,1.02
2004-05-29,1.83,3.1,4.26,5.39,1.02
2004-05-30,1.83,3.1,4.26,5.39,1.02
2004-05-31,1.83,3.1,4.26,5.39,1.02
2004-06-01,1.89,3.14,4.31,5.45,1.02
2004-06-02,1.92,3.19,4.35,5.47,0.98
2004-06-03,1.91,3.17,4.34,5.46,0.99
2004-06-04,1.97,3.25,4.41,5.51,0.99
2004-06-05,1.97,3.25,4.41,5.51,0.99
2004-06-06,1.97,3.25,4.41,5.51,0.99
2004-06-07,1.96,3.22,4.39,5.51,0.99
2004-06-08,2.02,3.24,4.4,5.5,0.97
2004-06-09,2.14,3.31,4.44,5.54,0.99
2004-06-10,2.14,3.32,4.43,5.52,1.0
2004-06-11,2.14,3.32,4.43,5.52,1.0
2004-06-12,2.14,3.32,4.43,5.52,1.0
2004-06-13,2.14,3.32,4.43,5.52,1.0
2004-06-14,2.25,3.45,4.51,5.59,1.02
2004-06-15,2.16,3.26,4.31,5.41,1.03
2004-06-16,2.24,3.31,4.36,5.46,1.0
2004-06-17,2.21,3.28,4.33,5.42,1.01
2004-06-18,2.24,3.28,4.34,5.43,1.0
2004-06-19,2.24,3.28,4.34,5.43,1.0
2004-06-20,2.24,3.28,4.34,5.43,1.0
2004-06-21,2.17,3.26,4.33,5.42,1.0
2004-06-22,2.21,3.28,4.34,5.43,1.0
2004-06-23,2.15,3.25,4.33,5.41,1.02
2004-06-24,2.11,3.21,4.27,5.36,1.03
2004-06-25,2.14,3.2,4.27,5.37,1.05
2004-06-26,2.14,3.2,4.27,5.37,1.05
2004-06-27,2.14,3.2,4.27,5.37,1.05
2004-06-28,2.3,3.32,4.37,5.46,1.09
2004-06-29,2.2,3.28,4.33,5.41,1.13
2004-06-30,2.09,3.16,4.24,5.33,1.38
2004-07-01,2.07,3.08,4.18,5.31,1.4
2004-07-02,2.02,2.96,4.08,5.22,1.25
2004-07-03,2.02,2.96,4.08,5.22,1.25
2004-07-04,2.02,2.96,4.08,5.22,1.25
2004-07-05,2.02,2.96,4.08,5.22,1.25
2004-07-06,2.15,2.99,4.1,5.24,1.3
2004-07-07,2.0,2.99,4.1,5.24,1.26
2004-07-08,1.99,2.97,4.09,5.24,1.26
2004-07-09,2.0,2.96,4.08,5.23,1.24
2004-07-10,2.0,2.96,4.08,5.23,1.24
2004-07-11,2.0,2.96,4.08,5.23,1.24
2004-07-12,2.02,2.96,4.06,5.22,1.26
2004-07-13,2.05,3.0,4.1,5.25,1.24
2004-07-14,2.08,3.02,4.1,5.24,1.24
2004-07-15,2.11,3.04,4.1,5.24,1.3
2004-07-16,2.08,2.93,3.99,5.14,1.24
2004-07-17,2.08,2.93,3.99,5.14,1.24
2004-07-18,2.08,2.93,3.99,5.14,1.24
2004-07-19,2.1,2.94,3.99,5.14,1.25
2004-07-20,2.13,3.06,4.09,5.21,1.25
2004-07-21,2.14,3.1,4.13,5.24,1.25
2004-07-22,2.12,3.09,4.11,5.22,1.26
2004-07-23,2.12,3.08,4.08,5.2,1.25
2004-07-24,2.12,3.08,4.08,5.2,1.25
2004-07-25,2.12,3.08,4.08,5.2,1.25
2004-07-26,2.18,3.13,4.13,5.23,1.27
2004-07-27,2.19,3.23,4.25,5.35,1.27
2004-07-28,2.17,3.19,4.23,5.35,1.29
2004-07-29,2.15,3.16,4.23,5.34,1.3
2004-07-30,2.13,3.09,4.13,5.24,1.29
2004-07-31,2.13,3.09,4.13,5.24,1.29
2004-08-01,2.13,3.09,4.13,5.24,1.29
2004-08-02,2.12,3.06,4.1,5.22,1.28
2004-08-03,2.11,3.05,4.08,5.2,1.24
2004-08-04,2.11,3.05,4.08,5.2,1.22
2004-08-05,2.09,3.04,4.05,5.18,1.3
2004-08-06,1.91,2.79,3.84,5.04,1.32
2004-08-07,1.91,2.79,3.84,5.04,1.32
2004-08-08,1.91,2.79,3.84,5.04,1.32
2004-08-09,1.97,2.86,3.88,5.06,1.35
2004-08-10,2.01,2.94,3.94,5.08,1.43
2004-08-11,2.0,2.91,3.92,5.07,1.5
2004-08-12,1.99,2.89,3.89,5.05,1.51
2004-08-13,1.97,2.85,3.85,5.02,1.48
2004-08-14,1.97,2.85,3.85,5.02,1.48
2004-08-15,1.97,2.85,3.85,5.02,1.48
2004-08-16,2.01,2.87,3.89,5.06,1.43
2004-08-17,1.98,2.81,3.83,5.02,1.2
2004-08-18,1.97,2.82,3.85,5.04,1.39
2004-08-19,1.96,2.8,3.84,5.03,1.5
2004-08-20,1.98,2.83,3.86,5.03,1.5
2004-08-21,1.98,2.83,3.86,5.03,1.5
2004-08-22,1.98,2.83,3.86,5.03,1.5
2004-08-23,2.03,2.87,3.9,5.08,1.51
2004-08-24,2.03,2.87,3.91,5.08,1.51
2004-08-25,2.03,2.88,3.89,5.06,1.55
2004-08-26,2.02,2.85,3.85,5.03,1.55
2004-08-27,2.03,2.85,3.86,5.02,1.52
2004-08-28,2.03,2.85,3.86,5.02,1.52
2004-08-29,2.03,2.85,3.86,5.02,1.52
2004-08-30,2.04,2.82,3.82,4.99,1.54
2004-08-31,1.99,2.75,3.76,4.93,1.55
2004-09-01,1.99,2.74,3.76,4.93,1.53
2004-09-02,2.02,2.8,3.83,4.99,1.51
2004-09-03,2.12,2.94,3.93,5.07,1.48
2004-09-04,2.12,2.94,3.93,5.07,1.48
2004-09-05,2.12,2.94,3.93,5.07,1.48
2004-09-06,2.12,2.94,3.93,5.07,1.48
2004-09-07,2.13,2.91,3.89,5.03,1.54
2004-09-08,2.09,2.83,3.8,4.96,1.51
2004-09-09,2.09,2.85,3.84,4.99,1.49
2004-09-10,2.08,2.84,3.79,4.97,1.48
2004-09-11,2.08,2.84,3.79,4.97,1.48
2004-09-12,2.08,2.84,3.79,4.97,1.48
2004-09-13,2.1,2.83,3.78,4.94,1.51
2004-09-14,2.08,2.81,3.76,4.93,1.4
2004-09-15,2.09,2.84,3.8,4.96,1.57
2004-09-16,2.06,2.75,3.69,4.86,1.61
2004-09-17,2.11,2.83,3.75,4.91,1.58
2004-09-18,2.11,2.83,3.75,4.91,1.58
2004-09-19,2.11,2.83,3.75,4.91,1.58
2004-09-20,2.1,2.75,3.68,4.85,1.64
2004-09-21,2.12,2.79,3.66,4.82,1.7
2004-09-22,2.12,2.78,3.62,4.75,1.78
2004-09-23,2.16,2.83,3.66,4.78,1.8
2004-09-24,2.2,2.88,3.69,4.78,1.76
2004-09-25,2.2,2.88,3.69,4.78,1.76
2004-09-26,2.2,2.88,3.69,4.78,1.76
2004-09-27,2.2,2.84,3.65,4.75,1.76
2004-09-28,2.18,2.8,3.66,4.78,1.72
2004-09-29,2.2,2.89,3.75,4.85,1.76
2004-09-30,2.21,2.89,3.79,4.89,1.94
2004-10-01,2.21,2.92,3.85,4.95,1.86
2004-10-02,2.21,2.92,3.85,4.95,1.86
2004-10-03,2.21,2.92,3.85,4.95,1.86
2004-10-04,2.25,2.93,3.84,4.93,1.77
2004-10-05,2.23,2.93,3.83,4.93,1.73
2004-10-06,2.26,2.99,3.88,4.97,1.74
2004-10-07,2.26,3.01,3.92,5.0,1.76
2004-10-08,2.21,2.88,3.8,4.91,1.71
2004-10-09,2.21,2.88,3.8,4.91,1.71
2004-10-10,2.21,2.88,3.8,4.91,1.71
2004-10-11,2.21,2.88,3.8,4.91,1.71
2004-10-12,2.2,2.84,3.77,4.88,1.78
2004-10-13,2.17,2.8,3.74,4.86,1.73
2004-10-14,2.15,2.76,3.68,4.81,1.77
2004-10-15,2.18,2.8,3.72,4.84,1.79
2004-10-16,2.18,2.8,3.72,4.84,1.79
2004-10-17,2.18,2.8,3.72,4.84,1.79
2004-10-18,2.21,2.82,3.72,4.84,1.73
2004-10-19,2.22,2.84,3.73,4.83,1.72
2004-10-20,2.2,2.78,3.66,4.77,1.74
2004-10-21,2.23,2.83,3.68,4.76,1.76
2004-10-22,2.23,2.79,3.66,4.75,1.72
2004-10-23,2.23,2.79,3.66,4.75,1.72
2004-10-24,2.23,2.79,3.66,4.75,1.72
2004-10-25,2.24,2.78,3.63,4.74,1.76
2004-10-26,2.24,2.8,3.65,4.75,1.72
2004-10-27,2.3,2.89,3.76,4.85,1.77
2004-10-28,2.29,2.86,3.74,4.83,1.79
2004-10-29,2.28,2.82,3.7,4.79,1.79
2004-10-30,2.28,2.82,3.7,4.79,1.79
2004-10-31,2.28,2.82,3.7,4.79,1.79
2004-11-01,2.34,2.89,3.76,4.84,1.83
2004-11-02,2.33,2.86,3.75,4.84,1.74
2004-11-03,2.32,2.85,3.74,4.83,1.73
2004-11-04,2.34,2.89,3.76,4.82,1.77
2004-11-05,2.44,3.04,3.88,4.92,1.76
2004-11-06,2.44,3.04,3.88,4.92,1.76
2004-11-07,2.44,3.04,3.88,4.92,1.76
2004-11-08,2.47,3.08,3.88,4.95,1.8
2004-11-09,2.46,3.05,3.88,4.95,1.79
2004-11-10,2.47,3.07,3.89,4.97,1.92
2004-11-11,2.47,3.07,3.89,4.97,1.92
2004-11-12,2.49,3.1,3.89,4.91,2.02
2004-11-13,2.49,3.1,3.89,4.91,2.02
2004-11-14,2.49,3.1,3.89,4.91,2.02
2004-11-15,2.53,3.12,3.89,4.91,2.06
2004-11-16,2.54,3.14,3.91,4.92,1.98
2004-11-17,2.5,3.07,3.83,4.85,1.99
2004-11-18,2.51,3.08,3.81,4.82,1.99
2004-11-19,2.56,3.17,3.91,4.89,1.99
2004-11-20,2.56,3.17,3.91,4.89,1.99
2004-11-21,2.56,3.17,3.91,4.89,1.99
2004-11-22,2.6,3.18,3.9,4.85,2.01
2004-11-23,2.6,3.2,3.92,4.85,2.0
2004-11-24,2.6,3.23,3.93,4.85,2.02
2004-11-25,2.6,3.23,3.93,4.85,2.02
2004-11-26,2.61,3.25,3.98,4.9,2.01
2004-11-27,2.61,3.25,3.98,4.9,2.01
2004-11-28,2.61,3.25,3.98,4.9,2.01
2004-11-29,2.66,3.31,4.06,4.99,2.03
2004-11-30,2.63,3.29,4.07,5.03,2.02
2004-12-01,2.6,3.28,4.08,5.04,2.04
2004-12-02,2.62,3.3,4.1,5.07,2.0
2004-12-03,2.58,3.19,3.96,4.95,1.98
2004-12-04,2.58,3.19,3.96,4.95,1.98
2004-12-05,2.58,3.19,3.96,4.95,1.98
2004-12-06,2.6,3.17,3.94,4.92,2.04
2004-12-07,2.6,3.19,3.94,4.91,1.99
2004-12-08,2.59,3.12,3.85,4.8,2.01
2004-12-09,2.59,3.15,3.87,4.84,2.05
2004-12-10,2.61,3.15,3.85,4.83,2.09
2004-12-11,2.61,3.15,3.85,4.83,2.09
2004-12-12,2.61,3.15,3.85,4.83,2.09
2004-12-13,2.66,3.18,3.85,4.81,2.18
2004-12-14,2.65,3.17,3.83,4.79,2.24
2004-12-15,2.64,3.14,3.78,4.72,2.31
2004-12-16,2.66,3.21,3.89,4.84,2.26
2004-12-17,2.67,3.22,3.91,4.85,2.23
2004-12-18,2.67,3.22,3.91,4.85,2.23
2004-12-19,2.67,3.22,3.91,4.85,2.23
2004-12-20,2.72,3.23,3.91,4.84,2.26
2004-12-21,2.72,3.22,3.89,4.82,2.24
2004-12-22,2.71,3.21,3.91,4.85,2.25
2004-12-23,2.7,3.21,3.92,4.86,2.34
2004-12-24,2.7,3.21,3.92,4.86,2.27
2004-12-25,2.7,3.21,3.92,4.86,2.27
2004-12-26,2.7,3.21,3.92,4.86,2.27
2004-12-27,2.78,3.26,3.99,4.95,2.24
2004-12-28,2.77,3.27,4.0,4.94,2.24
2004-12-29,2.77,3.32,4.03,4.96,2.23
2004-12-30,2.76,3.27,3.97,4.92,2.24
2004-12-31,2.75,3.25,3.94,4.85,1.97
2005-01-01,2.75,3.25,3.94,4.85,1.97
2005-01-02,2.75,3.25,3.94,4.85,1.97
2005-01-03,2.79,3.28,3.94,4.84,2.31
2005-01-04,2.82,3.38,4.02,4.91,2.25
2005-01-05,2.83,3.39,4.02,4.88,2.25
2005-01-06,2.82,3.36,4.01,4.88,2.25
2005-01-07,2.82,3.4,4.03,4.88,2.24
2005-01-08,2.82,3.4,4.03,4.88,2.24
2005-01-09,2.82,3.4,4.03,4.88,2.24
2005-01-10,2.86,3.41,4.03,4.86,2.26
2005-01-11,2.86,3.41,4.0,4.83,2.24
2005-01-12,2.84,3.38,4.0,4.81,2.25
2005-01-13,2.84,3.36,3.95,4.75,2.29
2005-01-14,2.87,3.41,3.97,4.76,2.29
2005-01-15,2.87,3.41,3.97,4.76,2.29
2005-01-16,2.87,3.41,3.97,4.76,2.29
2005-01-17,2.87,3.41,3.97,4.76,2.29
2005-01-18,2.9,3.42,3.97,4.73,2.31
2005-01-19,2.88,3.42,3.97,4.71,2.19
2005-01-20,2.85,3.38,3.94,4.7,2.25
2005-01-21,2.83,3.33,3.92,4.69,2.26
2005-01-22,2.83,3.33,3.92,4.69,2.26
2005-01-23,2.83,3.33,3.92,4.69,2.26
2005-01-24,2.86,3.36,3.9,4.65,2.26
2005-01-25,2.88,3.39,3.97,4.72,2.29
2005-01-26,2.9,3.43,3.98,4.72,2.33
2005-01-27,2.91,3.45,4.0,4.73,2.39
2005-01-28,2.89,3.41,3.93,4.66,2.48
2005-01-29,2.89,3.41,3.93,4.66,2.48
2005-01-30,2.89,3.41,3.93,4.66,2.48
2005-01-31,2.96,3.43,3.92,4.64,2.5
2005-02-01,2.95,3.43,3.93,4.65,2.4
2005-02-02,2.95,3.47,3.93,4.63,2.29
2005-02-03,2.96,3.51,3.97,4.64,2.49
2005-02-04,2.93,3.44,3.88,4.54,2.51
2005-02-05,2.93,3.44,3.88,4.54,2.51
2005-02-06,2.93,3.44,3.88,4.54,2.51
2005-02-07,2.96,3.46,3.87,4.49,2.5
2005-02-08,2.97,3.47,3.86,4.46,2.48
2005-02-09,2.93,3.38,3.79,4.43,2.5
2005-02-10,2.96,3.43,3.86,4.52,2.51
2005-02-11,3.0,3.48,3.9,4.55,2.5
2005-02-12,3.0,3.48,3.9,4.55,2.5
2005-02-13,3.0,3.48,3.9,4.55,2.5
2005-02-14,3.03,3.51,3.88,4.51,2.51
2005-02-15,3.03,3.51,3.91,4.55,2.53
2005-02-16,3.05,3.56,3.97,4.6,2.48
2005-02-17,3.03,3.55,3.99,4.65,2.5
2005-02-18,3.09,3.62,4.07,4.72,2.51
2005-02-19,3.09,3.62,4.07,4.72,2.51
2005-02-20,3.09,3.62,4.07,4.72,2.51
2005-02-21,3.09,3.62,4.07,4.72,2.51
2005-02-22,3.12,3.62,4.09,4.75,2.57
2005-02-23,3.12,3.63,4.08,4.73,2.53
2005-02-24,3.13,3.67,4.1,4.74,2.55
2005-02-25,3.15,3.68,4.09,4.72,2.54
2005-02-26,3.15,3.68,4.09,4.72,2.54
2005-02-27,3.15,3.68,4.09,4.72,2.54
2005-02-28,3.2,3.75,4.18,4.79,2.52
2005-03-01,3.2,3.76,4.19,4.8,2.39
2005-03-02,3.19,3.75,4.2,4.82,2.48
2005-03-03,3.19,3.76,4.2,4.82,2.51
2005-03-04,3.2,3.73,4.15,4.73,2.5
2005-03-05,3.2,3.73,4.15,4.73,2.5
2005-03-06,3.2,3.73,4.15,4.73,2.5
2005-03-07,3.22,3.76,4.15,4.7,2.51
2005-03-08,3.23,3.79,4.22,4.78,2.49
2005-03-09,3.24,3.87,4.35,4.92,2.5
2005-03-10,3.25,3.87,4.29,4.85,2.52
2005-03-11,3.28,3.94,4.39,4.93,2.51
2005-03-12,3.28,3.94,4.39,4.93,2.51
2005-03-13,3.28,3.94,4.39,4.93,2.51
2005-03-14,3.32,3.95,4.36,4.9,2.59
2005-03-15,3.32,3.96,4.38,4.93,2.61
2005-03-16,3.3,3.92,4.35,4.91,2.57
2005-03-17,3.29,3.89,4.3,4.87,2.68
2005-03-18,3.32,3.91,4.34,4.92,2.7
2005-03-19,3.32,3.91,4.34,4.92,2.7
2005-03-20,3.32,3.91,4.34,4.92,2.7
2005-03-21,3.33,3.93,4.35,4.94,2.71
2005-03-22,3.4,4.06,4.45,5.01,2.72
2005-03-23,3.38,4.05,4.45,4.99,2.73
2005-03-24,3.41,4.06,4.44,4.97,2.75
2005-03-25,3.41,4.06,4.44,4.97,2.8
2005-03-26,3.41,4.06,4.44,4.97,2.8
2005-03-27,3.41,4.06,4.44,4.97,2.8
2005-03-28,3.43,4.09,4.48,5.01,2.79
2005-03-29,3.41,4.05,4.44,4.98,2.72
2005-03-30,3.39,4.03,4.4,4.93,2.74
2005-03-31,3.35,3.96,4.33,4.88,2.96
2005-04-01,3.34,3.9,4.29,4.85,2.83
2005-04-02,3.34,3.9,4.29,4.85,2.83
2005-04-03,3.34,3.9,4.29,4.85,2.83
2005-04-04,3.34,3.9,4.3,4.84,2.78
2005-04-05,3.34,3.91,4.31,4.87,2.72
2005-04-06,3.31,3.86,4.26,4.85,2.73
2005-04-07,3.32,3.89,4.3,4.9,2.76
2005-04-08,3.35,3.94,4.32,4.88,2.75
2005-04-09,3.35,3.94,4.32,4.88,2.75
2005-04-10,3.35,3.94,4.32,4.88,2.75
2005-04-11,3.37,3.91,4.28,4.84,2.78
2005-04-12,3.34,3.85,4.2,4.78,2.77
2005-04-13,3.32,3.83,4.2,4.8,2.76
2005-04-14,3.3,3.76,4.17,4.8,2.79
2005-04-15,3.26,3.68,4.09,4.73,2.82
2005-04-16,3.26,3.68,4.09,4.73,2.82
2005-04-17,3.26,3.68,4.09,4.73,2.82
2005-04-18,3.29,3.69,4.08,4.7,2.75
2005-04-19,3.26,3.64,4.02,4.64,2.74
2005-04-20,3.25,3.65,4.03,4.66,2.74
2005-04-21,3.31,3.77,4.13,4.73,2.75
2005-04-22,3.3,3.73,4.08,4.68,2.74
2005-04-23,3.3,3.73,4.08,4.68,2.74
2005-04-24,3.3,3.73,4.08,4.68,2.74
2005-04-25,3.34,3.75,4.08,4.65,2.82
2005-04-26,3.35,3.77,4.1,4.67,2.78
2005-04-27,3.33,3.75,4.06,4.65,2.63
2005-04-28,3.3,3.67,3.99,4.6,2.89
2005-04-29,3.33,3.73,4.03,4.61,2.97
2005-04-30,3.33,3.73,4.03,4.61,2.97
2005-05-01,3.33,3.73,4.03,4.61,2.97
2005-05-02,3.34,3.71,4.02,4.61,2.98
2005-05-03,3.35,3.73,4.03,4.6,2.95
2005-05-04,3.32,3.7,4.01,4.64,2.99
2005-05-05,3.29,3.65,3.98,4.64,2.99
2005-05-06,3.37,3.8,4.09,4.69,2.98
2005-05-07,3.37,3.8,4.09,4.69,2.98
2005-05-08,3.37,3.8,4.09,4.69,2.98
2005-05-09,3.4,3.83,4.11,4.69,2.99
2005-05-10,3.37,3.79,4.04,4.65,2.99
2005-05-11,3.35,3.78,4.01,4.61,2.99
2005-05-12,3.34,3.75,3.99,4.59,3.01
2005-05-13,3.29,3.71,3.95,4.56,3.01
2005-05-14,3.29,3.71,3.95,4.56,3.01
2005-05-15,3.29,3.71,3.95,4.56,3.01
2005-05-16,3.33,3.71,3.9,4.56,3.06
2005-05-17,3.32,3.71,3.88,4.54,2.99
2005-05-18,3.29,3.67,3.83,4.49,3.0
2005-05-19,3.31,3.73,3.86,4.52,3.02
2005-05-20,3.35,3.77,3.89,4.52,3.01
2005-05-21,3.35,3.77,3.89,4.52,3.01
2005-05-22,3.35,3.77,3.89,4.52,3.01
2005-05-23,3.35,3.73,3.83,4.46,3.01
2005-05-24,3.32,3.68,3.8,4.43,2.99
2005-05-25,3.32,3.68,3.85,4.48,3.01
2005-05-26,3.31,3.72,3.92,4.49,3.01
2005-05-27,3.31,3.72,3.92,4.49,3.01
2005-05-28,3.31,3.72,3.92,4.49,3.01
2005-05-29,3.31,3.72,3.92,4.49,3.01
2005-05-30,3.31,3.72,3.92,4.49,3.01
2005-05-31,3.32,3.65,3.86,4.4,3.09
2005-06-01,3.25,3.55,3.74,4.31,3.02
2005-06-02,3.26,3.56,3.74,4.28,3.0
2005-06-03,3.28,3.63,3.83,4.34,2.99
2005-06-04,3.28,3.63,3.83,4.34,2.99
2005-06-05,3.28,3.63,3.83,4.34,2.99
2005-06-06,3.3,3.64,3.82,4.31,3.0
2005-06-07,3.28,3.62,3.78,4.26,2.96
2005-06-08,3.3,3.65,3.81,4.29,2.96
2005-06-09,3.31,3.68,3.84,4.31,3.01
2005-06-10,3.33,3.75,3.92,4.39,3.01
2005-06-11,3.33,3.75,3.92,4.39,3.01
2005-06-12,3.33,3.75,3.92,4.39,3.01
2005-06-13,3.38,3.77,3.96,4.44,3.04
2005-06-14,3.39,3.78,3.99,4.49,3.01
2005-06-15,3.39,3.79,3.99,4.49,3.05
2005-06-16,3.38,3.76,3.96,4.45,3.0
2005-06-17,3.39,3.76,3.97,4.44,2.99
2005-06-18,3.39,3.76,3.97,4.44,2.99
2005-06-19,3.39,3.76,3.97,4.44,2.99
2005-06-20,3.42,3.78,3.98,4.46,3.01
2005-06-21,3.42,3.75,3.93,4.4,2.96
2005-06-22,3.37,3.65,3.81,4.31,2.93
2005-06-23,3.39,3.66,3.82,4.32,3.05
2005-06-24,3.38,3.63,3.78,4.28,3.07
2005-06-25,3.38,3.63,3.78,4.28,3.07
2005-06-26,3.38,3.63,3.78,4.28,3.07
2005-06-27,3.42,3.62,3.77,4.25,3.17
2005-06-28,3.46,3.68,3.84,4.3,3.17
2005-06-29,3.44,3.69,3.85,4.33,3.2
2005-06-30,3.45,3.67,3.8,4.28,3.35
2005-07-01,3.51,3.77,3.92,4.37,3.36
2005-07-02,3.51,3.77,3.92,4.37,3.36
2005-07-03,3.51,3.77,3.92,4.37,3.36
2005-07-04,3.51,3.77,3.92,4.37,3.36
2005-07-05,3.55,3.82,3.98,4.43,3.27
2005-07-06,3.53,3.8,3.95,4.4,2.99
2005-07-07,3.48,3.75,3.92,4.37,3.18
2005-07-08,3.52,3.82,3.98,4.42,3.22
2005-07-09,3.52,3.82,3.98,4.42,3.22
2005-07-10,3.52,3.82,3.98,4.42,3.22
2005-07-11,3.58,3.85,3.99,4.42,3.23
2005-07-12,3.59,3.88,4.03,4.46,3.23
2005-07-13,3.59,3.89,4.04,4.47,3.27
2005-07-14,3.6,3.91,4.06,4.49,3.32
2005-07-15,3.61,3.92,4.06,4.47,3.32
2005-07-16,3.61,3.92,4.06,4.47,3.32
2005-07-17,3.61,3.92,4.06,4.47,3.32
2005-07-18,3.66,3.94,4.1,4.53,3.19
2005-07-19,3.65,3.93,4.07,4.5,3.13
2005-07-20,3.66,3.93,4.06,4.47,3.25
2005-07-21,3.72,4.01,4.16,4.58,3.27
2005-07-22,3.72,3.97,4.11,4.52,3.25
2005-07-23,3.72,3.97,4.11,4.52,3.25
2005-07-24,3.72,3.97,4.11,4.52,3.25
2005-07-25,3.77,3.99,4.14,4.53,3.28
2005-07-26,3.76,4.0,4.14,4.53,3.25
2005-07-27,3.77,4.04,4.16,4.55,3.27
2005-07-28,3.75,4.0,4.1,4.48,3.27
2005-07-29,3.8,4.06,4.19,4.56,3.31
2005-07-30,3.8,4.06,4.19,4.56,3.31
2005-07-31,3.8,4.06,4.19,4.56,3.31
2005-08-01,3.83,4.09,4.22,4.59,3.3
2005-08-02,3.84,4.1,4.24,4.62,3.2
2005-08-03,3.82,4.07,4.2,4.58,3.35
2005-08-04,3.83,4.09,4.22,4.6,3.44
2005-08-05,3.87,4.16,4.3,4.66,3.49
2005-08-06,3.87,4.16,4.3,4.66,3.49
2005-08-07,3.87,4.16,4.3,4.66,3.49
2005-08-08,3.93,4.22,4.34,4.68,3.5
2005-08-09,3.9,4.19,4.31,4.66,3.47
2005-08-10,3.9,4.18,4.3,4.65,3.48
2005-08-11,3.89,4.14,4.24,4.6,3.51
2005-08-12,3.88,4.08,4.16,4.52,3.55
2005-08-13,3.88,4.08,4.16,4.52,3.55
2005-08-14,3.88,4.08,4.16,4.52,3.55
2005-08-15,3.91,4.11,4.2,4.53,3.61
2005-08-16,3.88,4.06,4.15,4.49,3.46
2005-08-17,3.89,4.1,4.2,4.53,3.57
2005-08-18,3.86,4.04,4.13,4.48,3.5
2005-08-19,3.89,4.05,4.13,4.47,3.54
2005-08-20,3.89,4.05,4.13,4.47,3.54
2005-08-21,3.89,4.05,4.13,4.47,3.54
2005-08-22,3.89,4.06,4.14,4.48,3.51
2005-08-23,3.88,4.03,4.12,4.46,3.49
2005-08-24,3.87,4.03,4.11,4.46,3.5
2005-08-25,3.87,4.03,4.11,4.45,3.55
2005-08-26,3.9,4.07,4.13,4.46,3.54
2005-08-27,3.9,4.07,4.13,4.46,3.54
2005-08-28,3.9,4.07,4.13,4.46,3.54
2005-08-29,3.91,4.07,4.13,4.45,3.54
2005-08-30,3.85,4.01,4.08,4.43,3.52
2005-08-31,3.77,3.83,3.93,4.3,3.63
2005-09-01,3.66,3.8,3.91,4.31,3.57
2005-09-02,3.67,3.79,3.92,4.33,3.49
2005-09-03,3.67,3.79,3.92,4.33,3.49
2005-09-04,3.67,3.79,3.92,4.33,3.49
2005-09-05,3.67,3.79,3.92,4.33,3.49
2005-09-06,3.73,3.83,3.97,4.39,3.57
2005-09-07,3.77,3.89,4.01,4.46,3.48
2005-09-08,3.77,3.89,4.03,4.45,3.49
2005-09-09,3.78,3.9,4.01,4.45,3.49
2005-09-10,3.78,3.9,4.01,4.45,3.49
2005-09-11,3.78,3.9,4.01,4.45,3.49
2005-09-12,3.83,3.93,4.06,4.5,3.5
2005-09-13,3.81,3.88,4.01,4.47,3.45
2005-09-14,3.81,3.91,4.04,4.5,3.54
2005-09-15,3.81,3.93,4.08,4.56,3.67
2005-09-16,3.86,4.0,4.13,4.61,3.62
2005-09-17,3.86,4.0,4.13,4.61,3.62
2005-09-18,3.86,4.0,4.13,4.61,3.62
2005-09-19,3.87,3.95,4.11,4.6,3.62
2005-09-20,3.92,4.01,4.14,4.59,3.67
2005-09-21,3.88,3.96,4.08,4.52,3.72
2005-09-22,3.86,3.95,4.07,4.52,3.77
2005-09-23,3.89,4.03,4.14,4.57,3.76
2005-09-24,3.89,4.03,4.14,4.57,3.76
2005-09-25,3.89,4.03,4.14,4.57,3.76
2005-09-26,3.95,4.08,4.18,4.6,3.83
2005-09-27,3.95,4.09,4.2,4.6,3.73
2005-09-28,3.95,4.09,4.17,4.55,3.76
2005-09-29,3.97,4.13,4.2,4.59,3.82
2005-09-30,4.01,4.18,4.23,4.62,3.93
2005-10-01,4.01,4.18,4.23,4.62,3.93
2005-10-02,4.01,4.18,4.23,4.62,3.93
2005-10-03,4.09,4.23,4.31,4.67,3.87
2005-10-04,4.09,4.22,4.3,4.66,3.75
2005-10-05,4.07,4.2,4.28,4.63,3.75
2005-10-06,4.07,4.21,4.28,4.64,3.76
2005-10-07,4.06,4.19,4.28,4.62,3.73
2005-10-08,4.06,4.19,4.28,4.62,3.73
2005-10-09,4.06,4.19,4.28,4.62,3.73
2005-10-10,4.06,4.19,4.28,4.62,3.73
2005-10-11,4.14,4.23,4.32,4.65,3.72
2005-10-12,4.14,4.27,4.37,4.71,3.36
2005-10-13,4.14,4.27,4.38,4.77,3.75
2005-10-14,4.15,4.3,4.4,4.76,3.77
2005-10-15,4.15,4.3,4.4,4.76,3.77
2005-10-16,4.15,4.3,4.4,4.76,3.77
2005-10-17,4.21,4.31,4.41,4.77,3.82
2005-10-18,4.19,4.3,4.4,4.78,3.71
2005-10-19,4.18,4.28,4.38,4.76,3.71
2005-10-20,4.2,4.29,4.38,4.75,3.77
2005-10-21,4.18,4.23,4.31,4.68,3.76
2005-10-22,4.18,4.23,4.31,4.68,3.76
2005-10-23,4.18,4.23,4.31,4.68,3.76
2005-10-24,4.22,4.28,4.37,4.74,3.76
2005-10-25,4.26,4.36,4.46,4.8,3.74
2005-10-26,4.27,4.42,4.52,4.87,3.75
2005-10-27,4.26,4.39,4.49,4.84,3.85
2005-10-28,4.28,4.42,4.51,4.84,3.9
2005-10-29,4.28,4.42,4.51,4.84,3.9
2005-10-30,4.28,4.42,4.51,4.84,3.9
2005-10-31,4.31,4.41,4.49,4.84,4.02
2005-11-01,4.31,4.44,4.51,4.85,3.99
2005-11-02,4.31,4.46,4.54,4.88,3.99
2005-11-03,4.33,4.5,4.59,4.94,4.01
2005-11-04,4.34,4.5,4.6,4.95,4.0
2005-11-05,4.34,4.5,4.6,4.95,4.0
2005-11-06,4.34,4.5,4.6,4.95,4.0
2005-11-07,4.36,4.5,4.59,4.93,3.99
2005-11-08,4.34,4.47,4.52,4.86,3.95
2005-11-09,4.37,4.53,4.58,4.93,4.02
2005-11-10,4.34,4.48,4.51,4.85,3.98
2005-11-11,4.34,4.48,4.51,4.85,3.98
2005-11-12,4.34,4.48,4.51,4.85,3.98
2005-11-13,4.34,4.48,4.51,4.85,3.98
2005-11-14,4.4,4.52,4.57,4.9,4.03
2005-11-15,4.38,4.5,4.52,4.83,3.97
2005-11-16,4.34,4.43,4.45,4.77,3.96
2005-11-17,4.32,4.39,4.42,4.75,3.98
2005-11-18,4.34,4.41,4.45,4.79,4.0
2005-11-19,4.34,4.41,4.45,4.79,4.0
2005-11-20,4.34,4.41,4.45,4.79,4.0
2005-11-21,4.33,4.39,4.42,4.76,4.03
2005-11-22,4.26,4.33,4.37,4.76,3.99
2005-11-23,4.31,4.36,4.41,4.8,4.01
2005-11-24,4.31,4.36,4.41,4.8,4.01
2005-11-25,4.29,4.33,4.37,4.76,4.03
2005-11-26,4.29,4.33,4.37,4.76,4.03
2005-11-27,4.29,4.33,4.37,4.76,4.03
2005-11-28,4.32,4.32,4.35,4.71,4.01
2005-11-29,4.35,4.4,4.42,4.78,3.99
2005-11-30,4.34,4.41,4.45,4.81,4.03
2005-12-01,4.36,4.44,4.47,4.83,4.03
2005-12-02,4.35,4.43,4.48,4.81,4.0
2005-12-03,4.35,4.43,4.48,4.81,4.0
2005-12-04,4.35,4.43,4.48,4.81,4.0
2005-12-05,4.39,4.48,4.53,4.85,4.02
2005-12-06,4.36,4.41,4.44,4.79,3.97
2005-12-07,4.35,4.42,4.46,4.8,3.98
2005-12-08,4.3,4.36,4.39,4.75,4.09
2005-12-09,4.33,4.43,4.47,4.83,4.16
2005-12-10,4.33,4.43,4.47,4.83,4.16
2005-12-11,4.33,4.43,4.47,4.83,4.16
2005-12-12,4.38,4.45,4.49,4.82,4.24
2005-12-13,4.37,4.43,4.47,4.81,4.23
2005-12-14,4.32,4.36,4.38,4.73,4.26
2005-12-15,4.33,4.37,4.41,4.75,4.29
2005-12-16,4.32,4.35,4.39,4.72,4.25
2005-12-17,4.32,4.35,4.39,4.72,4.25
2005-12-18,4.32,4.35,4.39,4.72,4.25
2005-12-19,4.38,4.37,4.39,4.72,4.25
2005-12-20,4.39,4.41,4.41,4.74,4.3
2005-12-21,4.38,4.43,4.44,4.75,4.08
2005-12-22,4.35,4.38,4.39,4.69,4.25
2005-12-23,4.33,4.34,4.33,4.63,4.21
2005-12-24,4.33,4.34,4.33,4.63,4.21
2005-12-25,4.33,4.34,4.33,4.63,4.21
2005-12-26,4.33,4.34,4.33,4.63,4.21
2005-12-27,4.35,4.31,4.31,4.58,4.26
2005-12-28,4.34,4.34,4.34,4.62,4.19
2005-12-29,4.35,4.35,4.34,4.6,4.18
2005-12-30,4.38,4.37,4.36,4.61,4.09
2005-12-31,4.38,4.37,4.36,4.61,4.09
2006-01-01,4.38,4.37,4.36,4.61,4.09
2006-01-02,4.38,4.37,4.36,4.61,4.09
2006-01-03,4.38,4.3,4.32,4.62,4.34
2006-01-04,4.35,4.28,4.31,4.6,4.22
2006-01-05,4.36,4.29,4.31,4.61,4.24
2006-01-06,4.38,4.32,4.33,4.63,4.22
2006-01-07,4.38,4.32,4.33,4.63,4.22
2006-01-08,4.38,4.32,4.33,4.63,4.22
2006-01-09,4.39,4.32,4.34,4.63,4.25
2006-01-10,4.42,4.36,4.38,4.68,4.24
2006-01-11,4.44,4.39,4.41,4.7,4.24
2006-01-12,4.42,4.35,4.37,4.66,4.28
2006-01-13,4.4,4.29,4.3,4.59,4.3
2006-01-14,4.4,4.29,4.3,4.59,4.3
2006-01-15,4.4,4.29,4.3,4.59,4.3
2006-01-16,4.4,4.29,4.3,4.59,4.3
2006-01-17,4.42,4.28,4.29,4.57,4.32
2006-01-18,4.42,4.29,4.3,4.58,4.24
2006-01-19,4.43,4.32,4.33,4.61,4.23
2006-01-20,4.44,4.32,4.32,4.59,4.24
2006-01-21,4.44,4.32,4.32,4.59,4.24
2006-01-22,4.44,4.32,4.32,4.59,4.24
2006-01-23,4.45,4.31,4.31,4.59,4.26
2006-01-24,4.46,4.33,4.34,4.63,4.28
2006-01-25,4.51,4.41,4.43,4.72,4.36
2006-01-26,4.52,4.45,4.46,4.76,4.37
2006-01-27,4.54,4.46,4.47,4.75,4.42
2006-01-28,4.54,4.46,4.47,4.75,4.42
2006-01-29,4.54,4.46,4.47,4.75,4.42
2006-01-30,4.59,4.47,4.49,4.77,4.48
2006-01-31,4.58,4.49,4.49,4.74,4.47
2006-02-01,4.6,4.54,4.52,4.77,4.47
2006-02-02,4.61,4.54,4.53,4.76,4.48
2006-02-03,4.62,4.54,4.51,4.7,4.51
2006-02-04,4.62,4.54,4.51,4.7,4.51
2006-02-05,4.62,4.54,4.51,4.7,4.51
2006-02-06,4.66,4.57,4.52,4.69,4.51
2006-02-07,4.65,4.57,4.54,4.73,4.47
2006-02-08,4.66,4.61,4.55,4.75,4.48
2006-02-09,4.66,4.62,4.55,4.72,4.52
2006-02-10,4.7,4.67,4.59,4.76,4.51
2006-02-11,4.7,4.67,4.59,4.76,4.51
2006-02-12,4.7,4.67,4.59,4.76,4.51
2006-02-13,4.7,4.66,4.58,4.76,4.44
2006-02-14,4.71,4.68,4.61,4.8,4.45
2006-02-15,4.7,4.68,4.6,4.78,4.5
2006-02-16,4.69,4.67,4.59,4.77,4.48
2006-02-17,4.68,4.64,4.54,4.71,4.48
2006-02-18,4.68,4.64,4.54,4.71,4.48
2006-02-19,4.68,4.64,4.54,4.71,4.48
2006-02-20,4.68,4.64,4.54,4.71,4.48
2006-02-21,4.73,4.68,4.58,4.72,4.54
2006-02-22,4.69,4.66,4.55,4.68,4.49
2006-02-23,4.73,4.7,4.58,4.7,4.47
2006-02-24,4.73,4.7,4.6,4.71,4.48
2006-02-25,4.73,4.7,4.6,4.71,4.48
2006-02-26,4.73,4.7,4.6,4.71,4.48
2006-02-27,4.76,4.71,4.61,4.74,4.52
2006-02-28,4.73,4.67,4.57,4.7,4.52
2006-03-01,4.74,4.68,4.6,4.74,4.52
2006-03-02,4.74,4.72,4.66,4.8,4.5
2006-03-03,4.75,4.75,4.69,4.84,4.51
2006-03-04,4.75,4.75,4.69,4.84,4.51
2006-03-05,4.75,4.75,4.69,4.84,4.51
2006-03-06,4.77,4.77,4.74,4.91,4.51
2006-03-07,4.77,4.79,4.75,4.91,4.51
2006-03-08,4.76,4.77,4.74,4.91,4.51
2006-03-09,4.76,4.77,4.74,4.91,4.51
2006-03-10,4.77,4.8,4.76,4.93,4.51
2006-03-11,4.77,4.8,4.76,4.93,4.51
2006-03-12,4.77,4.8,4.76,4.93,4.51
2006-03-13,4.8,4.81,4.78,4.95,4.52
2006-03-14,4.75,4.72,4.69,4.89,4.51
2006-03-15,4.77,4.72,4.7,4.93,4.47
2006-03-16,4.72,4.62,4.61,4.86,4.55
2006-03-17,4.74,4.64,4.63,4.89,4.6
2006-03-18,4.74,4.64,4.63,4.89,4.6
2006-03-19,4.74,4.64,4.63,4.89,4.6
2006-03-20,4.74,4.62,4.62,4.87,4.55
2006-03-21,4.79,4.71,4.69,4.91,4.54
2006-03-22,4.78,4.72,4.7,4.91,4.58
2006-03-23,4.8,4.74,4.73,4.93,4.64
2006-03-24,4.76,4.67,4.66,4.87,4.69
2006-03-25,4.76,4.67,4.66,4.87,4.69
2006-03-26,4.76,4.67,4.66,4.87,4.69
2006-03-27,4.77,4.69,4.69,4.91,4.77
2006-03-28,4.82,4.79,4.79,4.98,4.7
2006-03-29,4.83,4.81,4.79,5.02,4.69
2006-03-30,4.84,4.84,4.83,5.07,4.76
2006-03-31,4.82,4.83,4.83,5.07,5.0
2006-04-01,4.82,4.83,4.83,5.07,5.0
2006-04-02,4.82,4.83,4.83,5.07,5.0
2006-04-03,4.86,4.85,4.86,5.08,4.87
2006-04-04,4.85,4.83,4.84,5.09,4.76
2006-04-05,4.82,4.79,4.8,5.07,4.76
2006-04-06,4.85,4.83,4.86,5.13,4.76
2006-04-07,4.86,4.89,4.92,5.2,4.76
2006-04-08,4.86,4.89,4.92,5.2,4.76
2006-04-09,4.86,4.89,4.92,5.2,4.76
2006-04-10,4.89,4.89,4.92,5.21,4.78
2006-04-11,4.88,4.86,4.88,5.17,4.74
2006-04-12,4.91,4.9,4.93,5.22,4.78
2006-04-13,4.95,4.96,5.0,5.28,4.82
2006-04-14,4.95,4.96,5.0,5.28,4.8
2006-04-15,4.95,4.96,5.0,5.28,4.8
2006-04-16,4.95,4.96,5.0,5.28,4.8
2006-04-17,4.93,4.91,4.96,5.25,4.78
2006-04-18,4.88,4.86,4.92,5.23,4.72
2006-04-19,4.89,4.87,4.96,5.29,4.7
2006-04-20,4.9,4.89,4.97,5.29,4.73
2006-04-21,4.9,4.89,4.95,5.25,4.74
2006-04-22,4.9,4.89,4.95,5.25,4.74
2006-04-23,4.9,4.89,4.95,5.25,4.74
2006-04-24,4.92,4.88,4.94,5.22,4.77
2006-04-25,4.95,4.94,5.02,5.31,4.74
2006-04-26,4.98,4.99,5.06,5.34,4.73
2006-04-27,4.93,4.92,5.0,5.32,4.79
2006-04-28,4.9,4.87,4.98,5.31,4.86
2006-04-29,4.9,4.87,4.98,5.31,4.86
2006-04-30,4.9,4.87,4.98,5.31,4.86
2006-05-01,4.97,4.95,5.04,5.38,4.84
2006-05-02,4.96,4.94,5.03,5.35,4.79
2006-05-03,4.98,4.96,5.06,5.38,4.81
2006-05-04,5.0,4.99,5.08,5.38,4.83
2006-05-05,4.98,4.96,5.03,5.35,4.83
2006-05-06,4.98,4.96,5.03,5.35,4.83
2006-05-07,4.98,4.96,5.03,5.35,4.83
2006-05-08,5.01,4.99,5.05,5.34,4.88
2006-05-09,5.01,4.98,5.05,5.35,4.78
2006-05-10,5.02,5.0,5.06,5.34,4.88
2006-05-11,4.99,5.01,5.07,5.38,4.99
2006-05-12,5.0,5.03,5.12,5.44,5.01
2006-05-13,5.0,5.03,5.12,5.44,5.01
2006-05-14,5.0,5.03,5.12,5.44,5.01
2006-05-15,5.01,5.01,5.08,5.41,5.01
2006-05-16,4.98,4.97,5.03,5.36,4.98
2006-05-17,4.99,5.0,5.08,5.42,4.96
2006-05-18,4.96,4.94,5.0,5.32,5.0
2006-05-19,4.98,4.95,4.98,5.28,5.0
2006-05-20,4.98,4.95,4.98,5.28,5.0
2006-05-21,4.98,4.95,4.98,5.28,5.0
2006-05-22,4.99,4.94,4.96,5.28,5.0
2006-05-23,5.0,4.97,5.0,5.3,4.94
2006-05-24,4.97,4.92,4.96,5.27,4.9
2006-05-25,5.0,4.97,4.99,5.31,5.01
2006-05-26,5.0,4.94,4.97,5.3,4.99
2006-05-27,5.0,4.94,4.97,5.3,4.99
2006-05-28,5.0,4.94,4.97,5.3,4.99
2006-05-29,5.0,4.94,4.97,5.3,4.99
2006-05-30,5.02,4.99,5.01,5.33,5.02
2006-05-31,5.07,5.03,5.06,5.35,5.05
2006-06-01,5.05,5.02,5.05,5.34,5.02
2006-06-02,4.98,4.91,4.92,5.24,4.97
2006-06-03,4.98,4.91,4.92,5.24,4.97
2006-06-04,4.98,4.91,4.92,5.24,4.97
2006-06-05,5.02,4.95,4.97,5.24,5.01
2006-06-06,5.03,4.96,4.96,5.22,4.99
2006-06-07,5.05,4.99,4.98,5.23,4.99
2006-06-08,5.04,4.97,4.96,5.2,5.02
2006-06-09,5.05,4.96,4.95,5.17,5.0
2006-06-10,5.05,4.96,4.95,5.17,5.0
2006-06-11,5.05,4.96,4.95,5.17,5.0
2006-06-12,5.09,4.97,4.96,5.17,5.01
2006-06-13,5.09,4.96,4.94,5.15,5.0
2006-06-14,5.15,5.06,5.04,5.23,5.0
2006-06-15,5.15,5.1,5.08,5.27,5.02
2006-06-16,5.18,5.13,5.1,5.31,4.94
2006-06-17,5.18,5.13,5.1,5.31,4.94
2006-06-18,5.18,5.13,5.1,5.31,4.94
2006-06-19,5.23,5.15,5.13,5.32,4.95
2006-06-20,5.23,5.16,5.14,5.33,4.92
2006-06-21,5.22,5.16,5.14,5.32,4.91
2006-06-22,5.24,5.21,5.18,5.37,4.98
2006-06-23,5.27,5.23,5.21,5.4,4.98
2006-06-24,5.27,5.23,5.21,5.4,4.98
2006-06-25,5.27,5.23,5.21,5.4,4.98
2006-06-26,5.3,5.25,5.23,5.42,5.03
2006-06-27,5.28,5.22,5.2,5.38,5.02
2006-06-28,5.3,5.26,5.23,5.42,5.06
2006-06-29,5.25,5.19,5.18,5.39,5.08
2006-06-30,5.21,5.13,5.11,5.31,5.05
2006-07-01,5.21,5.13,5.11,5.31,5.05
2006-07-02,5.21,5.13,5.11,5.31,5.05
2006-07-03,5.26,5.14,5.12,5.33,5.25
2006-07-04,5.26,5.14,5.12,5.33,5.25
2006-07-05,5.29,5.21,5.19,5.39,5.25
2006-07-06,5.28,5.17,5.16,5.35,5.24
2006-07-07,5.25,5.13,5.1,5.29,5.22
2006-07-08,5.25,5.13,5.1,5.29,5.22
2006-07-09,5.25,5.13,5.1,5.29,5.22
2006-07-10,5.27,5.13,5.1,5.29,5.24
2006-07-11,5.26,5.11,5.08,5.26,5.25
2006-07-12,5.26,5.12,5.09,5.26,5.27
2006-07-13,5.22,5.07,5.05,5.23,5.26
2006-07-14,5.2,5.05,5.03,5.23,5.26
2006-07-15,5.2,5.05,5.03,5.23,5.26
2006-07-16,5.2,5.05,5.03,5.23,5.26
2006-07-17,5.24,5.07,5.04,5.23,5.28
2006-07-18,5.28,5.13,5.1,5.29,5.22
2006-07-19,5.22,5.06,5.02,5.22,5.23
2006-07-20,5.18,5.01,4.99,5.2,5.24
2006-07-21,5.19,5.02,5.0,5.21,5.23
2006-07-22,5.19,5.02,5.0,5.21,5.23
2006-07-23,5.19,5.02,5.0,5.21,5.23
2006-07-24,5.21,5.03,5.0,5.22,5.24
2006-07-25,5.21,5.05,5.03,5.24,5.24
2006-07-26,5.16,5.02,5.0,5.22,5.24
2006-07-27,5.16,5.01,5.0,5.22,5.27
2006-07-28,5.1,4.94,4.94,5.17,5.26
2006-07-29,5.1,4.94,4.94,5.17,5.26
2006-07-30,5.1,4.94,4.94,5.17,5.26
2006-07-31,5.11,4.93,4.93,5.17,5.31
2006-08-01,5.11,4.91,4.92,5.17,5.27
2006-08-02,5.11,4.9,4.9,5.14,5.25
2006-08-03,5.12,4.92,4.91,5.13,5.27
2006-08-04,5.07,4.86,4.85,5.09,5.25
2006-08-05,5.07,4.86,4.85,5.09,5.25
2006-08-06,5.07,4.86,4.85,5.09,5.25
2006-08-07,5.12,4.89,4.87,5.09,5.24
2006-08-08,5.08,4.86,4.86,5.11,5.26
2006-08-09,5.07,4.88,4.87,5.13,5.25
2006-08-10,5.08,4.89,4.87,5.15,5.24
2006-08-11,5.12,4.93,4.92,5.18,5.24
2006-08-12,5.12,4.93,4.92,5.18,5.24
2006-08-13,5.12,4.93,4.92,5.18,5.24
2006-08-14,5.17,4.98,4.96,5.21,5.26
2006-08-15,5.11,4.91,4.89,5.13,5.24
2006-08-16,5.06,4.83,4.82,5.08,5.17
2006-08-17,5.08,4.84,4.82,5.08,5.2
2006-08-18,5.08,4.82,4.78,5.05,5.25
2006-08-19,5.08,4.82,4.78,5.05,5.25
2006-08-20,5.08,4.82,4.78,5.05,5.25
2006-08-21,5.07,4.79,4.77,5.04,5.24
2006-08-22,5.07,4.79,4.77,5.03,5.24
2006-08-23,5.07,4.81,4.78,5.03,5.25
2006-08-24,5.07,4.8,4.78,5.02,5.25
2006-08-25,5.06,4.79,4.76,5.01,5.25
2006-08-26,5.06,4.79,4.76,5.01,5.25
2006-08-27,5.06,4.79,4.76,5.01,5.25
2006-08-28,5.08,4.8,4.77,5.01,5.25
2006-08-29,5.06,4.79,4.77,5.0,5.23
2006-08-30,5.03,4.76,4.72,4.98,5.25
2006-08-31,5.01,4.71,4.7,4.95,5.31
2006-09-01,4.99,4.7,4.69,4.95,5.25
2006-09-02,4.99,4.7,4.69,4.95,5.25
2006-09-03,4.99,4.7,4.69,4.95,5.25
2006-09-04,4.99,4.7,4.69,4.95,5.25
2006-09-05,5.02,4.73,4.74,5.01,5.26
2006-09-06,5.02,4.76,4.76,5.02,5.21
2006-09-07,5.02,4.76,4.75,5.01,5.23
2006-09-08,5.0,4.73,4.72,4.99,5.23
2006-09-09,5.0,4.73,4.72,4.99,5.23
2006-09-10,5.0,4.73,4.72,4.99,5.23
2006-09-11,5.03,4.77,4.75,5.02,5.24
2006-09-12,5.02,4.74,4.73,4.98,5.21
2006-09-13,4.99,4.72,4.72,4.97,5.26
2006-09-14,5.02,4.77,4.75,4.99,5.26
2006-09-15,5.03,4.79,4.77,5.0,5.25
2006-09-16,5.03,4.79,4.77,5.0,5.25
2006-09-17,5.03,4.79,4.77,5.0,5.25
2006-09-18,5.04,4.8,4.78,5.01,5.23
2006-09-19,4.99,4.72,4.69,4.94,5.21
2006-09-20,5.0,4.73,4.7,4.93,5.23
2006-09-21,4.93,4.61,4.61,4.86,5.24
2006-09-22,4.9,4.58,4.56,4.82,5.27
2006-09-23,4.9,4.58,4.56,4.82,5.27
2006-09-24,4.9,4.58,4.56,4.82,5.27
2006-09-25,4.88,4.54,4.51,4.77,5.3
2006-09-26,4.91,4.59,4.55,4.79,5.25
2006-09-27,4.89,4.59,4.56,4.81,5.3
2006-09-28,4.9,4.6,4.58,4.84,5.28
2006-09-29,4.91,4.62,4.6,4.84,5.34
2006-09-30,4.91,4.62,4.6,4.84,5.34
2006-10-01,4.91,4.62,4.6,4.84,5.34
2006-10-02,4.9,4.59,4.57,4.83,5.33
2006-10-03,4.9,4.59,4.57,4.83,5.25
2006-10-04,4.87,4.53,4.52,4.79,5.23
2006-10-05,4.9,4.58,4.56,4.84,5.23
2006-10-06,4.94,4.67,4.65,4.92,5.22
2006-10-07,4.94,4.67,4.65,4.92,5.22
2006-10-08,4.94,4.67,4.65,4.92,5.22
2006-10-09,4.94,4.67,4.65,4.92,5.22
2006-10-10,5.0,4.75,4.71,4.96,5.28
2006-10-11,5.02,4.78,4.75,4.99,5.25
2006-10-12,5.03,4.78,4.74,4.99,5.25
2006-10-13,5.05,4.79,4.77,5.02,5.21
2006-10-14,5.05,4.79,4.77,5.02,5.21
2006-10-15,5.05,4.79,4.77,5.02,5.21
2006-10-16,5.05,4.78,4.76,5.0,5.28
2006-10-17,5.04,4.77,4.74,4.99,5.21
2006-10-18,5.04,4.77,4.73,4.97,5.23
2006-10-19,5.05,4.79,4.75,4.99,5.22
2006-10-20,5.05,4.8,4.76,4.99,5.25
2006-10-21,5.05,4.8,4.76,4.99,5.25
2006-10-22,5.05,4.8,4.76,4.99,5.25
2006-10-23,5.09,4.84,4.8,5.03,5.24
2006-10-24,5.1,4.84,4.81,5.03,5.24
2006-10-25,5.08,4.79,4.75,4.98,5.26
2006-10-26,5.06,4.74,4.7,4.93,5.23
2006-10-27,5.02,4.68,4.64,4.88,5.23
2006-10-28,5.02,4.68,4.64,4.88,5.23
2006-10-29,5.02,4.68,4.64,4.88,5.23
2006-10-30,5.03,4.68,4.64,4.88,5.27
2006-10-31,4.99,4.62,4.57,4.81,5.31
2006-11-01,4.95,4.56,4.52,4.77,5.23
2006-11-02,4.97,4.6,4.56,4.8,5.22
2006-11-03,5.06,4.74,4.7,4.9,5.25
2006-11-04,5.06,4.74,4.7,4.9,5.25
2006-11-05,5.06,4.74,4.7,4.9,5.25
2006-11-06,5.06,4.74,4.69,4.89,5.24
2006-11-07,5.03,4.69,4.63,4.85,5.22
2006-11-08,5.02,4.65,4.61,4.82,5.22
2006-11-09,5.02,4.66,4.6,4.82,5.23
2006-11-10,5.01,4.63,4.57,4.78,5.23
2006-11-11,5.01,4.63,4.57,4.78,5.23
2006-11-12,5.01,4.63,4.57,4.78,5.23
2006-11-13,5.03,4.66,4.6,4.8,5.27
2006-11-14,5.01,4.63,4.57,4.76,5.25
2006-11-15,5.04,4.69,4.62,4.8,5.29
2006-11-16,5.06,4.75,4.66,4.84,5.25
2006-11-17,5.02,4.67,4.6,4.79,5.2
2006-11-18,5.02,4.67,4.6,4.79,5.2
2006-11-19,5.02,4.67,4.6,4.79,5.2
2006-11-20,5.02,4.66,4.59,4.78,5.25
2006-11-21,5.02,4.65,4.58,4.76,5.29
2006-11-22,5.01,4.63,4.57,4.76,5.26
2006-11-23,5.01,4.63,4.57,4.76,5.26
2006-11-24,5.0,4.62,4.55,4.74,5.24
2006-11-25,5.0,4.62,4.55,4.74,5.24
2006-11-26,5.0,4.62,4.55,4.74,5.24
2006-11-27,5.0,4.6,4.54,4.73,5.32
2006-11-28,4.98,4.57,4.5,4.7,5.24
2006-11-29,4.98,4.58,4.51,4.72,5.26
2006-11-30,4.94,4.52,4.45,4.66,5.31
2006-12-01,4.87,4.43,4.39,4.64,5.27
2006-12-02,4.87,4.43,4.39,4.64,5.27
2006-12-03,4.87,4.43,4.39,4.64,5.27
2006-12-04,4.87,4.43,4.39,4.65,5.22
2006-12-05,4.86,4.43,4.4,4.67,5.21
2006-12-06,4.9,4.48,4.44,4.69,5.22
2006-12-07,4.9,4.48,4.45,4.7,5.25
2006-12-08,4.95,4.57,4.54,4.76,5.25
2006-12-09,4.95,4.57,4.54,4.76,5.25
2006-12-10,4.95,4.57,4.54,4.76,5.25
2006-12-11,4.94,4.55,4.5,4.73,5.25
2006-12-12,4.91,4.49,4.45,4.7,5.23
2006-12-13,4.95,4.6,4.55,4.78,5.23
2006-12-14,4.97,4.63,4.58,4.81,5.29
2006-12-15,4.96,4.62,4.57,4.81,5.27
2006-12-16,4.96,4.62,4.57,4.81,5.27
2006-12-17,4.96,4.62,4.57,4.81,5.27
2006-12-18,4.97,4.62,4.57,4.81,5.21
2006-12-19,4.96,4.62,4.57,4.82,5.21
2006-12-20,4.96,4.62,4.57,4.82,5.26
2006-12-21,4.93,4.57,4.52,4.78,5.25
2006-12-22,4.96,4.64,4.6,4.85,5.24
2006-12-23,4.96,4.64,4.6,4.85,5.24
2006-12-24,4.96,4.64,4.6,4.85,5.24
2006-12-25,4.96,4.64,4.6,4.85,5.24
2006-12-26,4.97,4.63,4.59,4.82,5.29
2006-12-27,4.99,4.69,4.64,4.87,5.17
2006-12-28,5.01,4.72,4.69,4.9,5.25
2006-12-29,5.0,4.74,4.7,4.91,5.17
2006-12-30,5.0,4.74,4.7,4.91,5.17
2006-12-31,5.0,4.74,4.7,4.91,5.17
2007-01-01,5.0,4.74,4.7,4.91,5.17
2007-01-02,5.0,4.71,4.68,4.87,5.3
2007-01-03,4.98,4.69,4.66,4.85,5.28
2007-01-04,4.95,4.63,4.61,4.81,5.24
2007-01-05,4.98,4.68,4.65,4.84,5.21
2007-01-06,4.98,4.68,4.65,4.84,5.21
2007-01-07,4.98,4.68,4.65,4.84,5.21
2007-01-08,5.01,4.7,4.66,4.84,5.23
2007-01-09,5.02,4.7,4.65,4.83,5.25
2007-01-10,5.02,4.72,4.68,4.87,5.26
2007-01-11,5.05,4.78,4.73,4.92,5.27
2007-01-12,5.06,4.81,4.76,4.96,5.22
2007-01-13,5.06,4.81,4.76,4.96,5.22
2007-01-14,5.06,4.81,4.76,4.96,5.22
2007-01-15,5.06,4.81,4.76,4.96,5.22
2007-01-16,5.06,4.79,4.74,4.94,5.28
2007-01-17,5.08,4.83,4.78,4.98,5.25
2007-01-18,5.07,4.8,4.75,4.94,5.23
2007-01-19,5.09,4.83,4.78,4.96,5.25
2007-01-20,5.09,4.83,4.78,4.96,5.25
2007-01-21,5.09,4.83,4.78,4.96,5.25
2007-01-22,5.09,4.82,4.76,4.94,5.24
2007-01-23,5.1,4.85,4.81,5.0,5.26
2007-01-24,5.09,4.85,4.81,5.0,5.27
2007-01-25,5.11,4.9,4.85,5.06,5.31
2007-01-26,5.12,4.91,4.87,5.07,5.26
2007-01-27,5.12,4.91,4.87,5.07,5.26
2007-01-28,5.12,4.91,4.87,5.07,5.26
2007-01-29,5.12,4.93,4.89,5.09,5.26
2007-01-30,5.11,4.9,4.86,5.07,5.23
2007-01-31,5.09,4.85,4.82,5.02,5.33
2007-02-01,5.09,4.88,4.84,5.02,5.29
2007-02-02,5.08,4.87,4.82,5.02,5.24
2007-02-03,5.08,4.87,4.82,5.02,5.24
2007-02-04,5.08,4.87,4.82,5.02,5.24
2007-02-05,5.08,4.84,4.8,5.0,5.25
2007-02-06,5.07,4.8,4.76,4.96,5.24
2007-02-07,5.06,4.77,4.73,4.94,5.23
2007-02-08,5.06,4.77,4.73,4.93,5.25
2007-02-09,5.08,4.82,4.78,4.98,5.25
2007-02-10,5.08,4.82,4.78,4.98,5.25
2007-02-11,5.08,4.82,4.78,4.98,5.25
2007-02-12,5.1,4.84,4.8,5.0,5.28
2007-02-13,5.1,4.85,4.81,5.02,5.26
2007-02-14,5.06,4.77,4.72,4.94,5.27
2007-02-15,5.04,4.73,4.69,4.91,5.29
2007-02-16,5.05,4.73,4.68,4.9,5.24
2007-02-17,5.05,4.73,4.68,4.9,5.24
2007-02-18,5.05,4.73,4.68,4.9,5.24
2007-02-19,5.05,4.73,4.68,4.9,5.24
2007-02-20,5.04,4.71,4.67,4.89,5.27
2007-02-21,5.05,4.74,4.68,4.9,5.23
2007-02-22,5.07,4.77,4.72,4.94,5.26
2007-02-23,5.05,4.71,4.67,4.89,5.24
2007-02-24,5.05,4.71,4.67,4.89,5.24
2007-02-25,5.05,4.71,4.67,4.89,5.24
2007-02-26,5.05,4.67,4.62,4.84,5.3
2007-02-27,4.93,4.5,4.46,4.73,5.27
2007-02-28,4.96,4.55,4.53,4.78,5.41
2007-03-01,4.95,4.54,4.51,4.78,5.31
2007-03-02,4.9,4.48,4.47,4.75,5.23
2007-03-03,4.9,4.48,4.47,4.75,5.23
2007-03-04,4.9,4.48,4.47,4.75,5.23
2007-03-05,4.89,4.47,4.46,4.74,5.27
2007-03-06,4.92,4.52,4.49,4.76,5.22
2007-03-07,4.9,4.48,4.46,4.73,5.24
2007-03-08,4.91,4.49,4.46,4.74,5.24
2007-03-09,4.98,4.58,4.55,4.81,5.24
2007-03-10,4.98,4.58,4.55,4.81,5.24
2007-03-11,4.98,4.58,4.55,4.81,5.24
2007-03-12,4.96,4.55,4.51,4.78,5.25
2007-03-13,4.9,4.45,4.43,4.75,5.25
2007-03-14,4.91,4.47,4.46,4.78,5.27
2007-03-15,4.93,4.5,4.47,4.78,5.29
2007-03-16,4.95,4.51,4.49,4.79,5.25
2007-03-17,4.95,4.51,4.49,4.79,5.25
2007-03-18,4.95,4.51,4.49,4.79,5.25
2007-03-19,4.96,4.54,4.51,4.81,5.26
2007-03-20,4.94,4.51,4.49,4.79,5.26
2007-03-21,4.89,4.44,4.45,4.78,5.26
2007-03-22,4.91,4.51,4.52,4.86,5.27
2007-03-23,4.93,4.54,4.54,4.88,5.24
2007-03-24,4.93,4.54,4.54,4.88,5.24
2007-03-25,4.93,4.54,4.54,4.88,5.24
2007-03-26,4.91,4.5,4.51,4.86,5.28
2007-03-27,4.91,4.51,4.53,4.89,5.25
2007-03-28,4.9,4.49,4.53,4.9,5.27
2007-03-29,4.9,4.52,4.55,4.9,5.29
2007-03-30,4.9,4.54,4.58,4.92,5.3
2007-03-31,4.9,4.54,4.58,4.92,5.3
2007-04-01,4.9,4.54,4.58,4.92,5.3
2007-04-02,4.92,4.53,4.57,4.92,5.25
2007-04-03,4.93,4.57,4.59,4.93,5.2
2007-04-04,4.92,4.55,4.58,4.92,5.21
2007-04-05,4.93,4.57,4.6,4.95,5.3
2007-04-06,4.98,4.68,4.69,5.0,5.3
2007-04-07,4.98,4.68,4.69,5.0,5.3
2007-04-08,4.98,4.68,4.69,5.0,5.3
2007-04-09,4.98,4.67,4.68,5.0,5.28
2007-04-10,4.97,4.64,4.65,4.99,5.26
2007-04-11,4.97,4.66,4.67,5.0,5.24
2007-04-12,4.97,4.66,4.67,4.99,5.27
2007-04-13,4.98,4.71,4.7,5.01,5.25
2007-04-14,4.98,4.71,4.7,5.01,5.25
2007-04-15,4.98,4.71,4.7,5.01,5.25
2007-04-16,4.97,4.68,4.69,4.98,5.29
2007-04-17,4.93,4.61,4.62,4.93,5.2
2007-04-18,4.91,4.57,4.58,4.9,5.19
2007-04-19,4.91,4.58,4.6,4.92,5.23
2007-04-20,4.91,4.58,4.6,4.93,5.25
2007-04-21,4.91,4.58,4.6,4.93,5.25
2007-04-22,4.91,4.58,4.6,4.93,5.25
2007-04-23,4.9,4.55,4.57,4.91,5.23
2007-04-24,4.88,4.52,4.54,4.88,5.2
2007-04-25,4.9,4.55,4.57,4.91,5.19
2007-04-26,4.92,4.6,4.61,4.95,5.24
2007-04-27,4.91,4.61,4.62,4.96,5.24
2007-04-28,4.91,4.61,4.62,4.96,5.24
2007-04-29,4.91,4.61,4.62,4.96,5.24
2007-04-30,4.89,4.54,4.55,4.88,5.29
2007-05-01,4.89,4.56,4.57,4.89,5.26
2007-05-02,4.9,4.57,4.58,4.89,5.21
2007-05-03,4.93,4.62,4.61,4.91,5.24
2007-05-04,4.91,4.59,4.58,4.88,5.24
2007-05-05,4.91,4.59,4.58,4.88,5.24
2007-05-06,4.91,4.59,4.58,4.88,5.24
2007-05-07,4.92,4.58,4.57,4.86,5.24
2007-05-08,4.91,4.58,4.56,4.87,5.21
2007-05-09,4.9,4.64,4.6,4.91,5.21
2007-05-10,4.86,4.6,4.58,4.9,5.25
2007-05-11,4.85,4.62,4.6,4.92,5.27
2007-05-12,4.85,4.62,4.6,4.92,5.27
2007-05-13,4.85,4.62,4.6,4.92,5.27
2007-05-14,4.87,4.65,4.63,4.93,5.26
2007-05-15,4.85,4.66,4.65,4.95,5.29
2007-05-16,4.82,4.66,4.64,4.95,5.25
2007-05-17,4.86,4.71,4.69,4.99,5.25
2007-05-18,4.92,4.75,4.75,5.03,5.24
2007-05-19,4.92,4.75,4.75,5.03,5.24
2007-05-20,4.92,4.75,4.75,5.03,5.24
2007-05-21,4.95,4.74,4.73,5.02,5.24
2007-05-22,4.96,4.77,4.78,5.06,5.23
2007-05-23,4.96,4.79,4.8,5.09,5.25
2007-05-24,4.94,4.8,4.8,5.09,5.24
2007-05-25,4.93,4.81,4.82,5.09,5.29
2007-05-26,4.93,4.81,4.82,5.09,5.29
2007-05-27,4.93,4.81,4.82,5.09,5.29
2007-05-28,4.93,4.81,4.82,5.09,5.29
2007-05-29,4.96,4.83,4.83,5.09,5.29
2007-05-30,4.96,4.85,4.84,5.09,5.25
2007-05-31,4.95,4.88,4.87,5.1,5.28
2007-06-01,4.98,4.94,4.92,5.15,5.23
2007-06-02,4.98,4.94,4.92,5.15,5.23
2007-06-03,4.98,4.94,4.92,5.15,5.23
2007-06-04,4.99,4.92,4.91,5.11,5.24
2007-06-05,4.99,4.97,4.96,5.16,5.19
2007-06-06,4.96,4.94,4.94,5.17,5.25
2007-06-07,4.99,5.03,5.07,5.29,5.25
2007-06-08,4.96,5.03,5.08,5.3,5.26
2007-06-09,4.96,5.03,5.08,5.3,5.26
2007-06-10,4.96,5.03,5.08,5.3,5.26
2007-06-11,4.98,5.03,5.1,5.32,5.27
2007-06-12,5.01,5.13,5.21,5.44,5.26
2007-06-13,4.98,5.1,5.16,5.36,5.26
2007-06-14,4.98,5.13,5.19,5.39,5.28
2007-06-15,4.93,5.07,5.12,5.34,5.26
2007-06-16,4.93,5.07,5.12,5.34,5.26
2007-06-17,4.93,5.07,5.12,5.34,5.26
2007-06-18,4.95,5.05,5.1,5.34,5.23
2007-06-19,4.92,4.98,5.03,5.28,5.21
2007-06-20,4.97,5.01,5.09,5.32,5.27
2007-06-21,4.96,5.01,5.1,5.36,5.26
2007-06-22,4.94,4.97,5.07,5.34,5.24
2007-06-23,4.94,4.97,5.07,5.34,5.24
2007-06-24,4.94,4.97,5.07,5.34,5.24
2007-06-25,4.96,4.92,5.01,5.28,5.29
2007-06-26,4.97,4.95,5.03,5.31,5.25
2007-06-27,4.93,4.93,5.02,5.28,5.26
2007-06-28,4.95,4.98,5.06,5.3,5.26
2007-06-29,4.91,4.89,4.96,5.21,5.31
2007-06-30,4.91,4.89,4.96,5.21,5.31
2007-07-01,4.91,4.89,4.96,5.21,5.31
2007-07-02,4.97,4.86,4.93,5.18,5.31
2007-07-03,4.98,4.9,4.99,5.22,5.24
2007-07-04,4.98,4.9,4.99,5.22,5.24
2007-07-05,5.02,5.0,5.1,5.32,5.25
2007-07-06,5.0,5.02,5.14,5.36,5.22
2007-07-07,5.0,5.02,5.14,5.36,5.22
2007-07-08,5.0,5.02,5.14,5.36,5.22
2007-07-09,5.03,5.0,5.11,5.32,5.22
2007-07-10,4.97,4.87,4.97,5.21,5.24
2007-07-11,4.99,4.9,5.02,5.26,5.24
2007-07-12,5.02,4.97,5.08,5.29,5.26
2007-07-13,5.01,4.95,5.05,5.27,5.25
2007-07-14,5.01,4.95,5.05,5.27,5.25
2007-07-15,5.01,4.95,5.05,5.27,5.25
2007-07-16,5.01,4.89,4.99,5.21,5.32
2007-07-17,5.02,4.92,5.02,5.24,5.28
2007-07-18,4.98,4.86,4.95,5.18,5.26
2007-07-19,5.0,4.88,4.98,5.2,5.25
2007-07-20,4.96,4.78,4.9,5.14,5.25
2007-07-21,4.96,4.78,4.9,5.14,5.25
2007-07-22,4.96,4.78,4.9,5.14,5.25
2007-07-23,5.0,4.81,4.9,5.15,5.26
2007-07-24,4.97,4.76,4.87,5.13,5.25
2007-07-25,4.95,4.74,4.85,5.12,5.32
2007-07-26,4.83,4.54,4.68,5.02,5.28
2007-07-27,4.82,4.53,4.68,5.03,5.25
2007-07-28,4.82,4.53,4.68,5.03,5.25
2007-07-29,4.82,4.53,4.68,5.03,5.25
2007-07-30,4.87,4.57,4.71,5.05,5.29
2007-07-31,4.85,4.55,4.67,5.0,5.28
2007-08-01,4.82,4.53,4.66,4.99,5.3
2007-08-02,4.83,4.57,4.68,5.0,5.24
2007-08-03,4.76,4.45,4.59,4.96,5.24
2007-08-04,4.76,4.45,4.59,4.96,5.24
2007-08-05,4.76,4.45,4.59,4.96,5.24
2007-08-06,4.76,4.45,4.6,4.98,5.26
2007-08-07,4.84,4.55,4.66,5.01,5.26
2007-08-08,4.89,4.64,4.75,5.11,5.27
2007-08-09,4.74,4.51,4.66,5.1,5.41
2007-08-10,4.69,4.51,4.68,5.11,4.68
2007-08-11,4.69,4.51,4.68,5.11,4.68
2007-08-12,4.69,4.51,4.68,5.11,4.68
2007-08-13,4.75,4.49,4.65,5.09,4.81
2007-08-14,4.67,4.42,4.6,5.06,4.54
2007-08-15,4.41,4.31,4.52,5.07,4.71
2007-08-16,4.18,4.15,4.39,4.99,4.97
2007-08-17,4.19,4.25,4.47,5.06,4.91
2007-08-18,4.19,4.25,4.47,5.06,4.91
2007-08-19,4.19,4.25,4.47,5.06,4.91
2007-08-20,4.15,4.19,4.44,5.04,5.03
2007-08-21,4.07,4.12,4.41,5.0,4.89
2007-08-22,4.1,4.19,4.46,5.01,4.77
2007-08-23,4.19,4.24,4.47,4.98,4.88
2007-08-24,4.31,4.31,4.5,4.95,5.11
2007-08-25,4.31,4.31,4.5,4.95,5.11
2007-08-26,4.31,4.31,4.5,4.95,5.11
2007-08-27,4.55,4.28,4.47,4.92,5.27
2007-08-28,4.36,4.14,4.36,4.9,5.3
2007-08-29,4.24,4.19,4.41,4.93,5.0
2007-08-30,4.17,4.14,4.33,4.87,5.0
2007-08-31,4.19,4.16,4.36,4.87,4.96
2007-09-01,4.19,4.16,4.36,4.87,4.96
2007-09-02,4.19,4.16,4.36,4.87,4.96
2007-09-03,4.19,4.16,4.36,4.87,4.96
2007-09-04,4.39,4.16,4.38,4.88,5.22
2007-09-05,4.28,4.05,4.29,4.82,5.18
2007-09-06,4.3,4.09,4.32,4.84,4.98
2007-09-07,4.1,3.92,4.17,4.73,4.86
2007-09-08,4.1,3.92,4.17,4.73,4.86
2007-09-09,4.1,3.92,4.17,4.73,4.86
2007-09-10,4.09,3.89,4.13,4.68,5.07
2007-09-11,4.16,3.97,4.19,4.68,5.06
2007-09-12,4.12,3.99,4.23,4.72,5.18
2007-09-13,4.2,4.11,4.33,4.79,5.09
2007-09-14,4.16,4.07,4.3,4.77,5.25
2007-09-15,4.16,4.07,4.3,4.77,5.25
2007-09-16,4.16,4.07,4.3,4.77,5.25
2007-09-17,4.23,4.11,4.32,4.76,5.33
2007-09-18,4.08,4.04,4.32,4.81,4.92
2007-09-19,4.06,4.06,4.33,4.86,4.74
2007-09-20,4.1,4.19,4.49,4.99,4.77
2007-09-21,4.09,4.15,4.44,4.95,4.76
2007-09-22,4.09,4.15,4.44,4.95,4.76
2007-09-23,4.09,4.15,4.44,4.95,4.76
2007-09-24,4.09,4.14,4.44,4.94,4.74
2007-09-25,4.04,4.09,4.41,4.94,4.82
2007-09-26,4.03,4.07,4.43,4.95,4.88
2007-09-27,4.03,4.02,4.37,4.89,4.93
2007-09-28,4.05,4.03,4.38,4.89,4.58
2007-09-29,4.05,4.03,4.38,4.89,4.58
2007-09-30,4.05,4.03,4.38,4.89,4.58
2007-10-01,4.11,4.05,4.37,4.85,4.92
2007-10-02,4.1,4.01,4.34,4.83,4.78
2007-10-03,4.11,4.07,4.37,4.85,4.68
2007-10-04,4.1,4.06,4.35,4.83,4.74
2007-10-05,4.16,4.16,4.46,4.94,4.77
2007-10-06,4.16,4.16,4.46,4.94,4.77
2007-10-07,4.16,4.16,4.46,4.94,4.77
2007-10-08,4.16,4.16,4.46,4.94,4.77
2007-10-09,4.23,4.21,4.49,4.93,4.91
2007-10-10,4.23,4.21,4.49,4.93,4.52
2007-10-11,4.22,4.18,4.48,4.95,4.75
2007-10-12,4.28,4.27,4.53,4.98,4.75
2007-10-13,4.28,4.27,4.53,4.98,4.75
2007-10-14,4.28,4.27,4.53,4.98,4.75
2007-10-15,4.33,4.25,4.52,4.98,4.81
2007-10-16,4.26,4.17,4.47,4.97,4.68
2007-10-17,4.11,4.04,4.36,4.88,4.7
2007-10-18,4.03,3.98,4.31,4.84,4.69
2007-10-19,3.98,3.85,4.19,4.74,4.77
2007-10-20,3.98,3.85,4.19,4.74,4.77
2007-10-21,3.98,3.85,4.19,4.74,4.77
2007-10-22,4.05,3.88,4.21,4.73,4.71
2007-10-23,4.01,3.86,4.2,4.74,4.67
2007-10-24,3.91,3.79,4.14,4.69,4.74
2007-10-25,3.93,3.78,4.15,4.7,4.86
2007-10-26,3.96,3.79,4.19,4.73,4.8
2007-10-27,3.96,3.79,4.19,4.73,4.8
2007-10-28,3.96,3.79,4.19,4.73,4.8
2007-10-29,4.0,3.84,4.19,4.71,4.84
2007-10-30,3.98,3.85,4.2,4.72,4.78
2007-10-31,4.04,3.94,4.29,4.79,4.6
2007-11-01,3.89,3.8,4.16,4.69,4.59
2007-11-02,3.74,3.68,4.09,4.65,4.28
2007-11-03,3.74,3.68,4.09,4.65,4.28
2007-11-04,3.74,3.68,4.09,4.65,4.28
2007-11-05,3.86,3.71,4.12,4.67,4.29
2007-11-06,3.83,3.73,4.15,4.7,4.22
2007-11-07,3.71,3.6,4.09,4.71,4.39
2007-11-08,3.61,3.46,4.0,4.7,4.58
2007-11-09,3.57,3.44,3.96,4.64,4.49
2007-11-10,3.57,3.44,3.96,4.64,4.49
2007-11-11,3.57,3.44,3.96,4.64,4.49
2007-11-12,3.57,3.44,3.96,4.64,4.49
2007-11-13,3.68,3.52,4.01,4.64,4.61
2007-11-14,3.65,3.53,4.03,4.65,4.6
2007-11-15,3.49,3.35,3.9,4.58,4.54
2007-11-16,3.49,3.3,3.88,4.56,4.51
2007-11-17,3.49,3.3,3.88,4.56,4.51
2007-11-18,3.49,3.3,3.88,4.56,4.51
2007-11-19,3.43,3.16,3.78,4.5,4.51
2007-11-20,3.32,3.15,3.74,4.51,4.51
2007-11-21,3.18,3.03,3.65,4.49,4.5
2007-11-22,3.18,3.03,3.65,4.49,4.5
2007-11-23,3.28,3.1,3.67,4.46,4.56
2007-11-24,3.28,3.1,3.67,4.46,4.56
2007-11-25,3.28,3.1,3.67,4.46,4.56
2007-11-26,3.2,2.93,3.48,4.29,4.62
2007-11-27,3.26,3.04,3.61,4.4,4.39
2007-11-28,3.31,3.21,3.72,4.46,4.53
2007-11-29,3.22,3.11,3.64,4.39,4.55
2007-11-30,3.26,3.09,3.64,4.44,4.66
2007-12-01,3.26,3.09,3.64,4.44,4.66
2007-12-02,3.26,3.09,3.64,4.44,4.66
2007-12-03,3.15,2.93,3.53,4.38,4.52
2007-12-04,3.11,2.92,3.54,4.38,4.5
2007-12-05,3.13,2.91,3.55,4.42,4.31
2007-12-06,3.2,3.03,3.66,4.52,4.49
2007-12-07,3.24,3.15,3.77,4.62,4.41
2007-12-08,3.24,3.15,3.77,4.62,4.41
2007-12-09,3.24,3.15,3.77,4.62,4.41
2007-12-10,3.26,3.19,3.8,4.64,4.46
2007-12-11,3.09,2.99,3.59,4.51,4.29
2007-12-12,3.16,3.12,3.68,4.55,4.28
2007-12-13,3.22,3.22,3.8,4.66,4.3
2007-12-14,3.28,3.32,3.88,4.71,4.24
2007-12-15,3.28,3.32,3.88,4.71,4.24
2007-12-16,3.28,3.32,3.88,4.71,4.24
2007-12-17,3.34,3.25,3.83,4.67,4.31
2007-12-18,3.31,3.2,3.78,4.6,4.16
2007-12-19,3.26,3.13,3.71,4.52,3.98
2007-12-20,3.2,3.09,3.7,4.5,4.37
2007-12-21,3.31,3.2,3.84,4.62,4.28
2007-12-22,3.31,3.2,3.84,4.62,4.28
2007-12-23,3.31,3.2,3.84,4.62,4.28
2007-12-24,3.46,3.25,3.89,4.67,4.0
2007-12-25,3.46,3.25,3.89,4.67,4.0
2007-12-26,3.49,3.32,3.96,4.73,4.26
2007-12-27,3.37,3.23,3.88,4.66,4.15
2007-12-28,3.34,3.13,3.77,4.56,4.01
2007-12-29,3.34,3.13,3.77,4.56,4.01
2007-12-30,3.34,3.13,3.77,4.56,4.01
2007-12-31,3.34,3.07,3.7,4.5,3.06
2008-01-01,3.34,3.07,3.7,4.5,3.06
2008-01-02,3.17,2.89,3.54,4.39,4.11
2008-01-03,3.13,2.85,3.54,4.41,4.25
2008-01-04,3.06,2.75,3.47,4.4,4.18
2008-01-05,3.06,2.75,3.47,4.4,4.18
2008-01-06,3.06,2.75,3.47,4.4,4.18
2008-01-07,3.11,2.76,3.46,4.37,4.27
2008-01-08,3.09,2.76,3.47,4.39,4.27
2008-01-09,3.04,2.69,3.4,4.35,4.26
2008-01-10,3.04,2.74,3.49,4.47,4.26
2008-01-11,2.91,2.61,3.38,4.4,4.23
2008-01-12,2.91,2.61,3.38,4.4,4.23
2008-01-13,2.91,2.61,3.38,4.4,4.23
2008-01-14,2.9,2.61,3.39,4.39,4.24
2008-01-15,2.87,2.55,3.3,4.3,4.24
2008-01-16,2.86,2.55,3.32,4.34,4.22
2008-01-17,2.81,2.46,3.22,4.27,4.23
2008-01-18,2.69,2.39,3.2,4.3,4.17
2008-01-19,2.69,2.39,3.2,4.3,4.17
2008-01-20,2.69,2.39,3.2,4.3,4.17
2008-01-21,2.69,2.39,3.2,4.3,4.17
2008-01-22,2.29,2.12,3.01,4.23,3.68
2008-01-23,2.19,2.12,3.01,4.23,3.43
2008-01-24,2.4,2.3,3.21,4.37,3.47
2008-01-25,2.34,2.28,3.15,4.3,3.6
2008-01-26,2.34,2.28,3.15,4.3,3.6
2008-01-27,2.34,2.28,3.15,4.3,3.6
2008-01-28,2.3,2.27,3.15,4.3,3.5
2008-01-29,2.33,2.33,3.23,4.35,3.47
2008-01-30,2.3,2.44,3.32,4.45,3.26
2008-01-31,2.11,2.27,3.19,4.35,3.22
2008-02-01,2.13,2.22,3.13,4.31,3.12
2008-02-02,2.13,2.22,3.13,4.31,3.12
2008-02-03,2.13,2.22,3.13,4.31,3.12
2008-02-04,2.17,2.23,3.18,4.37,2.82
2008-02-05,2.06,2.08,3.08,4.32,2.71
2008-02-06,2.05,2.11,3.08,4.36,2.94
2008-02-07,2.08,2.21,3.21,4.5,3.03
2008-02-08,2.05,2.1,3.11,4.41,3.05
2008-02-09,2.05,2.1,3.11,4.41,3.05
2008-02-10,2.05,2.1,3.11,4.41,3.05
2008-02-11,2.06,2.1,3.09,4.38,2.88
2008-02-12,2.06,2.13,3.13,4.43,2.91
2008-02-13,2.03,2.11,3.14,4.48,3.02
2008-02-14,2.05,2.18,3.28,4.63,3.03
2008-02-15,2.02,2.15,3.21,4.55,2.97
2008-02-16,2.02,2.15,3.21,4.55,2.97
2008-02-17,2.02,2.15,3.21,4.55,2.97
2008-02-18,2.02,2.15,3.21,4.55,2.97
2008-02-19,2.11,2.31,3.37,4.63,2.94
2008-02-20,2.16,2.43,3.45,4.63,3.0
2008-02-21,2.05,2.23,3.24,4.52,3.01
2008-02-22,2.08,2.24,3.26,4.55,2.97
2008-02-23,2.08,2.24,3.26,4.55,2.97
2008-02-24,2.08,2.24,3.26,4.55,2.97
2008-02-25,2.13,2.39,3.41,4.65,3.0
2008-02-26,2.07,2.32,3.36,4.64,2.85
2008-02-27,2.02,2.25,3.33,4.62,2.93
2008-02-28,1.92,2.1,3.17,4.51,3.06
2008-02-29,1.77,1.87,2.96,4.37,3.01
2008-03-01,1.77,1.87,2.96,4.37,3.01
2008-03-02,1.77,1.87,2.96,4.37,3.01
2008-03-03,1.74,1.84,2.96,4.37,3.1
2008-03-04,1.72,1.86,3.02,4.46,2.9
2008-03-05,1.72,1.91,3.1,4.55,2.93
2008-03-06,1.59,1.77,3.0,4.52,2.99
2008-03-07,1.55,1.75,2.94,4.49,2.96
2008-03-08,1.55,1.75,2.94,4.49,2.96
2008-03-09,1.55,1.75,2.94,4.49,2.96
2008-03-10,1.46,1.67,2.84,4.39,2.99
2008-03-11,1.67,1.93,3.04,4.48,2.95
2008-03-12,1.58,1.81,2.93,4.35,2.97
2008-03-13,1.54,1.84,2.99,4.42,2.98
2008-03-14,1.37,1.65,2.84,4.3,2.99
2008-03-15,1.37,1.65,2.84,4.3,2.99
2008-03-16,1.37,1.65,2.84,4.3,2.99
2008-03-17,1.32,1.52,2.71,4.24,2.69
2008-03-18,1.4,1.74,2.88,4.3,2.16
2008-03-19,1.33,1.68,2.8,4.2,2.08
2008-03-20,1.33,1.71,2.78,4.15,2.22
2008-03-21,1.33,1.71,2.78,4.15,2.08
2008-03-22,1.33,1.71,2.78,4.15,2.08
2008-03-23,1.33,1.71,2.78,4.15,2.08
2008-03-24,1.68,1.99,3.04,4.31,2.08
2008-03-25,1.64,1.93,3.0,4.29,2.42
2008-03-26,1.56,1.86,2.96,4.31,2.3
2008-03-27,1.57,1.88,3.02,4.37,2.27
2008-03-28,1.56,1.8,2.91,4.32,2.09
2008-03-29,1.56,1.8,2.91,4.32,2.09
2008-03-30,1.56,1.8,2.91,4.32,2.09
2008-03-31,1.55,1.79,2.88,4.3,2.51
2008-04-01,1.62,1.94,3.04,4.4,2.38
2008-04-02,1.67,2.05,3.09,4.4,2.18
2008-04-03,1.68,2.08,3.11,4.41,2.19
2008-04-04,1.63,1.98,2.99,4.32,2.26
2008-04-05,1.63,1.98,2.99,4.32,2.26
2008-04-06,1.63,1.98,2.99,4.32,2.26
2008-04-07,1.72,2.1,3.09,4.37,2.24
2008-04-08,1.68,2.06,3.08,4.37,2.23
2008-04-09,1.6,1.95,2.97,4.3,2.2
2008-04-10,1.61,2.02,3.05,4.33,2.3
2008-04-11,1.52,1.94,2.97,4.28,2.37
2008-04-12,1.52,1.94,2.97,4.28,2.37
2008-04-13,1.52,1.94,2.97,4.28,2.37
2008-04-14,1.53,1.97,3.0,4.32,2.32
2008-04-15,1.56,2.05,3.08,4.38,2.32
2008-04-16,1.65,2.2,3.21,4.49,2.35
2008-04-17,1.77,2.31,3.27,4.5,2.37
2008-04-18,1.85,2.35,3.29,4.52,2.32
2008-04-19,1.85,2.35,3.29,4.52,2.32
2008-04-20,1.85,2.35,3.29,4.52,2.32
2008-04-21,1.86,2.37,3.28,4.48,2.28
2008-04-22,1.84,2.43,3.29,4.47,1.99
2008-04-23,1.83,2.45,3.32,4.49,2.18
2008-04-24,1.91,2.61,3.44,4.56,2.26
2008-04-25,1.97,2.64,3.49,4.61,2.28
2008-04-26,1.97,2.64,3.49,4.61,2.28
2008-04-27,1.97,2.64,3.49,4.61,2.28
2008-04-28,1.95,2.58,3.44,4.57,2.29
2008-04-29,1.94,2.55,3.42,4.56,2.21
2008-04-30,1.85,2.49,3.34,4.49,2.37
2008-05-01,1.94,2.53,3.36,4.49,2.16
2008-05-02,1.97,2.64,3.48,4.57,1.88
2008-05-03,1.97,2.64,3.48,4.57,1.88
2008-05-04,1.97,2.64,3.48,4.57,1.88
2008-05-05,1.98,2.62,3.45,4.58,1.85
2008-05-06,1.96,2.62,3.51,4.64,1.91
2008-05-07,1.94,2.56,3.45,4.61,2.01
2008-05-08,1.91,2.47,3.34,4.55,1.99
2008-05-09,1.91,2.5,3.33,4.52,1.97
2008-05-10,1.91,2.5,3.33,4.52,1.97
2008-05-11,1.91,2.5,3.33,4.52,1.97
2008-05-12,2.01,2.54,3.34,4.52,1.88
2008-05-13,2.08,2.7,3.49,4.61,1.93
2008-05-14,2.11,2.78,3.5,4.63,2.03
2008-05-15,2.08,2.7,3.39,4.55,2.03
2008-05-16,2.09,2.71,3.43,4.57,1.91
2008-05-17,2.09,2.71,3.43,4.57,1.91
2008-05-18,2.09,2.71,3.43,4.57,1.91
2008-05-19,2.07,2.67,3.4,4.55,1.95
2008-05-20,2.05,2.58,3.35,4.52,1.99
2008-05-21,2.07,2.68,3.38,4.53,2.03
2008-05-22,2.15,2.83,3.52,4.62,2.05
2008-05-23,2.11,2.73,3.43,4.56,1.99
2008-05-24,2.11,2.73,3.43,4.56,1.99
2008-05-25,2.11,2.73,3.43,4.56,1.99
2008-05-26,2.11,2.73,3.43,4.56,1.99
2008-05-27,2.15,2.82,3.52,4.65,2.23
2008-05-28,2.21,2.93,3.63,4.72,2.08
2008-05-29,2.16,2.94,3.68,4.77,2.01
2008-05-30,2.22,2.93,3.68,4.74,1.98
2008-05-31,2.22,2.93,3.68,4.74,1.98
2008-06-01,2.22,2.93,3.68,4.74,1.98
2008-06-02,2.17,2.82,3.56,4.69,2.06
2008-06-03,2.14,2.75,3.5,4.64,1.95
2008-06-04,2.14,2.78,3.55,4.72,1.98
2008-06-05,2.15,2.84,3.63,4.77,1.98
2008-06-06,2.12,2.73,3.5,4.67,2.01
2008-06-07,2.12,2.73,3.5,4.67,2.01
2008-06-08,2.12,2.73,3.5,4.67,2.01
2008-06-09,2.29,3.03,3.65,4.68,2.02
2008-06-10,2.53,3.2,3.77,4.76,1.96
2008-06-11,2.47,3.16,3.73,4.76,1.95
2008-06-12,2.62,3.35,3.9,4.83,2.01
2008-06-13,2.64,3.38,3.95,4.86,2.02
2008-06-14,2.64,3.38,3.95,4.86,2.02
2008-06-15,2.64,3.38,3.95,4.86,2.02
2008-06-16,2.68,3.33,3.94,4.84,2.06
2008-06-17,2.58,3.25,3.89,4.85,1.87
2008-06-18,2.53,3.19,3.81,4.77,1.84
2008-06-19,2.58,3.28,3.89,4.82,1.94
2008-06-20,2.49,3.17,3.81,4.76,1.99
2008-06-21,2.49,3.17,3.81,4.76,1.99
2008-06-22,2.49,3.17,3.81,4.76,1.99
2008-06-23,2.57,3.27,3.87,4.77,1.98
2008-06-24,2.53,3.14,3.76,4.7,1.93
2008-06-25,2.48,3.11,3.78,4.72,1.97
2008-06-26,2.39,2.97,3.69,4.67,2.05
2008-06-27,2.35,2.92,3.62,4.58,1.99
2008-06-28,2.35,2.92,3.62,4.58,1.99
2008-06-29,2.35,2.92,3.62,4.58,1.99
2008-06-30,2.36,2.91,3.61,4.59,2.47
2008-07-01,2.38,2.9,3.62,4.6,2.11
2008-07-02,2.35,2.87,3.6,4.57,1.95
2008-07-03,2.3,2.82,3.59,4.58,1.92
2008-07-04,2.3,2.82,3.59,4.58,1.92
2008-07-05,2.3,2.82,3.59,4.58,1.92
2008-07-06,2.3,2.82,3.59,4.58,1.92
2008-07-07,2.26,2.78,3.53,4.55,1.99
2008-07-08,2.26,2.78,3.49,4.51,1.97
2008-07-09,2.21,2.71,3.42,4.47,1.99
2008-07-10,2.2,2.72,3.4,4.47,2.01
2008-07-11,2.3,2.88,3.55,4.57,1.97
2008-07-12,2.3,2.88,3.55,4.57,1.97
2008-07-13,2.3,2.88,3.55,4.57,1.97
2008-07-14,2.23,2.79,3.49,4.52,2.06
2008-07-15,2.15,2.7,3.43,4.52,2.16
2008-07-16,2.16,2.75,3.52,4.64,1.95
2008-07-17,2.26,2.89,3.65,4.7,2.03
2008-07-18,2.26,2.97,3.71,4.71,1.96
2008-07-19,2.26,2.97,3.71,4.71,1.96
2008-07-20,2.26,2.97,3.71,4.71,1.96
2008-07-21,2.3,2.97,3.69,4.69,1.98
2008-07-22,2.33,3.05,3.75,4.73,1.97
2008-07-23,2.4,3.1,3.77,4.76,2.04
2008-07-24,2.26,2.92,3.64,4.66,2.06
2008-07-25,2.35,3.01,3.73,4.75,2.13
2008-07-26,2.35,3.01,3.73,4.75,2.13
2008-07-27,2.35,3.01,3.73,4.75,2.13
2008-07-28,2.28,2.9,3.64,4.69,2.0
2008-07-29,2.36,2.95,3.68,4.7,2.05
2008-07-30,2.33,2.93,3.65,4.69,2.03
2008-07-31,2.27,2.81,3.56,4.63,2.09
2008-08-01,2.25,2.79,3.54,4.61,2.04
2008-08-02,2.25,2.79,3.54,4.61,2.04
2008-08-03,2.25,2.79,3.54,4.61,2.04
2008-08-04,2.27,2.81,3.55,4.62,1.97
2008-08-05,2.26,2.83,3.6,4.67,1.97
2008-08-06,2.26,2.85,3.62,4.71,2.01
2008-08-07,2.17,2.72,3.48,4.58,1.96
2008-08-08,2.19,2.8,3.51,4.58,2.01
2008-08-09,2.19,2.8,3.51,4.58,2.01
2008-08-10,2.19,2.8,3.51,4.58,2.01
2008-08-11,2.27,2.84,3.57,4.64,1.99
2008-08-12,2.18,2.73,3.47,4.58,1.95
2008-08-13,2.19,2.77,3.51,4.61,1.98
2008-08-14,2.14,2.72,3.46,4.55,2.09
2008-08-15,2.12,2.67,3.42,4.5,2.08
2008-08-16,2.12,2.67,3.42,4.5,2.08
2008-08-17,2.12,2.67,3.42,4.5,2.08
2008-08-18,2.15,2.62,3.39,4.47,1.91
2008-08-19,2.11,2.61,3.39,4.5,1.94
2008-08-20,2.06,2.54,3.34,4.46,1.98
2008-08-21,2.1,2.62,3.4,4.49,2.01
2008-08-22,2.17,2.7,3.45,4.5,2.02
2008-08-23,2.17,2.7,3.45,4.5,2.02
2008-08-24,2.17,2.7,3.45,4.5,2.02
2008-08-25,2.12,2.62,3.36,4.42,2.01
2008-08-26,2.19,2.64,3.37,4.43,1.88
2008-08-27,2.16,2.58,3.34,4.41,1.98
2008-08-28,2.19,2.62,3.42,4.41,1.99
2008-08-29,2.17,2.6,3.45,4.47,1.94
2008-08-30,2.17,2.6,3.45,4.47,1.94
2008-08-31,2.17,2.6,3.45,4.47,1.94
2008-09-01,2.17,2.6,3.45,4.47,1.94
2008-09-02,2.12,2.51,3.37,4.39,1.96
2008-09-03,2.08,2.48,3.29,4.36,2.01
2008-09-04,2.04,2.41,3.21,4.31,1.99
2008-09-05,2.07,2.44,3.24,4.31,1.97
2008-09-06,2.07,2.44,3.24,4.31,1.97
2008-09-07,2.07,2.44,3.24,4.31,1.97
2008-09-08,2.12,2.49,3.26,4.3,1.92
2008-09-09,2.06,2.43,3.21,4.24,1.96
2008-09-10,2.06,2.42,3.23,4.27,2.12
2008-09-11,2.01,2.38,3.21,4.25,2.0
2008-09-12,2.02,2.45,3.32,4.36,2.1
2008-09-13,2.02,2.45,3.32,4.36,2.1
2008-09-14,2.02,2.45,3.32,4.36,2.1
2008-09-15,1.66,2.01,2.99,4.14,2.64
2008-09-16,1.72,2.12,3.02,4.12,1.98
2008-09-17,1.5,1.91,2.93,4.12,2.8
2008-09-18,1.53,2.05,3.08,4.19,2.16
2008-09-19,2.05,2.42,3.37,4.42,1.48
2008-09-20,2.05,2.42,3.37,4.42,1.48
2008-09-21,2.05,2.42,3.37,4.42,1.48
2008-09-22,2.06,2.41,3.42,4.48,1.51
2008-09-23,2.01,2.4,3.41,4.5,1.46
2008-09-24,1.9,2.26,3.31,4.48,1.19
2008-09-25,1.97,2.42,3.44,4.48,1.23
2008-09-26,1.81,2.38,3.41,4.44,1.08
2008-09-27,1.81,2.38,3.41,4.44,1.08
2008-09-28,1.81,2.38,3.41,4.44,1.08
2008-09-29,1.6,1.96,3.12,4.21,1.56
2008-09-30,1.78,2.28,3.38,4.43,2.03
2008-10-01,1.72,2.12,3.29,4.33,1.15
2008-10-02,1.45,1.91,3.13,4.28,0.67
2008-10-03,1.41,1.86,3.09,4.26,1.1
2008-10-04,1.41,1.86,3.09,4.26,1.1
2008-10-05,1.41,1.86,3.09,4.26,1.1
2008-10-06,1.23,1.69,2.92,4.12,1.96
2008-10-07,1.27,1.69,2.91,4.15,2.97
2008-10-08,1.28,1.88,3.15,4.31,2.24
2008-10-09,1.33,1.93,3.25,4.41,1.4
2008-10-10,1.08,1.87,3.27,4.41,0.79
2008-10-11,1.08,1.87,3.27,4.41,0.79
2008-10-12,1.08,1.87,3.27,4.41,0.79
2008-10-13,1.08,1.87,3.27,4.41,0.79
2008-10-14,1.22,2.06,3.48,4.57,1.1
2008-10-15,1.14,1.91,3.4,4.57,1.04
2008-10-16,1.29,1.9,3.33,4.59,0.83
2008-10-17,1.34,1.9,3.3,4.66,0.6
2008-10-18,1.34,1.9,3.3,4.66,0.6
2008-10-19,1.34,1.9,3.3,4.66,0.6
2008-10-20,1.69,2.0,3.26,4.6,0.7
2008-10-21,1.74,1.86,3.08,4.52,0.67
2008-10-22,1.64,1.79,3.0,4.42,0.81
2008-10-23,1.61,1.76,3.0,4.34,0.93
2008-10-24,1.6,1.8,3.09,4.44,0.95
2008-10-25,1.6,1.8,3.09,4.44,0.95
2008-10-26,1.6,1.8,3.09,4.44,0.95
2008-10-27,1.57,1.83,3.12,4.43,0.92
2008-10-28,1.53,1.85,3.21,4.51,0.67
2008-10-29,1.41,1.79,3.24,4.59,0.36
2008-10-30,1.36,1.82,3.3,4.67,0.3
2008-10-31,1.34,1.8,3.29,4.74,0.22
2008-11-01,1.34,1.8,3.29,4.74,0.22
2008-11-02,1.34,1.8,3.29,4.74,0.22
2008-11-03,1.31,1.69,3.21,4.73,0.23
2008-11-04,1.28,1.59,3.06,4.58,0.23
2008-11-05,1.22,1.64,2.99,4.49,0.23
2008-11-06,1.17,1.63,3.01,4.52,0.23
2008-11-07,1.2,1.71,3.11,4.57,0.27
2008-11-08,1.2,1.71,3.11,4.57,0.27
2008-11-09,1.2,1.71,3.11,4.57,0.27
2008-11-10,1.16,1.78,3.06,4.5,0.29
2008-11-11,1.16,1.78,3.06,4.5,0.29
2008-11-12,1.03,1.6,3.0,4.44,0.35
2008-11-13,1.16,1.62,3.07,4.57,0.35
2008-11-14,1.14,1.53,2.94,4.43,0.34
2008-11-15,1.14,1.53,2.94,4.43,0.34
2008-11-16,1.14,1.53,2.94,4.43,0.34
2008-11-17,1.08,1.53,2.92,4.42,0.37
2008-11-18,1.05,1.44,2.79,4.32,0.38
2008-11-19,0.97,1.36,2.64,4.17,0.38
2008-11-20,0.87,1.2,2.43,3.87,0.49
2008-11-21,0.83,1.35,2.53,3.93,0.57
2008-11-22,0.83,1.35,2.53,3.93,0.57
2008-11-23,0.83,1.35,2.53,3.93,0.57
2008-11-24,0.95,1.53,2.71,4.01,0.62
2008-11-25,0.95,1.41,2.49,3.85,0.59
2008-11-26,0.93,1.38,2.43,3.77,0.53
2008-11-27,0.93,1.38,2.43,3.77,0.53
2008-11-28,0.9,1.27,2.35,3.71,0.52
2008-11-29,0.9,1.27,2.35,3.71,0.52
2008-11-30,0.9,1.27,2.35,3.71,0.52
2008-12-01,0.81,1.16,2.13,3.51,0.52
2008-12-02,0.77,1.12,2.08,3.47,0.47
2008-12-03,0.7,1.07,2.03,3.45,0.36
2008-12-04,0.61,1.02,1.93,3.35,0.2
2008-12-05,0.54,1.19,2.09,3.41,0.12
2008-12-06,0.54,1.19,2.09,3.41,0.12
2008-12-07,0.54,1.19,2.09,3.41,0.12
2008-12-08,0.53,1.27,2.17,3.45,0.12
2008-12-09,0.49,1.15,2.03,3.35,0.13
2008-12-10,0.49,1.21,2.05,3.39,0.11
2008-12-11,0.51,1.11,1.99,3.35,0.14
2008-12-12,0.5,1.05,1.98,3.36,0.15
2008-12-13,0.5,1.05,1.98,3.36,0.15
2008-12-14,0.5,1.05,1.98,3.36,0.15
2008-12-15,0.5,1.02,1.92,3.29,0.18
2008-12-16,0.45,0.88,1.77,3.16,0.17
2008-12-17,0.45,0.98,1.7,3.01,0.12
2008-12-18,0.43,0.92,1.59,2.86,0.11
2008-12-19,0.44,1.02,1.66,2.89,0.11
2008-12-20,0.44,1.02,1.66,2.89,0.11
2008-12-21,0.44,1.02,1.66,2.89,0.11
2008-12-22,0.4,1.12,1.7,2.92,0.11
2008-12-23,0.41,1.13,1.81,2.93,0.11
2008-12-24,0.4,1.14,1.83,2.94,0.11
2008-12-25,0.4,1.14,1.83,2.94,0.11
2008-12-26,0.38,1.08,1.8,2.91,0.09
2008-12-27,0.38,1.08,1.8,2.91,0.09
2008-12-28,0.38,1.08,1.8,2.91,0.09
2008-12-29,0.36,0.96,1.75,2.94,0.1
2008-12-30,0.34,0.94,1.76,2.88,0.09
2008-12-31,0.37,1.0,1.87,3.05,0.14
2009-01-01,0.37,1.0,1.87,3.05,0.14
2009-01-02,0.4,1.14,2.07,3.22,0.08
2009-01-03,0.4,1.14,2.07,3.22,0.08
2009-01-04,0.4,1.14,2.07,3.22,0.08
2009-01-05,0.43,1.08,2.07,3.37,0.11
2009-01-06,0.45,1.1,2.07,3.41,0.09
2009-01-07,0.44,1.15,2.02,3.41,0.11
2009-01-08,0.44,1.16,1.95,3.4,0.1
2009-01-09,0.43,1.11,1.88,3.39,0.09
2009-01-10,0.43,1.11,1.88,3.39,0.09
2009-01-11,0.43,1.11,1.88,3.39,0.09
2009-01-12,0.43,1.09,1.81,3.3,0.1
2009-01-13,0.43,1.07,1.8,3.3,0.1
2009-01-14,0.42,1.03,1.71,3.17,0.15
2009-01-15,0.42,1.01,1.71,3.16,0.18
2009-01-16,0.43,1.05,1.83,3.22,0.19
2009-01-17,0.43,1.05,1.83,3.22,0.19
2009-01-18,0.43,1.05,1.83,3.22,0.19
2009-01-19,0.43,1.05,1.83,3.22,0.19
2009-01-20,0.42,1.06,1.85,3.3,0.2
2009-01-21,0.43,1.12,1.99,3.51,0.23
2009-01-22,0.42,1.11,2.02,3.61,0.21
2009-01-23,0.46,1.16,2.05,3.65,0.18
2009-01-24,0.46,1.16,2.05,3.65,0.18
2009-01-25,0.46,1.16,2.05,3.65,0.18
2009-01-26,0.47,1.21,2.09,3.71,0.19
2009-01-27,0.47,1.15,1.99,3.57,0.18
2009-01-28,0.48,1.22,2.1,3.73,0.19
2009-01-29,0.51,1.34,2.28,3.85,0.23
2009-01-30,0.51,1.32,2.27,3.86,0.23
2009-01-31,0.51,1.32,2.27,3.86,0.23
2009-02-01,0.51,1.32,2.27,3.86,0.23
2009-02-02,0.51,1.27,2.16,3.75,0.24
2009-02-03,0.53,1.37,2.28,3.88,0.24
2009-02-04,0.53,1.42,2.32,3.88,0.24
2009-02-05,0.54,1.4,2.32,3.86,0.23
2009-02-06,0.57,1.44,2.4,3.94,0.23
2009-02-07,0.57,1.44,2.4,3.94,0.23
2009-02-08,0.57,1.44,2.4,3.94,0.23
2009-02-09,0.6,1.5,2.42,3.91,0.22
2009-02-10,0.6,1.31,2.23,3.77,0.24
2009-02-11,0.6,1.32,2.17,3.69,0.22
2009-02-12,0.58,1.28,2.14,3.71,0.23
2009-02-13,0.61,1.37,2.29,3.91,0.22
2009-02-14,0.61,1.37,2.29,3.91,0.22
2009-02-15,0.61,1.37,2.29,3.91,0.22
2009-02-16,0.61,1.37,2.29,3.91,0.22
2009-02-17,0.61,1.22,2.05,3.7,0.25
2009-02-18,0.64,1.33,2.18,3.77,0.23
2009-02-19,0.67,1.38,2.28,3.92,0.21
2009-02-20,0.64,1.3,2.21,3.82,0.2
2009-02-21,0.64,1.3,2.21,3.82,0.2
2009-02-22,0.64,1.3,2.21,3.82,0.2
2009-02-23,0.69,1.34,2.22,3.79,0.19
2009-02-24,0.71,1.37,2.26,3.77,0.21
2009-02-25,0.75,1.49,2.42,3.88,0.21
2009-02-26,0.73,1.5,2.72,3.93,0.22
2009-02-27,0.72,1.4,2.69,3.98,0.22
2009-02-28,0.72,1.4,2.69,3.98,0.22
2009-03-01,0.72,1.4,2.69,3.98,0.22
2009-03-02,0.67,1.28,2.54,3.89,0.22
2009-03-03,0.68,1.31,2.58,3.92,0.2
2009-03-04,0.71,1.4,2.67,3.96,0.21
2009-03-05,0.66,1.3,2.49,3.76,0.2
2009-03-06,0.67,1.34,2.49,3.74,0.2
2009-03-07,0.67,1.34,2.49,3.74,0.2
2009-03-08,0.67,1.34,2.49,3.74,0.2
2009-03-09,0.69,1.38,2.53,3.83,0.2
2009-03-10,0.71,1.46,2.63,3.94,0.2
2009-03-11,0.71,1.45,2.56,3.88,0.19
2009-03-12,0.7,1.42,2.5,3.82,0.18
2009-03-13,0.67,1.36,2.48,3.84,0.15
2009-03-14,0.67,1.36,2.48,3.84,0.15
2009-03-15,0.67,1.36,2.48,3.84,0.15
2009-03-16,0.69,1.39,2.55,3.93,0.2
2009-03-17,0.69,1.45,2.64,3.99,0.2
2009-03-18,0.6,1.14,2.11,3.65,0.18
2009-03-19,0.6,1.21,2.17,3.64,0.17
2009-03-20,0.6,1.23,2.18,3.67,0.18
2009-03-21,0.6,1.23,2.18,3.67,0.18
2009-03-22,0.6,1.23,2.18,3.67,0.18
2009-03-23,0.6,1.25,2.2,3.7,0.17
2009-03-24,0.62,1.24,2.22,3.64,0.17
2009-03-25,0.6,1.35,2.36,3.76,0.17
2009-03-26,0.57,1.29,2.34,3.69,0.16
2009-03-27,0.58,1.27,2.36,3.66,0.15
2009-03-28,0.58,1.27,2.36,3.66,0.15
2009-03-29,0.58,1.27,2.36,3.66,0.15
2009-03-30,0.58,1.2,2.31,3.64,0.16
2009-03-31,0.57,1.15,2.28,3.61,0.16
2009-04-01,0.58,1.16,2.25,3.54,0.16
2009-04-02,0.59,1.25,2.35,3.63,0.16
2009-04-03,0.6,1.36,2.51,3.77,0.13
2009-04-04,0.6,1.36,2.51,3.77,0.13
2009-04-05,0.6,1.36,2.51,3.77,0.13
2009-04-06,0.6,1.37,2.55,3.82,0.14
2009-04-07,0.6,1.33,2.51,3.79,0.14
2009-04-08,0.59,1.34,2.43,3.74,0.14
2009-04-09,0.6,1.36,2.49,3.85,0.14
2009-04-10,0.6,1.36,2.49,3.85,0.15
2009-04-11,0.6,1.36,2.49,3.85,0.15
2009-04-12,0.6,1.36,2.49,3.85,0.15
2009-04-13,0.57,1.27,2.39,3.78,0.13
2009-04-14,0.54,1.21,2.31,3.73,0.16
2009-04-15,0.54,1.22,2.29,3.75,0.16
2009-04-16,0.54,1.27,2.36,3.81,0.15
2009-04-17,0.57,1.36,2.48,3.91,0.13
2009-04-18,0.57,1.36,2.48,3.91,0.13
2009-04-19,0.57,1.36,2.48,3.91,0.13
2009-04-20,0.54,1.27,2.39,3.8,0.14
2009-04-21,0.53,1.32,2.46,3.86,0.15
2009-04-22,0.52,1.36,2.5,3.93,0.15
2009-04-23,0.49,1.34,2.49,3.9,0.17
2009-04-24,0.5,1.38,2.56,3.99,0.16
2009-04-25,0.5,1.38,2.56,3.99,0.16
2009-04-26,0.5,1.38,2.56,3.99,0.16
2009-04-27,0.49,1.31,2.48,3.92,0.17
2009-04-28,0.52,1.39,2.58,4.03,0.16
2009-04-29,0.5,1.4,2.69,4.07,0.18
2009-04-30,0.49,1.38,2.7,4.1,0.2
2009-05-01,0.49,1.39,2.72,4.14,0.22
2009-05-02,0.49,1.39,2.72,4.14,0.22
2009-05-03,0.49,1.39,2.72,4.14,0.22
2009-05-04,0.52,1.4,2.7,4.11,0.22
2009-05-05,0.53,1.46,2.7,4.11,0.2
2009-05-06,0.51,1.43,2.7,4.12,0.18
2009-05-07,0.54,1.46,2.8,4.26,0.18
2009-05-08,0.55,1.44,2.78,4.25,0.17
2009-05-09,0.55,1.44,2.78,4.25,0.17
2009-05-10,0.55,1.44,2.78,4.25,0.17
2009-05-11,0.53,1.34,2.67,4.15,0.17
2009-05-12,0.54,1.34,2.67,4.13,0.16
2009-05-13,0.52,1.31,2.62,4.06,0.16
2009-05-14,0.5,1.3,2.62,4.04,0.16
2009-05-15,0.5,1.3,2.65,4.07,0.17
2009-05-16,0.5,1.3,2.65,4.07,0.17
2009-05-17,0.5,1.3,2.65,4.07,0.17
2009-05-18,0.5,1.36,2.73,4.16,0.16
2009-05-19,0.48,1.37,2.76,4.19,0.15
2009-05-20,0.44,1.31,2.72,4.11,0.14
2009-05-21,0.45,1.36,2.86,4.27,0.17
2009-05-22,0.49,1.39,2.96,4.36,0.17
2009-05-23,0.49,1.39,2.96,4.36,0.17
2009-05-24,0.49,1.39,2.96,4.36,0.17
2009-05-25,0.49,1.39,2.96,4.36,0.17
2009-05-26,0.5,1.45,3.05,4.42,0.18
2009-05-27,0.49,1.5,3.22,4.58,0.17
2009-05-28,0.48,1.52,3.22,4.52,0.17
2009-05-29,0.47,1.42,3.06,4.34,0.19
2009-05-30,0.47,1.42,3.06,4.34,0.19
2009-05-31,0.47,1.42,3.06,4.34,0.19
2009-06-01,0.48,1.52,3.28,4.56,0.21
2009-06-02,0.46,1.52,3.26,4.51,0.2
2009-06-03,0.45,1.47,3.16,4.44,0.21
2009-06-04,0.47,1.54,3.31,4.58,0.2
2009-06-05,0.62,1.88,3.53,4.64,0.21
2009-06-06,0.62,1.88,3.53,4.64,0.21
2009-06-07,0.62,1.88,3.53,4.64,0.21
2009-06-08,0.62,2.0,3.6,4.66,0.21
2009-06-09,0.56,1.93,3.51,4.65,0.18
2009-06-10,0.55,2.0,3.59,4.75,0.18
2009-06-11,0.53,1.97,3.49,4.67,0.17
2009-06-12,0.52,1.91,3.46,4.63,0.17
2009-06-13,0.52,1.91,3.46,4.63,0.17
2009-06-14,0.52,1.91,3.46,4.63,0.17
2009-06-15,0.51,1.84,3.39,4.58,0.22
2009-06-16,0.51,1.79,3.32,4.47,0.22
2009-06-17,0.5,1.76,3.33,4.47,0.24
2009-06-18,0.52,1.88,3.51,4.62,0.25
2009-06-19,0.51,1.84,3.45,4.54,0.25
2009-06-20,0.51,1.84,3.45,4.54,0.25
2009-06-21,0.51,1.84,3.45,4.54,0.25
2009-06-22,0.5,1.77,3.37,4.45,0.24
2009-06-23,0.5,1.74,3.31,4.36,0.24
2009-06-24,0.5,1.79,3.39,4.43,0.21
2009-06-25,0.47,1.66,3.22,4.31,0.19
2009-06-26,0.45,1.63,3.18,4.28,0.18
2009-06-27,0.45,1.63,3.18,4.28,0.18
2009-06-28,0.45,1.63,3.18,4.28,0.18
2009-06-29,0.51,1.63,3.18,4.29,0.17
2009-06-30,0.56,1.64,3.19,4.3,0.22
2009-07-01,0.54,1.57,3.2,4.32,0.2
2009-07-02,0.49,1.52,3.14,4.28,0.17
2009-07-03,0.49,1.52,3.14,4.28,0.16
2009-07-04,0.49,1.52,3.14,4.28,0.16
2009-07-05,0.49,1.52,3.14,4.28,0.16
2009-07-06,0.48,1.48,3.12,4.29,0.18
2009-07-07,0.46,1.52,3.08,4.25,0.18
2009-07-08,0.45,1.42,2.9,4.13,0.16
2009-07-09,0.47,1.46,3.01,4.26,0.15
2009-07-10,0.45,1.4,2.89,4.16,0.15
2009-07-11,0.45,1.4,2.89,4.16,0.15
2009-07-12,0.45,1.4,2.89,4.16,0.15
2009-07-13,0.47,1.41,2.94,4.21,0.13
2009-07-14,0.47,1.48,3.05,4.35,0.13
2009-07-15,0.5,1.6,3.19,4.46,0.14
2009-07-16,0.47,1.54,3.13,4.43,0.15
2009-07-17,0.48,1.58,3.21,4.51,0.15
2009-07-18,0.48,1.58,3.21,4.51,0.15
2009-07-19,0.48,1.58,3.21,4.51,0.15
2009-07-20,0.47,1.54,3.14,4.45,0.15
2009-07-21,0.46,1.47,3.03,4.35,0.14
2009-07-22,0.47,1.5,3.11,4.42,0.14
2009-07-23,0.49,1.62,3.28,4.55,0.15
2009-07-24,0.47,1.59,3.25,4.53,0.15
2009-07-25,0.47,1.59,3.25,4.53,0.15
2009-07-26,0.47,1.59,3.25,4.53,0.15
2009-07-27,0.49,1.63,3.31,4.6,0.16
2009-07-28,0.49,1.66,3.3,4.54,0.15
2009-07-29,0.5,1.72,3.31,4.49,0.17
2009-07-30,0.48,1.73,3.31,4.44,0.17
2009-07-31,0.48,1.62,3.14,4.29,0.18
2009-08-01,0.48,1.62,3.14,4.29,0.18
2009-08-02,0.48,1.62,3.14,4.29,0.18
2009-08-03,0.48,1.72,3.3,4.4,0.18
2009-08-04,0.47,1.75,3.32,4.44,0.17
2009-08-05,0.49,1.78,3.4,4.54,0.17
2009-08-06,0.48,1.77,3.39,4.51,0.17
2009-08-07,0.52,1.87,3.5,4.59,0.17
2009-08-08,0.52,1.87,3.5,4.59,0.17
2009-08-09,0.52,1.87,3.5,4.59,0.17
2009-08-10,0.49,1.79,3.4,4.49,0.17
2009-08-11,0.48,1.78,3.32,4.4,0.16
2009-08-12,0.47,1.76,3.35,4.49,0.15
2009-08-13,0.45,1.66,3.22,4.37,0.15
2009-08-14,0.44,1.61,3.17,4.33,0.15
2009-08-15,0.44,1.61,3.17,4.33,0.15
2009-08-16,0.44,1.61,3.17,4.33,0.15
2009-08-17,0.45,1.54,3.09,4.26,0.17
2009-08-18,0.43,1.57,3.13,4.29,0.17
2009-08-19,0.43,1.52,3.07,4.23,0.17
2009-08-20,0.42,1.53,3.06,4.18,0.17
2009-08-21,0.45,1.65,3.21,4.32,0.16
2009-08-22,0.45,1.65,3.21,4.32,0.16
2009-08-23,0.45,1.65,3.21,4.32,0.16
2009-08-24,0.44,1.57,3.13,4.22,0.16
2009-08-25,0.47,1.56,3.1,4.17,0.15
2009-08-26,0.45,1.57,3.09,4.15,0.15
2009-08-27,0.46,1.58,3.12,4.19,0.14
2009-08-28,0.44,1.55,3.09,4.17,0.14
2009-08-29,0.44,1.55,3.09,4.17,0.14
2009-08-30,0.44,1.55,3.09,4.17,0.14
2009-08-31,0.43,1.49,3.03,4.14,0.15
2009-09-01,0.43,1.44,2.99,4.14,0.15
2009-09-02,0.41,1.39,2.91,4.04,0.16
2009-09-03,0.42,1.42,2.95,4.09,0.15
2009-09-04,0.42,1.46,3.06,4.21,0.15
2009-09-05,0.42,1.46,3.06,4.21,0.15
2009-09-06,0.42,1.46,3.06,4.21,0.15
2009-09-07,0.42,1.46,3.06,4.21,0.15
2009-09-08,0.41,1.49,3.06,4.24,0.15
2009-09-09,0.4,1.48,3.07,4.26,0.15
2009-09-10,0.4,1.42,2.95,4.11,0.16
2009-09-11,0.39,1.42,2.93,4.1,0.15
2009-09-12,0.39,1.42,2.93,4.1,0.15
2009-09-13,0.39,1.42,2.93,4.1,0.15
2009-09-14,0.4,1.46,3.01,4.16,0.16
2009-09-15,0.39,1.49,3.07,4.21,0.17
2009-09-16,0.38,1.55,3.11,4.22,0.17
2009-09-17,0.4,1.51,3.04,4.14,0.16
2009-09-18,0.41,1.57,3.12,4.2,0.16
2009-09-19,0.41,1.57,3.12,4.2,0.16
2009-09-20,0.41,1.57,3.12,4.2,0.16
2009-09-21,0.4,1.56,3.11,4.2,0.15
2009-09-22,0.42,1.54,3.09,4.18,0.15
2009-09-23,0.41,1.49,3.05,4.18,0.15
2009-09-24,0.39,1.45,3.03,4.14,0.14
2009-09-25,0.41,1.49,2.98,4.07,0.13
2009-09-26,0.41,1.49,2.98,4.07,0.13
2009-09-27,0.41,1.49,2.98,4.07,0.13
2009-09-28,0.4,1.47,2.95,4.02,0.13
2009-09-29,0.41,1.48,2.94,4.02,0.11
2009-09-30,0.4,1.45,2.93,4.02,0.07
2009-10-01,0.37,1.36,2.82,3.95,0.11
2009-10-02,0.37,1.38,2.83,3.98,0.13
2009-10-03,0.37,1.38,2.83,3.98,0.13
2009-10-04,0.37,1.38,2.83,3.98,0.13
2009-10-05,0.36,1.38,2.82,3.98,0.13
2009-10-06,0.37,1.43,2.85,4.03,0.12
2009-10-07,0.34,1.35,2.77,3.96,0.13
2009-10-08,0.35,1.4,2.83,4.05,0.12
2009-10-09,0.38,1.5,2.98,4.2,0.12
2009-10-10,0.38,1.5,2.98,4.2,0.12
2009-10-11,0.38,1.5,2.98,4.2,0.12
2009-10-12,0.38,1.5,2.98,4.2,0.12
2009-10-13,0.35,1.42,2.9,4.14,0.12
2009-10-14,0.35,1.47,3.01,4.26,0.12
2009-10-15,0.36,1.5,3.05,4.29,0.13
2009-10-16,0.36,1.49,2.99,4.22,0.12
2009-10-17,0.36,1.49,2.99,4.22,0.12
2009-10-18,0.36,1.49,2.99,4.22,0.12
2009-10-19,0.38,1.5,2.98,4.19,0.12
2009-10-20,0.39,1.44,2.93,4.14,0.12
2009-10-21,0.4,1.51,3.01,4.2,0.11
2009-10-22,0.38,1.5,3.03,4.22,0.11
2009-10-23,0.4,1.57,3.1,4.27,0.11
2009-10-24,0.4,1.57,3.1,4.27,0.11
2009-10-25,0.4,1.57,3.1,4.27,0.11
2009-10-26,0.41,1.61,3.17,4.35,0.11
2009-10-27,0.39,1.51,3.05,4.26,0.11
2009-10-28,0.39,1.47,3.01,4.22,0.11
2009-10-29,0.4,1.52,3.12,4.31,0.11
2009-10-30,0.37,1.43,2.98,4.19,0.11
2009-10-31,0.37,1.43,2.98,4.19,0.11
2009-11-01,0.37,1.43,2.98,4.19,0.11
2009-11-02,0.38,1.44,3.0,4.22,0.12
2009-11-03,0.38,1.46,3.05,4.29,0.12
2009-11-04,0.36,1.46,3.09,4.36,0.13
2009-11-05,0.36,1.44,3.06,4.36,0.13
2009-11-06,0.34,1.4,3.02,4.35,0.12
2009-11-07,0.34,1.4,3.02,4.35,0.12
2009-11-08,0.34,1.4,3.02,4.35,0.12
2009-11-09,0.34,1.4,3.01,4.34,0.12
2009-11-10,0.33,1.39,3.01,4.36,0.13
2009-11-11,0.33,1.39,3.01,4.36,0.13
2009-11-12,0.32,1.36,2.98,4.33,0.12
2009-11-13,0.32,1.34,2.97,4.29,0.12
2009-11-14,0.32,1.34,2.97,4.29,0.12
2009-11-15,0.32,1.34,2.97,4.29,0.12
2009-11-16,0.31,1.28,2.87,4.18,0.12
2009-11-17,0.32,1.28,2.87,4.17,0.12
2009-11-18,0.29,1.27,2.9,4.21,0.11
2009-11-19,0.27,1.24,2.88,4.19,0.11
2009-11-20,0.27,1.25,2.9,4.2,0.11
2009-11-21,0.27,1.25,2.9,4.2,0.11
2009-11-22,0.27,1.25,2.9,4.2,0.11
2009-11-23,0.29,1.28,2.9,4.2,0.12
2009-11-24,0.28,1.22,2.82,4.16,0.12
2009-11-25,0.26,1.23,2.78,4.12,0.11
2009-11-26,0.26,1.23,2.78,4.12,0.11
2009-11-27,0.26,1.15,2.71,4.07,0.12
2009-11-28,0.26,1.15,2.71,4.07,0.12
2009-11-29,0.26,1.15,2.71,4.07,0.12
2009-11-30,0.27,1.12,2.69,4.07,0.13
2009-12-01,0.26,1.14,2.74,4.14,0.13
2009-12-02,0.28,1.19,2.8,4.14,0.13
2009-12-03,0.3,1.23,2.87,4.23,0.13
2009-12-04,0.36,1.34,2.97,4.31,0.12
2009-12-05,0.36,1.34,2.97,4.31,0.12
2009-12-06,0.36,1.34,2.97,4.31,0.12
2009-12-07,0.32,1.26,2.92,4.29,0.12
2009-12-08,0.29,1.21,2.86,4.28,0.12
2009-12-09,0.31,1.23,2.89,4.31,0.12
2009-12-10,0.32,1.26,2.95,4.37,0.12
2009-12-11,0.35,1.3,3.02,4.39,0.12
2009-12-12,0.35,1.3,3.02,4.39,0.12
2009-12-13,0.35,1.3,3.02,4.39,0.12
2009-12-14,0.37,1.35,3.04,4.39,0.12
2009-12-15,0.41,1.38,3.08,4.42,0.13
2009-12-16,0.38,1.36,3.09,4.42,0.14
2009-12-17,0.35,1.27,2.97,4.31,0.13
2009-12-18,0.36,1.32,3.04,4.36,0.12
2009-12-19,0.36,1.32,3.04,4.36,0.12
2009-12-20,0.36,1.32,3.04,4.36,0.12
2009-12-21,0.4,1.42,3.18,4.47,0.12
2009-12-22,0.41,1.48,3.24,4.52,0.12
2009-12-23,0.41,1.51,3.26,4.54,0.11
2009-12-24,0.43,1.56,3.32,4.6,0.11
2009-12-25,0.43,1.56,3.32,4.6,0.11
2009-12-26,0.43,1.56,3.32,4.6,0.11
2009-12-27,0.43,1.56,3.32,4.6,0.11
2009-12-28,0.47,1.63,3.34,4.61,0.12
2009-12-29,0.47,1.64,3.33,4.57,0.12
2009-12-30,0.45,1.65,3.34,4.54,0.11
2009-12-31,0.47,1.7,3.39,4.58,0.05
2010-01-01,0.47,1.7,3.39,4.58,0.05
2010-01-02,0.47,1.7,3.39,4.58,0.05
2010-01-03,0.47,1.7,3.39,4.58,0.05
2010-01-04,0.45,1.66,3.36,4.6,0.12
2010-01-05,0.41,1.57,3.28,4.54,0.12
2010-01-06,0.4,1.6,3.33,4.63,0.12
2010-01-07,0.4,1.62,3.33,4.62,0.1
2010-01-08,0.37,1.56,3.31,4.61,0.11
2010-01-09,0.37,1.56,3.31,4.61,0.11
2010-01-10,0.37,1.56,3.31,4.61,0.11
2010-01-11,0.35,1.55,3.32,4.64,0.11
2010-01-12,0.34,1.5,3.22,4.52,0.11
2010-01-13,0.37,1.54,3.28,4.6,0.11
2010-01-14,0.34,1.49,3.23,4.52,0.11
2010-01-15,0.33,1.44,3.17,4.48,0.12
2010-01-16,0.33,1.44,3.17,4.48,0.12
2010-01-17,0.33,1.44,3.17,4.48,0.12
2010-01-18,0.33,1.44,3.17,4.48,0.12
2010-01-19,0.33,1.48,3.2,4.49,0.13
2010-01-20,0.31,1.46,3.16,4.43,0.13
2010-01-21,0.31,1.41,3.09,4.38,0.12
2010-01-22,0.3,1.39,3.09,4.38,0.11
2010-01-23,0.3,1.39,3.09,4.38,0.11
2010-01-24,0.3,1.39,3.09,4.38,0.11
2010-01-25,0.3,1.4,3.12,4.42,0.12
2010-01-26,0.32,1.4,3.11,4.43,0.12
2010-01-27,0.33,1.46,3.14,4.42,0.12
2010-01-28,0.31,1.44,3.15,4.44,0.12
2010-01-29,0.3,1.38,3.08,4.38,0.12
2010-01-30,0.3,1.38,3.08,4.38,0.12
2010-01-31,0.3,1.38,3.08,4.38,0.12
2010-02-01,0.33,1.41,3.12,4.43,0.14
2010-02-02,0.33,1.41,3.11,4.42,0.14
2010-02-03,0.35,1.44,3.16,4.49,0.13
2010-02-04,0.32,1.34,3.06,4.39,0.14
2010-02-05,0.31,1.28,3.0,4.36,0.13
2010-02-06,0.31,1.28,3.0,4.36,0.13
2010-02-07,0.31,1.28,3.0,4.36,0.13
2010-02-08,0.32,1.3,3.03,4.38,0.13
2010-02-09,0.34,1.37,3.08,4.44,0.13
2010-02-10,0.38,1.44,3.14,4.51,0.12
2010-02-11,0.38,1.43,3.15,4.54,0.12
2010-02-12,0.35,1.38,3.11,4.52,0.12
2010-02-13,0.35,1.38,3.11,4.52,0.12
2010-02-14,0.35,1.38,3.11,4.52,0.12
2010-02-15,0.35,1.38,3.11,4.52,0.12
2010-02-16,0.34,1.36,3.08,4.49,0.13
2010-02-17,0.35,1.42,3.16,4.56,0.12
2010-02-18,0.37,1.47,3.23,4.61,0.12
2010-02-19,0.39,1.51,3.24,4.58,0.13
2010-02-20,0.39,1.51,3.24,4.58,0.13
2010-02-21,0.39,1.51,3.24,4.58,0.13
2010-02-22,0.37,1.48,3.25,4.6,0.12
2010-02-23,0.36,1.42,3.13,4.49,0.12
2010-02-24,0.34,1.42,3.14,4.49,0.11
2010-02-25,0.32,1.38,3.09,4.44,0.12
2010-02-26,0.32,1.36,3.05,4.4,0.13
2010-02-27,0.32,1.36,3.05,4.4,0.13
2010-02-28,0.32,1.36,3.05,4.4,0.13
2010-03-01,0.32,1.34,3.04,4.41,0.14
2010-03-02,0.32,1.33,3.04,4.42,0.14
2010-03-03,0.33,1.34,3.04,4.43,0.15
2010-03-04,0.35,1.38,3.03,4.4,0.16
2010-03-05,0.38,1.43,3.1,4.49,0.17
2010-03-06,0.38,1.43,3.1,4.49,0.17
2010-03-07,0.38,1.43,3.1,4.49,0.17
2010-03-08,0.39,1.43,3.13,4.52,0.15
2010-03-09,0.37,1.43,3.11,4.53,0.14
2010-03-10,0.39,1.45,3.14,4.53,0.14
2010-03-11,0.4,1.5,3.16,4.51,0.15
2010-03-12,0.41,1.5,3.15,4.47,0.17
2010-03-13,0.41,1.5,3.15,4.47,0.17
2010-03-14,0.41,1.5,3.15,4.47,0.17
2010-03-15,0.4,1.49,3.15,4.48,0.2
2010-03-16,0.41,1.47,3.1,4.43,0.2
2010-03-17,0.41,1.47,3.1,4.41,0.18
2010-03-18,0.41,1.52,3.14,4.43,0.18
2010-03-19,0.42,1.56,3.16,4.41,0.18
2010-03-20,0.42,1.56,3.16,4.41,0.18
2010-03-21,0.42,1.56,3.16,4.41,0.18
2010-03-22,0.41,1.54,3.12,4.41,0.18
2010-03-23,0.4,1.55,3.13,4.43,0.17
2010-03-24,0.44,1.67,3.28,4.56,0.17
2010-03-25,0.44,1.69,3.37,4.63,0.17
2010-03-26,0.43,1.64,3.31,4.6,0.17
2010-03-27,0.43,1.64,3.31,4.6,0.17
2010-03-28,0.43,1.64,3.31,4.6,0.17
2010-03-29,0.42,1.65,3.32,4.61,0.16
2010-03-30,0.44,1.65,3.32,4.59,0.16
2010-03-31,0.41,1.6,3.28,4.55,0.09
2010-04-01,0.42,1.63,3.32,4.58,0.17
2010-04-02,0.46,1.7,3.4,4.65,0.2
2010-04-03,0.46,1.7,3.4,4.65,0.2
2010-04-04,0.46,1.7,3.4,4.65,0.2
2010-04-05,0.48,1.77,3.46,4.69,0.2
2010-04-06,0.49,1.74,3.42,4.68,0.2
2010-04-07,0.47,1.66,3.33,4.58,0.19
2010-04-08,0.46,1.68,3.36,4.6,0.19
2010-04-09,0.46,1.68,3.34,4.58,0.19
2010-04-10,0.46,1.68,3.34,4.58,0.19
2010-04-11,0.46,1.68,3.34,4.58,0.19
2010-04-12,0.46,1.65,3.29,4.54,0.19
2010-04-13,0.45,1.65,3.27,4.52,0.2
2010-04-14,0.45,1.65,3.31,4.57,0.2
2010-04-15,0.43,1.62,3.28,4.56,0.22
2010-04-16,0.41,1.56,3.2,4.5,0.21
2010-04-17,0.41,1.56,3.2,4.5,0.21
2010-04-18,0.41,1.56,3.2,4.5,0.21
2010-04-19,0.43,1.59,3.25,4.54,0.2
2010-04-20,0.42,1.62,3.25,4.51,0.2
2010-04-21,0.44,1.6,3.2,4.45,0.2
2010-04-22,0.45,1.64,3.26,4.48,0.2
2010-04-23,0.46,1.68,3.3,4.51,0.2
2010-04-24,0.46,1.68,3.3,4.51,0.2
2010-04-25,0.46,1.68,3.3,4.51,0.2
2010-04-26,0.47,1.67,3.28,4.5,0.2
2010-04-27,0.42,1.55,3.14,4.4,0.2
2010-04-28,0.43,1.61,3.23,4.47,0.2
2010-04-29,0.42,1.58,3.19,4.42,0.19
2010-04-30,0.41,1.51,3.12,4.36,0.2
2010-05-01,0.41,1.51,3.12,4.36,0.2
2010-05-02,0.41,1.51,3.12,4.36,0.2
2010-05-03,0.43,1.56,3.16,4.37,0.2
2010-05-04,0.43,1.49,3.07,4.27,0.21
2010-05-05,0.39,1.43,3.0,4.23,0.21
2010-05-06,0.34,1.27,2.83,4.03,0.2
2010-05-07,0.38,1.32,2.87,4.11,0.2
2010-05-08,0.38,1.32,2.87,4.11,0.2
2010-05-09,0.38,1.32,2.87,4.11,0.2
2010-05-10,0.39,1.4,2.98,4.23,0.2
2010-05-11,0.38,1.37,2.97,4.24,0.2
2010-05-12,0.4,1.4,3.01,4.29,0.2
2010-05-13,0.4,1.37,2.98,4.26,0.2
2010-05-14,0.34,1.28,2.87,4.13,0.2
2010-05-15,0.34,1.28,2.87,4.13,0.2
2010-05-16,0.34,1.28,2.87,4.13,0.2
2010-05-17,0.36,1.3,2.9,4.17,0.21
2010-05-18,0.35,1.23,2.82,4.08,0.21
2010-05-19,0.35,1.26,2.82,4.07,0.2
2010-05-20,0.34,1.2,2.71,3.96,0.2
2010-05-21,0.35,1.19,2.67,3.91,0.2
2010-05-22,0.35,1.19,2.67,3.91,0.2
2010-05-23,0.35,1.19,2.67,3.91,0.2
2010-05-24,0.35,1.21,2.69,3.96,0.21
2010-05-25,0.36,1.21,2.63,3.91,0.21
2010-05-26,0.37,1.28,2.68,3.94,0.2
2010-05-27,0.37,1.35,2.81,4.08,0.2
2010-05-28,0.34,1.26,2.75,4.05,0.19
2010-05-29,0.34,1.26,2.75,4.05,0.19
2010-05-30,0.34,1.26,2.75,4.05,0.19
2010-05-31,0.34,1.26,2.75,4.05,0.19
2010-06-01,0.35,1.26,2.74,4.03,0.2
2010-06-02,0.38,1.3,2.81,4.08,0.2
2010-06-03,0.38,1.31,2.84,4.12,0.19
2010-06-04,0.34,1.17,2.65,3.95,0.19
2010-06-05,0.34,1.17,2.65,3.95,0.19
2010-06-06,0.34,1.17,2.65,3.95,0.19
2010-06-07,0.35,1.17,2.62,3.93,0.19
2010-06-08,0.34,1.21,2.63,3.92,0.19
2010-06-09,0.33,1.19,2.64,3.94,0.18
2010-06-10,0.34,1.27,2.78,4.06,0.18
2010-06-11,0.3,1.21,2.68,3.97,0.18
2010-06-12,0.3,1.21,2.68,3.97,0.18
2010-06-13,0.3,1.21,2.68,3.97,0.18
2010-06-14,0.31,1.23,2.73,4.02,0.18
2010-06-15,0.31,1.26,2.77,4.06,0.19
2010-06-16,0.3,1.22,2.73,4.0,0.19
2010-06-17,0.28,1.18,2.67,3.95,0.19
2010-06-18,0.3,1.2,2.7,3.97,0.18
2010-06-19,0.3,1.2,2.7,3.97,0.18
2010-06-20,0.3,1.2,2.7,3.97,0.18
2010-06-21,0.29,1.21,2.72,3.99,0.17
2010-06-22,0.29,1.15,2.64,3.92,0.18
2010-06-23,0.3,1.11,2.58,3.87,0.17
2010-06-24,0.29,1.1,2.59,3.91,0.16
2010-06-25,0.29,1.07,2.57,3.89,0.16
2010-06-26,0.29,1.07,2.57,3.89,0.16
2010-06-27,0.29,1.07,2.57,3.89,0.16
2010-06-28,0.3,1.03,2.49,3.82,0.17
2010-06-29,0.31,0.99,2.43,3.76,0.15
2010-06-30,0.32,1.0,2.42,3.74,0.09
2010-07-01,0.32,1.01,2.43,3.71,0.17
2010-07-02,0.31,1.04,2.46,3.77,0.18
2010-07-03,0.31,1.04,2.46,3.77,0.18
2010-07-04,0.31,1.04,2.46,3.77,0.18
2010-07-05,0.31,1.04,2.46,3.77,0.18
2010-07-06,0.32,1.0,2.4,3.71,0.18
2010-07-07,0.31,1.01,2.45,3.78,0.18
2010-07-08,0.3,1.01,2.48,3.81,0.17
2010-07-09,0.3,1.03,2.52,3.85,0.18
2010-07-10,0.3,1.03,2.52,3.85,0.18
2010-07-11,0.3,1.03,2.52,3.85,0.18
2010-07-12,0.3,1.06,2.51,3.86,0.17
2010-07-13,0.3,1.09,2.57,3.92,0.17
2010-07-14,0.27,1.02,2.49,3.84,0.17
2010-07-15,0.27,0.98,2.43,3.77,0.19
2010-07-16,0.28,0.94,2.37,3.74,0.19
2010-07-17,0.28,0.94,2.37,3.74,0.19
2010-07-18,0.28,0.94,2.37,3.74,0.19
2010-07-19,0.28,0.95,2.4,3.78,0.19
2010-07-20,0.27,0.94,2.39,3.78,0.18
2010-07-21,0.27,0.91,2.32,3.68,0.18
2010-07-22,0.27,0.92,2.38,3.75,0.18
2010-07-23,0.27,0.94,2.43,3.81,0.19
2010-07-24,0.27,0.94,2.43,3.81,0.19
2010-07-25,0.27,0.94,2.43,3.81,0.19
2010-07-26,0.29,0.97,2.45,3.82,0.19
2010-07-27,0.3,1.02,2.51,3.88,0.19
2010-07-28,0.3,0.95,2.43,3.86,0.2
2010-07-29,0.3,0.92,2.4,3.86,0.19
2010-07-30,0.29,0.84,2.3,3.74,0.18
2010-07-31,0.29,0.84,2.3,3.74,0.18
2010-08-01,0.29,0.84,2.3,3.74,0.18
2010-08-02,0.28,0.85,2.35,3.82,0.19
2010-08-03,0.27,0.8,2.27,3.78,0.19
2010-08-04,0.28,0.86,2.33,3.81,0.19
2010-08-05,0.27,0.81,2.28,3.78,0.19
2010-08-06,0.25,0.78,2.21,3.71,0.18
2010-08-07,0.25,0.78,2.21,3.71,0.18
2010-08-08,0.25,0.78,2.21,3.71,0.18
2010-08-09,0.26,0.81,2.21,3.73,0.18
2010-08-10,0.25,0.78,2.14,3.7,0.18
2010-08-11,0.25,0.78,2.08,3.62,0.17
2010-08-12,0.25,0.81,2.11,3.63,0.18
2010-08-13,0.26,0.81,2.07,3.56,0.19
2010-08-14,0.26,0.81,2.07,3.56,0.19
2010-08-15,0.26,0.81,2.07,3.56,0.19
2010-08-16,0.25,0.76,2.0,3.42,0.2
2010-08-17,0.26,0.78,2.06,3.47,0.2
2010-08-18,0.25,0.77,2.06,3.44,0.19
2010-08-19,0.25,0.74,2.02,3.37,0.19
2010-08-20,0.26,0.78,2.07,3.38,0.2
2010-08-21,0.26,0.78,2.07,3.38,0.2
2010-08-22,0.26,0.78,2.07,3.38,0.2
2010-08-23,0.25,0.76,2.04,3.37,0.19
2010-08-24,0.27,0.72,1.95,3.28,0.19
2010-08-25,0.26,0.77,2.0,3.31,0.19
2010-08-26,0.25,0.77,1.97,3.25,0.19
2010-08-27,0.27,0.83,2.09,3.41,0.19
2010-08-28,0.27,0.83,2.09,3.41,0.19
2010-08-29,0.27,0.83,2.09,3.41,0.19
2010-08-30,0.26,0.75,1.98,3.3,0.19
2010-08-31,0.25,0.72,1.92,3.23,0.21
2010-09-01,0.25,0.75,2.02,3.35,0.19
2010-09-02,0.25,0.76,2.06,3.41,0.19
2010-09-03,0.25,0.81,2.14,3.49,0.19
2010-09-04,0.25,0.81,2.14,3.49,0.19
2010-09-05,0.25,0.81,2.14,3.49,0.19
2010-09-06,0.25,0.81,2.14,3.49,0.19
2010-09-07,0.25,0.77,2.04,3.37,0.2
2010-09-08,0.24,0.8,2.09,3.42,0.19
2010-09-09,0.26,0.87,2.2,3.54,0.18
2010-09-10,0.27,0.88,2.24,3.58,0.18
2010-09-11,0.27,0.88,2.24,3.58,0.18
2010-09-12,0.27,0.88,2.24,3.58,0.18
2010-09-13,0.26,0.82,2.15,3.52,0.18
2010-09-14,0.26,0.77,2.09,3.48,0.19
2010-09-15,0.26,0.77,2.13,3.55,0.21
2010-09-16,0.25,0.77,2.17,3.61,0.21
2010-09-17,0.26,0.75,2.14,3.6,0.21
2010-09-18,0.26,0.75,2.14,3.6,0.21
2010-09-19,0.26,0.75,2.14,3.6,0.21
2010-09-20,0.26,0.73,2.1,3.57,0.21
2010-09-21,0.26,0.68,1.99,3.49,0.2
2010-09-22,0.25,0.68,1.96,3.43,0.21
2010-09-23,0.25,0.67,1.96,3.43,0.2
2010-09-24,0.25,0.69,2.01,3.5,0.21
2010-09-25,0.25,0.69,2.01,3.5,0.21
2010-09-26,0.25,0.69,2.01,3.5,0.21
2010-09-27,0.26,0.66,1.92,3.4,0.19
2010-09-28,0.26,0.64,1.85,3.35,0.19
2010-09-29,0.27,0.67,1.91,3.38,0.19
2010-09-30,0.27,0.64,1.91,3.38,0.15
2010-10-01,0.26,0.63,1.9,3.4,0.2
2010-10-02,0.26,0.63,1.9,3.4,0.2
2010-10-03,0.26,0.63,1.9,3.4,0.2
2010-10-04,0.26,0.62,1.86,3.39,0.2
2010-10-05,0.25,0.6,1.83,3.41,0.2
2010-10-06,0.24,0.57,1.77,3.34,0.19
2010-10-07,0.23,0.54,1.76,3.38,0.18
2010-10-08,0.21,0.54,1.75,3.39,0.18
2010-10-09,0.21,0.54,1.75,3.39,0.18
2010-10-10,0.21,0.54,1.75,3.39,0.18
2010-10-11,0.21,0.54,1.75,3.39,0.18
2010-10-12,0.21,0.59,1.77,3.44,0.18
2010-10-13,0.22,0.57,1.77,3.48,0.18
2010-10-14,0.22,0.6,1.83,3.54,0.19
2010-10-15,0.22,0.59,1.88,3.62,0.2
2010-10-16,0.22,0.59,1.88,3.62,0.2
2010-10-17,0.22,0.59,1.88,3.62,0.2
2010-10-18,0.23,0.55,1.81,3.57,0.19
2010-10-19,0.22,0.54,1.79,3.53,0.19
2010-10-20,0.22,0.52,1.79,3.53,0.19
2010-10-21,0.22,0.52,1.85,3.59,0.19
2010-10-22,0.21,0.54,1.88,3.59,0.19
2010-10-23,0.21,0.54,1.88,3.59,0.19
2010-10-24,0.21,0.54,1.88,3.59,0.19
2010-10-25,0.23,0.55,1.89,3.56,0.19
2010-10-26,0.23,0.59,1.98,3.66,0.19
2010-10-27,0.23,0.64,2.06,3.72,0.19
2010-10-28,0.23,0.56,1.97,3.7,0.19
2010-10-29,0.22,0.51,1.89,3.64,0.2
2010-10-30,0.22,0.51,1.89,3.64,0.2
2010-10-31,0.22,0.51,1.89,3.64,0.2
2010-11-01,0.22,0.5,1.9,3.66,0.2
2010-11-02,0.22,0.51,1.87,3.58,0.2
2010-11-03,0.22,0.49,1.85,3.71,0.2
2010-11-04,0.21,0.45,1.73,3.62,0.19
2010-11-05,0.22,0.51,1.77,3.69,0.18
2010-11-06,0.22,0.51,1.77,3.69,0.18
2010-11-07,0.22,0.51,1.77,3.69,0.18
2010-11-08,0.22,0.59,1.78,3.7,0.18
2010-11-09,0.24,0.66,1.91,3.83,0.17
2010-11-10,0.24,0.63,1.84,3.83,0.17
2010-11-11,0.24,0.63,1.84,3.83,0.17
2010-11-12,0.27,0.73,1.98,3.88,0.19
2010-11-13,0.27,0.73,1.98,3.88,0.19
2010-11-14,0.27,0.73,1.98,3.88,0.19
2010-11-15,0.29,0.81,2.16,4.01,0.21
2010-11-16,0.27,0.79,2.13,3.9,0.21
2010-11-17,0.26,0.77,2.16,3.95,0.2
2010-11-18,0.26,0.77,2.2,3.95,0.2
2010-11-19,0.27,0.78,2.2,3.91,0.21
2010-11-20,0.27,0.78,2.2,3.91,0.21
2010-11-21,0.27,0.78,2.2,3.91,0.21
2010-11-22,0.26,0.72,2.11,3.85,0.19
2010-11-23,0.26,0.69,2.08,3.82,0.2
2010-11-24,0.28,0.81,2.24,3.96,0.2
2010-11-25,0.28,0.81,2.24,3.96,0.2
2010-11-26,0.28,0.78,2.21,3.88,0.2
2010-11-27,0.28,0.78,2.21,3.88,0.2
2010-11-28,0.28,0.78,2.21,3.88,0.2
2010-11-29,0.28,0.77,2.19,3.83,0.2
2010-11-30,0.27,0.72,2.16,3.8,0.2
2010-12-01,0.28,0.84,2.33,3.95,0.2
2010-12-02,0.29,0.86,2.37,3.97,0.19
2010-12-03,0.26,0.8,2.36,4.01,0.18
2010-12-04,0.26,0.8,2.36,4.01,0.18
2010-12-05,0.26,0.8,2.36,4.01,0.18
2010-12-06,0.26,0.73,2.26,3.94,0.18
2010-12-07,0.28,0.87,2.51,4.11,0.17
2010-12-08,0.3,0.97,2.62,4.18,0.17
2010-12-09,0.3,0.99,2.62,4.15,0.16
2010-12-10,0.29,1.03,2.7,4.19,0.16
2010-12-11,0.29,1.03,2.7,4.19,0.16
2010-12-12,0.29,1.03,2.7,4.19,0.16
2010-12-13,0.29,0.98,2.64,4.15,0.17
2010-12-14,0.3,1.06,2.84,4.32,0.19
2010-12-15,0.3,1.08,2.88,4.37,0.2
2010-12-16,0.31,1.05,2.81,4.32,0.2
2010-12-17,0.3,0.99,2.69,4.19,0.2
2010-12-18,0.3,0.99,2.69,4.19,0.2
2010-12-19,0.3,0.99,2.69,4.19,0.2
2010-12-20,0.3,1.01,2.72,4.21,0.21
2010-12-21,0.3,1.02,2.71,4.21,0.2
2010-12-22,0.3,1.05,2.74,4.23,0.19
2010-12-23,0.3,1.1,2.8,4.26,0.19
2010-12-24,0.3,1.1,2.8,4.26,0.19
2010-12-25,0.3,1.1,2.8,4.26,0.19
2010-12-26,0.3,1.1,2.8,4.26,0.19
2010-12-27,0.32,1.11,2.76,4.2,0.19
2010-12-28,0.31,1.17,2.89,4.33,0.18
2010-12-29,0.3,1.05,2.75,4.19,0.18
2010-12-30,0.29,1.07,2.76,4.21,0.19
2010-12-31,0.29,1.02,2.71,4.13,0.13
2011-01-01,0.29,1.02,2.71,4.13,0.13
2011-01-02,0.29,1.02,2.71,4.13,0.13
2011-01-03,0.29,1.03,2.74,4.18,0.19
2011-01-04,0.28,1.04,2.72,4.21,0.18
2011-01-05,0.31,1.16,2.86,4.34,0.18
2011-01-06,0.3,1.11,2.8,4.31,0.17
2011-01-07,0.29,1.02,2.69,4.25,0.17
2011-01-08,0.29,1.02,2.69,4.25,0.17
2011-01-09,0.29,1.02,2.69,4.25,0.17
2011-01-10,0.29,0.99,2.65,4.23,0.17
2011-01-11,0.28,1.03,2.7,4.26,0.17
2011-01-12,0.26,1.03,2.71,4.28,0.16
2011-01-13,0.26,1.0,2.65,4.24,0.16
2011-01-14,0.27,1.0,2.66,4.27,0.16
2011-01-15,0.27,1.0,2.66,4.27,0.16
2011-01-16,0.27,1.0,2.66,4.27,0.16
2011-01-17,0.27,1.0,2.66,4.27,0.16
2011-01-18,0.26,1.0,2.7,4.31,0.19
2011-01-19,0.27,0.98,2.69,4.27,0.18
2011-01-20,0.27,1.07,2.81,4.36,0.18
2011-01-21,0.27,1.05,2.77,4.33,0.17
2011-01-22,0.27,1.05,2.77,4.33,0.17
2011-01-23,0.27,1.05,2.77,4.33,0.17
2011-01-24,0.28,1.05,2.76,4.31,0.18
2011-01-25,0.27,1.0,2.68,4.23,0.17
2011-01-26,0.27,1.05,2.76,4.34,0.17
2011-01-27,0.25,1.0,2.75,4.31,0.17
2011-01-28,0.24,0.96,2.66,4.26,0.17
2011-01-29,0.24,0.96,2.66,4.26,0.17
2011-01-30,0.24,0.96,2.66,4.26,0.17
2011-01-31,0.26,0.98,2.71,4.33,0.17
2011-02-01,0.27,1.04,2.79,4.37,0.18
2011-02-02,0.28,1.12,2.84,4.39,0.18
2011-02-03,0.29,1.19,2.92,4.43,0.17
2011-02-04,0.31,1.25,3.01,4.51,0.17
2011-02-05,0.31,1.25,3.01,4.51,0.17
2011-02-06,0.31,1.25,3.01,4.51,0.17
2011-02-07,0.31,1.28,3.03,4.5,0.17
2011-02-08,0.31,1.4,3.12,4.56,0.16
2011-02-09,0.3,1.34,3.05,4.49,0.15
2011-02-10,0.3,1.4,3.1,4.55,0.15
2011-02-11,0.3,1.4,3.05,4.49,0.15
2011-02-12,0.3,1.4,3.05,4.49,0.15
2011-02-13,0.3,1.4,3.05,4.49,0.15
2011-02-14,0.3,1.41,3.04,4.46,0.15
2011-02-15,0.3,1.39,3.03,4.45,0.16
2011-02-16,0.29,1.4,3.04,4.46,0.15
2011-02-17,0.27,1.33,2.99,4.44,0.15
2011-02-18,0.28,1.32,2.99,4.46,0.15
2011-02-19,0.28,1.32,2.99,4.46,0.15
2011-02-20,0.28,1.32,2.99,4.46,0.15
2011-02-21,0.28,1.32,2.99,4.46,0.15
2011-02-22,0.28,1.22,2.85,4.35,0.15
2011-02-23,0.27,1.25,2.89,4.34,0.15
2011-02-24,0.26,1.24,2.87,4.29,0.15
2011-02-25,0.27,1.22,2.84,4.26,0.15
2011-02-26,0.27,1.22,2.84,4.26,0.15
2011-02-27,0.27,1.22,2.84,4.26,0.15
2011-02-28,0.25,1.18,2.82,4.25,0.16
2011-03-01,0.25,1.15,2.81,4.24,0.15
2011-03-02,0.26,1.18,2.86,4.3,0.16
2011-03-03,0.29,1.32,3.0,4.4,0.15
2011-03-04,0.26,1.2,2.88,4.34,0.15
2011-03-05,0.26,1.2,2.88,4.34,0.15
2011-03-06,0.26,1.2,2.88,4.34,0.15
2011-03-07,0.25,1.22,2.9,4.36,0.14
2011-03-08,0.26,1.27,2.93,4.41,0.14
2011-03-09,0.26,1.21,2.86,4.35,0.14
2011-03-10,0.25,1.13,2.74,4.25,0.14
2011-03-11,0.24,1.12,2.76,4.29,0.13
2011-03-12,0.24,1.12,2.76,4.29,0.13
2011-03-13,0.24,1.12,2.76,4.29,0.13
2011-03-14,0.22,1.07,2.7,4.25,0.14
2011-03-15,0.23,1.08,2.68,4.21,0.14
2011-03-16,0.21,0.98,2.56,4.11,0.14
2011-03-17,0.24,1.02,2.59,4.15,0.14
2011-03-18,0.23,1.05,2.64,4.17,0.15
2011-03-19,0.23,1.05,2.64,4.17,0.15
2011-03-20,0.23,1.05,2.64,4.17,0.15
2011-03-21,0.25,1.12,2.72,4.2,0.14
2011-03-22,0.25,1.14,2.73,4.19,0.14
2011-03-23,0.24,1.13,2.75,4.2,0.14
2011-03-24,0.26,1.19,2.82,4.25,0.13
2011-03-25,0.3,1.26,2.87,4.28,0.13
2011-03-26,0.3,1.26,2.87,4.28,0.13
2011-03-27,0.3,1.26,2.87,4.28,0.13
2011-03-28,0.3,1.29,2.89,4.28,0.13
2011-03-29,0.31,1.31,2.92,4.31,0.13
2011-03-30,0.3,1.28,2.87,4.29,0.13
2011-03-31,0.3,1.29,2.9,4.29,0.1
2011-04-01,0.27,1.31,2.9,4.27,0.11
2011-04-02,0.27,1.31,2.9,4.27,0.11
2011-04-03,0.27,1.31,2.9,4.27,0.11
2011-04-04,0.24,1.24,2.86,4.27,0.09
2011-04-05,0.3,1.33,2.93,4.3,0.09
2011-04-06,0.29,1.36,2.98,4.37,0.1
2011-04-07,0.27,1.31,2.97,4.41,0.1
2011-04-08,0.27,1.34,2.99,4.41,0.09
2011-04-09,0.27,1.34,2.99,4.41,0.09
2011-04-10,0.27,1.34,2.99,4.41,0.09
2011-04-11,0.26,1.35,2.98,4.42,0.09
2011-04-12,0.24,1.28,2.89,4.35,0.08
2011-04-13,0.23,1.26,2.86,4.33,0.08
2011-04-14,0.25,1.27,2.88,4.32,0.09
2011-04-15,0.24,1.2,2.81,4.25,0.12
2011-04-16,0.24,1.2,2.81,4.25,0.12
2011-04-17,0.24,1.2,2.81,4.25,0.12
2011-04-18,0.24,1.14,2.77,4.22,0.1
2011-04-19,0.24,1.13,2.76,4.2,0.11
2011-04-20,0.24,1.17,2.81,4.24,0.1
2011-04-21,0.23,1.16,2.79,4.24,0.1
2011-04-22,0.23,1.16,2.79,4.24,0.1
2011-04-23,0.23,1.16,2.79,4.24,0.1
2011-04-24,0.23,1.16,2.79,4.24,0.1
2011-04-25,0.23,1.13,2.76,4.22,0.1
2011-04-26,0.22,1.09,2.71,4.16,0.09
2011-04-27,0.22,1.09,2.74,4.21,0.09
2011-04-28,0.23,1.03,2.69,4.18,0.09
2011-04-29,0.22,1.01,2.66,4.15,0.09
2011-04-30,0.22,1.01,2.66,4.15,0.09
2011-05-01,0.22,1.01,2.66,4.15,0.09
2011-05-02,0.22,1.01,2.66,4.14,0.09
2011-05-03,0.2,1.01,2.64,4.11,0.09
2011-05-04,0.19,1.0,2.61,4.08,0.09
2011-05-05,0.2,0.97,2.54,4.0,0.09
2011-05-06,0.18,0.96,2.54,4.03,0.09
2011-05-07,0.18,0.96,2.54,4.03,0.09
2011-05-08,0.18,0.96,2.54,4.03,0.09
2011-05-09,0.17,0.94,2.51,4.03,0.09
2011-05-10,0.19,1.03,2.57,4.07,0.09
2011-05-11,0.18,0.96,2.53,4.04,0.09
2011-05-12,0.18,0.98,2.56,4.07,0.09
2011-05-13,0.19,0.96,2.53,4.03,0.09
2011-05-14,0.19,0.96,2.53,4.03,0.09
2011-05-15,0.19,0.96,2.53,4.03,0.09
2011-05-16,0.18,0.93,2.5,3.99,0.1
2011-05-17,0.19,0.91,2.47,3.94,0.09
2011-05-18,0.19,0.97,2.53,4.0,0.1
2011-05-19,0.19,0.94,2.53,4.01,0.09
2011-05-20,0.18,0.92,2.5,4.0,0.1
2011-05-21,0.18,0.92,2.5,4.0,0.1
2011-05-22,0.18,0.92,2.5,4.0,0.1
2011-05-23,0.2,0.91,2.47,3.97,0.1
2011-05-24,0.2,0.91,2.47,3.96,0.1
2011-05-25,0.18,0.9,2.47,3.99,0.09
2011-05-26,0.18,0.83,2.4,3.93,0.09
2011-05-27,0.18,0.81,2.39,3.94,0.1
2011-05-28,0.18,0.81,2.39,3.94,0.1
2011-05-29,0.18,0.81,2.39,3.94,0.1
2011-05-30,0.18,0.81,2.39,3.94,0.1
2011-05-31,0.18,0.79,2.37,3.91,0.1
2011-06-01,0.18,0.74,2.28,3.83,0.1
2011-06-02,0.19,0.78,2.34,3.92,0.1
2011-06-03,0.18,0.75,2.28,3.9,0.11
2011-06-04,0.18,0.75,2.28,3.9,0.11
2011-06-05,0.18,0.75,2.28,3.9,0.11
2011-06-06,0.18,0.74,2.29,3.92,0.1
2011-06-07,0.18,0.74,2.29,3.94,0.09
2011-06-08,0.18,0.68,2.24,3.88,0.09
2011-06-09,0.19,0.73,2.3,3.91,0.09
2011-06-10,0.19,0.71,2.28,3.87,0.09
2011-06-11,0.19,0.71,2.28,3.87,0.09
2011-06-12,0.19,0.71,2.28,3.87,0.09
2011-06-13,0.18,0.72,2.3,3.89,0.1
2011-06-14,0.19,0.79,2.41,4.0,0.1
2011-06-15,0.19,0.68,2.26,3.89,0.1
2011-06-16,0.18,0.68,2.22,3.84,0.1
2011-06-17,0.17,0.68,2.23,3.86,0.1
2011-06-18,0.17,0.68,2.23,3.86,0.1
2011-06-19,0.17,0.68,2.23,3.86,0.1
2011-06-20,0.18,0.68,2.25,3.87,0.09
2011-06-21,0.18,0.69,2.27,3.9,0.09
2011-06-22,0.16,0.68,2.29,3.91,0.09
2011-06-23,0.15,0.62,2.19,3.84,0.08
2011-06-24,0.16,0.57,2.13,3.83,0.08
2011-06-25,0.16,0.57,2.13,3.83,0.08
2011-06-26,0.16,0.57,2.13,3.83,0.08
2011-06-27,0.18,0.64,2.19,3.94,0.08
2011-06-28,0.21,0.75,2.33,4.01,0.08
2011-06-29,0.19,0.79,2.44,4.08,0.07
2011-06-30,0.19,0.81,2.5,4.09,0.07
2011-07-01,0.2,0.85,2.54,4.12,0.08
2011-07-02,0.2,0.85,2.54,4.12,0.08
2011-07-03,0.2,0.85,2.54,4.12,0.08
2011-07-04,0.2,0.85,2.54,4.12,0.08
2011-07-05,0.19,0.77,2.46,4.09,0.08
2011-07-06,0.19,0.75,2.41,4.05,0.07
2011-07-07,0.2,0.83,2.48,4.08,0.07
2011-07-08,0.17,0.7,2.32,3.97,0.07
2011-07-09,0.17,0.7,2.32,3.97,0.07
2011-07-10,0.17,0.7,2.32,3.97,0.07
2011-07-11,0.17,0.64,2.22,3.88,0.07
2011-07-12,0.18,0.63,2.2,3.86,0.06
2011-07-13,0.16,0.62,2.18,3.85,0.06
2011-07-14,0.15,0.66,2.24,3.92,0.06
2011-07-15,0.15,0.62,2.19,3.92,0.06
2011-07-16,0.15,0.62,2.19,3.92,0.06
2011-07-17,0.15,0.62,2.19,3.92,0.06
2011-07-18,0.15,0.62,2.18,3.95,0.06
2011-07-19,0.17,0.63,2.17,3.86,0.06
2011-07-20,0.19,0.64,2.22,3.92,0.06
2011-07-21,0.2,0.69,2.3,3.98,0.06
2011-07-22,0.2,0.66,2.26,3.93,0.06
2011-07-23,0.2,0.66,2.26,3.93,0.06
2011-07-24,0.2,0.66,2.26,3.93,0.06
2011-07-25,0.2,0.69,2.29,3.98,0.06
2011-07-26,0.21,0.66,2.25,3.94,0.06
2011-07-27,0.21,0.71,2.28,3.95,0.07
2011-07-28,0.21,0.68,2.26,3.93,0.08
2011-07-29,0.2,0.55,2.09,3.77,0.11
2011-07-30,0.2,0.55,2.09,3.77,0.11
2011-07-31,0.2,0.55,2.09,3.77,0.11
2011-08-01,0.22,0.55,2.05,3.72,0.17
2011-08-02,0.17,0.5,1.94,3.59,0.16
2011-08-03,0.16,0.52,1.94,3.55,0.12
2011-08-04,0.12,0.44,1.78,3.37,0.09
2011-08-05,0.11,0.49,1.91,3.49,0.08
2011-08-06,0.11,0.49,1.91,3.49,0.08
2011-08-07,0.11,0.49,1.91,3.49,0.08
2011-08-08,0.12,0.45,1.75,3.31,0.11
2011-08-09,0.11,0.33,1.53,3.17,0.1
2011-08-10,0.09,0.33,1.52,3.08,0.1
2011-08-11,0.1,0.34,1.65,3.34,0.09
2011-08-12,0.11,0.32,1.56,3.24,0.1
2011-08-13,0.11,0.32,1.56,3.24,0.1
2011-08-14,0.11,0.32,1.56,3.24,0.1
2011-08-15,0.12,0.34,1.6,3.29,0.1
2011-08-16,0.12,0.33,1.54,3.23,0.09
2011-08-17,0.12,0.33,1.48,3.14,0.09
2011-08-18,0.1,0.33,1.43,3.02,0.09
2011-08-19,0.1,0.34,1.43,2.97,0.09
2011-08-20,0.1,0.34,1.43,2.97,0.09
2011-08-21,0.1,0.34,1.43,2.97,0.09
2011-08-22,0.09,0.37,1.47,3.0,0.09
2011-08-23,0.1,0.38,1.5,3.06,0.08
2011-08-24,0.11,0.41,1.62,3.23,0.08
2011-08-25,0.1,0.37,1.57,3.17,0.08
2011-08-26,0.09,0.33,1.52,3.13,0.09
2011-08-27,0.09,0.33,1.52,3.13,0.09
2011-08-28,0.09,0.33,1.52,3.13,0.09
2011-08-29,0.09,0.35,1.6,3.22,0.09
2011-08-30,0.09,0.33,1.52,3.12,0.08
2011-08-31,0.1,0.33,1.56,3.19,0.08
2011-09-01,0.1,0.31,1.49,3.1,0.08
2011-09-02,0.1,0.33,1.41,2.92,0.08
2011-09-03,0.1,0.33,1.41,2.92,0.08
2011-09-04,0.1,0.33,1.41,2.92,0.08
2011-09-05,0.1,0.33,1.41,2.92,0.08
2011-09-06,0.13,0.33,1.4,2.86,0.09
2011-09-07,0.11,0.34,1.45,2.96,0.09
2011-09-08,0.12,0.33,1.41,2.92,0.09
2011-09-09,0.11,0.31,1.34,2.86,0.09
2011-09-10,0.11,0.31,1.34,2.86,0.09
2011-09-11,0.11,0.31,1.34,2.86,0.09
2011-09-12,0.11,0.35,1.38,2.84,0.09
2011-09-13,0.1,0.35,1.42,2.92,0.09
2011-09-14,0.09,0.35,1.45,2.92,0.08
2011-09-15,0.1,0.35,1.51,2.97,0.09
2011-09-16,0.09,0.33,1.5,2.96,0.09
2011-09-17,0.09,0.33,1.5,2.96,0.09
2011-09-18,0.09,0.33,1.5,2.96,0.09
2011-09-19,0.08,0.29,1.4,2.84,0.09
2011-09-20,0.09,0.3,1.39,2.82,0.09
2011-09-21,0.11,0.37,1.36,2.69,0.08
2011-09-22,0.1,0.34,1.24,2.48,0.08
2011-09-23,0.1,0.37,1.35,2.59,0.08
2011-09-24,0.1,0.37,1.35,2.59,0.08
2011-09-25,0.1,0.37,1.35,2.59,0.08
2011-09-26,0.1,0.39,1.41,2.69,0.08
2011-09-27,0.1,0.42,1.49,2.79,0.08
2011-09-28,0.12,0.42,1.5,2.82,0.08
2011-09-29,0.11,0.43,1.48,2.76,0.08
2011-09-30,0.13,0.42,1.43,2.66,0.06
2011-10-01,0.13,0.42,1.43,2.66,0.06
2011-10-02,0.13,0.42,1.43,2.66,0.06
2011-10-03,0.12,0.39,1.33,2.51,0.08
2011-10-04,0.11,0.4,1.35,2.53,0.07
2011-10-05,0.1,0.43,1.45,2.62,0.07
2011-10-06,0.09,0.46,1.52,2.71,0.07
2011-10-07,0.11,0.5,1.61,2.78,0.07
2011-10-08,0.11,0.5,1.61,2.78,0.07
2011-10-09,0.11,0.5,1.61,2.78,0.07
2011-10-10,0.11,0.5,1.61,2.78,0.07
2011-10-11,0.12,0.54,1.68,2.87,0.07
2011-10-12,0.09,0.54,1.72,2.94,0.07
2011-10-13,0.11,0.51,1.67,2.9,0.07
2011-10-14,0.11,0.5,1.71,2.97,0.07
2011-10-15,0.11,0.5,1.71,2.97,0.07
2011-10-16,0.11,0.5,1.71,2.97,0.07
2011-10-17,0.12,0.48,1.65,2.88,0.07
2011-10-18,0.12,0.47,1.64,2.91,0.07
2011-10-19,0.11,0.46,1.62,2.9,0.07
2011-10-20,0.12,0.46,1.64,2.92,0.07
2011-10-21,0.12,0.46,1.66,2.98,0.07
2011-10-22,0.12,0.46,1.66,2.98,0.07
2011-10-23,0.12,0.46,1.66,2.98,0.07
2011-10-24,0.11,0.47,1.7,3.0,0.07
2011-10-25,0.11,0.43,1.6,2.86,0.07
2011-10-26,0.13,0.48,1.68,2.95,0.08
2011-10-27,0.14,0.53,1.83,3.18,0.07
2011-10-28,0.13,0.5,1.74,3.09,0.07
2011-10-29,0.13,0.5,1.74,3.09,0.07
2011-10-30,0.13,0.5,1.74,3.09,0.07
2011-10-31,0.12,0.41,1.58,2.89,0.09
2011-11-01,0.13,0.38,1.45,2.73,0.08
2011-11-02,0.11,0.37,1.44,2.75,0.08
2011-11-03,0.11,0.39,1.48,2.83,0.09
2011-11-04,0.11,0.37,1.45,2.81,0.08
2011-11-05,0.11,0.37,1.45,2.81,0.08
2011-11-06,0.11,0.37,1.45,2.81,0.08
2011-11-07,0.09,0.38,1.44,2.77,0.08
2011-11-08,0.1,0.39,1.5,2.84,0.08
2011-11-09,0.1,0.37,1.41,2.73,0.08
2011-11-10,0.1,0.38,1.45,2.8,0.08
2011-11-11,0.1,0.38,1.45,2.8,0.08
2011-11-12,0.1,0.38,1.45,2.8,0.08
2011-11-13,0.1,0.38,1.45,2.8,0.08
2011-11-14,0.09,0.39,1.46,2.77,0.08
2011-11-15,0.11,0.4,1.48,2.79,0.09
2011-11-16,0.11,0.4,1.44,2.73,0.08
2011-11-17,0.1,0.4,1.41,2.66,0.08
2011-11-18,0.12,0.43,1.48,2.69,0.08
2011-11-19,0.12,0.43,1.48,2.69,0.08
2011-11-20,0.12,0.43,1.48,2.69,0.08
2011-11-21,0.11,0.41,1.45,2.65,0.08
2011-11-22,0.11,0.4,1.42,2.6,0.08
2011-11-23,0.12,0.4,1.38,2.53,0.09
2011-11-24,0.12,0.4,1.38,2.53,0.09
2011-11-25,0.13,0.41,1.45,2.62,0.07
2011-11-26,0.13,0.41,1.45,2.62,0.07
2011-11-27,0.13,0.41,1.45,2.62,0.07
2011-11-28,0.13,0.39,1.44,2.63,0.08
2011-11-29,0.14,0.4,1.48,2.66,0.08
2011-11-30,0.12,0.41,1.53,2.77,0.1
2011-12-01,0.12,0.41,1.55,2.82,0.08
2011-12-02,0.12,0.39,1.49,2.74,0.08
2011-12-03,0.12,0.39,1.49,2.74,0.08
2011-12-04,0.12,0.39,1.49,2.74,0.08
2011-12-05,0.11,0.4,1.49,2.73,0.08
2011-12-06,0.11,0.41,1.52,2.74,0.08
2011-12-07,0.11,0.36,1.46,2.74,0.08
2011-12-08,0.1,0.35,1.41,2.7,0.07
2011-12-09,0.11,0.37,1.48,2.79,0.07
2011-12-10,0.11,0.37,1.48,2.79,0.07
2011-12-11,0.11,0.37,1.48,2.79,0.07
2011-12-12,0.1,0.36,1.45,2.75,0.07
2011-12-13,0.11,0.35,1.4,2.66,0.07
2011-12-14,0.12,0.36,1.38,2.59,0.07
2011-12-15,0.12,0.37,1.38,2.6,0.07
2011-12-16,0.11,0.35,1.32,2.54,0.07
2011-12-17,0.11,0.35,1.32,2.54,0.07
2011-12-18,0.11,0.35,1.32,2.54,0.07
2011-12-19,0.11,0.36,1.3,2.48,0.07
2011-12-20,0.12,0.39,1.39,2.61,0.07
2011-12-21,0.13,0.4,1.44,2.67,0.07
2011-12-22,0.12,0.41,1.43,2.67,0.07
2011-12-23,0.12,0.45,1.49,2.73,0.08
2011-12-24,0.12,0.45,1.49,2.73,0.08
2011-12-25,0.12,0.45,1.49,2.73,0.08
2011-12-26,0.12,0.45,1.49,2.73,0.08
2011-12-27,0.12,0.45,1.49,2.72,0.07
2011-12-28,0.12,0.42,1.41,2.59,0.07
2011-12-29,0.12,0.41,1.38,2.58,0.07
2011-12-30,0.12,0.36,1.35,2.57,0.04
2011-12-31,0.12,0.36,1.35,2.57,0.04
2012-01-01,0.12,0.36,1.35,2.57,0.04
2012-01-02,0.12,0.36,1.35,2.57,0.04
2012-01-03,0.12,0.4,1.41,2.67,0.07
2012-01-04,0.12,0.4,1.43,2.71,0.07
2012-01-05,0.11,0.4,1.43,2.74,0.07
2012-01-06,0.12,0.4,1.4,2.7,0.07
2012-01-07,0.12,0.4,1.4,2.7,0.07
2012-01-08,0.12,0.4,1.4,2.7,0.07
2012-01-09,0.11,0.38,1.39,2.7,0.08
2012-01-10,0.11,0.37,1.41,2.71,0.08
2012-01-11,0.11,0.34,1.34,2.63,0.08
2012-01-12,0.11,0.35,1.37,2.65,0.08
2012-01-13,0.1,0.34,1.32,2.59,0.09
2012-01-14,0.1,0.34,1.32,2.59,0.09
2012-01-15,0.1,0.34,1.32,2.59,0.09
2012-01-16,0.1,0.34,1.32,2.59,0.09
2012-01-17,0.11,0.33,1.31,2.57,0.09
2012-01-18,0.11,0.35,1.34,2.63,0.09
2012-01-19,0.11,0.36,1.43,2.72,0.1
2012-01-20,0.11,0.38,1.47,2.78,0.09
2012-01-21,0.11,0.38,1.47,2.78,0.09
2012-01-22,0.11,0.38,1.47,2.78,0.09
2012-01-23,0.12,0.39,1.51,2.82,0.09
2012-01-24,0.12,0.39,1.49,2.82,0.09
2012-01-25,0.12,0.34,1.4,2.78,0.08
2012-01-26,0.12,0.31,1.34,2.74,0.08
2012-01-27,0.12,0.32,1.31,2.71,0.09
2012-01-28,0.12,0.32,1.31,2.71,0.09
2012-01-29,0.12,0.32,1.31,2.71,0.09
2012-01-30,0.12,0.31,1.27,2.64,0.09
2012-01-31,0.13,0.3,1.24,2.59,0.11
2012-02-01,0.13,0.31,1.27,2.65,0.11
2012-02-02,0.14,0.31,1.25,2.64,0.11
2012-02-03,0.14,0.33,1.35,2.76,0.11
2012-02-04,0.14,0.33,1.35,2.76,0.11
2012-02-05,0.14,0.33,1.35,2.76,0.11
2012-02-06,0.14,0.32,1.32,2.71,0.11
2012-02-07,0.14,0.35,1.39,2.78,0.11
2012-02-08,0.15,0.35,1.39,2.78,0.11
2012-02-09,0.15,0.38,1.43,2.83,0.11
2012-02-10,0.15,0.36,1.36,2.75,0.12
2012-02-11,0.15,0.36,1.36,2.75,0.12
2012-02-12,0.15,0.36,1.36,2.75,0.12
2012-02-13,0.15,0.4,1.4,2.78,0.12
2012-02-14,0.18,0.4,1.34,2.7,0.12
2012-02-15,0.18,0.38,1.34,2.72,0.12
2012-02-16,0.17,0.42,1.41,2.78,0.11
2012-02-17,0.18,0.42,1.43,2.8,0.09
2012-02-18,0.18,0.42,1.43,2.8,0.09
2012-02-19,0.18,0.42,1.43,2.8,0.09
2012-02-20,0.18,0.42,1.43,2.8,0.09
2012-02-21,0.17,0.44,1.47,2.84,0.1
2012-02-22,0.17,0.42,1.41,2.79,0.08
2012-02-23,0.17,0.43,1.4,2.77,0.08
2012-02-24,0.18,0.43,1.41,2.75,0.09
2012-02-25,0.18,0.43,1.41,2.75,0.09
2012-02-26,0.18,0.43,1.41,2.75,0.09
2012-02-27,0.17,0.4,1.35,2.69,0.1
2012-02-28,0.18,0.41,1.36,2.71,0.1
2012-02-29,0.18,0.43,1.39,2.73,0.1
2012-03-01,0.18,0.43,1.44,2.8,0.11
2012-03-02,0.17,0.41,1.38,2.77,0.11
2012-03-03,0.17,0.41,1.38,2.77,0.11
2012-03-04,0.17,0.41,1.38,2.77,0.11
2012-03-05,0.17,0.43,1.4,2.78,0.11
2012-03-06,0.17,0.4,1.35,2.73,0.11
2012-03-07,0.18,0.42,1.37,2.76,0.11
2012-03-08,0.18,0.44,1.41,2.82,0.11
2012-03-09,0.18,0.46,1.43,2.83,0.12
2012-03-10,0.18,0.46,1.43,2.83,0.12
2012-03-11,0.18,0.46,1.43,2.83,0.12
2012-03-12,0.18,0.47,1.43,2.82,0.12
2012-03-13,0.2,0.51,1.52,2.92,0.12
2012-03-14,0.21,0.6,1.69,3.08,0.13
2012-03-15,0.21,0.56,1.67,3.08,0.14
2012-03-16,0.21,0.57,1.7,3.08,0.15
2012-03-17,0.21,0.57,1.7,3.08,0.15
2012-03-18,0.21,0.57,1.7,3.08,0.15
2012-03-19,0.21,0.6,1.77,3.14,0.15
2012-03-20,0.22,0.62,1.78,3.13,0.15
2012-03-21,0.21,0.58,1.71,3.06,0.15
2012-03-22,0.19,0.56,1.69,3.04,0.14
2012-03-23,0.19,0.55,1.66,2.99,0.14
2012-03-24,0.19,0.55,1.66,2.99,0.14
2012-03-25,0.19,0.55,1.66,2.99,0.14
2012-03-26,0.19,0.54,1.65,3.0,0.14
2012-03-27,0.18,0.5,1.59,2.96,0.14
2012-03-28,0.18,0.51,1.6,2.97,0.13
2012-03-29,0.18,0.5,1.57,2.93,0.13
2012-03-30,0.19,0.51,1.61,3.0,0.09
2012-03-31,0.19,0.51,1.61,3.0,0.09
2012-04-01,0.19,0.51,1.61,3.0,0.09
2012-04-02,0.18,0.5,1.6,3.0,0.15
2012-04-03,0.2,0.56,1.68,3.07,0.15
2012-04-04,0.19,0.53,1.62,3.02,0.15
2012-04-05,0.19,0.5,1.56,2.97,0.15
2012-04-06,0.19,0.45,1.42,2.85,0.12
2012-04-07,0.19,0.45,1.42,2.85,0.12
2012-04-08,0.19,0.45,1.42,2.85,0.12
2012-04-09,0.19,0.46,1.42,2.82,0.16
2012-04-10,0.19,0.42,1.37,2.77,0.15
2012-04-11,0.18,0.43,1.41,2.82,0.16
2012-04-12,0.18,0.43,1.44,2.85,0.15
2012-04-13,0.17,0.41,1.39,2.77,0.15
2012-04-14,0.17,0.41,1.39,2.77,0.15
2012-04-15,0.17,0.41,1.39,2.77,0.15
2012-04-16,0.18,0.42,1.37,2.75,0.15
2012-04-17,0.18,0.42,1.4,2.79,0.16
2012-04-18,0.18,0.4,1.38,2.76,0.15
2012-04-19,0.17,0.4,1.37,2.74,0.13
2012-04-20,0.18,0.4,1.38,2.75,0.12
2012-04-21,0.18,0.4,1.38,2.75,0.12
2012-04-22,0.18,0.4,1.38,2.75,0.12
2012-04-23,0.17,0.39,1.34,2.71,0.13
2012-04-24,0.18,0.4,1.37,2.75,0.14
2012-04-25,0.18,0.39,1.38,2.76,0.15
2012-04-26,0.18,0.39,1.36,2.74,0.14
2012-04-27,0.19,0.39,1.34,2.73,0.13
2012-04-28,0.19,0.39,1.34,2.73,0.13
2012-04-29,0.19,0.39,1.34,2.73,0.13
2012-04-30,0.2,0.38,1.33,2.73,0.16
2012-05-01,0.19,0.39,1.35,2.76,0.16
2012-05-02,0.18,0.39,1.33,2.72,0.15
2012-05-03,0.19,0.4,1.34,2.72,0.15
2012-05-04,0.18,0.37,1.28,2.67,0.16
2012-05-05,0.18,0.37,1.28,2.67,0.16
2012-05-06,0.18,0.37,1.28,2.67,0.16
2012-05-07,0.18,0.37,1.29,2.67,0.16
2012-05-08,0.18,0.36,1.26,2.63,0.16
2012-05-09,0.18,0.36,1.26,2.63,0.15
2012-05-10,0.18,0.37,1.28,2.64,0.15
2012-05-11,0.18,0.36,1.24,2.59,0.15
2012-05-12,0.18,0.36,1.24,2.59,0.15
2012-05-13,0.18,0.36,1.24,2.59,0.15
2012-05-14,0.19,0.37,1.2,2.53,0.16
2012-05-15,0.19,0.38,1.19,2.5,0.16
2012-05-16,0.2,0.4,1.19,2.48,0.16
2012-05-17,0.2,0.4,1.16,2.39,0.16
2012-05-18,0.2,0.42,1.16,2.4,0.16
2012-05-19,0.2,0.42,1.16,2.4,0.16
2012-05-20,0.2,0.42,1.16,2.4,0.16
2012-05-21,0.21,0.41,1.18,2.42,0.16
2012-05-22,0.21,0.41,1.2,2.48,0.16
2012-05-23,0.2,0.4,1.15,2.41,0.15
2012-05-24,0.21,0.42,1.2,2.46,0.15
2012-05-25,0.2,0.41,1.17,2.44,0.15
2012-05-26,0.2,0.41,1.17,2.44,0.15
2012-05-27,0.2,0.41,1.17,2.44,0.15
2012-05-28,0.2,0.41,1.17,2.44,0.15
2012-05-29,0.2,0.42,1.17,2.44,0.16
2012-05-30,0.19,0.38,1.06,2.32,0.16
2012-05-31,0.18,0.35,1.03,2.27,0.16
2012-06-01,0.17,0.34,0.93,2.13,0.16
2012-06-02,0.17,0.34,0.93,2.13,0.16
2012-06-03,0.17,0.34,0.93,2.13,0.16
2012-06-04,0.18,0.35,1.01,2.17,0.17
2012-06-05,0.18,0.34,1.04,2.23,0.17
2012-06-06,0.18,0.37,1.11,2.34,0.16
2012-06-07,0.18,0.37,1.1,2.35,0.16
2012-06-08,0.19,0.39,1.09,2.36,0.17
2012-06-09,0.19,0.39,1.09,2.36,0.17
2012-06-10,0.19,0.39,1.09,2.36,0.17
2012-06-11,0.18,0.37,1.05,2.3,0.17
2012-06-12,0.19,0.41,1.12,2.37,0.16
2012-06-13,0.18,0.4,1.06,2.3,0.17
2012-06-14,0.18,0.41,1.1,2.33,0.17
2012-06-15,0.18,0.37,1.06,2.3,0.18
2012-06-16,0.18,0.37,1.06,2.3,0.18
2012-06-17,0.18,0.37,1.06,2.3,0.18
2012-06-18,0.18,0.38,1.06,2.28,0.17
2012-06-19,0.18,0.39,1.09,2.33,0.17
2012-06-20,0.2,0.41,1.12,2.34,0.16
2012-06-21,0.19,0.41,1.1,2.3,0.17
2012-06-22,0.19,0.42,1.15,2.37,0.17
2012-06-23,0.19,0.42,1.15,2.37,0.17
2012-06-24,0.19,0.42,1.15,2.37,0.17
2012-06-25,0.19,0.39,1.1,2.31,0.17
2012-06-26,0.21,0.42,1.12,2.34,0.16
2012-06-27,0.21,0.42,1.1,2.32,0.15
2012-06-28,0.22,0.4,1.06,2.28,0.15
2012-06-29,0.21,0.41,1.11,2.38,0.09
2012-06-30,0.21,0.41,1.11,2.38,0.09
2012-07-01,0.21,0.41,1.11,2.38,0.09
2012-07-02,0.21,0.39,1.04,2.3,0.18
2012-07-03,0.21,0.39,1.08,2.36,0.17
2012-07-04,0.21,0.39,1.08,2.36,0.17
2012-07-05,0.19,0.39,1.05,2.34,0.17
2012-07-06,0.2,0.37,1.01,2.28,0.17
2012-07-07,0.2,0.37,1.01,2.28,0.17
2012-07-08,0.2,0.37,1.01,2.28,0.17
2012-07-09,0.2,0.36,0.98,2.24,0.17
2012-07-10,0.2,0.37,0.98,2.22,0.17
2012-07-11,0.2,0.36,0.99,2.22,0.17
2012-07-12,0.2,0.35,0.98,2.18,0.18
2012-07-13,0.2,0.34,0.99,2.2,0.19
2012-07-14,0.2,0.34,0.99,2.2,0.19
2012-07-15,0.2,0.34,0.99,2.2,0.19
2012-07-16,0.18,0.31,0.97,2.18,0.18
2012-07-17,0.18,0.32,0.99,2.22,0.17
2012-07-18,0.18,0.3,0.97,2.21,0.16
2012-07-19,0.17,0.31,0.99,2.24,0.13
2012-07-20,0.17,0.29,0.95,2.17,0.13
2012-07-21,0.17,0.29,0.95,2.17,0.13
2012-07-22,0.17,0.29,0.95,2.17,0.13
2012-07-23,0.17,0.28,0.93,2.15,0.14
2012-07-24,0.18,0.28,0.91,2.11,0.15
2012-07-25,0.17,0.28,0.91,2.11,0.15
2012-07-26,0.18,0.31,0.94,2.13,0.14
2012-07-27,0.17,0.34,1.04,2.27,0.14
2012-07-28,0.17,0.34,1.04,2.27,0.14
2012-07-29,0.17,0.34,1.04,2.27,0.14
2012-07-30,0.18,0.31,0.99,2.22,0.14
2012-07-31,0.16,0.3,0.98,2.21,0.13
2012-08-01,0.17,0.32,1.03,2.25,0.14
2012-08-02,0.17,0.31,0.98,2.2,0.14
2012-08-03,0.16,0.33,1.07,2.3,0.14
2012-08-04,0.16,0.33,1.07,2.3,0.14
2012-08-05,0.16,0.33,1.07,2.3,0.14
2012-08-06,0.16,0.33,1.05,2.29,0.14
2012-08-07,0.19,0.37,1.13,2.37,0.13
2012-08-08,0.19,0.38,1.14,2.39,0.13
2012-08-09,0.2,0.38,1.15,2.4,0.13
2012-08-10,0.18,0.36,1.11,2.37,0.13
2012-08-11,0.18,0.36,1.11,2.37,0.13
2012-08-12,0.18,0.36,1.11,2.37,0.13
2012-08-13,0.19,0.36,1.12,2.37,0.13
2012-08-14,0.19,0.39,1.18,2.45,0.13
2012-08-15,0.19,0.42,1.25,2.53,0.13
2012-08-16,0.2,0.42,1.28,2.57,0.13
2012-08-17,0.2,0.42,1.27,2.55,0.13
2012-08-18,0.2,0.42,1.27,2.55,0.13
2012-08-19,0.2,0.42,1.27,2.55,0.13
2012-08-20,0.19,0.41,1.26,2.55,0.13
2012-08-21,0.2,0.42,1.25,2.53,0.13
2012-08-22,0.19,0.37,1.16,2.44,0.13
2012-08-23,0.19,0.36,1.13,2.41,0.13
2012-08-24,0.19,0.37,1.14,2.41,0.13
2012-08-25,0.19,0.37,1.14,2.41,0.13
2012-08-26,0.19,0.37,1.14,2.41,0.13
2012-08-27,0.18,0.37,1.11,2.38,0.13
2012-08-28,0.18,0.36,1.1,2.36,0.13
2012-08-29,0.18,0.36,1.11,2.38,0.13
2012-08-30,0.17,0.35,1.08,2.36,0.14
2012-08-31,0.16,0.3,1.01,2.29,0.13
2012-09-01,0.16,0.3,1.01,2.29,0.13
2012-09-02,0.16,0.3,1.01,2.29,0.13
2012-09-03,0.16,0.3,1.01,2.29,0.13
2012-09-04,0.16,0.31,1.03,2.3,0.14
2012-09-05,0.17,0.32,1.04,2.32,0.16
2012-09-06,0.18,0.34,1.12,2.41,0.16
2012-09-07,0.18,0.33,1.09,2.42,0.15
2012-09-08,0.18,0.33,1.09,2.42,0.15
2012-09-09,0.18,0.33,1.09,2.42,0.15
2012-09-10,0.18,0.33,1.1,2.43,0.15
2012-09-11,0.18,0.33,1.12,2.44,0.15
2012-09-12,0.18,0.33,1.17,2.52,0.15
2012-09-13,0.17,0.32,1.12,2.53,0.15
2012-09-14,0.18,0.35,1.23,2.68,0.16
2012-09-15,0.18,0.35,1.23,2.68,0.16
2012-09-16,0.18,0.35,1.23,2.68,0.16
2012-09-17,0.18,0.36,1.22,2.64,0.16
2012-09-18,0.18,0.35,1.19,2.61,0.16
2012-09-19,0.18,0.35,1.18,2.58,0.15
2012-09-20,0.18,0.36,1.18,2.58,0.16
2012-09-21,0.18,0.36,1.14,2.57,0.15
2012-09-22,0.18,0.36,1.14,2.57,0.15
2012-09-23,0.18,0.36,1.14,2.57,0.15
2012-09-24,0.18,0.35,1.12,2.53,0.16
2012-09-25,0.18,0.35,1.08,2.47,0.15
2012-09-26,0.17,0.34,1.03,2.4,0.15
2012-09-27,0.16,0.34,1.05,2.43,0.14
2012-09-28,0.17,0.31,1.04,2.42,0.09
2012-09-29,0.17,0.31,1.04,2.42,0.09
2012-09-30,0.17,0.31,1.04,2.42,0.09
2012-10-01,0.17,0.31,1.04,2.41,0.15
2012-10-02,0.16,0.31,1.03,2.41,0.16
2012-10-03,0.16,0.31,1.02,2.42,0.16
2012-10-04,0.18,0.32,1.07,2.48,0.15
2012-10-05,0.18,0.34,1.12,2.55,0.15
2012-10-06,0.18,0.34,1.12,2.55,0.15
2012-10-07,0.18,0.34,1.12,2.55,0.15
2012-10-08,0.18,0.34,1.12,2.55,0.15
2012-10-09,0.18,0.35,1.11,2.52,0.16
2012-10-10,0.18,0.35,1.09,2.48,0.16
2012-10-11,0.18,0.34,1.09,2.45,0.16
2012-10-12,0.18,0.34,1.09,2.44,0.16
2012-10-13,0.18,0.34,1.09,2.44,0.16
2012-10-14,0.18,0.34,1.09,2.44,0.16
2012-10-15,0.19,0.34,1.09,2.45,0.16
2012-10-16,0.18,0.36,1.15,2.51,0.16
2012-10-17,0.18,0.41,1.24,2.6,0.15
2012-10-18,0.18,0.41,1.26,2.63,0.15
2012-10-19,0.18,0.41,1.21,2.55,0.16
2012-10-20,0.18,0.41,1.21,2.55,0.16
2012-10-21,0.18,0.41,1.21,2.55,0.16
2012-10-22,0.19,0.42,1.25,2.57,0.15
2012-10-23,0.18,0.41,1.21,2.53,0.15
2012-10-24,0.18,0.4,1.21,2.55,0.17
2012-10-25,0.19,0.43,1.28,2.6,0.16
2012-10-26,0.19,0.41,1.2,2.53,0.16
2012-10-27,0.19,0.41,1.2,2.53,0.16
2012-10-28,0.19,0.41,1.2,2.53,0.16
2012-10-29,0.18,0.4,1.16,2.48,0.17
2012-10-30,0.18,0.4,1.16,2.48,0.17
2012-10-31,0.18,0.38,1.14,2.46,0.18
2012-11-01,0.18,0.38,1.16,2.5,0.17
2012-11-02,0.19,0.38,1.16,2.51,0.16
2012-11-03,0.19,0.38,1.16,2.51,0.16
2012-11-04,0.19,0.38,1.16,2.51,0.16
2012-11-05,0.19,0.38,1.13,2.47,0.17
2012-11-06,0.19,0.41,1.19,2.52,0.16
2012-11-07,0.18,0.36,1.08,2.42,0.16
2012-11-08,0.2,0.35,1.04,2.35,0.16
2012-11-09,0.18,0.35,1.04,2.34,0.16
2012-11-10,0.18,0.35,1.04,2.34,0.16
2012-11-11,0.18,0.35,1.04,2.34,0.16
2012-11-12,0.18,0.35,1.04,2.34,0.16
2012-11-13,0.18,0.33,1.02,2.31,0.16
2012-11-14,0.18,0.33,1.03,2.31,0.16
2012-11-15,0.17,0.32,1.02,2.3,0.16
2012-11-16,0.16,0.32,1.01,2.31,0.16
2012-11-17,0.16,0.32,1.01,2.31,0.16
2012-11-18,0.16,0.32,1.01,2.31,0.16
2012-11-19,0.16,0.33,1.04,2.34,0.16
2012-11-20,0.16,0.36,1.09,2.4,0.16
2012-11-21,0.17,0.37,1.11,2.42,0.16
2012-11-22,0.17,0.37,1.11,2.42,0.16
2012-11-23,0.19,0.37,1.12,2.42,0.16
2012-11-24,0.19,0.37,1.12,2.42,0.16
2012-11-25,0.19,0.37,1.12,2.42,0.16
2012-11-26,0.17,0.36,1.09,2.39,0.16
2012-11-27,0.18,0.36,1.07,2.38,0.16
2012-11-28,0.18,0.35,1.05,2.36,0.16
2012-11-29,0.18,0.35,1.04,2.37,0.16
2012-11-30,0.18,0.34,1.04,2.37,0.16
2012-12-01,0.18,0.34,1.04,2.37,0.16
2012-12-02,0.18,0.34,1.04,2.37,0.16
2012-12-03,0.18,0.34,1.05,2.37,0.16
2012-12-04,0.18,0.34,1.04,2.36,0.17
2012-12-05,0.18,0.32,1.02,2.35,0.16
2012-12-06,0.18,0.32,1.0,2.33,0.16
2012-12-07,0.18,0.33,1.04,2.39,0.16
2012-12-08,0.18,0.33,1.04,2.39,0.16
2012-12-09,0.18,0.33,1.04,2.39,0.16
2012-12-10,0.18,0.33,1.04,2.38,0.16
2012-12-11,0.16,0.32,1.06,2.41,0.17
2012-12-12,0.14,0.32,1.11,2.48,0.17
2012-12-13,0.14,0.34,1.15,2.49,0.16
2012-12-14,0.13,0.34,1.15,2.46,0.17
2012-12-15,0.13,0.34,1.15,2.46,0.17
2012-12-16,0.13,0.34,1.15,2.46,0.17
2012-12-17,0.13,0.37,1.2,2.53,0.16
2012-12-18,0.16,0.39,1.25,2.59,0.17
2012-12-19,0.15,0.39,1.24,2.58,0.17
2012-12-20,0.15,0.39,1.24,2.57,0.17
2012-12-21,0.15,0.38,1.2,2.52,0.17
2012-12-22,0.15,0.38,1.2,2.52,0.17
2012-12-23,0.15,0.38,1.2,2.52,0.17
2012-12-24,0.16,0.38,1.22,2.53,0.18
2012-12-25,0.16,0.38,1.22,2.53,0.18
2012-12-26,0.16,0.39,1.2,2.52,0.17
2012-12-27,0.15,0.37,1.15,2.48,0.17
2012-12-28,0.15,0.36,1.15,2.47,0.17
2012-12-29,0.15,0.36,1.15,2.47,0.17
2012-12-30,0.15,0.36,1.15,2.47,0.17
2012-12-31,0.16,0.36,1.18,2.54,0.09
2013-01-01,0.16,0.36,1.18,2.54,0.09
2013-01-02,0.15,0.37,1.25,2.63,0.17
2013-01-03,0.15,0.4,1.31,2.7,0.17
2013-01-04,0.15,0.41,1.32,2.7,0.16
2013-01-05,0.15,0.41,1.32,2.7,0.16
2013-01-06,0.15,0.41,1.32,2.7,0.16
2013-01-07,0.15,0.41,1.31,2.7,0.16
2013-01-08,0.14,0.38,1.28,2.66,0.15
2013-01-09,0.13,0.37,1.27,2.65,0.14
2013-01-10,0.14,0.37,1.3,2.68,0.14
2013-01-11,0.14,0.37,1.28,2.65,0.14
2013-01-12,0.14,0.37,1.28,2.65,0.14
2013-01-13,0.14,0.37,1.28,2.65,0.14
2013-01-14,0.14,0.37,1.27,2.65,0.14
2013-01-15,0.14,0.36,1.24,2.62,0.15
2013-01-16,0.14,0.36,1.23,2.61,0.14
2013-01-17,0.14,0.39,1.29,2.66,0.14
2013-01-18,0.14,0.38,1.26,2.63,0.14
2013-01-19,0.14,0.38,1.26,2.63,0.14
2013-01-20,0.14,0.38,1.26,2.63,0.14
2013-01-21,0.14,0.38,1.26,2.63,0.14
2013-01-22,0.14,0.38,1.25,2.62,0.14
2013-01-23,0.15,0.37,1.24,2.62,0.13
2013-01-24,0.15,0.37,1.26,2.64,0.15
2013-01-25,0.15,0.42,1.36,2.75,0.14
2013-01-26,0.15,0.42,1.36,2.75,0.14
2013-01-27,0.15,0.42,1.36,2.75,0.14
2013-01-28,0.16,0.45,1.38,2.76,0.14
2013-01-29,0.15,0.43,1.4,2.79,0.12
2013-01-30,0.15,0.42,1.39,2.8,0.12
2013-01-31,0.15,0.42,1.38,2.79,0.15
2013-02-01,0.15,0.4,1.4,2.83,0.14
2013-02-02,0.15,0.4,1.4,2.83,0.14
2013-02-03,0.15,0.4,1.4,2.83,0.14
2013-02-04,0.15,0.38,1.36,2.79,0.13
2013-02-05,0.15,0.41,1.39,2.83,0.13
2013-02-06,0.15,0.39,1.35,2.79,0.13
2013-02-07,0.15,0.39,1.34,2.78,0.13
2013-02-08,0.14,0.39,1.34,2.79,0.14
2013-02-09,0.14,0.39,1.34,2.79,0.14
2013-02-10,0.14,0.39,1.34,2.79,0.14
2013-02-11,0.15,0.4,1.35,2.78,0.14
2013-02-12,0.14,0.41,1.38,2.81,0.13
2013-02-13,0.15,0.44,1.43,2.86,0.14
2013-02-14,0.16,0.42,1.37,2.79,0.14
2013-02-15,0.17,0.42,1.38,2.8,0.16
2013-02-16,0.17,0.42,1.38,2.8,0.16
2013-02-17,0.17,0.42,1.38,2.8,0.16
2013-02-18,0.17,0.42,1.38,2.8,0.16
2013-02-19,0.17,0.44,1.41,2.83,0.15
2013-02-20,0.17,0.42,1.38,2.82,0.15
2013-02-21,0.16,0.4,1.36,2.79,0.16
2013-02-22,0.16,0.4,1.34,2.77,0.16
2013-02-23,0.16,0.4,1.34,2.77,0.16
2013-02-24,0.16,0.4,1.34,2.77,0.16
2013-02-25,0.16,0.37,1.25,2.69,0.15
2013-02-26,0.17,0.37,1.25,2.69,0.14
2013-02-27,0.17,0.36,1.28,2.72,0.14
2013-02-28,0.17,0.36,1.26,2.71,0.14
2013-03-01,0.16,0.35,1.23,2.68,0.14
2013-03-02,0.16,0.35,1.23,2.68,0.14
2013-03-03,0.16,0.35,1.23,2.68,0.14
2013-03-04,0.16,0.35,1.25,2.7,0.16
2013-03-05,0.15,0.36,1.27,2.72,0.15
2013-03-06,0.15,0.38,1.31,2.77,0.15
2013-03-07,0.15,0.4,1.36,2.82,0.16
2013-03-08,0.15,0.42,1.43,2.89,0.15
2013-03-09,0.15,0.42,1.43,2.89,0.15
2013-03-10,0.15,0.42,1.43,2.89,0.15
2013-03-11,0.15,0.43,1.43,2.89,0.16
2013-03-12,0.15,0.41,1.4,2.85,0.15
2013-03-13,0.15,0.42,1.41,2.85,0.14
2013-03-14,0.15,0.42,1.4,2.87,0.15
2013-03-15,0.14,0.4,1.35,2.85,0.16
2013-03-16,0.14,0.4,1.35,2.85,0.16
2013-03-17,0.14,0.4,1.35,2.85,0.16
2013-03-18,0.15,0.38,1.31,2.79,0.16
2013-03-19,0.15,0.37,1.28,2.75,0.15
2013-03-20,0.15,0.38,1.32,2.8,0.15
2013-03-21,0.14,0.38,1.3,2.77,0.16
2013-03-22,0.14,0.39,1.29,2.75,0.15
2013-03-23,0.14,0.39,1.29,2.75,0.15
2013-03-24,0.14,0.39,1.29,2.75,0.15
2013-03-25,0.14,0.38,1.28,2.76,0.15
2013-03-26,0.14,0.38,1.27,2.75,0.14
2013-03-27,0.14,0.36,1.22,2.71,0.12
2013-03-28,0.14,0.36,1.24,2.71,0.13
2013-03-29,0.14,0.36,1.24,2.71,0.09
2013-03-30,0.14,0.36,1.24,2.71,0.09
2013-03-31,0.14,0.36,1.24,2.71,0.09
2013-04-01,0.14,0.36,1.23,2.7,0.16
2013-04-02,0.14,0.36,1.26,2.72,0.15
2013-04-03,0.13,0.34,1.2,2.66,0.14
2013-04-04,0.13,0.33,1.15,2.6,0.14
2013-04-05,0.13,0.33,1.12,2.5,0.15
2013-04-06,0.13,0.33,1.12,2.5,0.15
2013-04-07,0.13,0.33,1.12,2.5,0.15
2013-04-08,0.13,0.34,1.15,2.54,0.15
2013-04-09,0.13,0.34,1.16,2.57,0.15
2013-04-10,0.12,0.36,1.21,2.63,0.15
2013-04-11,0.12,0.35,1.2,2.62,0.15
2013-04-12,0.11,0.33,1.14,2.54,0.15
2013-04-13,0.11,0.33,1.14,2.54,0.15
2013-04-14,0.11,0.33,1.14,2.54,0.15
2013-04-15,0.12,0.32,1.12,2.5,0.15
2013-04-16,0.13,0.33,1.15,2.53,0.15
2013-04-17,0.13,0.35,1.13,2.51,0.15
2013-04-18,0.12,0.35,1.13,2.49,0.15
2013-04-19,0.12,0.35,1.14,2.5,0.15
2013-04-20,0.12,0.35,1.14,2.5,0.15
2013-04-21,0.12,0.35,1.14,2.5,0.15
2013-04-22,0.12,0.35,1.13,2.5,0.15
2013-04-23,0.12,0.35,1.14,2.52,0.14
2013-04-24,0.13,0.34,1.13,2.5,0.13
2013-04-25,0.12,0.35,1.15,2.52,0.13
2013-04-26,0.12,0.32,1.1,2.47,0.13
2013-04-27,0.12,0.32,1.1,2.47,0.13
2013-04-28,0.12,0.32,1.1,2.47,0.13
2013-04-29,0.12,0.32,1.1,2.49,0.13
2013-04-30,0.11,0.32,1.11,2.49,0.14
2013-05-01,0.11,0.3,1.07,2.44,0.14
2013-05-02,0.11,0.3,1.07,2.44,0.15
2013-05-03,0.11,0.34,1.17,2.58,0.14
2013-05-04,0.11,0.34,1.17,2.58,0.14
2013-05-05,0.11,0.34,1.17,2.58,0.14
2013-05-06,0.11,0.34,1.19,2.6,0.14
2013-05-07,0.1,0.35,1.21,2.62,0.12
2013-05-08,0.11,0.35,1.2,2.61,0.12
2013-05-09,0.11,0.35,1.2,2.6,0.12
2013-05-10,0.11,0.38,1.28,2.7,0.12
2013-05-11,0.11,0.38,1.28,2.7,0.12
2013-05-12,0.11,0.38,1.28,2.7,0.12
2013-05-13,0.13,0.4,1.3,2.73,0.12
2013-05-14,0.12,0.41,1.33,2.77,0.11
2013-05-15,0.12,0.4,1.32,2.76,0.12
2013-05-16,0.12,0.37,1.25,2.69,0.11
2013-05-17,0.12,0.4,1.32,2.77,0.1
2013-05-18,0.12,0.4,1.32,2.77,0.1
2013-05-19,0.12,0.4,1.32,2.77,0.1
2013-05-20,0.12,0.4,1.33,2.79,0.1
2013-05-21,0.12,0.39,1.31,2.75,0.09
2013-05-22,0.11,0.41,1.4,2.83,0.08
2013-05-23,0.12,0.42,1.4,2.82,0.08
2013-05-24,0.12,0.41,1.39,2.8,0.09
2013-05-25,0.12,0.41,1.39,2.8,0.09
2013-05-26,0.12,0.41,1.39,2.8,0.09
2013-05-27,0.12,0.41,1.39,2.8,0.09
2013-05-28,0.13,0.49,1.53,2.95,0.09
2013-05-29,0.14,0.49,1.51,2.91,0.08
2013-05-30,0.13,0.49,1.51,2.92,0.08
2013-05-31,0.14,0.52,1.55,2.95,0.09
2013-06-01,0.14,0.52,1.55,2.95,0.09
2013-06-02,0.14,0.52,1.55,2.95,0.09
2013-06-03,0.14,0.5,1.53,2.92,0.1
2013-06-04,0.14,0.48,1.55,2.95,0.11
2013-06-05,0.14,0.48,1.52,2.9,0.09
2013-06-06,0.14,0.48,1.49,2.89,0.1
2013-06-07,0.14,0.52,1.59,2.98,0.09
2013-06-08,0.14,0.52,1.59,2.98,0.09
2013-06-09,0.14,0.52,1.59,2.98,0.09
2013-06-10,0.14,0.55,1.62,3.03,0.09
2013-06-11,0.14,0.57,1.61,3.0,0.09
2013-06-12,0.14,0.57,1.64,3.04,0.08
2013-06-13,0.14,0.55,1.6,2.99,0.09
2013-06-14,0.13,0.49,1.53,2.95,0.1
2013-06-15,0.13,0.49,1.53,2.95,0.1
2013-06-16,0.13,0.49,1.53,2.95,0.1
2013-06-17,0.13,0.49,1.57,3.01,0.11
2013-06-18,0.13,0.48,1.58,3.0,0.12
2013-06-19,0.13,0.58,1.76,3.09,0.1
2013-06-20,0.14,0.62,1.84,3.18,0.1
2013-06-21,0.13,0.7,1.95,3.26,0.1
2013-06-22,0.13,0.7,1.95,3.26,0.1
2013-06-23,0.13,0.7,1.95,3.26,0.1
2013-06-24,0.16,0.73,2.02,3.27,0.1
2013-06-25,0.17,0.74,2.03,3.31,0.09
2013-06-26,0.16,0.69,1.98,3.27,0.09
2013-06-27,0.15,0.66,1.91,3.22,0.09
2013-06-28,0.15,0.66,1.96,3.22,0.07
2013-06-29,0.15,0.66,1.96,3.22,0.07
2013-06-30,0.15,0.66,1.96,3.22,0.07
2013-07-01,0.15,0.65,1.93,3.19,0.1
2013-07-02,0.14,0.64,1.92,3.18,0.1
2013-07-03,0.14,0.67,1.97,3.22,0.1
2013-07-04,0.14,0.67,1.97,3.22,0.1
2013-07-05,0.15,0.77,2.19,3.41,0.1
2013-07-06,0.15,0.77,2.19,3.41,0.1
2013-07-07,0.15,0.77,2.19,3.41,0.1
2013-07-08,0.14,0.71,2.11,3.35,0.1
2013-07-09,0.14,0.71,2.08,3.36,0.1
2013-07-10,0.13,0.73,2.12,3.4,0.09
2013-07-11,0.13,0.65,1.99,3.33,0.09
2013-07-12,0.12,0.66,2.0,3.34,0.09
2013-07-13,0.12,0.66,2.0,3.34,0.09
2013-07-14,0.12,0.66,2.0,3.34,0.09
2013-07-15,0.11,0.66,1.97,3.3,0.09
2013-07-16,0.1,0.64,1.95,3.28,0.09
2013-07-17,0.11,0.6,1.91,3.27,0.09
2013-07-18,0.11,0.61,1.95,3.32,0.09
2013-07-19,0.11,0.59,1.9,3.25,0.09
2013-07-20,0.11,0.59,1.9,3.25,0.09
2013-07-21,0.11,0.59,1.9,3.25,0.09
2013-07-22,0.1,0.59,1.9,3.25,0.09
2013-07-23,0.12,0.6,1.92,3.27,0.09
2013-07-24,0.12,0.64,2.0,3.34,0.09
2013-07-25,0.12,0.62,2.0,3.34,0.09
2013-07-26,0.11,0.59,1.98,3.31,0.09
2013-07-27,0.11,0.59,1.98,3.31,0.09
2013-07-28,0.11,0.59,1.98,3.31,0.09
2013-07-29,0.11,0.61,2.0,3.35,0.08
2013-07-30,0.11,0.62,2.02,3.36,0.09
2013-07-31,0.11,0.61,2.0,3.34,0.09
2013-08-01,0.13,0.65,2.15,3.48,0.08
2013-08-02,0.11,0.59,2.01,3.39,0.09
2013-08-03,0.11,0.59,2.01,3.39,0.09
2013-08-04,0.11,0.59,2.01,3.39,0.09
2013-08-05,0.12,0.61,2.04,3.42,0.08
2013-08-06,0.12,0.62,2.04,3.42,0.09
2013-08-07,0.12,0.61,2.0,3.37,0.09
2013-08-08,0.12,0.61,1.98,3.37,0.09
2013-08-09,0.11,0.61,1.98,3.36,0.08
2013-08-10,0.11,0.61,1.98,3.36,0.08
2013-08-11,0.11,0.61,1.98,3.36,0.08
2013-08-12,0.12,0.62,2.01,3.39,0.08
2013-08-13,0.12,0.68,2.13,3.48,0.08
2013-08-14,0.12,0.67,2.12,3.48,0.09
2013-08-15,0.13,0.7,2.18,3.54,0.08
2013-08-16,0.13,0.73,2.25,3.61,0.09
2013-08-17,0.13,0.73,2.25,3.61,0.09
2013-08-18,0.13,0.73,2.25,3.61,0.09
2013-08-19,0.13,0.76,2.29,3.64,0.09
2013-08-20,0.13,0.73,2.22,3.59,0.09
2013-08-21,0.14,0.76,2.3,3.64,0.08
2013-08-22,0.14,0.82,2.34,3.63,0.09
2013-08-23,0.14,0.8,2.27,3.55,0.08
2013-08-24,0.14,0.8,2.27,3.55,0.08
2013-08-25,0.14,0.8,2.27,3.55,0.08
2013-08-26,0.13,0.79,2.23,3.52,0.08
2013-08-27,0.12,0.77,2.15,3.45,0.07
2013-08-28,0.14,0.79,2.22,3.5,0.07
2013-08-29,0.14,0.79,2.2,3.45,0.08
2013-08-30,0.13,0.79,2.24,3.46,0.07
2013-08-31,0.13,0.79,2.24,3.46,0.07
2013-09-01,0.13,0.79,2.24,3.46,0.07
2013-09-02,0.13,0.79,2.24,3.46,0.07
2013-09-03,0.14,0.83,2.31,3.54,0.09
2013-09-04,0.14,0.89,2.36,3.56,0.08
2013-09-05,0.16,0.97,2.45,3.64,0.08
2013-09-06,0.14,0.91,2.38,3.62,0.08
2013-09-07,0.14,0.91,2.38,3.62,0.08
2013-09-08,0.14,0.91,2.38,3.62,0.08
2013-09-09,0.12,0.87,2.34,3.6,0.08
2013-09-10,0.13,0.92,2.4,3.65,0.08
2013-09-11,0.12,0.88,2.34,3.61,0.08
2013-09-12,0.13,0.87,2.34,3.6,0.08
2013-09-13,0.13,0.87,2.32,3.59,0.08
2013-09-14,0.13,0.87,2.32,3.59,0.08
2013-09-15,0.13,0.87,2.32,3.59,0.08
2013-09-16,0.13,0.8,2.27,3.61,0.08
2013-09-17,0.12,0.78,2.26,3.57,0.08
2013-09-18,0.11,0.67,2.05,3.46,0.08
2013-09-19,0.1,0.69,2.13,3.52,0.09
2013-09-20,0.11,0.69,2.13,3.5,0.08
2013-09-21,0.11,0.69,2.13,3.5,0.08
2013-09-22,0.11,0.69,2.13,3.5,0.08
2013-09-23,0.1,0.68,2.1,3.46,0.09
2013-09-24,0.1,0.67,2.05,3.4,0.09
2013-09-25,0.1,0.66,2.01,3.37,0.08
2013-09-26,0.09,0.67,2.05,3.41,0.08
2013-09-27,0.1,0.64,2.02,3.4,0.08
2013-09-28,0.1,0.64,2.02,3.4,0.08
2013-09-29,0.1,0.64,2.02,3.4,0.08
2013-09-30,0.1,0.63,2.02,3.41,0.06
2013-10-01,0.1,0.66,2.04,3.43,0.08
2013-10-02,0.11,0.62,2.01,3.41,0.07
2013-10-03,0.11,0.61,1.99,3.4,0.08
2013-10-04,0.11,0.66,2.05,3.43,0.08
2013-10-05,0.11,0.66,2.05,3.43,0.08
2013-10-06,0.11,0.66,2.05,3.43,0.08
2013-10-07,0.12,0.66,2.03,3.41,0.08
2013-10-08,0.15,0.7,2.05,3.41,0.08
2013-10-09,0.15,0.68,2.06,3.43,0.09
2013-10-10,0.14,0.68,2.09,3.46,0.09
2013-10-11,0.14,0.66,2.07,3.45,0.1
2013-10-12,0.14,0.66,2.07,3.45,0.1
2013-10-13,0.14,0.66,2.07,3.45,0.1
2013-10-14,0.14,0.66,2.07,3.45,0.1
2013-10-15,0.16,0.68,2.11,3.5,0.1
2013-10-16,0.15,0.64,2.06,3.43,0.11
2013-10-17,0.13,0.61,1.98,3.36,0.1
2013-10-18,0.12,0.62,1.98,3.36,0.1
2013-10-19,0.12,0.62,1.98,3.36,0.1
2013-10-20,0.12,0.62,1.98,3.36,0.1
2013-10-21,0.11,0.63,2.01,3.39,0.09
2013-10-22,0.1,0.59,1.92,3.31,0.08
2013-10-23,0.11,0.6,1.9,3.29,0.08
2013-10-24,0.12,0.59,1.92,3.3,0.08
2013-10-25,0.11,0.59,1.9,3.3,0.08
2013-10-26,0.11,0.59,1.9,3.3,0.08
2013-10-27,0.11,0.59,1.9,3.3,0.08
2013-10-28,0.11,0.59,1.91,3.31,0.08
2013-10-29,0.11,0.59,1.9,3.31,0.08
2013-10-30,0.11,0.58,1.93,3.33,0.08
2013-10-31,0.1,0.57,1.95,3.33,0.07
2013-11-01,0.1,0.61,2.03,3.4,0.08
2013-11-02,0.1,0.61,2.03,3.4,0.08
2013-11-03,0.1,0.61,2.03,3.4,0.08
2013-11-04,0.09,0.6,2.01,3.4,0.08
2013-11-05,0.1,0.6,2.06,3.46,0.08
2013-11-06,0.11,0.58,2.02,3.46,0.08
2013-11-07,0.11,0.55,1.98,3.41,0.08
2013-11-08,0.12,0.62,2.12,3.55,0.08
2013-11-09,0.12,0.62,2.12,3.55,0.08
2013-11-10,0.12,0.62,2.12,3.55,0.08
2013-11-11,0.12,0.62,2.12,3.55,0.08
2013-11-12,0.13,0.65,2.16,3.57,0.08
2013-11-13,0.13,0.61,2.1,3.54,0.08
2013-11-14,0.13,0.56,2.04,3.49,0.09
2013-11-15,0.13,0.58,2.06,3.5,0.09
2013-11-16,0.13,0.58,2.06,3.5,0.09
2013-11-17,0.13,0.58,2.06,3.5,0.09
2013-11-18,0.13,0.56,2.02,3.46,0.09
2013-11-19,0.14,0.58,2.06,3.5,0.09
2013-11-20,0.12,0.57,2.13,3.61,0.09
2013-11-21,0.12,0.55,2.12,3.59,0.09
2013-11-22,0.12,0.57,2.1,3.54,0.09
2013-11-23,0.12,0.57,2.1,3.54,0.09
2013-11-24,0.12,0.57,2.1,3.54,0.09
2013-11-25,0.14,0.57,2.08,3.53,0.09
2013-11-26,0.13,0.55,2.05,3.5,0.09
2013-11-27,0.13,0.55,2.08,3.52,0.09
2013-11-28,0.13,0.55,2.08,3.52,0.09
2013-11-29,0.13,0.56,2.1,3.54,0.07
2013-11-30,0.13,0.56,2.1,3.54,0.07
2013-12-01,0.13,0.56,2.1,3.54,0.07
2013-12-02,0.13,0.59,2.16,3.58,0.09
2013-12-03,0.13,0.58,2.13,3.56,0.09
2013-12-04,0.14,0.6,2.19,3.63,0.09
2013-12-05,0.13,0.61,2.23,3.65,0.09
2013-12-06,0.13,0.64,2.23,3.63,0.09
2013-12-07,0.13,0.64,2.23,3.63,0.09
2013-12-08,0.13,0.64,2.23,3.63,0.09
2013-12-09,0.13,0.64,2.23,3.61,0.09
2013-12-10,0.14,0.62,2.17,3.56,0.09
2013-12-11,0.13,0.63,2.21,3.61,0.08
2013-12-12,0.14,0.67,2.26,3.63,0.09
2013-12-13,0.14,0.68,2.25,3.61,0.08
2013-12-14,0.14,0.68,2.25,3.61,0.08
2013-12-15,0.14,0.68,2.25,3.61,0.08
2013-12-16,0.13,0.68,2.26,3.63,0.09
2013-12-17,0.14,0.65,2.22,3.6,0.09
2013-12-18,0.13,0.64,2.26,3.63,0.09
2013-12-19,0.13,0.7,2.35,3.64,0.09
2013-12-20,0.13,0.74,2.33,3.57,0.09
2013-12-21,0.13,0.74,2.33,3.57,0.09
2013-12-22,0.13,0.74,2.33,3.57,0.09
2013-12-23,0.14,0.77,2.37,3.6,0.09
2013-12-24,0.14,0.8,2.43,3.66,0.08
2013-12-25,0.14,0.8,2.43,3.66,0.08
2013-12-26,0.13,0.81,2.43,3.68,0.08
2013-12-27,0.12,0.79,2.44,3.7,0.08
2013-12-28,0.12,0.79,2.44,3.7,0.08
2013-12-29,0.12,0.79,2.44,3.7,0.08
2013-12-30,0.13,0.77,2.4,3.66,0.08
2013-12-31,0.13,0.78,2.45,3.72,0.07
2014-01-01,0.13,0.78,2.45,3.72,0.07
2014-01-02,0.13,0.76,2.41,3.68,0.08
2014-01-03,0.13,0.8,2.42,3.69,0.08
2014-01-04,0.13,0.8,2.42,3.69,0.08
2014-01-05,0.13,0.8,2.42,3.69,0.08
2014-01-06,0.12,0.78,2.38,3.66,0.08
2014-01-07,0.13,0.8,2.37,3.64,0.07
2014-01-08,0.13,0.87,2.44,3.67,0.07
2014-01-09,0.13,0.86,2.41,3.62,0.07
2014-01-10,0.12,0.77,2.29,3.54,0.07
2014-01-11,0.12,0.77,2.29,3.54,0.07
2014-01-12,0.12,0.77,2.29,3.54,0.07
2014-01-13,0.11,0.74,2.25,3.52,0.07
2014-01-14,0.11,0.78,2.3,3.54,0.07
2014-01-15,0.13,0.81,2.33,3.55,0.07
2014-01-16,0.11,0.8,2.3,3.52,0.07
2014-01-17,0.11,0.79,2.27,3.5,0.07
2014-01-18,0.11,0.79,2.27,3.5,0.07
2014-01-19,0.11,0.79,2.27,3.5,0.07
2014-01-20,0.11,0.79,2.27,3.5,0.07
2014-01-21,0.12,0.81,2.29,3.5,0.07
2014-01-22,0.11,0.85,2.34,3.52,0.07
2014-01-23,0.11,0.77,2.24,3.44,0.07
2014-01-24,0.11,0.75,2.2,3.4,0.07
2014-01-25,0.11,0.75,2.2,3.4,0.07
2014-01-26,0.11,0.75,2.2,3.4,0.07
2014-01-27,0.11,0.76,2.24,3.43,0.07
2014-01-28,0.11,0.75,2.22,3.43,0.07
2014-01-29,0.11,0.71,2.15,3.36,0.07
2014-01-30,0.1,0.72,2.19,3.4,0.07
2014-01-31,0.1,0.69,2.13,3.35,0.07
2014-02-01,0.1,0.69,2.13,3.35,0.07
2014-02-02,0.1,0.69,2.13,3.35,0.07
2014-02-03,0.11,0.64,2.07,3.29,0.07
2014-02-04,0.12,0.65,2.09,3.33,0.07
2014-02-05,0.12,0.66,2.14,3.4,0.07
2014-02-06,0.13,0.69,2.17,3.42,0.07
2014-02-07,0.12,0.66,2.13,3.39,0.06
2014-02-08,0.12,0.66,2.13,3.39,0.06
2014-02-09,0.12,0.66,2.13,3.39,0.06
2014-02-10,0.12,0.66,2.13,3.38,0.07
2014-02-11,0.12,0.71,2.19,3.42,0.06
2014-02-12,0.12,0.74,2.23,3.45,0.07
2014-02-13,0.12,0.7,2.16,3.4,0.06
2014-02-14,0.11,0.71,2.17,3.41,0.06
2014-02-15,0.11,0.71,2.17,3.41,0.06
2014-02-16,0.11,0.71,2.17,3.41,0.06
2014-02-17,0.11,0.71,2.17,3.41,0.06
2014-02-18,0.12,0.67,2.14,3.4,0.07
2014-02-19,0.11,0.69,2.17,3.42,0.07
2014-02-20,0.12,0.72,2.2,3.44,0.07
2014-02-21,0.12,0.71,2.19,3.41,0.07
2014-02-22,0.12,0.71,2.19,3.41,0.07
2014-02-23,0.12,0.71,2.19,3.41,0.07
2014-02-24,0.11,0.72,2.2,3.42,0.07
2014-02-25,0.11,0.7,2.16,3.37,0.07
2014-02-26,0.11,0.68,2.12,3.34,0.07
2014-02-27,0.11,0.68,2.11,3.31,0.07
2014-02-28,0.12,0.69,2.13,3.31,0.06
2014-03-01,0.12,0.69,2.13,3.31,0.06
2014-03-02,0.12,0.69,2.13,3.31,0.06
2014-03-03,0.12,0.66,2.07,3.27,0.07
2014-03-04,0.12,0.71,2.17,3.36,0.07
2014-03-05,0.13,0.71,2.16,3.36,0.08
2014-03-06,0.12,0.73,2.2,3.4,0.08
2014-03-07,0.13,0.79,2.27,3.45,0.08
2014-03-08,0.13,0.79,2.27,3.45,0.08
2014-03-09,0.13,0.79,2.27,3.45,0.08
2014-03-10,0.12,0.79,2.26,3.45,0.08
2014-03-11,0.13,0.79,2.25,3.43,0.08
2014-03-12,0.12,0.78,2.2,3.38,0.08
2014-03-13,0.12,0.74,2.14,3.31,0.08
2014-03-14,0.12,0.74,2.14,3.3,0.08
2014-03-15,0.12,0.74,2.14,3.3,0.08
2014-03-16,0.12,0.74,2.14,3.3,0.08
2014-03-17,0.13,0.77,2.19,3.34,0.08
2014-03-18,0.13,0.75,2.16,3.33,0.08
2014-03-19,0.15,0.91,2.31,3.39,0.08
2014-03-20,0.14,0.9,2.31,3.4,0.08
2014-03-21,0.14,0.91,2.3,3.34,0.08
2014-03-22,0.14,0.91,2.3,3.34,0.08
2014-03-23,0.14,0.91,2.3,3.34,0.08
2014-03-24,0.14,0.93,2.31,3.31,0.09
2014-03-25,0.13,0.92,2.32,3.32,0.09
2014-03-26,0.12,0.89,2.27,3.29,0.08
2014-03-27,0.12,0.9,2.26,3.25,0.08
2014-03-28,0.13,0.93,2.31,3.29,0.08
2014-03-29,0.13,0.93,2.31,3.29,0.08
2014-03-30,0.13,0.93,2.31,3.29,0.08
2014-03-31,0.13,0.9,2.3,3.31,0.06
2014-04-01,0.13,0.91,2.32,3.35,0.08
2014-04-02,0.12,0.94,2.39,3.4,0.09
2014-04-03,0.11,0.95,2.38,3.38,0.08
2014-04-04,0.11,0.89,2.3,3.33,0.08
2014-04-05,0.11,0.89,2.3,3.33,0.08
2014-04-06,0.11,0.89,2.3,3.33,0.08
2014-04-07,0.11,0.87,2.27,3.3,0.09
2014-04-08,0.11,0.88,2.24,3.28,0.08
2014-04-09,0.1,0.85,2.24,3.31,0.08
2014-04-10,0.09,0.81,2.17,3.24,0.08
2014-04-11,0.09,0.8,2.16,3.22,0.09
2014-04-12,0.09,0.8,2.16,3.22,0.09
2014-04-13,0.09,0.8,2.16,3.22,0.09
2014-04-14,0.1,0.82,2.18,3.23,0.09
2014-04-15,0.11,0.84,2.18,3.2,0.1
2014-04-16,0.11,0.87,2.21,3.2,0.09
2014-04-17,0.11,0.91,2.31,3.27,0.09
2014-04-18,0.11,0.91,2.31,3.27,0.1
2014-04-19,0.11,0.91,2.31,3.27,0.1
2014-04-20,0.11,0.91,2.31,3.27,0.1
2014-04-21,0.11,0.91,2.31,3.27,0.1
2014-04-22,0.11,0.93,2.31,3.25,0.1
2014-04-23,0.11,0.91,2.28,3.22,0.1
2014-04-24,0.1,0.91,2.3,3.22,0.1
2014-04-25,0.11,0.9,2.28,3.2,0.09
2014-04-26,0.11,0.9,2.28,3.2,0.09
2014-04-27,0.11,0.9,2.28,3.2,0.09
2014-04-28,0.1,0.9,2.29,3.23,0.09
2014-04-29,0.11,0.91,2.29,3.25,0.1
2014-04-30,0.11,0.87,2.25,3.22,0.09
2014-05-01,0.1,0.86,2.21,3.16,0.09
2014-05-02,0.1,0.89,2.2,3.12,0.09
2014-05-03,0.1,0.89,2.2,3.12,0.09
2014-05-04,0.1,0.89,2.2,3.12,0.09
2014-05-05,0.11,0.9,2.22,3.16,0.09
2014-05-06,0.1,0.92,2.2,3.13,0.09
2014-05-07,0.1,0.89,2.18,3.12,0.08
2014-05-08,0.1,0.86,2.16,3.17,0.08
2014-05-09,0.1,0.86,2.17,3.18,0.08
2014-05-10,0.1,0.86,2.17,3.18,0.08
2014-05-11,0.1,0.86,2.17,3.18,0.08
2014-05-12,0.09,0.87,2.21,3.21,0.08
2014-05-13,0.1,0.84,2.16,3.17,0.09
2014-05-14,0.1,0.81,2.1,3.09,0.08
2014-05-15,0.09,0.8,2.05,3.05,0.09
2014-05-16,0.09,0.8,2.08,3.07,0.09
2014-05-17,0.09,0.8,2.08,3.07,0.09
2014-05-18,0.09,0.8,2.08,3.07,0.09
2014-05-19,0.09,0.79,2.09,3.11,0.09
2014-05-20,0.09,0.77,2.06,3.1,0.09
2014-05-21,0.09,0.79,2.08,3.13,0.09
2014-05-22,0.09,0.8,2.1,3.15,0.09
2014-05-23,0.1,0.79,2.09,3.12,0.09
2014-05-24,0.1,0.79,2.09,3.12,0.09
2014-05-25,0.1,0.79,2.09,3.12,0.09
2014-05-26,0.1,0.79,2.09,3.12,0.09
2014-05-27,0.09,0.79,2.08,3.09,0.09
2014-05-28,0.1,0.76,2.01,3.01,0.09
2014-05-29,0.1,0.77,2.03,3.03,0.09
2014-05-30,0.1,0.79,2.06,3.05,0.08
2014-05-31,0.1,0.79,2.06,3.05,0.08
2014-06-01,0.1,0.79,2.06,3.05,0.08
2014-06-02,0.1,0.83,2.12,3.1,0.09
2014-06-03,0.1,0.85,2.18,3.17,0.1
2014-06-04,0.1,0.85,2.2,3.18,0.09
2014-06-05,0.1,0.82,2.17,3.17,0.09
2014-06-06,0.11,0.86,2.19,3.17,0.09
2014-06-07,0.11,0.86,2.19,3.17,0.09
2014-06-08,0.11,0.86,2.19,3.17,0.09
2014-06-09,0.11,0.88,2.22,3.18,0.09
2014-06-10,0.11,0.93,2.24,3.2,0.09
2014-06-11,0.11,0.91,2.23,3.2,0.09
2014-06-12,0.1,0.88,2.17,3.14,0.09
2014-06-13,0.11,0.93,2.21,3.14,0.1
2014-06-14,0.11,0.93,2.21,3.14,0.1
2014-06-15,0.11,0.93,2.21,3.14,0.1
2014-06-16,0.11,0.95,2.21,3.14,0.1
2014-06-17,0.11,0.99,2.27,3.19,0.1
2014-06-18,0.1,0.95,2.21,3.16,0.1
2014-06-19,0.09,0.94,2.22,3.2,0.1
2014-06-20,0.09,0.94,2.22,3.18,0.1
2014-06-21,0.09,0.94,2.22,3.18,0.1
2014-06-22,0.09,0.94,2.22,3.18,0.1
2014-06-23,0.1,0.96,2.23,3.18,0.1
2014-06-24,0.12,0.95,2.19,3.14,0.1
2014-06-25,0.11,0.92,2.17,3.12,0.1
2014-06-26,0.11,0.9,2.14,3.08,0.1
2014-06-27,0.1,0.88,2.14,3.1,0.1
2014-06-28,0.1,0.88,2.14,3.1,0.1
2014-06-29,0.1,0.88,2.14,3.1,0.1
2014-06-30,0.11,0.88,2.13,3.08,0.09
2014-07-01,0.11,0.9,2.17,3.13,0.1
2014-07-02,0.12,0.95,2.22,3.2,0.1
2014-07-03,0.11,0.98,2.25,3.21,0.09
2014-07-04,0.11,0.98,2.25,3.21,0.09
2014-07-05,0.11,0.98,2.25,3.21,0.09
2014-07-06,0.11,0.98,2.25,3.21,0.09
2014-07-07,0.12,1.0,2.24,3.17,0.1
2014-07-08,0.11,0.99,2.19,3.12,0.09
2014-07-09,0.11,0.97,2.17,3.1,0.09
2014-07-10,0.1,0.93,2.15,3.1,0.09
2014-07-11,0.11,0.92,2.13,3.07,0.09
2014-07-12,0.11,0.92,2.13,3.07,0.09
2014-07-13,0.11,0.92,2.13,3.07,0.09
2014-07-14,0.11,0.95,2.17,3.1,0.09
2014-07-15,0.11,0.97,2.18,3.1,0.09
2014-07-16,0.11,0.98,2.18,3.08,0.09
2014-07-17,0.1,0.94,2.11,3.01,0.09
2014-07-18,0.1,0.97,2.14,3.03,0.09
2014-07-19,0.1,0.97,2.14,3.03,0.09
2014-07-20,0.1,0.97,2.14,3.03,0.09
2014-07-21,0.11,0.99,2.14,3.01,0.1
2014-07-22,0.11,0.97,2.13,3.0,0.09
2014-07-23,0.11,0.96,2.12,3.0,0.09
2014-07-24,0.11,1.0,2.18,3.04,0.09
2014-07-25,0.11,0.98,2.14,2.99,0.09
2014-07-26,0.11,0.98,2.14,2.99,0.09
2014-07-27,0.11,0.98,2.14,2.99,0.09
2014-07-28,0.11,1.01,2.17,3.01,0.09
2014-07-29,0.12,1.0,2.14,2.97,0.09
2014-07-30,0.13,1.04,2.24,3.06,0.09
2014-07-31,0.12,1.02,2.24,3.07,0.08
2014-08-01,0.13,0.94,2.16,3.03,0.09
2014-08-02,0.13,0.94,2.16,3.03,0.09
2014-08-03,0.13,0.94,2.16,3.03,0.09
2014-08-04,0.12,0.93,2.15,3.04,0.09
2014-08-05,0.12,0.93,2.14,3.02,0.09
2014-08-06,0.11,0.93,2.13,3.01,0.09
2014-08-07,0.11,0.89,2.07,2.97,0.09
2014-08-08,0.1,0.91,2.09,2.97,0.09
2014-08-09,0.1,0.91,2.09,2.97,0.09
2014-08-10,0.1,0.91,2.09,2.97,0.09
2014-08-11,0.1,0.93,2.09,2.97,0.09
2014-08-12,0.1,0.92,2.1,3.0,0.09
2014-08-13,0.1,0.88,2.06,2.97,0.09
2014-08-14,0.1,0.87,2.04,2.93,0.09
2014-08-15,0.09,0.86,1.99,2.86,0.09
2014-08-16,0.09,0.86,1.99,2.86,0.09
2014-08-17,0.09,0.86,1.99,2.86,0.09
2014-08-18,0.1,0.89,2.04,2.92,0.09
2014-08-19,0.11,0.9,2.05,2.94,0.09
2014-08-20,0.12,0.94,2.09,2.95,0.09
2014-08-21,0.1,0.95,2.08,2.92,0.09
2014-08-22,0.1,0.98,2.1,2.9,0.09
2014-08-23,0.1,0.98,2.1,2.9,0.09
2014-08-24,0.1,0.98,2.1,2.9,0.09
2014-08-25,0.11,0.99,2.09,2.88,0.09
2014-08-26,0.12,0.98,2.08,2.89,0.09
2014-08-27,0.11,0.97,2.05,2.85,0.09
2014-08-28,0.11,0.95,2.04,2.82,0.09
2014-08-29,0.09,0.94,2.05,2.83,0.07
2014-08-30,0.09,0.94,2.05,2.83,0.07
2014-08-31,0.09,0.94,2.05,2.83,0.07
2014-09-01,0.09,0.94,2.05,2.83,0.07
2014-09-02,0.1,0.99,2.11,2.91,0.09
2014-09-03,0.11,0.99,2.11,2.9,0.09
2014-09-04,0.1,1.01,2.14,2.95,0.09
2014-09-05,0.1,0.99,2.14,2.97,0.09
2014-09-06,0.1,0.99,2.14,2.97,0.09
2014-09-07,0.1,0.99,2.14,2.97,0.09
2014-09-08,0.1,1.02,2.16,2.97,0.09
2014-09-09,0.11,1.06,2.19,2.97,0.09
2014-09-10,0.11,1.07,2.22,3.01,0.09
2014-09-11,0.11,1.07,2.22,3.02,0.09
2014-09-12,0.11,1.07,2.29,3.1,0.09
2014-09-13,0.11,1.07,2.29,3.1,0.09
2014-09-14,0.11,1.07,2.29,3.1,0.09
2014-09-15,0.11,1.06,2.26,3.09,0.09
2014-09-16,0.13,1.04,2.26,3.11,0.09
2014-09-17,0.12,1.08,2.29,3.12,0.09
2014-09-18,0.12,1.1,2.32,3.12,0.09
2014-09-19,0.11,1.09,2.29,3.05,0.09
2014-09-20,0.11,1.09,2.29,3.05,0.09
2014-09-21,0.11,1.09,2.29,3.05,0.09
2014-09-22,0.1,1.06,2.26,3.04,0.09
2014-09-23,0.1,1.05,2.23,3.01,0.09
2014-09-24,0.11,1.08,2.26,3.04,0.09
2014-09-25,0.1,1.03,2.21,2.98,0.09
2014-09-26,0.11,1.08,2.24,2.99,0.09
2014-09-27,0.11,1.08,2.24,2.99,0.09
2014-09-28,0.11,1.08,2.24,2.99,0.09
2014-09-29,0.11,1.06,2.21,2.95,0.08
2014-09-30,0.13,1.07,2.22,2.98,0.07
2014-10-01,0.1,1.0,2.12,2.87,0.09
2014-10-02,0.1,1.01,2.14,2.9,0.09
2014-10-03,0.11,1.05,2.16,2.89,0.09
2014-10-04,0.11,1.05,2.16,2.89,0.09
2014-10-05,0.11,1.05,2.16,2.89,0.09
2014-10-06,0.11,1.02,2.13,2.88,0.09
2014-10-07,0.1,0.98,2.06,2.81,0.09
2014-10-08,0.1,0.9,2.02,2.82,0.09
2014-10-09,0.1,0.91,2.02,2.81,0.08
2014-10-10,0.1,0.89,1.99,2.77,0.09
2014-10-11,0.1,0.89,1.99,2.77,0.09
2014-10-12,0.1,0.89,1.99,2.77,0.09
2014-10-13,0.1,0.89,1.99,2.77,0.09
2014-10-14,0.09,0.8,1.88,2.68,0.09
2014-10-15,0.1,0.73,1.8,2.64,0.09
2014-10-16,0.1,0.75,1.82,2.66,0.09
2014-10-17,0.11,0.79,1.88,2.7,0.09
2014-10-18,0.11,0.79,1.88,2.7,0.09
2014-10-19,0.11,0.79,1.88,2.7,0.09
2014-10-20,0.1,0.76,1.85,2.68,0.09
2014-10-21,0.1,0.77,1.88,2.72,0.09
2014-10-22,0.11,0.8,1.9,2.73,0.09
2014-10-23,0.11,0.83,1.95,2.77,0.09
2014-10-24,0.11,0.82,1.96,2.77,0.09
2014-10-25,0.11,0.82,1.96,2.77,0.09
2014-10-26,0.11,0.82,1.96,2.77,0.09
2014-10-27,0.11,0.81,1.94,2.75,0.09
2014-10-28,0.11,0.84,1.97,2.79,0.09
2014-10-29,0.11,0.93,2.03,2.79,0.09
2014-10-30,0.11,0.91,2.02,2.77,0.09
2014-10-31,0.11,0.95,2.05,2.81,0.07
2014-11-01,0.11,0.95,2.05,2.81,0.07
2014-11-02,0.11,0.95,2.05,2.81,0.07
2014-11-03,0.12,0.96,2.05,2.8,0.09
2014-11-04,0.11,0.97,2.05,2.78,0.1
2014-11-05,0.11,0.97,2.05,2.79,0.09
2014-11-06,0.12,1.01,2.09,2.83,0.09
2014-11-07,0.12,0.95,2.01,2.76,0.09
2014-11-08,0.12,0.95,2.01,2.76,0.09
2014-11-09,0.12,0.95,2.01,2.76,0.09
2014-11-10,0.13,1.0,2.07,2.81,0.09
2014-11-11,0.13,1.0,2.07,2.81,0.09
2014-11-12,0.14,1.0,2.06,2.81,0.09
2014-11-13,0.15,0.97,2.05,2.8,0.09
2014-11-14,0.15,0.96,2.02,2.77,0.09
2014-11-15,0.15,0.96,2.02,2.77,0.09
2014-11-16,0.15,0.96,2.02,2.77,0.09
2014-11-17,0.15,0.96,2.04,2.79,0.1
2014-11-18,0.14,0.96,2.03,2.77,0.11
2014-11-19,0.15,0.99,2.07,2.8,0.1
2014-11-20,0.14,0.97,2.05,2.78,0.1
2014-11-21,0.14,0.96,2.03,2.75,0.1
2014-11-22,0.14,0.96,2.03,2.75,0.1
2014-11-23,0.14,0.96,2.03,2.75,0.1
2014-11-24,0.14,0.95,2.02,2.74,0.1
2014-11-25,0.14,0.94,1.98,2.69,0.1
2014-11-26,0.14,0.93,1.96,2.67,0.1
2014-11-27,0.14,0.93,1.96,2.67,0.1
2014-11-28,0.13,0.88,1.89,2.62,0.08
2014-11-29,0.13,0.88,1.89,2.62,0.08
2014-11-30,0.13,0.88,1.89,2.62,0.08
2014-12-01,0.13,0.9,1.93,2.66,0.13
2014-12-02,0.14,0.96,2.0,2.72,0.12
2014-12-03,0.15,0.98,2.01,2.71,0.12
2014-12-04,0.14,0.97,1.98,2.66,0.12
2014-12-05,0.18,1.09,2.06,2.69,0.12
2014-12-06,0.18,1.09,2.06,2.69,0.12
2014-12-07,0.18,1.09,2.06,2.69,0.12
2014-12-08,0.18,1.1,2.02,2.62,0.12
2014-12-09,0.23,1.07,1.97,2.58,0.12
2014-12-10,0.21,1.01,1.92,2.54,0.12
2014-12-11,0.21,1.05,1.96,2.54,0.12
2014-12-12,0.19,0.98,1.86,2.45,0.12
2014-12-13,0.19,0.98,1.86,2.45,0.12
2014-12-14,0.19,0.98,1.86,2.45,0.12
2014-12-15,0.22,1.03,1.9,2.45,0.11
2014-12-16,0.21,0.99,1.85,2.4,0.12
2014-12-17,0.23,1.06,1.93,2.46,0.13
2014-12-18,0.25,1.1,2.01,2.54,0.13
2014-12-19,0.26,1.1,1.98,2.48,0.13
2014-12-20,0.26,1.1,1.98,2.48,0.13
2014-12-21,0.26,1.1,1.98,2.48,0.13
2014-12-22,0.28,1.13,1.98,2.47,0.13
2014-12-23,0.26,1.17,2.06,2.57,0.13
2014-12-24,0.26,1.18,2.09,2.56,0.13
2014-12-25,0.26,1.18,2.09,2.56,0.13
2014-12-26,0.26,1.19,2.07,2.54,0.13
2014-12-27,0.26,1.19,2.07,2.54,0.13
2014-12-28,0.26,1.19,2.07,2.54,0.13
2014-12-29,0.25,1.14,2.02,2.51,0.13
2014-12-30,0.23,1.11,2.0,2.49,0.13
2014-12-31,0.25,1.1,1.97,2.47,0.06
2015-01-01,0.25,1.1,1.97,2.47,0.06
2015-01-02,0.25,1.07,1.92,2.41,0.12
2015-01-03,0.25,1.07,1.92,2.41,0.12
2015-01-04,0.25,1.07,1.92,2.41,0.12
2015-01-05,0.26,1.06,1.85,2.32,0.12
2015-01-06,0.25,1.02,1.78,2.25,0.12
2015-01-07,0.25,1.0,1.76,2.25,0.12
2015-01-08,0.23,1.0,1.81,2.33,0.12
2015-01-09,0.22,0.96,1.75,2.29,0.12
2015-01-10,0.22,0.96,1.75,2.29,0.12
2015-01-11,0.22,0.96,1.75,2.29,0.12
2015-01-12,0.19,0.91,1.69,2.23,0.12
2015-01-13,0.2,0.88,1.67,2.24,0.12
2015-01-14,0.18,0.83,1.62,2.2,0.12
2015-01-15,0.16,0.75,1.53,2.12,0.12
2015-01-16,0.17,0.8,1.6,2.17,0.13
2015-01-17,0.17,0.8,1.6,2.17,0.13
2015-01-18,0.17,0.8,1.6,2.17,0.13
2015-01-19,0.17,0.8,1.6,2.17,0.13
2015-01-20,0.17,0.85,1.61,2.15,0.12
2015-01-21,0.17,0.87,1.66,2.2,0.12
2015-01-22,0.17,0.9,1.69,2.21,0.12
2015-01-23,0.17,0.86,1.62,2.12,0.12
2015-01-24,0.17,0.86,1.62,2.12,0.12
2015-01-25,0.17,0.86,1.62,2.12,0.12
2015-01-26,0.18,0.89,1.64,2.14,0.12
2015-01-27,0.17,0.87,1.62,2.15,0.11
2015-01-28,0.17,0.81,1.53,2.05,0.12
2015-01-29,0.17,0.84,1.59,2.11,0.11
2015-01-30,0.18,0.77,1.49,2.04,0.06
2015-01-31,0.18,0.77,1.49,2.04,0.06
2015-02-01,0.18,0.77,1.49,2.04,0.06
2015-02-02,0.17,0.78,1.49,2.07,0.12
2015-02-03,0.21,0.85,1.6,2.16,0.12
2015-02-04,0.2,0.86,1.61,2.17,0.11
2015-02-05,0.2,0.87,1.62,2.2,0.12
2015-02-06,0.26,1.03,1.77,2.28,0.11
2015-02-07,0.26,1.03,1.77,2.28,0.11
2015-02-08,0.26,1.03,1.77,2.28,0.11
2015-02-09,0.24,1.04,1.78,2.28,0.12
2015-02-10,0.25,1.05,1.82,2.33,0.12
2015-02-11,0.24,1.06,1.83,2.33,0.12
2015-02-12,0.23,1.02,1.81,2.33,0.12
2015-02-13,0.23,1.03,1.84,2.39,0.12
2015-02-14,0.23,1.03,1.84,2.39,0.12
2015-02-15,0.23,1.03,1.84,2.39,0.12
2015-02-16,0.23,1.03,1.84,2.39,0.12
2015-02-17,0.25,1.1,1.95,2.49,0.12
2015-02-18,0.23,1.0,1.86,2.46,0.12
2015-02-19,0.23,1.05,1.92,2.5,0.12
2015-02-20,0.23,1.07,1.94,2.5,0.12
2015-02-21,0.23,1.07,1.94,2.5,0.12
2015-02-22,0.23,1.07,1.94,2.5,0.12
2015-02-23,0.22,1.03,1.88,2.44,0.11
2015-02-24,0.22,0.97,1.79,2.38,0.11
2015-02-25,0.21,0.98,1.78,2.35,0.11
2015-02-26,0.22,1.04,1.86,2.39,0.11
2015-02-27,0.22,1.01,1.82,2.38,0.06
2015-02-28,0.22,1.01,1.82,2.38,0.06
2015-03-01,0.22,1.01,1.82,2.38,0.06
2015-03-02,0.22,1.06,1.89,2.46,0.12
2015-03-03,0.26,1.09,1.94,2.49,0.12
2015-03-04,0.26,1.07,1.93,2.49,0.11
2015-03-05,0.25,1.05,1.9,2.49,0.11
2015-03-06,0.27,1.16,2.04,2.63,0.12
2015-03-07,0.27,1.16,2.04,2.63,0.12
2015-03-08,0.27,1.16,2.04,2.63,0.12
2015-03-09,0.27,1.13,1.99,2.58,0.12
2015-03-10,0.25,1.1,1.94,2.51,0.12
2015-03-11,0.25,1.09,1.92,2.47,0.11
2015-03-12,0.24,1.06,1.91,2.47,0.11
2015-03-13,0.24,1.07,1.93,2.48,0.11
2015-03-14,0.24,1.07,1.93,2.48,0.11
2015-03-15,0.24,1.07,1.93,2.48,0.11
2015-03-16,0.26,1.06,1.9,2.45,0.12
2015-03-17,0.27,1.07,1.87,2.4,0.12
2015-03-18,0.23,0.92,1.73,2.31,0.11
2015-03-19,0.26,0.99,1.79,2.33,0.12
2015-03-20,0.24,0.95,1.73,2.29,0.12
2015-03-21,0.24,0.95,1.73,2.29,0.12
2015-03-22,0.24,0.95,1.73,2.29,0.12
2015-03-23,0.24,0.93,1.71,2.29,0.12
2015-03-24,0.24,0.91,1.68,2.24,0.11
2015-03-25,0.25,0.94,1.73,2.28,0.12
2015-03-26,0.28,0.98,1.81,2.37,0.11
2015-03-27,0.27,0.92,1.74,2.29,0.12
2015-03-28,0.27,0.92,1.74,2.29,0.12
2015-03-29,0.27,0.92,1.74,2.29,0.12
2015-03-30,0.27,0.93,1.74,2.32,0.12
2015-03-31,0.26,0.89,1.71,2.31,0.06
2015-04-01,0.27,0.86,1.65,2.23,0.12
2015-04-02,0.25,0.87,1.69,2.29,0.12
2015-04-03,0.21,0.8,1.6,2.24,0.12
2015-04-04,0.21,0.8,1.6,2.24,0.12
2015-04-05,0.21,0.8,1.6,2.24,0.12
2015-04-06,0.21,0.83,1.67,2.31,0.13
2015-04-07,0.22,0.85,1.66,2.27,0.12
2015-04-08,0.22,0.86,1.68,2.28,0.12
2015-04-09,0.22,0.89,1.73,2.35,0.12
2015-04-10,0.24,0.91,1.73,2.33,0.12
2015-04-11,0.24,0.91,1.73,2.33,0.12
2015-04-12,0.24,0.91,1.73,2.33,0.12
2015-04-13,0.23,0.89,1.71,2.33,0.13
2015-04-14,0.23,0.85,1.67,2.29,0.13
2015-04-15,0.23,0.85,1.66,2.3,0.13
2015-04-16,0.22,0.81,1.64,2.31,0.13
2015-04-17,0.23,0.84,1.63,2.26,0.13
2015-04-18,0.23,0.84,1.63,2.26,0.13
2015-04-19,0.23,0.84,1.63,2.26,0.13
2015-04-20,0.24,0.86,1.65,2.31,0.13
2015-04-21,0.23,0.86,1.67,2.33,0.13
2015-04-22,0.23,0.91,1.75,2.42,0.13
2015-04-23,0.24,0.87,1.7,2.38,0.13
2015-04-24,0.24,0.84,1.68,2.36,0.13
2015-04-25,0.24,0.84,1.68,2.36,0.13
2015-04-26,0.24,0.84,1.68,2.36,0.13
2015-04-27,0.25,0.87,1.69,2.36,0.13
2015-04-28,0.24,0.9,1.75,2.42,0.13
2015-04-29,0.25,0.91,1.8,2.49,0.13
2015-04-30,0.24,0.91,1.79,2.49,0.08
2015-05-01,0.25,0.97,1.87,2.57,0.13
2015-05-02,0.25,0.97,1.87,2.57,0.13
2015-05-03,0.25,0.97,1.87,2.57,0.13
2015-05-04,0.25,0.96,1.9,2.62,0.13
2015-05-05,0.24,1.0,1.92,2.64,0.13
2015-05-06,0.25,1.03,1.97,2.72,0.13
2015-05-07,0.24,1.02,1.93,2.63,0.13
2015-05-08,0.23,0.96,1.89,2.63,0.13
2015-05-09,0.23,0.96,1.89,2.63,0.13
2015-05-10,0.23,0.96,1.89,2.63,0.13
2015-05-11,0.25,1.02,2.0,2.76,0.13
2015-05-12,0.25,1.0,2.0,2.75,0.13
2015-05-13,0.24,0.97,2.0,2.79,0.13
2015-05-14,0.23,0.91,1.94,2.76,0.13
2015-05-15,0.23,0.9,1.87,2.66,0.13
2015-05-16,0.23,0.9,1.87,2.66,0.13
2015-05-17,0.23,0.9,1.87,2.66,0.13
2015-05-18,0.22,0.95,1.95,2.75,0.13
2015-05-19,0.23,1.01,2.01,2.79,0.12
2015-05-20,0.23,0.98,1.98,2.79,0.12
2015-05-21,0.22,0.95,1.92,2.71,0.12
2015-05-22,0.23,1.01,1.96,2.73,0.13
2015-05-23,0.23,1.01,1.96,2.73,0.13
2015-05-24,0.23,1.01,1.96,2.73,0.13
2015-05-25,0.23,1.01,1.96,2.73,0.13
2015-05-26,0.24,0.99,1.9,2.64,0.12
2015-05-27,0.27,1.0,1.9,2.63,0.12
2015-05-28,0.26,0.97,1.89,2.64,0.12
2015-05-29,0.26,0.94,1.86,2.63,0.08
2015-05-30,0.26,0.94,1.86,2.63,0.08
2015-05-31,0.26,0.94,1.86,2.63,0.08
2015-06-01,0.26,0.99,1.93,2.69,0.12
2015-06-02,0.26,1.02,2.01,2.77,0.12
2015-06-03,0.26,1.07,2.12,2.87,0.13
2015-06-04,0.27,1.04,2.05,2.78,0.13
2015-06-05,0.29,1.13,2.16,2.87,0.13
2015-06-06,0.29,1.13,2.16,2.87,0.13
2015-06-07,0.29,1.13,2.16,2.87,0.13
2015-06-08,0.27,1.09,2.13,2.86,0.13
2015-06-09,0.27,1.12,2.16,2.89,0.13
2015-06-10,0.28,1.15,2.22,2.96,0.13
2015-06-11,0.28,1.12,2.14,2.84,0.13
2015-06-12,0.28,1.12,2.15,2.84,0.13
2015-06-13,0.28,1.12,2.15,2.84,0.13
2015-06-14,0.28,1.12,2.15,2.84,0.13
2015-06-15,0.28,1.1,2.11,2.83,0.13
2015-06-16,0.28,1.08,2.07,2.79,0.14
2015-06-17,0.27,1.03,2.05,2.82,0.14
2015-06-18,0.26,1.03,2.08,2.86,0.14
2015-06-19,0.25,0.99,1.99,2.76,0.13
2015-06-20,0.25,0.99,1.99,2.76,0.13
2015-06-21,0.25,0.99,1.99,2.76,0.13
2015-06-22,0.27,1.06,2.1,2.87,0.13
2015-06-23,0.3,1.07,2.14,2.92,0.13
2015-06-24,0.3,1.06,2.12,2.87,0.13
2015-06-25,0.29,1.06,2.14,2.88,0.13
2015-06-26,0.29,1.09,2.2,2.98,0.13
2015-06-27,0.29,1.09,2.2,2.98,0.13
2015-06-28,0.29,1.09,2.2,2.98,0.13
2015-06-29,0.27,1.0,2.05,2.82,0.14
2015-06-30,0.28,1.01,2.07,2.83,0.08
2015-07-01,0.28,1.08,2.14,2.92,0.13
2015-07-02,0.26,1.01,2.09,2.9,0.13
2015-07-03,0.26,1.01,2.09,2.9,0.13
2015-07-04,0.26,1.01,2.09,2.9,0.13
2015-07-05,0.26,1.01,2.09,2.9,0.13
2015-07-06,0.26,0.95,2.0,2.78,0.13
2015-07-07,0.25,0.96,1.98,2.74,0.13
2015-07-08,0.24,0.91,1.92,2.69,0.13
2015-07-09,0.25,0.95,2.01,2.8,0.13
2015-07-10,0.28,1.04,2.12,2.91,0.13
2015-07-11,0.28,1.04,2.12,2.91,0.13
2015-07-12,0.28,1.04,2.12,2.91,0.13
2015-07-13,0.28,1.06,2.14,2.92,0.13
2015-07-14,0.27,1.03,2.1,2.9,0.13
2015-07-15,0.28,1.0,2.05,2.83,0.13
2015-07-16,0.29,1.05,2.07,2.81,0.14
2015-07-17,0.29,1.05,2.07,2.77,0.13
2015-07-18,0.29,1.05,2.07,2.77,0.13
2015-07-19,0.29,1.05,2.07,2.77,0.13
2015-07-20,0.31,1.09,2.11,2.79,0.14
2015-07-21,0.34,1.07,2.08,2.77,0.13
2015-07-22,0.34,1.08,2.07,2.73,0.13
2015-07-23,0.33,1.06,2.03,2.67,0.13
2015-07-24,0.32,1.04,2.02,2.67,0.13
2015-07-25,0.32,1.04,2.02,2.67,0.13
2015-07-26,0.32,1.04,2.02,2.67,0.13
2015-07-27,0.32,1.0,1.96,2.64,0.14
2015-07-28,0.32,1.03,1.99,2.66,0.14
2015-07-29,0.33,1.05,2.02,2.69,0.14
2015-07-30,0.36,1.07,2.02,2.66,0.14
2015-07-31,0.33,1.0,1.93,2.61,0.08
2015-08-01,0.33,1.0,1.93,2.61,0.08
2015-08-02,0.33,1.0,1.93,2.61,0.08
2015-08-03,0.33,0.99,1.89,2.55,0.14
2015-08-04,0.37,1.08,1.97,2.59,0.14
2015-08-05,0.38,1.1,2.02,2.64,0.14
2015-08-06,0.35,1.08,1.98,2.59,0.14
2015-08-07,0.38,1.08,1.93,2.52,0.14
2015-08-08,0.38,1.08,1.93,2.52,0.14
2015-08-09,0.38,1.08,1.93,2.52,0.14
2015-08-10,0.4,1.09,1.98,2.58,0.14
2015-08-11,0.37,1.03,1.89,2.5,0.15
2015-08-12,0.37,1.01,1.88,2.52,0.15
2015-08-13,0.4,1.06,1.94,2.54,0.15
2015-08-14,0.41,1.08,1.96,2.54,0.14
2015-08-15,0.41,1.08,1.96,2.54,0.14
2015-08-16,0.41,1.08,1.96,2.54,0.14
2015-08-17,0.4,1.07,1.92,2.51,0.15
2015-08-18,0.42,1.07,1.95,2.56,0.15
2015-08-19,0.39,0.98,1.85,2.49,0.15
2015-08-20,0.39,1.0,1.84,2.45,0.15
2015-08-21,0.36,0.95,1.79,2.44,0.15
2015-08-22,0.36,0.95,1.79,2.44,0.15
2015-08-23,0.36,0.95,1.79,2.44,0.15
2015-08-24,0.33,0.9,1.75,2.42,0.15
2015-08-25,0.36,0.98,1.86,2.54,0.15
2015-08-26,0.35,0.98,1.9,2.64,0.14
2015-08-27,0.36,0.99,1.91,2.61,0.14
2015-08-28,0.38,1.04,1.92,2.61,0.14
2015-08-29,0.38,1.04,1.92,2.61,0.14
2015-08-30,0.38,1.04,1.92,2.61,0.14
2015-08-31,0.39,1.07,1.94,2.64,0.08
2015-09-01,0.39,1.03,1.89,2.62,0.14
2015-09-02,0.37,1.04,1.92,2.66,0.14
2015-09-03,0.36,1.0,1.9,2.64,0.14
2015-09-04,0.36,1.0,1.85,2.58,0.14
2015-09-05,0.36,1.0,1.85,2.58,0.14
2015-09-06,0.36,1.0,1.85,2.58,0.14
2015-09-07,0.36,1.0,1.85,2.58,0.14
2015-09-08,0.39,1.05,1.92,2.66,0.14
2015-09-09,0.39,1.06,1.91,2.64,0.14
2015-09-10,0.39,1.06,1.93,2.66,0.14
2015-09-11,0.4,1.03,1.89,2.63,0.14
2015-09-12,0.4,1.03,1.89,2.63,0.14
2015-09-13,0.4,1.03,1.89,2.63,0.14
2015-09-14,0.4,1.03,1.88,2.62,0.14
2015-09-15,0.47,1.12,1.99,2.73,0.14
2015-09-16,0.46,1.13,2.01,2.75,0.14
2015-09-17,0.39,1.0,1.9,2.69,0.14
2015-09-18,0.35,0.97,1.83,2.58,0.14
2015-09-19,0.35,0.97,1.83,2.58,0.14
2015-09-20,0.35,0.97,1.83,2.58,0.14
2015-09-21,0.36,1.01,1.9,2.67,0.14
2015-09-22,0.35,0.97,1.83,2.6,0.14
2015-09-23,0.34,1.0,1.85,2.6,0.14
2015-09-24,0.32,0.97,1.84,2.55,0.14
2015-09-25,0.35,1.0,1.87,2.6,0.13
2015-09-26,0.35,1.0,1.87,2.6,0.13
2015-09-27,0.35,1.0,1.87,2.6,0.13
2015-09-28,0.34,0.97,1.8,2.51,0.13
2015-09-29,0.33,0.92,1.74,2.48,0.13
2015-09-30,0.33,0.92,1.75,2.51,0.07
2015-10-01,0.31,0.92,1.75,2.49,0.13
2015-10-02,0.25,0.85,1.67,2.44,0.13
2015-10-03,0.25,0.85,1.67,2.44,0.13
2015-10-04,0.25,0.85,1.67,2.44,0.13
2015-10-05,0.26,0.89,1.74,2.52,0.13
2015-10-06,0.26,0.9,1.72,2.5,0.13
2015-10-07,0.27,0.92,1.75,2.51,0.13
2015-10-08,0.27,0.93,1.79,2.56,0.13
2015-10-09,0.28,0.96,1.8,2.55,0.13
2015-10-10,0.28,0.96,1.8,2.55,0.13
2015-10-11,0.28,0.96,1.8,2.55,0.13
2015-10-12,0.28,0.96,1.8,2.55,0.13
2015-10-13,0.27,0.92,1.74,2.49,0.13
2015-10-14,0.21,0.84,1.66,2.42,0.13
2015-10-15,0.22,0.9,1.72,2.46,0.13
2015-10-16,0.23,0.91,1.73,2.46,0.13
2015-10-17,0.23,0.91,1.73,2.46,0.13
2015-10-18,0.23,0.91,1.73,2.46,0.13
2015-10-19,0.23,0.89,1.73,2.48,0.13
2015-10-20,0.23,0.93,1.78,2.53,0.13
2015-10-21,0.23,0.91,1.74,2.48,0.13
2015-10-22,0.23,0.89,1.74,2.48,0.12
2015-10-23,0.24,0.94,1.81,2.54,0.12
2015-10-24,0.24,0.94,1.81,2.54,0.12
2015-10-25,0.24,0.94,1.81,2.54,0.12
2015-10-26,0.25,0.94,1.78,2.5,0.12
2015-10-27,0.29,0.92,1.75,2.48,0.12
2015-10-28,0.33,1.0,1.83,2.5,0.12
2015-10-29,0.33,1.05,1.9,2.6,0.12
2015-10-30,0.34,1.05,1.88,2.57,0.07
2015-10-31,0.34,1.05,1.88,2.57,0.07
2015-11-01,0.34,1.05,1.88,2.57,0.07
2015-11-02,0.37,1.08,1.93,2.6,0.12
2015-11-03,0.39,1.1,1.96,2.65,0.12
2015-11-04,0.4,1.16,1.99,2.66,0.12
2015-11-05,0.42,1.16,2.0,2.68,0.12
2015-11-06,0.47,1.23,2.09,2.76,0.12
2015-11-07,0.47,1.23,2.09,2.76,0.12
2015-11-08,0.47,1.23,2.09,2.76,0.12
2015-11-09,0.47,1.27,2.11,2.79,0.12
2015-11-10,0.51,1.22,2.08,2.76,0.12
2015-11-11,0.51,1.22,2.08,2.76,0.12
2015-11-12,0.51,1.24,2.09,2.75,0.12
2015-11-13,0.5,1.2,2.05,2.72,0.12
2015-11-14,0.5,1.2,2.05,2.72,0.12
2015-11-15,0.5,1.2,2.05,2.72,0.12
2015-11-16,0.5,1.18,2.02,2.72,0.13
2015-11-17,0.5,1.18,2.02,2.69,0.13
2015-11-18,0.49,1.21,2.04,2.7,0.12
2015-11-19,0.49,1.21,2.02,2.66,0.12
2015-11-20,0.49,1.23,2.04,2.68,0.12
2015-11-21,0.49,1.23,2.04,2.68,0.12
2015-11-22,0.49,1.23,2.04,2.68,0.12
2015-11-23,0.5,1.26,2.03,2.66,0.12
2015-11-24,0.52,1.23,2.01,2.65,0.12
2015-11-25,0.52,1.25,2.01,2.64,0.12
2015-11-26,0.52,1.25,2.01,2.64,0.12
2015-11-27,0.5,1.23,1.99,2.64,0.12
2015-11-28,0.5,1.23,1.99,2.64,0.12
2015-11-29,0.5,1.23,1.99,2.64,0.12
2015-11-30,0.51,1.24,1.99,2.63,0.08
2015-12-01,0.51,1.19,1.93,2.55,0.13
2015-12-02,0.52,1.23,1.97,2.55,0.13
2015-12-03,0.57,1.27,2.1,2.72,0.13
2015-12-04,0.6,1.25,2.06,2.65,0.13
2015-12-05,0.6,1.25,2.06,2.65,0.13
2015-12-06,0.6,1.25,2.06,2.65,0.13
2015-12-07,0.67,1.24,2.02,2.59,0.13
2015-12-08,0.76,1.25,2.02,2.61,0.13
2015-12-09,0.72,1.22,1.99,2.59,0.14
2015-12-10,0.71,1.25,2.03,2.6,0.14
2015-12-11,0.68,1.16,1.91,2.49,0.14
2015-12-12,0.68,1.16,1.91,2.49,0.14
2015-12-13,0.68,1.16,1.91,2.49,0.14
2015-12-14,0.68,1.25,2.02,2.59,0.15
2015-12-15,0.69,1.29,2.06,2.62,0.15
2015-12-16,0.7,1.35,2.11,2.65,0.15
2015-12-17,0.69,1.33,2.05,2.57,0.37
2015-12-18,0.67,1.27,2.0,2.54,0.37
2015-12-19,0.67,1.27,2.0,2.54,0.37
2015-12-20,0.67,1.27,2.0,2.54,0.37
2015-12-21,0.64,1.28,2.0,2.55,0.36
2015-12-22,0.66,1.31,2.04,2.6,0.36
2015-12-23,0.65,1.32,2.07,2.64,0.36
2015-12-24,0.64,1.33,2.06,2.61,0.36
2015-12-25,0.64,1.33,2.06,2.61,0.36
2015-12-26,0.64,1.33,2.06,2.61,0.36
2015-12-27,0.64,1.33,2.06,2.61,0.36
2015-12-28,0.66,1.33,2.05,2.59,0.36
2015-12-29,0.67,1.38,2.12,2.69,0.36
2015-12-30,0.64,1.36,2.14,2.69,0.35
2015-12-31,0.65,1.31,2.09,2.67,0.2
2016-01-01,0.65,1.31,2.09,2.67,0.2
2016-01-02,0.65,1.31,2.09,2.67,0.2
2016-01-03,0.65,1.31,2.09,2.67,0.2
2016-01-04,0.61,1.31,2.06,2.64,0.36
2016-01-05,0.68,1.32,2.06,2.67,0.36
2016-01-06,0.67,1.26,1.98,2.59,0.36
2016-01-07,0.66,1.22,1.94,2.56,0.36
2016-01-08,0.64,1.2,1.91,2.55,0.36
2016-01-09,0.64,1.2,1.91,2.55,0.36
2016-01-10,0.64,1.2,1.91,2.55,0.36
2016-01-11,0.63,1.2,1.94,2.59,0.36
2016-01-12,0.62,1.18,1.88,2.51,0.36
2016-01-13,0.6,1.15,1.85,2.47,0.36
2016-01-14,0.55,1.14,1.87,2.51,0.36
2016-01-15,0.49,1.08,1.79,2.44,0.36
2016-01-16,0.49,1.08,1.79,2.44,0.36
2016-01-17,0.49,1.08,1.79,2.44,0.36
2016-01-18,0.49,1.08,1.79,2.44,0.36
2016-01-19,0.48,1.11,1.82,2.45,0.36
2016-01-20,0.43,1.06,1.76,2.41,0.37
2016-01-21,0.44,1.06,1.77,2.42,0.37
2016-01-22,0.47,1.11,1.81,2.46,0.38
2016-01-23,0.47,1.11,1.81,2.46,0.38
2016-01-24,0.47,1.11,1.81,2.46,0.38
2016-01-25,0.47,1.1,1.79,2.42,0.38
2016-01-26,0.47,1.07,1.76,2.41,0.38
2016-01-27,0.47,1.07,1.76,2.42,0.38
2016-01-28,0.47,1.05,1.75,2.41,0.38
2016-01-29,0.47,0.97,1.67,2.36,0.29
2016-01-30,0.47,0.97,1.67,2.36,0.29
2016-01-31,0.47,0.97,1.67,2.36,0.29
2016-02-01,0.47,1.01,1.72,2.38,0.38
2016-02-02,0.54,0.93,1.61,2.27,0.38
2016-02-03,0.54,0.91,1.61,2.3,0.38
2016-02-04,0.52,0.9,1.6,2.29,0.38
2016-02-05,0.55,0.91,1.58,2.27,0.38
2016-02-06,0.55,0.91,1.58,2.27,0.38
2016-02-07,0.55,0.91,1.58,2.27,0.38
2016-02-08,0.51,0.83,1.48,2.17,0.38
2016-02-09,0.52,0.85,1.47,2.16,0.38
2016-02-10,0.52,0.85,1.46,2.13,0.38
2016-02-11,0.47,0.81,1.39,2.06,0.38
2016-02-12,0.51,0.89,1.5,2.15,0.38
2016-02-13,0.51,0.89,1.5,2.15,0.38
2016-02-14,0.51,0.89,1.5,2.15,0.38
2016-02-15,0.51,0.89,1.5,2.15,0.38
2016-02-16,0.51,0.91,1.53,2.19,0.38
2016-02-17,0.53,0.93,1.57,2.24,0.37
2016-02-18,0.53,0.88,1.51,2.17,0.38
2016-02-19,0.53,0.91,1.53,2.17,0.38
2016-02-20,0.53,0.91,1.53,2.17,0.38
2016-02-21,0.53,0.91,1.53,2.17,0.38
2016-02-22,0.55,0.92,1.54,2.18,0.38
2016-02-23,0.55,0.9,1.51,2.16,0.38
2016-02-24,0.55,0.9,1.52,2.16,0.38
2016-02-25,0.56,0.85,1.47,2.14,0.37
2016-02-26,0.6,0.93,1.55,2.2,0.37
2016-02-27,0.6,0.93,1.55,2.2,0.37
2016-02-28,0.6,0.93,1.55,2.2,0.37
2016-02-29,0.62,0.91,1.52,2.19,0.29
2016-03-01,0.68,0.98,1.62,2.28,0.36
2016-03-02,0.67,1.0,1.65,2.27,0.37
2016-03-03,0.65,0.99,1.63,2.23,0.37
2016-03-04,0.67,1.04,1.69,2.29,0.36
2016-03-05,0.67,1.04,1.69,2.29,0.36
2016-03-06,0.67,1.04,1.69,2.29,0.36
2016-03-07,0.67,1.08,1.72,2.3,0.36
2016-03-08,0.68,1.04,1.64,2.22,0.36
2016-03-09,0.68,1.07,1.69,2.27,0.36
2016-03-10,0.69,1.11,1.75,2.29,0.36
2016-03-11,0.7,1.16,1.79,2.34,0.36
2016-03-12,0.7,1.16,1.79,2.34,0.36
2016-03-13,0.7,1.16,1.79,2.34,0.36
2016-03-14,0.7,1.15,1.78,2.33,0.36
2016-03-15,0.71,1.16,1.78,2.33,0.37
2016-03-16,0.66,1.05,1.72,2.32,0.37
2016-03-17,0.64,1.04,1.7,2.28,0.37
2016-03-18,0.62,1.0,1.66,2.26,0.37
2016-03-19,0.62,1.0,1.66,2.26,0.37
2016-03-20,0.62,1.0,1.66,2.26,0.37
2016-03-21,0.63,1.05,1.7,2.31,0.37
2016-03-22,0.64,1.08,1.74,2.32,0.37
2016-03-23,0.64,1.03,1.67,2.25,0.37
2016-03-24,0.63,1.05,1.7,2.28,0.37
2016-03-25,0.63,1.05,1.7,2.28,0.37
2016-03-26,0.63,1.05,1.7,2.28,0.37
2016-03-27,0.63,1.05,1.7,2.28,0.37
2016-03-28,0.65,1.04,1.68,2.26,0.37
2016-03-29,0.63,0.94,1.59,2.2,0.37
2016-03-30,0.61,0.91,1.6,2.24,0.37
2016-03-31,0.59,0.87,1.54,2.2,0.25
2016-04-01,0.62,0.9,1.56,2.2,0.37
2016-04-02,0.62,0.9,1.56,2.2,0.37
2016-04-03,0.62,0.9,1.56,2.2,0.37
2016-04-04,0.59,0.88,1.53,2.19,0.37
2016-04-05,0.56,0.85,1.49,2.13,0.37
2016-04-06,0.55,0.88,1.52,2.17,0.37
2016-04-07,0.52,0.83,1.46,2.1,0.37
2016-04-08,0.54,0.84,1.47,2.13,0.37
2016-04-09,0.54,0.84,1.47,2.13,0.37
2016-04-10,0.54,0.84,1.47,2.13,0.37
2016-04-11,0.53,0.85,1.48,2.14,0.37
2016-04-12,0.54,0.9,1.54,2.18,0.37
2016-04-13,0.55,0.9,1.53,2.16,0.37
2016-04-14,0.55,0.92,1.57,2.18,0.37
2016-04-15,0.53,0.87,1.52,2.14,0.37
2016-04-16,0.53,0.87,1.52,2.14,0.37
2016-04-17,0.53,0.87,1.52,2.14,0.37
2016-04-18,0.52,0.9,1.54,2.17,0.37
2016-04-19,0.53,0.92,1.57,2.19,0.37
2016-04-20,0.54,0.97,1.63,2.25,0.37
2016-04-21,0.56,0.98,1.65,2.29,0.37
2016-04-22,0.56,1.01,1.67,2.3,0.37
2016-04-23,0.56,1.01,1.67,2.3,0.37
2016-04-24,0.56,1.01,1.67,2.3,0.37
2016-04-25,0.57,1.01,1.69,2.32,0.37
2016-04-26,0.61,1.04,1.72,2.35,0.37
2016-04-27,0.58,0.99,1.64,2.3,0.37
2016-04-28,0.56,0.93,1.6,2.27,0.37
2016-04-29,0.56,0.92,1.6,2.26,0.3
2016-04-30,0.56,0.92,1.6,2.26,0.3
2016-05-01,0.56,0.92,1.6,2.26,0.3
2016-05-02,0.55,0.96,1.64,2.31,0.37
2016-05-03,0.53,0.92,1.57,2.24,0.37
2016-05-04,0.52,0.89,1.55,2.22,0.37
2016-05-05,0.51,0.87,1.52,2.17,0.37
2016-05-06,0.51,0.9,1.55,2.2,0.37
2016-05-07,0.51,0.9,1.55,2.2,0.37
2016-05-08,0.51,0.9,1.55,2.2,0.37
2016-05-09,0.51,0.86,1.51,2.18,0.37
2016-05-10,0.52,0.88,1.52,2.18,0.37
2016-05-11,0.53,0.87,1.51,2.15,0.37
2016-05-12,0.54,0.92,1.54,2.18,0.37
2016-05-13,0.55,0.91,1.51,2.14,0.37
2016-05-14,0.55,0.91,1.51,2.14,0.37
2016-05-15,0.55,0.91,1.51,2.14,0.37
2016-05-16,0.57,0.94,1.55,2.18,0.37
2016-05-17,0.58,0.97,1.57,2.18,0.37
2016-05-18,0.63,1.08,1.69,2.27,0.37
2016-05-19,0.64,1.06,1.67,2.24,0.37
2016-05-20,0.67,1.05,1.65,2.24,0.37
2016-05-21,0.67,1.05,1.65,2.24,0.37
2016-05-22,0.67,1.05,1.65,2.24,0.37
2016-05-23,0.69,1.05,1.65,2.23,0.37
2016-05-24,0.69,1.08,1.68,2.25,0.37
2016-05-25,0.67,1.08,1.69,2.27,0.37
2016-05-26,0.65,1.03,1.65,2.24,0.37
2016-05-27,0.68,1.06,1.67,2.25,0.37
2016-05-28,0.68,1.06,1.67,2.25,0.37
2016-05-29,0.68,1.06,1.67,2.25,0.37
2016-05-30,0.68,1.06,1.67,2.25,0.37
2016-05-31,0.68,1.03,1.66,2.23,0.29
2016-06-01,0.7,1.07,1.67,2.22,0.37
2016-06-02,0.68,1.03,1.63,2.17,0.37
2016-06-03,0.6,0.92,1.5,2.09,0.37
2016-06-04,0.6,0.92,1.5,2.09,0.37
2016-06-05,0.6,0.92,1.5,2.09,0.37
2016-06-06,0.6,0.94,1.53,2.12,0.37
2016-06-07,0.59,0.94,1.51,2.1,0.37
2016-06-08,0.6,0.93,1.51,2.08,0.37
2016-06-09,0.59,0.91,1.49,2.05,0.37
2016-06-10,0.57,0.87,1.44,2.02,0.37
2016-06-11,0.57,0.87,1.44,2.02,0.37
2016-06-12,0.57,0.87,1.44,2.02,0.37
2016-06-13,0.55,0.84,1.42,2.01,0.37
2016-06-14,0.55,0.85,1.42,2.0,0.37
2016-06-15,0.52,0.81,1.38,1.99,0.37
2016-06-16,0.53,0.81,1.37,1.96,0.38
2016-06-17,0.51,0.83,1.41,1.99,0.38
2016-06-18,0.51,0.83,1.41,1.99,0.38
2016-06-19,0.51,0.83,1.41,1.99,0.38
2016-06-20,0.56,0.87,1.45,2.03,0.38
2016-06-21,0.57,0.89,1.49,2.07,0.38
2016-06-22,0.56,0.88,1.49,2.06,0.38
2016-06-23,0.58,0.92,1.54,2.12,0.39
2016-06-24,0.48,0.76,1.35,1.96,0.4
2016-06-25,0.48,0.76,1.35,1.96,0.4
2016-06-26,0.48,0.76,1.35,1.96,0.4
2016-06-27,0.45,0.7,1.26,1.83,0.41
2016-06-28,0.45,0.71,1.26,1.83,0.41
2016-06-29,0.46,0.74,1.3,1.86,0.41
2016-06-30,0.45,0.71,1.29,1.86,0.3
2016-07-01,0.45,0.71,1.27,1.81,0.41
2016-07-02,0.45,0.71,1.27,1.81,0.41
2016-07-03,0.45,0.71,1.27,1.81,0.41
2016-07-04,0.45,0.71,1.27,1.81,0.41
2016-07-05,0.44,0.66,1.19,1.72,0.4
2016-07-06,0.46,0.69,1.2,1.72,0.4
2016-07-07,0.47,0.69,1.21,1.72,0.4
2016-07-08,0.48,0.71,1.19,1.69,0.4
2016-07-09,0.48,0.71,1.19,1.69,0.4
2016-07-10,0.48,0.71,1.19,1.69,0.4
2016-07-11,0.5,0.77,1.27,1.73,0.4
2016-07-12,0.52,0.81,1.35,1.82,0.4
2016-07-13,0.51,0.8,1.32,1.77,0.4
2016-07-14,0.53,0.82,1.36,1.84,0.4
2016-07-15,0.52,0.87,1.42,1.9,0.4
2016-07-16,0.52,0.87,1.42,1.9,0.4
2016-07-17,0.52,0.87,1.42,1.9,0.4
2016-07-18,0.52,0.85,1.4,1.9,0.4
2016-07-19,0.56,0.84,1.38,1.88,0.4
2016-07-20,0.56,0.86,1.41,1.91,0.4
2016-07-21,0.54,0.82,1.38,1.9,0.4
2016-07-22,0.55,0.84,1.4,1.9,0.4
2016-07-23,0.55,0.84,1.4,1.9,0.4
2016-07-24,0.55,0.84,1.4,1.9,0.4
2016-07-25,0.55,0.87,1.41,1.9,0.4
2016-07-26,0.55,0.87,1.4,1.89,0.4
2016-07-27,0.53,0.83,1.35,1.84,0.4
2016-07-28,0.53,0.82,1.35,1.83,0.4
2016-07-29,0.5,0.76,1.29,1.78,0.3
2016-07-30,0.5,0.76,1.29,1.78,0.3
2016-07-31,0.5,0.76,1.29,1.78,0.3
2016-08-01,0.5,0.78,1.33,1.84,0.4
2016-08-02,0.5,0.79,1.36,1.88,0.4
2016-08-03,0.53,0.78,1.35,1.88,0.4
2016-08-04,0.51,0.76,1.31,1.84,0.4
2016-08-05,0.56,0.86,1.41,1.91,0.4
2016-08-06,0.56,0.86,1.41,1.91,0.4
2016-08-07,0.56,0.86,1.41,1.91,0.4
2016-08-08,0.57,0.86,1.42,1.91,0.4
2016-08-09,0.55,0.84,1.38,1.86,0.4
2016-08-10,0.55,0.8,1.34,1.83,0.4
2016-08-11,0.55,0.88,1.42,1.89,0.4
2016-08-12,0.56,0.82,1.36,1.85,0.4
2016-08-13,0.56,0.82,1.36,1.85,0.4
2016-08-14,0.56,0.82,1.36,1.85,0.4
2016-08-15,0.56,0.85,1.4,1.9,0.4
2016-08-16,0.57,0.87,1.42,1.92,0.4
2016-08-17,0.58,0.86,1.41,1.9,0.4
2016-08-18,0.58,0.81,1.38,1.89,0.4
2016-08-19,0.59,0.88,1.43,1.93,0.4
2016-08-20,0.59,0.88,1.43,1.93,0.4
2016-08-21,0.59,0.88,1.43,1.93,0.4
2016-08-22,0.58,0.86,1.4,1.88,0.4
2016-08-23,0.58,0.86,1.4,1.88,0.4
2016-08-24,0.59,0.87,1.4,1.89,0.4
2016-08-25,0.6,0.89,1.43,1.91,0.4
2016-08-26,0.62,0.96,1.49,1.96,0.4
2016-08-27,0.62,0.96,1.49,1.96,0.4
2016-08-28,0.62,0.96,1.49,1.96,0.4
2016-08-29,0.62,0.92,1.43,1.9,0.4
2016-08-30,0.61,0.92,1.44,1.91,0.4
2016-08-31,0.61,0.92,1.45,1.9,0.3
2016-09-01,0.6,0.91,1.44,1.9,0.4
2016-09-02,0.59,0.92,1.47,1.95,0.4
2016-09-03,0.59,0.92,1.47,1.95,0.4
2016-09-04,0.59,0.92,1.47,1.95,0.4
2016-09-05,0.59,0.92,1.47,1.95,0.4
2016-09-06,0.56,0.86,1.4,1.9,0.4
2016-09-07,0.57,0.86,1.39,1.89,0.4
2016-09-08,0.57,0.91,1.46,1.98,0.4
2016-09-09,0.58,0.93,1.51,2.05,0.4
2016-09-10,0.58,0.93,1.51,2.05,0.4
2016-09-11,0.58,0.93,1.51,2.05,0.4
2016-09-12,0.57,0.92,1.5,2.05,0.4
2016-09-13,0.63,0.95,1.56,2.12,0.4
2016-09-14,0.62,0.9,1.52,2.1,0.4
2016-09-15,0.6,0.87,1.51,2.13,0.4
2016-09-16,0.61,0.91,1.51,2.1,0.4
2016-09-17,0.61,0.91,1.51,2.1,0.4
2016-09-18,0.61,0.91,1.51,2.1,0.4
2016-09-19,0.6,0.92,1.52,2.1,0.4
2016-09-20,0.61,0.93,1.5,2.09,0.4
2016-09-21,0.61,0.92,1.48,2.06,0.4
2016-09-22,0.6,0.91,1.46,2.02,0.4
2016-09-23,0.6,0.9,1.44,2.02,0.4
2016-09-24,0.6,0.9,1.44,2.02,0.4
2016-09-25,0.6,0.9,1.44,2.02,0.4
2016-09-26,0.58,0.87,1.41,2.0,0.4
2016-09-27,0.58,0.86,1.39,1.96,0.4
2016-09-28,0.6,0.87,1.41,1.96,0.4
2016-09-29,0.59,0.85,1.39,1.95,0.4
2016-09-30,0.59,0.88,1.42,1.99,0.29
2016-10-01,0.59,0.88,1.42,1.99,0.29
2016-10-02,0.59,0.88,1.42,1.99,0.29
2016-10-03,0.63,0.91,1.46,2.01,0.4
2016-10-04,0.64,0.95,1.51,2.08,0.4
2016-10-05,0.65,0.98,1.54,2.11,0.4
2016-10-06,0.65,1.0,1.58,2.14,0.4
2016-10-07,0.66,0.99,1.55,2.14,0.4
2016-10-08,0.66,0.99,1.55,2.14,0.4
2016-10-09,0.66,0.99,1.55,2.14,0.4
2016-10-10,0.66,0.99,1.55,2.14,0.4
2016-10-11,0.69,1.03,1.58,2.17,0.41
2016-10-12,0.68,0.99,1.6,2.19,0.41
2016-10-13,0.66,1.0,1.56,2.15,0.41
2016-10-14,0.66,1.0,1.58,2.22,0.41
2016-10-15,0.66,1.0,1.58,2.22,0.41
2016-10-16,0.66,1.0,1.58,2.22,0.41
2016-10-17,0.65,0.98,1.56,2.19,0.41
2016-10-18,0.66,0.96,1.54,2.18,0.41
2016-10-19,0.65,0.96,1.54,2.18,0.41
2016-10-20,0.66,0.98,1.55,2.17,0.41
2016-10-21,0.66,0.98,1.53,2.15,0.41
2016-10-22,0.66,0.98,1.53,2.15,0.41
2016-10-23,0.66,0.98,1.53,2.15,0.41
2016-10-24,0.66,1.0,1.56,2.18,0.41
2016-10-25,0.66,1.0,1.56,2.17,0.41
2016-10-26,0.67,1.01,1.59,2.2,0.41
2016-10-27,0.68,1.04,1.64,2.26,0.41
2016-10-28,0.66,1.02,1.63,2.27,0.41
2016-10-29,0.66,1.02,1.63,2.27,0.41
2016-10-30,0.66,1.02,1.63,2.27,0.41
2016-10-31,0.66,1.0,1.62,2.25,0.31
2016-11-01,0.65,0.99,1.61,2.24,0.41
2016-11-02,0.64,0.98,1.57,2.22,0.41
2016-11-03,0.64,0.98,1.58,2.25,0.41
2016-11-04,0.62,0.95,1.55,2.22,0.41
2016-11-05,0.62,0.95,1.55,2.22,0.41
2016-11-06,0.62,0.95,1.55,2.22,0.41
2016-11-07,0.63,0.99,1.6,2.26,0.41
2016-11-08,0.71,1.04,1.65,2.29,0.41
2016-11-09,0.72,1.12,1.84,2.52,0.41
2016-11-10,0.72,1.17,1.92,2.58,0.41
2016-11-11,0.72,1.17,1.92,2.58,0.41
2016-11-12,0.72,1.17,1.92,2.58,0.41
2016-11-13,0.72,1.17,1.92,2.58,0.41
2016-11-14,0.77,1.27,2.01,2.65,0.41
2016-11-15,0.78,1.28,2.03,2.64,0.41
2016-11-16,0.76,1.28,2.03,2.61,0.41
2016-11-17,0.77,1.31,2.08,2.69,0.41
2016-11-18,0.77,1.36,2.14,2.7,0.41
2016-11-19,0.77,1.36,2.14,2.7,0.41
2016-11-20,0.77,1.36,2.14,2.7,0.41
2016-11-21,0.78,1.36,2.13,2.69,0.41
2016-11-22,0.78,1.35,2.12,2.69,0.41
2016-11-23,0.8,1.4,2.17,2.71,0.41
2016-11-24,0.8,1.4,2.17,2.71,0.41
2016-11-25,0.81,1.41,2.18,2.71,0.41
2016-11-26,0.81,1.41,2.18,2.71,0.41
2016-11-27,0.81,1.41,2.18,2.71,0.41
2016-11-28,0.79,1.38,2.13,2.68,0.41
2016-11-29,0.78,1.37,2.12,2.66,0.41
2016-11-30,0.8,1.4,2.18,2.73,0.31
2016-12-01,0.82,1.45,2.25,2.82,0.41
2016-12-02,0.8,1.4,2.2,2.78,0.41
2016-12-03,0.8,1.4,2.2,2.78,0.41
2016-12-04,0.8,1.4,2.2,2.78,0.41
2016-12-05,0.82,1.42,2.19,2.76,0.41
2016-12-06,0.83,1.41,2.18,2.77,0.41
2016-12-07,0.85,1.39,2.14,2.73,0.41
2016-12-08,0.84,1.4,2.2,2.81,0.41
2016-12-09,0.85,1.43,2.26,2.87,0.41
2016-12-10,0.85,1.43,2.26,2.87,0.41
2016-12-11,0.85,1.43,2.26,2.87,0.41
2016-12-12,0.85,1.44,2.26,2.86,0.41
2016-12-13,0.88,1.46,2.26,2.85,0.41
2016-12-14,0.92,1.57,2.34,2.86,0.41
2016-12-15,0.91,1.61,2.42,2.89,0.66
2016-12-16,0.91,1.59,2.41,2.91,0.66
2016-12-17,0.91,1.59,2.41,2.91,0.66
2016-12-18,0.91,1.59,2.41,2.91,0.66
2016-12-19,0.9,1.55,2.35,2.85,0.66
2016-12-20,0.9,1.56,2.38,2.88,0.66
2016-12-21,0.88,1.54,2.35,2.86,0.66
2016-12-22,0.87,1.54,2.36,2.86,0.66
2016-12-23,0.87,1.54,2.35,2.86,0.66
2016-12-24,0.87,1.54,2.35,2.86,0.66
2016-12-25,0.87,1.54,2.35,2.86,0.66
2016-12-26,0.87,1.54,2.35,2.86,0.66
2016-12-27,0.89,1.58,2.37,2.88,0.66
2016-12-28,0.9,1.55,2.32,2.83,0.66
2016-12-29,0.85,1.49,2.3,2.82,0.66
2016-12-30,0.85,1.47,2.25,2.79,0.55
2016-12-31,0.85,1.47,2.25,2.79,0.55
2017-01-01,0.85,1.47,2.25,2.79,0.55
2017-01-02,0.85,1.47,2.25,2.79,0.55
2017-01-03,0.89,1.5,2.26,2.78,0.66
2017-01-04,0.87,1.5,2.26,2.78,0.66
2017-01-05,0.83,1.43,2.18,2.69,0.66
2017-01-06,0.85,1.5,2.23,2.73,0.66
2017-01-07,0.85,1.5,2.23,2.73,0.66
2017-01-08,0.85,1.5,2.23,2.73,0.66
2017-01-09,0.82,1.47,2.18,2.69,0.66
2017-01-10,0.82,1.47,2.18,2.69,0.66
2017-01-11,0.82,1.47,2.18,2.68,0.66
2017-01-12,0.81,1.45,2.17,2.68,0.66
2017-01-13,0.82,1.48,2.2,2.71,0.66
2017-01-14,0.82,1.48,2.2,2.71,0.66
2017-01-15,0.82,1.48,2.2,2.71,0.66
2017-01-16,0.82,1.48,2.2,2.71,0.66
2017-01-17,0.8,1.42,2.14,2.66,0.66
2017-01-18,0.82,1.51,2.24,2.74,0.66
2017-01-19,0.83,1.53,2.28,2.77,0.66
2017-01-20,0.82,1.5,2.28,2.79,0.66
2017-01-21,0.82,1.5,2.28,2.79,0.66
2017-01-22,0.82,1.5,2.28,2.79,0.66
2017-01-23,0.79,1.43,2.19,2.72,0.66
2017-01-24,0.81,1.49,2.27,2.78,0.66
2017-01-25,0.82,1.52,2.33,2.84,0.66
2017-01-26,0.82,1.49,2.3,2.82,0.66
2017-01-27,0.82,1.48,2.28,2.8,0.66
2017-01-28,0.82,1.48,2.28,2.8,0.66
2017-01-29,0.82,1.48,2.28,2.8,0.66
2017-01-30,0.81,1.48,2.28,2.82,0.66
2017-01-31,0.84,1.46,2.24,2.78,0.56
2017-02-01,0.83,1.49,2.27,2.8,0.66
2017-02-02,0.84,1.48,2.27,2.8,0.66
2017-02-03,0.82,1.49,2.27,2.82,0.66
2017-02-04,0.82,1.49,2.27,2.82,0.66
2017-02-05,0.82,1.49,2.27,2.82,0.66
2017-02-06,0.79,1.43,2.19,2.76,0.66
2017-02-07,0.8,1.43,2.17,2.74,0.66
2017-02-08,0.79,1.4,2.14,2.68,0.66
2017-02-09,0.8,1.46,2.2,2.74,0.66
2017-02-10,0.81,1.47,2.22,2.75,0.66
2017-02-11,0.81,1.47,2.22,2.75,0.66
2017-02-12,0.81,1.47,2.22,2.75,0.66
2017-02-13,0.82,1.48,2.24,2.77,0.66
2017-02-14,0.84,1.53,2.29,2.81,0.66
2017-02-15,0.86,1.57,2.33,2.84,0.66
2017-02-16,0.82,1.5,2.26,2.8,0.66
2017-02-17,0.82,1.48,2.23,2.78,0.66
2017-02-18,0.82,1.48,2.23,2.78,0.66
2017-02-19,0.82,1.48,2.23,2.78,0.66
2017-02-20,0.82,1.48,2.23,2.78,0.66
2017-02-21,0.83,1.5,2.24,2.78,0.66
2017-02-22,0.82,1.49,2.23,2.78,0.66
2017-02-23,0.81,1.44,2.2,2.75,0.66
2017-02-24,0.8,1.38,2.12,2.69,0.66
2017-02-25,0.8,1.38,2.12,2.69,0.66
2017-02-26,0.8,1.38,2.12,2.69,0.66
2017-02-27,0.81,1.46,2.18,2.72,0.66
2017-02-28,0.88,1.49,2.19,2.7,0.57
2017-03-01,0.92,1.57,2.29,2.81,0.66
2017-03-02,0.98,1.6,2.32,2.84,0.66
2017-03-03,0.98,1.59,2.32,2.83,0.66
2017-03-04,0.98,1.59,2.32,2.83,0.66
2017-03-05,0.98,1.59,2.32,2.83,0.66
2017-03-06,0.97,1.6,2.32,2.84,0.66
2017-03-07,1.02,1.62,2.34,2.85,0.66
2017-03-08,1.03,1.65,2.38,2.89,0.66
2017-03-09,1.04,1.67,2.43,2.94,0.66
2017-03-10,1.03,1.66,2.4,2.94,0.66
2017-03-11,1.03,1.66,2.4,2.94,0.66
2017-03-12,1.03,1.66,2.4,2.94,0.66
2017-03-13,1.06,1.69,2.43,2.97,0.66
2017-03-14,1.06,1.68,2.42,2.94,0.66
2017-03-15,1.02,1.59,2.31,2.87,0.66
2017-03-16,1.01,1.63,2.34,2.89,0.91
2017-03-17,1.0,1.6,2.31,2.86,0.91
2017-03-18,1.0,1.6,2.31,2.86,0.91
2017-03-19,1.0,1.6,2.31,2.86,0.91
2017-03-20,1.01,1.57,2.28,2.83,0.91
2017-03-21,1.0,1.54,2.24,2.79,0.91
2017-03-22,0.99,1.52,2.22,2.76,0.91
2017-03-23,0.99,1.52,2.23,2.76,0.91
2017-03-24,1.0,1.52,2.22,2.74,0.91
2017-03-25,1.0,1.52,2.22,2.74,0.91
2017-03-26,1.0,1.52,2.22,2.74,0.91
2017-03-27,1.0,1.51,2.2,2.73,0.91
2017-03-28,1.03,1.56,2.25,2.77,0.91
2017-03-29,1.04,1.53,2.21,2.74,0.91
2017-03-30,1.03,1.55,2.25,2.78,0.91
2017-03-31,1.03,1.5,2.22,2.76,0.82
2017-04-01,1.03,1.5,2.22,2.76,0.82
2017-04-02,1.03,1.5,2.22,2.76,0.82
2017-04-03,1.02,1.47,2.16,2.71,0.91
2017-04-04,1.03,1.47,2.16,2.72,0.91
2017-04-05,1.03,1.44,2.14,2.71,0.91
2017-04-06,1.05,1.45,2.15,2.72,0.91
2017-04-07,1.08,1.52,2.2,2.74,0.91
2017-04-08,1.08,1.52,2.2,2.74,0.91
2017-04-09,1.08,1.52,2.2,2.74,0.91
2017-04-10,1.07,1.52,2.18,2.72,0.91
2017-04-11,1.05,1.45,2.11,2.67,0.91
2017-04-12,1.04,1.44,2.09,2.65,0.91
2017-04-13,1.03,1.4,2.05,2.62,0.91
2017-04-14,1.03,1.4,2.05,2.62,0.91
2017-04-15,1.03,1.4,2.05,2.62,0.91
2017-04-16,1.03,1.4,2.05,2.62,0.91
2017-04-17,1.04,1.42,2.07,2.65,0.91
2017-04-18,1.02,1.35,1.98,2.56,0.91
2017-04-19,1.02,1.38,2.02,2.59,0.91
2017-04-20,1.01,1.41,2.06,2.61,0.91
2017-04-21,0.99,1.4,2.05,2.61,0.91
2017-04-22,0.99,1.4,2.05,2.61,0.91
2017-04-23,0.99,1.4,2.05,2.61,0.91
2017-04-24,1.03,1.44,2.09,2.65,0.91
2017-04-25,1.09,1.49,2.15,2.71,0.91
2017-04-26,1.07,1.46,2.12,2.69,0.91
2017-04-27,1.06,1.44,2.1,2.68,0.91
2017-04-28,1.07,1.45,2.1,2.67,0.83
2017-04-29,1.07,1.45,2.1,2.67,0.83
2017-04-30,1.07,1.45,2.1,2.67,0.83
2017-05-01,1.09,1.48,2.13,2.71,0.91
2017-05-02,1.08,1.45,2.09,2.68,0.91
2017-05-03,1.1,1.5,2.14,2.7,0.91
2017-05-04,1.11,1.51,2.17,2.73,0.91
2017-05-05,1.1,1.52,2.17,2.73,0.91
2017-05-06,1.1,1.52,2.17,2.73,0.91
2017-05-07,1.1,1.52,2.17,2.73,0.91
2017-05-08,1.12,1.53,2.19,2.76,0.91
2017-05-09,1.14,1.57,2.22,2.79,0.91
2017-05-10,1.13,1.56,2.22,2.79,0.91
2017-05-11,1.13,1.55,2.2,2.78,0.91
2017-05-12,1.11,1.49,2.13,2.74,0.91
2017-05-13,1.11,1.49,2.13,2.74,0.91
2017-05-14,1.11,1.49,2.13,2.74,0.91
2017-05-15,1.11,1.49,2.14,2.76,0.91
2017-05-16,1.11,1.48,2.13,2.74,0.91
2017-05-17,1.08,1.42,2.03,2.65,0.91
2017-05-18,1.09,1.44,2.04,2.64,0.91
2017-05-19,1.1,1.45,2.05,2.63,0.91
2017-05-20,1.1,1.45,2.05,2.63,0.91
2017-05-21,1.1,1.45,2.05,2.63,0.91
2017-05-22,1.12,1.45,2.06,2.64,0.91
2017-05-23,1.14,1.49,2.1,2.68,0.91
2017-05-24,1.18,1.46,2.07,2.65,0.91
2017-05-25,1.16,1.46,2.06,2.65,0.91
2017-05-26,1.17,1.46,2.06,2.65,0.91
2017-05-27,1.17,1.46,2.06,2.65,0.91
2017-05-28,1.17,1.46,2.06,2.65,0.91
2017-05-29,1.17,1.46,2.06,2.65,0.91
2017-05-30,1.16,1.44,2.02,2.61,0.91
2017-05-31,1.17,1.44,2.02,2.6,0.83
2017-06-01,1.16,1.45,2.02,2.6,0.91
2017-06-02,1.16,1.42,1.96,2.53,0.91
2017-06-03,1.16,1.42,1.96,2.53,0.91
2017-06-04,1.16,1.42,1.96,2.53,0.91
2017-06-05,1.16,1.45,1.99,2.56,0.91
2017-06-06,1.16,1.42,1.95,2.53,0.91
2017-06-07,1.17,1.45,1.99,2.56,0.91
2017-06-08,1.19,1.47,2.0,2.57,0.91
2017-06-09,1.2,1.5,2.02,2.59,0.91
2017-06-10,1.2,1.5,2.02,2.59,0.91
2017-06-11,1.2,1.5,2.02,2.59,0.91
2017-06-12,1.19,1.5,2.02,2.59,0.91
2017-06-13,1.22,1.51,2.02,2.6,0.91
2017-06-14,1.2,1.48,1.96,2.53,0.91
2017-06-15,1.21,1.49,1.98,2.52,1.16
2017-06-16,1.21,1.48,1.97,2.52,1.16
2017-06-17,1.21,1.48,1.97,2.52,1.16
2017-06-18,1.21,1.48,1.97,2.52,1.16
2017-06-19,1.22,1.52,2.02,2.53,1.16
2017-06-20,1.22,1.5,1.99,2.49,1.16
2017-06-21,1.22,1.5,2.0,2.48,1.16
2017-06-22,1.22,1.48,1.98,2.47,1.16
2017-06-23,1.21,1.48,1.98,2.48,1.16
2017-06-24,1.21,1.48,1.98,2.48,1.16
2017-06-25,1.21,1.48,1.98,2.48,1.16
2017-06-26,1.2,1.48,1.97,2.46,1.16
2017-06-27,1.22,1.53,2.04,2.52,1.16
2017-06-28,1.21,1.51,2.05,2.55,1.16
2017-06-29,1.23,1.53,2.1,2.59,1.16
2017-06-30,1.24,1.55,2.14,2.61,1.06
2017-07-01,1.24,1.55,2.14,2.61,1.06
2017-07-02,1.24,1.55,2.14,2.61,1.06
2017-07-03,1.24,1.6,2.19,2.65,1.16
2017-07-04,1.24,1.6,2.19,2.65,1.16
2017-07-05,1.24,1.59,2.17,2.63,1.16
2017-07-06,1.23,1.6,2.21,2.68,1.16
2017-07-07,1.22,1.6,2.22,2.71,1.16
2017-07-08,1.22,1.6,2.22,2.71,1.16
2017-07-09,1.22,1.6,2.22,2.71,1.16
2017-07-10,1.23,1.59,2.2,2.7,1.16
2017-07-11,1.2,1.57,2.18,2.69,1.16
2017-07-12,1.21,1.53,2.14,2.65,1.16
2017-07-13,1.23,1.55,2.16,2.69,1.16
2017-07-14,1.22,1.54,2.13,2.67,1.16
2017-07-15,1.22,1.54,2.13,2.67,1.16
2017-07-16,1.22,1.54,2.13,2.67,1.16
2017-07-17,1.22,1.53,2.12,2.65,1.16
2017-07-18,1.19,1.52,2.08,2.61,1.16
2017-07-19,1.23,1.52,2.09,2.61,1.16
2017-07-20,1.22,1.51,2.08,2.6,1.16
2017-07-21,1.22,1.5,2.05,2.57,1.16
2017-07-22,1.22,1.5,2.05,2.57,1.16
2017-07-23,1.22,1.5,2.05,2.57,1.16
2017-07-24,1.23,1.53,2.07,2.59,1.16
2017-07-25,1.24,1.56,2.15,2.67,1.16
2017-07-26,1.23,1.5,2.09,2.65,1.16
2017-07-27,1.22,1.52,2.12,2.68,1.16
2017-07-28,1.22,1.51,2.1,2.65,1.16
2017-07-29,1.22,1.51,2.1,2.65,1.16
2017-07-30,1.22,1.51,2.1,2.65,1.16
2017-07-31,1.23,1.51,2.11,2.66,1.07
2017-08-01,1.22,1.5,2.07,2.61,1.16
2017-08-02,1.24,1.52,2.08,2.6,1.16
2017-08-03,1.22,1.49,2.05,2.56,1.16
2017-08-04,1.23,1.51,2.08,2.61,1.16
2017-08-05,1.23,1.51,2.08,2.61,1.16
2017-08-06,1.23,1.51,2.08,2.61,1.16
2017-08-07,1.22,1.52,2.07,2.6,1.16
2017-08-08,1.24,1.53,2.1,2.63,1.16
2017-08-09,1.21,1.5,2.06,2.59,1.16
2017-08-10,1.22,1.49,2.03,2.55,1.16
2017-08-11,1.21,1.43,2.0,2.55,1.16
2017-08-12,1.21,1.43,2.0,2.55,1.16
2017-08-13,1.21,1.43,2.0,2.55,1.16
2017-08-14,1.23,1.48,2.04,2.57,1.16
2017-08-15,1.23,1.51,2.09,2.6,1.16
2017-08-16,1.24,1.49,2.04,2.58,1.16
2017-08-17,1.24,1.46,2.01,2.54,1.16
2017-08-18,1.24,1.47,2.01,2.54,1.16
2017-08-19,1.24,1.47,2.01,2.54,1.16
2017-08-20,1.24,1.47,2.01,2.54,1.16
2017-08-21,1.23,1.46,2.0,2.52,1.16
2017-08-22,1.24,1.48,2.04,2.55,1.16
2017-08-23,1.22,1.45,1.99,2.51,1.16
2017-08-24,1.23,1.47,2.01,2.53,1.16
2017-08-25,1.23,1.47,2.0,2.51,1.16
2017-08-26,1.23,1.47,2.0,2.51,1.16
2017-08-27,1.23,1.47,2.0,2.51,1.16
2017-08-28,1.24,1.46,1.99,2.51,1.16
2017-08-29,1.23,1.43,1.96,2.48,1.16
2017-08-30,1.23,1.44,1.97,2.49,1.16
2017-08-31,1.23,1.44,1.95,2.47,1.07
2017-09-01,1.24,1.46,1.99,2.51,1.16
2017-09-02,1.24,1.46,1.99,2.51,1.16
2017-09-03,1.24,1.46,1.99,2.51,1.16
2017-09-04,1.24,1.46,1.99,2.51,1.16
2017-09-05,1.23,1.4,1.9,2.43,1.16
2017-09-06,1.24,1.42,1.93,2.46,1.16
2017-09-07,1.21,1.38,1.88,2.4,1.16
2017-09-08,1.22,1.39,1.89,2.41,1.16
2017-09-09,1.22,1.39,1.89,2.41,1.16
2017-09-10,1.22,1.39,1.89,2.41,1.16
2017-09-11,1.24,1.44,1.96,2.49,1.16
2017-09-12,1.27,1.46,1.99,2.52,1.16
2017-09-13,1.27,1.48,2.01,2.53,1.16
2017-09-14,1.28,1.5,2.01,2.52,1.16
2017-09-15,1.3,1.53,2.04,2.52,1.16
2017-09-16,1.3,1.53,2.04,2.52,1.16
2017-09-17,1.3,1.53,2.04,2.52,1.16
2017-09-18,1.3,1.54,2.06,2.56,1.16
2017-09-19,1.31,1.55,2.07,2.57,1.16
2017-09-20,1.32,1.6,2.12,2.59,1.16
2017-09-21,1.31,1.59,2.11,2.57,1.16
2017-09-22,1.3,1.58,2.1,2.57,1.16
2017-09-23,1.3,1.58,2.1,2.57,1.16
2017-09-24,1.3,1.58,2.1,2.57,1.16
2017-09-25,1.3,1.56,2.07,2.53,1.16
2017-09-26,1.31,1.57,2.08,2.54,1.16
2017-09-27,1.33,1.6,2.14,2.62,1.16
2017-09-28,1.31,1.59,2.13,2.63,1.16
2017-09-29,1.31,1.62,2.16,2.63,1.06
2017-09-30,1.31,1.62,2.16,2.63,1.06
2017-10-01,1.31,1.62,2.16,2.63,1.06
2017-10-02,1.31,1.63,2.17,2.64,1.16
2017-10-03,1.32,1.62,2.15,2.63,1.16
2017-10-04,1.33,1.62,2.15,2.64,1.16
2017-10-05,1.35,1.63,2.17,2.65,1.16
2017-10-06,1.35,1.66,2.2,2.68,1.16
2017-10-07,1.35,1.66,2.2,2.68,1.16
2017-10-08,1.35,1.66,2.2,2.68,1.16
2017-10-09,1.35,1.66,2.2,2.68,1.16
2017-10-10,1.42,1.64,2.18,2.65,1.16
2017-10-11,1.4,1.66,2.17,2.64,1.16
2017-10-12,1.41,1.66,2.16,2.62,1.16
2017-10-13,1.39,1.64,2.12,2.58,1.16
2017-10-14,1.39,1.64,2.12,2.58,1.16
2017-10-15,1.39,1.64,2.12,2.58,1.16
2017-10-16,1.42,1.68,2.15,2.58,1.16
2017-10-17,1.41,1.69,2.15,2.58,1.16
2017-10-18,1.42,1.7,2.19,2.62,1.16
2017-10-19,1.41,1.69,2.18,2.6,1.16
2017-10-20,1.43,1.72,2.24,2.67,1.16
2017-10-21,1.43,1.72,2.24,2.67,1.16
2017-10-22,1.43,1.72,2.24,2.67,1.16
2017-10-23,1.42,1.7,2.22,2.66,1.16
2017-10-24,1.43,1.73,2.26,2.7,1.16
2017-10-25,1.43,1.74,2.28,2.72,1.16
2017-10-26,1.43,1.76,2.3,2.74,1.16
2017-10-27,1.42,1.73,2.26,2.71,1.16
2017-10-28,1.42,1.73,2.26,2.71,1.16
2017-10-29,1.42,1.73,2.26,2.71,1.16
2017-10-30,1.42,1.71,2.22,2.66,1.16
2017-10-31,1.43,1.73,2.23,2.66,1.07
2017-11-01,1.46,1.74,2.22,2.63,1.16
2017-11-02,1.46,1.73,2.21,2.61,1.16
2017-11-03,1.49,1.74,2.19,2.59,1.16
2017-11-04,1.49,1.74,2.19,2.59,1.16
2017-11-05,1.49,1.74,2.19,2.59,1.16
2017-11-06,1.5,1.73,2.17,2.58,1.16
2017-11-07,1.49,1.75,2.17,2.56,1.16
2017-11-08,1.53,1.77,2.19,2.57,1.16
2017-11-09,1.53,1.75,2.2,2.59,1.16
2017-11-10,1.54,1.79,2.27,2.67,1.16
2017-11-11,1.54,1.79,2.27,2.67,1.16
2017-11-12,1.54,1.79,2.27,2.67,1.16
2017-11-13,1.55,1.82,2.27,2.67,1.16
2017-11-14,1.55,1.81,2.26,2.64,1.16
2017-11-15,1.55,1.79,2.21,2.58,1.16
2017-11-16,1.59,1.83,2.25,2.62,1.16
2017-11-17,1.6,1.83,2.23,2.59,1.16
2017-11-18,1.6,1.83,2.23,2.59,1.16
2017-11-19,1.6,1.83,2.23,2.59,1.16
2017-11-20,1.62,1.86,2.26,2.6,1.16
2017-11-21,1.62,1.88,2.27,2.58,1.16
2017-11-22,1.61,1.84,2.22,2.57,1.16
2017-11-23,1.61,1.84,2.22,2.57,1.16
2017-11-24,1.61,1.85,2.23,2.58,1.16
2017-11-25,1.61,1.85,2.23,2.58,1.16
2017-11-26,1.61,1.85,2.23,2.58,1.16
2017-11-27,1.62,1.84,2.21,2.57,1.16
2017-11-28,1.61,1.85,2.24,2.58,1.16
2017-11-29,1.61,1.86,2.27,2.62,1.16
2017-11-30,1.62,1.9,2.31,2.65,1.07
2017-12-01,1.62,1.9,2.28,2.58,1.16
2017-12-02,1.62,1.9,2.28,2.58,1.16
2017-12-03,1.62,1.9,2.28,2.58,1.16
2017-12-04,1.66,1.93,2.29,2.58,1.16
2017-12-05,1.64,1.94,2.28,2.55,1.16
2017-12-06,1.68,1.92,2.25,2.53,1.16
2017-12-07,1.67,1.92,2.29,2.58,1.16
2017-12-08,1.65,1.92,2.29,2.59,1.16
2017-12-09,1.65,1.92,2.29,2.59,1.16
2017-12-10,1.65,1.92,2.29,2.59,1.16
2017-12-11,1.69,1.95,2.3,2.59,1.16
2017-12-12,1.7,1.95,2.32,2.6,1.17
2017-12-13,1.68,1.9,2.26,2.56,1.17
2017-12-14,1.7,1.92,2.27,2.53,1.41
2017-12-15,1.71,1.95,2.28,2.52,1.41
2017-12-16,1.71,1.95,2.28,2.52,1.41
2017-12-17,1.71,1.95,2.28,2.52,1.41
2017-12-18,1.7,1.94,2.3,2.57,1.42
2017-12-19,1.71,1.97,2.37,2.66,1.42
2017-12-20,1.72,1.98,2.4,2.71,1.42
2017-12-21,1.73,2.01,2.39,2.68,1.42
2017-12-22,1.73,2.01,2.4,2.68,1.42
2017-12-23,1.73,2.01,2.4,2.68,1.42
2017-12-24,1.73,2.01,2.4,2.68,1.42
2017-12-25,1.73,2.01,2.4,2.68,1.42
2017-12-26,1.75,2.02,2.38,2.66,1.42
2017-12-27,1.75,1.99,2.34,2.59,1.42
2017-12-28,1.76,2.0,2.36,2.6,1.42
2017-12-29,1.76,1.98,2.33,2.58,1.33
2017-12-30,1.76,1.98,2.33,2.58,1.33
2017-12-31,1.76,1.98,2.33,2.58,1.33
2018-01-01,1.76,1.98,2.33,2.58,1.33
2018-01-02,1.83,2.01,2.38,2.64,1.42
2018-01-03,1.81,2.02,2.37,2.62,1.42
2018-01-04,1.82,2.05,2.38,2.62,1.42
2018-01-05,1.8,2.06,2.4,2.64,1.42
2018-01-06,1.8,2.06,2.4,2.64,1.42
2018-01-07,1.8,2.06,2.4,2.64,1.42
2018-01-08,1.79,2.07,2.41,2.65,1.42
2018-01-09,1.78,2.09,2.46,2.72,1.42
2018-01-10,1.78,2.08,2.47,2.73,1.42
2018-01-11,1.77,2.09,2.46,2.72,1.42
2018-01-12,1.78,2.12,2.48,2.71,1.42
2018-01-13,1.78,2.12,2.48,2.71,1.42
2018-01-14,1.78,2.12,2.48,2.71,1.42
2018-01-15,1.78,2.12,2.48,2.71,1.42
2018-01-16,1.79,2.12,2.48,2.69,1.42
2018-01-17,1.79,2.15,2.51,2.71,1.42
2018-01-18,1.79,2.17,2.55,2.77,1.42
2018-01-19,1.79,2.2,2.57,2.78,1.42
2018-01-20,1.79,2.2,2.57,2.78,1.42
2018-01-21,1.79,2.2,2.57,2.78,1.42
2018-01-22,1.79,2.21,2.59,2.79,1.42
2018-01-23,1.78,2.18,2.55,2.77,1.42
2018-01-24,1.79,2.2,2.57,2.8,1.42
2018-01-25,1.8,2.2,2.55,2.76,1.42
2018-01-26,1.8,2.24,2.6,2.79,1.42
2018-01-27,1.8,2.24,2.6,2.79,1.42
2018-01-28,1.8,2.24,2.6,2.79,1.42
2018-01-29,1.8,2.26,2.63,2.82,1.42
2018-01-30,1.88,2.27,2.65,2.86,1.42
2018-01-31,1.9,2.29,2.66,2.83,1.34
2018-02-01,1.89,2.33,2.72,2.9,1.42
2018-02-02,1.88,2.33,2.76,2.97,1.42
2018-02-03,1.88,2.33,2.76,2.97,1.42
2018-02-04,1.88,2.33,2.76,2.97,1.42
2018-02-05,1.85,2.25,2.68,2.92,1.42
2018-02-06,1.87,2.3,2.7,2.94,1.42
2018-02-07,1.91,2.33,2.75,3.01,1.42
2018-02-08,1.91,2.32,2.76,3.03,1.42
2018-02-09,1.89,2.26,2.72,3.02,1.42
2018-02-10,1.89,2.26,2.72,3.02,1.42
2018-02-11,1.89,2.26,2.72,3.02,1.42
2018-02-12,1.93,2.3,2.77,3.02,1.42
2018-02-13,1.95,2.3,2.74,2.99,1.42
2018-02-14,1.98,2.4,2.84,3.07,1.42
2018-02-15,1.99,2.4,2.83,3.04,1.42
2018-02-16,2.0,2.38,2.81,3.02,1.42
2018-02-17,2.0,2.38,2.81,3.02,1.42
2018-02-18,2.0,2.38,2.81,3.02,1.42
2018-02-19,2.0,2.38,2.81,3.02,1.42
2018-02-20,2.01,2.4,2.81,3.04,1.42
2018-02-21,2.03,2.44,2.86,3.11,1.42
2018-02-22,2.02,2.42,2.84,3.09,1.42
2018-02-23,2.02,2.39,2.79,3.04,1.42
2018-02-24,2.02,2.39,2.79,3.04,1.42
2018-02-25,2.02,2.39,2.79,3.04,1.42
2018-02-26,2.03,2.37,2.77,3.03,1.42
2018-02-27,2.08,2.43,2.83,3.06,1.42
2018-02-28,2.07,2.42,2.8,3.02,1.35
2018-03-01,2.05,2.36,2.74,2.97,1.42
2018-03-02,2.06,2.4,2.79,3.02,1.42
2018-03-03,2.06,2.4,2.79,3.02,1.42
2018-03-04,2.06,2.4,2.79,3.02,1.42
2018-03-05,2.06,2.41,2.81,3.04,1.42
2018-03-06,2.06,2.42,2.81,3.03,1.42
2018-03-07,2.05,2.42,2.81,3.04,1.42
2018-03-08,2.05,2.42,2.79,3.01,1.42
2018-03-09,2.03,2.45,2.82,3.04,1.42
2018-03-10,2.03,2.45,2.82,3.04,1.42
2018-03-11,2.03,2.45,2.82,3.04,1.42
2018-03-12,2.05,2.43,2.79,3.0,1.42
2018-03-13,2.03,2.41,2.77,2.98,1.42
2018-03-14,2.05,2.41,2.75,2.94,1.42
2018-03-15,2.07,2.42,2.76,2.94,1.43
2018-03-16,2.08,2.44,2.78,2.96,1.43
2018-03-17,2.08,2.44,2.78,2.96,1.43
2018-03-18,2.08,2.44,2.78,2.96,1.43
2018-03-19,2.08,2.45,2.78,2.97,1.43
2018-03-20,2.08,2.49,2.82,3.01,1.44
2018-03-21,2.06,2.46,2.82,3.01,1.44
2018-03-22,2.05,2.43,2.76,2.94,1.68
2018-03-23,2.04,2.41,2.74,2.94,1.68
2018-03-24,2.04,2.41,2.74,2.94,1.68
2018-03-25,2.04,2.41,2.74,2.94,1.68
2018-03-26,2.06,2.44,2.78,2.96,1.68
2018-03-27,2.1,2.39,2.7,2.9,1.68
2018-03-28,2.12,2.41,2.72,2.89,1.68
2018-03-29,2.09,2.39,2.68,2.85,1.68
2018-03-30,2.09,2.39,2.68,2.85,1.67
2018-03-31,2.09,2.39,2.68,2.85,1.67
2018-04-01,2.09,2.39,2.68,2.85,1.67
2018-04-02,2.08,2.37,2.67,2.85,1.68
2018-04-03,2.09,2.41,2.73,2.9,1.69
2018-04-04,2.07,2.42,2.73,2.91,1.69
2018-04-05,2.07,2.45,2.76,2.95,1.69
2018-04-06,2.06,2.4,2.7,2.89,1.69
2018-04-07,2.06,2.4,2.7,2.89,1.69
2018-04-08,2.06,2.4,2.7,2.89,1.69
2018-04-09,2.08,2.43,2.72,2.89,1.69
2018-04-10,2.09,2.45,2.74,2.89,1.69
2018-04-11,2.09,2.45,2.72,2.87,1.69
2018-04-12,2.11,2.49,2.78,2.92,1.69
2018-04-13,2.12,2.51,2.77,2.91,1.69
2018-04-14,2.12,2.51,2.77,2.91,1.69
2018-04-15,2.12,2.51,2.77,2.91,1.69
2018-04-16,2.12,2.52,2.78,2.91,1.69
2018-04-17,2.16,2.52,2.77,2.89,1.69
2018-04-18,2.17,2.57,2.83,2.95,1.69
2018-04-19,2.21,2.58,2.87,3.01,1.69
2018-04-20,2.22,2.62,2.91,3.04,1.7
2018-04-21,2.22,2.62,2.91,3.04,1.7
2018-04-22,2.22,2.62,2.91,3.04,1.7
2018-04-23,2.25,2.64,2.94,3.05,1.7
2018-04-24,2.25,2.63,2.95,3.08,1.7
2018-04-25,2.26,2.64,2.97,3.12,1.7
2018-04-26,2.25,2.63,2.95,3.08,1.7
2018-04-27,2.24,2.62,2.92,3.03,1.7
2018-04-28,2.24,2.62,2.92,3.03,1.7
2018-04-29,2.24,2.62,2.92,3.03,1.7
2018-04-30,2.24,2.62,2.91,3.01,1.69
2018-05-01,2.26,2.66,2.93,3.03,1.7
2018-05-02,2.24,2.64,2.92,3.04,1.7
2018-05-03,2.24,2.62,2.9,3.02,1.7
2018-05-04,2.24,2.63,2.9,3.02,1.7
2018-05-05,2.24,2.63,2.9,3.02,1.7
2018-05-06,2.24,2.63,2.9,3.02,1.7
2018-05-07,2.25,2.64,2.9,3.02,1.7
2018-05-08,2.26,2.66,2.93,3.04,1.7
2018-05-09,2.27,2.68,2.96,3.07,1.7
2018-05-10,2.27,2.69,2.94,3.04,1.7
2018-05-11,2.28,2.69,2.94,3.03,1.7
2018-05-12,2.28,2.69,2.94,3.03,1.7
2018-05-13,2.28,2.69,2.94,3.03,1.7
2018-05-14,2.28,2.7,2.96,3.06,1.7
2018-05-15,2.31,2.75,3.04,3.14,1.7
2018-05-16,2.32,2.76,3.05,3.16,1.7
2018-05-17,2.32,2.75,3.07,3.19,1.7
2018-05-18,2.32,2.71,3.02,3.14,1.7
2018-05-19,2.32,2.71,3.02,3.14,1.7
2018-05-20,2.32,2.71,3.02,3.14,1.7
2018-05-21,2.35,2.73,3.02,3.13,1.7
2018-05-22,2.34,2.73,3.02,3.14,1.7
2018-05-23,2.29,2.67,2.95,3.09,1.7
2018-05-24,2.28,2.65,2.93,3.06,1.7
2018-05-25,2.27,2.6,2.88,3.01,1.7
2018-05-26,2.27,2.6,2.88,3.01,1.7
2018-05-27,2.27,2.6,2.88,3.01,1.7
2018-05-28,2.27,2.6,2.88,3.01,1.7
2018-05-29,2.17,2.43,2.71,2.87,1.7
2018-05-30,2.23,2.53,2.79,2.93,1.7
2018-05-31,2.23,2.54,2.78,2.91,1.7
2018-06-01,2.28,2.61,2.85,2.96,1.7
2018-06-02,2.28,2.61,2.85,2.96,1.7
2018-06-03,2.28,2.61,2.85,2.96,1.7
2018-06-04,2.3,2.64,2.89,3.0,1.7
2018-06-05,2.32,2.62,2.87,2.99,1.7
2018-06-06,2.32,2.65,2.93,3.05,1.7
2018-06-07,2.31,2.63,2.88,3.0,1.7
2018-06-08,2.3,2.63,2.88,3.0,1.7
2018-06-09,2.3,2.63,2.88,3.0,1.7
2018-06-10,2.3,2.63,2.88,3.0,1.7
2018-06-11,2.32,2.66,2.91,3.02,1.7
2018-06-12,2.31,2.67,2.91,3.02,1.7
2018-06-13,2.35,2.71,2.95,3.04,1.7
2018-06-14,2.35,2.69,2.9,2.99,1.9
2018-06-15,2.35,2.68,2.89,2.98,1.9
2018-06-16,2.35,2.68,2.89,2.98,1.9
2018-06-17,2.35,2.68,2.89,2.98,1.9
2018-06-18,2.35,2.67,2.89,2.98,1.9
2018-06-19,2.34,2.64,2.84,2.95,1.91
2018-06-20,2.36,2.67,2.89,2.99,1.92
2018-06-21,2.34,2.65,2.86,2.97,1.92
2018-06-22,2.33,2.65,2.86,2.97,1.92
2018-06-23,2.33,2.65,2.86,2.97,1.92
2018-06-24,2.33,2.65,2.86,2.97,1.92
2018-06-25,2.34,2.63,2.83,2.95,1.92
2018-06-26,2.33,2.63,2.84,2.95,1.92
2018-06-27,2.33,2.59,2.79,2.9,1.91
2018-06-28,2.33,2.6,2.81,2.91,1.91
2018-06-29,2.33,2.63,2.81,2.91,1.91
2018-06-30,2.33,2.63,2.81,2.91,1.91
2018-07-01,2.33,2.63,2.81,2.91,1.91
2018-07-02,2.34,2.65,2.83,2.92,1.91
2018-07-03,2.33,2.63,2.79,2.89,1.91
2018-07-04,2.33,2.63,2.79,2.89,1.91
2018-07-05,2.32,2.65,2.8,2.88,1.91
2018-07-06,2.34,2.64,2.78,2.87,1.91
2018-07-07,2.34,2.64,2.78,2.87,1.91
2018-07-08,2.34,2.64,2.78,2.87,1.91
2018-07-09,2.34,2.66,2.82,2.9,1.91
2018-07-10,2.36,2.69,2.83,2.91,1.91
2018-07-11,2.36,2.67,2.82,2.89,1.91
2018-07-12,2.39,2.68,2.83,2.89,1.91
2018-07-13,2.37,2.66,2.8,2.87,1.91
2018-07-14,2.37,2.66,2.8,2.87,1.91
2018-07-15,2.37,2.66,2.8,2.87,1.91
2018-07-16,2.39,2.67,2.82,2.9,1.91
2018-07-17,2.39,2.69,2.83,2.91,1.91
2018-07-18,2.43,2.69,2.84,2.93,1.91
2018-07-19,2.4,2.67,2.81,2.9,1.91
2018-07-20,2.41,2.68,2.85,2.96,1.91
2018-07-21,2.41,2.68,2.85,2.96,1.91
2018-07-22,2.41,2.68,2.85,2.96,1.91
2018-07-23,2.42,2.72,2.92,3.04,1.91
2018-07-24,2.42,2.74,2.91,3.02,1.91
2018-07-25,2.42,2.74,2.9,3.0,1.91
2018-07-26,2.41,2.78,2.95,3.05,1.91
2018-07-27,2.43,2.76,2.92,3.03,1.91
2018-07-28,2.43,2.76,2.92,3.03,1.91
2018-07-29,2.43,2.76,2.92,3.03,1.91
2018-07-30,2.43,2.77,2.94,3.05,1.91
2018-07-31,2.44,2.77,2.92,3.03,1.91
2018-08-01,2.45,2.78,2.96,3.07,1.91
2018-08-02,2.45,2.76,2.93,3.06,1.91
2018-08-03,2.43,2.74,2.91,3.03,1.91
2018-08-04,2.43,2.74,2.91,3.03,1.91
2018-08-05,2.43,2.74,2.91,3.03,1.91
2018-08-06,2.44,2.73,2.89,3.02,1.91
2018-08-07,2.45,2.76,2.92,3.06,1.91
2018-08-08,2.44,2.77,2.92,3.05,1.91
2018-08-09,2.44,2.74,2.89,3.01,1.91
2018-08-10,2.42,2.68,2.82,2.96,1.91
2018-08-11,2.42,2.68,2.82,2.96,1.91
2018-08-12,2.42,2.68,2.82,2.96,1.91
2018-08-13,2.42,2.68,2.82,2.97,1.91
2018-08-14,2.44,2.71,2.84,2.98,1.91
2018-08-15,2.45,2.68,2.81,2.95,1.91
2018-08-16,2.45,2.7,2.82,2.95,1.92
2018-08-17,2.44,2.68,2.82,2.95,1.92
2018-08-18,2.44,2.68,2.82,2.95,1.92
2018-08-19,2.44,2.68,2.82,2.95,1.92
2018-08-20,2.43,2.65,2.77,2.91,1.92
2018-08-21,2.45,2.67,2.8,2.93,1.92
2018-08-22,2.43,2.65,2.77,2.91,1.92
2018-08-23,2.43,2.66,2.78,2.9,1.92
2018-08-24,2.44,2.68,2.78,2.89,1.92
2018-08-25,2.44,2.68,2.78,2.89,1.92
2018-08-26,2.44,2.68,2.78,2.89,1.92
2018-08-27,2.47,2.7,2.81,2.92,1.92
2018-08-28,2.47,2.73,2.84,2.96,1.92
2018-08-29,2.48,2.75,2.85,2.96,1.92
2018-08-30,2.47,2.72,2.82,2.93,1.92
2018-08-31,2.46,2.7,2.81,2.95,1.91
2018-09-01,2.46,2.7,2.81,2.95,1.91
2018-09-02,2.46,2.7,2.81,2.95,1.91
2018-09-03,2.46,2.7,2.81,2.95,1.91
2018-09-04,2.49,2.73,2.85,2.99,1.92
2018-09-05,2.49,2.72,2.85,3.0,1.92
2018-09-06,2.5,2.71,2.83,2.98,1.92
2018-09-07,2.53,2.78,2.89,3.03,1.92
2018-09-08,2.53,2.78,2.89,3.03,1.92
2018-09-09,2.53,2.78,2.89,3.03,1.92
2018-09-10,2.54,2.78,2.89,3.02,1.92
2018-09-11,2.55,2.83,2.94,3.06,1.92
2018-09-12,2.56,2.82,2.93,3.04,1.92
2018-09-13,2.55,2.83,2.93,3.04,1.92
2018-09-14,2.56,2.85,2.96,3.07,1.92
2018-09-15,2.56,2.85,2.96,3.07,1.92
2018-09-16,2.56,2.85,2.96,3.07,1.92
2018-09-17,2.57,2.85,2.96,3.07,1.92
2018-09-18,2.58,2.88,3.01,3.14,1.92
2018-09-19,2.58,2.89,3.04,3.16,1.92
2018-09-20,2.58,2.89,3.03,3.15,1.92
2018-09-21,2.58,2.89,3.03,3.14,1.92
2018-09-22,2.58,2.89,3.03,3.14,1.92
2018-09-23,2.58,2.89,3.03,3.14,1.92
2018-09-24,2.6,2.89,3.04,3.15,1.93
2018-09-25,2.59,2.91,3.06,3.17,1.93
2018-09-26,2.58,2.89,3.02,3.14,1.93
2018-09-27,2.58,2.89,3.02,3.13,2.18
2018-09-28,2.59,2.88,3.01,3.13,2.18
2018-09-29,2.59,2.88,3.01,3.13,2.18
2018-09-30,2.59,2.88,3.01,3.13,2.18
2018-10-01,2.6,2.9,3.04,3.18,2.18
2018-10-02,2.61,2.88,3.01,3.14,2.18
2018-10-03,2.62,2.94,3.1,3.24,2.18
2018-10-04,2.63,2.97,3.14,3.29,2.18
2018-10-05,2.64,2.99,3.18,3.34,2.18
2018-10-06,2.64,2.99,3.18,3.34,2.18
2018-10-07,2.64,2.99,3.18,3.34,2.18
2018-10-08,2.64,2.99,3.18,3.34,2.18
2018-10-09,2.65,2.98,3.15,3.3,2.18
2018-10-10,2.67,2.97,3.15,3.33,2.18
2018-10-11,2.66,2.94,3.09,3.25,2.18
2018-10-12,2.66,2.93,3.09,3.25,2.18
2018-10-13,2.66,2.93,3.09,3.25,2.18
2018-10-14,2.66,2.93,3.09,3.25,2.18
2018-10-15,2.67,2.94,3.1,3.27,2.18
2018-10-16,2.66,2.95,3.1,3.26,2.18
2018-10-17,2.66,2.97,3.13,3.29,2.19
2018-10-18,2.67,2.95,3.11,3.28,2.19
2018-10-19,2.67,2.99,3.14,3.31,2.19
2018-10-20,2.67,2.99,3.14,3.31,2.19
2018-10-21,2.67,2.99,3.14,3.31,2.19
2018-10-22,2.68,2.99,3.13,3.31,2.19
2018-10-23,2.67,2.95,3.1,3.29,2.2
2018-10-24,2.64,2.89,3.02,3.24,2.2
2018-10-25,2.66,2.92,3.07,3.27,2.2
2018-10-26,2.63,2.85,3.0,3.23,2.2
2018-10-27,2.63,2.85,3.0,3.23,2.2
2018-10-28,2.63,2.85,3.0,3.23,2.2
2018-10-29,2.64,2.86,3.0,3.23,2.2
2018-10-30,2.66,2.9,3.03,3.26,2.2
2018-10-31,2.69,2.93,3.07,3.3,2.2
2018-11-01,2.67,2.91,3.06,3.29,2.2
2018-11-02,2.7,2.98,3.13,3.37,2.19
2018-11-03,2.7,2.98,3.13,3.37,2.19
2018-11-04,2.7,2.98,3.13,3.37,2.19
2018-11-05,2.71,2.99,3.12,3.34,2.2
2018-11-06,2.72,3.01,3.14,3.35,2.2
2018-11-07,2.74,3.03,3.15,3.35,2.2
2018-11-08,2.74,3.05,3.17,3.36,2.2
2018-11-09,2.73,3.01,3.13,3.32,2.19
2018-11-10,2.73,3.01,3.13,3.32,2.19
2018-11-11,2.73,3.01,3.13,3.32,2.19
2018-11-12,2.73,3.01,3.13,3.32,2.19
2018-11-13,2.72,2.95,3.07,3.28,2.2
2018-11-14,2.71,2.92,3.04,3.26,2.2
2018-11-15,2.7,2.91,3.02,3.27,2.2
2018-11-16,2.68,2.85,2.99,3.23,2.2
2018-11-17,2.68,2.85,2.99,3.23,2.2
2018-11-18,2.68,2.85,2.99,3.23,2.2
2018-11-19,2.66,2.82,2.97,3.22,2.2
2018-11-20,2.67,2.83,2.97,3.22,2.2
2018-11-21,2.67,2.84,2.98,3.22,2.2
2018-11-22,2.67,2.84,2.98,3.22,2.2
2018-11-23,2.67,2.83,2.97,3.21,2.2
2018-11-24,2.67,2.83,2.97,3.21,2.2
2018-11-25,2.67,2.83,2.97,3.21,2.2
2018-11-26,2.7,2.86,2.98,3.22,2.2
2018-11-27,2.7,2.86,2.98,3.22,2.2
2018-11-28,2.69,2.84,2.97,3.23,2.2
2018-11-29,2.69,2.83,2.94,3.21,2.2
2018-11-30,2.7,2.83,2.92,3.19,2.2
2018-12-01,2.7,2.83,2.92,3.19,2.2
2018-12-02,2.7,2.83,2.92,3.19,2.2
2018-12-03,2.72,2.84,2.9,3.15,2.19
2018-12-04,2.71,2.81,2.84,3.05,2.2
2018-12-05,2.71,2.81,2.84,3.05,2.2
2018-12-06,2.7,2.76,2.8,3.01,2.2
2018-12-07,2.68,2.72,2.77,3.01,2.19
2018-12-08,2.68,2.72,2.77,3.01,2.19
2018-12-09,2.68,2.72,2.77,3.01,2.19
2018-12-10,2.69,2.73,2.77,3.0,2.2
2018-12-11,2.7,2.78,2.81,3.02,2.19
2018-12-12,2.7,2.78,2.84,3.04,2.19
2018-12-13,2.69,2.76,2.83,3.05,2.19
2018-12-14,2.68,2.72,2.81,3.03,2.19
2018-12-15,2.68,2.72,2.81,3.03,2.19
2018-12-16,2.68,2.72,2.81,3.03,2.19
2018-12-17,2.66,2.68,2.77,3.0,2.2
2018-12-18,2.64,2.64,2.74,2.96,2.2
2018-12-19,2.62,2.61,2.69,2.89,2.2
2018-12-20,2.64,2.65,2.72,2.92,2.4
2018-12-21,2.62,2.61,2.72,2.92,2.4
2018-12-22,2.62,2.61,2.72,2.92,2.4
2018-12-23,2.62,2.61,2.72,2.92,2.4
2018-12-24,2.61,2.56,2.66,2.88,2.4
2018-12-25,2.61,2.56,2.66,2.88,2.4
2018-12-26,2.61,2.6,2.74,2.94,2.4
2018-12-27,2.58,2.55,2.68,2.92,2.4
2018-12-28,2.57,2.5,2.63,2.89,2.4
2018-12-29,2.57,2.5,2.63,2.89,2.4
2018-12-30,2.57,2.5,2.63,2.89,2.4
2018-12-31,2.63,2.46,2.59,2.87,2.4
2019-01-01,2.63,2.46,2.59,2.87,2.4
2019-01-02,2.6,2.47,2.56,2.83,2.4
2019-01-03,2.5,2.35,2.44,2.75,2.4
2019-01-04,2.57,2.47,2.56,2.83,2.4
2019-01-05,2.57,2.47,2.56,2.83,2.4
2019-01-06,2.57,2.47,2.56,2.83,2.4
2019-01-07,2.58,2.51,2.6,2.86,2.4
2019-01-08,2.6,2.57,2.63,2.88,2.4
2019-01-09,2.59,2.54,2.64,2.9,2.4
2019-01-10,2.59,2.54,2.63,2.92,2.4
2019-01-11,2.58,2.51,2.6,2.9,2.4
2019-01-12,2.58,2.51,2.6,2.9,2.4
2019-01-13,2.58,2.51,2.6,2.9,2.4
2019-01-14,2.57,2.51,2.6,2.91,2.4
2019-01-15,2.57,2.51,2.61,2.92,2.4
2019-01-16,2.57,2.53,2.62,2.92,2.4
2019-01-17,2.57,2.55,2.66,2.93,2.4
2019-01-18,2.6,2.6,2.7,2.95,2.4
2019-01-19,2.6,2.6,2.7,2.95,2.4
2019-01-20,2.6,2.6,2.7,2.95,2.4
2019-01-21,2.6,2.6,2.7,2.95,2.4
2019-01-22,2.59,2.55,2.65,2.91,2.4
2019-01-23,2.59,2.57,2.66,2.93,2.4
2019-01-24,2.58,2.54,2.62,2.89,2.4
2019-01-25,2.6,2.58,2.66,2.92,2.4
2019-01-26,2.6,2.58,2.66,2.92,2.4
2019-01-27,2.6,2.58,2.66,2.92,2.4
2019-01-28,2.6,2.58,2.65,2.92,2.4
2019-01-29,2.6,2.54,2.61,2.9,2.4
2019-01-30,2.57,2.49,2.58,2.9,2.4
2019-01-31,2.55,2.43,2.51,2.83,2.4
2019-02-01,2.56,2.5,2.59,2.88,2.4
2019-02-02,2.56,2.5,2.59,2.88,2.4
2019-02-03,2.56,2.5,2.59,2.88,2.4
2019-02-04,2.57,2.52,2.62,2.92,2.4
2019-02-05,2.56,2.5,2.6,2.89,2.4
2019-02-06,2.56,2.5,2.59,2.88,2.4
2019-02-07,2.55,2.46,2.54,2.85,2.4
2019-02-08,2.54,2.43,2.53,2.82,2.4
2019-02-09,2.54,2.43,2.53,2.82,2.4
2019-02-10,2.54,2.43,2.53,2.82,2.4
2019-02-11,2.55,2.47,2.56,2.85,2.4
2019-02-12,2.55,2.48,2.58,2.87,2.4
2019-02-13,2.55,2.52,2.61,2.89,2.4
2019-02-14,2.53,2.48,2.56,2.85,2.4
2019-02-15,2.55,2.5,2.57,2.84,2.4
2019-02-16,2.55,2.5,2.57,2.84,2.4
2019-02-17,2.55,2.5,2.57,2.84,2.4
2019-02-18,2.55,2.5,2.57,2.84,2.4
2019-02-19,2.54,2.47,2.55,2.84,2.4
2019-02-20,2.54,2.47,2.55,2.84,2.4
2019-02-21,2.55,2.49,2.59,2.89,2.4
2019-02-22,2.55,2.46,2.55,2.86,2.4
2019-02-23,2.55,2.46,2.55,2.86,2.4
2019-02-24,2.55,2.46,2.55,2.86,2.4
2019-02-25,2.56,2.48,2.57,2.87,2.4
2019-02-26,2.55,2.44,2.54,2.84,2.4
2019-02-27,2.54,2.48,2.59,2.91,2.4
2019-02-28,2.54,2.5,2.63,2.94,2.4
2019-03-01,2.55,2.54,2.67,2.97,2.4
2019-03-02,2.55,2.54,2.67,2.97,2.4
2019-03-03,2.55,2.54,2.67,2.97,2.4
2019-03-04,2.54,2.52,2.63,2.93,2.4
2019-03-05,2.54,2.52,2.63,2.93,2.4
2019-03-06,2.54,2.49,2.59,2.9,2.4
2019-03-07,2.52,2.44,2.54,2.86,2.4
2019-03-08,2.53,2.43,2.51,2.83,2.4
2019-03-09,2.53,2.43,2.51,2.83,2.4
2019-03-10,2.53,2.43,2.51,2.83,2.4
2019-03-11,2.53,2.45,2.53,2.86,2.4
2019-03-12,2.52,2.41,2.5,2.82,2.4
2019-03-13,2.53,2.41,2.51,2.82,2.4
2019-03-14,2.52,2.42,2.53,2.86,2.4
2019-03-15,2.52,2.39,2.49,2.83,2.4
2019-03-16,2.52,2.39,2.49,2.83,2.4
2019-03-17,2.52,2.39,2.49,2.83,2.4
2019-03-18,2.52,2.41,2.51,2.83,2.4
2019-03-19,2.5,2.42,2.51,2.84,2.4
2019-03-20,2.47,2.34,2.44,2.79,2.41
2019-03-21,2.48,2.34,2.44,2.78,2.41
2019-03-22,2.45,2.24,2.34,2.69,2.41
2019-03-23,2.45,2.24,2.34,2.69,2.41
2019-03-24,2.45,2.24,2.34,2.69,2.41
2019-03-25,2.41,2.19,2.32,2.68,2.4
2019-03-26,2.44,2.18,2.29,2.67,2.4
2019-03-27,2.4,2.16,2.28,2.63,2.41
2019-03-28,2.4,2.18,2.29,2.62,2.41
2019-03-29,2.4,2.21,2.31,2.63,2.43
2019-03-30,2.4,2.21,2.31,2.63,2.43
2019-03-31,2.4,2.21,2.31,2.63,2.43
2019-04-01,2.41,2.29,2.4,2.71,2.41
2019-04-02,2.41,2.26,2.38,2.7,2.41
2019-04-03,2.41,2.29,2.42,2.75,2.41
2019-04-04,2.41,2.29,2.41,2.74,2.41
2019-04-05,2.43,2.3,2.4,2.72,2.41
2019-04-06,2.43,2.3,2.4,2.72,2.41
2019-04-07,2.43,2.3,2.4,2.72,2.41
2019-04-08,2.43,2.31,2.42,2.74,2.41
2019-04-09,2.42,2.31,2.4,2.73,2.41
2019-04-10,2.41,2.27,2.37,2.71,2.41
2019-04-11,2.44,2.3,2.4,2.74,2.41
2019-04-12,2.44,2.36,2.47,2.78,2.41
2019-04-13,2.44,2.36,2.47,2.78,2.41
2019-04-14,2.44,2.36,2.47,2.78,2.41
2019-04-15,2.43,2.36,2.46,2.77,2.41
2019-04-16,2.45,2.38,2.5,2.81,2.41
2019-04-17,2.44,2.37,2.49,2.81,2.42
2019-04-18,2.44,2.36,2.46,2.78,2.43
2019-04-19,2.44,2.36,2.46,2.78,2.44
2019-04-20,2.44,2.36,2.46,2.78,2.44
2019-04-21,2.44,2.36,2.46,2.78,2.44
2019-04-22,2.46,2.36,2.49,2.82,2.44
2019-04-23,2.43,2.34,2.46,2.81,2.44
2019-04-24,2.42,2.28,2.41,2.76,2.44
2019-04-25,2.42,2.29,2.42,2.76,2.44
2019-04-26,2.41,2.25,2.39,2.74,2.44
2019-04-27,2.41,2.25,2.39,2.74,2.44
2019-04-28,2.41,2.25,2.39,2.74,2.44
2019-04-29,2.42,2.27,2.42,2.78,2.45
2019-04-30,2.39,2.24,2.39,2.75,2.45
2019-05-01,2.39,2.28,2.41,2.74,2.45
2019-05-02,2.41,2.32,2.44,2.77,2.41
2019-05-03,2.41,2.3,2.43,2.75,2.4
2019-05-04,2.41,2.3,2.43,2.75,2.4
2019-05-05,2.41,2.3,2.43,2.75,2.4
2019-05-06,2.39,2.27,2.4,2.73,2.4
2019-05-07,2.37,2.24,2.35,2.68,2.4
2019-05-08,2.37,2.26,2.38,2.71,2.39
2019-05-09,2.36,2.22,2.34,2.69,2.38
2019-05-10,2.36,2.23,2.37,2.7,2.38
2019-05-11,2.36,2.23,2.37,2.7,2.38
2019-05-12,2.36,2.23,2.37,2.7,2.38
2019-05-13,2.32,2.15,2.28,2.65,2.38
2019-05-14,2.32,2.17,2.3,2.67,2.38
2019-05-15,2.3,2.12,2.25,2.63,2.4
2019-05-16,2.33,2.15,2.28,2.65,2.39
2019-05-17,2.33,2.15,2.27,2.63,2.39
2019-05-18,2.33,2.15,2.27,2.63,2.39
2019-05-19,2.33,2.15,2.27,2.63,2.39
2019-05-20,2.34,2.17,2.3,2.65,2.39
2019-05-21,2.36,2.2,2.33,2.67,2.39
2019-05-22,2.37,2.17,2.28,2.64,2.38
2019-05-23,2.32,2.08,2.2,2.56,2.38
2019-05-24,2.33,2.1,2.22,2.57,2.38
2019-05-25,2.33,2.1,2.22,2.57,2.38
2019-05-26,2.33,2.1,2.22,2.57,2.38
2019-05-27,2.33,2.1,2.22,2.57,2.38
2019-05-28,2.31,2.06,2.16,2.52,2.39
2019-05-29,2.3,2.04,2.16,2.5,2.39
2019-05-30,2.29,2.0,2.12,2.46,2.39
2019-05-31,2.21,1.9,2.03,2.39,2.4
2019-06-01,2.21,1.9,2.03,2.39,2.4
2019-06-02,2.21,1.9,2.03,2.39,2.4
2019-06-03,2.11,1.79,1.95,2.34,2.38
2019-06-04,2.11,1.84,2.01,2.41,2.38
2019-06-05,2.04,1.81,2.0,2.42,2.38
2019-06-06,2.02,1.85,2.01,2.42,2.37
2019-06-07,1.97,1.82,1.97,2.36,2.37
2019-06-08,1.97,1.82,1.97,2.36,2.37
2019-06-09,1.97,1.82,1.97,2.36,2.37
2019-06-10,2.03,1.87,2.03,2.42,2.37
2019-06-11,2.05,1.87,2.03,2.42,2.37
2019-06-12,2.02,1.83,2.0,2.41,2.37
2019-06-13,2.0,1.78,1.96,2.39,2.37
2019-06-14,2.0,1.79,1.96,2.38,2.36
2019-06-15,2.0,1.79,1.96,2.38,2.36
2019-06-16,2.0,1.79,1.96,2.38,2.36
2019-06-17,2.03,1.8,1.96,2.37,2.38
2019-06-18,2.04,1.8,1.93,2.34,2.37
2019-06-19,1.96,1.7,1.89,2.32,2.37
2019-06-20,1.91,1.69,1.87,2.31,2.37
2019-06-21,1.95,1.74,1.93,2.37,2.38
2019-06-22,1.95,1.74,1.93,2.37,2.38
2019-06-23,1.95,1.74,1.93,2.37,2.38
2019-06-24,1.92,1.69,1.88,2.33,2.38
2019-06-25,1.93,1.67,1.86,2.31,2.38
2019-06-26,1.96,1.74,1.92,2.35,2.38
2019-06-27,1.93,1.71,1.88,2.31,2.38
2019-06-28,1.92,1.71,1.87,2.31,2.4
2019-06-29,1.92,1.71,1.87,2.31,2.4
2019-06-30,1.92,1.71,1.87,2.31,2.4
2019-07-01,1.94,1.74,1.9,2.34,2.39
2019-07-02,1.91,1.71,1.85,2.29,2.4
2019-07-03,1.91,1.71,1.83,2.25,2.41
2019-07-04,1.91,1.71,1.83,2.25,2.41
2019-07-05,1.98,1.82,1.93,2.34,2.42
2019-07-06,1.98,1.82,1.93,2.34,2.42
2019-07-07,1.98,1.82,1.93,2.34,2.42
2019-07-08,1.99,1.84,1.94,2.32,2.41
2019-07-09,2.0,1.88,1.96,2.34,2.41
2019-07-10,1.93,1.79,1.93,2.36,2.41
2019-07-11,1.97,1.84,1.99,2.42,2.4
2019-07-12,1.96,1.81,1.98,2.42,2.38
2019-07-13,1.96,1.81,1.98,2.42,2.38
2019-07-14,1.96,1.81,1.98,2.42,2.38
2019-07-15,1.95,1.8,1.96,2.39,2.4
2019-07-16,2.0,1.84,2.0,2.42,2.41
2019-07-17,1.95,1.8,1.94,2.35,2.41
2019-07-18,1.9,1.74,1.89,2.34,2.41
2019-07-19,1.94,1.77,1.91,2.35,2.41
2019-07-20,1.94,1.77,1.91,2.35,2.41
2019-07-21,1.94,1.77,1.91,2.35,2.41
2019-07-22,1.95,1.77,1.92,2.36,2.4
2019-07-23,1.97,1.79,1.94,2.38,2.4
2019-07-24,1.98,1.79,1.93,2.36,2.4
2019-07-25,1.99,1.83,1.95,2.38,2.4
2019-07-26,2.0,1.83,1.95,2.38,2.4
2019-07-27,2.0,1.83,1.95,2.38,2.4
2019-07-28,2.0,1.83,1.95,2.38,2.4
2019-07-29,1.98,1.81,1.93,2.37,2.4
2019-07-30,1.97,1.82,1.93,2.36,2.39
2019-07-31,2.0,1.84,1.92,2.31,2.4
2019-08-01,1.88,1.67,1.77,2.21,2.14
2019-08-02,1.85,1.67,1.75,2.16,2.14
2019-08-03,1.85,1.67,1.75,2.16,2.14
2019-08-04,1.85,1.67,1.75,2.16,2.14
2019-08-05,1.78,1.55,1.63,2.07,2.13
2019-08-06,1.8,1.54,1.62,2.03,2.13
2019-08-07,1.75,1.51,1.6,2.01,2.12
2019-08-08,1.79,1.54,1.62,2.02,2.12
2019-08-09,1.78,1.58,1.65,2.03,2.12
2019-08-10,1.78,1.58,1.65,2.03,2.12
2019-08-11,1.78,1.58,1.65,2.03,2.12
2019-08-12,1.75,1.51,1.56,1.92,2.12
2019-08-13,1.86,1.6,1.62,1.94,2.12
2019-08-14,1.79,1.53,1.55,1.84,2.12
2019-08-15,1.72,1.44,1.47,1.8,2.13
2019-08-16,1.71,1.44,1.49,1.82,2.13
2019-08-17,1.71,1.44,1.49,1.82,2.13
2019-08-18,1.71,1.44,1.49,1.82,2.13
2019-08-19,1.75,1.49,1.54,1.88,2.13
2019-08-20,1.72,1.44,1.49,1.84,2.13
2019-08-21,1.77,1.5,1.54,1.87,2.12
2019-08-22,1.79,1.53,1.56,1.9,2.12
2019-08-23,1.73,1.43,1.46,1.82,2.12
2019-08-24,1.73,1.43,1.46,1.82,2.12
2019-08-25,1.73,1.43,1.46,1.82,2.12
2019-08-26,1.75,1.47,1.49,1.84,2.12
2019-08-27,1.77,1.43,1.44,1.77,2.12
2019-08-28,1.74,1.42,1.42,1.76,2.12
2019-08-29,1.75,1.44,1.46,1.78,2.12
2019-08-30,1.76,1.42,1.45,1.78,2.13
2019-08-31,1.76,1.42,1.45,1.78,2.13
2019-09-01,1.76,1.42,1.45,1.78,2.13
2019-09-02,1.76,1.42,1.45,1.78,2.13
2019-09-03,1.72,1.38,1.42,1.77,2.13
2019-09-04,1.69,1.36,1.4,1.77,2.13
2019-09-05,1.73,1.47,1.51,1.86,2.13
2019-09-06,1.73,1.46,1.5,1.83,2.12
2019-09-07,1.73,1.46,1.5,1.83,2.12
2019-09-08,1.73,1.46,1.5,1.83,2.12
2019-09-09,1.74,1.52,1.57,1.91,2.13
2019-09-10,1.81,1.61,1.66,2.0,2.13
2019-09-11,1.79,1.62,1.68,2.02,2.13
2019-09-12,1.82,1.67,1.72,2.06,2.13
2019-09-13,1.88,1.76,1.83,2.17,2.14
2019-09-14,1.88,1.76,1.83,2.17,2.14
2019-09-15,1.88,1.76,1.83,2.17,2.14
2019-09-16,1.86,1.71,1.77,2.11,2.25
2019-09-17,1.87,1.68,1.75,2.08,2.3
2019-09-18,1.87,1.72,1.76,2.06,2.25
2019-09-19,1.88,1.68,1.73,2.04,1.9
2019-09-20,1.84,1.63,1.68,1.99,1.9
2019-09-21,1.84,1.63,1.68,1.99,1.9
2019-09-22,1.84,1.63,1.68,1.99,1.9
2019-09-23,1.81,1.61,1.65,1.98,1.9
2019-09-24,1.78,1.53,1.58,1.91,1.9
2019-09-25,1.82,1.61,1.66,1.99,1.9
2019-09-26,1.79,1.61,1.65,1.96,1.85
2019-09-27,1.74,1.58,1.62,1.95,1.83
2019-09-28,1.74,1.58,1.62,1.95,1.83
2019-09-29,1.74,1.58,1.62,1.95,1.83
2019-09-30,1.75,1.56,1.62,1.94,1.9
2019-10-01,1.73,1.51,1.59,1.93,1.88
2019-10-02,1.67,1.43,1.53,1.9,1.85
2019-10-03,1.58,1.34,1.45,1.85,1.83
2019-10-04,1.58,1.35,1.43,1.81,1.82
2019-10-05,1.58,1.35,1.43,1.81,1.82
2019-10-06,1.58,1.35,1.43,1.81,1.82
2019-10-07,1.64,1.41,1.47,1.85,1.82
2019-10-08,1.62,1.38,1.45,1.84,1.82
2019-10-09,1.59,1.43,1.5,1.88,1.82
2019-10-10,1.63,1.49,1.57,1.96,1.82
2019-10-11,1.67,1.6,1.68,2.04,1.82
2019-10-12,1.67,1.6,1.68,2.04,1.82
2019-10-13,1.67,1.6,1.68,2.04,1.82
2019-10-14,1.67,1.6,1.68,2.04,1.82
2019-10-15,1.65,1.6,1.68,2.06,1.9
2019-10-16,1.59,1.57,1.65,2.05,1.9
2019-10-17,1.59,1.57,1.66,2.05,1.85
2019-10-18,1.58,1.56,1.66,2.06,1.85
2019-10-19,1.58,1.56,1.66,2.06,1.85
2019-10-20,1.58,1.56,1.66,2.06,1.85
2019-10-21,1.59,1.59,1.7,2.1,1.85
2019-10-22,1.59,1.59,1.68,2.07,1.85
2019-10-23,1.58,1.58,1.67,2.06,1.85
2019-10-24,1.59,1.58,1.67,2.08,1.85
2019-10-25,1.6,1.62,1.71,2.1,1.83
2019-10-26,1.6,1.62,1.71,2.1,1.83
2019-10-27,1.6,1.62,1.71,2.1,1.83
2019-10-28,1.6,1.65,1.75,2.16,1.83
2019-10-29,1.59,1.65,1.74,2.15,1.82
2019-10-30,1.59,1.6,1.69,2.08,1.82
2019-10-31,1.53,1.52,1.6,2.0,1.58
2019-11-01,1.53,1.55,1.63,2.03,1.57
2019-11-02,1.53,1.55,1.63,2.03,1.57
2019-11-03,1.53,1.55,1.63,2.03,1.57
2019-11-04,1.56,1.59,1.69,2.1,1.56
2019-11-05,1.62,1.63,1.77,2.17,1.56
2019-11-06,1.58,1.6,1.73,2.13,1.55
2019-11-07,1.58,1.7,1.84,2.24,1.55
2019-11-08,1.58,1.7,1.86,2.27,1.55
2019-11-09,1.58,1.7,1.86,2.27,1.55
2019-11-10,1.58,1.7,1.86,2.27,1.55
2019-11-11,1.58,1.7,1.86,2.27,1.55
2019-11-12,1.58,1.69,1.84,2.24,1.55
2019-11-13,1.57,1.65,1.79,2.2,1.55
2019-11-14,1.55,1.59,1.73,2.15,1.55
2019-11-15,1.54,1.61,1.75,2.16,1.55
2019-11-16,1.54,1.61,1.75,2.16,1.55
2019-11-17,1.54,1.61,1.75,2.16,1.55
2019-11-18,1.54,1.59,1.73,2.14,1.55
2019-11-19,1.54,1.59,1.71,2.11,1.55
2019-11-20,1.54,1.55,1.66,2.05,1.55
2019-11-21,1.55,1.59,1.71,2.09,1.55
2019-11-22,1.56,1.6,1.71,2.08,1.55
2019-11-23,1.56,1.6,1.71,2.08,1.55
2019-11-24,1.56,1.6,1.71,2.08,1.55
2019-11-25,1.58,1.6,1.71,2.07,1.55
2019-11-26,1.59,1.58,1.68,2.04,1.55
2019-11-27,1.6,1.61,1.71,2.06,1.55
2019-11-28,1.6,1.61,1.71,2.06,1.55
2019-11-29,1.6,1.61,1.73,2.07,1.56
2019-11-30,1.6,1.61,1.73,2.07,1.56
2019-12-01,1.6,1.61,1.73,2.07,1.56
2019-12-02,1.6,1.63,1.77,2.15,1.56
2019-12-03,1.57,1.54,1.65,2.03,1.55
2019-12-04,1.56,1.58,1.71,2.08,1.55
2019-12-05,1.56,1.6,1.73,2.11,1.55
2019-12-06,1.57,1.64,1.78,2.14,1.55
2019-12-07,1.57,1.64,1.78,2.14,1.55
2019-12-08,1.57,1.64,1.78,2.14,1.55
2019-12-09,1.56,1.63,1.77,2.13,1.55
2019-12-10,1.56,1.67,1.78,2.12,1.55
2019-12-11,1.55,1.62,1.74,2.08,1.55
2019-12-12,1.55,1.69,1.84,2.18,1.55
2019-12-13,1.54,1.62,1.76,2.11,1.55
2019-12-14,1.54,1.62,1.76,2.11,1.55
2019-12-15,1.54,1.62,1.76,2.11,1.55
2019-12-16,1.54,1.67,1.82,2.17,1.56
2019-12-17,1.53,1.66,1.82,2.18,1.55
2019-12-18,1.54,1.67,1.86,2.22,1.55
2019-12-19,1.52,1.65,1.84,2.21,1.55
2019-12-20,1.52,1.67,1.84,2.21,1.55
2019-12-21,1.52,1.67,1.84,2.21,1.55
2019-12-22,1.52,1.67,1.84,2.21,1.55
2019-12-23,1.53,1.67,1.86,2.22,1.55
2019-12-24,1.53,1.64,1.83,2.2,1.55
2019-12-25,1.53,1.64,1.83,2.2,1.55
2019-12-26,1.53,1.65,1.85,2.19,1.55
2019-12-27,1.51,1.6,1.8,2.18,1.55
2019-12-28,1.51,1.6,1.8,2.18,1.55
2019-12-29,1.51,1.6,1.8,2.18,1.55
2019-12-30,1.57,1.59,1.81,2.21,1.55
2019-12-31,1.59,1.62,1.83,2.25,1.55
2020-01-01,1.59,1.62,1.83,2.25,1.55
2020-01-02,1.56,1.59,1.79,2.19,1.55
2020-01-03,1.55,1.54,1.71,2.11,1.55
2020-01-04,1.55,1.54,1.71,2.11,1.55
2020-01-05,1.55,1.54,1.71,2.11,1.55
2020-01-06,1.54,1.56,1.72,2.13,1.55
2020-01-07,1.53,1.55,1.74,2.16,1.55
2020-01-08,1.55,1.61,1.78,2.21,1.55
2020-01-09,1.54,1.59,1.77,2.17,1.55
2020-01-10,1.53,1.59,1.74,2.14,1.54
2020-01-11,1.53,1.59,1.74,2.14,1.54
2020-01-12,1.53,1.59,1.74,2.14,1.54
2020-01-13,1.53,1.6,1.76,2.16,1.54
2020-01-14,1.53,1.59,1.74,2.12,1.54
2020-01-15,1.54,1.56,1.71,2.09,1.54
2020-01-16,1.54,1.58,1.73,2.11,1.54
2020-01-17,1.56,1.56,1.74,2.16,1.55
2020-01-18,1.56,1.56,1.74,2.16,1.55
2020-01-19,1.56,1.56,1.74,2.16,1.55
2020-01-20,1.56,1.56,1.74,2.16,1.55
2020-01-21,1.54,1.53,1.69,2.1,1.55
2020-01-22,1.55,1.52,1.68,2.07,1.55
2020-01-23,1.55,1.51,1.65,2.03,1.55
2020-01-24,1.55,1.48,1.61,2.0,1.55
2020-01-25,1.55,1.48,1.61,2.0,1.55
2020-01-26,1.55,1.48,1.61,2.0,1.55
2020-01-27,1.53,1.41,1.52,1.91,1.55
2020-01-28,1.53,1.45,1.56,1.95,1.55
2020-01-29,1.51,1.39,1.51,1.89,1.55
2020-01-30,1.48,1.37,1.49,1.88,1.6
2020-01-31,1.45,1.3,1.42,1.83,1.59
2020-02-01,1.45,1.3,1.42,1.83,1.59
2020-02-02,1.45,1.3,1.42,1.83,1.59
2020-02-03,1.46,1.34,1.45,1.84,1.59
2020-02-04,1.48,1.4,1.52,1.91,1.59
2020-02-05,1.49,1.43,1.57,1.97,1.59
2020-02-06,1.51,1.43,1.56,1.94,1.59
2020-02-07,1.49,1.39,1.51,1.89,1.58
2020-02-08,1.49,1.39,1.51,1.89,1.58
2020-02-09,1.49,1.39,1.51,1.89,1.58
2020-02-10,1.45,1.36,1.47,1.87,1.58
2020-02-11,1.48,1.39,1.5,1.89,1.58
2020-02-12,1.49,1.42,1.55,1.93,1.58
2020-02-13,1.48,1.42,1.53,1.91,1.58
2020-02-14,1.49,1.4,1.51,1.89,1.58
2020-02-15,1.49,1.4,1.51,1.89,1.58
2020-02-16,1.49,1.4,1.51,1.89,1.58
2020-02-17,1.49,1.4,1.51,1.89,1.58
2020-02-18,1.47,1.37,1.48,1.85,1.59
2020-02-19,1.47,1.39,1.5,1.86,1.59
2020-02-20,1.46,1.35,1.45,1.81,1.59
2020-02-21,1.43,1.3,1.39,1.75,1.58
2020-02-22,1.43,1.3,1.39,1.75,1.58
2020-02-23,1.43,1.3,1.39,1.75,1.58
2020-02-24,1.35,1.21,1.3,1.68,1.58
2020-02-25,1.3,1.16,1.25,1.63,1.58
2020-02-26,1.26,1.14,1.25,1.64,1.58
2020-02-27,1.18,1.08,1.22,1.61,1.58
2020-02-28,0.97,0.85,1.03,1.46,1.58
2020-02-29,0.97,0.85,1.03,1.46,1.58
2020-03-01,0.97,0.85,1.03,1.46,1.58
2020-03-02,0.89,0.85,1.01,1.46,1.59
2020-03-03,0.73,0.72,0.91,1.44,1.59
2020-03-04,0.59,0.68,0.9,1.45,1.09
2020-03-05,0.48,0.61,0.81,1.34,1.09
2020-03-06,0.39,0.53,0.69,1.09,1.09
2020-03-07,0.39,0.53,0.69,1.09,1.09
2020-03-08,0.39,0.53,0.69,1.09,1.09
2020-03-09,0.31,0.4,0.56,0.87,1.09
2020-03-10,0.43,0.58,0.73,1.16,1.09
2020-03-11,0.4,0.58,0.78,1.13,1.09
2020-03-12,0.39,0.58,0.82,1.27,1.1
2020-03-13,0.38,0.58,0.89,1.31,1.1
2020-03-14,0.38,0.58,0.89,1.31,1.1
2020-03-15,0.38,0.58,0.89,1.31,1.1
2020-03-16,0.29,0.43,0.67,1.1,0.25
2020-03-17,0.3,0.54,0.91,1.45,0.25
2020-03-18,0.21,0.66,1.08,1.6,0.25
2020-03-19,0.2,0.53,1.0,1.56,0.2
2020-03-20,0.15,0.41,0.82,1.35,0.15
2020-03-21,0.15,0.41,0.82,1.35,0.15
2020-03-22,0.15,0.41,0.82,1.35,0.15
2020-03-23,0.17,0.31,0.63,1.12,0.15
2020-03-24,0.25,0.44,0.75,1.19,0.12
2020-03-25,0.19,0.41,0.77,1.23,0.1
2020-03-26,0.13,0.36,0.72,1.2,0.1
2020-03-27,0.11,0.3,0.6,1.09,0.1
2020-03-28,0.11,0.3,0.6,1.09,0.1
2020-03-29,0.11,0.3,0.6,1.09,0.1
2020-03-30,0.14,0.29,0.57,1.1,0.09
2020-03-31,0.17,0.29,0.55,1.15,0.08
2020-04-01,0.16,0.28,0.51,1.04,0.06
2020-04-02,0.14,0.29,0.53,1.04,0.05
2020-04-03,0.15,0.3,0.52,1.05,0.05
2020-04-04,0.15,0.3,0.52,1.05,0.05
2020-04-05,0.15,0.3,0.52,1.05,0.05
2020-04-06,0.2,0.35,0.58,1.08,0.05
2020-04-07,0.2,0.36,0.64,1.13,0.05
2020-04-08,0.23,0.34,0.65,1.18,0.05
2020-04-09,0.25,0.29,0.6,1.15,0.05
2020-04-10,0.25,0.29,0.6,1.15,0.05
2020-04-11,0.25,0.29,0.6,1.15,0.05
2020-04-12,0.25,0.29,0.6,1.15,0.05
2020-04-13,0.27,0.31,0.63,1.19,0.05
2020-04-14,0.25,0.29,0.61,1.19,0.05
2020-04-15,0.19,0.24,0.49,1.06,0.05
2020-04-16,0.17,0.25,0.5,1.01,0.05
2020-04-17,0.16,0.26,0.53,1.08,0.05
2020-04-18,0.16,0.26,0.53,1.08,0.05
2020-04-19,0.16,0.26,0.53,1.08,0.05
2020-04-20,0.15,0.26,0.51,1.04,0.05
2020-04-21,0.17,0.24,0.48,0.98,0.05
2020-04-22,0.16,0.26,0.52,1.03,0.05
2020-04-23,0.17,0.26,0.51,0.99,0.04
2020-04-24,0.18,0.26,0.51,0.98,0.05
2020-04-25,0.18,0.26,0.51,0.98,0.05
2020-04-26,0.18,0.26,0.51,0.98,0.05
2020-04-27,0.17,0.29,0.56,1.06,0.04
2020-04-28,0.16,0.26,0.52,1.0,0.04
2020-04-29,0.18,0.24,0.52,1.02,0.04
2020-04-30,0.16,0.24,0.53,1.05,0.05
2020-05-01,0.17,0.25,0.53,1.04,0.05
2020-05-02,0.17,0.25,0.53,1.04,0.05
2020-05-03,0.17,0.25,0.53,1.04,0.05
2020-05-04,0.16,0.24,0.52,1.05,0.05
2020-05-05,0.16,0.24,0.53,1.07,0.05
2020-05-06,0.16,0.24,0.57,1.16,0.05
2020-05-07,0.15,0.19,0.49,1.05,0.05
2020-05-08,0.15,0.21,0.53,1.12,0.05
2020-05-09,0.15,0.21,0.53,1.12,0.05
2020-05-10,0.15,0.21,0.53,1.12,0.05
2020-05-11,0.16,0.24,0.56,1.16,0.05
2020-05-12,0.16,0.22,0.53,1.11,0.05
2020-05-13,0.15,0.2,0.5,1.07,0.05
2020-05-14,0.15,0.2,0.48,1.03,0.05
2020-05-15,0.15,0.19,0.49,1.05,0.05
2020-05-16,0.15,0.19,0.49,1.05,0.05
2020-05-17,0.15,0.19,0.49,1.05,0.05
2020-05-18,0.17,0.24,0.57,1.17,0.05
2020-05-19,0.16,0.22,0.54,1.15,0.05
2020-05-20,0.16,0.21,0.53,1.19,0.05
2020-05-21,0.16,0.21,0.53,1.16,0.05
2020-05-22,0.17,0.21,0.51,1.12,0.05
2020-05-23,0.17,0.21,0.51,1.12,0.05
2020-05-24,0.17,0.21,0.51,1.12,0.05
2020-05-25,0.17,0.21,0.51,1.12,0.05
2020-05-26,0.17,0.22,0.53,1.19,0.05
2020-05-27,0.18,0.22,0.52,1.19,0.05
2020-05-28,0.17,0.22,0.54,1.23,0.05
2020-05-29,0.17,0.19,0.5,1.18,0.05
2020-05-30,0.17,0.19,0.5,1.18,0.05
2020-05-31,0.17,0.19,0.5,1.18,0.05
2020-06-01,0.17,0.2,0.5,1.22,0.05
2020-06-02,0.17,0.2,0.52,1.24,0.06
2020-06-03,0.17,0.26,0.59,1.32,0.06
2020-06-04,0.17,0.26,0.63,1.38,0.06
2020-06-05,0.18,0.29,0.71,1.46,0.07
2020-06-06,0.18,0.29,0.71,1.46,0.07
2020-06-07,0.18,0.29,0.71,1.46,0.07
2020-06-08,0.19,0.29,0.69,1.43,0.07
2020-06-09,0.19,0.25,0.65,1.37,0.07
2020-06-10,0.18,0.22,0.56,1.31,0.08
2020-06-11,0.19,0.22,0.51,1.19,0.08
2020-06-12,0.18,0.22,0.54,1.24,0.08
2020-06-13,0.18,0.22,0.54,1.24,0.08
2020-06-14,0.18,0.22,0.54,1.24,0.08
2020-06-15,0.17,0.22,0.54,1.24,0.09
2020-06-16,0.18,0.23,0.56,1.31,0.09
2020-06-17,0.19,0.23,0.55,1.3,0.09
2020-06-18,0.19,0.22,0.54,1.24,0.09
2020-06-19,0.18,0.22,0.53,1.23,0.09
2020-06-20,0.18,0.22,0.53,1.23,0.09
2020-06-21,0.18,0.22,0.53,1.23,0.09
2020-06-22,0.17,0.22,0.54,1.23,0.08
2020-06-23,0.18,0.22,0.54,1.25,0.08
2020-06-24,0.17,0.21,0.52,1.21,0.08
2020-06-25,0.17,0.21,0.53,1.2,0.08
2020-06-26,0.17,0.19,0.49,1.15,0.08
2020-06-27,0.17,0.19,0.49,1.15,0.08
2020-06-28,0.17,0.19,0.49,1.15,0.08
2020-06-29,0.16,0.18,0.47,1.16,0.08
2020-06-30,0.16,0.18,0.49,1.18,0.08
2020-07-01,0.16,0.19,0.52,1.2,0.08
2020-07-02,0.16,0.19,0.5,1.2,0.09
2020-07-03,0.16,0.19,0.5,1.2,0.09
2020-07-04,0.16,0.19,0.5,1.2,0.09
2020-07-05,0.16,0.19,0.5,1.2,0.09
2020-07-06,0.16,0.19,0.51,1.21,0.09
2020-07-07,0.15,0.19,0.48,1.15,0.09
2020-07-08,0.15,0.19,0.49,1.16,0.09
2020-07-09,0.15,0.18,0.46,1.09,0.09
2020-07-10,0.15,0.19,0.49,1.12,0.09
2020-07-11,0.15,0.19,0.49,1.12,0.09
2020-07-12,0.15,0.19,0.49,1.12,0.09
2020-07-13,0.16,0.19,0.48,1.11,0.09
2020-07-14,0.17,0.19,0.47,1.09,0.09
2020-07-15,0.15,0.18,0.47,1.11,0.1
2020-07-16,0.14,0.17,0.46,1.09,0.1
2020-07-17,0.14,0.18,0.47,1.11,0.09
2020-07-18,0.14,0.18,0.47,1.11,0.09
2020-07-19,0.14,0.18,0.47,1.11,0.09
2020-07-20,0.14,0.18,0.47,1.1,0.1
2020-07-21,0.15,0.17,0.45,1.09,0.1
2020-07-22,0.14,0.17,0.45,1.08,0.09
2020-07-23,0.14,0.16,0.44,1.03,0.09
2020-07-24,0.16,0.17,0.44,1.03,0.09
2020-07-25,0.16,0.17,0.44,1.03,0.09
2020-07-26,0.16,0.17,0.44,1.03,0.09
2020-07-27,0.14,0.18,0.46,1.05,0.1
2020-07-28,0.14,0.16,0.44,1.01,0.1
2020-07-29,0.13,0.15,0.43,1.03,0.1
2020-07-30,0.11,0.14,0.4,0.98,0.1
2020-07-31,0.11,0.11,0.39,0.98,0.1
2020-08-01,0.11,0.11,0.39,0.98,0.1
2020-08-02,0.11,0.11,0.39,0.98,0.1
2020-08-03,0.12,0.13,0.4,1.01,0.1
2020-08-04,0.14,0.1,0.36,0.96,0.1
2020-08-05,0.12,0.13,0.39,1.0,0.1
2020-08-06,0.14,0.13,0.39,0.98,0.1
2020-08-07,0.14,0.14,0.41,1.01,0.1
2020-08-08,0.14,0.14,0.41,1.01,0.1
2020-08-09,0.14,0.14,0.41,1.01,0.1
2020-08-10,0.13,0.15,0.42,1.04,0.1
2020-08-11,0.15,0.18,0.46,1.1,0.1
2020-08-12,0.13,0.19,0.5,1.15,0.1
2020-08-13,0.14,0.19,0.52,1.2,0.1
2020-08-14,0.13,0.18,0.51,1.21,0.1
2020-08-15,0.13,0.18,0.51,1.21,0.1
2020-08-16,0.13,0.18,0.51,1.21,0.1
2020-08-17,0.13,0.18,0.49,1.19,0.1
2020-08-18,0.13,0.17,0.47,1.16,0.09
2020-08-19,0.13,0.17,0.48,1.2,0.09
2020-08-20,0.12,0.15,0.46,1.15,0.09
2020-08-21,0.13,0.16,0.46,1.13,0.09
2020-08-22,0.13,0.16,0.46,1.13,0.09
2020-08-23,0.13,0.16,0.46,1.13,0.09
2020-08-24,0.14,0.18,0.47,1.14,0.09
2020-08-25,0.13,0.18,0.49,1.18,0.09
2020-08-26,0.12,0.18,0.5,1.2,0.09
2020-08-27,0.13,0.19,0.53,1.28,0.08
2020-08-28,0.12,0.16,0.51,1.29,0.09
2020-08-29,0.12,0.16,0.51,1.29,0.09
2020-08-30,0.12,0.16,0.51,1.29,0.09
2020-08-31,0.12,0.15,0.5,1.26,0.09
2020-09-01,0.12,0.14,0.46,1.2,0.09
2020-09-02,0.13,0.16,0.45,1.16,0.09
2020-09-03,0.12,0.15,0.43,1.13,0.09
2020-09-04,0.13,0.18,0.5,1.25,0.09
2020-09-05,0.13,0.18,0.5,1.25,0.09
2020-09-06,0.13,0.18,0.5,1.25,0.09
2020-09-07,0.13,0.18,0.5,1.25,0.09
2020-09-08,0.15,0.17,0.47,1.22,0.09
2020-09-09,0.14,0.17,0.48,1.25,0.09
2020-09-10,0.15,0.17,0.46,1.22,0.09
2020-09-11,0.13,0.16,0.45,1.21,0.09
2020-09-12,0.13,0.16,0.45,1.21,0.09
2020-09-13,0.13,0.16,0.45,1.21,0.09
2020-09-14,0.14,0.16,0.46,1.21,0.09
2020-09-15,0.13,0.16,0.46,1.21,0.09
2020-09-16,0.12,0.16,0.47,1.23,0.09
2020-09-17,0.12,0.16,0.47,1.22,0.09
2020-09-18,0.13,0.16,0.48,1.24,0.09
2020-09-19,0.13,0.16,0.48,1.24,0.09
2020-09-20,0.13,0.16,0.48,1.24,0.09
2020-09-21,0.12,0.16,0.46,1.22,0.09
2020-09-22,0.12,0.15,0.46,1.21,0.09
2020-09-23,0.13,0.15,0.46,1.21,0.09
2020-09-24,0.12,0.16,0.46,1.19,0.09
2020-09-25,0.12,0.15,0.45,1.19,0.09
2020-09-26,0.12,0.15,0.45,1.19,0.09
2020-09-27,0.12,0.15,0.45,1.19,0.09
2020-09-28,0.12,0.16,0.46,1.2,0.09
2020-09-29,0.12,0.13,0.44,1.19,0.09
2020-09-30,0.12,0.16,0.47,1.23,0.09
2020-10-01,0.12,0.16,0.46,1.23,0.09
2020-10-02,0.12,0.16,0.48,1.25,0.09
2020-10-03,0.12,0.16,0.48,1.25,0.09
2020-10-04,0.12,0.16,0.48,1.25,0.09
2020-10-05,0.12,0.19,0.55,1.34,0.09
2020-10-06,0.14,0.17,0.53,1.33,0.09
2020-10-07,0.13,0.21,0.56,1.37,0.09
2020-10-08,0.13,0.18,0.54,1.34,0.09
2020-10-09,0.15,0.2,0.55,1.34,0.09
2020-10-10,0.15,0.2,0.55,1.34,0.09
2020-10-11,0.15,0.2,0.55,1.34,0.09
2020-10-12,0.15,0.2,0.55,1.34,0.09
2020-10-13,0.13,0.18,0.52,1.29,0.09
2020-10-14,0.13,0.18,0.51,1.28,0.09
2020-10-15,0.12,0.18,0.52,1.29,0.09
2020-10-16,0.12,0.18,0.53,1.3,0.09
2020-10-17,0.12,0.18,0.53,1.3,0.09
2020-10-18,0.12,0.18,0.53,1.3,0.09
2020-10-19,0.13,0.19,0.54,1.32,0.09
2020-10-20,0.13,0.19,0.57,1.37,0.09
2020-10-21,0.13,0.2,0.58,1.4,0.09
2020-10-22,0.13,0.21,0.62,1.43,0.09
2020-10-23,0.12,0.21,0.61,1.41,0.09
2020-10-24,0.12,0.21,0.61,1.41,0.09
2020-10-25,0.12,0.21,0.61,1.41,0.09
2020-10-26,0.12,0.18,0.58,1.37,0.09
2020-10-27,0.12,0.19,0.56,1.34,0.09
2020-10-28,0.12,0.19,0.56,1.34,0.09
2020-10-29,0.12,0.2,0.61,1.39,0.09
2020-10-30,0.13,0.19,0.64,1.43,0.09
2020-10-31,0.13,0.19,0.64,1.43,0.09
2020-11-01,0.13,0.19,0.64,1.43,0.09
2020-11-02,0.13,0.2,0.63,1.41,0.09
2020-11-03,0.14,0.21,0.65,1.44,0.09
2020-11-04,0.12,0.18,0.55,1.33,0.09
2020-11-05,0.12,0.18,0.56,1.32,0.09
2020-11-06,0.12,0.21,0.59,1.37,0.09
2020-11-07,0.12,0.21,0.59,1.37,0.09
2020-11-08,0.12,0.21,0.59,1.37,0.09
2020-11-09,0.12,0.25,0.7,1.51,0.09
2020-11-10,0.12,0.26,0.72,1.53,0.09
2020-11-11,0.12,0.26,0.72,1.53,0.09
2020-11-12,0.13,0.23,0.64,1.42,0.09
2020-11-13,0.12,0.23,0.65,1.43,0.09
2020-11-14,0.12,0.23,0.65,1.43,0.09
2020-11-15,0.12,0.23,0.65,1.43,0.09
2020-11-16,0.12,0.24,0.66,1.44,0.09
2020-11-17,0.12,0.22,0.63,1.4,0.09
2020-11-18,0.11,0.22,0.64,1.42,0.09
2020-11-19,0.11,0.22,0.63,1.38,0.08
2020-11-20,0.11,0.21,0.62,1.33,0.08
2020-11-21,0.11,0.21,0.62,1.33,0.08
2020-11-22,0.11,0.21,0.62,1.33,0.08
2020-11-23,0.1,0.22,0.64,1.36,0.08
2020-11-24,0.11,0.22,0.65,1.4,0.08
2020-11-25,0.11,0.21,0.65,1.41,0.08
2020-11-26,0.11,0.21,0.65,1.41,0.08
2020-11-27,0.11,0.2,0.61,1.36,0.08
2020-11-28,0.11,0.2,0.61,1.36,0.08
2020-11-29,0.11,0.2,0.61,1.36,0.08
2020-11-30,0.11,0.19,0.62,1.37,0.09
2020-12-01,0.12,0.22,0.68,1.46,0.09
2020-12-02,0.11,0.22,0.69,1.5,0.09
2020-12-03,0.1,0.21,0.67,1.46,0.09
2020-12-04,0.11,0.21,0.7,1.53,0.09
2020-12-05,0.11,0.21,0.7,1.53,0.09
2020-12-06,0.11,0.21,0.7,1.53,0.09
2020-12-07,0.1,0.2,0.67,1.49,0.09
2020-12-08,0.1,0.2,0.65,1.46,0.09
2020-12-09,0.1,0.21,0.68,1.48,0.09
2020-12-10,0.1,0.2,0.65,1.44,0.09
2020-12-11,0.1,0.18,0.63,1.42,0.09
2020-12-12,0.1,0.18,0.63,1.42,0.09
2020-12-13,0.1,0.18,0.63,1.42,0.09
2020-12-14,0.1,0.17,0.63,1.43,0.09
2020-12-15,0.09,0.18,0.64,1.45,0.09
2020-12-16,0.09,0.18,0.64,1.46,0.09
2020-12-17,0.09,0.19,0.66,1.47,0.09
2020-12-18,0.09,0.19,0.67,1.49,0.09
2020-12-19,0.09,0.19,0.67,1.49,0.09
2020-12-20,0.09,0.19,0.67,1.49,0.09
2020-12-21,0.09,0.18,0.66,1.48,0.09
2020-12-22,0.09,0.17,0.64,1.45,0.09
2020-12-23,0.09,0.18,0.67,1.49,0.09
2020-12-24,0.1,0.17,0.66,1.46,0.09
2020-12-25,0.1,0.17,0.66,1.46,0.09
2020-12-26,0.1,0.17,0.66,1.46,0.09
2020-12-27,0.1,0.17,0.66,1.46,0.09
2020-12-28,0.11,0.17,0.65,1.46,0.09
2020-12-29,0.11,0.17,0.66,1.47,0.09
2020-12-30,0.12,0.17,0.66,1.46,0.09
2020-12-31,0.1,0.17,0.65,1.45,0.09
2021-01-01,0.1,0.17,0.65,1.45,0.09
2021-01-02,0.1,0.17,0.65,1.45,0.09
2021-01-03,0.1,0.17,0.65,1.45,0.09
2021-01-04,0.1,0.16,0.64,1.46,0.09
2021-01-05,0.1,0.17,0.66,1.49,0.09
2021-01-06,0.11,0.2,0.74,1.6,0.09
2021-01-07,0.11,0.22,0.78,1.64,0.09
2021-01-08,0.1,0.24,0.81,1.67,0.09
2021-01-09,0.1,0.24,0.81,1.67,0.09
2021-01-10,0.1,0.24,0.81,1.67,0.09
2021-01-11,0.1,0.22,0.84,1.68,0.09
2021-01-12,0.11,0.23,0.83,1.68,0.09
2021-01-13,0.12,0.22,0.8,1.63,0.09
2021-01-14,0.1,0.23,0.82,1.69,0.09
2021-01-15,0.1,0.2,0.78,1.66,0.09
2021-01-16,0.1,0.2,0.78,1.66,0.09
2021-01-17,0.1,0.2,0.78,1.66,0.09
2021-01-18,0.1,0.2,0.78,1.66,0.09
2021-01-19,0.1,0.21,0.78,1.65,0.09
2021-01-20,0.1,0.19,0.78,1.65,0.09
2021-01-21,0.1,0.19,0.79,1.68,0.08
2021-01-22,0.1,0.19,0.77,1.66,0.08
2021-01-23,0.1,0.19,0.77,1.66,0.08
2021-01-24,0.1,0.19,0.77,1.66,0.08
2021-01-25,0.1,0.17,0.73,1.61,0.08
2021-01-26,0.09,0.18,0.74,1.61,0.08
2021-01-27,0.09,0.18,0.72,1.6,0.08
2021-01-28,0.08,0.18,0.75,1.63,0.07
2021-01-29,0.1,0.19,0.79,1.68,0.07
2021-01-30,0.1,0.19,0.79,1.68,0.07
2021-01-31,0.1,0.19,0.79,1.68,0.07
2021-02-01,0.08,0.17,0.76,1.66,0.08
2021-02-02,0.08,0.18,0.79,1.69,0.08
2021-02-03,0.08,0.19,0.81,1.73,0.08
2021-02-04,0.07,0.18,0.81,1.75,0.08
2021-02-05,0.06,0.19,0.83,1.79,0.08
2021-02-06,0.06,0.19,0.83,1.79,0.08
2021-02-07,0.06,0.19,0.83,1.79,0.08
2021-02-08,0.07,0.2,0.83,1.78,0.07
2021-02-09,0.07,0.19,0.83,1.78,0.08
2021-02-10,0.07,0.19,0.8,1.75,0.08
2021-02-11,0.07,0.19,0.81,1.77,0.08
2021-02-12,0.06,0.2,0.85,1.83,0.08
2021-02-13,0.06,0.2,0.85,1.83,0.08
2021-02-14,0.06,0.2,0.85,1.83,0.08
2021-02-15,0.06,0.2,0.85,1.83,0.08
2021-02-16,0.08,0.23,0.94,1.92,0.08
2021-02-17,0.07,0.21,0.94,1.92,0.08
2021-02-18,0.06,0.21,0.94,1.91,0.07
2021-02-19,0.07,0.22,0.98,1.98,0.07
2021-02-20,0.07,0.22,0.98,1.98,0.07
2021-02-21,0.07,0.22,0.98,1.98,0.07
2021-02-22,0.06,0.22,1.0,2.02,0.07
2021-02-23,0.08,0.22,1.0,2.03,0.07
2021-02-24,0.08,0.24,1.02,2.07,0.07
2021-02-25,0.09,0.34,1.23,2.25,0.07
2021-02-26,0.08,0.3,1.15,2.08,0.07
2021-02-27,0.08,0.3,1.15,2.08,0.07
2021-02-28,0.08,0.3,1.15,2.08,0.07
2021-03-01,0.08,0.27,1.12,2.11,0.07
2021-03-02,0.08,0.26,1.08,2.09,0.07
2021-03-03,0.08,0.29,1.14,2.12,0.07
2021-03-04,0.08,0.32,1.21,2.18,0.07
2021-03-05,0.08,0.32,1.23,2.18,0.07
2021-03-06,0.08,0.32,1.23,2.18,0.07
2021-03-07,0.08,0.32,1.23,2.18,0.07
2021-03-08,0.09,0.34,1.28,2.2,0.07
2021-03-09,0.1,0.35,1.23,2.16,0.07
2021-03-10,0.08,0.32,1.2,2.15,0.07
2021-03-11,0.08,0.31,1.2,2.18,0.07
2021-03-12,0.09,0.34,1.3,2.31,0.07
2021-03-13,0.09,0.34,1.3,2.31,0.07
2021-03-14,0.09,0.34,1.3,2.31,0.07
2021-03-15,0.08,0.33,1.28,2.27,0.07
2021-03-16,0.07,0.33,1.28,2.3,0.07
2021-03-17,0.07,0.29,1.27,2.32,0.07
2021-03-18,0.08,0.33,1.35,2.36,0.07
2021-03-19,0.07,0.33,1.38,2.36,0.07
2021-03-20,0.07,0.33,1.38,2.36,0.07
2021-03-21,0.07,0.33,1.38,2.36,0.07
2021-03-22,0.06,0.32,1.34,2.29,0.07
2021-03-23,0.08,0.31,1.29,2.24,0.07
2021-03-24,0.07,0.31,1.27,2.21,0.07
2021-03-25,0.07,0.3,1.29,2.24,0.07
2021-03-26,0.06,0.31,1.32,2.27,0.07
2021-03-27,0.06,0.31,1.32,2.27,0.07
2021-03-28,0.06,0.31,1.32,2.27,0.07
2021-03-29,0.06,0.32,1.37,2.32,0.07
2021-03-30,0.06,0.33,1.39,2.29,0.07
2021-03-31,0.07,0.35,1.4,2.31,0.06
2021-04-01,0.06,0.35,1.37,2.24,0.07
2021-04-02,0.07,0.39,1.42,2.27,0.07
2021-04-03,0.07,0.39,1.42,2.27,0.07
2021-04-04,0.07,0.39,1.42,2.27,0.07
2021-04-05,0.06,0.37,1.4,2.28,0.07
2021-04-06,0.06,0.35,1.34,2.24,0.07
2021-04-07,0.06,0.34,1.34,2.26,0.07
2021-04-08,0.05,0.33,1.3,2.22,0.07
2021-04-09,0.06,0.35,1.33,2.23,0.07
2021-04-10,0.06,0.35,1.33,2.23,0.07
2021-04-11,0.06,0.35,1.33,2.23,0.07
2021-04-12,0.06,0.38,1.35,2.24,0.07
2021-04-13,0.06,0.35,1.29,2.21,0.07
2021-04-14,0.06,0.35,1.31,2.22,0.07
2021-04-15,0.06,0.32,1.24,2.13,0.07
2021-04-16,0.06,0.34,1.26,2.15,0.07
2021-04-17,0.06,0.34,1.26,2.15,0.07
2021-04-18,0.06,0.34,1.26,2.15,0.07
2021-04-19,0.08,0.34,1.28,2.18,0.07
2021-04-20,0.07,0.31,1.25,2.16,0.07
2021-04-21,0.07,0.32,1.24,2.16,0.07
2021-04-22,0.06,0.32,1.24,2.13,0.07
2021-04-23,0.07,0.34,1.26,2.14,0.07
2021-04-24,0.07,0.34,1.26,2.14,0.07
2021-04-25,0.07,0.34,1.26,2.14,0.07
2021-04-26,0.06,0.35,1.27,2.13,0.07
2021-04-27,0.06,0.36,1.32,2.18,0.07
2021-04-28,0.05,0.35,1.31,2.19,0.07
2021-04-29,0.05,0.35,1.32,2.2,0.06
2021-04-30,0.05,0.35,1.32,2.19,0.05
2021-05-01,0.05,0.35,1.32,2.19,0.05
2021-05-02,0.05,0.35,1.32,2.19,0.05
2021-05-03,0.06,0.33,1.29,2.18,0.06
2021-05-04,0.06,0.33,1.28,2.16,0.06
2021-05-05,0.06,0.32,1.25,2.14,0.06
2021-05-06,0.05,0.32,1.25,2.14,0.06
2021-05-07,0.05,0.29,1.24,2.17,0.06
2021-05-08,0.05,0.29,1.24,2.17,0.06
2021-05-09,0.05,0.29,1.24,2.17,0.06
2021-05-10,0.05,0.32,1.27,2.2,0.06
2021-05-11,0.05,0.31,1.28,2.23,0.06
2021-05-12,0.05,0.35,1.34,2.29,0.06
2021-05-13,0.05,0.33,1.31,2.28,0.06
2021-05-14,0.06,0.33,1.29,2.25,0.06
2021-05-15,0.06,0.33,1.29,2.25,0.06
2021-05-16,0.06,0.33,1.29,2.25,0.06
2021-05-17,0.06,0.34,1.3,2.27,0.06
2021-05-18,0.06,0.34,1.29,2.27,0.06
2021-05-19,0.05,0.35,1.34,2.3,0.06
2021-05-20,0.05,0.34,1.29,2.25,0.06
2021-05-21,0.04,0.34,1.29,2.24,0.06
2021-05-22,0.04,0.34,1.29,2.24,0.06
2021-05-23,0.04,0.34,1.29,2.24,0.06
2021-05-24,0.04,0.32,1.28,2.22,0.06
2021-05-25,0.04,0.3,1.23,2.16,0.06
2021-05-26,0.04,0.31,1.24,2.17,0.06
2021-05-27,0.04,0.31,1.28,2.2,0.06
2021-05-28,0.05,0.3,1.24,2.18,0.05
2021-05-29,0.05,0.3,1.24,2.18,0.05
2021-05-30,0.05,0.3,1.24,2.18,0.05
2021-05-31,0.05,0.3,1.24,2.18,0.05
2021-06-01,0.04,0.31,1.28,2.22,0.06
2021-06-02,0.05,0.3,1.26,2.21,0.06
2021-06-03,0.04,0.34,1.3,2.22,0.06
2021-06-04,0.05,0.32,1.23,2.16,0.06
2021-06-05,0.05,0.32,1.23,2.16,0.06
2021-06-06,0.05,0.32,1.23,2.16,0.06
2021-06-07,0.05,0.33,1.24,2.17,0.06
2021-06-08,0.05,0.32,1.2,2.13,0.06
2021-06-09,0.05,0.31,1.17,2.1,0.06
2021-06-10,0.05,0.3,1.14,2.07,0.06
2021-06-11,0.05,0.31,1.16,2.08,0.06
2021-06-12,0.05,0.31,1.16,2.08,0.06
2021-06-13,0.05,0.31,1.16,2.08,0.06
2021-06-14,0.05,0.33,1.2,2.12,0.06
2021-06-15,0.08,0.34,1.21,2.12,0.06
2021-06-16,0.08,0.41,1.29,2.13,0.06
2021-06-17,0.08,0.43,1.27,2.05,0.1
2021-06-18,0.09,0.47,1.22,1.97,0.1
2021-06-19,0.09,0.47,1.22,1.97,0.1
2021-06-20,0.09,0.47,1.22,1.97,0.1
2021-06-21,0.09,0.48,1.25,2.05,0.1
2021-06-22,0.09,0.44,1.23,2.03,0.1
2021-06-23,0.08,0.47,1.25,2.04,0.1
2021-06-24,0.08,0.48,1.26,2.03,0.1
2021-06-25,0.09,0.48,1.29,2.09,0.1
2021-06-26,0.09,0.48,1.29,2.09,0.1
2021-06-27,0.09,0.48,1.29,2.09,0.1
2021-06-28,0.08,0.47,1.25,2.04,0.1
2021-06-29,0.08,0.47,1.24,2.03,0.1
2021-06-30,0.07,0.46,1.21,2.0,0.08
2021-07-01,0.09,0.47,1.24,2.01,0.1
2021-07-02,0.08,0.45,1.19,1.98,0.1
2021-07-03,0.08,0.45,1.19,1.98,0.1
2021-07-04,0.08,0.45,1.19,1.98,0.1
2021-07-05,0.08,0.45,1.19,1.98,0.1
2021-07-06,0.07,0.42,1.13,1.92,0.1
2021-07-07,0.08,0.41,1.09,1.87,0.1
2021-07-08,0.07,0.37,1.06,1.84,0.1
2021-07-09,0.08,0.41,1.12,1.91,0.1
2021-07-10,0.08,0.41,1.12,1.91,0.1
2021-07-11,0.08,0.41,1.12,1.91,0.1
2021-07-12,0.08,0.43,1.13,1.93,0.1
2021-07-13,0.08,0.47,1.16,1.96,0.1
2021-07-14,0.08,0.44,1.11,1.91,0.1
2021-07-15,0.07,0.43,1.07,1.85,0.1
2021-07-16,0.08,0.43,1.08,1.86,0.1
2021-07-17,0.08,0.43,1.08,1.86,0.1
2021-07-18,0.08,0.43,1.08,1.86,0.1
2021-07-19,0.07,0.38,0.97,1.74,0.1
2021-07-20,0.08,0.37,0.98,1.79,0.1
2021-07-21,0.07,0.39,1.05,1.87,0.1
2021-07-22,0.07,0.37,1.02,1.82,0.1
2021-07-23,0.07,0.38,1.04,1.85,0.1
2021-07-24,0.07,0.38,1.04,1.85,0.1
2021-07-25,0.07,0.38,1.04,1.85,0.1
2021-07-26,0.08,0.38,1.04,1.85,0.1
2021-07-27,0.07,0.37,1.01,1.81,0.1
2021-07-28,0.07,0.38,1.01,1.83,0.1
2021-07-29,0.08,0.37,1.04,1.84,0.1
2021-07-30,0.07,0.35,1.0,1.81,0.07
2021-07-31,0.07,0.35,1.0,1.81,0.07
2021-08-01,0.07,0.35,1.0,1.81,0.07
2021-08-02,0.07,0.33,0.96,1.77,0.1
2021-08-03,0.07,0.33,0.95,1.76,0.1
2021-08-04,0.07,0.34,0.96,1.74,0.1
2021-08-05,0.08,0.38,1.01,1.77,0.1
2021-08-06,0.09,0.42,1.07,1.85,0.1
2021-08-07,0.09,0.42,1.07,1.85,0.1
2021-08-08,0.09,0.42,1.07,1.85,0.1
2021-08-09,0.08,0.43,1.09,1.87,0.1
2021-08-10,0.08,0.47,1.12,1.9,0.1
2021-08-11,0.08,0.45,1.11,1.9,0.1
2021-08-12,0.09,0.46,1.13,1.92,0.1
2021-08-13,0.08,0.44,1.08,1.85,0.1
2021-08-14,0.08,0.44,1.08,1.85,0.1
2021-08-15,0.08,0.44,1.08,1.85,0.1
2021-08-16,0.08,0.42,1.04,1.82,0.1
2021-08-17,0.07,0.43,1.05,1.82,0.1
2021-08-18,0.07,0.43,1.06,1.84,0.09
2021-08-19,0.06,0.44,1.04,1.8,0.09
2021-08-20,0.06,0.44,1.06,1.79,0.09
2021-08-21,0.06,0.44,1.06,1.79,0.09
2021-08-22,0.06,0.44,1.06,1.79,0.09
2021-08-23,0.07,0.43,1.05,1.79,0.09
2021-08-24,0.06,0.44,1.08,1.83,0.09
2021-08-25,0.07,0.47,1.13,1.88,0.09
2021-08-26,0.07,0.46,1.13,1.87,0.09
2021-08-27,0.07,0.41,1.09,1.84,0.08
2021-08-28,0.07,0.41,1.09,1.84,0.08
2021-08-29,0.07,0.41,1.09,1.84,0.08
2021-08-30,0.08,0.4,1.07,1.82,0.08
2021-08-31,0.07,0.4,1.08,1.85,0.06
2021-09-01,0.07,0.42,1.08,1.84,0.08
2021-09-02,0.07,0.42,1.07,1.83,0.08
2021-09-03,0.08,0.42,1.09,1.87,0.08
2021-09-04,0.08,0.42,1.09,1.87,0.08
2021-09-05,0.08,0.42,1.09,1.87,0.08
2021-09-06,0.08,0.42,1.09,1.87,0.08
2021-09-07,0.08,0.45,1.14,1.91,0.08
2021-09-08,0.08,0.43,1.11,1.88,0.08
2021-09-09,0.07,0.43,1.08,1.83,0.08
2021-09-10,0.08,0.45,1.12,1.86,0.08
2021-09-11,0.08,0.45,1.12,1.86,0.08
2021-09-12,0.08,0.45,1.12,1.86,0.08
2021-09-13,0.07,0.44,1.11,1.83,0.08
2021-09-14,0.07,0.43,1.07,1.78,0.08
2021-09-15,0.07,0.43,1.1,1.8,0.08
2021-09-16,0.07,0.46,1.13,1.83,0.08
2021-09-17,0.07,0.47,1.17,1.85,0.08
2021-09-18,0.07,0.47,1.17,1.85,0.08
2021-09-19,0.07,0.47,1.17,1.85,0.08
2021-09-20,0.07,0.45,1.12,1.79,0.08
2021-09-21,0.07,0.46,1.13,1.81,0.08
2021-09-22,0.08,0.48,1.13,1.78,0.08
2021-09-23,0.08,0.53,1.22,1.87,0.08
2021-09-24,0.08,0.55,1.27,1.94,0.08
2021-09-25,0.08,0.55,1.27,1.94,0.08
2021-09-26,0.08,0.55,1.27,1.94,0.08
2021-09-27,0.09,0.56,1.3,1.95,0.08
2021-09-28,0.09,0.55,1.34,2.02,0.08
2021-09-29,0.09,0.55,1.34,2.04,0.08
2021-09-30,0.09,0.53,1.32,2.02,0.06
2021-10-01,0.09,0.49,1.26,1.99,0.08
2021-10-02,0.09,0.49,1.26,1.99,0.08
2021-10-03,0.09,0.49,1.26,1.99,0.08
2021-10-04,0.09,0.52,1.27,1.99,0.08
2021-10-05,0.09,0.54,1.32,2.04,0.08
2021-10-06,0.1,0.55,1.32,2.02,0.08
2021-10-07,0.1,0.57,1.36,2.08,0.08
2021-10-08,0.09,0.59,1.39,2.11,0.08
2021-10-09,0.09,0.59,1.39,2.11,0.08
2021-10-10,0.09,0.59,1.39,2.11,0.08
2021-10-11,0.09,0.59,1.39,2.11,0.08
2021-10-12,0.1,0.64,1.39,2.05,0.08
2021-10-13,0.11,0.66,1.38,2.0,0.08
2021-10-14,0.1,0.62,1.34,1.97,0.08
2021-10-15,0.12,0.7,1.42,2.02,0.08
2021-10-16,0.12,0.7,1.42,2.02,0.08
2021-10-17,0.12,0.7,1.42,2.02,0.08
2021-10-18,0.11,0.72,1.43,1.99,0.08
2021-10-19,0.11,0.71,1.47,2.07,0.08
2021-10-20,0.1,0.7,1.46,2.09,0.08
2021-10-21,0.12,0.78,1.52,2.1,0.08
2021-10-22,0.13,0.79,1.49,2.06,0.08
2021-10-23,0.13,0.79,1.49,2.06,0.08
2021-10-24,0.13,0.79,1.49,2.06,0.08
2021-10-25,0.14,0.76,1.47,2.07,0.08
2021-10-26,0.14,0.77,1.46,2.03,0.08
2021-10-27,0.12,0.77,1.41,1.93,0.08
2021-10-28,0.15,0.77,1.44,1.98,0.08
2021-10-29,0.15,0.75,1.44,1.98,0.07
2021-10-30,0.15,0.75,1.44,1.98,0.07
2021-10-31,0.15,0.75,1.44,1.98,0.07
2021-11-01,0.15,0.79,1.46,2.01,0.08
2021-11-02,0.15,0.73,1.42,1.97,0.08
2021-11-03,0.17,0.77,1.46,2.01,0.08
2021-11-04,0.14,0.69,1.37,1.96,0.08
2021-11-05,0.14,0.66,1.3,1.88,0.08
2021-11-06,0.14,0.66,1.3,1.88,0.08
2021-11-07,0.14,0.66,1.3,1.88,0.08
2021-11-08,0.16,0.75,1.38,1.91,0.08
2021-11-09,0.14,0.71,1.32,1.86,0.08
2021-11-10,0.17,0.83,1.45,1.96,0.08
2021-11-11,0.17,0.83,1.45,1.96,0.08
2021-11-12,0.17,0.85,1.47,1.99,0.08
2021-11-13,0.17,0.85,1.47,1.99,0.08
2021-11-14,0.17,0.85,1.47,1.99,0.08
2021-11-15,0.18,0.87,1.51,2.05,0.08
2021-11-16,0.17,0.87,1.52,2.06,0.08
2021-11-17,0.18,0.85,1.49,2.04,0.08
2021-11-18,0.18,0.84,1.47,2.01,0.08
2021-11-19,0.18,0.86,1.45,1.95,0.08
2021-11-20,0.18,0.86,1.45,1.95,0.08
2021-11-21,0.18,0.86,1.45,1.95,0.08
2021-11-22,0.2,0.95,1.55,2.03,0.08
2021-11-23,0.21,0.95,1.58,2.08,0.08
2021-11-24,0.24,0.97,1.58,2.03,0.08
2021-11-25,0.24,0.97,1.58,2.03,0.08
2021-11-26,0.2,0.81,1.4,1.89,0.08
2021-11-27,0.2,0.81,1.4,1.89,0.08
2021-11-28,0.2,0.81,1.4,1.89,0.08
2021-11-29,0.21,0.83,1.42,1.93,0.08
2021-11-30,0.24,0.81,1.36,1.85,0.07
2021-12-01,0.25,0.85,1.35,1.84,0.08
2021-12-02,0.27,0.9,1.38,1.87,0.08
2021-12-03,0.26,0.86,1.29,1.77,0.08
2021-12-04,0.26,0.86,1.29,1.77,0.08
2021-12-05,0.26,0.86,1.29,1.77,0.08
2021-12-06,0.28,0.91,1.38,1.84,0.08
2021-12-07,0.31,0.99,1.43,1.88,0.08
2021-12-08,0.29,0.99,1.44,1.93,0.08
2021-12-09,0.28,0.99,1.42,1.91,0.08
2021-12-10,0.27,0.98,1.42,1.91,0.08
2021-12-11,0.27,0.98,1.42,1.91,0.08
2021-12-12,0.27,0.98,1.42,1.91,0.08
2021-12-13,0.27,0.95,1.37,1.86,0.08
2021-12-14,0.26,0.98,1.39,1.87,0.08
2021-12-15,0.29,1.0,1.42,1.91,0.08
2021-12-16,0.26,0.92,1.36,1.91,0.08
2021-12-17,0.27,0.93,1.34,1.87,0.08
2021-12-18,0.27,0.93,1.34,1.87,0.08
2021-12-19,0.27,0.93,1.34,1.87,0.08
2021-12-20,0.27,0.91,1.34,1.9,0.08
2021-12-21,0.29,0.96,1.4,1.92,0.08
2021-12-22,0.28,0.96,1.39,1.89,0.08
2021-12-23,0.31,0.97,1.42,1.94,0.08
2021-12-24,0.31,0.97,1.42,1.94,0.08
2021-12-25,0.31,0.97,1.42,1.94,0.08
2021-12-26,0.31,0.97,1.42,1.94,0.08
2021-12-27,0.33,0.98,1.41,1.92,0.08
2021-12-28,0.39,0.99,1.41,1.94,0.08
2021-12-29,0.38,0.99,1.47,2.0,0.08
2021-12-30,0.38,0.98,1.44,1.97,0.08
2021-12-31,0.39,0.97,1.44,1.94,0.07
2022-01-01,0.39,0.97,1.44,1.94,0.07
2022-01-02,0.39,0.97,1.44,1.94,0.07
2022-01-03,0.4,1.04,1.55,2.05,0.08
2022-01-04,0.38,1.02,1.57,2.1,0.08
2022-01-05,0.41,1.1,1.62,2.12,0.08
2022-01-06,0.45,1.15,1.66,2.12,0.08
2022-01-07,0.43,1.17,1.69,2.15,0.08
2022-01-08,0.43,1.17,1.69,2.15,0.08
2022-01-09,0.43,1.17,1.69,2.15,0.08
2022-01-10,0.46,1.21,1.71,2.15,0.08
2022-01-11,0.46,1.22,1.69,2.13,0.08
2022-01-12,0.48,1.21,1.67,2.13,0.08
2022-01-13,0.47,1.18,1.64,2.1,0.08
2022-01-14,0.51,1.26,1.72,2.18,0.08
2022-01-15,0.51,1.26,1.72,2.18,0.08
2022-01-16,0.51,1.26,1.72,2.18,0.08
2022-01-17,0.51,1.26,1.72,2.18,0.08
2022-01-18,0.58,1.35,1.82,2.24,0.08
2022-01-19,0.57,1.33,1.78,2.2,0.08
2022-01-20,0.6,1.34,1.77,2.19,0.08
2022-01-21,0.58,1.28,1.7,2.13,0.08
2022-01-22,0.58,1.28,1.7,2.13,0.08
2022-01-23,0.58,1.28,1.7,2.13,0.08
2022-01-24,0.58,1.25,1.69,2.15,0.08
2022-01-25,0.65,1.28,1.73,2.18,0.08
2022-01-26,0.7,1.39,1.81,2.22,0.08
2022-01-27,0.75,1.43,1.78,2.17,0.08
2022-01-28,0.75,1.38,1.74,2.14,0.08
2022-01-29,0.75,1.38,1.74,2.14,0.08
2022-01-30,0.75,1.38,1.74,2.14,0.08
2022-01-31,0.78,1.39,1.75,2.17,0.08
2022-02-01,0.78,1.39,1.76,2.19,0.08
2022-02-02,0.76,1.38,1.74,2.17,0.08
2022-02-03,0.78,1.42,1.78,2.2,0.08
2022-02-04,0.89,1.55,1.9,2.29,0.08
2022-02-05,0.89,1.55,1.9,2.29,0.08
2022-02-06,0.89,1.55,1.9,2.29,0.08
2022-02-07,0.88,1.54,1.88,2.28,0.08
2022-02-08,0.91,1.59,1.93,2.31,0.08
2022-02-09,0.91,1.61,1.92,2.31,0.08
2022-02-10,1.14,1.82,2.03,2.37,0.08
2022-02-11,1.07,1.71,1.92,2.3,0.08
2022-02-12,1.07,1.71,1.92,2.3,0.08
2022-02-13,1.07,1.71,1.92,2.3,0.08
2022-02-14,1.13,1.8,1.98,2.35,0.08
2022-02-15,1.11,1.8,2.03,2.42,0.08
2022-02-16,1.09,1.75,2.0,2.39,0.08
2022-02-17,1.05,1.7,1.94,2.35,0.08
2022-02-18,1.03,1.68,1.9,2.3,0.08
2022-02-19,1.03,1.68,1.9,2.3,0.08
2022-02-20,1.03,1.68,1.9,2.3,0.08
2022-02-21,1.03,1.68,1.9,2.3,0.08
2022-02-22,1.17,1.74,1.93,2.31,0.08
2022-02-23,1.16,1.78,1.98,2.36,0.08
2022-02-24,1.08,1.73,1.94,2.36,0.08
2022-02-25,1.13,1.76,1.96,2.37,0.08
2022-02-26,1.13,1.76,1.96,2.37,0.08
2022-02-27,1.13,1.76,1.96,2.37,0.08
2022-02-28,1.01,1.62,1.81,2.25,0.08
2022-03-01,0.91,1.47,1.67,2.19,0.08
2022-03-02,1.06,1.67,1.83,2.32,0.08
2022-03-03,1.08,1.69,1.82,2.32,0.08
2022-03-04,1.05,1.62,1.7,2.23,0.08
2022-03-05,1.05,1.62,1.7,2.23,0.08
2022-03-06,1.05,1.62,1.7,2.23,0.08
2022-03-07,1.07,1.68,1.77,2.29,0.08
2022-03-08,1.12,1.78,1.85,2.34,0.08
2022-03-09,1.15,1.83,1.92,2.38,0.08
2022-03-10,1.19,1.88,1.98,2.45,0.08
2022-03-11,1.22,1.91,2.01,2.45,0.08
2022-03-12,1.22,1.91,2.01,2.45,0.08
2022-03-13,1.22,1.91,2.01,2.45,0.08
2022-03-14,1.28,2.04,2.16,2.56,0.08
2022-03-15,1.28,2.04,2.16,2.57,0.08
2022-03-16,1.35,2.14,2.22,2.56,0.08
2022-03-17,1.3,2.14,2.22,2.6,0.33
2022-03-18,1.29,2.15,2.17,2.53,0.33
2022-03-19,1.29,2.15,2.17,2.53,0.33
2022-03-20,1.29,2.15,2.17,2.53,0.33
2022-03-21,1.4,2.34,2.36,2.67,0.33
2022-03-22,1.59,2.38,2.42,2.71,0.33
2022-03-23,1.52,2.32,2.37,2.65,0.33
2022-03-24,1.55,2.35,2.39,2.63,0.33
2022-03-25,1.67,2.51,2.56,2.74,0.33
2022-03-26,1.67,2.51,2.56,2.74,0.33
2022-03-27,1.67,2.51,2.56,2.74,0.33
2022-03-28,1.69,2.55,2.55,2.72,0.33
2022-03-29,1.67,2.54,2.5,2.68,0.33
2022-03-30,1.64,2.49,2.43,2.63,0.33
2022-03-31,1.63,2.45,2.4,2.59,0.33
2022-04-01,1.72,2.61,2.5,2.6,0.33
2022-04-02,1.72,2.61,2.5,2.6,0.33
2022-04-03,1.72,2.61,2.5,2.6,0.33
2022-04-04,1.72,2.61,2.52,2.64,0.33
2022-04-05,1.77,2.69,2.65,2.74,0.33
2022-04-06,1.79,2.67,2.69,2.81,0.33
2022-04-07,1.78,2.66,2.73,2.87,0.33
2022-04-08,1.81,2.73,2.79,2.94,0.33
2022-04-09,1.81,2.73,2.79,2.94,0.33
2022-04-10,1.81,2.73,2.79,2.94,0.33
2022-04-11,1.85,2.73,2.84,3.02,0.33
2022-04-12,1.77,2.58,2.73,2.99,0.33
2022-04-13,1.78,2.57,2.71,2.97,0.33
2022-04-14,1.84,2.67,2.84,3.09,0.33
2022-04-15,1.84,2.67,2.84,3.09,0.33
2022-04-16,1.84,2.67,2.84,3.09,0.33
2022-04-17,1.84,2.67,2.84,3.09,0.33
2022-04-18,1.84,2.68,2.85,3.12,0.33
2022-04-19,1.94,2.81,2.95,3.19,0.33
2022-04-20,1.93,2.79,2.88,3.08,0.33
2022-04-21,2.01,2.87,2.96,3.12,0.33
2022-04-22,2.06,2.88,2.95,3.14,0.33
2022-04-23,2.06,2.88,2.95,3.14,0.33
2022-04-24,2.06,2.88,2.95,3.14,0.33
2022-04-25,2.03,2.79,2.85,3.06,0.33
2022-04-26,1.99,2.72,2.8,3.03,0.33
2022-04-27,1.97,2.75,2.84,3.08,0.33
2022-04-28,2.04,2.8,2.88,3.1,0.33
2022-04-29,2.1,2.87,2.94,3.14,0.33
2022-04-30,2.1,2.87,2.94,3.14,0.33
2022-05-01,2.1,2.87,2.94,3.14,0.33
2022-05-02,2.1,2.93,3.04,3.26,0.33
2022-05-03,2.16,2.95,3.03,3.21,0.33
2022-05-04,2.07,2.85,2.97,3.21,0.33
2022-05-05,2.08,2.91,3.07,3.35,0.83
2022-05-06,2.08,2.94,3.13,3.43,0.83
2022-05-07,2.08,2.94,3.13,3.43,0.83
2022-05-08,2.08,2.94,3.13,3.43,0.83
2022-05-09,1.99,2.81,3.04,3.38,0.83
2022-05-10,2.01,2.81,2.99,3.31,0.83
2022-05-11,1.99,2.81,2.94,3.25,0.83
2022-05-12,1.96,2.73,2.86,3.22,0.83
2022-05-13,2.04,2.79,2.95,3.32,0.83
2022-05-14,2.04,2.79,2.95,3.32,0.83
2022-05-15,2.04,2.79,2.95,3.32,0.83
2022-05-16,2.07,2.75,2.89,3.3,0.83
2022-05-17,2.16,2.89,3.0,3.36,0.83
2022-05-18,2.16,2.84,2.91,3.24,0.83
2022-05-19,2.11,2.78,2.87,3.24,0.83
2022-05-20,2.07,2.73,2.82,3.17,0.83
2022-05-21,2.07,2.73,2.82,3.17,0.83
2022-05-22,2.07,2.73,2.82,3.17,0.83
2022-05-23,2.09,2.8,2.9,3.26,0.83
2022-05-24,2.02,2.66,2.8,3.16,0.83
2022-05-25,2.01,2.63,2.76,3.14,0.83
2022-05-26,1.99,2.63,2.75,3.18,0.83
2022-05-27,2.01,2.64,2.76,3.16,0.83
2022-05-28,2.01,2.64,2.76,3.16,0.83
2022-05-29,2.01,2.64,2.76,3.16,0.83
2022-05-30,2.01,2.64,2.76,3.16,0.83
2022-05-31,2.08,2.71,2.87,3.28,0.83
2022-06-01,2.16,2.84,2.98,3.31,0.83
2022-06-02,2.15,2.83,2.95,3.3,0.83
2022-06-03,2.18,2.87,2.99,3.33,0.83
2022-06-04,2.18,2.87,2.99,3.33,0.83
2022-06-05,2.18,2.87,2.99,3.33,0.83
2022-06-06,2.23,2.94,3.07,3.41,0.83
2022-06-07,2.26,2.91,3.02,3.35,0.83
2022-06-08,2.29,2.94,3.06,3.4,0.83
2022-06-09,2.35,2.99,3.08,3.4,0.83
2022-06-10,2.58,3.21,3.24,3.45,0.83
2022-06-11,2.58,3.21,3.24,3.45,0.83
2022-06-12,2.58,3.21,3.24,3.45,0.83
2022-06-13,2.89,3.56,3.53,3.68,0.83
2022-06-14,3.15,3.6,3.6,3.72,0.83
2022-06-15,2.93,3.35,3.39,3.64,0.83
2022-06-16,2.88,3.33,3.36,3.59,1.58
2022-06-17,2.86,3.35,3.34,3.55,1.58
2022-06-18,2.86,3.35,3.34,3.55,1.58
2022-06-19,2.86,3.35,3.34,3.55,1.58
2022-06-20,2.86,3.35,3.34,3.55,1.58
2022-06-21,2.92,3.35,3.39,3.63,1.58
2022-06-22,2.79,3.2,3.24,3.49,1.58
2022-06-23,2.78,3.12,3.16,3.45,1.58
2022-06-24,2.83,3.13,3.19,3.51,1.58
2022-06-25,2.83,3.13,3.19,3.51,1.58
2022-06-26,2.83,3.13,3.19,3.51,1.58
2022-06-27,2.89,3.21,3.27,3.56,1.58
2022-06-28,2.88,3.21,3.27,3.55,1.58
2022-06-29,2.88,3.13,3.17,3.46,1.58
2022-06-30,2.8,2.99,3.04,3.38,1.58
2022-07-01,2.79,2.85,2.92,3.35,1.58
2022-07-02,2.79,2.85,2.92,3.35,1.58
2022-07-03,2.79,2.85,2.92,3.35,1.58
2022-07-04,2.79,2.85,2.92,3.35,1.58
2022-07-05,2.77,2.82,2.87,3.31,1.58
2022-07-06,2.82,2.99,2.99,3.42,1.58
2022-07-07,2.87,3.05,3.07,3.45,1.58
2022-07-08,2.96,3.14,3.16,3.53,1.58
2022-07-09,2.96,3.14,3.16,3.53,1.58
2022-07-10,2.96,3.14,3.16,3.53,1.58
2022-07-11,2.97,3.09,3.06,3.43,1.58
2022-07-12,3.07,3.07,3.01,3.37,1.58
2022-07-13,3.21,3.14,3.0,3.35,1.58
2022-07-14,3.16,3.16,3.05,3.36,1.58
2022-07-15,3.12,3.14,3.03,3.34,1.58
2022-07-16,3.12,3.14,3.03,3.34,1.58
2022-07-17,3.12,3.14,3.03,3.34,1.58
2022-07-18,3.13,3.15,3.05,3.39,1.58
2022-07-19,3.18,3.22,3.11,3.42,1.58
2022-07-20,3.18,3.25,3.15,3.43,1.58
2022-07-21,3.11,3.07,2.99,3.33,1.58
2022-07-22,3.01,2.93,2.85,3.23,1.58
2022-07-23,3.01,2.93,2.85,3.23,1.58
2022-07-24,3.01,2.93,2.85,3.23,1.58
2022-07-25,3.07,2.98,2.89,3.28,1.58
2022-07-26,3.06,3.01,2.88,3.27,1.58
2022-07-27,3.0,2.93,2.83,3.26,1.58
2022-07-28,2.93,2.81,2.69,3.23,2.33
2022-07-29,2.98,2.83,2.7,3.2,2.32
2022-07-30,2.98,2.83,2.7,3.2,2.32
2022-07-31,2.98,2.83,2.7,3.2,2.32
2022-08-01,2.98,2.82,2.64,3.12,2.33
2022-08-02,3.09,3.02,2.82,3.22,2.33
2022-08-03,3.14,3.04,2.81,3.17,2.33
2022-08-04,3.11,2.95,2.73,3.15,2.33
2022-08-05,3.29,3.18,2.91,3.27,2.33
2022-08-06,3.29,3.18,2.91,3.27,2.33
2022-08-07,3.29,3.18,2.91,3.27,2.33
2022-08-08,3.3,3.14,2.85,3.22,2.33
2022-08-09,3.33,3.2,2.89,3.24,2.33
2022-08-10,3.26,3.13,2.86,3.27,2.33
2022-08-11,3.25,3.16,2.94,3.38,2.33
2022-08-12,3.26,3.18,2.92,3.34,2.33
2022-08-13,3.26,3.18,2.92,3.34,2.33
2022-08-14,3.26,3.18,2.92,3.34,2.33
2022-08-15,3.23,3.14,2.86,3.31,2.33
2022-08-16,3.26,3.19,2.9,3.31,2.33
2022-08-17,3.27,3.27,2.99,3.37,2.33
2022-08-18,3.24,3.23,2.97,3.35,2.33
2022-08-19,3.26,3.28,3.06,3.44,2.33
2022-08-20,3.26,3.28,3.06,3.44,2.33
2022-08-21,3.26,3.28,3.06,3.44,2.33
2022-08-22,3.32,3.36,3.12,3.48,2.33
2022-08-23,3.29,3.35,3.14,3.49,2.33
2022-08-24,3.35,3.4,3.2,3.55,2.33
2022-08-25,3.33,3.37,3.11,3.47,2.33
2022-08-26,3.36,3.4,3.14,3.44,2.33
2022-08-27,3.36,3.4,3.14,3.44,2.33
2022-08-28,3.36,3.4,3.14,3.44,2.33
2022-08-29,3.43,3.45,3.21,3.5,2.33
2022-08-30,3.48,3.47,3.22,3.49,2.33
2022-08-31,3.5,3.46,3.25,3.53,2.33
2022-09-01,3.51,3.54,3.36,3.64,2.33
2022-09-02,3.47,3.44,3.29,3.61,2.33
2022-09-03,3.47,3.44,3.29,3.61,2.33
2022-09-04,3.47,3.44,3.29,3.61,2.33
2022-09-05,3.47,3.44,3.29,3.61,2.33
2022-09-06,3.61,3.55,3.41,3.74,2.33
2022-09-07,3.6,3.5,3.35,3.67,2.33
2022-09-08,3.6,3.54,3.37,3.69,2.33
2022-09-09,3.67,3.61,3.42,3.71,2.33
2022-09-10,3.67,3.61,3.42,3.71,2.33
2022-09-11,3.67,3.61,3.42,3.71,2.33
2022-09-12,3.7,3.6,3.45,3.76,2.33
2022-09-13,3.92,3.75,3.53,3.75,2.33
2022-09-14,3.95,3.79,3.52,3.73,2.33
2022-09-15,4.0,3.85,3.59,3.75,2.33
2022-09-16,3.96,3.81,3.56,3.79,2.33
2022-09-17,3.96,3.81,3.56,3.79,2.33
2022-09-18,3.96,3.81,3.56,3.79,2.33
2022-09-19,4.05,3.9,3.62,3.77,2.33
2022-09-20,4.03,3.94,3.69,3.83,2.33
2022-09-21,4.08,3.98,3.65,3.73,2.33
2022-09-22,4.08,4.12,3.84,3.9,3.08
2022-09-23,4.15,4.21,3.85,3.87,3.08
2022-09-24,4.15,4.21,3.85,3.87,3.08
2022-09-25,4.15,4.21,3.85,3.87,3.08
2022-09-26,4.17,4.37,4.06,4.01,3.08
2022-09-27,4.16,4.39,4.14,4.15,3.08
2022-09-28,3.99,4.12,3.83,3.98,3.08
2022-09-29,3.98,4.19,3.89,4.0,3.08
2022-09-30,4.05,4.25,3.97,4.08,3.08
2022-10-01,4.05,4.25,3.97,4.08,3.08
2022-10-02,4.05,4.25,3.97,4.08,3.08
2022-10-03,4.01,4.12,3.79,4.0,3.08
2022-10-04,4.15,4.08,3.73,3.95,3.08
2022-10-05,4.14,4.17,3.87,4.05,3.08
2022-10-06,4.19,4.24,3.95,4.08,3.08
2022-10-07,4.24,4.33,4.03,4.13,3.08
2022-10-08,4.24,4.33,4.03,4.13,3.08
2022-10-09,4.24,4.33,4.03,4.13,3.08
2022-10-10,4.24,4.33,4.03,4.13,3.08
2022-10-11,4.28,4.31,4.06,4.19,3.08
2022-10-12,4.28,4.29,4.03,4.18,3.08
2022-10-13,4.46,4.44,4.11,4.25,3.08
2022-10-14,4.5,4.47,4.15,4.26,3.08
2022-10-15,4.5,4.47,4.15,4.26,3.08
2022-10-16,4.5,4.47,4.15,4.26,3.08
2022-10-17,4.5,4.45,4.15,4.29,3.08
2022-10-18,4.5,4.43,4.12,4.27,3.08
2022-10-19,4.6,4.56,4.26,4.38,3.08
2022-10-20,4.66,4.66,4.36,4.47,3.08
2022-10-21,4.58,4.52,4.28,4.54,3.08
2022-10-22,4.58,4.52,4.28,4.54,3.08
2022-10-23,4.58,4.52,4.28,4.54,3.08
2022-10-24,4.61,4.52,4.31,4.59,3.08
2022-10-25,4.6,4.45,4.17,4.45,3.08
2022-10-26,4.54,4.41,4.12,4.38,3.08
2022-10-27,4.5,4.29,4.01,4.32,3.08
2022-10-28,4.55,4.38,4.1,4.38,3.08
2022-10-29,4.55,4.38,4.1,4.38,3.08
2022-10-30,4.55,4.38,4.1,4.38,3.08
2022-10-31,4.66,4.45,4.18,4.44,3.08
2022-11-01,4.75,4.48,4.18,4.37,3.08
2022-11-02,4.76,4.54,4.2,4.41,3.08
2022-11-03,4.78,4.63,4.26,4.42,3.83
2022-11-04,4.76,4.58,4.26,4.49,3.83
2022-11-05,4.76,4.58,4.26,4.49,3.83
2022-11-06,4.76,4.58,4.26,4.49,3.83
2022-11-07,4.8,4.63,4.31,4.55,3.83
2022-11-08,4.77,4.55,4.22,4.47,3.83
2022-11-09,4.75,4.49,4.2,4.5,3.83
2022-11-10,4.59,4.17,3.89,4.24,3.83
2022-11-11,4.59,4.17,3.89,4.24,3.83
2022-11-12,4.59,4.17,3.89,4.24,3.83
2022-11-13,4.59,4.17,3.89,4.24,3.83
2022-11-14,4.63,4.24,3.95,4.28,3.83
2022-11-15,4.6,4.17,3.88,4.2,3.83
2022-11-16,4.62,4.13,3.77,4.03,3.83
2022-11-17,4.68,4.22,3.87,4.1,3.83
2022-11-18,4.74,4.28,3.92,4.13,3.83
2022-11-19,4.74,4.28,3.92,4.13,3.83
2022-11-20,4.74,4.28,3.92,4.13,3.83
2022-11-21,4.75,4.32,3.94,4.14,3.83
2022-11-22,4.79,4.27,3.86,4.05,3.83
2022-11-23,4.75,4.23,3.81,3.97,3.83
2022-11-24,4.75,4.23,3.81,3.97,3.83
2022-11-25,4.76,4.2,3.78,3.97,3.83
2022-11-26,4.76,4.2,3.78,3.97,3.83
2022-11-27,4.76,4.2,3.78,3.97,3.83
2022-11-28,4.76,4.22,3.8,3.97,3.83
2022-11-29,4.78,4.24,3.85,4.02,3.83
2022-11-30,4.74,4.13,3.76,4.0,3.83
2022-12-01,4.66,3.98,3.62,3.85,3.83
2022-12-02,4.69,3.99,3.61,3.79,3.83
2022-12-03,4.69,3.99,3.61,3.79,3.83
2022-12-04,4.69,3.99,3.61,3.79,3.83
2022-12-05,4.77,4.13,3.72,3.84,3.83
2022-12-06,4.73,4.07,3.64,3.77,3.83
2022-12-07,4.67,3.97,3.54,3.66,3.83
2022-12-08,4.71,4.04,3.63,3.71,3.83
2022-12-09,4.72,4.07,3.69,3.82,3.83
2022-12-10,4.72,4.07,3.69,3.82,3.83
2022-12-11,4.72,4.07,3.69,3.82,3.83
2022-12-12,4.75,4.1,3.73,3.84,3.83
2022-12-13,4.64,3.96,3.6,3.74,3.83
2022-12-14,4.64,3.94,3.59,3.74,3.83
2022-12-15,4.65,3.96,3.56,3.69,4.33
2022-12-16,4.61,3.91,3.58,3.73,4.33
2022-12-17,4.61,3.91,3.58,3.73,4.33
2022-12-18,4.61,3.91,3.58,3.73,4.33
2022-12-19,4.64,3.99,3.67,3.82,4.33
2022-12-20,4.64,4.03,3.78,3.94,4.33
2022-12-21,4.6,4.0,3.77,3.93,4.33
2022-12-22,4.64,4.02,3.77,3.91,4.33
2022-12-23,4.66,4.09,3.83,3.99,4.33
2022-12-24,4.66,4.09,3.83,3.99,4.33
2022-12-25,4.66,4.09,3.83,3.99,4.33
2022-12-26,4.66,4.09,3.83,3.99,4.33
2022-12-27,4.75,4.17,3.93,4.1,4.33
2022-12-28,4.71,4.18,3.97,4.13,4.33
2022-12-29,4.71,4.16,3.91,4.09,4.33
2022-12-30,4.73,4.22,3.96,4.14,4.33
2022-12-31,4.73,4.22,3.96,4.14,4.33
2023-01-01,4.73,4.22,3.96,4.14,4.33
2023-01-02,4.73,4.22,3.96,4.14,4.33
2023-01-03,4.72,4.18,3.89,4.06,4.33
2023-01-04,4.71,4.11,3.79,3.97,4.33
2023-01-05,4.78,4.18,3.82,3.96,4.33
2023-01-06,4.71,3.96,3.63,3.84,4.33
2023-01-07,4.71,3.96,3.63,3.84,4.33
2023-01-08,4.71,3.96,3.63,3.84,4.33
2023-01-09,4.69,3.93,3.6,3.83,4.33
2023-01-10,4.74,3.94,3.67,3.91,4.33
2023-01-11,4.73,3.9,3.61,3.84,4.33
2023-01-12,4.66,3.79,3.48,3.73,4.33
2023-01-13,4.69,3.88,3.55,3.79,4.33
2023-01-14,4.69,3.88,3.55,3.79,4.33
2023-01-15,4.69,3.88,3.55,3.79,4.33
2023-01-16,4.69,3.88,3.55,3.79,4.33
2023-01-17,4.67,3.86,3.57,3.81,4.33
2023-01-18,4.63,3.72,3.4,3.65,4.33
2023-01-19,4.65,3.76,3.43,3.69,4.33
2023-01-20,4.68,3.83,3.51,3.77,4.33
2023-01-21,4.68,3.83,3.51,3.77,4.33
2023-01-22,4.68,3.83,3.51,3.77,4.33
2023-01-23,4.7,3.88,3.56,3.8,4.33
2023-01-24,4.7,3.86,3.52,3.73,4.33
2023-01-25,4.67,3.84,3.51,3.74,4.33
2023-01-26,4.68,3.88,3.54,3.75,4.33
2023-01-27,4.68,3.9,3.58,3.77,4.33
2023-01-28,4.68,3.9,3.58,3.77,4.33
2023-01-29,4.68,3.9,3.58,3.77,4.33
2023-01-30,4.71,3.96,3.62,3.79,4.33
2023-01-31,4.68,3.9,3.59,3.78,4.33
2023-02-01,4.66,3.75,3.43,3.67,4.33
2023-02-02,4.64,3.75,3.44,3.67,4.58
2023-02-03,4.79,3.96,3.61,3.77,4.58
2023-02-04,4.79,3.96,3.61,3.77,4.58
2023-02-05,4.79,3.96,3.61,3.77,4.58
2023-02-06,4.85,4.1,3.73,3.82,4.58
2023-02-07,4.88,4.11,3.78,3.87,4.58
2023-02-08,4.87,4.08,3.75,3.86,4.58
2023-02-09,4.88,4.15,3.79,3.9,4.57
2023-02-10,4.89,4.19,3.86,3.96,4.58
2023-02-11,4.89,4.19,3.86,3.96,4.58
2023-02-12,4.89,4.19,3.86,3.96,4.58
2023-02-13,4.91,4.22,3.84,3.92,4.58
2023-02-14,4.99,4.32,3.9,3.94,4.58
2023-02-15,4.96,4.35,3.94,3.97,4.58
2023-02-16,4.99,4.35,3.98,4.05,4.58
2023-02-17,5.0,4.33,3.95,4.01,4.58
2023-02-18,5.0,4.33,3.95,4.01,4.58
2023-02-19,5.0,4.33,3.95,4.01,4.58
2023-02-20,5.0,4.33,3.95,4.01,4.58
2023-02-21,5.07,4.44,4.08,4.12,4.58
2023-02-22,5.07,4.43,4.07,4.09,4.58
2023-02-23,5.03,4.4,4.02,4.04,4.58
2023-02-24,5.05,4.52,4.1,4.11,4.58
2023-02-25,5.05,4.52,4.1,4.11,4.58
2023-02-26,5.05,4.52,4.1,4.11,4.58
2023-02-27,5.03,4.49,4.08,4.11,4.57
2023-02-28,5.02,4.51,4.07,4.1,4.57
2023-03-01,5.06,4.61,4.17,4.17,4.58
2023-03-02,5.04,4.63,4.24,4.24,4.57
2023-03-03,5.03,4.6,4.15,4.12,4.57
2023-03-04,5.03,4.6,4.15,4.12,4.57
2023-03-05,5.03,4.6,4.15,4.12,4.57
2023-03-06,5.05,4.61,4.16,4.14,4.57
2023-03-07,5.22,4.66,4.17,4.11,4.57
2023-03-08,5.25,4.71,4.19,4.11,4.57
2023-03-09,5.18,4.56,4.1,4.09,4.57
2023-03-10,4.9,4.31,3.86,3.9,4.57
2023-03-11,4.9,4.31,3.86,3.9,4.57
2023-03-12,4.9,4.31,3.86,3.9,4.57
2023-03-13,4.3,3.88,3.65,3.85,4.58
2023-03-14,4.45,4.05,3.74,3.91,4.58
2023-03-15,4.19,3.83,3.57,3.82,4.58
2023-03-16,4.49,3.99,3.67,3.87,4.58
2023-03-17,4.26,3.68,3.45,3.76,4.58
2023-03-18,4.26,3.68,3.45,3.76,4.58
2023-03-19,4.26,3.68,3.45,3.76,4.58
2023-03-20,4.34,3.77,3.55,3.83,4.58
2023-03-21,4.68,3.98,3.68,3.9,4.58
2023-03-22,4.56,3.76,3.53,3.83,4.58
2023-03-23,4.38,3.57,3.39,3.78,4.83
2023-03-24,4.32,3.58,3.4,3.77,4.83
2023-03-25,4.32,3.58,3.4,3.77,4.83
2023-03-26,4.32,3.58,3.4,3.77,4.83
2023-03-27,4.51,3.79,3.57,3.9,4.83
2023-03-28,4.55,3.84,3.6,3.9,4.83
2023-03-29,4.59,3.87,3.62,3.91,4.83
2023-03-30,4.63,3.87,3.61,3.88,4.83
2023-03-31,4.64,3.81,3.55,3.81,4.83
2023-04-01,4.64,3.81,3.55,3.81,4.83
2023-04-02,4.64,3.81,3.55,3.81,4.83
2023-04-03,4.6,3.73,3.48,3.78,4.83
2023-04-04,4.5,3.6,3.38,3.72,4.83
2023-04-05,4.43,3.55,3.34,3.67,4.83
2023-04-06,4.51,3.59,3.34,3.66,4.83
2023-04-07,4.61,3.72,3.45,3.73,4.83
2023-04-08,4.61,3.72,3.45,3.73,4.83
2023-04-09,4.61,3.72,3.45,3.73,4.83
2023-04-10,4.65,3.75,3.47,3.74,4.83
2023-04-11,4.67,3.76,3.48,3.75,4.83
2023-04-12,4.64,3.68,3.43,3.75,4.83
2023-04-13,4.66,3.7,3.48,3.8,4.83
2023-04-14,4.77,3.83,3.56,3.85,4.83
2023-04-15,4.77,3.83,3.56,3.85,4.83
2023-04-16,4.77,3.83,3.56,3.85,4.83
2023-04-17,4.8,3.92,3.64,3.92,4.83
2023-04-18,4.81,3.92,3.63,3.91,4.83
2023-04-19,4.84,3.97,3.66,3.9,4.83
2023-04-20,4.77,3.87,3.59,3.87,4.83
2023-04-21,4.78,3.89,3.62,3.9,4.83
2023-04-22,4.78,3.89,3.62,3.9,4.83
2023-04-23,4.78,3.89,3.62,3.9,4.83
2023-04-24,4.76,3.84,3.56,3.85,4.83
2023-04-25,4.6,3.62,3.42,3.77,4.83
2023-04-26,4.64,3.65,3.45,3.81,4.83
2023-04-27,4.78,3.82,3.57,3.88,4.83
2023-04-28,4.8,3.75,3.49,3.8,4.83
2023-04-29,4.8,3.75,3.49,3.8,4.83
2023-04-30,4.8,3.75,3.49,3.8,4.83
2023-05-01,4.86,3.85,3.62,3.95,4.83
2023-05-02,4.74,3.67,3.44,3.82,4.83
2023-05-03,4.7,3.58,3.37,3.79,4.83
2023-05-04,4.59,3.47,3.32,3.8,5.08
2023-05-05,4.73,3.63,3.41,3.85,5.08
2023-05-06,4.73,3.63,3.41,3.85,5.08
2023-05-07,4.73,3.63,3.41,3.85,5.08
2023-05-08,4.79,3.7,3.5,3.92,5.08
2023-05-09,4.81,3.67,3.51,3.94,5.08
2023-05-10,4.7,3.55,3.4,3.88,5.08
2023-05-11,4.7,3.56,3.37,3.82,5.08
2023-05-12,4.75,3.65,3.45,3.87,5.08
2023-05-13,4.75,3.65,3.45,3.87,5.08
2023-05-14,4.75,3.65,3.45,3.87,5.08
2023-05-15,4.73,3.67,3.48,3.92,5.08
2023-05-16,4.88,3.74,3.53,3.96,5.08
2023-05-17,4.92,3.8,3.58,3.96,5.08
2023-05-18,5.02,3.94,3.67,4.02,5.08
2023-05-19,5.02,3.98,3.74,4.07,5.08
2023-05-20,5.02,3.98,3.74,4.07,5.08
2023-05-21,5.02,3.98,3.74,4.07,5.08
2023-05-22,5.07,3.98,3.74,4.09,5.08
2023-05-23,5.06,3.99,3.73,4.08,5.08
2023-05-24,5.12,4.04,3.76,4.1,5.08
2023-05-25,5.24,4.21,3.86,4.16,5.08
2023-05-26,5.25,4.23,3.86,4.13,5.08
2023-05-27,5.25,4.23,3.86,4.13,5.08
2023-05-28,5.25,4.23,3.86,4.13,5.08
2023-05-29,5.25,4.23,3.86,4.13,5.08
2023-05-30,5.22,4.1,3.75,4.06,5.08
2023-05-31,5.18,4.04,3.69,4.01,5.08
2023-06-01,5.11,3.98,3.66,3.98,5.08
2023-06-02,5.22,4.13,3.78,4.03,5.08
2023-06-03,5.22,4.13,3.78,4.03,5.08
2023-06-04,5.22,4.13,3.78,4.03,5.08
2023-06-05,5.17,4.1,3.77,4.03,5.08
2023-06-06,5.2,4.15,3.78,4.02,5.08
2023-06-07,5.16,4.21,3.88,4.12,5.08
2023-06-08,5.12,4.17,3.8,4.05,5.08
2023-06-09,5.17,4.23,3.84,4.05,5.08
2023-06-10,5.17,4.23,3.84,4.05,5.08
2023-06-11,5.17,4.23,3.84,4.05,5.08
2023-06-12,5.18,4.16,3.82,4.04,5.08
2023-06-13,5.26,4.3,3.94,4.12,5.08
2023-06-14,5.27,4.37,3.95,4.09,5.08
2023-06-15,5.21,4.23,3.82,4.02,5.07
2023-06-16,5.24,4.32,3.88,4.05,5.08
2023-06-17,5.24,4.32,3.88,4.05,5.08
2023-06-18,5.24,4.32,3.88,4.05,5.08
2023-06-19,5.24,4.32,3.88,4.05,5.08
2023-06-20,5.24,4.29,3.85,4.01,5.07
2023-06-21,5.25,4.29,3.84,3.99,5.07
2023-06-22,5.29,4.37,3.92,4.06,5.07
2023-06-23,5.25,4.32,3.88,4.01,5.07
2023-06-24,5.25,4.32,3.88,4.01,5.07
2023-06-25,5.25,4.32,3.88,4.01,5.07
2023-06-26,5.27,4.3,3.85,4.01,5.07
2023-06-27,5.33,4.38,3.9,4.03,5.07
2023-06-28,5.32,4.32,3.83,4.0,5.07
2023-06-29,5.41,4.49,3.99,4.11,5.07
2023-06-30,5.4,4.49,3.97,4.06,5.08
2023-07-01,5.4,4.49,3.97,4.06,5.08
2023-07-02,5.4,4.49,3.97,4.06,5.08
2023-07-03,5.43,4.56,4.03,4.08,5.08
2023-07-04,5.43,4.56,4.03,4.08,5.08
2023-07-05,5.4,4.59,4.11,4.17,5.08
2023-07-06,5.44,4.68,4.22,4.23,5.08
2023-07-07,5.41,4.64,4.23,4.27,5.08
2023-07-08,5.41,4.64,4.23,4.27,5.08
2023-07-09,5.41,4.64,4.23,4.27,5.08
2023-07-10,5.38,4.54,4.14,4.24,5.07
2023-07-11,5.44,4.52,4.13,4.22,5.08
2023-07-12,5.35,4.36,3.97,4.14,5.08
2023-07-13,5.27,4.21,3.85,4.07,5.08
2023-07-14,5.34,4.35,3.94,4.11,5.08
2023-07-15,5.34,4.35,3.94,4.11,5.08
2023-07-16,5.34,4.35,3.94,4.11,5.08
2023-07-17,5.33,4.34,3.91,4.1,5.08
2023-07-18,5.32,4.35,3.9,4.08,5.08
2023-07-19,5.32,4.34,3.87,4.01,5.08
2023-07-20,5.35,4.43,3.98,4.1,5.08
2023-07-21,5.35,4.44,3.97,4.1,5.08
2023-07-22,5.35,4.44,3.97,4.1,5.08
2023-07-23,5.35,4.44,3.97,4.1,5.08
2023-07-24,5.38,4.48,4.0,4.11,5.08
2023-07-25,5.38,4.53,4.05,4.14,5.08
2023-07-26,5.37,4.47,3.99,4.12,5.08
2023-07-27,5.4,4.58,4.13,4.26,5.33
2023-07-28,5.37,4.52,4.08,4.22,5.33
2023-07-29,5.37,4.52,4.08,4.22,5.33
2023-07-30,5.37,4.52,4.08,4.22,5.33
2023-07-31,5.37,4.51,4.08,4.22,5.33
2023-08-01,5.38,4.57,4.15,4.3,5.33
2023-08-02,5.36,4.54,4.17,4.35,5.33
2023-08-03,5.37,4.58,4.26,4.49,5.33
2023-08-04,5.33,4.45,4.1,4.36,5.33
2023-08-05,5.33,4.45,4.1,4.36,5.33
2023-08-06,5.33,4.45,4.1,4.36,5.33
2023-08-07,5.3,4.44,4.13,4.42,5.33
2023-08-08,5.35,4.36,4.06,4.35,5.33
2023-08-09,5.35,4.41,4.07,4.33,5.33
2023-08-10,5.33,4.47,4.17,4.41,5.33
2023-08-11,5.36,4.56,4.26,4.45,5.33
2023-08-12,5.36,4.56,4.26,4.45,5.33
2023-08-13,5.36,4.56,4.26,4.45,5.33
2023-08-14,5.37,4.64,4.29,4.46,5.33
2023-08-15,5.36,4.64,4.31,4.49,5.33
2023-08-16,5.37,4.68,4.37,4.55,5.33
2023-08-17,5.36,4.67,4.38,4.58,5.33
2023-08-18,5.35,4.63,4.34,4.55,5.33
2023-08-19,5.35,4.63,4.34,4.55,5.33
2023-08-20,5.35,4.63,4.34,4.55,5.33
2023-08-21,5.37,4.7,4.42,4.64,5.33
2023-08-22,5.39,4.75,4.44,4.61,5.33
2023-08-23,5.35,4.64,4.3,4.46,5.33
2023-08-24,5.39,4.69,4.34,4.49,5.33
2023-08-25,5.44,4.72,4.37,4.5,5.33
2023-08-26,5.44,4.72,4.37,4.5,5.33
2023-08-27,5.44,4.72,4.37,4.5,5.33
2023-08-28,5.44,4.69,4.32,4.48,5.33
2023-08-29,5.37,4.56,4.21,4.42,5.33
2023-08-30,5.39,4.57,4.22,4.42,5.33
2023-08-31,5.37,4.54,4.19,4.39,5.33
2023-09-01,5.36,4.57,4.27,4.48,5.33
2023-09-02,5.36,4.57,4.27,4.48,5.33
2023-09-03,5.36,4.57,4.27,4.48,5.33
2023-09-04,5.36,4.57,4.27,4.48,5.33
2023-09-05,5.42,4.65,4.35,4.56,5.33
2023-09-06,5.44,4.73,4.39,4.56,5.33
2023-09-07,5.4,4.66,4.35,4.55,5.33
2023-09-08,5.42,4.68,4.35,4.52,5.33
2023-09-09,5.42,4.68,4.35,4.52,5.33
2023-09-10,5.42,4.68,4.35,4.52,5.33
2023-09-11,5.4,4.64,4.37,4.56,5.33
2023-09-12,5.42,4.66,4.36,4.54,5.33
2023-09-13,5.42,4.64,4.34,4.52,5.33
2023-09-14,5.42,4.68,4.38,4.57,5.33
2023-09-15,5.43,4.72,4.41,4.59,5.33
2023-09-16,5.43,4.72,4.41,4.59,5.33
2023-09-17,5.43,4.72,4.41,4.59,5.33
2023-09-18,5.44,4.74,4.41,4.57,5.33
2023-09-19,5.45,4.79,4.47,4.6,5.33
2023-09-20,5.47,4.82,4.46,4.57,5.33
2023-09-21,5.46,4.85,4.57,4.74,5.33
2023-09-22,5.46,4.8,4.53,4.7,5.33
2023-09-23,5.46,4.8,4.53,4.7,5.33
2023-09-24,5.46,4.8,4.53,4.7,5.33
2023-09-25,5.45,4.83,4.61,4.84,5.33
2023-09-26,5.45,4.84,4.62,4.86,5.33
2023-09-27,5.49,4.89,4.69,4.91,5.33
2023-09-28,5.46,4.83,4.63,4.9,5.33
2023-09-29,5.46,4.8,4.61,4.92,5.33
2023-09-30,5.46,4.8,4.61,4.92,5.33
2023-10-01,5.46,4.8,4.61,4.92,5.33
2023-10-02,5.49,4.88,4.73,5.0,5.33
2023-10-03,5.49,4.95,4.84,5.13,5.33
2023-10-04,5.42,4.85,4.75,5.05,5.33
2023-10-05,5.39,4.82,4.73,5.06,5.33
2023-10-06,5.43,4.87,4.79,5.13,5.33
2023-10-07,5.43,4.87,4.79,5.13,5.33
2023-10-08,5.43,4.87,4.79,5.13,5.33
2023-10-09,5.43,4.87,4.79,5.13,5.33
2023-10-10,5.37,4.74,4.66,5.03,5.33
2023-10-11,5.38,4.73,4.61,4.92,5.33
2023-10-12,5.43,4.82,4.73,5.05,5.33
2023-10-13,5.41,4.8,4.66,4.97,5.33
2023-10-14,5.41,4.8,4.66,4.97,5.33
2023-10-15,5.41,4.8,4.66,4.97,5.33
2023-10-16,5.42,4.87,4.74,5.06,5.33
2023-10-17,5.48,5.01,4.88,5.14,5.33
2023-10-18,5.47,5.03,4.95,5.2,5.33
2023-10-19,5.44,5.01,5.0,5.3,5.33
2023-10-20,5.41,4.93,4.93,5.27,5.33
2023-10-21,5.41,4.93,4.93,5.27,5.33
2023-10-22,5.41,4.93,4.93,5.27,5.33
2023-10-23,5.42,4.89,4.87,5.19,5.33
2023-10-24,5.41,4.91,4.86,5.15,5.33
2023-10-25,5.43,4.98,4.98,5.27,5.33
2023-10-26,5.39,4.89,4.86,5.19,5.33
2023-10-27,5.39,4.84,4.83,5.19,5.33
2023-10-28,5.39,4.84,4.83,5.19,5.33
2023-10-29,5.39,4.84,4.83,5.19,5.33
2023-10-30,5.41,4.87,4.88,5.21,5.33
2023-10-31,5.44,4.9,4.89,5.21,5.33
2023-11-01,5.37,4.76,4.75,5.13,5.33
2023-11-02,5.38,4.78,4.68,4.99,5.33
2023-11-03,5.29,4.62,4.55,4.93,5.33
2023-11-04,5.29,4.62,4.55,4.93,5.33
2023-11-05,5.29,4.62,4.55,4.93,5.33
2023-11-06,5.33,4.72,4.66,5.0,5.33
2023-11-07,5.33,4.64,4.58,4.91,5.33
2023-11-08,5.34,4.65,4.54,4.82,5.33
2023-11-09,5.39,4.77,4.68,4.97,5.33
2023-11-10,5.38,4.8,4.68,4.93,5.33
2023-11-11,5.38,4.8,4.68,4.93,5.33
2023-11-12,5.38,4.8,4.68,4.93,5.33
2023-11-13,5.37,4.8,4.69,4.95,5.33
2023-11-14,5.24,4.56,4.45,4.8,5.33
2023-11-15,5.27,4.68,4.56,4.87,5.33
2023-11-16,5.23,4.59,4.47,4.82,5.33
2023-11-17,5.24,4.64,4.47,4.8,5.33
2023-11-18,5.24,4.64,4.47,4.8,5.33
2023-11-19,5.24,4.64,4.47,4.8,5.33
2023-11-20,5.25,4.62,4.46,4.74,5.33
2023-11-21,5.24,4.6,4.44,4.75,5.33
2023-11-22,5.26,4.62,4.46,4.73,5.33
2023-11-23,5.26,4.62,4.46,4.73,5.33
2023-11-24,5.27,4.67,4.51,4.79,5.33
2023-11-25,5.27,4.67,4.51,4.79,5.33
2023-11-26,5.27,4.67,4.51,4.79,5.33
2023-11-27,5.24,4.6,4.43,4.72,5.33
2023-11-28,5.21,4.49,4.36,4.7,5.33
2023-11-29,5.12,4.4,4.28,4.62,5.33
2023-11-30,5.16,4.48,4.38,4.72,5.33
2023-12-01,5.05,4.31,4.22,4.58,5.33
2023-12-02,5.05,4.31,4.22,4.58,5.33
2023-12-03,5.05,4.31,4.22,4.58,5.33
2023-12-04,5.1,4.4,4.3,4.61,5.33
2023-12-05,5.06,4.33,4.2,4.48,5.33
2023-12-06,5.07,4.33,4.16,4.4,5.33
2023-12-07,5.05,4.31,4.16,4.42,5.33
2023-12-08,5.13,4.45,4.28,4.49,5.33
2023-12-09,5.13,4.45,4.28,4.49,5.33
2023-12-10,5.13,4.45,4.28,4.49,5.33
2023-12-11,5.14,4.42,4.27,4.51,5.33
2023-12-12,5.14,4.42,4.24,4.48,5.33
2023-12-13,4.94,4.18,4.04,4.36,5.33
2023-12-14,4.9,4.09,3.93,4.21,5.33
2023-12-15,4.95,4.13,3.94,4.19,5.33
2023-12-16,4.95,4.13,3.94,4.19,5.33
2023-12-17,4.95,4.13,3.94,4.19,5.33
2023-12-18,4.95,4.15,3.97,4.23,5.33
2023-12-19,4.93,4.15,3.96,4.23,5.33
2023-12-20,4.88,4.06,3.88,4.17,5.33
2023-12-21,4.84,4.06,3.91,4.19,5.33
2023-12-22,4.82,4.04,3.92,4.21,5.33
2023-12-23,4.82,4.04,3.92,4.21,5.33
2023-12-24,4.82,4.04,3.92,4.21,5.33
2023-12-25,4.82,4.04,3.92,4.21,5.33
2023-12-26,4.83,4.05,3.91,4.2,5.33
2023-12-27,4.79,3.97,3.81,4.1,5.33
2023-12-28,4.82,4.02,3.84,4.14,5.33
2023-12-29,4.79,4.01,3.88,4.2,5.33
2023-12-30,4.79,4.01,3.88,4.2,5.33
2023-12-31,4.79,4.01,3.88,4.2,5.33
2024-01-01,4.79,4.01,3.88,4.2,5.33
2024-01-02,4.8,4.09,3.95,4.25,5.33
2024-01-03,4.81,4.07,3.92,4.21,5.33
2024-01-04,4.85,4.14,3.99,4.3,5.33
2024-01-05,4.84,4.17,4.04,4.37,5.33
2024-01-06,4.84,4.17,4.04,4.37,5.33
2024-01-07,4.84,4.17,4.04,4.37,5.33
2024-01-08,4.82,4.11,3.99,4.33,5.33
2024-01-09,4.82,4.09,4.0,4.33,5.33
2024-01-10,4.82,4.1,4.01,4.35,5.33
2024-01-11,4.75,4.02,3.95,4.32,5.33
2024-01-12,4.65,3.92,3.91,4.32,5.33
2024-01-13,4.65,3.92,3.91,4.32,5.33
2024-01-14,4.65,3.92,3.91,4.32,5.33
2024-01-15,4.65,3.92,3.91,4.32,5.33
2024-01-16,4.7,4.02,4.01,4.43,5.33
2024-01-17,4.8,4.12,4.07,4.42,5.33
2024-01-18,4.8,4.13,4.1,4.48,5.33
2024-01-19,4.84,4.18,4.12,4.47,5.33
2024-01-20,4.84,4.18,4.12,4.47,5.33
2024-01-21,4.84,4.18,4.12,4.47,5.33
2024-01-22,4.83,4.14,4.07,4.44,5.33
2024-01-23,4.81,4.16,4.11,4.48,5.33
2024-01-24,4.83,4.19,4.14,4.52,5.33
2024-01-25,4.76,4.12,4.07,4.49,5.33
2024-01-26,4.78,4.15,4.1,4.49,5.33
2024-01-27,4.78,4.15,4.1,4.49,5.33
2024-01-28,4.78,4.15,4.1,4.49,5.33
2024-01-29,4.76,4.1,4.02,4.42,5.33
2024-01-30,4.8,4.14,4.03,4.4,5.33
2024-01-31,4.73,4.05,3.95,4.34,5.33
2024-02-01,4.68,3.96,3.83,4.21,5.33
2024-02-02,4.81,4.14,4.02,4.33,5.33
2024-02-03,4.81,4.14,4.02,4.33,5.33
2024-02-04,4.81,4.14,4.02,4.33,5.33
2024-02-05,4.87,4.27,4.16,4.46,5.33
2024-02-06,4.82,4.14,4.07,4.39,5.33
2024-02-07,4.83,4.16,4.09,4.41,5.33
2024-02-08,4.83,4.22,4.15,4.47,5.33
2024-02-09,4.86,4.25,4.17,4.48,5.33
2024-02-10,4.86,4.25,4.17,4.48,5.33
2024-02-11,4.86,4.25,4.17,4.48,5.33
2024-02-12,4.87,4.25,4.16,4.48,5.33
2024-02-13,4.99,4.44,4.33,4.59,5.33
2024-02-14,4.94,4.38,4.27,4.57,5.33
2024-02-15,4.93,4.36,4.25,4.54,5.33
2024-02-16,4.98,4.43,4.31,4.58,5.33
2024-02-17,4.98,4.43,4.31,4.58,5.33
2024-02-18,4.98,4.43,4.31,4.58,5.33
2024-02-19,4.98,4.43,4.31,4.58,5.33
2024-02-20,4.97,4.38,4.28,4.56,5.33
2024-02-21,4.98,4.43,4.33,4.59,5.33
2024-02-22,5.02,4.49,4.35,4.58,5.33
2024-02-23,5.0,4.45,4.28,4.51,5.33
2024-02-24,5.0,4.45,4.28,4.51,5.33
2024-02-25,5.0,4.45,4.28,4.51,5.33
2024-02-26,5.03,4.48,4.32,4.53,5.33
2024-02-27,5.03,4.5,4.34,4.57,5.33
2024-02-28,5.0,4.44,4.28,4.53,5.33
2024-02-29,5.01,4.43,4.28,4.51,5.33
2024-03-01,4.94,4.32,4.2,4.46,5.33
2024-03-02,4.94,4.32,4.2,4.46,5.33
2024-03-03,4.94,4.32,4.2,4.46,5.33
2024-03-04,4.98,4.39,4.23,4.48,5.33
2024-03-05,4.94,4.32,4.15,4.39,5.33
2024-03-06,4.95,4.32,4.12,4.36,5.33
2024-03-07,4.93,4.28,4.09,4.35,5.33
2024-03-08,4.92,4.25,4.08,4.36,5.33
2024-03-09,4.92,4.25,4.08,4.36,5.33
2024-03-10,4.92,4.25,4.08,4.36,5.33
2024-03-11,4.95,4.26,4.09,4.36,5.33
2024-03-12,5.0,4.33,4.16,4.42,5.33
2024-03-13,5.01,4.37,4.2,4.45,5.33
2024-03-14,5.04,4.46,4.3,4.54,5.33
2024-03-15,5.05,4.51,4.33,4.55,5.33
2024-03-16,5.05,4.51,4.33,4.55,5.33
2024-03-17,5.05,4.51,4.33,4.55,5.33
2024-03-18,5.06,4.52,4.35,4.57,5.33
2024-03-19,5.06,4.47,4.31,4.54,5.33
2024-03-20,5.01,4.41,4.28,4.53,5.33
2024-03-21,5.01,4.42,4.28,4.53,5.33
2024-03-22,4.98,4.36,4.22,4.47,5.33
2024-03-23,4.98,4.36,4.22,4.47,5.33
2024-03-24,4.98,4.36,4.22,4.47,5.33
2024-03-25,5.0,4.39,4.25,4.51,5.33
2024-03-26,5.0,4.38,4.23,4.49,5.33
2024-03-27,4.99,4.36,4.18,4.45,5.33
2024-03-28,5.03,4.4,4.2,4.45,5.33
2024-03-29,5.03,4.4,4.2,4.45,5.33
2024-03-30,5.03,4.4,4.2,4.45,5.33
2024-03-31,5.03,4.4,4.2,4.45,5.33
2024-04-01,5.06,4.51,4.33,4.58,5.33
2024-04-02,5.05,4.51,4.37,4.61,5.33
2024-04-03,5.03,4.48,4.36,4.61,5.33
2024-04-04,5.0,4.46,4.31,4.57,5.33
2024-04-05,5.05,4.54,4.39,4.65,5.33
2024-04-06,5.05,4.54,4.39,4.65,5.33
2024-04-07,5.05,4.54,4.39,4.65,5.33
2024-04-08,5.07,4.6,4.43,4.65,5.33
2024-04-09,5.03,4.52,4.38,4.6,5.33
2024-04-10,5.19,4.77,4.59,4.76,5.33
2024-04-11,5.17,4.77,4.6,4.77,5.33
2024-04-12,5.13,4.7,4.53,4.73,5.33
2024-04-13,5.13,4.7,4.53,4.73,5.33
2024-04-14,5.13,4.7,4.53,4.73,5.33
2024-04-15,5.16,4.78,4.65,4.85,5.33
2024-04-16,5.18,4.83,4.69,4.88,5.33
2024-04-17,5.16,4.77,4.61,4.81,5.33
2024-04-18,5.18,4.83,4.67,4.85,5.33
2024-04-19,5.17,4.81,4.65,4.83,5.33
2024-04-20,5.17,4.81,4.65,4.83,5.33
2024-04-21,5.17,4.81,4.65,4.83,5.33
2024-04-22,5.16,4.81,4.65,4.84,5.33
2024-04-23,5.14,4.76,4.62,4.84,5.33
2024-04-24,5.17,4.78,4.66,4.88,5.33
2024-04-25,5.21,4.85,4.71,4.93,5.33
2024-04-26,5.21,4.84,4.68,4.89,5.33
2024-04-27,5.21,4.84,4.68,4.89,5.33
2024-04-28,5.21,4.84,4.68,4.89,5.33
2024-04-29,5.2,4.8,4.64,4.86,5.33
2024-04-30,5.25,4.87,4.71,4.9,5.33
2024-05-01,5.21,4.79,4.64,4.85,5.33
2024-05-02,5.16,4.71,4.57,4.82,5.33
2024-05-03,5.12,4.63,4.49,4.75,5.33
2024-05-04,5.12,4.63,4.49,4.75,5.33
2024-05-05,5.12,4.63,4.49,4.75,5.33
2024-05-06,5.12,4.64,4.48,4.73,5.33
2024-05-07,5.13,4.6,4.47,4.7,5.33
2024-05-08,5.13,4.63,4.49,4.73,5.33
2024-05-09,5.12,4.6,4.46,4.7,5.33
2024-05-10,5.17,4.65,4.51,4.74,5.33
2024-05-11,5.17,4.65,4.51,4.74,5.33
2024-05-12,5.17,4.65,4.51,4.74,5.33
2024-05-13,5.16,4.66,4.49,4.72,5.33
2024-05-14,5.16,4.62,4.45,4.69,5.33
2024-05-15,5.1,4.51,4.35,4.61,5.33
2024-05-16,5.13,4.58,4.39,4.62,5.33
2024-05-17,5.14,4.6,4.43,4.66,5.33
2024-05-18,5.14,4.6,4.43,4.66,5.33
2024-05-19,5.14,4.6,4.43,4.66,5.33
2024-05-20,5.15,4.62,4.44,4.68,5.33
2024-05-21,5.14,4.61,4.42,4.65,5.33
2024-05-22,5.16,4.64,4.44,4.63,5.33
2024-05-23,5.2,4.71,4.5,4.67,5.33
2024-05-24,5.21,4.71,4.49,4.65,5.33
2024-05-25,5.21,4.71,4.49,4.65,5.33
2024-05-26,5.21,4.71,4.49,4.65,5.33
2024-05-27,5.21,4.71,4.49,4.65,5.33
2024-05-28,5.21,4.75,4.56,4.74,5.33
2024-05-29,5.22,4.79,4.63,4.82,5.33
2024-05-30,5.19,4.74,4.57,4.76,5.33
2024-05-31,5.18,4.69,4.52,4.73,5.33
2024-06-01,5.18,4.69,4.52,4.73,5.33
2024-06-02,5.18,4.69,4.52,4.73,5.33
2024-06-03,5.14,4.62,4.41,4.63,5.33
2024-06-04,5.11,4.55,4.33,4.56,5.33
2024-06-05,5.08,4.5,4.29,4.52,5.33
2024-06-06,5.08,4.49,4.28,4.51,5.33
2024-06-07,5.17,4.65,4.45,4.64,5.33
2024-06-08,5.17,4.65,4.45,4.64,5.33
2024-06-09,5.17,4.65,4.45,4.64,5.33
2024-06-10,5.16,4.62,4.47,4.68,5.33
2024-06-11,5.17,4.57,4.4,4.62,5.33
2024-06-12,5.13,4.48,4.31,4.56,5.33
2024-06-13,5.07,4.42,4.23,4.5,5.33
2024-06-14,5.07,4.41,4.2,4.46,5.33
2024-06-15,5.07,4.41,4.2,4.46,5.33
2024-06-16,5.07,4.41,4.2,4.46,5.33
2024-06-17,5.11,4.5,4.28,4.52,5.33
2024-06-18,5.09,4.43,4.22,4.47,5.33
2024-06-19,5.09,4.43,4.22,4.47,5.33
2024-06-20,5.1,4.45,4.25,4.49,5.33
2024-06-21,5.1,4.45,4.25,4.49,5.33
2024-06-22,5.1,4.45,4.25,4.49,5.33
2024-06-23,5.1,4.45,4.25,4.49,5.33
2024-06-24,5.1,4.46,4.25,4.48,5.33
2024-06-25,5.1,4.45,4.23,4.46,5.33
2024-06-26,5.13,4.53,4.32,4.55,5.33
2024-06-27,5.1,4.49,4.27,4.53,5.33
2024-06-28,5.09,4.52,4.33,4.61,5.33
2024-06-29,5.09,4.52,4.33,4.61,5.33
2024-06-30,5.09,4.52,4.33,4.61,5.33
2024-07-01,5.1,4.58,4.45,4.76,5.33
2024-07-02,5.07,4.54,4.4,4.71,5.33
2024-07-03,5.04,4.48,4.33,4.64,5.33
2024-07-04,5.04,4.48,4.33,4.64,5.33
2024-07-05,4.98,4.39,4.23,4.57,5.33
2024-07-06,4.98,4.39,4.23,4.57,5.33
2024-07-07,4.98,4.39,4.23,4.57,5.33
2024-07-08,4.99,4.4,4.23,4.57,5.33
2024-07-09,5.02,4.37,4.25,4.59,5.33
2024-07-10,5.01,4.38,4.24,4.58,5.33
2024-07-11,4.91,4.26,4.15,4.51,5.33
2024-07-12,4.87,4.22,4.13,4.5,5.33
2024-07-13,4.87,4.22,4.13,4.5,5.33
2024-07-14,4.87,4.22,4.13,4.5,5.33
2024-07-15,4.85,4.23,4.16,4.56,5.33
2024-07-16,4.85,4.21,4.11,4.48,5.33
2024-07-17,4.85,4.19,4.09,4.46,5.33
2024-07-18,4.86,4.24,4.14,4.51,5.33
2024-07-19,4.87,4.28,4.18,4.55,5.33
2024-07-20,4.87,4.28,4.18,4.55,5.33
2024-07-21,4.87,4.28,4.18,4.55,5.33
2024-07-22,4.88,4.29,4.2,4.57,5.33
2024-07-23,4.85,4.26,4.18,4.56,5.33
2024-07-24,4.82,4.24,4.2,4.62,5.33
2024-07-25,4.83,4.26,4.18,4.59,5.33
2024-07-26,4.79,4.2,4.1,4.53,5.33
2024-07-27,4.79,4.2,4.1,4.53,5.33
2024-07-28,4.79,4.2,4.1,4.53,5.33
2024-07-29,4.79,4.19,4.08,4.51,5.33
2024-07-30,4.78,4.16,4.06,4.5,5.33
2024-07-31,4.73,4.1,4.0,4.44,5.33
2024-08-01,4.62,3.96,3.89,4.35,5.33
2024-08-02,4.33,3.7,3.68,4.19,5.33
2024-08-03,4.33,3.7,3.68,4.19,5.33
2024-08-04,4.33,3.7,3.68,4.19,5.33
2024-08-05,4.34,3.71,3.66,4.16,5.33
2024-08-06,4.46,3.76,3.79,4.28,5.33
2024-08-07,4.45,3.81,3.85,4.35,5.33
2024-08-08,4.48,3.86,3.89,4.38,5.33
2024-08-09,4.5,3.86,3.85,4.33,5.33
2024-08-10,4.5,3.86,3.85,4.33,5.33
2024-08-11,4.5,3.86,3.85,4.33,5.33
2024-08-12,4.47,3.82,3.8,4.3,5.33
2024-08-13,4.4,3.75,3.74,4.25,5.33
2024-08-14,4.42,3.76,3.72,4.22,5.33
2024-08-15,4.52,3.9,3.83,4.28,5.33
2024-08-16,4.49,3.87,3.81,4.26,5.33
2024-08-17,4.49,3.87,3.81,4.26,5.33
2024-08-18,4.49,3.87,3.81,4.26,5.33
2024-08-19,4.48,3.86,3.78,4.23,5.33
2024-08-20,4.43,3.8,3.73,4.19,5.33
2024-08-21,4.36,3.74,3.69,4.15,5.33
2024-08-22,4.43,3.82,3.77,4.21,5.33
2024-08-23,4.36,3.73,3.71,4.18,5.33
2024-08-24,4.36,3.73,3.71,4.18,5.33
2024-08-25,4.36,3.73,3.71,4.18,5.33
2024-08-26,4.38,3.74,3.72,4.19,5.33
2024-08-27,4.34,3.72,3.73,4.21,5.33
2024-08-28,4.36,3.72,3.74,4.22,5.33
2024-08-29,4.38,3.76,3.76,4.24,5.33
2024-08-30,4.38,3.79,3.8,4.28,5.33
2024-08-31,4.38,3.79,3.8,4.28,5.33
2024-09-01,4.38,3.79,3.8,4.28,5.33
2024-09-02,4.38,3.79,3.8,4.28,5.33
2024-09-03,4.35,3.73,3.73,4.21,5.33
2024-09-04,4.23,3.63,3.65,4.14,5.33
2024-09-05,4.21,3.61,3.63,4.11,5.33
2024-09-06,4.1,3.54,3.6,4.1,5.33
2024-09-07,4.1,3.54,3.6,4.1,5.33
2024-09-08,4.1,3.54,3.6,4.1,5.33
2024-09-09,4.12,3.54,3.58,4.08,5.33
2024-09-10,4.07,3.42,3.53,4.04,5.33
2024-09-11,4.12,3.45,3.54,4.03,5.33
2024-09-12,4.09,3.47,3.57,4.07,5.33
2024-09-13,4.0,3.42,3.53,4.05,5.33
2024-09-14,4.0,3.42,3.53,4.05,5.33
2024-09-15,4.0,3.42,3.53,4.05,5.33
2024-09-16,3.96,3.42,3.51,4.01,5.33
2024-09-17,3.99,3.45,3.53,4.02,5.33
2024-09-18,3.95,3.49,3.58,4.08,5.33
2024-09-19,3.93,3.47,3.6,4.11,4.83
2024-09-20,3.92,3.46,3.59,4.1,4.83
2024-09-21,3.92,3.46,3.59,4.1,4.83
2024-09-22,3.92,3.46,3.59,4.1,4.83
2024-09-23,3.91,3.47,3.62,4.12,4.83
2024-09-24,3.88,3.44,3.6,4.13,4.83
2024-09-25,3.89,3.49,3.65,4.18,4.83
2024-09-26,3.96,3.54,3.65,4.17,4.83
2024-09-27,3.9,3.49,3.6,4.15,4.83
2024-09-28,3.9,3.49,3.6,4.15,4.83
2024-09-29,3.9,3.49,3.6,4.15,4.83
2024-09-30,3.98,3.58,3.67,4.19,4.83
2024-10-01,3.96,3.52,3.6,4.14,4.83
2024-10-02,3.97,3.54,3.65,4.19,4.83
2024-10-03,4.02,3.62,3.71,4.24,4.83
2024-10-04,4.2,3.84,3.88,4.33,4.83
2024-10-05,4.2,3.84,3.88,4.33,4.83
2024-10-06,4.2,3.84,3.88,4.33,4.83
2024-10-07,4.24,3.89,3.92,4.37,4.83
2024-10-08,4.21,3.86,3.94,4.38,4.83
2024-10-09,4.24,3.89,3.97,4.41,4.83
2024-10-10,4.22,3.88,3.99,4.44,4.83
2024-10-11,4.18,3.85,3.97,4.44,4.83
2024-10-12,4.18,3.85,3.97,4.44,4.83
2024-10-13,4.18,3.85,3.97,4.44,4.83
2024-10-14,4.18,3.85,3.97,4.44,4.83
2024-10-15,4.18,3.86,3.93,4.37,4.83
2024-10-16,4.17,3.84,3.92,4.36,4.83
2024-10-17,4.21,3.89,3.99,4.44,4.83
2024-10-18,4.19,3.86,3.97,4.44,4.83
2024-10-19,4.19,3.86,3.97,4.44,4.83
2024-10-20,4.19,3.86,3.97,4.44,4.83
2024-10-21,4.24,3.95,4.07,4.54,4.83
2024-10-22,4.24,3.98,4.1,4.55,4.83
2024-10-23,4.27,4.03,4.14,4.58,4.83
2024-10-24,4.25,4.02,4.12,4.54,4.83
2024-10-25,4.29,4.05,4.15,4.58,4.83
2024-10-26,4.29,4.05,4.15,4.58,4.83
2024-10-27,4.29,4.05,4.15,4.58,4.83
2024-10-28,4.28,4.09,4.19,4.61,4.83
2024-10-29,4.29,4.08,4.18,4.61,4.83
2024-10-30,4.28,4.14,4.2,4.6,4.83
2024-10-31,4.27,4.12,4.21,4.58,4.83
2024-11-01,4.28,4.18,4.3,4.68,4.83
2024-11-02,4.28,4.18,4.3,4.68,4.83
2024-11-03,4.28,4.18,4.3,4.68,4.83
2024-11-04,4.25,4.1,4.24,4.6,4.83
2024-11-05,4.27,4.11,4.22,4.55,4.83
2024-11-06,4.31,4.2,4.37,4.71,4.83
2024-11-07,4.28,4.13,4.25,4.62,4.83
2024-11-08,4.32,4.18,4.25,4.58,4.58
2024-11-09,4.32,4.18,4.25,4.58,4.58
2024-11-10,4.32,4.18,4.25,4.58,4.58
2024-11-11,4.32,4.18,4.25,4.58,4.58
2024-11-12,4.38,4.29,4.38,4.7,4.58
2024-11-13,4.31,4.25,4.38,4.73,4.58
2024-11-14,4.36,4.3,4.38,4.69,4.58
2024-11-15,4.34,4.27,4.36,4.7,4.58
2024-11-16,4.34,4.27,4.36,4.7,4.58
2024-11-17,4.34,4.27,4.36,4.7,4.58
2024-11-18,4.33,4.25,4.35,4.7,4.58
2024-11-19,4.34,4.24,4.32,4.66,4.58
2024-11-20,4.37,4.26,4.34,4.66,4.58
2024-11-21,4.39,4.3,4.36,4.68,4.58
2024-11-22,4.42,4.32,4.35,4.67,4.58
2024-11-23,4.42,4.32,4.35,4.67,4.58
2024-11-24,4.42,4.32,4.35,4.67,4.58
2024-11-25,4.37,4.21,4.21,4.53,4.58
2024-11-26,4.37,4.21,4.24,4.56,4.58
2024-11-27,4.34,4.17,4.17,4.52,4.58
2024-11-28,4.34,4.17,4.17,4.52,4.58
2024-11-29,4.3,4.1,4.1,4.45,4.58
2024-11-30,4.3,4.1,4.1,4.45,4.58
2024-12-01,4.3,4.1,4.1,4.45,4.58
2024-12-02,4.3,4.11,4.13,4.46,4.58
2024-12-03,4.27,4.13,4.17,4.5,4.58
2024-12-04,4.23,4.09,4.13,4.45,4.58
2024-12-05,4.23,4.1,4.12,4.43,4.58
2024-12-06,4.19,4.05,4.09,4.42,4.58
2024-12-07,4.19,4.05,4.09,4.42,4.58
2024-12-08,4.19,4.05,4.09,4.42,4.58
2024-12-09,4.2,4.09,4.13,4.47,4.58
2024-12-10,4.22,4.08,4.15,4.49,4.58
2024-12-11,4.21,4.09,4.2,4.55,4.58
2024-12-12,4.22,4.14,4.25,4.62,4.58
2024-12-13,4.24,4.21,4.33,4.69,4.58
2024-12-14,4.24,4.21,4.33,4.69,4.58
2024-12-15,4.24,4.21,4.33,4.69,4.58
2024-12-16,4.24,4.22,4.32,4.68,4.58
2024-12-17,4.25,4.22,4.33,4.68,4.58
2024-12-18,4.3,4.35,4.45,4.74,4.58
2024-12-19,4.28,4.35,4.51,4.82,4.33
2024-12-20,4.27,4.32,4.45,4.79,4.33
2024-12-21,4.27,4.32,4.45,4.79,4.33
2024-12-22,4.27,4.32,4.45,4.79,4.33
2024-12-23,4.26,4.36,4.52,4.85,4.33
2024-12-24,4.24,4.36,4.52,4.84,4.33
2024-12-25,4.24,4.36,4.52,4.84,4.33
2024-12-26,4.23,4.35,4.49,4.83,4.33
2024-12-27,4.2,4.36,4.53,4.89,4.33
2024-12-28,4.2,4.36,4.53,4.89,4.33
2024-12-29,4.2,4.36,4.53,4.89,4.33
2024-12-30,4.17,4.29,4.46,4.84,4.33
2024-12-31,4.16,4.27,4.48,4.86,4.33
2025-01-01,4.16,4.27,4.48,4.86,4.33
2025-01-02,4.17,4.29,4.47,4.86,4.33
2025-01-03,4.18,4.32,4.51,4.88,4.33
2025-01-04,4.18,4.32,4.51,4.88,4.33
2025-01-05,4.18,4.32,4.51,4.88,4.33
2025-01-06,4.17,4.3,4.52,4.91,4.33
2025-01-07,4.19,4.33,4.57,4.97,4.33
2025-01-08,4.19,4.31,4.56,4.97,4.33
2025-01-09,4.16,4.31,4.57,4.98,4.33
2025-01-10,4.25,4.46,4.7,5.04,4.33
2025-01-11,4.25,4.46,4.7,5.04,4.33
2025-01-12,4.25,4.46,4.7,5.04,4.33
2025-01-13,4.24,4.49,4.71,5.05,4.33
2025-01-14,4.22,4.46,4.7,5.06,4.33
2025-01-15,4.19,4.34,4.55,4.95,4.33
2025-01-16,4.18,4.29,4.5,4.91,4.33
2025-01-17,4.21,4.33,4.52,4.91,4.33
2025-01-18,4.21,4.33,4.52,4.91,4.33
2025-01-19,4.21,4.33,4.52,4.91,4.33
2025-01-20,4.21,4.33,4.52,4.91,4.33
2025-01-21,4.21,4.33,4.49,4.87,4.33
2025-01-22,4.2,4.34,4.51,4.89,4.33
2025-01-23,4.18,4.35,4.55,4.92,4.33
2025-01-24,4.17,4.33,4.53,4.91,4.33
2025-01-25,4.17,4.33,4.53,4.91,4.33
2025-01-26,4.17,4.33,4.53,4.91,4.33
2025-01-27,4.13,4.24,4.43,4.82,4.33
2025-01-28,4.14,4.25,4.43,4.84,4.33
2025-01-29,4.17,4.27,4.44,4.85,4.33
2025-01-30,4.16,4.24,4.41,4.81,4.33
2025-01-31,4.17,4.27,4.47,4.88,4.33
2025-02-01,4.17,4.27,4.47,4.88,4.33
2025-02-02,4.17,4.27,4.47,4.88,4.33
2025-02-03,4.2,4.28,4.45,4.82,4.33
2025-02-04,4.18,4.25,4.42,4.81,4.33
2025-02-05,4.17,4.19,4.33,4.69,4.33
2025-02-06,4.19,4.23,4.36,4.7,4.33
2025-02-07,4.25,4.31,4.42,4.75,4.33
2025-02-08,4.25,4.31,4.42,4.75,4.33
2025-02-09,4.25,4.31,4.42,4.75,4.33
2025-02-10,4.24,4.3,4.42,4.76,4.33
2025-02-11,4.25,4.28,4.45,4.8,4.33
2025-02-12,4.3,4.37,4.56,4.9,4.33
2025-02-13,4.27,4.31,4.46,4.79,4.33
2025-02-14,4.23,4.26,4.41,4.75,4.33
2025-02-15,4.23,4.26,4.41,4.75,4.33
2025-02-16,4.23,4.26,4.41,4.75,4.33
2025-02-17,4.23,4.26,4.41,4.75,4.33
2025-02-18,4.24,4.33,4.48,4.83,4.33
2025-02-19,4.22,4.3,4.46,4.79,4.33
2025-02-20,4.2,4.27,4.43,4.77,4.33
2025-02-21,4.15,4.19,4.35,4.69,4.33
2025-02-22,4.15,4.19,4.35,4.69,4.33
2025-02-23,4.15,4.19,4.35,4.69,4.33
2025-02-24,4.15,4.17,4.32,4.69,4.33
2025-02-25,4.12,4.08,4.21,4.59,4.33
2025-02-26,4.12,4.04,4.16,4.55,4.33
2025-02-27,4.13,4.05,4.19,4.59,4.33
2025-02-28,4.08,3.99,4.14,4.55,4.33
2025-03-01,4.08,3.99,4.14,4.55,4.33
2025-03-02,4.08,3.99,4.14,4.55,4.33
2025-03-03,4.06,3.93,4.06,4.49,4.33
2025-03-04,4.04,3.94,4.11,4.56,4.33
2025-03-05,4.06,4.01,4.18,4.61,4.33
2025-03-06,4.02,3.98,4.18,4.63,4.33
2025-03-07,4.05,4.01,4.21,4.66,4.33
2025-03-08,4.05,4.01,4.21,4.66,4.33
2025-03-09,4.05,4.01,4.21,4.66,4.33
2025-03-10,3.98,3.91,4.1,4.58,4.33
2025-03-11,4.03,3.92,4.16,4.63,4.33
2025-03-12,4.07,3.98,4.2,4.67,4.33
2025-03-13,4.03,3.93,4.15,4.63,4.33
2025-03-14,4.09,4.0,4.2,4.65,4.33
2025-03-15,4.09,4.0,4.2,4.65,4.33
2025-03-16,4.09,4.0,4.2,4.65,4.33
2025-03-17,4.11,4.03,4.21,4.64,4.33
2025-03-18,4.13,4.01,4.18,4.61,4.33
2025-03-19,4.1,3.95,4.14,4.58,4.33
2025-03-20,4.06,3.93,4.12,4.57,4.33
2025-03-21,4.04,3.92,4.12,4.6,4.33
2025-03-22,4.04,3.92,4.12,4.6,4.33
2025-03-23,4.04,3.92,4.12,4.6,4.33
2025-03-24,4.11,4.01,4.22,4.68,4.33
2025-03-25,4.09,3.98,4.19,4.67,4.33
2025-03-26,4.1,4.01,4.22,4.71,4.33
2025-03-27,4.1,4.0,4.23,4.75,4.33
2025-03-28,4.04,3.91,4.11,4.65,4.33
2025-03-29,4.04,3.91,4.11,4.65,4.33
2025-03-30,4.04,3.91,4.11,4.65,4.33
2025-03-31,4.03,3.89,4.09,4.62,4.33
2025-04-01,4.01,3.85,4.03,4.56,4.33
2025-04-02,4.04,3.89,4.07,4.58,4.33
2025-04-03,3.92,3.68,3.88,4.51,4.33
2025-04-04,3.86,3.66,3.84,4.44,4.33
2025-04-05,3.86,3.66,3.84,4.44,4.33
2025-04-06,3.86,3.66,3.84,4.44,4.33
2025-04-07,3.86,3.72,3.97,4.61,4.33
2025-04-08,3.83,3.71,4.05,4.76,4.33
2025-04-09,4.03,3.91,4.2,4.78,4.33
2025-04-10,3.97,3.85,4.21,4.9,4.33
2025-04-11,4.04,3.98,4.32,4.91,4.33
2025-04-12,4.04,3.98,4.32,4.91,4.33
2025-04-13,4.04,3.98,4.32,4.91,4.33
2025-04-14,3.99,3.87,4.2,4.84,4.33
2025-04-15,3.99,3.85,4.15,4.82,4.33
2025-04-16,3.96,3.77,4.08,4.77,4.33
2025-04-17,3.99,3.82,4.13,4.82,4.33
2025-04-18,3.99,3.82,4.13,4.82,4.33
2025-04-19,3.99,3.82,4.13,4.82,4.33
2025-04-20,3.99,3.82,4.13,4.82,4.33
2025-04-21,3.95,3.77,4.19,4.94,4.33
2025-04-22,3.98,3.82,4.19,4.9,4.33
2025-04-23,4.01,3.87,4.2,4.86,4.33
2025-04-24,3.97,3.8,4.11,4.79,4.33
2025-04-25,3.95,3.76,4.06,4.75,4.33
2025-04-26,3.95,3.76,4.06,4.75,4.33
2025-04-27,3.95,3.76,4.06,4.75,4.33
2025-04-28,3.92,3.67,4.01,4.71,4.33
2025-04-29,3.89,3.65,3.96,4.66,4.33
2025-04-30,3.85,3.58,3.93,4.68,4.33
2025-05-01,3.92,3.69,4.02,4.75,4.33
2025-05-02,4.0,3.82,4.11,4.81,4.33
2025-05-03,4.0,3.82,4.11,4.81,4.33
2025-05-04,4.0,3.82,4.11,4.81,4.33
2025-05-05,4.02,3.78,4.14,4.84,4.33
2025-05-06,3.98,3.73,4.1,4.82,4.33
2025-05-07,4.0,3.72,4.06,4.78,4.33
2025-05-08,4.05,3.85,4.18,4.86,4.33
2025-05-09,4.05,3.85,4.18,4.86,4.33
2025-05-10,4.05,3.85,4.18,4.86,4.33
2025-05-11,4.05,3.85,4.18,4.86,4.33
2025-05-12,4.11,3.97,4.27,4.92,4.33
2025-05-13,4.11,4.0,4.3,4.97,4.33
2025-05-14,4.14,4.05,4.35,5.0,4.33
2025-05-15,4.1,3.95,4.25,4.93,4.33
2025-05-16,4.13,3.95,4.24,4.92,4.33
2025-05-17,4.13,3.95,4.24,4.92,4.33
2025-05-18,4.13,3.95,4.24,4.92,4.33
2025-05-19,4.12,3.95,4.26,4.95,4.33
2025-05-20,4.12,3.95,4.27,4.99,4.33
2025-05-21,4.13,4.0,4.37,5.08,4.33
2025-05-22,4.13,3.99,4.32,5.05,4.33
2025-05-23,4.15,3.96,4.29,5.03,4.33
2025-05-24,4.15,3.96,4.29,5.03,4.33
2025-05-25,4.15,3.96,4.29,5.03,4.33
2025-05-26,4.15,3.96,4.29,5.03,4.33
2025-05-27,4.14,3.93,4.22,4.95,4.33
2025-05-28,4.16,3.95,4.27,4.99,4.33
2025-05-29,4.13,3.91,4.2,4.94,4.33
2025-05-30,4.11,3.87,4.18,4.93,4.33
2025-05-31,4.11,3.87,4.18,4.93,4.33
2025-06-01,4.11,3.87,4.18,4.93,4.33
2025-06-02,4.12,3.91,4.22,5.0,4.33
2025-06-03,4.12,3.93,4.23,5.0,4.33
2025-06-04,4.06,3.84,4.14,4.9,4.33
2025-06-05,4.08,3.9,4.18,4.9,4.33
2025-06-06,4.14,4.02,4.31,4.99,4.33
2025-06-07,4.14,4.02,4.31,4.99,4.33
2025-06-08,4.14,4.02,4.31,4.99,4.33
2025-06-09,4.13,3.99,4.28,4.98,4.33
2025-06-10,4.12,3.95,4.27,4.96,4.33
2025-06-11,4.08,3.89,4.21,4.93,4.33
2025-06-12,4.06,3.85,4.15,4.86,4.33
2025-06-13,4.09,3.9,4.2,4.93,4.33
2025-06-14,4.09,3.9,4.2,4.93,4.33
2025-06-15,4.09,3.9,4.2,4.93,4.33
2025-06-16,4.1,3.93,4.23,4.97,4.33
2025-06-17,4.1,3.9,4.17,4.89,4.33
2025-06-18,4.1,3.89,4.17,4.89,4.33
2025-06-19,4.1,3.89,4.17,4.89,4.33
2025-06-20,4.07,3.86,4.16,4.9,4.33
2025-06-21,4.07,3.86,4.16,4.9,4.33
2025-06-22,4.07,3.86,4.16,4.9,4.33
2025-06-23,4.0,3.8,4.1,4.87,4.33
2025-06-24,3.99,3.75,4.06,4.83,4.33
2025-06-25,3.99,3.74,4.05,4.83,4.33
2025-06-26,3.96,3.68,4.0,4.81,4.33
2025-06-27,3.97,3.72,4.03,4.85,4.33
2025-06-28,3.97,3.72,4.03,4.85,4.33
2025-06-29,3.97,3.72,4.03,4.85,4.33
2025-06-30,3.96,3.68,3.98,4.79,4.33
2025-07-01,3.98,3.75,4.03,4.79,4.33
2025-07-02,3.99,3.77,4.06,4.84,4.33
2025-07-03,4.07,3.84,4.12,4.87,4.33
2025-07-04,4.07,3.84,4.12,4.87,4.33
2025-07-05,4.07,3.84,4.12,4.87,4.33
2025-07-06,4.07,3.84,4.12,4.87,4.33
2025-07-07,4.08,3.85,4.16,4.93,4.33
2025-07-08,4.11,3.86,4.18,4.95,4.33
2025-07-09,4.07,3.8,4.11,4.87,4.33
2025-07-10,4.07,3.82,4.12,4.87,4.33
2025-07-11,4.09,3.86,4.19,4.96,4.33
2025-07-12,4.09,3.86,4.19,4.96,4.33
2025-07-13,4.09,3.86,4.19,4.96,4.33
2025-07-14,4.08,3.86,4.19,4.97,4.33
2025-07-15,4.12,3.93,4.26,5.02,4.33
2025-07-16,4.08,3.86,4.21,5.01,4.33
2025-07-17,4.1,3.89,4.22,5.01,4.33
2025-07-18,4.08,3.84,4.18,4.99,4.33
2025-07-19,4.08,3.84,4.18,4.99,4.33
2025-07-20,4.08,3.84,4.18,4.99,4.33
2025-07-21,4.06,3.81,4.13,4.93,4.33
2025-07-22,4.05,3.77,4.09,4.9,4.33
2025-07-23,4.08,3.84,4.15,4.93,4.33
2025-07-24,4.1,3.87,4.18,4.95,4.33
2025-07-25,4.09,3.86,4.15,4.92,4.33
2025-07-26,4.09,3.86,4.15,4.92,4.33
2025-07-27,4.09,3.86,4.15,4.92,4.33
2025-07-28,4.09,3.87,4.18,4.95,4.33
2025-07-29,4.07,3.82,4.1,4.86,4.33
2025-07-30,4.12,3.89,4.15,4.9,4.33
2025-07-31,4.1,3.89,4.14,4.89,4.33
2025-08-01,3.87,3.67,3.97,4.79,4.33
2025-08-02,3.87,3.67,3.97,4.79,4.33
2025-08-03,3.87,3.67,3.97,4.79,4.33
2025-08-04,3.82,3.66,3.95,4.78,4.33
2025-08-05,3.92,3.63,3.97,4.77,4.33
2025-08-06,3.9,3.63,3.97,4.8,4.33
2025-08-07,3.92,3.66,3.99,4.81,4.33
2025-08-08,3.93,3.7,4.03,4.84,4.33
2025-08-09,3.93,3.7,4.03,4.84,4.33
2025-08-10,3.93,3.7,4.03,4.84,4.33
2025-08-11,3.93,3.71,4.03,4.83,4.33
2025-08-12,3.9,3.69,4.03,4.87,4.33
2025-08-13,3.86,3.64,3.98,4.81,4.33
2025-08-14,3.91,3.7,4.03,4.86,4.33
2025-08-15,3.93,3.73,4.07,4.91,4.33
2025-08-16,3.93,3.73,4.07,4.91,4.33
2025-08-17,3.93,3.73,4.07,4.91,4.33
2025-08-18,3.93,3.73,4.07,4.92,4.33
2025-08-19,3.91,3.7,4.04,4.89,4.33
2025-08-20,3.9,3.69,4.02,4.86,4.33
2025-08-21,3.95,3.75,4.07,4.89,4.33
2025-08-22,3.87,3.64,3.98,4.84,4.33
2025-08-23,3.87,3.64,3.98,4.84,4.33
2025-08-24,3.87,3.64,3.98,4.84,4.33
2025-08-25,3.88,3.68,4.01,4.86,4.33
2025-08-26,3.85,3.63,3.98,4.86,4.33
2025-08-27,3.83,3.59,3.95,4.87,4.33
2025-08-28,3.85,3.6,3.92,4.83,4.33
2025-08-29,3.83,3.58,3.92,4.86,4.33
2025-08-30,3.83,3.58,3.92,4.86,4.33
2025-08-31,3.83,3.58,3.92,4.86,4.33
2025-09-01,3.83,3.58,3.92,4.86,4.33
2025-09-02,3.82,3.63,3.98,4.92,4.33
2025-09-03,3.77,3.58,3.92,4.85,4.33
2025-09-04,3.76,3.55,3.87,4.81,4.33
2025-09-05,3.65,3.48,3.8,4.72,4.33
2025-09-06,3.65,3.48,3.8,4.72,4.33
2025-09-07,3.65,3.48,3.8,4.72,4.33
2025-09-08,3.64,3.47,3.77,4.65,4.33
2025-09-09,3.68,3.48,3.81,4.68,4.33
2025-09-10,3.66,3.47,3.78,4.65,4.33
2025-09-11,3.63,3.47,3.76,4.61,4.33
2025-09-12,3.66,3.52,3.81,4.65,4.33
2025-09-13,3.66,3.52,3.81,4.65,4.33
2025-09-14,3.66,3.52,3.81,4.65,4.33
2025-09-15,3.64,3.5,3.79,4.63,4.33
2025-09-16,3.62,3.47,3.78,4.61,4.33
2025-09-17,3.6,3.51,3.81,4.62,4.33
2025-09-18,3.61,3.55,3.86,4.68,4.08
2025-09-19,3.6,3.56,3.88,4.71,4.08
2025-09-20,3.6,3.56,3.88,4.71,4.08
2025-09-21,3.6,3.56,3.88,4.71,4.08
2025-09-22,3.61,3.59,3.9,4.73,4.09
2025-09-23,3.61,3.57,3.87,4.7,4.09
2025-09-24,3.63,3.6,3.91,4.73,4.09
2025-09-25,3.68,3.66,3.94,4.73,4.09
2025-09-26,3.67,3.66,3.96,4.74,4.09
2025-09-27,3.67,3.66,3.96,4.74,4.09
2025-09-28,3.67,3.66,3.96,4.74,4.09
2025-09-29,3.65,3.63,3.92,4.69,4.09
2025-09-30,3.68,3.61,3.93,4.71,4.09
2025-10-01,3.62,3.56,3.88,4.69,4.09
2025-10-02,3.62,3.56,3.86,4.66,4.09
2025-10-03,3.64,3.59,3.9,4.69,4.09
2025-10-04,3.64,3.59,3.9,4.69,4.09
2025-10-05,3.64,3.59,3.9,4.69,4.09
2025-10-06,3.66,3.63,3.95,4.73,4.09
2025-10-07,3.65,3.56,3.9,4.7,4.09
2025-10-08,3.66,3.58,3.91,4.69,4.1
2025-10-09,3.66,3.59,3.92,4.7,4.1
2025-10-10,3.6,3.52,3.83,4.6,4.1
2025-10-11,3.6,3.52,3.83,4.6,4.1
2025-10-12,3.6,3.52,3.83,4.6,4.1
2025-10-13,3.6,3.52,3.83,4.6,4.1
2025-10-14,3.58,3.47,3.79,4.59,4.1
2025-10-15,3.61,3.51,3.82,4.61,4.1
2025-10-16,3.54,3.42,3.74,4.56,4.11
2025-10-17,3.56,3.47,3.78,4.58,4.11
2025-10-18,3.56,3.47,3.78,4.58,4.11
2025-10-19,3.56,3.47,3.78,4.58,4.11
2025-10-20,3.55,3.47,3.77,4.56,4.11
2025-10-21,3.56,3.46,3.74,4.53,4.11
2025-10-22,3.55,3.44,3.74,4.52,4.11
2025-10-23,3.59,3.49,3.79,4.55,4.11
2025-10-24,3.58,3.49,3.79,4.56,4.11
2025-10-25,3.58,3.49,3.79,4.56,4.11
2025-10-26,3.58,3.49,3.79,4.56,4.11
2025-10-27,3.59,3.5,3.79,4.55,4.12
2025-10-28,3.59,3.5,3.77,4.53,4.12
2025-10-29,3.7,3.6,3.87,4.59,4.12
2025-10-30,3.7,3.61,3.9,4.64,3.87
2025-10-31,3.7,3.6,3.89,4.65,3.86
2025-11-01,3.7,3.6,3.89,4.65,3.86
2025-11-02,3.7,3.6,3.89,4.65,3.86
2025-11-03,3.7,3.61,3.9,4.67,3.87
2025-11-04,3.67,3.59,3.88,4.65,3.87
2025-11-05,3.71,3.65,3.95,4.72,3.87
2025-11-06,3.65,3.58,3.87,4.67,3.87
2025-11-07,3.63,3.57,3.87,4.68,3.87
2025-11-08,3.63,3.57,3.87,4.68,3.87
2025-11-09,3.63,3.57,3.87,4.68,3.87
2025-11-10,3.66,3.56,3.9,4.69,3.87
2025-11-11,3.66,3.56,3.9,4.69,3.87
2025-11-12,3.65,3.55,3.86,4.65,3.87
2025-11-13,3.68,3.57,3.89,4.69,3.88
2025-11-14,3.7,3.61,3.92,4.73,3.88
2025-11-15,3.7,3.61,3.92,4.73,3.88
2025-11-16,3.7,3.61,3.92,4.73,3.88
2025-11-17,3.69,3.6,3.9,4.71,3.88
2025-11-18,3.67,3.58,3.89,4.72,3.88
2025-11-19,3.68,3.59,3.9,4.71,3.88
2025-11-20,3.65,3.56,3.87,4.68,3.88
2025-11-21,3.62,3.5,3.82,4.67,3.88
2025-11-22,3.62,3.5,3.82,4.67,3.88
2025-11-23,3.62,3.5,3.82,4.67,3.88
2025-11-24,3.61,3.49,3.8,4.64,3.88
2025-11-25,3.6,3.46,3.77,4.62,3.88
2025-11-26,3.61,3.47,3.75,4.6,3.88
2025-11-27,3.61,3.47,3.75,4.6,3.88
2025-11-28,3.61,3.49,3.78,4.62,3.89
2025-11-29,3.61,3.49,3.78,4.62,3.89
2025-11-30,3.61,3.49,3.78,4.62,3.89
2025-12-01,3.62,3.55,3.86,4.71,3.89
2025-12-02,3.59,3.54,3.85,4.7,3.89
2025-12-03,3.57,3.5,3.82,4.68,3.89
2025-12-04,3.6,3.55,3.87,4.72,3.89
2025-12-05,3.61,3.59,3.9,4.75,3.89
2025-12-06,3.61,3.59,3.9,4.75,3.89
2025-12-07,3.61,3.59,3.9,4.75,3.89
2025-12-08,3.61,3.59,3.94,4.78,3.89
2025-12-09,3.63,3.62,3.96,4.77,3.89
2025-12-10,3.58,3.56,3.92,4.74,3.89
2025-12-11,3.56,3.55,3.91,4.75,3.64
2025-12-12,3.54,3.58,3.95,4.82,3.64
2025-12-13,3.54,3.58,3.95,4.82,3.64
2025-12-14,3.54,3.58,3.95,4.82,3.64
2025-12-15,3.52,3.56,3.94,4.8,3.64
2025-12-16,3.51,3.52,3.9,4.77,3.64
2025-12-17,3.51,3.53,3.91,4.78,3.64
2025-12-18,3.49,3.5,3.87,4.74,3.64
2025-12-19,3.51,3.53,3.91,4.77,3.64
2025-12-20,3.51,3.53,3.91,4.77,3.64
2025-12-21,3.51,3.53,3.91,4.77,3.64
2025-12-22,3.53,3.56,3.93,4.78,3.64
2025-12-23,3.52,3.58,3.94,4.78,3.64
2025-12-24,3.5,3.56,3.91,4.75,3.64
2025-12-25,3.5,3.56,3.91,4.75,3.64
2025-12-26,3.49,3.54,3.89,4.76,3.64
2025-12-27,3.49,3.54,3.89,4.76,3.64
2025-12-28,3.49,3.54,3.89,4.76,3.64
2025-12-29,3.48,3.51,3.88,4.75,3.64
2025-12-30,3.47,3.5,3.89,4.76,3.64
2025-12-31,3.48,3.55,3.94,4.79,3.64
2026-01-01,3.48,3.55,3.94,4.79,3.64
2026-01-02,3.47,3.55,3.95,4.81,3.64
2026-01-03,3.47,3.55,3.95,4.81,3.64
2026-01-04,3.47,3.55,3.95,4.81,3.64
2026-01-05,3.47,3.53,3.92,4.79,3.64
2026-01-06,3.48,3.54,3.93,4.8,3.64
2026-01-07,3.48,3.53,3.91,4.76,3.64
2026-01-08,3.48,3.56,3.95,4.79,3.64
2026-01-09,3.52,3.59,3.95,4.76,3.64
2026-01-10,3.52,3.59,3.95,4.76,3.64
2026-01-11,3.52,3.59,3.95,4.76,3.64
2026-01-12,3.53,3.59,3.97,4.78,3.64
2026-01-13,3.51,3.57,3.95,4.77,3.64
2026-01-14,3.5,3.56,3.92,4.73,3.64
2026-01-15,3.54,3.62,3.96,4.74,3.64
2026-01-16,3.55,3.67,4.02,4.79,3.64
2026-01-17,3.55,3.67,4.02,4.79,3.64
2026-01-18,3.55,3.67,4.02,4.79,3.64
2026-01-19,3.55,3.67,4.02,4.79,3.64
2026-01-20,3.53,3.68,4.08,4.87,3.64
2026-01-21,3.53,3.66,4.04,4.82,3.64
2026-01-22,3.53,3.68,4.05,4.79,3.64
2026-01-23,3.53,3.67,4.03,4.78,3.64
2026-01-24,3.53,3.67,4.03,4.78,3.64
2026-01-25,3.53,3.67,4.03,4.78,3.64
2026-01-26,3.52,3.66,4.02,4.75,3.64
2026-01-27,3.5,3.65,4.03,4.79,3.64
2026-01-28,3.52,3.66,4.05,4.81,3.64
2026-01-29,3.5,3.63,4.01,4.8,3.64
2026-01-30,3.48,3.6,4.01,4.82,3.64
2026-01-31,3.48,3.6,4.01,4.82,3.64
2026-02-01,3.48,3.6,4.01,4.82,3.64
2026-02-02,3.49,3.64,4.05,4.85,3.64
2026-02-03,3.49,3.64,4.04,4.85,3.64
2026-02-04,3.49,3.64,4.05,4.86,3.64
2026-02-05,3.44,3.55,3.97,4.79,3.64
2026-02-06,3.45,3.57,3.98,4.8,3.64
2026-02-07,3.45,3.57,3.98,4.8,3.64
2026-02-08,3.45,3.57,3.98,4.8,3.64
2026-02-09,3.43,3.56,3.97,4.79,3.64
2026-02-10,3.4,3.5,3.92,4.73,3.64
2026-02-11,3.47,3.55,3.96,4.76,3.64
2026-02-12,3.45,3.49,3.87,4.68,3.64
2026-02-13,3.42,3.43,3.81,4.64,3.64
2026-02-14,3.42,3.43,3.81,4.64,3.64
2026-02-15,3.42,3.43,3.81,4.64,3.64
2026-02-16,3.42,3.43,3.81,4.64,3.64
2026-02-17,3.48,3.47,3.82,4.63,3.64
2026-02-18,3.49,3.5,3.86,4.65,3.64
2026-02-19,3.5,3.5,3.85,4.64,3.64
2026-02-20,3.51,3.5,3.85,4.66,3.64
2026-02-21,3.51,3.5,3.85,4.66,3.64
2026-02-22,3.51,3.5,3.85,4.66,3.64
2026-02-23,3.5,3.45,3.79,4.63,3.64
2026-02-24,3.52,3.47,3.81,4.63,3.64
2026-02-25,3.53,3.49,3.82,4.63,3.64
2026-02-26,3.52,3.46,3.78,4.6,3.64
2026-02-27,3.48,3.39,3.72,4.57,3.64
2026-02-28,3.48,3.39,3.72,4.57,3.64
2026-03-01,3.48,3.39,3.72,4.57,3.64
2026-03-02,3.54,3.49,3.82,4.64,3.64
2026-03-03,3.55,3.5,3.83,4.65,3.64
2026-03-04,3.58,3.55,3.87,4.67,3.64
2026-03-05,3.59,3.59,3.92,4.71,3.64
2026-03-06,3.55,3.59,3.93,4.74,3.64
2026-03-07,3.55,3.59,3.93,4.74,3.64
2026-03-08,3.55,3.59,3.93,4.74,3.64
2026-03-09,3.56,3.58,3.9,4.7,3.64
2026-03-10,3.56,3.58,3.93,4.74,3.64
2026-03-11,3.6,3.64,3.98,4.82,3.64
2026-03-12,3.66,3.75,4.06,4.86,3.64
2026-03-13,3.66,3.74,4.07,4.89,3.64
2026-03-14,3.66,3.74,4.07,4.89,3.64
2026-03-15,3.66,3.74,4.07,4.89,3.64
2026-03-16,3.64,3.69,4.0,4.83,3.64
2026-03-17,3.63,3.68,3.98,4.81,3.64
2026-03-18,3.68,3.76,4.05,4.84,3.64
2026-03-19,3.73,3.79,4.06,4.82,3.64
2026-03-20,3.8,3.9,4.2,4.97,3.64
2026-03-21,3.8,3.9,4.2,4.97,3.64
2026-03-22,3.8,3.9,4.2,4.97,3.64
2026-03-23,3.76,3.85,4.15,4.93,3.64
2026-03-24,3.81,3.93,4.21,4.95,3.64
2026-03-25,3.77,3.88,4.15,4.9,3.64
2026-03-26,3.83,4.0,4.25,4.96,3.64
2026-03-27,3.77,3.94,4.25,4.99,3.64
2026-03-28,3.77,3.94,4.25,4.99,3.64
2026-03-29,3.77,3.94,4.25,4.99,3.64
2026-03-30,3.71,3.85,4.16,4.92,3.64
2026-03-31,3.68,3.81,4.11,4.88,3.64
2026-04-01,3.68,3.84,4.15,4.91,3.64
2026-04-02,3.68,3.82,4.12,4.88,3.64
2026-04-03,3.72,3.88,4.17,4.91,3.64
2026-04-04,3.72,3.88,4.17,4.91,3.64
2026-04-05,3.72,3.88,4.17,4.91,3.64
2026-04-06,3.72,3.88,4.16,4.89,3.64
2026-04-07,3.68,3.82,4.13,4.9,3.64
2026-04-08,3.69,3.78,4.1,4.87,3.64
2026-04-09,3.68,3.77,4.1,4.88,3.64
2026-04-10,3.7,3.8,4.12,4.89,3.64
2026-04-11,3.7,3.8,4.12,4.89,3.64
2026-04-12,3.7,3.8,4.12,4.89,3.64
2026-04-13,3.7,3.79,4.1,4.88,3.64
2026-04-14,3.71,3.76,4.06,4.84,3.64
2026-04-15,3.7,3.79,4.08,4.87,3.64
2026-04-16,3.69,3.8,4.1,4.9,3.64
2026-04-17,3.64,3.72,4.04,4.85,3.64
2026-04-18,3.64,3.72,4.04,4.85,3.64
2026-04-19,3.64,3.72,4.04,4.85,3.64
2026-04-20,3.65,3.73,4.04,4.85,3.64
2026-04-21,3.69,3.8,4.09,4.87,3.64
2026-04-22,3.69,3.81,4.1,4.87,3.64
2026-04-23,3.7,3.84,4.13,4.9,3.64
2026-04-24,3.67,3.8,4.1,4.88,3.64
2026-04-25,3.67,3.8,4.1,4.88,3.64
2026-04-26,3.67,3.8,4.1,4.88,3.64
2026-04-27,3.69,3.83,4.14,4.92,3.64
2026-04-28,3.71,3.86,4.16,4.92,3.64
2026-04-29,3.75,3.94,4.23,4.97,3.64
2026-04-30,3.72,3.91,4.2,4.97,3.64
2026-05-01,3.73,3.91,4.2,4.96,3.64
2026-05-02,3.73,3.91,4.2,4.96,3.64
2026-05-03,3.73,3.91,4.2,4.96,3.64
2026-05-04,3.78,3.98,4.26,5.01,3.64
2026-05-05,3.77,3.97,4.25,4.98,3.64
2026-05-06,3.73,3.89,4.17,4.92,3.64
2026-05-07,3.76,3.94,4.22,4.96,3.63
2026-05-08,3.75,3.92,4.19,4.93,3.63
2026-05-09,3.75,3.92,4.19,4.93,3.63
2026-05-10,3.75,3.92,4.19,4.93,3.63
2026-05-11,3.79,3.96,4.24,4.97,3.63
2026-05-12,3.8,4.01,4.29,5.02,3.63
2026-05-13,3.79,4.0,4.28,5.03,3.63
2026-05-14,3.79,4.04,4.29,5.01,3.63
2026-05-15,3.82,4.14,4.43,5.14,3.63
2026-05-16,3.82,4.14,4.43,5.14,3.63
2026-05-17,3.82,4.14,4.43,5.14,3.63
2026-05-18,3.81,4.14,4.43,5.14,3.63
2026-05-19,3.83,4.2,4.5,5.19,3.62
2026-05-20,3.79,4.11,4.39,5.1,3.62
2026-05-21,3.83,4.13,4.41,5.09,3.62
2026-05-22,3.86,4.18,4.41,5.06,3.62
2026-05-23,3.86,4.18,4.41,5.06,3.62
2026-05-24,3.86,4.18,4.41,5.06,3.62
2026-05-25,3.86,4.18,4.41,5.06,3.62
2026-05-26,3.82,4.1,4.33,5.03,3.62
2026-05-27,3.8,4.09,4.32,5.01,3.62
2026-05-28,3.8,4.07,4.29,4.98,3.62
2026-05-29,3.79,4.06,4.27,4.98,3.62
2026-05-30,3.79,4.06,4.27,4.98,3.62
2026-05-31,3.79,4.06,4.27,4.98,3.62
2026-06-01,3.83,4.09,4.32,4.99,3.62
2026-06-02,3.82,4.09,4.31,4.97,3.62
2026-06-03,3.84,4.14,4.34,5.0,3.62
2026-06-04,3.82,4.1,4.32,4.98,3.62
2026-06-05,3.88,4.22,4.41,5.03,3.62
2026-06-06,3.88,4.22,4.41,5.03,3.62
2026-06-07,3.88,4.22,4.41,5.03,3.62
2026-06-08,3.85,4.21,4.42,5.05,3.62
2026-06-09,3.9,4.16,4.39,5.02,3.62
2026-06-10,3.9,4.17,4.4,5.04,3.62
2026-06-11,3.85,4.09,4.31,4.96,3.62
2026-06-12,3.86,4.12,4.34,4.98,3.62
2026-06-13,3.86,4.12,4.34,4.98,3.62
2026-06-14,3.86,4.12,4.34,4.98,3.62
2026-06-15,3.84,4.1,4.32,4.97,3.63
2026-06-16,3.84,4.08,4.28,4.92,3.63
2026-06-17,3.98,4.23,4.37,4.95,3.63
2026-06-18,4.0,4.19,4.34,4.91,3.63
2026-06-19,4.0,4.19,4.34,4.91,3.63
2026-06-20,4.0,4.19,4.34,4.91,3.63
2026-06-21,4.0,4.19,4.34,4.91,3.63
2026-06-22,4.04,4.25,4.39,4.97,3.63
2026-06-23,4.01,4.22,4.38,4.96,3.63
2026-06-24,3.99,4.15,4.28,4.87,3.63
2026-06-25,3.96,4.13,4.26,4.87,3.63
2026-06-26,3.94,4.09,4.23,4.87,3.63
2026-06-27,3.94,4.09,4.23,4.87,3.63
2026-06-28,3.94,4.09,4.23,4.87,3.63
2026-06-29,3.97,4.1,4.24,4.86,3.63
2026-06-30,3.98,4.15,4.3,4.93,3.63
2026-07-01,4.0,4.19,4.35,4.97,3.63
2026-07-02,3.96,4.16,4.35,4.99,3.63
2026-07-03,3.96,4.16,4.35,4.99,3.63
2026-07-04,3.96,4.16,4.35,4.99,3.63
2026-07-05,3.96,4.16,4.35,4.99,3.63
2026-07-06,3.95,4.14,4.33,4.99,3.63
2026-07-07,4.06,4.18,4.4,5.05,3.63
2026-07-08,4.06,4.21,4.43,5.07,3.62
2026-07-09,4.02,4.18,4.4,5.06,3.62
2026-07-10,4.06,4.22,4.42,5.08,3.62
2026-07-11,4.06,4.22,4.42,5.08,3.62
2026-07-12,4.06,4.22,4.42,5.08,3.62
2026-07-13,4.12,4.3,4.48,5.11,3.62
2026-07-14,4.02,4.23,4.44,5.09,3.63
2026-07-15,3.97,4.18,4.39,5.07,3.63
2026-07-16,3.99,4.2,4.41,5.09,3.63
2026-07-17,4.01,4.21,4.4,5.07,3.63
2026-07-18,4.01,4.21,4.4,5.07,3.63
2026-07-19,4.01,4.21,4.4,5.07,3.63
2026-07-20,4.03,4.25,4.45,5.12,3.63
2026-07-21,4.08,4.31,4.5,5.14,3.63
2026-07-22,4.11,4.34,4.53,5.17,3.63
2026-07-23,4.15,4.4,4.58,5.2,3.63
2026-07-24,4.14,4.36,4.55,5.18,3.63
2026-07-25,4.14,4.36,4.55,5.18,3.63
2026-07-26,4.14,4.36,4.55,5.18,3.63
2026-07-27,4.14,4.35,4.52,5.15,3.63
2026-07-28,4.09,4.31,4.47,5.11,3.63
2026-07-29,4.04,4.29,4.51,5.21,3.63
2026-07-30,4.04,4.3,4.52,5.22,3.63
2026-07-31,4.08,4.34,4.59,5.28,3.63
2026-08-01,4.08,4.34,4.59,5.28,3.63
2026-08-02,4.08,4.34,4.59,5.28,3.63
2026-08-03,4.07,4.32,4.54,5.23,3.63
2026-08-04,4.04,4.25,4.47,5.18,3.63
2026-08-05,4.03,4.24,4.47,5.18,3.63
2026-08-06,4.06,4.31,4.53,5.22,3.63
2026-08-07,4.01,4.25,4.49,5.2,3.63
2026-08-08,4.01,4.25,4.49,5.2,3.63
2026-08-09,4.01,4.25,4.49,5.2,3.63
2026-08-10,4.04,4.31,4.56,5.25,3.63
2026-08-11,4.03,4.27,4.54,5.25,3.63
2026-08-12,4.0,4.25,4.52,5.24,3.63
2026-08-13,3.97,4.2,4.47,5.2,3.63
2026-08-14,3.98,4.24,4.51,5.25,3.63
2026-08-15,3.98,4.24,4.51,5.25,3.63
2026-08-16,3.98,4.24,4.51,5.25,3.63
2026-08-17,4.0,4.25,4.54,5.3,3.63
2026-08-18,3.99,4.26,4.53,5.28,3.63
2026-08-19,4.0,4.25,4.48,5.17,3.63
2026-08-20,3.99,4.26,4.53,5.2,3.63
2026-08-21,4.03,4.31,4.57,5.25,3.63
2026-08-22,4.03,4.31,4.57,5.25,3.63
2026-08-23,4.03,4.31,4.57,5.25,3.63
2026-08-24,4.04,4.31,4.55,5.21,3.63
2026-08-25,4.01,4.25,4.48,5.16,3.63
2026-08-26,4.02,4.29,4.51,5.17,3.63
2026-08-27,4.04,4.3,4.52,5.18,3.63
2026-08-28,4.15,4.41,4.59,5.21,3.63
2026-08-29,4.15,4.41,4.59,5.21,3.63
2026-08-30,4.15,4.41,4.59,5.21,3.63
2026-08-31,4.16,4.4,4.62,5.24,3.63
2026-09-01,4.18,4.46,4.66,5.27,3.63
2026-09-02,4.16,4.45,4.66,5.27,3.63
2026-09-03,4.11,4.41,4.63,5.25,3.63
2026-09-04,4.13,4.45,4.65,5.25,3.63
2026-09-05,4.13,4.45,4.65,5.25,3.63
2026-09-06,4.13,4.45,4.65,5.25,3.63
2026-09-07,4.13,4.45,4.65,5.25,3.63
2026-09-08,4.15,4.44,4.68,5.26,3.63
2026-09-09,4.17,4.49,4.71,5.28,3.63
2026-09-10,4.28,4.63,4.84,5.39,3.63
2026-09-11,4.35,4.69,4.87,5.38,3.63
2026-09-12,4.35,4.69,4.87,5.38,3.63
2026-09-13,4.35,4.69,4.87,5.38,3.63
2026-09-14,4.37,4.73,4.88,5.37,3.63
2026-09-15,4.39,4.76,4.91,5.4,3.63
2026-09-16,4.45,4.82,4.94,5.39,3.63
2026-09-17,4.4,4.75,4.86,5.32,3.88
2026-09-18,4.44,4.83,4.93,5.38,3.88
2026-09-19,4.44,4.83,4.93,5.38,3.88
2026-09-20,4.44,4.83,4.93,5.38,3.88
2026-09-21,4.45,4.82,4.89,5.33,3.88
2026-09-22,4.43,4.81,4.89,5.33,3.88
2026-09-23,4.49,4.97,5.05,5.45,3.88
2026-09-24,4.51,4.99,5.1,5.53,3.88
2026-09-25,4.5,4.94,5.06,5.54,3.88
2026-09-26,4.5,4.94,5.06,5.54,3.88
2026-09-27,4.5,4.94,5.06,5.54,3.88
2026-09-28,4.59,5.01,5.15,5.6,3.88
2026-09-29,4.58,4.98,5.16,5.64,3.88
2026-09-30,4.54,5.0,5.19,5.68,3.88
2026-10-01,4.44,4.91,5.12,5.64,3.88
2026-10-02,4.46,4.96,5.17,5.67,3.88
2026-10-03,4.46,4.96,5.17,5.67,3.88
2026-10-04,4.46,4.96,5.17,5.67,3.88
2026-10-05,4.47,4.97,5.19,5.7,3.88
2026-10-06,4.46,4.88,5.15,5.68,3.88
2026-10-07,4.42,4.87,5.15,5.71,3.88
2026-10-08,4.44,4.85,5.11,5.64,3.88
