date,position,price_pnl,carry,rolldown,total_pnl
2001-08-06,0,0.0,0.0,0.0,0.0
2001-08-07,0,0.0,0.0,0.0,0.0
2001-08-08,0,0.0,0.0,0.0,0.0
2001-08-09,0,0.0,0.0,0.0,0.0
2001-08-10,0,0.0,0.0,0.0,0.0
2001-08-13,0,0.0,0.0,0.0,0.0
2001-08-14,0,0.0,0.0,0.0,0.0
2001-08-15,0,0.0,0.0,0.0,0.0
2001-08-16,0,0.0,0.0,0.0,0.0
2001-08-17,0,0.0,0.0,0.0,0.0
2001-08-20,0,0.0,0.0,0.0,0.0
2001-08-21,0,0.0,0.0,0.0,0.0
2001-08-22,0,0.0,0.0,0.0,0.0
2001-08-23,0,0.0,0.0,0.0,0.0
2001-08-24,0,0.0,0.0,0.0,0.0
2001-08-27,0,0.0,0.0,0.0,0.0
2001-08-28,0,0.0,0.0,0.0,0.0
2001-08-29,0,0.0,0.0,0.0,0.0
2001-08-30,0,0.0,0.0,0.0,0.0
2001-08-31,0,0.0,0.0,0.0,0.0
2001-09-03,0,0.0,0.0,0.0,0.0
2001-09-04,0,0.0,0.0,0.0,0.0
2001-09-05,0,0.0,0.0,0.0,0.0
2001-09-06,0,0.0,0.0,0.0,0.0
2001-09-07,0,0.0,0.0,0.0,0.0
2001-09-10,0,0.0,0.0,0.0,0.0
2001-09-11,0,0.0,0.0,0.0,0.0
2001-09-12,0,0.0,0.0,0.0,0.0
2001-09-13,0,0.0,0.0,0.0,0.0
2001-09-14,0,0.0,0.0,0.0,0.0
2001-09-17,0,0.0,0.0,0.0,0.0
2001-09-18,0,0.0,0.0,0.0,0.0
2001-09-19,0,0.0,0.0,0.0,0.0
2001-09-20,0,0.0,0.0,0.0,0.0
2001-09-21,0,0.0,0.0,0.0,0.0
2001-09-24,0,0.0,0.0,0.0,0.0
2001-09-25,0,0.0,0.0,0.0,0.0
2001-09-26,0,0.0,0.0,0.0,0.0
2001-09-27,0,0.0,0.0,0.0,0.0
2001-09-28,0,0.0,0.0,0.0,0.0
2001-10-01,0,0.0,0.0,0.0,0.0
2001-10-02,0,0.0,0.0,0.0,0.0
2001-10-03,0,0.0,0.0,0.0,0.0
2001-10-04,0,0.0,0.0,0.0,0.0
2001-10-05,0,0.0,0.0,0.0,0.0
2001-10-08,0,0.0,0.0,0.0,0.0
2001-10-09,0,0.0,0.0,0.0,0.0
2001-10-10,0,0.0,0.0,0.0,0.0
2001-10-11,0,0.0,0.0,0.0,0.0
2001-10-12,0,0.0,0.0,0.0,0.0
2001-10-15,0,0.0,0.0,0.0,0.0
2001-10-16,0,0.0,0.0,0.0,0.0
2001-10-17,0,0.0,0.0,0.0,0.0
2001-10-18,0,0.0,0.0,0.0,0.0
2001-10-19,0,0.0,0.0,0.0,0.0
2001-10-22,0,0.0,0.0,0.0,0.0
2001-10-23,0,0.0,0.0,0.0,0.0
2001-10-24,0,0.0,0.0,0.0,0.0
2001-10-25,0,0.0,0.0,0.0,0.0
2001-10-26,0,0.0,0.0,0.0,0.0
2001-10-29,0,0.0,0.0,0.0,0.0
2001-10-30,0,0.0,0.0,0.0,0.0
2001-10-31,0,0.0,0.0,0.0,0.0
2001-11-01,0,0.0,0.0,0.0,0.0
2001-11-02,0,0.0,0.0,0.0,0.0
2001-11-05,0,0.0,0.0,0.0,0.0
2001-11-06,0,0.0,0.0,0.0,0.0
2001-11-07,0,0.0,0.0,0.0,0.0
2001-11-08,0,0.0,0.0,0.0,0.0
2001-11-09,0,0.0,0.0,0.0,0.0
2001-11-12,0,0.0,0.0,0.0,0.0
2001-11-13,0,0.0,0.0,0.0,0.0
2001-11-14,0,0.0,0.0,0.0,0.0
2001-11-15,0,0.0,0.0,0.0,0.0
2001-11-16,0,0.0,0.0,0.0,0.0
2001-11-19,0,0.0,0.0,0.0,0.0
2001-11-20,0,0.0,0.0,0.0,0.0
2001-11-21,0,0.0,0.0,0.0,0.0
2001-11-22,0,0.0,0.0,0.0,0.0
2001-11-23,0,0.0,0.0,0.0,0.0
2001-11-26,0,0.0,0.0,0.0,0.0
2001-11-27,0,0.0,0.0,0.0,0.0
2001-11-28,0,0.0,0.0,0.0,0.0
2001-11-29,0,0.0,0.0,0.0,0.0
2001-11-30,0,0.0,0.0,0.0,0.0
2001-12-03,0,0.0,0.0,0.0,0.0
2001-12-04,0,0.0,0.0,0.0,0.0
2001-12-05,0,0.0,0.0,0.0,0.0
2001-12-06,0,0.0,0.0,0.0,0.0
2001-12-07,0,0.0,0.0,0.0,0.0
2001-12-10,0,0.0,0.0,0.0,0.0
2001-12-11,0,0.0,0.0,0.0,0.0
2001-12-12,0,0.0,0.0,0.0,0.0
2001-12-13,0,0.0,0.0,0.0,0.0
2001-12-14,0,0.0,0.0,0.0,0.0
2001-12-17,0,0.0,0.0,0.0,0.0
2001-12-18,0,0.0,0.0,0.0,0.0
2001-12-19,0,0.0,0.0,0.0,0.0
2001-12-20,0,0.0,0.0,0.0,0.0
2001-12-21,0,0.0,0.0,0.0,0.0
2001-12-24,0,0.0,0.0,0.0,0.0
2001-12-25,0,0.0,0.0,0.0,0.0
2001-12-26,0,0.0,0.0,0.0,0.0
2001-12-27,0,0.0,0.0,0.0,0.0
2001-12-28,0,0.0,0.0,0.0,0.0
2001-12-31,0,0.0,0.0,0.0,0.0
2002-01-01,0,0.0,0.0,0.0,0.0
2002-01-02,0,0.0,0.0,0.0,0.0
2002-01-03,0,0.0,0.0,0.0,0.0
2002-01-04,0,0.0,0.0,0.0,0.0
2002-01-07,0,0.0,0.0,0.0,0.0
2002-01-08,0,0.0,0.0,0.0,0.0
2002-01-09,0,0.0,0.0,0.0,0.0
2002-01-10,0,0.0,0.0,0.0,0.0
2002-01-11,0,0.0,0.0,0.0,0.0
2002-01-14,0,0.0,0.0,0.0,0.0
2002-01-15,0,0.0,0.0,0.0,0.0
2002-01-16,0,0.0,0.0,0.0,0.0
2002-01-17,0,0.0,0.0,0.0,0.0
2002-01-18,0,0.0,0.0,0.0,0.0
2002-01-21,0,0.0,0.0,0.0,0.0
2002-01-22,0,0.0,0.0,0.0,0.0
2002-01-23,0,0.0,0.0,0.0,0.0
2002-01-24,0,0.0,0.0,0.0,0.0
2002-01-25,0,0.0,0.0,0.0,0.0
2002-01-28,0,0.0,0.0,0.0,0.0
2002-01-29,0,0.0,0.0,0.0,0.0
2002-01-30,0,0.0,0.0,0.0,0.0
2002-01-31,0,0.0,0.0,0.0,0.0
2002-02-01,0,0.0,0.0,0.0,0.0
2002-02-04,0,0.0,0.0,0.0,0.0
2002-02-05,0,0.0,0.0,0.0,0.0
2002-02-06,0,0.0,0.0,0.0,0.0
2002-02-07,0,0.0,0.0,0.0,0.0
2002-02-08,0,0.0,0.0,0.0,0.0
2002-02-11,0,0.0,0.0,0.0,0.0
2002-02-12,0,0.0,0.0,0.0,0.0
2002-02-13,0,0.0,0.0,0.0,0.0
2002-02-14,0,0.0,0.0,0.0,0.0
2002-02-15,0,0.0,0.0,0.0,0.0
2002-02-18,0,0.0,0.0,0.0,0.0
2002-02-19,0,0.0,0.0,0.0,0.0
2002-02-20,0,0.0,0.0,0.0,0.0
2002-02-21,0,0.0,0.0,0.0,0.0
2002-02-22,0,0.0,0.0,0.0,0.0
2002-02-25,0,0.0,0.0,0.0,0.0
2002-02-26,0,0.0,0.0,0.0,0.0
2002-02-27,0,0.0,0.0,0.0,0.0
2002-02-28,0,0.0,0.0,0.0,0.0
2002-03-01,0,0.0,0.0,0.0,0.0
2002-03-04,0,0.0,0.0,0.0,0.0
2002-03-05,0,0.0,0.0,0.0,0.0
2002-03-06,0,0.0,0.0,0.0,0.0
2002-03-07,0,0.0,0.0,0.0,0.0
2002-03-08,0,0.0,0.0,0.0,0.0
2002-03-11,0,0.0,0.0,0.0,0.0
2002-03-12,0,0.0,0.0,0.0,0.0
2002-03-13,0,0.0,0.0,0.0,0.0
2002-03-14,0,0.0,0.0,0.0,0.0
2002-03-15,0,0.0,0.0,0.0,0.0
2002-03-18,0,0.0,0.0,0.0,0.0
2002-03-19,0,0.0,0.0,0.0,0.0
2002-03-20,0,0.0,0.0,0.0,0.0
2002-03-21,0,0.0,0.0,0.0,0.0
2002-03-22,0,0.0,0.0,0.0,0.0
2002-03-25,0,0.0,0.0,0.0,0.0
2002-03-26,0,0.0,0.0,0.0,0.0
2002-03-27,0,0.0,0.0,0.0,0.0
2002-03-28,0,0.0,0.0,0.0,0.0
2002-03-29,0,0.0,0.0,0.0,0.0
2002-04-01,0,0.0,0.0,0.0,0.0
2002-04-02,0,0.0,0.0,0.0,0.0
2002-04-03,0,0.0,0.0,0.0,0.0
2002-04-04,0,0.0,0.0,0.0,0.0
2002-04-05,0,0.0,0.0,0.0,0.0
2002-04-08,0,0.0,0.0,0.0,0.0
2002-04-09,0,0.0,0.0,0.0,0.0
2002-04-10,0,0.0,0.0,0.0,0.0
2002-04-11,0,0.0,0.0,0.0,0.0
2002-04-12,0,0.0,0.0,0.0,0.0
2002-04-15,0,0.0,0.0,0.0,0.0
2002-04-16,0,0.0,0.0,0.0,0.0
2002-04-17,0,0.0,0.0,0.0,0.0
2002-04-18,0,0.0,0.0,0.0,0.0
2002-04-19,0,0.0,0.0,0.0,0.0
2002-04-22,0,0.0,0.0,0.0,0.0
2002-04-23,0,0.0,0.0,0.0,0.0
2002-04-24,0,0.0,0.0,0.0,0.0
2002-04-25,0,0.0,0.0,0.0,0.0
2002-04-26,0,0.0,0.0,0.0,0.0
2002-04-29,0,0.0,0.0,0.0,0.0
2002-04-30,0,0.0,0.0,0.0,0.0
2002-05-01,0,0.0,0.0,0.0,0.0
2002-05-02,0,0.0,0.0,0.0,0.0
2002-05-03,0,0.0,0.0,0.0,0.0
2002-05-06,0,0.0,0.0,0.0,0.0
2002-05-07,0,0.0,0.0,0.0,0.0
2002-05-08,0,0.0,0.0,0.0,0.0
2002-05-09,0,0.0,0.0,0.0,0.0
2002-05-10,0,0.0,0.0,0.0,0.0
2002-05-13,0,0.0,0.0,0.0,0.0
2002-05-14,0,0.0,0.0,0.0,0.0
2002-05-15,0,0.0,0.0,0.0,0.0
2002-05-16,0,0.0,0.0,0.0,0.0
2002-05-17,0,0.0,0.0,0.0,0.0
2002-05-20,0,0.0,0.0,0.0,0.0
2002-05-21,0,0.0,0.0,0.0,0.0
2002-05-22,0,0.0,0.0,0.0,0.0
2002-05-23,0,0.0,0.0,0.0,0.0
2002-05-24,0,0.0,0.0,0.0,0.0
2002-05-27,0,0.0,0.0,0.0,0.0
2002-05-28,0,0.0,0.0,0.0,0.0
2002-05-29,0,0.0,0.0,0.0,0.0
2002-05-30,0,0.0,0.0,0.0,0.0
2002-05-31,0,0.0,0.0,0.0,0.0
2002-06-03,0,0.0,0.0,0.0,0.0
2002-06-04,0,0.0,0.0,0.0,0.0
2002-06-05,0,0.0,0.0,0.0,0.0
2002-06-06,0,0.0,0.0,0.0,0.0
2002-06-07,0,0.0,0.0,0.0,0.0
2002-06-10,0,0.0,0.0,0.0,0.0
2002-06-11,0,0.0,0.0,0.0,0.0
2002-06-12,0,0.0,0.0,0.0,0.0
2002-06-13,0,0.0,0.0,0.0,0.0
2002-06-14,0,0.0,0.0,0.0,0.0
2002-06-17,0,0.0,0.0,0.0,0.0
2002-06-18,0,0.0,0.0,0.0,0.0
2002-06-19,0,0.0,0.0,0.0,0.0
2002-06-20,0,0.0,0.0,0.0,0.0
2002-06-21,0,0.0,0.0,0.0,0.0
2002-06-24,0,0.0,0.0,0.0,0.0
2002-06-25,0,0.0,0.0,0.0,0.0
2002-06-26,0,0.0,0.0,0.0,0.0
2002-06-27,0,0.0,0.0,0.0,0.0
2002-06-28,0,0.0,0.0,0.0,0.0
2002-07-01,0,0.0,0.0,0.0,0.0
2002-07-02,0,0.0,0.0,0.0,0.0
2002-07-03,0,0.0,0.0,0.0,0.0
2002-07-04,0,0.0,0.0,0.0,0.0
2002-07-05,0,0.0,0.0,0.0,0.0
2002-07-08,0,0.0,0.0,0.0,0.0
2002-07-09,0,0.0,0.0,0.0,0.0
2002-07-10,0,0.0,0.0,0.0,0.0
2002-07-11,0,0.0,0.0,0.0,0.0
2002-07-12,0,0.0,0.0,0.0,0.0
2002-07-15,0,0.0,0.0,0.0,0.0
2002-07-16,0,0.0,0.0,0.0,0.0
2002-07-17,0,0.0,0.0,0.0,0.0
2002-07-18,0,0.0,0.0,0.0,0.0
2002-07-19,0,0.0,0.0,0.0,0.0
2002-07-22,0,0.0,0.0,0.0,0.0
2002-07-23,0,0.0,0.0,0.0,0.0
2002-07-24,0,0.0,0.0,0.0,0.0
2002-07-25,0,0.0,0.0,0.0,0.0
2002-07-26,0,0.0,0.0,0.0,0.0
2002-07-29,0,0.0,0.0,0.0,0.0
2002-07-30,0,0.0,0.0,0.0,0.0
2002-07-31,0,0.0,0.0,0.0,0.0
2002-08-01,0,0.0,0.0,0.0,0.0
2002-08-02,0,0.0,0.0,0.0,0.0
2002-08-05,0,0.0,0.0,0.0,0.0
2002-08-06,0,0.0,0.0,0.0,0.0
2002-08-07,0,0.0,0.0,0.0,0.0
2002-08-08,0,0.0,0.0,0.0,0.0
2002-08-09,0,0.0,0.0,0.0,0.0
2002-08-12,0,0.0,0.0,0.0,0.0
2002-08-13,0,0.0,0.0,0.0,0.0
2002-08-14,0,0.0,0.0,0.0,0.0
2002-08-15,0,0.0,0.0,0.0,0.0
2002-08-16,0,0.0,0.0,0.0,0.0
2002-08-19,0,0.0,0.0,0.0,0.0
2002-08-20,0,0.0,0.0,0.0,0.0
2002-08-21,0,0.0,0.0,0.0,0.0
2002-08-22,0,0.0,0.0,0.0,0.0
2002-08-23,0,0.0,0.0,0.0,0.0
2002-08-26,0,0.0,0.0,0.0,0.0
2002-08-27,0,0.0,0.0,0.0,0.0
2002-08-28,0,0.0,0.0,0.0,0.0
2002-08-29,0,0.0,0.0,0.0,0.0
2002-08-30,0,0.0,0.0,0.0,0.0
2002-09-02,0,0.0,0.0,0.0,0.0
2002-09-03,0,0.0,0.0,0.0,0.0
2002-09-04,0,0.0,0.0,0.0,0.0
2002-09-05,0,0.0,0.0,0.0,0.0
2002-09-06,0,0.0,0.0,0.0,0.0
2002-09-09,0,0.0,0.0,0.0,0.0
2002-09-10,0,0.0,0.0,0.0,0.0
2002-09-11,0,0.0,0.0,0.0,0.0
2002-09-12,0,0.0,0.0,0.0,0.0
2002-09-13,0,0.0,0.0,0.0,0.0
2002-09-16,0,0.0,0.0,0.0,0.0
2002-09-17,0,0.0,0.0,0.0,0.0
2002-09-18,0,0.0,0.0,0.0,0.0
2002-09-19,0,0.0,0.0,0.0,0.0
2002-09-20,0,0.0,0.0,0.0,0.0
2002-09-23,0,0.0,0.0,0.0,0.0
2002-09-24,0,0.0,0.0,0.0,0.0
2002-09-25,0,0.0,0.0,0.0,0.0
2002-09-26,0,0.0,0.0,0.0,0.0
2002-09-27,0,0.0,0.0,0.0,0.0
2002-09-30,0,0.0,0.0,0.0,0.0
2002-10-01,0,0.0,0.0,0.0,0.0
2002-10-02,0,0.0,0.0,0.0,0.0
2002-10-03,0,0.0,0.0,0.0,0.0
2002-10-04,0,0.0,0.0,0.0,0.0
2002-10-07,0,0.0,0.0,0.0,0.0
2002-10-08,0,0.0,0.0,0.0,0.0
2002-10-09,0,0.0,0.0,0.0,0.0
2002-10-10,0,0.0,0.0,0.0,0.0
2002-10-11,0,0.0,0.0,0.0,0.0
2002-10-14,0,0.0,0.0,0.0,0.0
2002-10-15,0,0.0,0.0,0.0,0.0
2002-10-16,0,0.0,0.0,0.0,0.0
2002-10-17,0,0.0,0.0,0.0,0.0
2002-10-18,0,0.0,0.0,0.0,0.0
2002-10-21,0,0.0,0.0,0.0,0.0
2002-10-22,0,0.0,0.0,0.0,0.0
2002-10-23,0,0.0,0.0,0.0,0.0
2002-10-24,0,0.0,0.0,0.0,0.0
2002-10-25,0,0.0,0.0,0.0,0.0
2002-10-28,0,0.0,0.0,0.0,0.0
2002-10-29,0,0.0,0.0,0.0,0.0
2002-10-30,0,0.0,0.0,0.0,0.0
2002-10-31,0,0.0,0.0,0.0,0.0
2002-11-01,0,0.0,0.0,0.0,0.0
2002-11-04,0,0.0,0.0,0.0,0.0
2002-11-05,0,0.0,0.0,0.0,0.0
2002-11-06,0,0.0,0.0,0.0,0.0
2002-11-07,0,0.0,0.0,0.0,0.0
2002-11-08,0,0.0,0.0,0.0,0.0
2002-11-11,0,0.0,0.0,0.0,0.0
2002-11-12,0,0.0,0.0,0.0,0.0
2002-11-13,0,0.0,0.0,0.0,0.0
2002-11-14,0,0.0,0.0,0.0,0.0
2002-11-15,0,0.0,0.0,0.0,0.0
2002-11-18,0,0.0,0.0,0.0,0.0
2002-11-19,0,0.0,0.0,0.0,0.0
2002-11-20,0,0.0,0.0,0.0,0.0
2002-11-21,0,0.0,0.0,0.0,0.0
2002-11-22,0,0.0,0.0,0.0,0.0
2002-11-25,0,0.0,0.0,0.0,0.0
2002-11-26,0,0.0,0.0,0.0,0.0
2002-11-27,0,0.0,0.0,0.0,0.0
2002-11-28,0,0.0,0.0,0.0,0.0
2002-11-29,0,0.0,0.0,0.0,0.0
2002-12-02,0,0.0,0.0,0.0,0.0
2002-12-03,0,0.0,0.0,0.0,0.0
2002-12-04,0,0.0,0.0,0.0,0.0
2002-12-05,0,0.0,0.0,0.0,0.0
2002-12-06,0,0.0,0.0,0.0,0.0
2002-12-09,0,0.0,0.0,0.0,0.0
2002-12-10,0,0.0,0.0,0.0,0.0
2002-12-11,0,0.0,0.0,0.0,0.0
2002-12-12,0,0.0,0.0,0.0,0.0
2002-12-13,0,0.0,0.0,0.0,0.0
2002-12-16,0,0.0,0.0,0.0,0.0
2002-12-17,0,0.0,0.0,0.0,0.0
2002-12-18,0,0.0,0.0,0.0,0.0
2002-12-19,0,0.0,0.0,0.0,0.0
2002-12-20,0,0.0,0.0,0.0,0.0
2002-12-23,0,0.0,0.0,0.0,0.0
2002-12-24,0,0.0,0.0,0.0,0.0
2002-12-25,0,0.0,0.0,0.0,0.0
2002-12-26,0,0.0,0.0,0.0,0.0
2002-12-27,0,0.0,0.0,0.0,0.0
2002-12-30,0,0.0,0.0,0.0,0.0
2002-12-31,0,0.0,0.0,0.0,0.0
2003-01-01,0,0.0,0.0,0.0,0.0
2003-01-02,0,0.0,0.0,0.0,0.0
2003-01-03,0,0.0,0.0,0.0,0.0
2003-01-06,0,0.0,0.0,0.0,0.0
2003-01-07,0,0.0,0.0,0.0,0.0
2003-01-08,0,0.0,0.0,0.0,0.0
2003-01-09,0,0.0,0.0,0.0,0.0
2003-01-10,0,0.0,0.0,0.0,0.0
2003-01-13,0,0.0,0.0,0.0,0.0
2003-01-14,0,0.0,0.0,0.0,0.0
2003-01-15,0,0.0,0.0,0.0,0.0
2003-01-16,0,0.0,0.0,0.0,0.0
2003-01-17,0,0.0,0.0,0.0,0.0
2003-01-20,0,0.0,0.0,0.0,0.0
2003-01-21,0,0.0,0.0,0.0,0.0
2003-01-22,0,0.0,0.0,0.0,0.0
2003-01-23,0,0.0,0.0,0.0,0.0
2003-01-24,0,0.0,0.0,0.0,0.0
2003-01-27,0,0.0,0.0,0.0,0.0
2003-01-28,0,0.0,0.0,0.0,0.0
2003-01-29,0,0.0,0.0,0.0,0.0
2003-01-30,0,0.0,0.0,0.0,0.0
2003-01-31,0,0.0,0.0,0.0,0.0
2003-02-03,0,0.0,0.0,0.0,0.0
2003-02-04,0,0.0,0.0,0.0,0.0
2003-02-05,0,0.0,0.0,0.0,0.0
2003-02-06,0,0.0,0.0,0.0,0.0
2003-02-07,0,0.0,0.0,0.0,0.0
2003-02-10,0,0.0,0.0,0.0,0.0
2003-02-11,0,0.0,0.0,0.0,0.0
2003-02-12,0,0.0,0.0,0.0,0.0
2003-02-13,0,0.0,0.0,0.0,0.0
2003-02-14,0,0.0,0.0,0.0,0.0
2003-02-17,0,0.0,0.0,0.0,0.0
2003-02-18,0,0.0,0.0,0.0,0.0
2003-02-19,0,0.0,0.0,0.0,0.0
2003-02-20,0,0.0,0.0,0.0,0.0
2003-02-21,0,0.0,0.0,0.0,0.0
2003-02-24,0,0.0,0.0,0.0,0.0
2003-02-25,0,0.0,0.0,0.0,0.0
2003-02-26,0,0.0,0.0,0.0,0.0
2003-02-27,0,0.0,0.0,0.0,0.0
2003-02-28,0,0.0,0.0,0.0,0.0
2003-03-03,0,0.0,0.0,0.0,0.0
2003-03-04,0,0.0,0.0,0.0,0.0
2003-03-05,0,0.0,0.0,0.0,0.0
2003-03-06,0,0.0,0.0,0.0,0.0
2003-03-07,0,0.0,0.0,0.0,0.0
2003-03-10,0,0.0,0.0,0.0,0.0
2003-03-11,0,0.0,0.0,0.0,0.0
2003-03-12,0,0.0,0.0,0.0,0.0
2003-03-13,0,0.0,0.0,0.0,0.0
2003-03-14,0,0.0,0.0,0.0,0.0
2003-03-17,0,0.0,0.0,0.0,0.0
2003-03-18,0,0.0,0.0,0.0,0.0
2003-03-19,0,0.0,0.0,0.0,0.0
2003-03-20,0,0.0,0.0,0.0,0.0
2003-03-21,0,0.0,0.0,0.0,0.0
2003-03-24,0,0.0,0.0,0.0,0.0
2003-03-25,0,0.0,0.0,0.0,0.0
2003-03-26,0,0.0,0.0,0.0,0.0
2003-03-27,0,0.0,0.0,0.0,0.0
2003-03-28,0,0.0,0.0,0.0,0.0
2003-03-31,0,0.0,0.0,0.0,0.0
2003-04-01,0,0.0,0.0,0.0,0.0
2003-04-02,0,0.0,0.0,0.0,0.0
2003-04-03,0,0.0,0.0,0.0,0.0
2003-04-04,0,0.0,0.0,0.0,0.0
2003-04-07,0,0.0,0.0,0.0,0.0
2003-04-08,0,0.0,0.0,0.0,0.0
2003-04-09,0,0.0,0.0,0.0,0.0
2003-04-10,0,0.0,0.0,0.0,0.0
2003-04-11,0,0.0,0.0,0.0,0.0
2003-04-14,0,0.0,0.0,0.0,0.0
2003-04-15,0,0.0,0.0,0.0,0.0
2003-04-16,0,0.0,0.0,0.0,0.0
2003-04-17,0,0.0,0.0,0.0,0.0
2003-04-18,0,0.0,0.0,0.0,0.0
2003-04-21,0,0.0,0.0,0.0,0.0
2003-04-22,0,0.0,0.0,0.0,0.0
2003-04-23,0,0.0,0.0,0.0,0.0
2003-04-24,0,0.0,0.0,0.0,0.0
2003-04-25,0,0.0,0.0,0.0,0.0
2003-04-28,0,0.0,0.0,0.0,0.0
2003-04-29,0,0.0,0.0,0.0,0.0
2003-04-30,0,0.0,0.0,0.0,0.0
2003-05-01,0,0.0,0.0,0.0,0.0
2003-05-02,0,0.0,0.0,0.0,0.0
2003-05-05,0,0.0,0.0,0.0,0.0
2003-05-06,0,0.0,0.0,0.0,0.0
2003-05-07,0,0.0,0.0,0.0,0.0
2003-05-08,0,0.0,0.0,0.0,0.0
2003-05-09,0,0.0,0.0,0.0,0.0
2003-05-12,0,0.0,0.0,0.0,0.0
2003-05-13,0,0.0,0.0,0.0,0.0
2003-05-14,0,0.0,0.0,0.0,0.0
2003-05-15,0,0.0,0.0,0.0,0.0
2003-05-16,0,0.0,0.0,0.0,0.0
2003-05-19,0,0.0,0.0,0.0,0.0
2003-05-20,0,0.0,0.0,0.0,0.0
2003-05-21,0,0.0,0.0,0.0,0.0
2003-05-22,0,0.0,0.0,0.0,0.0
2003-05-23,0,0.0,0.0,0.0,0.0
2003-05-26,0,0.0,0.0,0.0,0.0
2003-05-27,0,0.0,0.0,0.0,0.0
2003-05-28,0,0.0,0.0,0.0,0.0
2003-05-29,0,0.0,0.0,0.0,0.0
2003-05-30,0,0.0,0.0,0.0,0.0
2003-06-02,0,0.0,0.0,0.0,0.0
2003-06-03,0,0.0,0.0,0.0,0.0
2003-06-04,0,0.0,0.0,0.0,0.0
2003-06-05,0,0.0,0.0,0.0,0.0
2003-06-06,0,0.0,0.0,0.0,0.0
2003-06-09,0,0.0,0.0,0.0,0.0
2003-06-10,0,0.0,0.0,0.0,0.0
2003-06-11,0,0.0,0.0,0.0,0.0
2003-06-12,0,0.0,0.0,0.0,0.0
2003-06-13,0,0.0,0.0,0.0,0.0
2003-06-16,0,0.0,0.0,0.0,0.0
2003-06-17,0,0.0,0.0,0.0,0.0
2003-06-18,0,0.0,0.0,0.0,0.0
2003-06-19,0,0.0,0.0,0.0,0.0
2003-06-20,0,0.0,0.0,0.0,0.0
2003-06-23,0,0.0,0.0,0.0,0.0
2003-06-24,0,0.0,0.0,0.0,0.0
2003-06-25,0,0.0,0.0,0.0,0.0
2003-06-26,0,0.0,0.0,0.0,0.0
2003-06-27,0,0.0,0.0,0.0,0.0
2003-06-30,0,0.0,0.0,0.0,0.0
2003-07-01,0,0.0,0.0,0.0,0.0
2003-07-02,0,0.0,0.0,0.0,0.0
2003-07-03,0,0.0,0.0,0.0,0.0
2003-07-04,0,0.0,0.0,0.0,0.0
2003-07-07,0,0.0,0.0,0.0,0.0
2003-07-08,0,0.0,0.0,0.0,0.0
2003-07-09,0,0.0,0.0,0.0,0.0
2003-07-10,0,0.0,0.0,0.0,0.0
2003-07-11,0,0.0,0.0,0.0,0.0
2003-07-14,0,0.0,0.0,0.0,0.0
2003-07-15,0,0.0,0.0,0.0,0.0
2003-07-16,0,0.0,0.0,0.0,0.0
2003-07-17,0,0.0,0.0,0.0,0.0
2003-07-18,0,0.0,0.0,0.0,0.0
2003-07-21,0,0.0,0.0,0.0,0.0
2003-07-22,0,0.0,0.0,0.0,0.0
2003-07-23,0,0.0,0.0,0.0,0.0
2003-07-24,0,0.0,0.0,0.0,0.0
2003-07-25,0,0.0,0.0,0.0,0.0
2003-07-28,0,0.0,0.0,0.0,0.0
2003-07-29,0,0.0,0.0,0.0,0.0
2003-07-30,0,0.0,0.0,0.0,0.0
2003-07-31,0,0.0,0.0,0.0,0.0
2003-08-01,0,0.0,0.0,0.0,0.0
2003-08-04,0,0.0,0.0,0.0,0.0
2003-08-05,0,0.0,0.0,0.0,0.0
2003-08-06,0,0.0,0.0,0.0,0.0
2003-08-07,0,0.0,0.0,0.0,0.0
2003-08-08,0,0.0,0.0,0.0,0.0
2003-08-11,0,0.0,0.0,0.0,0.0
2003-08-12,0,0.0,0.0,0.0,0.0
2003-08-13,0,0.0,0.0,0.0,0.0
2003-08-14,0,0.0,0.0,0.0,0.0
2003-08-15,0,0.0,0.0,0.0,0.0
2003-08-18,0,0.0,0.0,0.0,0.0
2003-08-19,0,0.0,0.0,0.0,0.0
2003-08-20,0,0.0,0.0,0.0,0.0
2003-08-21,0,0.0,0.0,0.0,0.0
2003-08-22,0,0.0,0.0,0.0,0.0
2003-08-25,0,0.0,0.0,0.0,0.0
2003-08-26,0,0.0,0.0,0.0,0.0
2003-08-27,0,0.0,0.0,0.0,0.0
2003-08-28,0,0.0,0.0,0.0,0.0
2003-08-29,0,0.0,0.0,0.0,0.0
2003-09-01,0,0.0,0.0,0.0,0.0
2003-09-02,0,0.0,0.0,0.0,0.0
2003-09-03,0,0.0,0.0,0.0,0.0
2003-09-04,0,0.0,0.0,0.0,0.0
2003-09-05,0,0.0,0.0,0.0,0.0
2003-09-08,0,0.0,0.0,0.0,0.0
2003-09-09,0,0.0,0.0,0.0,0.0
2003-09-10,0,0.0,0.0,0.0,0.0
2003-09-11,0,0.0,0.0,0.0,0.0
2003-09-12,0,0.0,0.0,0.0,0.0
2003-09-15,0,0.0,0.0,0.0,0.0
2003-09-16,0,0.0,0.0,0.0,0.0
2003-09-17,0,0.0,0.0,0.0,0.0
2003-09-18,0,0.0,0.0,0.0,0.0
2003-09-19,0,0.0,0.0,0.0,0.0
2003-09-22,0,0.0,0.0,0.0,0.0
2003-09-23,0,0.0,0.0,0.0,0.0
2003-09-24,0,0.0,0.0,0.0,0.0
2003-09-25,0,0.0,0.0,0.0,0.0
2003-09-26,0,0.0,0.0,0.0,0.0
2003-09-29,0,0.0,0.0,0.0,0.0
2003-09-30,0,0.0,0.0,0.0,0.0
2003-10-01,0,0.0,0.0,0.0,0.0
2003-10-02,0,0.0,0.0,0.0,0.0
2003-10-03,0,0.0,0.0,0.0,0.0
2003-10-06,0,0.0,0.0,0.0,0.0
2003-10-07,0,0.0,0.0,0.0,0.0
2003-10-08,0,0.0,0.0,0.0,0.0
2003-10-09,0,0.0,0.0,0.0,0.0
2003-10-10,0,0.0,0.0,0.0,0.0
2003-10-13,0,0.0,0.0,0.0,0.0
2003-10-14,0,0.0,0.0,0.0,0.0
2003-10-15,0,0.0,0.0,0.0,0.0
2003-10-16,0,0.0,0.0,0.0,0.0
2003-10-17,0,0.0,0.0,0.0,0.0
2003-10-20,0,0.0,0.0,0.0,0.0
2003-10-21,0,0.0,0.0,0.0,0.0
2003-10-22,0,0.0,0.0,0.0,0.0
2003-10-23,0,0.0,0.0,0.0,0.0
2003-10-24,0,0.0,0.0,0.0,0.0
2003-10-27,0,0.0,0.0,0.0,0.0
2003-10-28,0,0.0,0.0,0.0,0.0
2003-10-29,0,0.0,0.0,0.0,0.0
2003-10-30,0,0.0,0.0,0.0,0.0
2003-10-31,0,0.0,0.0,0.0,0.0
2003-11-03,0,0.0,0.0,0.0,0.0
2003-11-04,0,0.0,0.0,0.0,0.0
2003-11-05,0,0.0,0.0,0.0,0.0
2003-11-06,0,0.0,0.0,0.0,0.0
2003-11-07,0,0.0,0.0,0.0,0.0
2003-11-10,0,0.0,0.0,0.0,0.0
2003-11-11,0,0.0,0.0,0.0,0.0
2003-11-12,0,0.0,0.0,0.0,0.0
2003-11-13,0,0.0,0.0,0.0,0.0
2003-11-14,0,0.0,0.0,0.0,0.0
2003-11-17,0,0.0,0.0,0.0,0.0
2003-11-18,0,0.0,0.0,0.0,0.0
2003-11-19,0,0.0,0.0,0.0,0.0
2003-11-20,0,0.0,0.0,0.0,0.0
2003-11-21,0,0.0,0.0,0.0,0.0
2003-11-24,0,0.0,0.0,0.0,0.0
2003-11-25,0,0.0,0.0,0.0,0.0
2003-11-26,0,0.0,0.0,0.0,0.0
2003-11-27,0,0.0,0.0,0.0,0.0
2003-11-28,0,0.0,0.0,0.0,0.0
2003-12-01,0,0.0,0.0,0.0,0.0
2003-12-02,0,0.0,0.0,0.0,0.0
2003-12-03,0,0.0,0.0,0.0,0.0
2003-12-04,0,0.0,0.0,0.0,0.0
2003-12-05,0,0.0,0.0,0.0,0.0
2003-12-08,0,0.0,0.0,0.0,0.0
2003-12-09,0,0.0,0.0,0.0,0.0
2003-12-10,0,0.0,0.0,0.0,0.0
2003-12-11,0,0.0,0.0,0.0,0.0
2003-12-12,0,0.0,0.0,0.0,0.0
2003-12-15,0,0.0,0.0,0.0,0.0
2003-12-16,0,0.0,0.0,0.0,0.0
2003-12-17,0,0.0,0.0,0.0,0.0
2003-12-18,0,0.0,0.0,0.0,0.0
2003-12-19,0,0.0,0.0,0.0,0.0
2003-12-22,0,0.0,0.0,0.0,0.0
2003-12-23,0,0.0,0.0,0.0,0.0
2003-12-24,0,0.0,0.0,0.0,0.0
2003-12-25,0,0.0,0.0,0.0,0.0
2003-12-26,0,0.0,0.0,0.0,0.0
2003-12-29,0,0.0,0.0,0.0,0.0
2003-12-30,0,0.0,0.0,0.0,0.0
2003-12-31,0,0.0,0.0,0.0,0.0
2004-01-01,0,0.0,0.0,0.0,0.0
2004-01-02,0,0.0,0.0,0.0,0.0
2004-01-05,0,0.0,0.0,0.0,0.0
2004-01-06,0,0.0,0.0,0.0,0.0
2004-01-07,0,0.0,0.0,0.0,0.0
2004-01-08,0,0.0,0.0,0.0,0.0
2004-01-09,0,0.0,0.0,0.0,0.0
2004-01-12,0,0.0,0.0,0.0,0.0
2004-01-13,0,0.0,0.0,0.0,0.0
2004-01-14,0,0.0,0.0,0.0,0.0
2004-01-15,0,0.0,0.0,0.0,0.0
2004-01-16,0,0.0,0.0,0.0,0.0
2004-01-19,0,0.0,0.0,0.0,0.0
2004-01-20,0,0.0,0.0,0.0,0.0
2004-01-21,0,0.0,0.0,0.0,0.0
2004-01-22,0,0.0,0.0,0.0,0.0
2004-01-23,0,0.0,0.0,0.0,0.0
2004-01-26,0,0.0,0.0,0.0,0.0
2004-01-27,0,0.0,0.0,0.0,0.0
2004-01-28,0,0.0,0.0,0.0,0.0
2004-01-29,0,0.0,0.0,0.0,0.0
2004-01-30,0,0.0,0.0,0.0,0.0
2004-02-02,0,0.0,0.0,0.0,0.0
2004-02-03,0,0.0,0.0,0.0,0.0
2004-02-04,0,0.0,0.0,0.0,0.0
2004-02-05,0,0.0,0.0,0.0,0.0
2004-02-06,0,0.0,0.0,0.0,0.0
2004-02-09,0,0.0,0.0,0.0,0.0
2004-02-10,0,0.0,0.0,0.0,0.0
2004-02-11,0,0.0,0.0,0.0,0.0
2004-02-12,0,0.0,0.0,0.0,0.0
2004-02-13,0,0.0,0.0,0.0,0.0
2004-02-16,0,0.0,0.0,0.0,0.0
2004-02-17,0,0.0,0.0,0.0,0.0
2004-02-18,0,0.0,0.0,0.0,0.0
2004-02-19,0,0.0,0.0,0.0,0.0
2004-02-20,0,0.0,0.0,0.0,0.0
2004-02-23,0,0.0,0.0,0.0,0.0
2004-02-24,0,0.0,0.0,0.0,0.0
2004-02-25,0,0.0,0.0,0.0,0.0
2004-02-26,0,0.0,0.0,0.0,0.0
2004-02-27,0,0.0,0.0,0.0,0.0
2004-03-01,0,0.0,0.0,0.0,0.0
2004-03-02,0,0.0,0.0,0.0,0.0
2004-03-03,0,0.0,0.0,0.0,0.0
2004-03-04,0,0.0,0.0,0.0,0.0
2004-03-05,0,0.0,0.0,0.0,0.0
2004-03-08,0,0.0,0.0,0.0,0.0
2004-03-09,0,0.0,0.0,0.0,0.0
2004-03-10,0,0.0,0.0,0.0,0.0
2004-03-11,0,0.0,0.0,0.0,0.0
2004-03-12,0,0.0,0.0,0.0,0.0
2004-03-15,0,0.0,0.0,0.0,0.0
2004-03-16,0,0.0,0.0,0.0,0.0
2004-03-17,0,0.0,0.0,0.0,0.0
2004-03-18,0,0.0,0.0,0.0,0.0
2004-03-19,0,0.0,0.0,0.0,0.0
2004-03-22,0,0.0,0.0,0.0,0.0
2004-03-23,0,0.0,0.0,0.0,0.0
2004-03-24,0,0.0,0.0,0.0,0.0
2004-03-25,0,0.0,0.0,0.0,0.0
2004-03-26,0,0.0,0.0,0.0,0.0
2004-03-29,0,0.0,0.0,0.0,0.0
2004-03-30,0,0.0,0.0,0.0,0.0
2004-03-31,0,0.0,0.0,0.0,0.0
2004-04-01,0,0.0,0.0,0.0,0.0
2004-04-02,0,0.0,0.0,0.0,0.0
2004-04-05,0,0.0,0.0,0.0,0.0
2004-04-06,0,0.0,0.0,0.0,0.0
2004-04-07,0,0.0,0.0,0.0,0.0
2004-04-08,0,0.0,0.0,0.0,0.0
2004-04-09,0,0.0,0.0,0.0,0.0
2004-04-12,0,0.0,0.0,0.0,0.0
2004-04-13,0,0.0,0.0,0.0,0.0
2004-04-14,0,0.0,0.0,0.0,0.0
2004-04-15,0,0.0,0.0,0.0,0.0
2004-04-16,0,0.0,0.0,0.0,0.0
2004-04-19,0,0.0,0.0,0.0,0.0
2004-04-20,0,0.0,0.0,0.0,0.0
2004-04-21,0,0.0,0.0,0.0,0.0
2004-04-22,0,0.0,0.0,0.0,0.0
2004-04-23,0,0.0,0.0,0.0,0.0
2004-04-26,0,0.0,0.0,0.0,0.0
2004-04-27,0,0.0,0.0,0.0,0.0
2004-04-28,0,0.0,0.0,0.0,0.0
2004-04-29,0,0.0,0.0,0.0,0.0
2004-04-30,0,0.0,0.0,0.0,0.0
2004-05-03,0,0.0,0.0,0.0,0.0
2004-05-04,0,0.0,0.0,0.0,0.0
2004-05-05,0,0.0,0.0,0.0,0.0
2004-05-06,0,0.0,0.0,0.0,0.0
2004-05-07,0,0.0,0.0,0.0,0.0
2004-05-10,0,0.0,0.0,0.0,0.0
2004-05-11,0,0.0,0.0,0.0,0.0
2004-05-12,0,0.0,0.0,0.0,0.0
2004-05-13,0,0.0,0.0,0.0,0.0
2004-05-14,0,0.0,0.0,0.0,0.0
2004-05-17,0,0.0,0.0,0.0,0.0
2004-05-18,0,0.0,0.0,0.0,0.0
2004-05-19,0,0.0,0.0,0.0,0.0
2004-05-20,0,0.0,0.0,0.0,0.0
2004-05-21,0,0.0,0.0,0.0,0.0
2004-05-24,0,0.0,0.0,0.0,0.0
2004-05-25,0,0.0,0.0,0.0,0.0
2004-05-26,0,0.0,0.0,0.0,0.0
2004-05-27,0,0.0,0.0,0.0,0.0
2004-05-28,0,0.0,0.0,0.0,0.0
2004-05-31,0,0.0,0.0,0.0,0.0
2004-06-01,0,0.0,0.0,0.0,0.0
2004-06-02,0,0.0,0.0,0.0,0.0
2004-06-03,0,0.0,0.0,0.0,0.0
2004-06-04,0,0.0,0.0,0.0,0.0
2004-06-07,0,0.0,0.0,0.0,0.0
2004-06-08,0,0.0,0.0,0.0,0.0
2004-06-09,0,0.0,0.0,0.0,0.0
2004-06-10,0,0.0,0.0,0.0,0.0
2004-06-11,0,0.0,0.0,0.0,0.0
2004-06-14,0,0.0,0.0,0.0,0.0
2004-06-15,0,0.0,0.0,0.0,0.0
2004-06-16,0,0.0,0.0,0.0,0.0
2004-06-17,0,0.0,0.0,0.0,0.0
2004-06-18,0,0.0,0.0,0.0,0.0
2004-06-21,0,0.0,0.0,0.0,0.0
2004-06-22,0,0.0,0.0,0.0,0.0
2004-06-23,0,0.0,0.0,0.0,0.0
2004-06-24,0,0.0,0.0,0.0,0.0
2004-06-25,0,0.0,0.0,0.0,0.0
2004-06-28,0,0.0,0.0,0.0,0.0
2004-06-29,1,0.0,0.0,0.0,0.0
2004-06-30,1,46778.52384304561,1174.613624320621,1388.127853881278,49341.265321247505
2004-07-01,1,9904.920463740418,749.8768580097665,1325.540020292085,11980.337342042269
2004-07-02,1,9674.314302591694,660.6409756665632,1206.9068689230965,11541.862147181355
2004-07-05,1,0.0,2132.3468653707287,3181.747237312809,5314.094102683537
2004-07-06,1,-9965.813981991656,710.7822884569098,1060.5824124376031,-8194.449281097142
2004-07-07,1,10100.55043740735,682.0836210717243,767.2638491252274,11549.897907604302
2004-07-08,1,-62.59599611070007,721.5036111594914,1170.5362629547728,1829.4438780035641
2004-07-09,1,0.0,710.7822884569093,1170.5489389357617,1881.331227392671
2004-07-12,1,-10232.92386423528,2196.6748015862136,3401.4998534938904,-4634.749209155175
2004-07-13,1,-9723.990759978144,692.804943774305,1032.9067916968008,-7998.279024507038
2004-07-14,1,-40122.69134354145,771.3195034149278,1087.7148982923293,-38263.6569418342
2004-07-15,1,-20051.510080930537,828.0659971154782,1114.4686294791784,-18108.97545433588
2004-07-16,1,-20915.774243310283,792.1113077502685,1086.643972749451,-19037.018962810565
2004-07-19,1,-20071.189008934725,2268.4698551551755,2709.3524671548503,-15093.3666866247
2004-07-20,1,-18980.22094243912,773.8085425327536,902.8072954637023,-17303.605104442664
2004-07-21,1,-9747.84408713854,898.6736937062556,1131.497380936618,-7717.673012495665
2004-07-22,1,-162.05008121880746,945.0242852391357,1222.8058707116463,2005.7800747319745
2004-07-23,1,-30316.125080830105,912.860317131393,1222.8631755880062,-28180.401588110708
2004-07-26,1,-19623.47392857728,2801.932626004932,3667.1202922169878,-13154.421010355363
2004-07-27,1,61238.56334425617,983.7934342570811,1231.101184639597,63453.45796315285
2004-07-28,1,29966.762912237347,1038.0508888398058,1387.0506051192851,32391.86440619644
2004-07-29,1,19995.713417318464,966.9498063121134,1324.200913242009,22286.864136872588
2004-07-30,1,-30021.924140332863,917.1390205699265,1306.3790562542458,-27798.40606350869
2004-08-02,1,-80.6665596941748,2589.3774009243784,3507.0585856595358,6015.769426889739
2004-08-03,1,-30186.58048161175,852.3983504018697,1132.4379927717418,-28201.744138438138
2004-08-04,1,0.0,905.6596292026368,1168.5771190084913,2074.236748211128
2004-08-05,1,-123.8315249111547,927.1145290151501,1168.5771190084913,1971.8601231124867
2004-08-06,1,48772.9479669687,819.8400299525829,1159.4101837019975,50752.19818062328
2004-08-09,1,-9519.531198431025,1571.0216012910228,2930.753952606226,-5017.755644533776
2004-08-10,1,-59769.45371063415,548.5792599681009,949.2950521164857,-58271.57939854957
2004-08-11,1,-10250.797671149874,590.7371181320943,1131.7542161968845,-8528.306336820895
2004-08-12,1,-10388.79957941996,508.3680119406207,1131.5987031772618,-8748.832864302078
2004-08-13,1,-659.6696882117685,479.63615528043044,1103.9709535885183,923.9374206571803
2004-08-16,1,600.8005473507292,1374.5437664037518,3092.4509885398793,5067.79530229436
2004-08-17,1,19388.386543479137,554.7283046242275,1030.802692384885,20973.917540488248
2004-08-18,1,20386.33145076253,719.4665170071751,911.8023985078357,22017.60036627754
2004-08-19,1,-141.612252224415,508.7439826711369,939.6536927680991,1306.785423214821
2004-08-20,1,-9752.45863077002,380.01458379605674,939.6426810782227,-8432.801365895739
2004-08-23,1,556.7561934598343,1246.9422797202196,2901.032668320003,4704.731141500057
2004-08-24,1,0.0,447.82977629217635,939.5489132633712,1387.3786895555477
2004-08-25,1,-30352.32520125115,447.82977629217635,948.8265154133514,-28955.668909545624
2004-08-26,1,-10575.46905567751,425.99890574914605,975.8265526789617,-9173.643597249402
2004-08-27,1,9978.866306097983,409.45199370853027,922.3744292237448,11310.692729030257
2004-08-30,1,-29980.79651844398,1314.8483507439346,2685.4181704230004,-25980.529997277048
2004-08-31,1,-79.17246462086769,416.2254551399669,839.8398835419409,1176.8928740610402
2004-09-01,1,0.0,341.05124043346757,812.3093910171668,1153.3606314506344
2004-09-02,1,20260.52921546883,362.5295874924674,812.3093910171668,21435.368193978462
2004-09-03,1,-49940.70232289434,430.93034076752974,867.5510311845353,-48642.220950942276
2004-09-06,1,0.0,1923.5073536313562,3011.166188248962,4934.673541880318
2004-09-07,1,-9894.53941137988,641.1691178771188,1003.7220627496542,-8249.648230753108
2004-09-08,1,55.39814767419011,547.9032868273385,894.1140265071317,1497.4154610086603
2004-09-09,1,40076.947313782,494.20741917983867,775.3125093551062,41346.46724231695
2004-09-10,1,-29999.99999999936,502.1388433759663,775.9800887897442,-28721.88106783365
2004-09-13,1,-30043.2678413404,1569.11462715786,2353.7367989870363,-26120.4164151955
2004-09-14,1,19963.763667227904,500.98088061127487,747.5874860895548,21212.332033928735
2004-09-15,1,-9903.810187914001,580.1208074158384,711.2596352863266,-8612.429745211837
2004-09-16,1,-30218.129399652433,443.89828224805706,802.5619182150797,-28971.669199189295
2004-09-17,1,-29638.812585376647,335.92756557071255,683.0363482931104,-28619.848671512824
2004-09-20,1,-312.616751653899,1424.873520215598,2377.32810971889,3489.5848782805892
2004-09-21,1,-50152.19281614646,335.3485841883671,627.7999442323362,-49189.04428772576
2004-09-22,1,-60409.40723917059,320.064717178459,654.4848041335404,-59434.85771785859
2004-09-23,1,-49769.89016503387,265.21088676626835,690.1137288370112,-48814.56554943059
2004-09-24,1,-29751.388608167417,335.84040799235834,790.1012550430152,-28625.446945132044
2004-09-27,1,-9.760429186187592,1354.1997467124215,2493.150684931506,3837.59000245774
2004-09-28,1,50029.19220604715,419.0219495710277,739.6430790748348,51187.85723469301
2004-09-29,1,20025.670622010643,402.23432833548054,685.4847068301079,21113.389657176234
2004-09-30,1,19882.084604293694,417.10459050778127,804.7133289294421,21103.902523730918
2004-10-01,1,69663.69866875521,237.707056681405,832.444812827687,70733.8505382643
2004-10-04,1,-39834.59828553081,901.6368888531529,2473.3662178214836,-36459.59517885618
2004-10-05,1,-9928.060294406892,432.6949352720136,778.1522639647242,-8717.213095170155
2004-10-06,1,-317.45334468942747,479.2230808521625,832.7740882038687,994.5438243666038
2004-10-07,1,9746.6052701173,522.3937021852017,887.5721226285807,11156.571094931081
2004-10-08,1,1023.1099394478806,519.0361779380927,951.4965777981927,2493.642695184166
2004-10-11,1,0.0,1362.8407378155998,2334.2359645716033,3697.076702387203
2004-10-12,1,20164.616697668123,454.2802459385334,778.0786548572012,21396.975598463858
2004-10-13,1,137.4609569053937,318.0533334451966,668.6218558512116,1124.136146201802
2004-10-14,1,-9800.410197584373,339.63864411171585,668.5248906802929,-8792.246662792364
2004-10-15,1,-10066.634091706743,245.86227035948684,585.8744459620455,-9234.897375385211
2004-10-18,1,-20022.084095919618,844.7932818191257,1922.3701226625121,-17254.92069143798
2004-10-19,1,-20017.173137571837,374.6540517666732,613.133798860458,-19029.385286944707
2004-10-20,1,-19888.783820591852,413.74706626067166,649.4384453341358,-18825.598308997043
2004-10-21,1,-40044.168191839235,355.7061827553316,585.0104355067149,-39103.451573577186
2004-10-22,1,9997.785944667829,390.72159041028897,630.2718631926591,11018.779398270777
2004-10-25,1,-10.72437334391725,1226.848130489097,1699.0896947151587,2915.2134518603384
2004-10-26,1,19995.992017738452,355.70756070510436,493.1506849315061,20844.85026337506
2004-10-27,1,9903.543784897323,392.15616646632805,493.46780125513396,10789.167752618785
2004-10-28,1,20071.22977638393,431.95420856376563,585.3211676839724,21088.505152631667
2004-10-29,1,-9826.012156489895,360.53411824085754,503.31655494791994,-8962.161483301117
2004-11-01,1,9838.883043248563,994.5688372554991,1344.6722336826915,12178.124114186754
2004-11-02,1,49.09315123519082,338.9603790240311,421.3000801105262,809.3536103697481
2004-11-03,1,-9947.114737301325,425.2553358913368,421.2376617830864,-9100.6217396269
2004-11-04,1,-20026.029594832664,439.3916418359645,448.4616329751616,-19138.176320021536
2004-11-05,1,-60394.24402633119,435.30364489998044,484.7840835738992,-59474.15629785731
2004-11-08,1,9894.632182131798,1948.6917476061144,2054.9090960107496,13898.233025748661
2004-11-09,1,0.0,603.0670010988373,594.1506927111946,1197.217693810032
2004-11-10,1,9733.259648788979,613.8538707072507,621.4608064112024,10968.574325907432
2004-11-11,1,0.0,491.8488686784915,630.9412022446759,1122.7900709231674
2004-11-12,1,-89241.23942578828,491.8488686784915,630.9412022446759,-88118.44935486511
2004-11-15,1,-29882.622427536022,1371.8177341618325,2188.4275059476377,-26322.37718742655
2004-11-16,1,-10015.050615556429,456.534017454175,701.8252321061598,-8856.691365996096
2004-11-17,1,-9533.727693066394,567.7521498745216,738.029168767499,-8227.946374424373
2004-11-18,1,-29818.06064376248,495.59349895184414,674.2029944737551,-28648.264150336883
2004-11-19,1,-10147.526414184525,516.4286775689008,673.8154923275004,-8957.282244288124
2004-11-22,1,-19798.773557931716,1850.579821142503,2402.8979521111696,-15545.295784678045
2004-11-23,1,-19940.836920251895,601.9850738364374,700.722952831989,-18638.12889358347
2004-11-24,1,-20019.85386332446,652.2165319274413,794.5205479452047,-18573.116783451813
2004-11-25,1,0.0,669.8110625004725,876.4189239841821,1546.2299864846545
2004-11-26,1,19988.117302166866,669.8110625004725,876.4189239841821,21534.347288651523
2004-11-29,1,59784.574515358014,2086.6194858715976,2739.325546025709,64610.51954725532
2004-11-30,1,69801.61320234279,696.9103577753035,868.1787546128135,71366.70231473091
2004-12-01,1,29832.680336893627,629.9140886826412,805.2815808352369,31267.876006411505
2004-12-02,1,-10170.415874606882,587.2760565619349,851.3883541304142,-8731.751463914532
2004-12-03,1,-28770.8826906538,666.473678980141,878.6136100179973,-27225.79540165566
2004-12-06,1,-19880.092693039325,1769.9179355570377,2114.2927007045914,-15995.882056777697
2004-12-07,1,-29988.24498159399,520.920582365861,631.3470756420604,-28835.97732358607
2004-12-08,1,-49812.56299824972,606.8819111829915,694.9241022763621,-48510.756984790365
2004-12-09,1,30103.221738108485,558.8062321356676,611.9854682271475,31274.0134384713
2004-12-10,1,-50012.231412275505,526.9990241890677,639.8390886082539,-48845.39329947818
2004-12-13,1,-30011.006109346392,1566.7399255145028,1945.0049863596541,-26499.261197472235
2004-12-14,1,-30028.863722356233,467.40725639191805,593.19873269725,-28968.257733267066
2004-12-15,1,-30122.79392091343,423.39869511977486,647.6065285634317,-29051.788697230222
2004-12-16,1,60477.34298235813,336.0668371512071,619.7498805401088,61433.15970004945
2004-12-17,1,7.333085802176356,413.253135521387,684.5799205437088,1105.166141867272
2004-12-20,1,-29981.670883373507,1402.221769175754,2135.9679139088416,-26443.481200288912
2004-12-21,1,-19980.95897427183,477.55281599030593,656.8870559740682,-18846.51910230746
2004-12-22,1,40005.86993460192,495.1473465633362,638.3689039440753,41139.38618510933
2004-12-23,1,39997.50374714376,460.1447631586433,630.1369863013701,41087.78549660377
2004-12-24,1,0.0,327.3863477540244,594.0934099461631,921.4797577001875
2004-12-27,1,19920.574400945035,1209.7570387420947,1782.2802298384895,22912.611669525617
2004-12-28,1,-39.432483447182676,483.1861356393547,512.3444491243483,956.0981013165203
2004-12-29,1,-20076.194546369774,494.02413542411807,567.1502714233063,-19015.02013952235
2004-12-30,1,-39675.11533987842,554.9843432340462,685.5675192792219,-38434.563477365155
2004-12-31,1,-9928.37092594431,536.0107616519838,657.6396544901338,-8734.720509802191
2005-01-03,1,-29975.83215624129,2431.0375821423404,1890.26890334253,-25654.52567075642
2005-01-04,1,-39984.326046392176,473.6851809308697,584.1067944212905,-38926.53407104001
2005-01-05,1,-19960.957384657326,660.6335952593034,793.4331203285209,-18506.8906690695
2005-01-06,1,39912.17133272959,689.0798037149426,820.516627686395,41421.76776413093
2005-01-07,1,-19965.831013676558,632.1873868036645,729.8884864298929,-18603.755140443
2005-01-10,1,-29941.436076985767,2014.4147851321982,2407.59162929259,-25519.42966256098
2005-01-11,1,-39861.859057910144,692.4649081579993,774.8164180976094,-38394.577731654535
2005-01-12,1,9975.192058998582,738.5193252845144,801.6828174668493,11515.394201749947
2005-01-13,1,-39926.019113822476,702.6202214871691,810.9375098153122,-38412.46138252
2005-01-14,1,76.63375533513317,661.9706403355808,783.176073700153,1521.780469370867
2005-01-17,1,0.0,2083.4539190696087,2322.033128987556,4405.487048057164
2005-01-18,1,-39932.01493690911,694.4846396898697,774.0110429958521,-38463.519254223385
2005-01-19,1,-9999.999999999787,708.025057462096,764.4774335462776,-8527.497508991413
2005-01-20,1,19851.45420962136,841.4661593223074,828.1564505500054,21521.07681949367
2005-01-21,1,39993.419075934915,719.5637712672109,776.2557077625568,41489.23855496468
2005-01-24,1,-60034.03985296913,1922.4149959304148,2056.1342472635943,-56055.49060977512
2005-01-25,1,30082.966431013487,704.5728593658113,712.1260150767757,31499.665305456074
2005-01-26,1,-30004.646217345376,694.4370482899491,748.9270659728927,-28561.282103082533
2005-01-27,1,-11.885530171222854,704.5728593658108,803.3144682657512,1496.0017974603393
2005-01-28,1,-29881.632117418718,650.2025611525402,812.4020812221233,-28419.027475044055
2005-01-31,1,-59990.09895232243,1589.548969549662,2327.020145016538,-56073.52983775622
2005-02-01,1,10014.438028686807,571.8693979535856,702.0242155095548,11288.331642149948
2005-02-02,1,-29970.731897395468,677.2313906881715,729.4915071128037,-28564.00899959449
2005-02-03,1,10055.687241235457,839.6040367611891,811.2326379686322,11706.52391596528
2005-02-04,1,-40035.974991676994,640.492359501463,847.7575392894328,-38547.725092886096
2005-02-07,1,-40057.624665907046,1733.6650703121031,2378.4559249205063,-35945.503670674436
2005-02-08,1,-40072.10269738396,624.0249504664783,774.2053801959453,-38673.87236672154
2005-02-09,1,39578.67963558371,681.0356038049105,810.3373632023707,41070.05260259099
2005-02-10,1,20593.805721315744,547.9065329679011,655.6466474809788,21797.358901764623
2005-02-11,1,-19806.487821839488,584.6455641546088,710.5214872730414,-18511.320770411836
2005-02-14,1,-60004.08800902368,1969.9413881833214,2240.2986774919873,-55793.84794334837
2005-02-15,1,30066.095699500194,709.5409304741262,773.4767238896937,31549.113353864013
2005-02-16,1,20280.40068988571,666.7829404703031,755.5893621668919,21702.772992522907
2005-02-17,1,59941.343680311125,757.892269870281,810.299166180999,61509.53511636241
2005-02-18,1,10068.123877341699,683.2503495052869,774.4450008338969,11525.819227680882
2005-02-21,1,-10.591661639647466,2238.5400412578606,2410.9589041095933,4638.907283727806
2005-02-22,1,10000.000000000675,746.1800137526202,803.6529680365312,11549.832981789827
2005-02-23,1,-19980.8236550172,688.2873133739647,748.9200999305618,-18543.616241712676
2005-02-24,1,-39992.69093965448,738.6753159788661,757.8773935836833,-38496.138230091936
2005-02-25,1,-39963.7791909216,795.853055753729,894.232944408902,-38273.69319075897
2005-02-28,1,40054.77505976064,2526.3936875095733,2708.817160552392,45289.98590782261
2005-03-01,1,19913.91536118692,904.8487193410758,902.9971911403949,21721.76127166839
2005-03-02,1,19965.934402554205,1039.7533448346655,894.0694150764762,21899.757162465346
2005-03-03,1,-10023.366097868198,913.0683777186213,876.0562582349173,-8234.24146191466
2005-03-04,1,-49632.75396118569,905.5636799448682,921.502592323769,-47805.68768891705
2005-03-07,1,-49917.64487738599,2734.9153695331142,2572.017008099453,-44610.71249975343
2005-03-08,1,59885.32081303732,961.3114985121482,920.5749094099016,61767.20722095937
2005-03-09,1,99346.71397809894,973.640986078466,920.9333058485058,101241.2882700259
2005-03-10,1,-59473.324706763386,972.3909993048597,994.3418753609943,-57506.59183209753
2005-03-11,1,29339.657803442322,992.7602108147457,1003.007990583752,31335.42600484082
2005-03-14,1,-59381.01250175509,3143.9190096366347,3226.7095000516088,-53010.38399206685
2005-03-15,1,19762.19407439344,1002.9448165696897,1029.4077180688203,21794.54660903195
2005-03-16,1,10147.327847540448,974.3559466822578,1029.5454160639626,12151.229210286667
2005-03-17,1,-29471.099704854114,981.8606444560114,993.5046901175659,-27495.734370280537
2005-03-18,1,19679.61953138047,850.3508875474026,966.1029774297164,21496.07339635759
2005-03-21,1,19771.627552797803,2530.6834511323214,2816.4501223805837,25118.76112631071
2005-03-22,1,-40016.34139772286,822.8905068553341,904.1095890410957,-38289.34130182643
2005-03-23,1,61.09006376308389,978.3935773436564,1094.5296291213035,2134.013270228044
2005-03-24,1,-49903.645337338705,945.6812010835832,1112.874761330452,-47845.08937492467
2005-03-25,1,0.0,984.6762519586399,1139.5381993285241,2124.214451287164
2005-03-28,1,19905.586243254656,2790.466874575555,3418.6145979855714,26114.667715815784
2005-03-29,1,-9856.420398075552,955.9932811045879,1139.5032253509876,-7760.923891619977
2005-03-30,1,-29884.950541900434,1003.0471427916875,1112.3469235345744,-27769.556475574173
2005-03-31,1,-16.207353640755173,980.6468465526184,1139.5725290036544,2104.012021915518
2005-04-01,1,9894.093965380758,675.3313347919366,1076.2048621583187,11645.630162331012
2005-04-04,1,20029.830176123898,2277.3809344353904,2901.321567709791,25208.53267826908
2005-04-05,1,31.11565935204817,795.8687598112249,939.9275013476154,1766.9119205108884
2005-04-06,1,9886.185727809141,872.1976377513948,967.2559401694687,11725.639305730005
2005-04-07,1,30210.491987208137,803.3355252242475,903.6614480343718,31917.488960466755
2005-04-08,1,-39980.89028861252,782.1193197832187,922.0428451905368,-38276.728123638764
2005-04-11,1,-30083.78938769237,2583.880536994111,2956.099960222379,-24543.80889047588
2005-04-12,1,-30282.492496124818,817.0849652522537,884.8709272772337,-28580.536603595334
2005-04-13,1,50006.07993291033,794.6846690131849,848.2558432956324,51649.020445219154
2005-04-14,1,49971.86213279115,733.8813672980805,766.620750204573,51472.36425029381
2005-04-15,1,-40679.92507646286,618.557438482853,639.0680711928261,-39422.29956678718
2005-04-18,1,-10021.924174692469,1602.5092491919213,1807.0922864843294,-6612.322639016217
2005-04-19,1,-10647.4613403611,624.8401130978364,538.1158110217673,-9484.505416241496
2005-04-20,1,-10016.534058090398,589.4285462126579,484.01826484018284,-8943.087247037558
2005-04-21,1,-30016.361160735745,614.6497285943906,566.1132270399982,-28835.598205101356
2005-04-22,1,-29738.893914154753,755.8215095556147,757.2050703156469,-28225.86733428349
2005-04-25,1,-19970.805987742435,2232.422234838328,2134.3294768026058,-15604.054276101499
2005-04-26,1,-9996.872868757298,685.4027200161958,656.5289366328834,-8654.941212108219
2005-04-27,1,38.62331771967729,765.2140972446173,711.0680902762215,1514.905505240516
2005-04-28,1,-9970.006892422774,896.2305648766726,674.6859352141204,-8399.090392331982
2005-04-29,1,-49904.1156499497,561.1564612702534,610.8264749511779,-48732.132713728264
2005-05-02,1,19961.089867281727,1701.491833548598,2213.9012285765616,23876.482929406884
2005-05-03,1,-39931.89395518636,527.6396187220726,647.0023872070253,-38757.25194925726
2005-05-04,1,39890.586639579175,617.6063092796645,737.7475940307385,41245.94054288958
2005-05-05,1,39916.13538433971,505.8035407833961,674.3727817875131,41096.311706910616
2005-05-06,1,-59767.44870077532,437.67292816448014,601.7818747030801,-58727.993897907756
2005-05-09,1,-19949.70081959064,1898.0165349966792,2431.8328527243593,-15619.851431869602
2005-05-10,1,10008.847134576492,661.2784651570154,819.4326641972357,11489.558263930743
2005-05-11,1,-10003.89519815829,581.4670879285934,701.3380651311145,-8721.090045098583
2005-05-12,1,-10043.76534416875,573.9341534023126,719.4827538480897,-8750.348436918348
2005-05-13,1,-10183.829506177746,533.6471019680182,701.2403885028721,-8948.942015706856
2005-05-16,1,10043.367379030164,1447.326034693154,2158.844088831329,13649.537502554647
2005-05-17,1,-10038.535386320824,424.4667122746386,555.2416499983547,-9058.82702404783
2005-05-18,1,-283.74638124814373,504.2780895030601,573.3287286257497,793.860436880666
2005-05-19,1,-40006.054463500215,441.78649732681373,520.5479452054792,-39043.72002096792
2005-05-20,1,-29989.83581610268,520.9433108552296,675.3586962308507,-28793.5338090166
2005-05-23,1,-19890.134872812836,1790.2132265077453,2134.466414520265,-15965.455231784825
2005-05-24,1,9956.215541196885,559.6576501508237,601.8400453670629,11117.713236714771
2005-05-25,1,40057.87558843963,534.392839712817,574.5419884229711,41166.81041657542
2005-05-26,1,-29981.749339786144,499.04088263162015,584.0926985492322,-28898.61575860529
2005-05-27,1,0.0,541.9816716102255,757.1814684503526,1299.163140060578
2005-05-30,1,0.0,1625.9450148306764,2271.5444053510573,3897.4894201817337
2005-05-31,1,-40000.39321667352,541.9816716102255,757.1814684503526,-38701.230076612934
2005-06-01,1,9647.05679319345,424.0166311261577,638.4637774552373,10709.537201774845
2005-06-02,1,-40169.65147622196,387.80060657634647,528.9774518825369,-39252.873417763076
2005-06-03,1,40761.057917640625,445.05499188115266,574.4939958469471,41780.606905368724
2005-06-06,1,-40084.560472881145,1491.938243083177,1970.5250504323321,-36622.097179365635
2005-06-07,1,-20220.103947388972,521.713490663785,665.6964095941977,-19032.69404713099
2005-06-08,1,221.5938431022987,550.3406833161882,665.641133121633,1437.57565954012
2005-06-09,1,-9806.359117046111,583.1943256516025,692.9215894822833,-8530.243201912226
2005-06-10,1,372.59777855858556,575.6054937541953,774.8198025706597,1723.0230748834406
2005-06-13,1,40038.57030985864,1956.7919776104816,2761.085216059153,44756.447503528274
2005-06-14,1,39961.48327915961,605.9608213438253,783.8539992354878,41351.298099738924
2005-06-15,1,-19952.919732354832,625.3649348216516,747.6287784804229,-18579.926019052757
2005-06-16,1,-9966.749266497467,599.2360569150319,783.9154554150053,-8583.597754167431
2005-06-17,1,-20005.044777498755,636.8069580013607,757.9908675799096,-18610.246951917485
2005-06-20,1,20000.000000000462,2029.3659880157375,2382.9021087022165,24412.268096718417
2005-06-21,1,-39954.30625297139,647.7793330914551,703.110758177157,-38603.41616170278
2005-06-22,1,-20170.03326919506,705.1313255857038,675.5307752208059,-18789.371168388552
2005-06-23,1,58.015631986871085,646.028321112073,556.8782434329453,1260.9221965318893
2005-06-24,1,-217.48857508138462,525.332195121035,529.4363864660461,837.2800065056965
2005-06-27,1,-30178.10273462408,1378.493833741406,1341.6182052133984,-27457.990695669276
2005-06-28,1,20583.901643465186,370.84343787002314,373.93597259671486,21328.681053931923
2005-06-29,1,20116.06473106702,418.974067253559,401.4541755025491,20936.49297382313
2005-06-30,1,-60247.71636224038,379.3256959163398,447.220702606714,-59421.16996371733
2005-07-01,1,20822.73502329481,245.90618285582633,446.8401234497843,21515.481329600418
2005-07-04,1,0.0,1013.7789377992194,1669.1797844752414,2682.958722274461
2005-07-05,1,20094.189620401754,337.92631259973984,556.3932614917471,20988.50919449324
2005-07-06,1,-9992.994394539852,462.8635676139365,538.2080546427654,-8991.92277228315
2005-07-07,1,29934.508263083382,751.5109429898577,538.1962583919421,31224.215464465182
2005-07-08,1,-9875.746504181487,467.104696637095,511.1098873118608,-8897.53192023253
2005-07-11,1,-29970.83766596398,1510.162334822537,1779.0874116927475,-26681.587919448695
2005-07-12,1,29974.861861065052,535.4290642214385,519.8114267008441,31030.102351987334
2005-07-13,1,-28.519344787247974,536.304570211129,519.9454923782846,1027.7307178021656
2005-07-14,1,-42.83757900072305,514.3598200309405,565.5016964684143,1037.0239374986318
2005-07-15,1,-9952.008070613394,481.44269476065733,592.7932765590313,-8877.772099293707
2005-07-18,1,9992.241387964197,1455.1778681110175,1726.0273972602736,13173.446653335488
2005-07-19,1,-9965.242980073623,657.4499034194795,520.5288107201576,-8787.264265933985
2005-07-20,1,-49966.32267475959,715.7585198599566,511.3765317202183,-48739.187623179416
2005-07-21,1,50082.030686999984,622.8028845796493,556.7099881478263,51261.54355972746
2005-07-22,1,-9809.036952840346,649.8444540057802,547.6722675784677,-8611.520231256098
2005-07-25,1,-10026.132884559953,1893.7599808491555,1314.6599846119666,-6817.712919098831
2005-07-26,1,-9966.435113354595,634.6335551783834,392.49263086248,-8939.308927313732
2005-07-27,1,-10042.652003513664,670.9708163341354,428.918036610349,-8942.76315056918
2005-07-28,1,-39745.435095146524,696.3223998475248,501.7658073021429,-38547.34688799686
2005-07-29,1,19995.95273478086,676.8862798350924,483.4078604703477,21156.2468750863
2005-08-01,1,19847.206843846587,2076.2915359874673,1559.316359548042,23482.8147393821
2005-08-02,1,-90.28515863455323,718.2937551322503,483.3741730976079,1111.382769595305
2005-08-03,1,208.94459158078098,850.1218868406022,510.6526468186955,1569.7191252400787
2005-08-04,1,-76.07352496858948,641.3940116357102,456.0823690925107,1021.4028557596314
2005-08-05,1,9617.034719210787,564.4942681391717,483.3741730976079,10664.903160447566
2005-08-08,1,-30058.430325046404,1749.2561855856998,1695.5300247338673,-26613.644114726838
2005-08-09,1,20005.409060169855,637.1687904506766,555.624052308717,21198.20190292925
2005-08-10,1,-9890.324246861299,630.4083339933477,537.7533218098816,-8722.16259105807
2005-08-11,1,-49258.57685174828,622.8028845796492,537.710104814739,-48098.06386235389
2005-08-12,1,-29609.674759501308,573.7899598687927,501.09912282883033,-28534.785676803684
2005-08-15,1,-17.23498848012241,1455.178637320561,1175.4944112501496,2613.438060090588
2005-08-16,1,9990.318692584053,452.94142079401263,401.8264840182652,10845.086597396332
2005-08-17,1,10071.816738079804,559.6410041044893,338.0084449745717,10969.466187158865
2005-08-18,1,-9959.153203658076,479.180019192688,420.1861689771448,-9059.787015488242
2005-08-19,1,-20016.988580300185,493.584332967214,338.03788821052586,-19185.366359122447
2005-08-22,1,10028.844433276994,1435.0655392742556,931.5726672001917,12395.48263975144
2005-08-23,1,-35.92504111946255,507.98864674174195,310.5594059338457,782.6230115561251
2005-08-24,1,9983.32505813556,507.9886467417406,283.161615651628,10774.475320528929
2005-08-25,1,-20049.409317878046,471.56544258812306,255.78571082811953,-19322.058164461803
2005-08-26,1,-39971.62876543317,434.317398999902,292.3063537990668,-39245.005012634196
2005-08-29,1,0.0,1574.888968999937,1122.9610730679642,2697.850042067901
2005-08-30,1,49887.177722272776,524.9629896666459,346.9164515063895,50759.05716344581
2005-08-31,1,-10568.03309292876,430.9225304149209,255.75975782874934,-9881.35080468509
2005-09-01,1,120350.05978814593,170.09071445080264,109.15412567338043,120629.30462827011
2005-09-02,1,-20010.44455279105,63.295620293755775,63.43174234056302,-19883.71719015673
2005-09-05,1,0.0,573.5677636461621,355.30517148607004,928.8729351322322
2005-09-06,1,10495.881419408412,191.18925454872073,118.43505716202337,10805.505731119156
2005-09-07,1,-9716.958776070911,154.76605039510258,81.89246191444389,-9480.300263761364
2005-09-08,1,0.0,334.3120420128164,146.07872383699728,480.39076584981365
2005-09-09,1,-20083.32691930909,323.30259682327045,164.4491516069332,-19595.57517087889
2005-09-12,1,153.39277755801595,1023.3053375483347,465.51938929550687,1642.2175044018575
2005-09-13,1,-95.5166368772625,374.1301147514159,136.99081167828285,415.6042895524362
2005-09-14,1,9989.770174963292,385.0964655721167,73.05936073059327,10447.926001266002
2005-09-15,1,49927.91393463713,304.7530908375851,127.96516641395986,50360.632191888675
2005-09-16,1,-30136.518386312724,144.94080645709846,119.15227705529796,-29872.425302800326
2005-09-19,1,30013.807989755536,861.0298869416886,549.005450646251,31423.843327343475
2005-09-20,1,-60010.23227387678,232.90611165425216,37.103915776253345,-59740.22224644628
2005-09-21,1,-29655.800326772543,275.1398340756752,109.90002087478604,-29270.760471822083
2005-09-22,1,9990.29212337927,186.30006378994418,118.74990244178095,10295.342089610995
2005-09-23,1,-10084.605569866006,116.95235220505708,137.03997558754907,-9830.6132420734
2005-09-26,1,-178.68912313989858,624.8741702676978,766.8978313346938,1213.082878462493
2005-09-27,1,-9976.96851418251,186.300063789945,219.2597444045283,-9571.408705988037
2005-09-28,1,-49669.57415649295,310.6260911230534,264.6758451213022,-49094.27222024859
2005-09-29,1,-10070.66395663936,305.50342825887714,300.8661782270429,-9464.294350153441
2005-09-30,1,-207.49988371411018,286.8858346466111,355.42676882560727,434.8127197581082
2005-10-03,1,19631.227932200898,662.7355672462361,1093.6942465808722,21387.657746028006
2005-10-04,1,-19840.82080217467,313.1253587214988,255.26551828137764,-19272.429925171793
2005-10-05,1,-9812.150120613773,462.81644504091787,282.4758062657458,-9066.857869307109
2005-10-06,1,19855.019762295968,455.1945145782963,309.73741159084847,20619.951688465113
2005-10-07,1,142.0564232233337,426.45572290496364,273.49500541210693,842.0071515404043
2005-10-10,1,0.0,1312.3541581638215,792.8610865777716,2105.215244741593
2005-10-11,1,-255.86649866611697,437.45138605460727,264.28702885925725,445.87191624774755
2005-10-12,1,39366.91805286857,492.42970180282794,155.1113466479479,40014.45910131935
2005-10-13,1,29979.304847760563,896.7961892612129,200.91324200913382,31077.01427903091
2005-10-14,1,-29999.99999999936,457.2107449868435,182.7791974671851,-29360.010057545333
2005-10-17,1,-21.379093862327863,1435.4745785683308,767.078915767444,2181.174400473447
2005-10-18,1,10011.74748589803,445.4674738416735,137.04968830121837,10594.264648040922
2005-10-19,1,30.91397937754664,541.1153763005382,137.06358380941697,709.0929394875018
2005-10-20,1,-29988.026428436777,519.0993414020247,109.64431914179222,-29359.28276789296
2005-10-21,1,-19984.721479923668,485.34003535833995,118.6866983115363,-19380.694746253794
2005-10-24,1,30165.132702546485,1344.469424190625,109.03892120037946,31618.64104793749
2005-10-25,1,10.899850108093233,470.9077633246355,9.122465890312839,490.9300793230416
2005-10-26,1,19791.13685156229,591.9959552664626,146.16676826893377,20529.299575097684
2005-10-27,1,-9819.92397466562,618.1714984453382,228.32118611333658,-8973.431290106946
2005-10-28,1,-29999.04042323531,489.49954363870165,200.9327475255172,-29308.60813207109
2005-10-31,1,-9938.15137804674,1466.2928698283672,793.7982680085752,-7678.0602402097975
2005-11-01,1,-10018.41225843458,360.09233513615277,173.4561246218504,-9484.863798676577
2005-11-02,1,19836.217790719504,418.5566769668849,237.18241067268647,20491.956878359073
2005-11-03,1,-212.28866594316787,422.71618524724533,264.57110525859224,474.9986245626697
2005-11-04,1,9905.077564791096,444.73222014576015,328.22111375802314,10678.03089869488
2005-11-07,1,-9900.365761216079,1356.9479490317067,902.7774717137027,-7640.64034047067
2005-11-08,1,-39351.802903684336,466.7482550442737,246.2577898923112,-38638.79685874775
2005-11-09,1,9738.047957779556,480.4452733820658,200.6076253722477,10419.100856533869
2005-11-10,1,-39339.16722646023,466.0130013483622,273.4737917892546,-38599.68043332261
2005-11-11,1,-9.373886924623605,469.3769674283028,237.44292237443068,697.4460028781099
2005-11-14,1,8.87666828930378e-10,1408.1309022849082,712.328767123292,2120.459669409088
2005-11-15,1,-19878.98935033835,480.40357644830146,237.34853321926255,-19161.237240670787
2005-11-16,1,-19984.76615504622,520.3646848704245,209.97363778691442,-19254.427832388883
2005-11-17,1,19926.08029342174,483.13953015255004,182.59668989355572,20591.816513467846
2005-11-18,1,10146.795993106793,399.07198565042876,100.4154020969938,10646.283380854216
2005-11-21,1,-30090.701086165012,1219.9738619681002,356.0758546593603,-28514.65136953755
2005-11-22,1,39913.19213914999,372.87343995255276,127.7960641950477,40413.86164329759
2005-11-23,1,171.73317557392147,326.03105016830705,109.51302428051741,607.2772500227459
2005-11-24,1,0.0,348.08426820830675,82.11480263834983,430.1990708466566
2005-11-25,1,-10123.974864429012,348.08426820830675,82.11480263834983,-9693.775793582354
2005-11-28,1,-20114.926812874124,889.1755913681088,163.87680886952595,-19061.87441263649
2005-11-29,1,376.3837995510112,325.32636319149333,-27.72837315463982,673.9817895878647
2005-11-30,1,-9976.216826791477,424.56584437148996,82.07472124406503,-9469.576261175922
2005-12-01,1,78.75836529391745,405.9532670125521,182.59668989355572,667.3083222000253
2005-12-02,1,19997.58137667791,439.0330940725517,200.8180297609353,20637.432500511397
2005-12-05,1,10066.767808975972,1329.5352651912804,547.8677926853135,11944.170866852566
2005-12-06,1,-29941.888210546254,461.7909990893645,182.6037173204291,-29297.493494136463
2005-12-07,1,30086.016353369625,472.11292113255,118.63030807260392,30676.759582574778
2005-12-08,1,-59.509350128755614,450.76439006936494,136.95422714175712,528.2092670823664
2005-12-09,1,10216.960960911114,274.3386457493708,118.60443808865979,10609.904044749144
2005-12-12,1,-0.6187157065061154,779.6594878835779,630.1369863013663,1409.1777584784381
2005-12-13,1,14.228926742336625,193.72749654529275,127.86843955985857,335.82486284748796
2005-12-14,1,-30000.000000000247,182.70099664264154,100.4566210045649,-29716.842382353043
2005-12-15,1,20086.124109074124,93.77949790343536,72.88354872207492,20252.787155699636
2005-12-16,1,-20066.939083342662,53.82199793905587,54.690702224582886,-19958.426383179023
2005-12-19,1,-10007.261348828706,314.4179934182556,246.16588467180569,-9446.677470738645
2005-12-20,1,-19938.07803124244,119.27149783694955,-55.03047701116361,-19873.837010416653
2005-12-21,1,10065.729447282916,115.12299819072892,27.22380773928723,10208.076253212932
2005-12-22,1,-20119.451427657565,365.29349582346606,91.21511285145438,-19662.942818982643
2005-12-23,1,-30276.290891023793,151.64149802689394,91.15536782830625,-30033.494025168595
2005-12-26,1,0.0,518.9549949425623,190.96831060761662,709.9233055501788
2005-12-27,1,-20292.439553675526,172.98499831418746,63.65610353587222,-20055.798451825467
2005-12-28,1,20364.86791283533,102.6774992520653,-27.660435123237388,20439.884976964157
2005-12-29,1,-20084.001911661937,195.03799811948727,45.44145195262757,-19843.522461589822
2005-12-30,1,-9855.021381495277,223.96899818121682,54.620784913331946,-9576.431598400728
2006-01-02,1,0.0,1079.177991423699,163.85210276649002,1243.0300941901892
2006-01-03,1,49873.09784738453,359.725997141233,54.61736758883002,50287.441212114594
2006-01-04,1,19951.12050202667,-10.317000384643649,-155.7429844885364,19785.06051715349
2006-01-05,1,-10014.531183536088,82.043498482778,-155.80487599567292,-10088.292561048982
2006-01-06,1,-19880.48981313478,74.45599870834286,-155.79159129465125,-19961.82540572109
2006-01-09,1,0.0,442.4789951420198,-302.56037590123606,139.91861924078376
2006-01-10,1,-7.014473144558165,114.61927082105312,-118.7214611872129,-11.116663510717942
2006-01-11,1,-53.52486433349986,180.86193857647595,-72.93370754153295,54.40336670144313
2006-01-12,1,10104.365590761445,213.98327245418793,-45.48774702459109,10272.861116191041
2006-01-13,1,-9903.438104743807,111.2064607891069,-127.73675351305909,-9919.968397467761
2006-01-16,1,0.0,112.00847531917609,-657.8110881633903,-545.8026128442142
2006-01-17,1,-10016.737105590306,37.33615843972537,-219.27036272113014,-10198.67130987171
2006-01-18,1,0.0,7.627634593958707,-292.4145258644214,-284.7868912704627
2006-01-19,1,62.15860073421209,95.95119160118983,-283.2645978856402,-125.15480555023831
2006-01-20,1,-9999.999999999787,151.15341473070902,-210.02577129024377,-10058.872356559323
2006-01-23,1,9992.792144288416,430.5773404102508,-712.3247356866791,9711.044749011988
2006-01-24,1,20035.895202193395,95.95119160118948,-319.7116004095274,19812.13479338506
2006-01-25,1,-75.2008707744535,89.12557153729963,-301.28761213210106,-287.3629113692549
2006-01-26,1,9826.47779519506,100.16601616320328,-191.32782509933804,9735.315986258924
2006-01-27,1,-29897.15505716134,118.8340953830666,-145.53300932647522,-29923.85397110475
2006-01-30,1,9884.760408750844,287.8535748035695,-382.2012490588928,9790.412734495521
2006-01-31,1,-29885.179543585888,37.3361584397244,-236.72442370558161,-30084.567808851745
2006-02-01,1,-10176.961812162088,80.6959224132724,-145.61952740259585,-10241.885417151412
2006-02-02,1,0.0,139.3109555747365,-72.57075557155945,66.74020000317707
2006-02-03,1,-29728.974352482346,128.27051094883188,-90.8420146089062,-29691.54585614242
2006-02-06,1,-19992.842899744544,316.16282150086823,-327.45641611258327,-20004.13649435626
2006-02-07,1,29806.839786146942,145.33456110855818,-136.42075352960128,29815.753593725898
2006-02-08,1,-40013.66288916396,168.51886374937982,-136.98630136986333,-39982.13032678445
2006-02-09,1,-40002.29140145551,204.40072342117355,-63.91144495779623,-39861.802122992136
2006-02-10,1,20089.685308539327,196.07024840044224,9.145493215705065,20294.901050155477
2006-02-13,1,-0.12890909088673652,700.1842107906143,-82.11241785985972,617.9428838398678
2006-02-14,1,29989.389255552935,299.71323896899514,-54.748220989755126,30234.354273532175
2006-02-15,1,-29956.895691038637,289.38146972484793,-63.8523035459699,-29731.366524859757
2006-02-16,1,13.946502806335047,266.5539879495998,18.249167463286582,298.74965821922143
2006-02-17,1,-19981.332891358074,266.5539879496001,0.0,-19714.778903408474
2006-02-20,1,0.0,720.8477492789078,-164.28432902710082,556.563420251807
2006-02-21,1,-19926.871532152032,240.2825830929693,-54.76144300903361,-19741.350392068096
2006-02-22,1,-10036.202318655029,236.11734558260292,-45.595977500174534,-9845.6809505726
2006-02-23,1,-9908.921249721949,261.6674360102493,-9.074396599719936,-9656.32821031142
2006-02-24,1,36.082579217843886,331.42986113042474,-9.087346599352458,358.4250937489162
2006-02-27,1,9995.2348965457,1027.4488344106694,136.83128900527834,11159.51501996165
2006-02-28,1,9959.692161559833,294.8266870296468,-36.46114632291029,10218.05770226657
2006-03-01,1,20057.471992538674,236.1173455826043,-91.20095881842784,20202.38837930285
2006-03-02,1,39964.43284975972,251.335666766102,-72.96887667761978,40142.79963984821
2006-03-03,1,-80.05542601033812,270.7192254599661,-36.51774989500913,154.14604955461883
2006-03-06,1,49704.67822112497,911.635429438087,109.29722517029437,50725.61087573335
2006-03-07,1,0.0,297.7119447455799,0.0,297.7119447455799
2006-03-08,1,39984.07800590858,297.7119447455799,9.058848129333743,40290.84879878349
2006-03-09,1,9991.68008444647,228.49637911800585,-100.4566210045665,10119.719842559909
2006-03-10,1,-9.497646327494294,225.02613475564067,-109.58904109589051,105.93944733225587
2006-03-13,1,9985.763339911424,741.3545824041734,-246.5158337048977,10480.6020886107
2006-03-14,1,20094.546788519627,232.6019200828181,-155.22879843269968,20171.919910169745
2006-03-15,1,-10002.722644601854,148.3392235312968,-265.03621295460397,-10119.419634025162
2006-03-16,1,-9974.646876968967,229.13167572045268,-246.65472602122952,-9992.169927269744
2006-03-17,1,78.08257187311392,66.911474739695,-310.9724826674317,-165.97843605462276
2006-03-20,1,-20047.586541244636,134.4582460818384,-877.6636524751426,-20790.79194763794
2006-03-21,1,-19892.512440548955,106.99005253305037,-283.43525212157596,-20068.957640137483
2006-03-22,1,-30009.507469193926,202.29877877411172,-210.06302734099341,-30017.27171776081
2006-03-23,1,50.03859442402245,190.61745248212495,-109.56259275773476,131.09345414841263
2006-03-24,1,-10030.15884953038,157.47936341349987,-82.14220463091075,-9954.82169074779
2006-03-27,1,30085.68532383618,151.46793264134945,-356.2426349989366,29880.910621478593
2006-03-28,1,128.39508555899374,-48.289659722976964,-146.13174988184193,-66.02632404582515
2006-03-29,1,9953.965106389398,128.4468153096861,-27.367526106912596,10055.044395592171
2006-03-30,1,29834.61959130237,147.06863032640476,-45.559843496254736,29936.12837813252
2006-03-31,1,19971.067168743477,81.42774879160146,-27.228820946678493,20025.2660965884
2006-04-03,1,-20074.72996353533,-638.1285355836222,-81.68646284003547,-20794.54496195899
2006-04-04,1,10037.141725005027,-17.986518414271558,-18.13536046564478,10001.019846125111
2006-04-05,1,155.16135626733012,77.95750442923631,-54.57355264836894,178.54530804819748
2006-04-06,1,29720.213255521678,44.819415360611515,-63.70704168839738,29701.325629193892
2006-04-07,1,19991.036088550372,67.32179473011827,-63.926940639268864,19994.430942641222
2006-04-10,1,0.0,346.5599892471761,109.89322215741538,456.45321140459146
2006-04-11,1,-29873.815126042027,93.44205060809541,-45.51117428514262,-29825.884249719074
2006-04-12,1,19943.540037299354,137.05396356973966,-45.597328902835244,20034.996671966255
2006-04-13,1,19777.845070265757,119.01832783245854,-45.489672595022185,19851.373725503192
2006-04-14,1,0.0,123.06063790280669,-17.98191222686368,105.078725675943
2006-04-17,1,10210.265349467627,435.41575113130983,-53.94573668059104,10591.735363918346
2006-04-18,1,50044.69007738202,108.52333358225906,-100.17355524263367,50053.03985572165
2006-04-19,0,29787.663304657126,79.99270359477815,-173.24450102878654,29694.411507223114
2006-04-20,0,-3291.5035220538193,0.0,0.0,-3291.5035220538193
2006-04-21,0,0.0,0.0,0.0,0.0
2006-04-24,0,0.0,0.0,0.0,0.0
2006-04-25,0,0.0,0.0,0.0,0.0
2006-04-26,0,0.0,0.0,0.0,0.0
2006-04-27,0,0.0,0.0,0.0,0.0
2006-04-28,0,0.0,0.0,0.0,0.0
2006-05-01,0,0.0,0.0,0.0,0.0
2006-05-02,0,0.0,0.0,0.0,0.0
2006-05-03,0,0.0,0.0,0.0,0.0
2006-05-04,0,0.0,0.0,0.0,0.0
2006-05-05,0,0.0,0.0,0.0,0.0
2006-05-08,0,0.0,0.0,0.0,0.0
2006-05-09,0,0.0,0.0,0.0,0.0
2006-05-10,0,0.0,0.0,0.0,0.0
2006-05-11,0,0.0,0.0,0.0,0.0
2006-05-12,0,0.0,0.0,0.0,0.0
2006-05-15,0,0.0,0.0,0.0,0.0
2006-05-16,0,0.0,0.0,0.0,0.0
2006-05-17,0,0.0,0.0,0.0,0.0
2006-05-18,0,0.0,0.0,0.0,0.0
2006-05-19,0,0.0,0.0,0.0,0.0
2006-05-22,0,0.0,0.0,0.0,0.0
2006-05-23,0,0.0,0.0,0.0,0.0
2006-05-24,0,0.0,0.0,0.0,0.0
2006-05-25,0,0.0,0.0,0.0,0.0
2006-05-26,0,0.0,0.0,0.0,0.0
2006-05-29,0,0.0,0.0,0.0,0.0
2006-05-30,0,0.0,0.0,0.0,0.0
2006-05-31,0,0.0,0.0,0.0,0.0
2006-06-01,0,0.0,0.0,0.0,0.0
2006-06-02,0,0.0,0.0,0.0,0.0
2006-06-05,0,0.0,0.0,0.0,0.0
2006-06-06,0,0.0,0.0,0.0,0.0
2006-06-07,0,0.0,0.0,0.0,0.0
2006-06-08,0,0.0,0.0,0.0,0.0
2006-06-09,0,0.0,0.0,0.0,0.0
2006-06-12,0,0.0,0.0,0.0,0.0
2006-06-13,0,0.0,0.0,0.0,0.0
2006-06-14,0,0.0,0.0,0.0,0.0
2006-06-15,0,0.0,0.0,0.0,0.0
2006-06-16,0,0.0,0.0,0.0,0.0
2006-06-19,0,0.0,0.0,0.0,0.0
2006-06-20,0,0.0,0.0,0.0,0.0
2006-06-21,0,0.0,0.0,0.0,0.0
2006-06-22,0,0.0,0.0,0.0,0.0
2006-06-23,0,0.0,0.0,0.0,0.0
2006-06-26,0,0.0,0.0,0.0,0.0
2006-06-27,0,0.0,0.0,0.0,0.0
2006-06-28,0,0.0,0.0,0.0,0.0
2006-06-29,0,0.0,0.0,0.0,0.0
2006-06-30,0,0.0,0.0,0.0,0.0
2006-07-03,0,0.0,0.0,0.0,0.0
2006-07-04,0,0.0,0.0,0.0,0.0
2006-07-05,0,0.0,0.0,0.0,0.0
2006-07-06,0,0.0,0.0,0.0,0.0
2006-07-07,0,0.0,0.0,0.0,0.0
2006-07-10,0,0.0,0.0,0.0,0.0
2006-07-11,0,0.0,0.0,0.0,0.0
2006-07-12,0,0.0,0.0,0.0,0.0
2006-07-13,0,0.0,0.0,0.0,0.0
2006-07-14,0,0.0,0.0,0.0,0.0
2006-07-17,0,0.0,0.0,0.0,0.0
2006-07-18,0,0.0,0.0,0.0,0.0
2006-07-19,0,0.0,0.0,0.0,0.0
2006-07-20,0,0.0,0.0,0.0,0.0
2006-07-21,0,0.0,0.0,0.0,0.0
2006-07-24,0,0.0,0.0,0.0,0.0
2006-07-25,0,0.0,0.0,0.0,0.0
2006-07-26,0,0.0,0.0,0.0,0.0
2006-07-27,0,0.0,0.0,0.0,0.0
2006-07-28,0,0.0,0.0,0.0,0.0
2006-07-31,0,0.0,0.0,0.0,0.0
2006-08-01,0,0.0,0.0,0.0,0.0
2006-08-02,0,0.0,0.0,0.0,0.0
2006-08-03,0,0.0,0.0,0.0,0.0
2006-08-04,0,0.0,0.0,0.0,0.0
2006-08-07,0,0.0,0.0,0.0,0.0
2006-08-08,0,0.0,0.0,0.0,0.0
2006-08-09,0,0.0,0.0,0.0,0.0
2006-08-10,0,0.0,0.0,0.0,0.0
2006-08-11,0,0.0,0.0,0.0,0.0
2006-08-14,0,0.0,0.0,0.0,0.0
2006-08-15,0,0.0,0.0,0.0,0.0
2006-08-16,0,0.0,0.0,0.0,0.0
2006-08-17,0,0.0,0.0,0.0,0.0
2006-08-18,0,0.0,0.0,0.0,0.0
2006-08-21,0,0.0,0.0,0.0,0.0
2006-08-22,0,0.0,0.0,0.0,0.0
2006-08-23,0,0.0,0.0,0.0,0.0
2006-08-24,0,0.0,0.0,0.0,0.0
2006-08-25,0,0.0,0.0,0.0,0.0
2006-08-28,0,0.0,0.0,0.0,0.0
2006-08-29,0,0.0,0.0,0.0,0.0
2006-08-30,0,0.0,0.0,0.0,0.0
2006-08-31,0,0.0,0.0,0.0,0.0
2006-09-01,0,0.0,0.0,0.0,0.0
2006-09-04,0,0.0,0.0,0.0,0.0
2006-09-05,0,0.0,0.0,0.0,0.0
2006-09-06,0,0.0,0.0,0.0,0.0
2006-09-07,0,0.0,0.0,0.0,0.0
2006-09-08,0,0.0,0.0,0.0,0.0
2006-09-11,0,0.0,0.0,0.0,0.0
2006-09-12,0,0.0,0.0,0.0,0.0
2006-09-13,0,0.0,0.0,0.0,0.0
2006-09-14,0,0.0,0.0,0.0,0.0
2006-09-15,0,0.0,0.0,0.0,0.0
2006-09-18,0,0.0,0.0,0.0,0.0
2006-09-19,0,0.0,0.0,0.0,0.0
2006-09-20,0,0.0,0.0,0.0,0.0
2006-09-21,0,0.0,0.0,0.0,0.0
2006-09-22,0,0.0,0.0,0.0,0.0
2006-09-25,0,0.0,0.0,0.0,0.0
2006-09-26,0,0.0,0.0,0.0,0.0
2006-09-27,0,0.0,0.0,0.0,0.0
2006-09-28,0,0.0,0.0,0.0,0.0
2006-09-29,0,0.0,0.0,0.0,0.0
2006-10-02,0,0.0,0.0,0.0,0.0
2006-10-03,0,0.0,0.0,0.0,0.0
2006-10-04,0,0.0,0.0,0.0,0.0
2006-10-05,0,0.0,0.0,0.0,0.0
2006-10-06,0,0.0,0.0,0.0,0.0
2006-10-09,0,0.0,0.0,0.0,0.0
2006-10-10,0,0.0,0.0,0.0,0.0
2006-10-11,0,0.0,0.0,0.0,0.0
2006-10-12,0,0.0,0.0,0.0,0.0
2006-10-13,0,0.0,0.0,0.0,0.0
2006-10-16,0,0.0,0.0,0.0,0.0
2006-10-17,0,0.0,0.0,0.0,0.0
2006-10-18,0,0.0,0.0,0.0,0.0
2006-10-19,0,0.0,0.0,0.0,0.0
2006-10-20,0,0.0,0.0,0.0,0.0
2006-10-23,0,0.0,0.0,0.0,0.0
2006-10-24,0,0.0,0.0,0.0,0.0
2006-10-25,0,0.0,0.0,0.0,0.0
2006-10-26,0,0.0,0.0,0.0,0.0
2006-10-27,0,0.0,0.0,0.0,0.0
2006-10-30,0,0.0,0.0,0.0,0.0
2006-10-31,0,0.0,0.0,0.0,0.0
2006-11-01,0,0.0,0.0,0.0,0.0
2006-11-02,0,0.0,0.0,0.0,0.0
2006-11-03,0,0.0,0.0,0.0,0.0
2006-11-06,0,0.0,0.0,0.0,0.0
2006-11-07,0,0.0,0.0,0.0,0.0
2006-11-08,0,0.0,0.0,0.0,0.0
2006-11-09,1,0.0,0.0,0.0,0.0
2006-11-10,1,-13280.194252191624,-486.45312972357954,-757.990867579908,-14524.638249495112
2006-11-13,1,-9978.64192806082,-1515.4193425186659,-2356.798246727931,-13850.859517307417
2006-11-14,1,-20021.46630102976,-512.757038082083,-748.7735454136977,-21282.99688452554
2006-11-15,1,-19911.84314885873,-505.85276482023903,-739.8152968500892,-21157.51121052906
2006-11-16,1,53.96868430359609,-476.8097038114977,-648.0009543715173,-1070.841973879419
2006-11-17,1,39986.60652251789,-377.18515895045476,-574.6488887702718,39034.772474797166
2006-11-20,1,-10004.763297053947,-1305.813842903817,-2164.138772321154,-13474.715912278918
2006-11-21,1,-10020.266321924715,-487.166113704263,-721.3839438200232,-11228.816379449001
2006-11-22,1,-19.072930972644826,-539.0609464405873,-739.7260273972591,-1297.8599048104911
2006-11-23,1,0.0,-516.9221586936882,-739.8152968500892,-1256.7374555437773
2006-11-24,1,-10046.492007073542,-516.9221586936882,-739.8152968500892,-11303.229462617319
2006-11-27,1,9971.415395761378,-1507.2018845679506,-2219.713750926921,6244.499760266506
2006-11-28,1,9904.718446566156,-616.546703554732,-794.9041877265563,8493.267555284867
2006-11-29,1,-9966.74419364426,-575.7212646918567,-859.3160188199164,-11401.781477156032
2006-11-30,1,9764.022117663299,-572.2691280609337,-804.2721753953754,8387.480814206989
2006-12-01,1,69927.23906126918,-708.5539911732467,-887.2917265995262,68331.39334349641
2006-12-04,1,0.0,-2397.405932491186,-2995.3011186200633,-5392.707051111249
2006-12-05,1,20182.13528115475,-743.7883414631495,-998.4337062066879,18439.913233484913
2006-12-06,1,-39950.433713377715,-739.6232208515444,-980.1317960941532,-41670.18873032341
2006-12-07,1,20086.32322947974,-659.3983110871611,-887.7317528395212,18539.19316555306
2006-12-08,1,-29770.212546866213,-710.5801598428014,-915.2705638358352,-31396.063270544848
2006-12-11,1,-30004.0366928157,-1768.5322847147718,-2273.9726027397287,-34046.5415802702
2006-12-12,1,29949.952138599016,-590.250901514768,-758.1150641861772,28601.58617289807
2006-12-13,1,224.98553576043923,-644.8456862695976,-859.2647800828869,-1279.1249305920453
2006-12-14,1,-10011.81554685724,-545.2428218131845,-712.1373096508181,-11269.195678321243
2006-12-15,1,0.0,-575.0014949665132,-675.3675756218839,-1250.369070588397
2006-12-18,1,19987.932911835338,-1658.6025752619294,-1971.3056196662073,16358.024716907203
2006-12-19,1,0.0,-515.484148659854,-739.4159278594844,-1254.9000765193384
2006-12-20,1,0.0,-515.484148659854,-712.0285876667814,-1227.5127363266354
2006-12-21,1,77.11965190981573,-570.8190733578613,-712.0285876667814,-1205.7280091148268
2006-12-22,1,30026.080026162083,-615.0870131162675,-767.3150027744465,28643.67801027137
2006-12-25,1,0.0,-1677.0358454252475,-2135.9686471108935,-3813.004492536141
2006-12-26,1,-19933.412280142406,-559.0119484750826,-711.9895490369645,-21204.413777654452
2006-12-27,1,-10097.263713868539,-607.4623098421409,-730.2922190041396,-11435.01824271482
2006-12-28,1,-10135.773168977605,-404.81429926383987,-620.2634395463753,-11160.85090778782
2006-12-29,1,9933.572699961036,-434.5729724171688,-528.7410593817539,8970.258668162114
2007-01-01,1,0.0,-1048.438123697494,-1504.1571978777895,-2552.5953215752834
2007-01-02,1,-9820.3155186035,-349.47937456583134,-501.38573262592985,-10671.180625795261
2007-01-03,1,29999.09424494823,-512.0418669943797,-547.1522921452114,28939.90008580864
2007-01-04,1,212.97989678430167,-544.5026818700071,-611.2427365077714,-942.7655215934768
2007-01-05,1,-20067.538163974812,-555.5696668096081,-666.402513997097,-21289.51034478152
2007-01-08,1,-10023.475168279992,-1380.4476718855415,-1806.4740912718955,-13210.39693143743
2007-01-09,1,-10006.19672543012,-456.55867837293584,-630.1369863013686,-11092.892390104424
2007-01-10,1,10002.412580581939,-464.16803561229045,-639.1933935798581,8899.051151389789
2007-01-11,1,-53.199096748990996,-456.55867837293613,-584.2536962604627,-1094.0114713823898
2007-01-12,1,9905.419924078578,-412.2863884940648,-529.1436980187016,8963.989837565812
2007-01-15,1,0.0,-1014.8057893092162,-1504.9233875952523,-2519.7291769044687
2007-01-16,1,80.16617947203486,-338.26859643640546,-501.64112919841745,-759.7435461627881
2007-01-17,1,-10122.523787236503,-426.8131761941456,-556.5102175697599,-11105.847181000408
2007-01-18,1,-19785.038015587,-334.8098812060428,-474.10008037351577,-20593.947977166557
2007-01-19,1,-10075.03168113334,-327.89245074531857,-492.4969484698147,-10895.421080348473
2007-01-22,1,77.57138511925586,-906.8927717265614,-1312.6921917682394,-2142.013578375545
2007-01-23,1,19809.929639739337,-313.3656630452374,-492.37823716408275,19004.185739530018
2007-01-24,1,9980.727424502384,-309.21502103624437,-437.5113391562373,9234.001064309901
2007-01-25,1,9664.372543312398,-334.8098812060428,-437.56406392274647,8891.998598183609
2007-01-26,1,-75.10842281553414,-327.2005239666871,-373.39036223932874,-775.69930902155
2007-01-29,1,19792.245094706916,-782.3762674451475,-1092.9043443959592,17916.96448286581
2007-01-30,1,-9798.796813552071,-267.7095196091081,-364.29289503740966,-10430.79922819859
2007-01-31,1,-9576.938249185841,-242.11465943931057,-373.3818003183667,-10192.434708943518
2007-02-01,1,-10041.861764864756,-393.60895878499286,-419.22586957690737,-10854.696593226656
2007-02-02,1,10041.752597858398,-323.74180873632554,-355.3923102439738,9362.6184788781
2007-02-05,1,122.2686807265236,-881.9889196726059,-1175.644232638929,-1935.3644715850114
2007-02-06,1,-19749.74927234854,-327.20052396668814,-446.68438241681264,-20523.63417873204
2007-02-07,1,-7.147226974272425,-331.21444342208986,-474.88584474885806,-813.2475151452204
2007-02-08,1,-10014.25390381595,-353.3564074338906,-529.8816691074489,-10897.491980357288
2007-02-09,1,10095.985113635543,-372.02152953965094,-520.7362317523659,9203.227352343527
2007-02-12,1,-10004.665814554115,-960.4303842485713,-1342.1228032942133,-12307.2190020969
2007-02-13,1,9976.370535765851,-327.737601516051,-438.14489844072085,9210.488035809078
2007-02-14,1,141.3389540217904,-298.0014974043901,-419.82213516595374,-576.4846785485533
2007-02-15,1,-42.547280609062,-397.64033545748936,-539.0271064625329,-979.2147225290842
2007-02-16,1,-10033.304998342788,-464.06622749288954,-584.9910710005814,-11082.362296836258
2007-02-19,1,0.0,-1215.7034266720532,-1837.2474606804205,-3052.9508873524737
2007-02-20,1,9978.810293169765,-405.2344755573511,-612.4158202268069,8961.159997385608
2007-02-21,1,31.992689206117575,-464.06622749288954,-639.9927148164785,-1072.0662531032503
2007-02-22,1,-9895.947252973041,-408.71131746339006,-639.9122761837082,-10944.57084662014
2007-02-23,1,-76.97335831077362,-383.0925115455506,-557.2931842695534,-1017.3590541258777
2007-02-26,1,-166.0001146000577,-1248.916372689751,-1919.7499087610136,-3334.666396050822
2007-02-27,1,49414.382283228944,-538.0862596281504,-777.5202449481349,48098.775778652656
2007-02-28,1,551.2480874430694,-721.5351992468442,-972.0001837232232,-1142.2872955269982
2007-03-01,1,20060.413663146952,-810.1030552940433,-879.5529068550269,18370.75770099788
2007-03-02,1,29826.811150990805,-728.4888830589222,-925.6935609998714,28172.62870693201
2007-03-05,0,20003.6633546406,-2183.5452803134217,-2944.636717424798,14875.481356902383
2007-03-06,0,-3289.501511780992,0.0,0.0,-3289.501511780992
2007-03-07,0,0.0,0.0,0.0,0.0
2007-03-08,0,0.0,0.0,0.0,0.0
2007-03-09,0,0.0,0.0,0.0,0.0
2007-03-12,0,0.0,0.0,0.0,0.0
2007-03-13,0,0.0,0.0,0.0,0.0
2007-03-14,0,0.0,0.0,0.0,0.0
2007-03-15,0,0.0,0.0,0.0,0.0
2007-03-16,0,0.0,0.0,0.0,0.0
2007-03-19,0,0.0,0.0,0.0,0.0
2007-03-20,0,0.0,0.0,0.0,0.0
2007-03-21,0,0.0,0.0,0.0,0.0
2007-03-22,0,0.0,0.0,0.0,0.0
2007-03-23,0,0.0,0.0,0.0,0.0
2007-03-26,0,0.0,0.0,0.0,0.0
2007-03-27,0,0.0,0.0,0.0,0.0
2007-03-28,0,0.0,0.0,0.0,0.0
2007-03-29,0,0.0,0.0,0.0,0.0
2007-03-30,0,0.0,0.0,0.0,0.0
2007-04-02,0,0.0,0.0,0.0,0.0
2007-04-03,0,0.0,0.0,0.0,0.0
2007-04-04,0,0.0,0.0,0.0,0.0
2007-04-05,0,0.0,0.0,0.0,0.0
2007-04-06,0,0.0,0.0,0.0,0.0
2007-04-09,0,0.0,0.0,0.0,0.0
2007-04-10,0,0.0,0.0,0.0,0.0
2007-04-11,0,0.0,0.0,0.0,0.0
2007-04-12,0,0.0,0.0,0.0,0.0
2007-04-13,0,0.0,0.0,0.0,0.0
2007-04-16,0,0.0,0.0,0.0,0.0
2007-04-17,0,0.0,0.0,0.0,0.0
2007-04-18,0,0.0,0.0,0.0,0.0
2007-04-19,0,0.0,0.0,0.0,0.0
2007-04-20,0,0.0,0.0,0.0,0.0
2007-04-23,0,0.0,0.0,0.0,0.0
2007-04-24,0,0.0,0.0,0.0,0.0
2007-04-25,0,0.0,0.0,0.0,0.0
2007-04-26,0,0.0,0.0,0.0,0.0
2007-04-27,0,0.0,0.0,0.0,0.0
2007-04-30,0,0.0,0.0,0.0,0.0
2007-05-01,0,0.0,0.0,0.0,0.0
2007-05-02,0,0.0,0.0,0.0,0.0
2007-05-03,0,0.0,0.0,0.0,0.0
2007-05-04,0,0.0,0.0,0.0,0.0
2007-05-07,0,0.0,0.0,0.0,0.0
2007-05-08,0,0.0,0.0,0.0,0.0
2007-05-09,0,0.0,0.0,0.0,0.0
2007-05-10,0,0.0,0.0,0.0,0.0
2007-05-11,0,0.0,0.0,0.0,0.0
2007-05-14,0,0.0,0.0,0.0,0.0
2007-05-15,0,0.0,0.0,0.0,0.0
2007-05-16,0,0.0,0.0,0.0,0.0
2007-05-17,0,0.0,0.0,0.0,0.0
2007-05-18,0,0.0,0.0,0.0,0.0
2007-05-21,0,0.0,0.0,0.0,0.0
2007-05-22,0,0.0,0.0,0.0,0.0
2007-05-23,0,0.0,0.0,0.0,0.0
2007-05-24,0,0.0,0.0,0.0,0.0
2007-05-25,0,0.0,0.0,0.0,0.0
2007-05-28,0,0.0,0.0,0.0,0.0
2007-05-29,0,0.0,0.0,0.0,0.0
2007-05-30,0,0.0,0.0,0.0,0.0
2007-05-31,0,0.0,0.0,0.0,0.0
2007-06-01,0,0.0,0.0,0.0,0.0
2007-06-04,0,0.0,0.0,0.0,0.0
2007-06-05,0,0.0,0.0,0.0,0.0
2007-06-06,0,0.0,0.0,0.0,0.0
2007-06-07,-1,0.0,0.0,0.0,0.0
2007-06-08,-1,-33303.94804508595,271.089006968108,-73.05936073059367,-33105.91839884844
2007-06-11,-1,-19990.579329133787,944.4026598123789,-301.5204770805057,-19347.697146401915
2007-06-12,-1,-49813.68211960886,332.90471150870513,-45.73348399916487,-49526.510892099315
2007-06-13,-1,59578.09605448094,262.27127781610795,-146.32439052222307,59694.042941774824
2007-06-14,-1,-9885.20496336839,241.07208766066915,-237.43248104839589,-9881.565356756117
2007-06-15,-1,19647.937121728748,244.60528601991015,-292.1662059241256,19600.376201824532
2007-06-18,-1,-30013.887750697326,811.9535215791844,-876.7325825281008,-30078.666811646242
2007-06-19,-1,-10129.793886921834,292.28819712354806,-118.84700391053033,-9956.352693708817
2007-06-20,-1,-20014.610226587698,351.0085364132839,-0.007763474832259476,-19663.60945364925
2007-06-21,-1,-9964.527986288804,391.1872176900626,45.59761951655769,-9527.743149082182
2007-06-22,-1,-40083.182158038304,372.64555967710277,-0.1618811551167738,-39710.698479516315
2007-06-25,-1,-136.90792796752794,1292.7841975753836,356.11154048548497,1511.9878100933406
2007-06-26,-1,20048.460666657003,541.3023477194563,320.17941753140923,20909.942431907868
2007-06-27,-1,20020.387822991237,456.9739536982793,256.03849713427877,20733.400273823794
2007-06-28,-1,20044.044613325088,449.9075569797998,118.86101863012946,20612.81318893502
2007-06-29,-1,-118.30868165151333,387.65401933082285,27.34834042601395,296.6936781053235
2007-07-02,-1,20094.100585170305,1626.5340418086475,521.9072836010737,22242.54191058003
2007-07-03,-1,-20198.622190619702,546.1490454038355,366.2473602104816,-19286.225785005387
2007-07-04,-1,0.0,442.8411602613213,301.94135438550836,744.7825146468297
2007-07-05,-1,-10142.813294766791,442.8411602613213,301.94135438550836,-9398.030780119961
2007-07-06,-1,-29929.441719889972,347.03750494566447,136.897033059205,-29445.507181885103
2007-07-09,-1,9996.286132561469,972.97023603829,219.17808219178102,11188.434450791541
2007-07-10,-1,10154.724998463847,342.811037828856,210.14977421075977,10707.685810503464
2007-07-11,-1,-20386.510542426753,493.5036023753497,384.5314826549562,-19508.47545739645
2007-07-12,-1,9871.484754943194,456.5283507431653,338.53161326698785,10666.544718953348
2007-07-13,-1,20056.562658772582,419.9305854215889,265.1013902923508,20741.594634486522
2007-07-16,-1,10196.277576132845,1205.4613377483188,740.6929989303892,12142.431912811553
2007-07-17,-1,-10174.399141939273,530.4788540075336,384.32062518639634,-9259.599662745344
2007-07-18,-1,-9755.878361781739,467.92291528130727,356.73961261390593,-8931.215833886525
2007-07-19,-1,9893.416486462575,526.5548370579486,448.6968075738834,10868.668131094408
2007-07-20,-1,451.6049462566589,478.9399935088404,411.862937517051,1342.4078772825503
2007-07-23,-1,-84.90881620285654,1701.229857987323,1566.8090511888392,3183.1300929733056
2007-07-24,-1,244.02270427727126,567.0766193291078,613.7950720089876,1424.8943956153666
2007-07-25,-1,-9842.449079504753,589.1107757841754,614.0855461309122,-8639.252757589666
2007-07-26,-1,-48876.92509728056,702.8280886984836,641.8256459906197,-47532.271362591455
2007-07-27,-1,-10190.76048243231,874.7998370788258,845.9464456935912,-8470.014199659892
2007-07-30,-1,9784.182206852154,2535.8853991056003,2482.9810502056926,14803.048656163446
2007-07-31,-1,10559.975270500967,852.7656806237587,873.0611938180853,12285.80214494281
2007-08-01,-1,20391.19402663708,871.2533064398511,901.0745510590059,22163.52188413594
2007-08-02,-1,19950.756695022043,886.1944016169679,809.2326545084472,21646.18375114746
2007-08-03,-1,-69426.18067550297,779.9476362912177,744.5539061088804,-67901.67913310287
2007-08-06,-1,-10229.546168427834,2843.9861031659257,2817.8901436744914,-4567.669921587418
2007-08-07,-1,49968.83006513117,970.3557563734189,931.506849315068,51870.69267081966
2007-08-08,-1,10069.36946452441,842.9912437356884,866.4149175025301,11778.77562576263
2007-08-09,-1,-99957.98658989678,762.507575019353,765.1683291205974,-98430.31068575683
2007-08-10,-1,-39926.386086912986,1116.255979434635,803.0106433404399,-38007.11946413791
2007-08-13,-1,19873.316151088835,1046.9324512858673,2162.646559610139,23082.895161984838
2007-08-14,-1,-20142.250062846935,496.07043698650295,912.904246426118,-18733.275379434315
2007-08-15,-1,-80120.64566892819,282.9645643354098,886.438151842686,-78951.2429527501
2007-08-16,-1,-100308.92524769987,629.7757766466308,539.9172099430465,-99139.2322611102
2007-08-17,-1,20003.185506324502,1159.558632866036,468.1150668259075,21630.859206016445
2007-08-20,-1,-30161.53182474131,2929.760966873554,658.9082990665811,-26572.862558801175
2007-08-21,-1,-20102.342632970525,1196.03368863134,293.3990469094201,-18612.909897429763
2007-08-22,-1,70326.01453886705,1114.9536548333394,229.57670987278863,71670.54490357319
2007-08-23,-1,60230.89688724634,848.626111238453,18.415738801015664,61097.938737285804
2007-08-24,-1,90267.52333216442,893.8274543528161,110.15582045701183,91271.50660697425
2007-08-27,-1,10089.932348745031,3016.9142459261766,440.0432480674807,13546.889842738688
2007-08-28,-1,-79926.29058336998,1200.2082442029998,860.7401694135501,-77865.34216975344
2007-08-29,-1,-30323.455029645127,1425.9957708988861,789.3216038475609,-28108.137654898677
2007-08-30,-1,196.9513571611751,1095.3348086844878,422.20162326265563,1714.4877891083186
2007-08-31,-1,40021.332060452114,1161.3477281110336,413.74833125864234,41596.42811982179
2007-09-03,-1,0.0,3079.3489748627244,827.3980157442879,3906.7469906070123
2007-09-04,-1,-40247.31961471449,1026.449658287575,275.79933858142937,-38945.07061784549
2007-09-05,-1,-20015.33277898892,1343.8316910208239,876.7123287671225,-17794.788759200972
2007-09-06,-1,19945.925625962558,1416.5408550529883,859.9422286107042,22222.40870962625
2007-09-07,-1,-49798.70997031836,1135.3871221336415,777.0355620722333,-47886.287286112485
2007-09-10,-1,10261.594331961609,3655.2693934866898,2228.739892720091,16145.603618168388
2007-09-11,-1,49935.69912954053,1478.279252301618,798.4520133038862,52212.43039514604
2007-09-12,-1,-40364.74027338972,1362.3309429224207,742.4825349375255,-38259.92679552978
2007-09-13,-1,49709.044052421596,1507.7492709867506,632.3367518853047,51849.13007529365
2007-09-14,-1,-9951.281372912861,1249.180993421587,475.57405003964476,-8226.52632945163
2007-09-17,-1,19986.071774106895,4383.203531922733,1372.7452341044832,25742.02054013411
2007-09-18,-1,-100125.00693499779,1509.037114560975,557.8856993765844,-98058.08412106024
2007-09-19,-1,-30085.997936232954,1181.424627359035,384.37869607095524,-28520.194612802963
2007-09-20,-1,-60071.304918705224,994.2776702518127,347.55285491857927,-58729.47439353484
2007-09-21,-1,9676.93071634836,938.1359927599087,181.521392912232,10796.588102020502
2007-09-24,-1,-46.5281659065804,2902.818034335125,792.6456993009167,3648.9355677294616
2007-09-25,-1,-50048.52563142601,956.635244661506,282.63367870025513,-48809.25670806425
2007-09-26,-1,-30047.335572537286,1116.466621174846,310.00628070476796,-28620.862670657672
2007-09-27,-1,29794.67988505022,1225.5303672230925,346.7431782093047,31366.953430482616
2007-09-28,-1,10053.244654037118,1291.9988897114201,411.2552331876128,11756.49877693615
2007-10-01,-1,80054.26153900634,2647.9147111653483,1233.3319213393404,83935.50817151103
2007-10-02,-1,-20053.393816564876,1173.2522204538623,420.4204641660407,-18459.721131944974
2007-10-03,-1,30063.296044482217,1070.429115949452,512.1884804154105,31645.91364084708
2007-10-04,-1,-10003.805951528871,905.2647748429724,410.9589041095908,-8687.582272576308
2007-10-05,-1,-30033.060146317337,996.3309693115116,447.6378476651265,-28589.0913293407
2007-10-08,-1,0.0,2855.6607607125707,1175.1300147917225,4030.7907755042934
2007-10-09,-1,50044.12357412276,951.8869202375236,391.7100049305742,51387.72049929085
2007-10-10,-1,19886.02185395097,1011.3560763962563,382.27960218018643,21279.657532527413
2007-10-11,-1,-29920.973673196495,577.3002203201806,364.25715939472735,-28979.416293481587
2007-10-12,-1,60075.72534735389,861.4519979492337,409.77116751907397,61346.94851282219
2007-10-15,-1,-45.73811532138461,2193.828634885544,872.3530491399328,3020.4435687040923
2007-10-16,-1,-69957.1611960318,807.9485711925576,454.8596863460383,-68694.3529384932
2007-10-17,-1,-30324.882322675767,799.1734732896872,555.7059907058622,-28970.00285868022
2007-10-18,-1,-20064.642773971354,962.840114460959,493.0410361446568,-18608.76162336574
2007-10-19,-1,-19984.53340187145,1035.4405611636905,466.3274805258037,-18482.765360181955
2007-10-22,-1,40066.649461616136,3817.0167636538254,2090.192522318677,45973.85874758864
2007-10-23,-1,-30020.359553372353,1138.0912220359126,742.0522760327773,-28140.216055303663
2007-10-24,-1,-19843.267765645753,1148.4131440790986,742.4114799643557,-17952.4431416023
2007-10-25,-1,-10091.204651344013,1308.6391445693077,670.0855379994852,-8112.479968775219
2007-10-26,-1,-10243.311843086547,1443.5181159315857,724.9696546298792,-8074.824072525083
2007-10-29,-1,40194.98133619952,4045.1400258052067,2173.1751233668947,46413.296485371626
2007-10-30,-1,20007.173389243224,1356.5238343243573,761.0012138332613,22124.698437400843
2007-10-31,-1,39716.50043322805,1251.0638049513218,623.3835669505895,41590.94780512996
2007-11-01,-1,-49763.57263164713,908.7054155240338,448.3353199319611,-48406.53189619113
2007-11-02,-1,-60013.6375661612,1098.2973084347684,511.4155251141557,-58403.92473261227
2007-11-05,-1,-10055.777967784616,2699.8240529355458,1262.5995352101663,-6093.354379638903
2007-11-06,-1,-20004.638606898014,881.4695728542497,676.3529181503172,-18446.816115893445
2007-11-07,-1,-50114.90283931441,800.7633722503883,566.3122665165197,-48747.8272005475
2007-11-08,-1,-80215.18180075061,1102.268280827021,503.035515864967,-78609.87800405863
2007-11-09,-1,9.211012952335295,1490.5864491856755,641.6543021513953,2141.451764289406
2007-11-12,-1,0.0,4340.471414491041,1982.4906807047605,6322.962095195802
2007-11-13,-1,90324.64336726847,1446.823804830347,660.8302269015869,92432.2973990004
2007-11-14,-1,9987.956298538273,1416.1379083497586,614.0437835597681,12018.1379904478
2007-11-15,-1,-110113.30001141624,1368.9657199410308,448.8993977216096,-108295.4348937536
2007-11-16,-1,80.63913314065212,1581.5212819497322,634.3611106889562,2296.5215257793407
2007-11-19,-1,-69995.33762920408,4711.741862582698,2069.3501432805997,-63214.24562334078
2007-11-20,-1,-30148.237327240604,1758.5573455671747,958.4264988857449,-27431.25348278768
2007-11-21,-1,-90284.77567739226,1812.5486220826997,793.4294548460466,-87678.79760046351
2007-11-22,-1,0.0,1996.4037738069403,850.734506588444,2847.1382803953843
2007-11-23,-1,70589.6940775448,1996.4037738069403,850.734506588444,73436.83235794019
2007-11-26,-1,31768.5056097162,5851.966929766452,2688.122044491489,40308.59458397414
2007-11-27,-1,8252.269315602374,2170.1808939607663,1103.0120411806906,11525.46225074383
2007-11-28,-1,39464.47628438857,1772.9075507094058,897.0983907320913,42134.48222583007
2007-11-29,-1,-19368.410698201595,1781.1506966734762,674.0052111722191,-16913.2547903559
2007-11-30,-1,-50785.98254983756,1930.1983789350923,721.7287120828842,-48134.05545881958
2007-12-03,-1,-60034.75543668889,6219.764381422469,2712.3287671232856,-51102.66228814313
2007-12-04,-1,0.0,2093.3320191204702,1016.1454540134582,3109.4774731339285
2007-12-05,-1,-30116.200806435325,2071.578219102492,897.2008772125932,-27147.42171012024
2007-12-06,-1,29980.877459748866,1874.955731588183,969.9331981718747,32825.76638950892
2007-12-07,-1,-9748.00914381149,1919.3016189766402,793.7851666933269,-7034.922358141524
2007-12-10,-1,20167.299008246762,5213.221569127949,1937.3334267276816,27317.85400410239
2007-12-11,-1,-61103.3154698094,1731.0481146049895,563.0582690844507,-58809.20908611996
2007-12-12,-1,60192.80155292184,1816.3867399719068,767.454067333718,62776.642360227466
2007-12-13,-1,10449.431712485704,1644.0329145330745,583.0829797113221,12676.5476067301
2007-12-14,-1,40396.54215986761,1510.1639102063705,370.87932024118913,42277.58539031517
2007-12-17,-1,-30286.23751303304,3968.2460795616585,727.7997241400667,-25590.191709331317
2007-12-18,-1,9460.965152390061,1485.063905969561,607.4813705767912,11553.510428936414
2007-12-19,-1,9475.34936973585,1372.9487016608375,654.2498797467895,11502.547951143477
2007-12-20,-1,-10057.331582650513,1249.9565973431231,701.4370701096132,-8105.937915197776
2007-12-21,-1,-39589.05427947952,1710.13260193951,610.6412288254069,-37268.2804487146
2007-12-24,-1,411.76467250217684,4550.568955932093,1906.6268187294163,6868.960447163686
2007-12-25,-1,0.0,1157.9186183473796,907.908967035788,2065.8275853831674
2007-12-26,-1,700.097585461248,1157.9186183473796,907.908967035788,2765.9251708444153
2007-12-27,-1,18812.68492004354,1364.5797185181789,797.1392003483454,20974.403838910064
2007-12-28,-1,-20856.45390641244,1314.3797100445613,653.2022696994886,-18888.871926668387
2007-12-31,-1,-402.4913169835636,3897.954955392727,2731.693728553873,6227.157366963036
2008-01-01,-1,-2.3831087626628578,343.26221854647116,1105.0228310502284,1445.9019408340368
2008-01-02,-1,-40000.000000000044,343.26221854647116,1105.0228310502284,-38551.714950403344
2008-01-03,-1,-50104.0356200448,1682.505121616649,1136.2005953479995,-47285.32990308016
2008-01-04,-1,-60053.58802077588,1905.7717864223027,1164.1589416153213,-56983.65729273826
2008-01-07,-1,40231.12415247211,5842.954704210696,3772.1308248711766,49846.209681553984
2008-01-08,-1,0.0,2010.2926976602564,1330.7984405294737,3341.0911381897304
2008-01-09,-1,-29899.457685323185,2010.2926976602564,1266.597031721526,-26622.567955941402
2008-01-10,-1,-70873.62040414823,2085.5691788974077,1350.7982525031184,-67437.2529727477
2008-01-11,-1,-29933.587623032145,2087.337212461899,1293.854723079453,-26552.395687490793
2008-01-14,-1,50.41638602696548,6585.646943840889,3863.350857678405,10499.41418754626
2008-01-15,-1,40717.50614313242,2216.9502841122376,1269.6195127686537,44204.07594001331
2008-01-16,-1,-40439.73895571157,2257.8567775369856,1327.0012860033507,-36854.880892171226
2008-01-17,-1,10704.876518142919,2271.286874525423,1354.432402383836,14330.595795052179
2008-01-18,-1,-80599.87865618746,2354.8678949394116,1430.586032711579,-76814.42472853647
2008-01-21,-1,0.0,7210.388175244683,4019.022952904339,11229.411128149022
2008-01-22,-1,-139777.77043933384,2403.462725081561,1339.6743176347798,-136034.6333966175
2008-01-23,-1,20374.954670595725,2222.2543848057117,1059.8709035790116,23657.07995898045
2008-01-24,-1,-12530.304896124144,1932.9890661629254,745.7234412802827,-9851.592388680936
2008-01-25,-1,51033.20802453973,1805.9387734183888,851.7752901235964,53690.922088081716
2008-01-28,-1,-30303.024921005654,5856.482770267198,2200.037128803315,-22246.50502193514
2008-01-29,-1,9259.086163875632,1886.162269585267,705.7738085744861,11851.022242035386
2008-01-30,-1,-80034.35441504416,1735.597317942949,529.6803652968038,-77769.07673180441
2008-01-31,-1,-20463.37441156122,1524.5857684735179,418.26069060108387,-18520.52795248662
2008-02-01,-1,-30069.50069364033,1628.3146739253273,274.1560473358719,-28167.02997237913
2008-02-04,-1,-70229.12400306443,4849.9031745097245,1676.6180125019282,-63702.60281605277
2008-02-05,-1,-80353.86769462543,1326.7787698563252,704.0558212230457,-78323.03310354607
2008-02-06,-1,30133.184466372586,1396.3552626833311,843.6498523340591,32373.189581389976
2008-02-07,-1,-100384.5065313683,1602.2888051567963,733.482772910126,-98048.73495330138
2008-02-08,-1,39535.724757178075,1700.051268971186,730.3318702994968,41966.10789644875
2008-02-11,-1,20048.656227840107,5319.544501092014,2446.2674072170767,27814.468136149197
2008-02-12,-1,-30091.93795588828,1583.1178126671382,843.4135227137065,-27665.406620507438
2008-02-13,-1,-70187.81875817756,1614.6049213675817,814.9102816634761,-67758.3035551465
2008-02-14,-1,-129833.4276095035,1788.7987542878498,841.4752810168218,-127203.15357419882
2008-02-15,-1,69215.67634969813,1820.921696776993,846.7517487593273,71883.34979523445
2008-02-18,-1,0.0,5263.9390249891385,2410.0857417429193,7674.024766732058
2008-02-19,-1,21143.97674930014,1754.6463416630468,803.3619139143066,23701.985004877497
2008-02-20,-1,40612.48578799001,1553.7908061855478,607.6790794348317,42773.95567361039
2008-02-21,-1,-2144.9542627851188,1519.0025597720448,488.18443009538964,-137.7672729176843
2008-02-22,-1,-19922.50268659839,1702.4639720427917,674.656375295862,-17545.382339259737
2008-02-25,-1,31153.974458111494,4997.696569039147,2270.0849064375057,38421.755933588145
2008-02-26,-1,-60495.35032443708,1526.4932698396178,451.77897258847145,-58517.07808200899
2008-02-27,-1,-367.41692300133946,1481.5490094341824,552.9771790575367,1667.1092654903796
2008-02-28,-1,-13.535452182253962,1598.1666973747879,502.28310502283165,2086.9143502153656
2008-02-29,-1,-39153.98171335424,1887.5440821974312,633.7318420399581,-36632.705789116844
2008-03-03,-1,-50334.59284014361,6249.156150835633,2576.794997376324,-41508.641691931654
2008-03-04,-1,-51167.44643793329,2239.0161427952403,895.6409321024487,-48032.789363035605
2008-03-05,-1,-60706.71636386594,1998.4260412957206,755.689904439502,-57952.600418130714
2008-03-06,-1,-49978.29642810703,2039.8224918124986,717.0391489686613,-47221.434787325874
2008-03-07,-1,60673.39258709622,2260.092669845337,737.9245318006215,63671.409788742174
2008-03-10,-1,41061.75512973381,6623.935615227605,1888.0778499079368,49573.76859486935
2008-03-11,-1,129125.67396596502,2291.1302742313746,549.4656396985307,131966.2698798949
2008-03-12,-1,976.1502529572608,1915.6331402621665,325.23858592715254,3217.0219791465797
2008-03-13,-1,-71235.29280926997,2054.96299221381,382.81079092514926,-68797.519026131
2008-03-14,-1,-39049.799780842746,2088.9686099242404,280.1962593461176,-36680.634911572386
2008-03-17,-1,-18788.870353723294,6853.429734016061,849.5191768735053,-11085.921442833727
2008-03-18,-1,88362.96955564918,2098.2120176829453,506.93796191619657,90968.11953524832
2008-03-19,-1,61601.66145932179,1253.7266347947063,62.11390352685851,62917.501997643354
2008-03-20,-1,91215.86043724131,1190.8948224392147,-36.75669667741124,92369.9985630031
2008-03-21,-1,0.0,1257.4123176963353,-191.7595736511504,1065.652744045185
2008-03-24,-1,25769.237272152997,3322.0943544760034,-575.278720953451,28516.05290567555
2008-03-25,-1,604.1967553233189,829.4422175023739,42.344767613696206,1475.9837404393888
2008-03-26,-1,-80217.19375165111,1247.4317733573034,61.43589881734067,-78908.32607947648
2008-03-27,-1,-30758.645497709935,1231.1758345839585,98.16705748563686,-29429.30260564034
2008-03-28,-1,29982.67928420538,1178.9541143125334,54.79452054794541,31216.42791906586
2008-03-31,-1,-29949.092853669215,3121.5702718753646,636.2138692884889,-26191.308712505364
2008-04-01,-1,59599.18658505242,1554.0074032579878,331.3062102778476,61484.500198588255
2008-04-02,-1,49945.55364468786,1202.1353647607405,-8.942413801004705,51138.74659564759
2008-04-03,-1,19964.009951921696,885.6910814592683,-109.43183792010359,20740.26919546086
2008-04-04,-1,29909.95759018509,857.6988040900558,-173.22893768497477,30594.427456590172
2008-04-07,-1,49647.07811871698,3025.7848099102694,-240.45706998827904,52432.405858638966
2008-04-08,-1,-89778.42882183912,842.1719689134666,-190.287350911104,-89126.54420383676
2008-04-09,-1,-9915.096170731573,946.7056005637527,-63.47341871966705,-9031.863988887486
2008-04-10,-1,9760.396380871658,1024.9965887818657,10.985270402789922,10796.378240056314
2008-04-11,-1,-19862.297256460035,1053.8636831195968,-172.4391236099151,-18980.87269695035
2008-04-14,-1,-20144.112709915906,3663.4844034342213,-542.3460303911984,-17022.974336872885
2008-04-15,-1,-10139.389860984193,1152.7114708803592,-199.7828881010713,-9186.461278204904
2008-04-16,-1,20043.640707029204,1091.6969517758744,-292.12122546794626,20843.216433337133
2008-04-17,-1,119770.89819502005,967.2624001064027,-439.18335403481956,120298.97724109163
2008-04-18,-1,39888.87963703839,788.5929276355446,-547.1260117522925,40130.34655292165
2008-04-21,-1,29740.42574428315,1972.7931453240853,-1477.0144184582598,30236.204471148976
2008-04-22,-1,49677.16375799326,594.1776825430409,-500.85163178052375,49770.489808755774
2008-04-23,-1,-49613.40665726893,224.1543579636463,-681.6499079334625,-50070.902207238745
2008-04-24,-1,89872.09452456393,465.58798347602817,-655.277650245061,89682.4048577949
2008-04-25,-1,-9652.583957112005,318.1911188034036,-971.6169978898452,-10306.009836198447
2008-04-28,-1,-30032.671271554616,953.8468285537383,-2712.328767123288,-31791.153210124165
2008-04-29,-1,14.386883815881447,425.0005760645136,-739.9011538254072,-300.5136939450121
2008-04-30,-1,20166.19647289224,349.5234040903516,-730.694155563074,19785.02572141952
2008-05-01,-1,70079.49843038392,580.0643365114873,-812.337331578281,69847.22543531712
2008-05-02,-1,-10608.481649423979,244.01756723386933,-793.1119324534172,-11157.576014643526
2008-05-05,-1,-39971.91818351314,-487.1374012025394,-2983.7016832483705,-43442.75726796405
2008-05-06,-1,-90082.41347456508,-127.46815417481605,-812.5112500742138,-91022.3928788141
2008-05-07,-1,-10109.555746547769,10.385042099164025,-768.3418318313267,-10867.512536279932
2008-05-08,-1,20059.05329287854,197.02326378524293,-631.0138469444964,19625.062709719285
2008-05-09,-1,20116.512398301555,233.4800397013915,-520.3303392786534,19829.662098724293
2008-05-12,-1,40048.81294604912,615.7262903476314,-1587.3717149122465,39077.1675214845
2008-05-13,-1,49534.94049268574,40.94167955318903,-391.52442487130634,49184.35774736762
2008-05-14,-1,39968.24030221771,-105.13034971809225,-693.4895102352955,39169.62044226432
2008-05-15,-1,10044.803351774855,-75.34661044245922,-766.0386145245009,9203.418126807896
2008-05-16,-1,-80.02121125070698,7.576496350610114,-610.1893173783748,-682.6340322784716
2008-05-19,-1,-29923.459392153098,-430.1335427931392,-1968.1082629231403,-32321.701197869377
2008-05-20,-1,-29825.72661549246,-36.32621438444562,-564.9224963801144,-30426.975326257016
2008-05-21,-1,39896.60718460735,103.07277824631961,-400.3234844120251,39599.356478441645
2008-05-22,-1,39521.60900003779,57.37934554778974,-537.2508245940329,39041.73752099154
2008-05-23,-1,-29886.70939201904,-96.13861854239906,-756.5148282242777,-30739.362838785713
2008-05-26,-1,0.0,-128.9977530748838,-1721.976618298532,-1850.9743713734158
2008-05-27,-1,9997.602601148365,-44.96082213928457,-575.3424657534249,9377.299313255655
2008-05-28,-1,-29691.07908168249,113.64617331613306,-721.6977404228576,-30299.13064878921
2008-05-29,-1,334.9068543594767,-113.87625291186305,-758.9516094258308,-537.9210079782172
2008-05-30,-1,9804.825964678834,-243.4233277666059,-1032.4043904192217,8528.998246493005
2008-06-02,-1,-70439.84580902115,-805.0240650662204,-2576.9892419405774,-73821.85911602795
2008-06-03,-1,-339.06173220423807,3.2451419072565386,-549.7766520845378,-885.5932423815193
2008-06-04,-1,-39794.73534824187,-50.73280594888661,-467.1541698595829,-40312.62232405034
2008-06-05,-1,-29504.98699557557,-26.62982392561628,-513.7645544958195,-30045.381373997006
2008-06-06,-1,-1122.6409334985801,-70.6272274427273,-624.2213411301852,-1817.4895020714928
2008-06-09,-1,250590.57416378235,273.9198483771015,-1102.821325470327,249761.67268668913
2008-06-10,-1,90141.37446802312,-337.323452978874,-866.3601905161443,88937.6908245281
2008-06-11,-1,-69684.85816857182,-626.3592357054531,-728.7420152905502,-71039.95941956784
2008-06-12,-1,70654.70043844027,-527.5021719157804,-647.9931157229014,69479.20515080159
2008-06-13,-1,-19413.00121873151,-701.9283627040527,-819.574655550195,-20934.50423698576
2008-06-16,-1,-10184.755202003304,-2118.2107681477796,-2486.45707654265,-14789.423046693733
2008-06-17,-1,-59835.11021342699,-627.17428093765,-647.4410041208293,-61109.72549848547
2008-06-18,-1,19022.43740701263,-725.9646775431011,-675.6528565934627,17620.81987287606
2008-06-19,-1,40365.206632630834,-711.0271946266648,-666.228678277804,38987.950759726366
2008-06-20,-1,-50349.11461501862,-724.3345870787073,-819.978027051588,-51893.42722914892
2008-06-23,-1,69932.02520047138,-1604.9127401219935,-2244.355752827485,66082.75670752191
2008-06-24,-1,-20765.41356534841,-677.0103354485848,-828.6713828100812,-22271.095283607076
2008-06-25,-1,-70020.35378694994,-603.503545749024,-621.0045662100466,-71244.86189890902
2008-06-26,-1,-90133.80482842113,-482.49591022203515,-621.8735100983199,-91238.17424874147
2008-06-27,-1,50045.80501799342,-214.01155881606314,-448.83728121237726,49382.95617796498
2008-06-30,-1,-20053.952226375724,-789.9802647357242,-1453.3169646571034,-22297.249455768553
2008-07-01,-1,-20106.332869570568,284.72399361995,-393.02634894402814,-20214.635224894646
2008-07-02,-1,-10001.363775724643,-98.28922563595268,-329.2349399392691,-10428.887941299865
2008-07-03,-1,-60198.74005482996,-235.6642092297318,-329.1422463276158,-60763.546510387314
2008-07-04,-1,0.0,-182.98176903881824,-292.9588302053375,-475.94059924415575
2008-07-07,-1,-30070.890306189045,-548.9453071164548,-878.8764906160125,-31498.712103921513
2008-07-08,-1,40290.40313020781,-21.31148385793142,-191.82304964820446,40077.268596701666
2008-07-09,-1,257.72912137399544,-56.433110651873676,-191.07554358694506,10.220467135176705
2008-07-10,-1,50412.46258436061,30.177491002801844,-153.58086240754125,50289.05921295587
2008-07-11,-1,19086.540770208667,2.5149453206253156,-263.16096178723984,18825.894753742054
2008-07-14,-1,-60005.819444755776,-629.7591653980949,-1260.8535171978424,-61896.43212735171
2008-07-15,-1,-50102.16595449862,37.63657211456791,-282.7049444105692,-50347.23432679462
2008-07-16,-1,-50821.28327245399,249.34664631292935,-255.10205263841607,-50827.03867877948
2008-07-17,-1,40110.92410094579,-15.301588589423318,-357.6335134916869,39737.98899886468
2008-07-18,-1,40226.83290093642,-93.7285162107039,-495.7157557975625,39637.38862892814
2008-07-21,-1,19990.373636595752,-808.777112080481,-2200.7731901615234,16980.823334353747
2008-07-22,-1,30181.896505060547,-254.67420846996163,-623.368088881704,29303.854207708882
2008-07-23,-1,50149.9496387672,-362.2128676166767,-769.5972717436878,49018.13949940683
2008-07-24,-1,-70003.67806971849,-376.18295324339385,-767.1232876712331,-71146.98431063311
2008-07-25,-1,-10407.192904506184,-114.8083253140951,-602.8553273008922,-11124.856557121173
2008-07-28,-1,-40047.186385908455,-399.13106557504625,-1783.1169860319342,-42229.43443751544
2008-07-29,-1,30017.16583206325,-141.14811296773746,-466.19471676609976,29409.823002329413
2008-07-30,-1,10047.869460079304,-162.0852231360941,-420.38643830398865,9465.397798639222
2008-07-31,-1,-39902.820194824046,-176.2683741256526,-465.85856829055217,-40544.947137240255
2008-08-01,-1,10128.86521053679,31.75062943481157,-291.4465634481481,9869.169276523453
2008-08-04,-1,9981.691013972011,-44.55310726567291,-955.9399057417183,8981.198000964621
2008-08-05,-1,-50488.23147158104,-115.48355794605743,-318.662526596418,-50922.377556123516
2008-08-06,-1,-49.61478268294013,-109.40483139922162,-365.5105015039111,-524.5301155860728
2008-08-07,-1,10276.754440268865,-87.79248859890345,-420.6737671853404,9768.288184484622
2008-08-08,-1,60140.76185792009,-4.720096987027773,-309.15178197821155,59826.88997895486
2008-08-11,-1,-348.8657991165237,-172.2014661716994,-1449.1830059208485,-1970.2502712090716
2008-08-12,-1,-29679.59130213826,-133.04368852501523,-410.24216262912057,-30222.877153292397
2008-08-13,-1,19857.312848367223,-47.26954995570293,-336.297991462032,19473.745306949488
2008-08-14,-1,342.7085558703475,-75.63585193481947,-455.66742363798386,-188.59471970245585
2008-08-15,-1,434.1874734797311,97.26289046772933,-455.23027790258567,76.22008604487479
2008-08-18,-1,-29940.745715912402,421.4627282051017,-1144.3766138650224,-30663.659601572323
2008-08-19,-1,-40335.13359250936,20.944458034651916,-151.8536276180056,-40466.04276209271
2008-08-20,-1,-29779.80425872623,99.28940479320465,-170.53339366533356,-29851.04824759836
2008-08-21,-1,29650.26818817293,228.28822896315404,-105.77031872062503,29772.786098415458
2008-08-22,-1,59975.36625831862,157.32131922200767,-228.3105022831051,59904.37707525752
2008-08-25,-1,-10016.661407293184,153.51746767633972,-903.5094219807099,-10766.653361597555
2008-08-26,-1,20000.00000000002,140.69512953034337,-181.69610300856533,19958.999026521797
2008-08-27,-1,-19941.67353925803,-27.575475783630623,-53.75668974314499,-20023.005704784806
2008-08-28,-1,39946.79575914315,129.92045423452316,-17.03167907527404,40059.684534302396
2008-08-29,-1,-50092.089738401,62.74612600208866,-154.1894928224375,-50183.53310522135
2008-09-01,-1,0.0,108.82084353141363,-519.4683593777099,-410.6475158462963
2008-09-02,-1,-9919.567554820504,36.27361451047125,-173.15611979256994,-10056.450060102601
2008-09-03,-1,30145.756663553362,168.89495599865091,-44.350454808107656,30270.301164743905
2008-09-04,-1,10390.961826994222,212.7926186627546,-107.5882379468166,10496.16620771016
2008-09-05,-1,9852.947913742013,252.56608190770362,-42.53382619789102,10062.980169451826
2008-09-08,-1,70086.07630458627,586.1024024708049,-155.90926218566642,70516.2694448714
2008-09-09,-1,-29675.009185432587,42.794698372091716,-124.83206285875764,-29757.046549919254
2008-09-10,-1,-40334.310128116806,171.29184044111616,-87.87787763949206,-40250.89616531518
2008-09-11,-1,-29961.50690211427,367.76227222339696,-51.835595072304955,-29645.580224963178
2008-09-12,-1,-50882.84527954502,291.5405836718311,-70.08964289688834,-50661.39433877008
2008-09-15,-1,-179241.53770036326,1086.120449527796,-571.8742286343393,-178727.2914794698
2008-09-16,-1,100565.78505855784,1488.5872870188248,115.31070721490198,102169.68305279156
2008-09-17,-1,-180121.61891311948,625.6849098573139,-40.77557879034458,-179536.7095820525
2008-09-18,-1,8447.267272522266,1838.4294494001044,60.78569582990832,10346.482417752279
2008-09-19,-1,139058.70490703848,994.6795383877688,-263.3269759555524,139790.05746947072
2008-09-22,-1,-80007.13309997671,-582.6234679424037,219.17808219177732,-80370.57848572734
2008-09-23,-1,-39958.98843101402,-103.1537727097907,181.67161155893322,-39880.47059216488
2008-09-24,-1,-30218.48454955835,-122.15610923600525,126.3250402466677,-30214.315618547687
2008-09-25,-1,50285.648393893614,-316.5523291376886,90.32039519001364,50059.41645994594
2008-09-26,-1,-20144.928621176477,-429.9243016569085,-120.66266646324084,-20695.51558929663
2008-09-29,-1,-171064.72376055806,-1592.5261961140195,-1265.87195550935,-173923.12191218144
2008-09-30,-1,59715.43790028774,482.7084264125196,175.66864494022036,60373.81497164048
2008-10-01,-1,-100625.61695457906,645.6481009832013,-176.1570606771761,-100156.12591427303
2008-10-02,-1,-90785.87102399449,-74.0385892391356,163.44653259047766,-90696.46308064315
2008-10-03,-1,10041.70348387348,-345.33533505143066,17.982291707224363,9714.350440529275
2008-10-06,-1,-20080.970559557434,405.95787031841337,-82.1934006858612,-19757.206089924883
2008-10-07,-1,20067.82430497377,1249.7045012152016,-33.96908563193813,21283.55972055703
2008-10-08,-1,-41477.53738302059,2286.2980066079003,-6.428881674083641,-39197.66825808677
2008-10-09,-1,-120349.77522672912,1320.8650348209108,-498.0244782363628,-119526.93467014458
2008-10-10,-1,-80044.01080119333,457.2410065541057,-344.9909322674149,-79931.76072690665
2008-10-13,-1,0.0,-420.05439836634423,-2778.386909251798,-3198.441307618142
2008-10-14,-1,12344.831261729676,-140.0181327887815,-926.1289697505993,11278.684159190294
2008-10-15,-1,-141330.99348505007,-25.029889436512576,-1110.6743668266417,-142466.69774131323
2008-10-16,-1,19182.59031231795,150.44703832818516,-801.4955076889455,18531.541842957187
2008-10-17,-1,40102.99435754617,-49.77221826763025,-286.0273571869536,39767.19478209159
2008-10-20,-1,139776.0433576653,-1027.9853869025123,-636.5297547069213,138111.52821605586
2008-10-21,-1,19981.98229731407,-342.2387804379016,538.8127853881281,20178.556302264293
2008-10-22,-1,60721.540989304274,-242.35015263340483,1064.591831602283,61543.78266827315
2008-10-23,-1,30275.936350544634,-59.902100109428375,903.1772222376642,31119.21147267287
2008-10-24,-1,-101713.97495084968,47.3061758193121,775.3909086703736,-100891.27786635999
2008-10-27,-1,-10184.086301175903,210.0455777321663,2095.9994181904285,-7878.041305253309
2008-10-28,-1,-40493.5992180562,20.070878675140534,560.5609155887212,-39912.96742379234
2008-10-29,-1,-110090.56635793883,-296.92420782336603,292.5947105081417,-110094.89585525406
2008-10-30,-1,-59916.30109411194,-515.9705009685604,163.0265170410779,-60269.24507803942
2008-10-31,-1,-40001.10777402765,-570.5445561585218,5.425365494469133,-40566.226964691705
2008-11-03,-1,-60444.81436390388,-1831.4379452999892,151.52798754149399,-62124.72432166238
2008-11-04,-1,89445.0297542761,-462.5862078444345,298.48320392981844,89280.92675036148
2008-11-05,-1,50269.25121000669,-428.67787405974764,385.6904977102193,50226.263833657154
2008-11-06,-1,-100521.89128133263,-413.3919663275333,296.49273071176697,-100638.7905169484
2008-11-07,-1,-30355.79790964852,-294.777451568945,378.0797053513766,-30272.49565586609
2008-11-10,-1,-50243.659156210066,-886.2721891580177,906.7301926534456,-50223.20115271464
2008-11-11,-1,0.0,-193.49213989537338,394.07976617882923,200.58762628345585
2008-11-12,-1,-10130.786288482544,-193.49213989537338,394.07976617882923,-9930.198662199089
2008-11-13,-1,-40377.520477688755,-40.96929135209825,249.075309745842,-40169.41445929501
2008-11-14,-1,100290.53276552739,-80.90405029357339,485.12649905842335,100694.75521429224
2008-11-17,-1,40369.859524294065,-310.8392011549504,1495.2160571080367,41554.23638024715
2008-11-18,-1,81255.95202190337,-84.99064099917791,315.9511245555048,81486.9125054597
2008-11-19,-1,89971.24687493015,-38.205793073623,401.826484018265,90334.8675658748
2008-11-20,-1,191990.78708899318,-3.9622071937699275,351.75387163921965,192338.57875343863
2008-11-21,-1,-11960.066818648775,146.21401090557345,268.06300594107387,-11545.789801802128
2008-11-24,-1,67723.07288913004,416.60693089045253,-273.09298084483294,67866.58683917567
2008-11-25,-1,82435.52830351013,-64.60954223348324,-394.7140101491441,81976.20475112752
2008-11-26,-1,62492.88864111601,47.2535953014783,30.027328443622537,62570.16956486112
2008-11-27,-1,0.0,27.60035975611504,86.45095784940531,114.05131760552035
2008-11-28,-1,-28457.576516149493,27.60035975611504,86.45095784940531,-28343.525198543975
2008-12-01,-1,116085.86481123073,367.1746893779816,813.0527469031421,117266.09224751184
2008-12-02,-1,41624.88458695514,192.56636328932473,313.35931103504583,42130.81026127951
2008-12-03,-1,-19666.28889549705,126.36134026083437,214.06578324906002,-19325.861771987154
2008-12-04,-1,75010.79887972673,47.947833178758174,142.3539156063989,75201.10062851188
2008-12-05,-1,-15482.250100209087,-91.8072468203111,16.50404979626967,-15557.55329723313
2008-12-08,-1,-64211.356319378996,-870.9677950682822,-1556.540083084686,-66638.86419753196
2008-12-09,-1,-26485.829785281807,-313.1516556093295,-639.3805711163802,-27438.362012007517
2008-12-10,-1,-787.0573638885871,-154.63701304155313,-352.8713825713079,-1294.5657595014482
2008-12-11,-1,-18143.719026279337,-197.1193058401518,-408.2291574220376,-18749.067489541525
2008-12-12,-1,31745.688383122986,-84.36249532853412,-150.3799372678278,31510.945950526624
2008-12-15,-1,43140.73956937664,-218.84390010574816,-533.767236754607,42388.128432516285
2008-12-16,-1,67580.99170394191,-22.32668453426072,-103.13489291331757,67455.53012649433
2008-12-17,0,260512.35600124925,53.60523871722353,28.865492021223304,260594.8267319877
2008-12-18,0,-3133.8264379456427,0.0,0.0,-3133.8264379456427
2008-12-19,0,0.0,0.0,0.0,0.0
2008-12-22,0,0.0,0.0,0.0,0.0
2008-12-23,0,0.0,0.0,0.0,0.0
2008-12-24,0,0.0,0.0,0.0,0.0
2008-12-25,0,0.0,0.0,0.0,0.0
2008-12-26,0,0.0,0.0,0.0,0.0
2008-12-29,0,0.0,0.0,0.0,0.0
2008-12-30,0,0.0,0.0,0.0,0.0
2008-12-31,0,0.0,0.0,0.0,0.0
2009-01-01,0,0.0,0.0,0.0,0.0
2009-01-02,0,0.0,0.0,0.0,0.0
2009-01-05,0,0.0,0.0,0.0,0.0
2009-01-06,0,0.0,0.0,0.0,0.0
2009-01-07,0,0.0,0.0,0.0,0.0
2009-01-08,0,0.0,0.0,0.0,0.0
2009-01-09,0,0.0,0.0,0.0,0.0
2009-01-12,0,0.0,0.0,0.0,0.0
2009-01-13,0,0.0,0.0,0.0,0.0
2009-01-14,0,0.0,0.0,0.0,0.0
2009-01-15,0,0.0,0.0,0.0,0.0
2009-01-16,0,0.0,0.0,0.0,0.0
2009-01-19,0,0.0,0.0,0.0,0.0
2009-01-20,0,0.0,0.0,0.0,0.0
2009-01-21,0,0.0,0.0,0.0,0.0
2009-01-22,0,0.0,0.0,0.0,0.0
2009-01-23,0,0.0,0.0,0.0,0.0
2009-01-26,0,0.0,0.0,0.0,0.0
2009-01-27,0,0.0,0.0,0.0,0.0
2009-01-28,0,0.0,0.0,0.0,0.0
2009-01-29,0,0.0,0.0,0.0,0.0
2009-01-30,0,0.0,0.0,0.0,0.0
2009-02-02,0,0.0,0.0,0.0,0.0
2009-02-03,0,0.0,0.0,0.0,0.0
2009-02-04,0,0.0,0.0,0.0,0.0
2009-02-05,0,0.0,0.0,0.0,0.0
2009-02-06,0,0.0,0.0,0.0,0.0
2009-02-09,0,0.0,0.0,0.0,0.0
2009-02-10,0,0.0,0.0,0.0,0.0
2009-02-11,0,0.0,0.0,0.0,0.0
2009-02-12,0,0.0,0.0,0.0,0.0
2009-02-13,0,0.0,0.0,0.0,0.0
2009-02-16,0,0.0,0.0,0.0,0.0
2009-02-17,0,0.0,0.0,0.0,0.0
2009-02-18,0,0.0,0.0,0.0,0.0
2009-02-19,0,0.0,0.0,0.0,0.0
2009-02-20,0,0.0,0.0,0.0,0.0
2009-02-23,0,0.0,0.0,0.0,0.0
2009-02-24,0,0.0,0.0,0.0,0.0
2009-02-25,0,0.0,0.0,0.0,0.0
2009-02-26,0,0.0,0.0,0.0,0.0
2009-02-27,0,0.0,0.0,0.0,0.0
2009-03-02,0,0.0,0.0,0.0,0.0
2009-03-03,0,0.0,0.0,0.0,0.0
2009-03-04,0,0.0,0.0,0.0,0.0
2009-03-05,0,0.0,0.0,0.0,0.0
2009-03-06,0,0.0,0.0,0.0,0.0
2009-03-09,0,0.0,0.0,0.0,0.0
2009-03-10,0,0.0,0.0,0.0,0.0
2009-03-11,0,0.0,0.0,0.0,0.0
2009-03-12,0,0.0,0.0,0.0,0.0
2009-03-13,0,0.0,0.0,0.0,0.0
2009-03-16,0,0.0,0.0,0.0,0.0
2009-03-17,0,0.0,0.0,0.0,0.0
2009-03-18,0,0.0,0.0,0.0,0.0
2009-03-19,0,0.0,0.0,0.0,0.0
2009-03-20,0,0.0,0.0,0.0,0.0
2009-03-23,0,0.0,0.0,0.0,0.0
2009-03-24,0,0.0,0.0,0.0,0.0
2009-03-25,0,0.0,0.0,0.0,0.0
2009-03-26,0,0.0,0.0,0.0,0.0
2009-03-27,0,0.0,0.0,0.0,0.0
2009-03-30,0,0.0,0.0,0.0,0.0
2009-03-31,0,0.0,0.0,0.0,0.0
2009-04-01,0,0.0,0.0,0.0,0.0
2009-04-02,0,0.0,0.0,0.0,0.0
2009-04-03,0,0.0,0.0,0.0,0.0
2009-04-06,0,0.0,0.0,0.0,0.0
2009-04-07,0,0.0,0.0,0.0,0.0
2009-04-08,0,0.0,0.0,0.0,0.0
2009-04-09,0,0.0,0.0,0.0,0.0
2009-04-10,0,0.0,0.0,0.0,0.0
2009-04-13,0,0.0,0.0,0.0,0.0
2009-04-14,0,0.0,0.0,0.0,0.0
2009-04-15,0,0.0,0.0,0.0,0.0
2009-04-16,0,0.0,0.0,0.0,0.0
2009-04-17,0,0.0,0.0,0.0,0.0
2009-04-20,0,0.0,0.0,0.0,0.0
2009-04-21,0,0.0,0.0,0.0,0.0
2009-04-22,0,0.0,0.0,0.0,0.0
2009-04-23,0,0.0,0.0,0.0,0.0
2009-04-24,0,0.0,0.0,0.0,0.0
2009-04-27,0,0.0,0.0,0.0,0.0
2009-04-28,0,0.0,0.0,0.0,0.0
2009-04-29,0,0.0,0.0,0.0,0.0
2009-04-30,-1,0.0,0.0,0.0,0.0
2009-05-01,-1,-43115.56311993006,-31.526401038672248,-730.5936073059363,-43877.68312827467
2009-05-04,-1,39948.48157935352,-24.063828923248366,-2194.63351730476,37729.784233125516
2009-05-05,-1,29999.82731509275,-42.164433786437144,-703.4266471153142,29254.236234190997
2009-05-06,-1,-21.873199828056386,-115.64294926039452,-776.0809526191299,-913.5971017075808
2009-05-07,-1,-69916.8256906924,-115.64294926039429,-794.1859666819661,-70826.65460663477
2009-05-08,-1,0.0,-135.67766928092783,-814.2230374965482,-949.900706777476
2009-05-11,-1,39326.499086683165,-438.94710608607693,-2306.122882064985,36581.429098532106
2009-05-12,-1,-19997.517219217996,-74.0785320297316,-611.9637265620572,-20683.559477809787
2009-05-13,-1,49969.295571368195,-57.006953290387855,-530.0270503089268,49382.26156776888
2009-05-14,-1,-9980.362813214766,-62.452785521570604,-565.3607887009148,-10608.176387437252
2009-05-15,-1,-30113.173876250185,-37.9599470302511,-574.5513685587434,-30725.68519183918
2009-05-18,-1,-30060.02215604864,-84.9288841286475,-1780.6657276644019,-31925.61676784169
2009-05-19,-1,-49906.801792688944,-82.48750554210346,-731.617255157705,-50720.90655338875
2009-05-20,-1,19735.579382192984,-55.76560781539149,-732.5656941054101,18947.24808027218
2009-05-21,-1,-139754.5273288709,-30.28505556367577,-750.0755843018148,-140534.88796873638
2009-05-22,-1,-69065.43867410174,25.387799125142124,-762.438965820334,-69802.48984079693
2009-05-25,-1,0.0,47.97333555712203,-2210.272441914055,-2162.299106356933
2009-05-26,-1,-9299.906310638384,15.99111185237416,-736.7574806380184,-10020.672679424028
2009-05-27,-1,-206534.25352053187,-12.706213395131272,-855.3154162278122,-207402.27515015483
2009-05-28,-1,48933.707781153666,44.207986768682986,-851.2431438048668,48126.672624117484
2009-05-29,-1,145115.42442500073,17.486089041970672,-940.6207169029199,144192.2897971398
2009-06-01,-1,-190009.29214996198,179.13408260157212,-2575.342465753424,-192405.50053311384
2009-06-02,-1,49309.3644056904,89.993095733171,-953.4995672769921,48445.85793414658
2009-06-03,-1,39239.23130792478,73.66325198224649,-1016.1275386970876,38296.76702120994
2009-06-04,-1,-109293.29314673759,124.14271975657164,-896.7329506573597,-110065.88337763838
2009-06-05,-1,241272.54961945847,96.52503323354085,-971.8984007532383,240397.17625193877
2009-06-08,-1,30753.0827214537,-1057.5831488763188,-4890.7913584187445,24804.708214158636
2009-06-09,-1,-40501.35906075753,-468.2311938344342,-1901.1246867637465,-42870.71494135571
2009-06-10,-1,-68000.52385969914,-391.6239760586309,-1785.2614767710559,-70177.40931252883
2009-06-11,-1,67725.62203901935,-421.71498045322323,-1913.5896812971605,65390.31737726896
2009-06-12,-1,18885.121792333797,-423.3956474461629,-1885.4943902223845,16576.23175466525
2009-06-15,-1,9368.187830518771,-1130.9243979019352,-5437.647771073901,2799.6156615429345
2009-06-16,-1,58865.3750852463,-284.92575388823366,-1712.984951912104,56867.46437944596
2009-06-17,-1,-49749.618576767076,-272.7498950018103,-1648.4978458024325,-51670.86631757132
2009-06-18,-1,-88469.73853247344,-192.8767084758215,-1567.7084831397815,-90230.32372408903
2009-06-19,-1,38819.383743774604,-248.20744675757715,-1759.285690510101,36811.890606506924
2009-06-22,-1,-10754.293071037479,-688.4989511123531,-5140.234142306699,-16583.026164456533
2009-06-23,-1,39246.31712578903,-152.09978171635726,-1514.1644969469992,37580.05284712567
2009-06-24,-1,-19525.24588459632,-133.39198532956493,-1440.8543011427582,-21099.492171068643
2009-06-25,-1,98178.0723467002,-211.58450486261427,-1586.366391698472,96380.12145013911
2009-06-26,-1,9932.767572085078,-191.29140671857635,-1476.2125720767337,8265.263593289768
2009-06-29,-1,19953.337400184646,-551.9004550187506,-4401.311053542751,15000.125891623145
2009-06-30,-1,-20007.131609521435,-212.6231033360625,-1342.4657534246583,-21562.220466282157
2009-07-01,-1,-79980.51054984445,-152.99402230294322,-1196.6496079019598,-81330.15418004934
2009-07-02,-1,-30130.0000453268,-84.34773453496996,-1079.2879821818105,-31293.63576204358
2009-07-03,-1,0.0,-32.06318344002602,-1006.7324690468126,-1038.7956524868387
2009-07-06,-1,-30032.272838180652,-128.0401821384221,-3020.1974071404375,-33180.510427459514
2009-07-07,-1,70012.8749521017,9.60449038213551,-952.3987433549266,69070.0806991289
2009-07-08,-1,70160.47138708507,-34.53569550566772,-1070.0964326669969,69055.83925891241
2009-07-09,-1,-80896.99177852615,-4.357740484000942,-867.2424781110171,-81768.59199712117
2009-07-10,-1,90347.2414791145,-20.64647089828054,-896.3518519540205,89430.2431562622
2009-07-13,-1,-50534.71377872974,-54.740895274164814,-2601.145527634618,-53190.600201638525
2009-07-14,-1,-70646.10585242609,-33.73586023670373,-831.4009620826204,-71511.24267474542
2009-07-15,-1,-69959.13082641349,-63.913815258370505,-961.0844061197038,-70984.12904779156
2009-07-16,-1,9737.16747934563,-94.09177028003774,-1054.010711620489,8589.064997445103
2009-07-17,-1,-59661.52027865793,-54.896608523517216,-1035.5797326908428,-60751.99661987229
2009-07-20,-1,29501.035785501965,-169.4888371843349,-3192.815329056225,26138.731619261405
2009-07-21,-1,79420.85664465667,-34.46268924691776,-999.6411188600771,78386.75283654967
2009-07-22,-1,-60001.77457258837,-39.407713378201834,-942.9809638307531,-60984.16324979733
2009-07-23,-1,-39361.978837659146,-41.007383916129356,-971.752582344999,-40374.73880392027
2009-07-24,-1,-10214.445622924028,-123.46989003274052,-1219.297473748973,-11557.212986705741
2009-07-27,-1,-19517.53986493018,-265.0407326393688,-3549.1402023105456,-23331.720799880095
2009-07-28,-1,69666.75542216736,-103.03597075614152,-1219.8760625393822,68343.84338887184
2009-07-29,-1,79993.553298024,-167.19769280734295,-1342.4657534246576,78483.889851792
2009-07-30,-1,40016.76515074406,-225.4002816042523,-1486.941473324133,38304.42339581567
2009-07-31,-1,90416.71403479265,-259.79407427701744,-1613.952361403984,88542.96759911165
2009-08-03,-1,-91374.86927373518,-646.3579424447753,-4290.529701951073,-96311.75691813104
2009-08-04,-1,-20131.607034673572,-238.62408117977475,-1586.6560771601626,-21956.88719301351
2009-08-05,-1,-70126.8743402075,-263.7671710378779,-1650.6491661747377,-72041.29067742013
2009-08-06,-1,-25.10357648498757,-272.3805114265788,-1660.7536398971254,-1958.2377278086917
2009-08-07,-1,215.11886311872513,-261.79551487795743,-1660.828036231242,-1707.5046879904744
2009-08-10,-1,9459.66024758418,-1102.9364410925182,-5499.345401048578,2857.3784054430816
2009-08-11,-1,59696.05581445245,-286.2714578690809,-1687.8594591657038,57721.924897417666
2009-08-12,-1,-39971.417266299846,-284.9371641351204,-1641.4334427862227,-41897.78787322118
2009-08-13,-1,70044.59788117425,-250.5433714623557,-1605.8600686925406,68188.19444101937
2009-08-14,-1,-9746.440734921161,-210.17504142779035,-1495.5749559799283,-11452.19073232888
2009-08-17,-1,40562.47147048841,-461.83232637240553,-4131.554988690387,35969.08415542561
2009-08-18,-1,-10332.589565919196,-114.24292562321648,-1257.6939949346288,-11704.526486477042
2009-08-19,-1,10578.909231701095,-132.10696882657908,-1376.716369705525,9070.085893168989
2009-08-20,-1,50424.21132503802,-82.48793597735175,-1239.5868385758426,49102.13655048482
2009-08-21,-1,-41948.56603462249,-120.18767854399766,-1339.493761128314,-43408.2474742948
2009-08-24,-1,634.7176146850688,-670.1965230099368,-4621.955189613492,-4657.43409793836
2009-08-25,-1,30352.438424334723,-138.71886861434018,-1349.2942554522335,28864.425300268147
2009-08-26,-1,20140.98668179565,-159.22171484460318,-1266.557274709308,18715.20769224174
2009-08-27,-1,-50010.05396391817,-190.20480180230902,-1351.598173515982,-51551.856939236466
2009-08-28,-1,-20022.075956651126,-163.2794274262974,-1270.2683374885137,-21455.623721565935
2009-08-31,-1,19916.629747014995,-374.6963001821987,-3675.1285604370314,15866.804886395763
2009-09-01,-1,-30016.736324236597,-78.32400912324056,-1142.5443044681713,-31237.604637828008
2009-09-02,-1,60212.08205485601,-15.443304430952367,-987.5896705159374,59209.04907990911
2009-09-03,-1,-20252.293898659107,7.46726821482082,-968.2583814336908,-21213.085011877978
2009-09-04,-1,-90591.16561134806,-17.868634813573863,-996.0635131130236,-91605.09775927465
2009-09-07,-1,0.0,-61.12863575576148,-3212.3689142191324,-3273.497549974894
2009-09-08,-1,-30005.136579153932,-20.37621191858716,-1070.7896380730442,-31096.302429145566
2009-09-09,-1,-9985.366263658285,0.026783622172843025,-1053.0759867434958,-11038.415466779608
2009-09-10,-1,89717.5148626286,3.287973039798544,-1080.6998603469751,88640.10297532142
2009-09-11,-1,20078.34825034474,16.414977432693604,-996.6894016819658,19098.07382609547
2009-09-14,-1,-40312.522238523045,-2.180486071320047,-3071.3193704231335,-43386.02209501749
2009-09-15,-1,-30019.066191932598,-19.540352883582727,-1106.8611752253096,-31145.467720041488
2009-09-16,-1,40076.70156850702,-20.37621191858716,-1198.8201546243938,38857.50520196404
2009-09-17,-1,29864.3600092809,-86.51810602850105,-1389.8576962029858,28387.984207049412
2009-09-18,-1,-20018.76615184109,-75.06281970561463,-1243.2477199964642,-21337.076691543167
2009-09-21,-1,-10003.721479901344,-364.91273192932067,-4086.558841442396,-14455.19305327306
2009-09-22,-1,29926.882551500807,-118.3763878921477,-1353.286916051477,28455.21924755718
2009-09-23,-1,-40049.29328294488,-128.1599561450255,-1307.0815853041393,-41484.534824394046
2009-09-24,-1,9962.759300700967,-51.39863474722915,-1152.5554689145695,8758.805197039168
2009-09-25,-1,109994.75551492105,-33.7291053183601,-1141.552511415525,108819.47389818716
2009-09-28,-1,30088.154994035627,-399.4580925345449,-3692.82556635762,25995.871335143464
2009-09-29,-1,19987.592884783186,-142.91716686670316,-1257.8375508377158,18586.838167078764
2009-09-30,-1,-49956.58372676047,-191.84050503069443,-1275.644271371297,-51424.06850316247
2009-10-01,-1,20461.096973769992,-164.96296645691427,-1157.9120843369524,19138.221922976125
2009-10-02,-1,-20272.98396558975,-44.23153691210939,-1011.3901272438009,-21328.60562974566
2009-10-05,-1,0.0,-81.35540308055124,-3062.263057945399,-3143.61846102595
2009-10-06,-1,-217.27854328716057,-27.11846769351712,-1038.9643921695624,-1283.3614031502402
2009-10-07,-1,20373.013144659526,-69.53215962071658,-1093.8097261560667,19209.671258882743
2009-10-08,-1,-30538.515515962798,-23.0246909485096,-1047.5542165305012,-31609.09442344181
2009-10-09,-1,-50799.915015522245,-55.67391352052073,-1103.0195178400186,-51958.60844688278
2009-10-12,-1,0.0,-372.6815453488157,-3777.7626291246165,-4150.444174473432
2009-10-13,-1,-9956.575096740977,-124.22718178293849,-1259.2542097082055,-11340.056488232121
2009-10-14,-1,-60310.81922613512,-46.748397791944626,-1131.6203007804213,-61489.18792470749
2009-10-15,-1,-29906.150053593537,-80.23657399056651,-1269.764397251005,-31256.151024835108
2009-10-16,-1,59736.92215710558,-70.47210463537795,-1270.3387638464123,58396.11128862379
2009-10-19,-1,39960.78095339819,-301.81339898266333,-3807.496276686842,35851.47127772869
2009-10-20,-1,20000.461205089618,-134.83060476473815,-1277.4866757996103,18588.14392452527
2009-10-21,-1,-20183.763132083608,-98.92655907433141,-1149.3651896824747,-21432.054880840413
2009-10-22,-1,-49954.415144562256,-156.03745072833817,-1268.3447338255737,-51378.79732911617
2009-10-23,-1,101.90644423579215,-107.953066190958,-1241.937777579084,-1247.9843995342499
2009-10-26,-1,-60006.65253658889,-533.9373035575945,-4136.986301369863,-64677.57614151634
2009-10-27,-1,29628.389169699774,-179.55467078755214,-1398.3105541664888,28050.523944745735
2009-10-28,-1,10023.9734179035,-115.13792515873979,-1242.6369532469487,8666.198539497811
2009-10-29,-1,-60274.40999777521,-75.9909652747001,-1141.9231161359958,-61492.324079185906
2009-10-30,-1,39823.49296628167,-88.1713616810498,-1216.1599894668943,38519.16161513372
2009-11-02,-1,-20160.93888540941,-49.26640974654447,-3179.8926755305174,-23390.097970686475
2009-11-03,-1,-50146.58111745211,-20.482268717631314,-1069.4929753579195,-51236.55636152766
2009-11-04,-1,-80049.04385362782,-4.120532044601987,-1070.4973071410766,-81123.6616928135
2009-11-05,-1,-10016.144864191494,43.26790024156776,-1072.2056441981786,-11045.082608148105
2009-11-06,-1,-10157.133887181371,57.145074380834785,-1017.6308636110864,-11117.619676411623
2009-11-09,-1,29993.141603099742,276.6957063882742,-2860.9557480541334,27408.881561433882
2009-11-10,-1,-51.989969492380624,71.81003332094588,-989.5952540370961,-969.7751902085308
2009-11-11,-1,0.0,103.62451373493002,-980.3143652637872,-876.6898515288572
2009-11-12,-1,19953.556135396895,103.62451373493002,-980.3143652637872,19076.866283868036
2009-11-13,-1,20058.632446980933,118.28947267504122,-943.1270504500756,19233.7948692059
2009-11-16,-1,60281.771028336,335.2343340174889,-2855.6237245650823,57761.38163778841
2009-11-17,-1,0.0,134.53000121683954,-868.0329013428094,-733.5029001259699
2009-11-18,-1,-40297.291361663825,134.53000121683954,-840.547061558087,-41003.30842200507
2009-11-19,-1,-30060.79112360473,147.6193905552634,-896.3043436747705,-30809.476076724237
2009-11-20,-1,9998.685172164003,199.85573977772663,-832.5435699079549,9365.997342033774
2009-11-23,-1,9998.623295348794,526.121216501394,-2689.8971506642115,7834.847361185977
2009-11-24,-1,9987.455735477442,157.26959610247593,-885.8447488584475,9258.880582721471
2009-11-25,-1,40097.97816716751,196.34226217552464,-775.7503739547614,39518.57005538827
2009-11-26,-1,0.0,172.7613703891377,-829.6745359513171,-656.9131655621794
2009-11-27,-1,20284.199105645523,172.7613703891377,-829.6745359513171,19627.28594008334
2009-11-30,-1,-10011.195348329968,689.2360289897356,-2075.27753523094,-11397.236854571172
2009-12-01,-1,-70550.80389423927,254.15675553950018,-618.6312106920927,-70915.27834939187
2009-12-02,-1,9885.593845620555,276.90712656935307,-629.3570461085129,9533.143926081395
2009-12-03,-1,-50159.0274700854,220.7536747184463,-730.1798622000426,-50668.45365756699
2009-12-04,-1,10125.259530561787,215.84258020111315,-731.5073402062087,9609.594770556692
2009-12-07,-1,-20162.184283987037,288.61514920270747,-2552.0028193433036,-22425.571954127634
2009-12-08,-1,-10130.379823028561,166.18923435873535,-786.8531701722807,-10751.043758842106
2009-12-09,-1,-19911.802673856433,222.34268620964212,-713.6510184603103,-20403.1110061071
2009-12-10,-1,-19841.462202986862,197.10075291018677,-723.6096104505662,-20367.97106052724
2009-12-11,-1,-9655.58801135364,182.43949938005903,-769.8485276161023,-10242.997039589683
2009-12-14,-1,30057.66287619687,398.3584606130453,-2502.91204860759,27953.10928820233
2009-12-15,-1,-29643.216083784362,80.71327544757378,-897.6595701993277,-30460.162378536115
2009-12-16,-1,-39847.45653718866,90.46343446036826,-816.3255057897752,-40573.318608518064
2009-12-17,-1,28799.231502588023,145.78636555474054,-817.0331418112617,28127.984726331502
2009-12-18,-1,316.42610418338154,210.1009649272454,-669.7297869446056,-143.20271783397868
2009-12-21,-1,-68818.860439709,439.85065893382443,-2393.435582952189,-70772.44536372737
2009-12-22,-1,-9006.134247656468,95.30249895582915,-881.9200739383203,-9792.751822638958
2009-12-23,-1,-17.022372331392933,55.183496307787664,-1004.5662100456625,-966.4050860692678
2009-12-24,-1,-9980.723092861357,34.08486722193197,-1041.134693909656,-10987.772919549081
2009-12-25,-1,0.0,-4.80001869579155,-1105.3801598068344,-1110.180178502626
2009-12-28,-1,60031.29181457177,-14.40005608737465,-3316.140479420503,56700.751279063894
2009-12-29,-1,29869.463301027965,-109.06876856314784,-1231.9558724706728,28528.438659994143
2009-12-30,-1,9959.27485023917,-119.0058853251137,-1249.493555152093,8590.775409761962
2009-12-31,-1,10000.178339926235,-122.31825757910246,-1303.9685694829736,8573.891512864158
2010-01-01,-1,0.0,-252.22240434822697,-1413.0324894691691,-1665.2548938173961
2010-01-04,-1,-49882.31376246661,-756.66721304468,-4239.097468407507,-54878.0784439188
2010-01-05,-1,-209.28308856512012,-109.06876856314784,-1304.8406801898486,-1623.1925373181166
2010-01-06,-1,-79961.2144237869,-24.674252219723712,-1195.3405720982175,-81181.22924810485
2010-01-07,-1,19985.11516436938,1.8247258121855339,-1197.1695649820242,18789.77032519954
2010-01-08,-1,-50017.575701553345,-46.99727686750384,-1251.495451576217,-51316.06842999707
2010-01-11,-1,-29931.02609755876,161.87730223759172,-3428.8805328910594,-33198.02932821223
2010-01-12,-1,79521.36543710159,74.44553205075795,-1161.9234231493244,78433.88754600302
2010-01-13,-1,-10039.616623181093,79.59449764763235,-1114.2861452702089,-11074.308270803669
2010-01-14,-1,9929.955363487334,30.160297186981097,-1169.4617785940081,8790.653882080307
2010-01-15,-1,9993.793668698243,58.49586856177643,-1160.0213953669877,8892.268141893031
2010-01-18,-1,0.0,355.4381506960676,-3149.88032518354,-2794.4421744874726
2010-01-19,-1,9942.324077575428,118.47938356535587,-1049.9601083945136,9010.84335274627
2010-01-20,-1,40070.341796692286,83.519067682583,-1159.5205112114231,38994.34035316345
2010-01-21,-1,9996.71524742024,76.66921271135175,-1196.3470319634707,8877.03742816812
2010-01-22,-1,-30018.63057749523,115.59764359244946,-1049.7672812075705,-30952.80021511035
2010-01-25,-1,-20096.962163326036,439.83068963533333,-2986.471295681993,-22643.602769372694
2010-01-26,-1,20017.176088577693,142.6523075808932,-1041.7598639879955,19118.068532170593
2010-01-27,-1,20004.040803715543,125.49624717426036,-1013.9149168750191,19115.622134014786
2010-01-28,-1,-50026.896240433045,87.2262040634439,-1086.6840624677657,-51026.354098837364
2010-01-29,-1,-31.05096249178314,135.3948507560715,-1051.1811071595723,-946.837218895284
2010-02-01,-1,-10071.960249661104,564.5394225495934,-2768.7677054631877,-12276.188532574699
2010-02-02,-1,10000.000000000231,170.3653593396176,-941.7214818221892,9228.64387751766
2010-02-03,-1,-40014.25321118196,167.06582481234716,-941.4729410727974,-40788.66032744241
2010-02-04,-1,29693.52599147662,148.59298886515285,-933.4904277888628,28908.62855255291
2010-02-05,-1,42.88599621629692,233.7073074521693,-804.1205185553753,-527.5272148869091
2010-02-08,-1,-10094.285615821263,764.4638704690592,-2164.3445566432456,-11494.16630199545
2010-02-09,-1,-65.25410081110022,237.00684197943974,-749.3653597511466,-577.612618582807
2010-02-10,-1,20045.275619504202,184.2218852189801,-832.149917222239,19397.347587500943
2010-02-11,-1,-9980.594483231062,93.16688534770356,-923.5825804114113,-10811.01017829477
2010-02-12,-1,-30105.684531404288,96.46641987497355,-923.839100013683,-30933.057211542997
2010-02-15,-1,0.0,540.7918887642854,-2443.1308169118383,-1902.338928147553
2010-02-16,-1,9965.552059275451,180.26396292142852,-814.3769389706129,9331.439083226267
2010-02-17,-1,-30015.65210701077,208.63540245043419,-786.5072918399636,-30593.5239964003
2010-02-18,-1,-19835.929610735573,155.19205791969353,-897.4026409554988,-20578.140193771378
2010-02-19,-1,59996.14938315086,136.8693712350007,-940.6392694063927,59192.37948497947
2010-02-22,-1,-59984.877172279885,224.46792372507753,-3119.714385720559,-62880.12363427537
2010-02-23,-1,69951.66983760061,126.3334791533157,-977.2286394575694,69100.77467729636
2010-02-24,-1,-10048.637468142533,145.25669220239183,-883.8779628016933,-10787.258738741833
2010-02-25,-1,10243.920876520293,138.0379937318014,-938.9424213985843,9443.01644885351
2010-02-26,-1,20209.310963483644,197.9361526108155,-865.2707754135423,19541.976340680918
2010-03-01,-1,-10011.184467907335,637.1206486559863,-2484.1855277806326,-11858.249347031982
2010-03-02,-1,-10087.79284182963,236.76252732645992,-791.5849323886526,-10642.615246891823
2010-03-03,-1,9941.970411851722,240.07972093755518,-782.6322189395003,9399.417913849778
2010-03-04,-1,60195.729955517294,226.22663524477537,-800.7856326292784,59621.170958132796
2010-03-05,-1,-30677.50072204257,174.7157973331514,-863.6239093691596,-31366.408834078575
2010-03-08,-1,-40144.67092128661,427.57142951909054,-2731.323270028102,-42448.42276179562
2010-03-09,-1,34.01054938911875,145.25669220239183,-856.6149566995936,-677.347715108083
2010-03-10,-1,9925.959623212057,145.2566922023916,-874.7586692978248,9196.457646116622
2010-03-11,-1,49987.58640292475,110.331822346242,-911.3113117000736,49186.60691357092
2010-03-12,-1,20058.28343394677,51.60228596402817,-1038.2226054110963,19071.6631144997
2010-03-15,-1,-9991.314799956926,198.11904871562456,-3058.5300014154673,-12851.72575265677
2010-03-16,-1,20216.749508916346,111.50044484304226,-1019.7002474932838,19308.5497062661
2010-03-17,-1,30055.847660887524,136.4737338659072,-909.474499551236,29282.846895202194
2010-03-18,-1,-223.17819047308512,84.37858470588321,-972.8260004011667,-1111.6256061683684
2010-03-19,-1,19853.260325442505,52.77090846082865,-1064.3038872413401,18841.72734666199
2010-03-22,-1,19993.59452466175,-8.48559107461142,-3452.054794520549,16533.05413906659
2010-03-23,-1,-10027.926494783036,1.1369775462194411,-1141.0239411356142,-11167.813458372431
2010-03-24,-1,-90072.86683622046,-16.702262271027394,-1186.9661769967515,-91276.53527548823
2010-03-25,-1,-49541.29827056503,-50.4035337059679,-1244.1647786731853,-50835.86658294418
2010-03-26,-1,-10446.674700340736,-55.031808178680876,-1318.2678231106213,-11819.97433163004
2010-03-29,-1,-19845.469690647416,35.09062985278479,-3517.248364048719,-23327.62742484335
2010-03-30,-1,19995.039009514618,7.731368713171378,-1191.2355662233358,18811.534812004455
2010-03-31,-1,-327.6112039589425,-20.01609511247625,-1190.814389240848,-1538.4416883122667
2010-04-01,-1,-19661.729436861893,-51.72906684254713,-1163.277287951735,-20876.735791656178
2010-04-02,-1,-9380.725921308993,7.731368713171378,-1209.6084717991116,-10582.603024394932
2010-04-05,-1,20547.51843703146,-62.036585042299066,-3821.4564253117087,16664.02542667745
2010-04-06,-1,-10367.50242535409,-101.28127838986507,-1419.2048437590272,-11887.988547502982
2010-04-07,-1,8907.086803941129,-55.694574746970375,-1273.6448913544234,7577.747337839734
2010-04-08,-1,10168.433219052971,14.999617953727693,-1108.9085385187213,9074.524298487979
2010-04-09,-1,-92.55680094110721,-20.016095112476478,-1227.3313693451964,-1339.9042653987801
2010-04-12,-1,19718.097264048625,-28.335313607358785,-3572.6506040316835,16117.111346409582
2010-04-13,-1,29753.80304175885,-5.4795966313627105,-1144.8633054211264,28603.46013970636
2010-04-14,-1,-39729.38354948936,-4.816830063073212,-1180.5508655942513,-40914.75124514668
2010-04-15,-1,-10155.127440902677,8.394135281461104,-1181.550770174895,-11328.284075796111
2010-04-16,-1,9474.026888721892,64.55182950104586,-1145.230546430878,8393.34817179206
2010-04-19,-1,-9810.837046372759,342.31212314509185,-3077.861189426219,-12546.386112653887
2010-04-20,-1,49995.87406744331,82.84415150206542,-1059.3607305936075,49019.357488351765
2010-04-21,-1,30034.142496530763,24.03247959391615,-1204.3711060984388,28853.80387002624
2010-04-22,-1,9902.726719520684,35.158360448104304,-1093.973752459567,8843.91132750922
2010-04-23,-1,-10080.490017207652,-10.35879866012715,-1203.498628250959,-11294.347444118739
2010-04-26,-1,6.314330997294746,-116.040955924012,-3775.6701214287696,-3885.396746355487
2010-04-27,-1,60059.50085765316,-28.13193591427421,-1194.6625327970353,58836.70638894186
2010-04-28,-1,-90525.203061843,15.21659124822827,-1147.2326478678551,-91657.21911846263
2010-04-29,-1,20063.134123864937,45.12924504804255,-1122.122845336467,18986.140523576512
2010-04-30,-1,30237.870673623394,49.03037137514684,-1094.1215096677702,29192.77953533077
2010-05-03,-1,-189.49554619156697,275.404201231574,-3032.741436058278,-2946.832781018271
2010-05-04,-1,50476.30505558234,60.15625222933522,-1047.6873110698443,49488.77399674184
2010-05-05,-1,-29561.98605594977,96.28002486475384,-936.5524579113679,-30402.25848899638
2010-05-06,-1,41866.26695179747,190.63797128119677,-808.4843203983412,41248.42060268033
2010-05-07,0,39433.08839241497,303.92405120603655,-586.3069891876188,39150.70545443338
2010-05-10,0,-3138.2041406814765,0.0,0.0,-3138.2041406814765
2010-05-11,0,0.0,0.0,0.0,0.0
2010-05-12,0,0.0,0.0,0.0,0.0
2010-05-13,0,0.0,0.0,0.0,0.0
2010-05-14,0,0.0,0.0,0.0,0.0
2010-05-17,0,0.0,0.0,0.0,0.0
2010-05-18,0,0.0,0.0,0.0,0.0
2010-05-19,0,0.0,0.0,0.0,0.0
2010-05-20,0,0.0,0.0,0.0,0.0
2010-05-21,0,0.0,0.0,0.0,0.0
2010-05-24,0,0.0,0.0,0.0,0.0
2010-05-25,1,0.0,0.0,0.0,0.0
2010-05-26,1,16886.998361974398,-126.06390134178173,730.5936073059361,17491.52806793855
2010-05-27,1,79814.91933231191,-111.26841985002352,749.4175076224757,80453.06842008437
2010-05-28,1,80152.41241618953,-83.93951859680647,888.6053988395365,80957.07829643227
2010-05-31,1,0.0,-647.6272227380045,1929.7024661531893,1282.0752434151848
2010-06-01,1,-39885.349455907424,-215.87574091266822,643.2341553843966,-39457.9910414357
2010-06-02,1,19662.26919310807,-192.3783293731583,678.9407533448145,20148.831617079726
2010-06-03,1,39668.099760970195,-156.34749807218986,716.2709289508285,40228.023191848835
2010-06-04,1,-88067.6770303206,-158.60955980248957,708.1877098750524,-87518.09888024803
2010-06-07,1,-49992.94407150958,-707.4207042600196,1621.4126570806238,-49078.95211868897
2010-06-08,1,10004.911833902517,-198.47188081716502,566.8932586789078,10373.33321176426
2010-06-09,1,20000.00000000002,-201.69181497589125,594.5610763311365,20392.869261355267
2010-06-10,1,79828.91121307388,-197.51400838873826,613.3516286140878,80244.74883329924
2010-06-11,1,-49330.6767370546,-170.1851071355211,734.5799828608469,-48766.28186132928
2010-06-14,1,19867.48751045136,-589.668407880934,2171.6528740603662,21449.47197663079
2010-06-15,1,19794.34113156455,-181.76065446855296,761.0750570139044,20373.6555341099
2010-06-16,1,-9648.036919983904,-177.58284788140008,816.5480655092267,-9009.071702356077
2010-06-17,1,-29713.314163639567,-216.83361334109497,742.8180418356836,-29187.32973514498
2010-06-18,1,9933.4716349009,-239.02683557873263,714.403600412843,10408.84839973501
2010-06-21,1,19941.20285969611,-631.1812350709288,2144.4831211754727,21454.504745800652
2010-06-22,1,-49660.52598346033,-206.2159384364902,742.7307183846999,-49124.01120351212
2010-06-23,1,62.18396197981201,-232.5869672612804,658.9653295359815,488.5623242545131
2010-06-24,1,-6.146356502218655,-273.9825584406673,484.01826484018295,203.889349897297
2010-06-25,1,7.339764176325843,-252.78296755068175,538.9301045519247,293.4869011775688
2010-06-28,1,-40030.68750069635,-821.9476753220024,1451.6819443818729,-39400.95323163648
2010-06-29,1,-70310.49113780636,-303.53360199804195,363.7164787153646,-70250.30826108904
2010-06-30,1,0.0,-270.4495646635063,325.3782126492242,54.92864798571793
2010-07-01,1,-30091.534601189738,-206.85079199355005,288.7592565939191,-30009.62613658937
2010-07-02,1,40336.25140790909,-260.81346099655923,361.54502544752216,40436.982972360056
2010-07-05,1,0.0,-852.7841839924433,1142.1696691300374,289.38548513759406
2010-07-06,1,-40317.23058529504,-284.2613946641478,380.72322304334585,-40220.768756915844
2010-07-07,1,40440.218527681354,-282.01305188654453,315.57151148611615,40473.77698728092
2010-07-08,1,40256.77056733154,-284.2613946641478,371.53217953482283,40344.04135220221
2010-07-09,1,30133.135190465127,-286.50973744175144,390.76195391874626,30237.38740694212
2010-07-12,1,-9977.910920143791,-920.2369096610726,1202.0384705352317,-9696.109359269632
2010-07-13,1,50169.85158855131,-271.7342156630642,437.1938628428296,50335.31123573108
2010-07-14,1,-29927.628707010714,-266.5947975513234,484.41253367459115,-29709.810970887444
2010-07-15,1,-60201.90296554235,-309.95767110934,428.13558757934584,-60083.725049072345
2010-07-16,1,-40256.77056733154,-322.4848501104243,408.1969789143385,-40171.05843852762
2010-07-19,1,30252.18855593204,-928.9101356634837,1083.989855865501,30407.26827613406
2010-07-20,1,-10069.154940313449,-319.2728155547752,362.1332092959692,-10026.294546572255
2010-07-21,1,-50574.29907822271,-305.46098555413334,389.27995329930184,-50490.48011047755
2010-07-22,1,40663.92383057394,-321.2001991108665,314.44355088648683,40657.167182349556
2010-07-23,1,59993.23245298804,-305.8378284381114,374.42922374429213,60061.823848294225
2010-07-26,1,-10029.536028303246,-1006.6969320198766,1100.664727862679,-9935.568232460444
2010-07-27,1,19835.232066540477,-311.1478548890086,376.02882154247516,19900.113033193942
2010-07-28,1,-9730.138532797791,-285.6695754914871,440.8283283499792,-9574.9797799393
2010-07-29,1,19997.511458672012,-335.56564400662546,303.1516681221548,19965.09748278754
2010-07-30,1,-49685.00286072047,-352.5524261135355,221.25881878825032,-49816.29646804576
2010-08-02,1,40043.14069671864,-1105.424791244561,383.16075040240503,39320.876655876484
2010-08-03,1,-19911.14313061651,-381.2159638764578,183.89446209260427,-20108.464632400362
2010-08-04,1,10013.342093921117,-406.6942432739794,100.47343585410113,9707.121286501239
2010-08-05,1,-9945.62437997674,-378.03070551105685,174.4832268618968,-10149.1718586259
2010-08-06,1,-50052.83471037407,-406.6942432739794,109.614872524524,-50349.91408112353
2010-08-09,1,-40049.825418094115,-1236.00144659757,267.7160885700191,-41018.11077612166
2010-08-10,1,-50331.5964848539,-356.79438723315445,171.15040705535353,-50517.2404650317
2010-08-11,1,-90610.50157800966,-362.10062615836523,141.8475767747201,-90830.75462739331
2010-08-12,1,10231.335881385161,-301.58450474143245,203.66040878573335,10133.411785429462
2010-08-13,1,-50650.028042422964,-304.7697631068334,240.7941542698219,-50714.003651259976
2010-08-16,1,-71372.60419835255,-930.2280060961318,608.5423236431234,-71694.28988080556
2010-08-17,1,51128.774094334374,-330.2442549786684,173.38311097779342,50971.9129503335
2010-08-18,1,10009.963096913732,-335.55428142956566,174.90138456781347,9849.31020005198
2010-08-19,1,-40935.522740976,-338.7395397949666,174.99017667194016,-41099.27210409902
2010-08-20,1,40759.98913052454,-347.23103708557835,137.30300805351214,40550.06110149247
2010-08-23,1,-20013.15021276586,-1074.807380067307,383.56164383561554,-20704.395948997553
2010-08-24,1,-110099.44606869704,-341.3544005425531,145.61013882675525,-110295.19033041284
2010-08-25,1,10243.254875831357,-296.25087120614705,124.767752069025,10071.771756694236
2010-08-26,1,-20169.412082232742,-267.43131746972176,244.24112652858707,-20192.602273173874
2010-08-27,1,110970.52767163614,-282.46823430291545,225.2348188974301,110913.29425623066
2010-08-30,1,-59814.1073432046,-791.0054330395074,822.9406755847574,-59782.17210065935
2010-08-31,1,-40282.77810924662,-308.7792281794169,143.99817438952994,-40447.5591630365
2010-09-01,1,80816.75065752323,-349.50360950571826,96.84320074816446,80564.09024876567
2010-09-02,1,50099.5166122805,-321.30758515268656,172.41280073299356,49950.62182786081
2010-09-03,1,69957.78740972324,-336.9680313692737,164.55682466158044,69785.37620301555
2010-09-06,1,0.0,-1012.774682258002,637.1757890986839,-375.5988931593181
2010-09-07,1,-79466.57087509465,-337.5915607526673,212.3919296995614,-79591.77050614776
2010-09-08,1,20024.852706638554,-355.1370374457848,136.72756086239576,19806.443230055167
2010-09-09,1,59800.35889855249,-318.7990252927626,247.3219416984714,59728.8818149582
2010-09-10,1,29713.406528925378,-273.6882747931818,331.7807927954425,29771.499046927638
2010-09-13,1,-19399.571379748333,-817.3019845896602,998.0922497163426,-19218.78111462165
2010-09-14,1,-29658.702980447,-319.4225546761562,203.74395730286312,-29774.38157782029
2010-09-15,1,59821.503569386914,-352.6284775858609,120.2425147459303,59589.117606546984
2010-09-16,1,49819.39136257635,-392.7221083655941,103.6822578709299,49530.35151208169
2010-09-17,1,-19851.72555746711,-429.6836499020097,86.33258061995889,-20195.076626749164
2010-09-20,1,-19805.86142442552,-1270.2584142461249,147.9571621664361,-20928.162676505206
2010-09-21,1,-70003.47073001764,-431.8068890364829,9.13242009132398,-70426.1451989628
2010-09-22,1,-60278.75376883275,-441.6677603591981,-103.3246895654969,-60823.74621875744
2010-09-23,1,-10003.73793545766,-422.7817158784673,-31.57437747787185,-10458.094028814
2010-09-24,1,60478.70056593562,-398.37098187596683,-4.235162694983956,60076.09442136467
2010-09-27,1,-70395.57707165851,-1283.6656689536608,-35.303484767534655,-71714.5462253797
2010-09-28,1,9487.244792856734,-395.2233077958451,-77.96072994569585,9014.060755115193
2010-09-29,1,-29607.216136860625,-472.7916916042923,-280.50185988577874,-30360.509688350696
2010-09-30,1,30107.346945688445,-388.92795963560167,-96.7136994089804,29621.70528664386
2010-10-01,1,10094.84381750278,-377.10792195358823,-160.36521972490732,9557.370675824286
2010-10-04,1,-30353.049368311564,-1300.2397375189694,-453.2860097668199,-32106.575115597352
2010-10-05,1,0.0,-434.60175356048046,-179.63416276037265,-614.2359163208531
2010-10-06,1,-60966.9923601353,-434.60175356048046,-179.91487013053256,-61581.50898382631
2010-10-07,1,20022.44103992673,-436.9787690021285,-209.5660205269287,19375.896250397673
2010-10-08,1,10013.716705921393,-453.9056471235614,-246.1794610805414,9313.63159771729
2010-10-11,1,0.0,-1403.0545534946173,-683.9132363468627,-2086.96778984148
2010-10-12,1,10436.290950979219,-467.6848511648725,-227.97107878228758,9740.635021032058
2010-10-13,1,20280.43571486845,-449.56946532261566,-181.54895799443716,19649.317291551397
2010-10-14,1,50768.18950469872,-455.8648134828593,-226.86436980999838,50085.46032140586
2010-10-15,1,80710.31804337657,-471.60318388346843,-197.5822093160907,80041.132650177
2010-10-18,1,-80465.75382357366,-1554.1429093404636,-723.3877436177809,-82743.2844765319
2010-10-19,1,-10188.52162958333,-471.60318388346843,-243.4574638452566,-10903.582277312054
2010-10-20,1,29990.621824577654,-471.4892203390953,-237.44292237442926,29281.68968186413
2010-10-21,1,39965.13493120579,-502.1267560495648,-300.95362150640534,39162.05455364982
2010-10-22,1,39930.433027032996,-493.2833423896504,-244.28820910793274,39192.861475535414
2010-10-25,1,-20004.98714999401,-1581.1029723220263,-785.5405033020497,-22371.630625618087
2010-10-26,1,49642.48043437998,-499.5102344040948,-252.85087105098125,48890.119328924906
2010-10-27,1,79326.59477723058,-483.13166790700103,-159.25346420916725,78684.20964511442
2010-10-28,1,-29270.585813842685,-508.03923596477847,-156.77938087891908,-29935.40443068638
2010-10-29,1,-29435.92701131994,-530.6446944763163,-267.7909809459712,-30234.362686742228
2010-11-01,1,29806.617665633865,-1691.6962554967672,-1027.6581806347717,27087.263229502325
2010-11-02,1,-29762.243490246285,-573.2390898539223,-359.6732133323858,-30695.155793432594
2010-11-03,1,39742.156887511526,-563.8987518322558,-360.69983047986057,38817.55830519941
2010-11-04,1,-128817.80012439597,-576.3525358611442,-413.6647762368417,-129807.81743649396
2010-11-05,1,-99.58254668651352,-535.8777377672561,-400.571833472677,-1036.0321179264465
2010-11-08,1,-10075.737701170328,-1415.9584341025425,-895.4548264291454,-12387.150961702017
2010-11-09,1,69429.26590698498,-436.9269021604208,-224.85277517364102,68767.48622965091
2010-11-10,1,-49261.2316733287,-394.8294311445671,-129.61805614691502,-49785.67916062018
2010-11-11,1,0.0,-400.5593987972592,-186.76058427069052,-587.3199830679497
2010-11-12,1,39243.460582993095,-400.5593987972592,-186.76058427069052,38656.140599925144
2010-11-15,1,137981.56643808013,-1079.3105658124214,-140.39720368122403,136761.85866858647
2010-11-16,1,-48596.863360412,-403.3584327052509,-23.531758673175773,-49023.753551790425
2010-11-17,1,49293.75228033143,-409.08840035794276,10.177179272972467,48894.84105924646
2010-11-18,1,-10015.171693527083,-440.3480164428079,-9.132420091324207,-10464.652130061215
2010-11-19,1,-19990.12263537274,-415.9535794824779,73.19769462177567,-20332.87852023344
2010-11-22,1,-50047.00783545232,-1260.6453691581721,190.34841284212098,-51117.30479176837
2010-11-23,1,9871.165349193845,-414.9538567310675,-2.7322760961512813,9453.479216366626
2010-11-24,1,80902.7564367718,-471.17854418594067,-113.01640920674652,80318.56148337912
2010-11-25,1,0.0,-411.6920359122321,55.78220950496359,-355.9098264072685
2010-11-26,1,-39889.06676513627,-411.6920359122321,55.78220950496359,-40244.976591543535
2010-11-29,1,-40028.41829894961,-1260.6453691581723,80.16844942687885,-41208.895218680904
2010-11-30,1,39908.33150765958,-396.9079596986725,62.29427556472103,39573.717823525636
2010-12-01,1,80584.32687984404,-483.8756240418109,-102.50218139984304,79997.94907440238
2010-12-02,1,19849.82164222619,-424.3891157681021,102.50434217717816,19527.936868635265
2010-12-03,0,79844.58929396831,-398.9074052014935,130.86099535837832,79576.5428841252
2010-12-06,0,-3094.948775266214,0.0,0.0,-3094.948775266214
2010-12-07,0,0.0,0.0,0.0,0.0
2010-12-08,0,0.0,0.0,0.0,0.0
2010-12-09,0,0.0,0.0,0.0,0.0
2010-12-10,0,0.0,0.0,0.0,0.0
2010-12-13,0,0.0,0.0,0.0,0.0
2010-12-14,0,0.0,0.0,0.0,0.0
2010-12-15,0,0.0,0.0,0.0,0.0
2010-12-16,0,0.0,0.0,0.0,0.0
2010-12-17,0,0.0,0.0,0.0,0.0
2010-12-20,0,0.0,0.0,0.0,0.0
2010-12-21,0,0.0,0.0,0.0,0.0
2010-12-22,0,0.0,0.0,0.0,0.0
2010-12-23,0,0.0,0.0,0.0,0.0
2010-12-24,0,0.0,0.0,0.0,0.0
2010-12-27,0,0.0,0.0,0.0,0.0
2010-12-28,0,0.0,0.0,0.0,0.0
2010-12-29,0,0.0,0.0,0.0,0.0
2010-12-30,0,0.0,0.0,0.0,0.0
2010-12-31,0,0.0,0.0,0.0,0.0
2011-01-03,0,0.0,0.0,0.0,0.0
2011-01-04,0,0.0,0.0,0.0,0.0
2011-01-05,0,0.0,0.0,0.0,0.0
2011-01-06,0,0.0,0.0,0.0,0.0
2011-01-07,0,0.0,0.0,0.0,0.0
2011-01-10,0,0.0,0.0,0.0,0.0
2011-01-11,0,0.0,0.0,0.0,0.0
2011-01-12,0,0.0,0.0,0.0,0.0
2011-01-13,0,0.0,0.0,0.0,0.0
2011-01-14,0,0.0,0.0,0.0,0.0
2011-01-17,0,0.0,0.0,0.0,0.0
2011-01-18,0,0.0,0.0,0.0,0.0
2011-01-19,0,0.0,0.0,0.0,0.0
2011-01-20,0,0.0,0.0,0.0,0.0
2011-01-21,0,0.0,0.0,0.0,0.0
2011-01-24,0,0.0,0.0,0.0,0.0
2011-01-25,0,0.0,0.0,0.0,0.0
2011-01-26,0,0.0,0.0,0.0,0.0
2011-01-27,0,0.0,0.0,0.0,0.0
2011-01-28,0,0.0,0.0,0.0,0.0
2011-01-31,0,0.0,0.0,0.0,0.0
2011-02-01,0,0.0,0.0,0.0,0.0
2011-02-02,0,0.0,0.0,0.0,0.0
2011-02-03,0,0.0,0.0,0.0,0.0
2011-02-04,-1,0.0,0.0,0.0,0.0
2011-02-07,-1,6873.726217592428,984.8779579689126,-1945.2054794520534,5913.398696109287
2011-02-08,-1,9990.058481016706,314.4619198827111,-693.9039093405634,9610.616491558854
2011-02-09,-1,49716.6353883187,216.38160113853587,-931.7746968058301,49001.242292651405
2011-02-10,-1,-10092.825972541315,242.008721487475,-847.8212916519286,-10698.638542705768
2011-02-11,-1,59941.742779040964,203.18346302945451,-957.9391447825224,59186.98709728789
2011-02-14,-1,40019.050473216375,550.1587675974979,-2896.473044066885,37672.736196746984
2011-02-15,-1,-19933.542489263895,149.12572126410566,-1028.4773622925718,-20812.89413029236
2011-02-16,-1,9948.522258553206,197.84958330393727,-946.6798024211364,9199.692039436008
2011-02-17,-1,-19816.10742177948,162.9564540376989,-1028.6710789691533,-20681.822046710935
2011-02-18,-1,-30041.2971732645,232.74271257017574,-910.0739698509038,-30718.628430545225
2011-02-21,-1,0.0,791.1111379338972,-2458.0326554023486,-1666.9215174684514
2011-02-22,-1,90575.16750721901,263.70371264463245,-819.3442184674498,90019.5270013962
2011-02-23,-1,-30323.11843331221,276.1326948844903,-697.6663047086641,-30744.652043136386
2011-02-24,-1,20275.033690540353,286.03129846630145,-735.1147052384063,19825.95028376825
2011-02-25,-1,30425.85134389703,289.96342765808345,-743.6954917364102,29972.119279818704
2011-02-28,-1,-30018.651483686936,871.7880669677861,-2091.6333529216763,-31238.496769640824
2011-03-01,-1,-19902.383307468728,342.6194188896975,-651.7492034871337,-20211.51309206616
2011-03-02,-1,-20621.027746809472,370.28088443688387,-569.6240574349755,-20820.370919807563
2011-03-03,-1,-21192.969435392835,355.81755699877885,-625.4075221699455,-21462.559400564
2011-03-04,-1,-19533.897084027063,246.57344534376887,-837.2599306520979,-20124.58356933539
2011-03-07,-1,-163.45146643732733,1107.0470853235802,-1769.1573367536944,-825.5617178674415
2011-03-08,-1,-20007.157179560756,328.9337092977112,-675.7990867579907,-20354.022557021035
2011-03-09,-1,49816.49782925549,303.83933833871583,-713.2487264950545,49407.08844109915
2011-03-10,-1,60161.06976955246,319.1166672938939,-638.4403216511201,59841.74611519523
2011-03-11,-1,-40212.01087976464,352.21435933327064,-517.2829683908934,-40377.07948882226
2011-03-14,-1,10192.967320920245,1095.9112460150814,-1527.260330053157,9761.618236882168
2011-03-15,-1,50242.96966545441,404.2168221746974,-462.5187788026486,50184.66770882646
2011-03-16,-1,60927.96781655679,366.7623750828634,-497.9949240230561,60796.7352676166
2011-03-17,-1,-10398.656436672922,399.8600671222406,-403.8634697046617,-10402.659839255342
2011-03-18,-1,-20371.35129947026,382.03970403804146,-377.0782797001467,-20366.38987513237
2011-03-21,-1,-611.1039538993646,1165.7531961217592,-1353.5386808692572,-798.8894386468626
2011-03-22,-1,10003.731507136725,314.7599122414364,-580.1829804496399,9738.308438928521
2011-03-23,-1,-10164.28052167511,300.94120969742823,-616.6524706156588,-10479.99178259334
2011-03-24,-1,-30437.403711482122,293.667201822632,-671.856636725446,-30815.593146384937
2011-03-25,-1,29806.51245250058,261.29882298884013,-709.6033191684937,29358.207956320926
2011-03-28,-1,9953.216062034773,532.9718835576168,-2402.508202991403,8083.679742600987
2011-03-29,-1,-30058.59135443901,153.29223676579522,-864.636322700737,-30769.935440373953
2011-03-30,-1,20028.29559054166,163.10927876961273,-838.0526346344326,19353.35223467684
2011-03-31,-1,0.0,167.11093930980314,-819.1459653485362,-652.035026038733
2011-04-01,-1,10019.530451479966,135.47187368159598,-846.5967337087544,9308.405591452807
2011-04-04,-1,-19938.311559992297,428.23764466917737,-2812.7595830433684,-22322.833498366486
2011-04-05,-1,19792.53157565475,159.83693143500716,-910.3993891588306,19041.969117930927
2011-04-06,-1,-50004.68293796432,77.1189044128812,-958.9041095890412,-50886.468143140475
2011-04-07,-1,-59936.63285599171,93.47266456648777,-1005.9222902775705,-60849.0824817028
2011-04-08,-1,10046.36063923547,155.38523732462806,-925.0932448401668,9276.652631719931
2011-04-11,-1,20002.484574003734,361.19531959064307,-2966.6682274285304,17397.011666165847
2011-04-12,-1,-10296.336873823937,92.71290551519883,-1061.597361691187,-11265.221329999926
2011-04-13,-1,9953.35720109702,169.9877635500918,-878.5365657195646,9244.808398927547
2011-04-14,-1,12.621931854617287,187.86104180627694,-850.6285052051638,-650.1455315442696
2011-04-15,-1,19908.791940463132,177.28902666282386,-850.8351773832424,19235.245789742712
2011-04-18,-1,10070.32658365685,797.6869766773793,-2164.8167050990005,8703.19685523523
2011-04-19,-1,30.279119756407454,262.6249068617386,-657.0191382255177,-364.11511160737166
2011-04-20,-1,-30195.50270542709,283.768937148645,-629.4383003132874,-30541.17206859173
2011-04-21,-1,15.56125825498566,272.43716295390243,-667.0295919453097,-379.0311707364216
2011-04-22,-1,0.0,283.00917809735563,-657.7374735080692,-374.7282954107136
2011-04-25,-1,20097.465895477115,849.0275342920668,-1973.2124205242073,18973.281009244973
2011-04-26,-1,30226.95616284413,287.03968917936606,-629.5885331830572,29884.407318840436
2011-04-27,-1,-50392.3410825764,287.79944823065557,-601.0107843287118,-50705.55241867446
2011-04-28,-1,20198.32388686633,304.1532083842619,-584.0638449963645,19918.413250254223
2011-04-29,-1,10129.548916483367,329.3277497531791,-473.15425147262147,9985.722414763926
2011-05-02,-1,10088.338816781154,1009.8870385977325,-1390.4656524557925,9707.760202923093
2011-05-03,-1,30279.837951179343,333.35826083518964,-472.40837392242383,30140.78783809211
2011-05-04,-1,20295.72970283792,323.5460047430256,-535.7099093954602,20083.565798185486
2011-05-05,-1,49985.22053606865,317.1221125872786,-538.8127853881276,49763.529863267795
2011-05-06,-1,-20036.893531127884,322.1080753746329,-454.8693212605983,-20169.65477701385
2011-05-09,-1,20058.95795816828,1017.421833646566,-1420.6048752136528,19655.774916601196
2011-05-10,-1,-40228.52927162465,332.6785870167613,-491.18916840789416,-40387.03985301578
2011-05-11,-1,10035.516495778109,324.4616121300263,-492.69563139898855,9867.282476509146
2011-05-12,-1,-20083.4573744613,352.9421349570308,-437.09776944171017,-20167.61300894598
2011-05-13,-1,40058.89578029724,348.8336475136638,-465.2649613868016,39942.464466424106
2011-05-16,-1,92.0098378353141,1007.7287973484254,-1337.5052992077603,-237.76666402402088
2011-05-17,-1,40155.07339292732,378.19164568465555,-390.5103146317622,40142.75472398021
2011-05-18,-1,-30365.49717038439,344.12657400287674,-389.5072515035092,-30410.877847885025
2011-05-19,-1,-19973.06360982785,332.6785870167613,-473.10956200016733,-20113.494584811255
2011-05-20,-1,20078.665957170913,360.281634499779,-400.14155008775174,20038.80604158294
2011-05-23,-1,20098.401706500747,1093.1703658294396,-1253.405281468019,19938.166790862168
2011-05-24,-1,20065.30770014767,357.92809774438535,-353.2001638522423,20070.035634039814
2011-05-25,-1,-30073.987857570617,340.8955619034962,-389.3844065774085,-30122.47670224453
2011-05-26,-1,309.67075874227885,361.15910984376603,-380.7373485362966,290.09252004974826
2011-05-27,-1,0.0,424.5821796965364,-205.84034656580593,218.74183313073047
2011-05-30,-1,0.0,1305.4580740159938,-589.8804600573535,715.5776139586403
2011-05-31,-1,-9867.228682330737,435.1526913386647,-196.62682001911787,-9628.70281101119
2011-06-01,-1,80870.0486645108,470.0952383644306,-113.97192549633553,81226.1719773789
2011-06-02,-1,-71129.19505368164,454.8176532115152,-83.82449105142268,-70758.20189152154
2011-06-03,-1,19989.246866521196,458.01385080324565,-73.05936073059343,20374.20135659385
2011-06-06,-1,-10045.5956546777,1481.7896359212507,-23.336463933664163,-8587.142482690113
2011-06-07,-1,-40009.9683264142,475.97186472183125,-26.595470167174426,-39560.59193185954
2011-06-08,-1,30044.36942863359,520.4970223246854,82.73394967830609,30647.60040063658
2011-06-09,-1,9941.084111193992,510.9034932019713,102.02741345841935,10554.015017854383
2011-06-10,-1,24.595455881637463,465.39393624208617,-8.33730903907724,481.6520830846464
2011-06-13,-1,-20029.652232532044,1459.6493796047298,140.8831285572321,-18429.119724370084
2011-06-14,-1,-60185.833368856154,514.101336242876,37.41511648229891,-59634.31691613098
2011-06-15,-1,59552.95319600735,480.3987520895789,-75.25769415380967,59958.09425394312
2011-06-16,-1,50148.05467070487,535.2571932023664,138.47905839754787,50821.79092230478
2011-06-17,-1,-10054.382611528128,519.2679779978426,103.5046275748607,-9431.610005955425
2011-06-20,-1,-30148.263846273807,1567.397463116242,227.28529559789672,-28353.58108755967
2011-06-21,-1,-51.663288897212624,521.4814216817165,111.38319456174224,581.2013273462461
2011-06-22,-1,-30055.566218526357,500.32556472222626,56.04083367174803,-29499.199820132384
2011-06-23,-1,40088.4015627395,520.4970223246854,27.898447056913255,40636.797032121096
2011-06-24,-1,50271.913057641985,539.439435600302,130.84574597688845,50942.19823921918
2011-06-27,-1,-10479.870880185197,1570.3506611873345,507.48583335069,-8402.034385647174
2011-06-28,-1,-30409.738422683367,463.18049255821245,66.69885527202712,-29879.859074853128
2011-06-29,-1,-99951.9568200949,398.72852232271055,-82.23910354089992,-99635.46740131309
2011-06-30,-1,-59798.72099317079,430.70695273175795,-130.7999481053463,-59498.81398854438
2011-07-01,-1,10274.429435292055,471.04986793667683,-95.58474922371283,10649.894554005019
2011-07-04,-1,-6.752622250545025,1302.3100504233691,-602.739726027397,692.8177021454271
2011-07-05,-1,5.093170329928398e-11,434.1033501411231,-200.91324200913232,233.1901081320417
2011-07-06,-1,30110.51478201647,497.45190029838386,-44.28848031571158,30563.678201999144
2011-07-07,-1,9806.178730799162,487.7731149905685,-6.513780362143848,10287.438065427586
2011-07-08,-1,50332.8108834545,421.1983030640356,-162.93408890193052,50591.0750976166
2011-07-11,-1,60807.15097449326,1500.2694583607022,70.69154308436487,62378.11197593833
2011-07-12,-1,20277.45781828314,512.4065239165672,117.82270942194441,20907.68705162165
2011-07-13,-1,0.0,495.39590868514625,145.92286070681553,641.3187693919617
2011-07-14,-1,-50876.24945456966,495.39590868514625,109.57603431602104,-50271.27751156849
2011-07-15,-1,30460.008229789833,500.9691258386288,52.74390948611551,31013.72126511458
2011-07-18,-1,0.0,1505.54529667107,272.15011528859714,1777.6954119596671
2011-07-19,0,50448.607215463264,501.84843222369005,99.97581825523218,51050.43146594219
2011-07-20,0,-3104.437279734255,0.0,0.0,-3104.437279734255
2011-07-21,0,0.0,0.0,0.0,0.0
2011-07-22,0,0.0,0.0,0.0,0.0
2011-07-25,0,0.0,0.0,0.0,0.0
2011-07-26,0,0.0,0.0,0.0,0.0
2011-07-27,0,0.0,0.0,0.0,0.0
2011-07-28,0,0.0,0.0,0.0,0.0
2011-07-29,0,0.0,0.0,0.0,0.0
2011-08-01,0,0.0,0.0,0.0,0.0
2011-08-02,0,0.0,0.0,0.0,0.0
2011-08-03,0,0.0,0.0,0.0,0.0
2011-08-04,0,0.0,0.0,0.0,0.0
2011-08-05,0,0.0,0.0,0.0,0.0
2011-08-08,1,0.0,0.0,0.0,0.0
2011-08-09,1,-123073.82068133149,-489.51426912400217,-182.64840182648373,-123745.98335228198
2011-08-10,1,-30301.65911898499,-526.8673104000798,-398.62771458467,-31227.15414396974
2011-08-11,1,171967.9181221668,-517.5734338543863,-326.23265761293067,171124.11203069947
2011-08-12,1,-110310.14579893273,-559.591798928718,-385.2067771902666,-111254.94437505171
2011-08-15,1,60410.377124732586,-1576.5427547835257,-1137.6064362754864,57696.227933673574
2011-08-16,1,-70340.74981977085,-554.74894003716,-441.63837515888827,-71337.13713496689
2011-08-17,1,-50503.53357207571,-511.7693573946797,-416.14740263860494,-51431.450332108994
2011-08-18,1,-101051.82676364927,-506.9264985031218,-445.45907713651445,-102004.2123392889
2011-08-19,1,-10161.576112380653,-465.2999746662126,-328.9865706389893,-10955.862657685855
2011-08-22,1,10482.578134037773,-1386.6060474529443,-960.0155802326732,8135.956506352155
2011-08-23,1,50756.84646497347,-444.0061039636838,-227.66473680304284,50085.175624206735
2011-08-24,1,131756.5817246019,-448.8489628552415,-272.1094743680346,131035.62328737865
2011-08-25,1,-50325.770177759594,-478.4754925353153,-286.3139743016546,-51090.559644596564
2011-08-26,1,-20329.033701273318,-473.6326336437574,-278.91354761248886,-21081.579882529564
2011-08-29,1,90950.56539527413,-1498.1325660012656,-950.1042837681998,88502.32854550466
2011-08-30,1,-90541.43984280332,-527.2591516375021,-323.1073160837945,-91391.80631052461
2011-08-31,1,40422.47350901082,-488.73058664915726,-316.70142792273333,39617.04149443893
2011-09-01,1,-70674.29090115688,-501.12242204341527,-342.88421741478044,-71518.29754061508
2011-09-02,1,-141646.8940891964,-490.0836454547283,-363.50755987958485,-142500.48529453072
2011-09-05,1,0.0,-1308.1958586706833,-880.7320020233302,-2188.9278606940134
2011-09-06,1,-50777.87501802354,-436.06528622356115,-293.5773340077767,-51507.517638254874
2011-09-07,1,69986.34061496986,-408.49715263973803,-310.50228310502285,69267.34117922508
2011-09-08,1,-29824.163713889204,-429.73094699362923,-272.0456297412533,-30525.940290624087
2011-09-09,1,-49924.5466936383,-442.0331668457853,-346.44172922526866,-50713.02158970936
2011-09-12,1,-29994.749127340012,-1344.805764933345,-1127.119237625203,-32466.67412989856
2011-09-13,1,60121.04817388001,-396.3635558660859,-238.47468763124465,59486.20993038268
2011-09-14,1,49969.80278238577,-414.56395102656415,-227.7773398412137,49327.461491518
2011-09-15,1,39844.182433885755,-440.4321557098267,-254.30788446630737,39149.442393709614
2011-09-16,1,20055.18404650921,-441.86454376728136,-225.3875116917609,19387.931991050165
2011-09-19,1,-89440.47228954143,-1440.1049049081005,-841.0633891470223,-91721.64058359656
2011-09-20,1,-40022.56310567387,-474.13679299437774,-301.49528983928656,-40798.19518850754
2011-09-21,1,-100117.11495279949,-440.6007787883305,-265.5213819616053,-100823.23711354942
2011-09-22,1,-150808.72237795233,-367.46195198941,-203.31355956926478,-151379.49788951103
2011-09-23,1,91582.34009436647,-332.66217280441197,-170.14328176064765,91079.53463980141
2011-09-26,1,50501.04387209,-983.5774181896105,-283.752592673399,49233.713861226985
2011-09-27,1,90318.09265721252,-321.623717931207,-47.48103906699305,89948.98790021433
2011-09-28,1,9979.78306458129,-348.92431067192433,-54.53077958900542,9576.32797432036
2011-09-29,1,-39899.45037720964,-330.5552924329422,-72.15021440681454,-40302.1558840494
2011-09-30,1,-49979.724760073426,-318.4216956592902,-27.490822257845764,-50325.637277990565
2011-10-03,1,-110368.39455186657,-909.7640990766747,-360.7220449958701,-111638.88069593912
2011-10-04,1,94.98546066075141,-301.99093471327416,-104.49602180494219,-311.50149585746493
2011-10-05,1,110947.5681122969,-280.58851728087905,-40.33985706540716,110626.63973795061
2011-10-06,1,49997.07713384271,-312.1381528790255,-18.264840182648356,49666.67414078103
2011-10-07,1,79597.8294112232,-284.3904585614199,102.20770507971343,79415.64665774148
2011-10-10,1,0.0,-893.6014785826791,230.31205265436506,-663.289425928314
2011-10-11,1,59290.95122199139,-297.8671595275597,76.77068421812169,59069.85474668195
2011-10-12,1,89194.39462668571,-294.57815472570434,96.77766130897459,88996.59413326898
2011-10-13,1,-49202.295202465466,-353.9479940499307,80.36238458603981,-49475.88081192935
2011-10-14,1,79051.04642168837,-338.826790682863,24.4227616701304,78736.64239267563
2011-10-17,1,-78644.86483774568,-1121.2138214740175,-84.58706993090414,-79850.6657291506
2011-10-18,1,9870.096196472643,-349.5440151040313,-39.538545756995006,9481.013635611616
2011-10-19,1,-9865.147866842557,-352.5682557774447,-57.31757248146158,-10275.033695101463
2011-10-20,1,19740.192392945726,-349.5440151040313,-39.19289659155794,19351.455481250137
2011-10-21,1,9588.09290417299,-355.59249645085816,-66.07395497542228,9166.426452746711
2011-10-24,1,19690.779545515037,-1011.5468648458058,-58.969635776845735,18620.26304489239
2011-10-25,1,-68215.79074838352,-343.23076962876223,26.201227761131463,-68532.82029025114
2011-10-26,1,69011.81852897239,-364.9299825995408,-76.81468477828082,68570.07386159457
2011-10-27,1,157073.63125682066,-375.3824428922669,-83.71216540464218,156614.53664852376
2011-10-28,1,-48040.870902539435,-380.90139598220986,-60.06159864746604,-48481.83389716911
2011-10-31,1,-136464.07887337342,-1193.7955976359408,-377.1206638865219,-138034.99513489587
2011-11-01,1,-138000.76887195715,-409.1786185566996,-175.91583124688702,-138585.86332176073
2011-11-02,1,19909.520170002706,-377.55647355007875,-235.06090431880023,19296.902792133827
2011-11-03,1,49665.98151605727,-383.6049548969057,-206.98646363295774,49075.39009752741
2011-11-04,1,-10005.05622760169,-403.950061086375,-200.91324200913232,-10609.919530697196
2011-11-07,1,-50037.66902981366,-1234.7680456353855,-769.4195967672349,-52041.85667221628
2011-11-08,1,60151.01289700695,-364.2696333233306,-111.02284487799653,59675.72041880562
2011-11-09,1,-89951.01769376585,-382.57102295748393,-136.76234125735726,-90470.3510579807
2011-11-10,1,40181.4746799351,-365.8084575706995,-157.69566349684226,39657.97055886756
2011-11-11,1,0.0,-378.0093839934684,-156.60726954694178,-534.6166535404102
2011-11-14,1,0.0,-1134.0281519804053,-469.82180864082534,-1603.8499606212306
2011-11-15,1,50.3376323356315,-378.0093839934684,-120.05460396140029,-447.7263556192372
2011-11-16,1,-50075.452539035854,-367.31986492902286,-119.62331033240321,-50562.39571429728
2011-11-17,1,-60199.07146333842,-341.37918783611605,-111.79007592212281,-60652.24072709666
2011-11-18,1,30335.61595692676,-312.38827913751715,-40.000271726846336,29983.227406062393
2011-11-21,1,-20173.72448185664,-900.4798074771077,-61.51951470678159,-21135.72380404053
2011-11-22,1,-20185.411605154455,-315.4385107432094,-39.56946124941322,-20540.419577147077
2011-11-23,1,-50378.88454903587,-320.02756659627056,-67.62801339830253,-50766.54012903044
2011-11-24,1,0.0,-315.465927632255,-87.0016939617613,-402.4676215940163
2011-11-25,1,60814.72563190107,-315.465927632255,-87.0016939617613,60412.25801030705
2011-11-28,1,19990.021960265454,-873.0277230258774,-201.02313237565272,18915.971104863926
2011-11-29,1,20184.16447474247,-329.17826141334723,-130.87378924657895,19724.11242408254
2011-11-30,1,100355.4650829943,-324.58920556028596,-121.00923674724766,99909.86664068676
2011-12-01,1,10017.574995198196,-397.8495978749907,-146.415634135738,9473.309763187468
2011-12-02,1,-39947.22985217837,-358.1417532229004,-100.09682337826212,-40405.46842877953
2011-12-05,1,-30001.43108400969,-1098.2510242616138,-465.75342465753374,-31565.43553292884
2011-12-06,1,60015.13366657394,-335.55664009079015,-64.28899261247864,59615.288033870675
2011-12-07,1,-49909.57430583966,-375.2159881756241,-127.08312954749135,-50411.87342356278
2011-12-08,1,-10042.814229928666,-370.69282642670044,-155.97910440023446,-10569.486160755601
2011-12-09,1,80241.91145173981,-378.346082573447,-202.39184512304206,79661.17352404332
2011-12-12,1,-59967.28466051495,-1208.0967550943622,-710.3655957969509,-61885.74701140627
2011-12-13,1,-70070.45673769368,-363.0395702799537,-146.60399768006863,-70580.1003056537
2011-12-14,1,-50182.87609738928,-341.73083896253075,-157.528888400344,-50682.13582475216
2011-12-15,1,-10000.00000000001,-315.8129559722787,-140.22541091231523,-10456.038366884603
2011-12-16,1,-40396.58673120314,-302.07149087769693,-112.87600129980797,-40811.534223380644
2011-12-19,1,-40384.81287093868,-933.8693826700651,-425.0583840330198,-41743.740637641764
2011-12-20,1,101396.98850094533,-299.1133763276849,-124.21531267757854,100973.65981194006
2011-12-21,1,20224.644118954042,-308.1596998255322,-121.55885469826848,19794.92556443024
2011-12-22,1,-10035.291367281225,-292.8531875320388,-84.08595200877232,-10412.230506822036
2011-12-23,1,60242.08449120865,-289.8090830581212,-56.94828275043602,59895.327125400094
2011-12-26,1,0.0,-956.3132115668724,-166.3647468381223,-1122.6779584049946
2011-12-27,1,-30002.581531956388,-318.77107052229076,-55.454915612707396,-30376.807518091384
2011-12-28,1,-70148.39976605744,-277.5466752385456,8.09390582938363,-70417.85253546659
2011-12-29,1,-20121.21557826627,-277.6326651624509,-39.57188513769006,-20438.420128566413
2011-12-30,1,9847.2549688558,-271.5444562146159,-49.25102720897485,9526.459485432208
2012-01-02,1,0.0,-823.7656820656002,-422.9315476711588,-1246.697229736759
2012-01-03,1,59995.54024352601,-270.0677116600475,-136.98630136986287,59588.4862304961
2012-01-04,1,49874.25125534112,-298.90751401533896,-98.50054524142257,49476.84319608436
2012-01-05,1,-110.57733392493174,-335.4494465609283,-161.50552144578955,-607.5323019316496
2012-01-06,1,-19743.811514802255,-314.0058512760488,-97.0478301682445,-20154.86519624655
2012-01-09,1,-10000.00000000001,-988.2303349699333,-513.3545954989029,-11501.584930468845
2012-01-10,1,39906.96794210884,-326.3904442045025,-125.46602551860121,39455.11147238573
2012-01-11,1,-69612.9793312628,-359.91270929794996,-179.62493613113708,-70152.51697669188
2012-01-12,1,29982.34026499104,-338.7750371329563,-181.51796667374123,29462.04726118434
2012-01-13,1,-69881.5625708296,-369.2776347742617,-217.75423972932606,-70468.59444533319
2012-01-16,1,0.0,-1012.2544949004837,-410.8153234565493,-1423.069818357033
2012-01-17,1,10003.743352740159,-337.41816496682793,-136.9384411521831,9529.386746621149
2012-01-18,1,20035.51861538151,-372.6032253462894,-237.8226319353841,19425.092758099832
2012-01-19,1,69861.40748722033,-346.477167323254,-172.6705636692871,69342.25975622778
2012-01-20,1,39758.826454286704,-356.89304184580783,-115.57910745823608,39286.354304982655
2012-01-23,1,39678.8937832459,-1074.7497420358077,-343.561914895005,38260.58212631509
2012-01-24,1,10097.707660280394,-370.32858382050387,-140.8590302339416,9586.520046225947
2012-01-25,1,-49330.91879969947,-394.79184655752556,-204.87371247138958,-49930.58435872839
2012-01-26,1,-49698.53306785816,-390.41530693925534,-279.64363508223903,-50368.592009879656
2012-01-27,1,-29894.298035157197,-375.3169696785456,-290.1398810171338,-30559.754885852875
2012-01-30,1,-59879.06817898622,-1130.9392948936784,-872.9809538905189,-61882.98842777042
2012-01-31,1,-40040.39721028576,-358.86176025170766,-274.42341108809694,-40673.68238162556
2012-02-01,1,29997.39437901338,-366.71214928100164,-292.2374429223745,29338.444786810007
2012-02-02,1,-9979.819202053752,-365.0179595785909,-272.90099231891844,-10617.73815395126
2012-02-03,1,109833.44883909759,-362.0074264847822,-309.6895791115211,109161.75183350129
2012-02-06,1,-49717.228900085276,-1185.3698715500348,-947.0413153739042,-51849.64008700922
2012-02-07,1,59650.088185510715,-369.34483606379763,-280.36884425531116,59000.374505191605
2012-02-08,1,-10077.885573564829,-376.6822456428132,-251.06473040237086,-10705.632549610013
2012-02-09,1,29728.918343324123,-352.2201345813305,-232.53165559507568,29144.16655314772
2012-02-10,1,-79157.53659038866,-361.25173386275685,-222.64907179570253,-79741.43739604711
2012-02-13,1,9816.342300138858,-1043.6797742883712,-647.4024648129072,8125.260061037579
2012-02-14,1,-69437.35522385563,-329.4522132222588,-151.25511086865214,-69918.06254794654
2012-02-15,1,9954.674309735808,-308.37848156559744,-226.17276963140824,9420.123058538802
2012-02-16,1,59697.93668882236,-311.38901465940626,-234.9934096393926,59151.55426452356
2012-02-17,1,19839.244349672816,-318.7264242384218,-196.94278297436972,19323.575142460024
2012-02-20,1,0.0,-909.8877373750961,-671.3620842538188,-1581.249821628915
2012-02-21,1,19656.016747566136,-303.29591245836536,-223.78736141793962,19128.93347368983
2012-02-22,1,-19581.30966239142,-298.59118966214595,-140.70764198817363,-20020.608494041742
2012-02-23,1,-39801.81993908145,-292.57012347452854,-214.513815600817,-40308.903878156794
2012-02-24,1,-9919.622174836519,-259.07641313161963,-151.35069046289772,-10330.049278431035
2012-02-27,1,-49558.934719208235,-800.3750070649434,-482.5778366822492,-50841.887562955424
2012-02-28,1,19909.348619471617,-273.1905815202779,-162.37943574349754,19473.778602207844
2012-02-29,1,39778.56602915199,-279.2116477078954,-198.30897466142693,39301.045406782665
2012-03-01,1,49993.32369001513,-295.27827839154276,-210.04566210045675,49487.99974952313
2012-03-02,1,-19899.45037720968,-321.1619136637003,-208.6912265423241,-20429.303517415705
2012-03-05,1,-20012.519316359096,-1009.585181661177,-766.0563126874324,-21788.160810707705
2012-03-06,1,-29960.984111121717,-298.3116775849558,-163.879847033074,-30423.175635739746
2012-03-07,1,20020.1602736467,-299.9281193098091,-201.4747838778298,19518.757370459058
2012-03-08,1,29999.999999999807,-305.9949176966351,-228.31050228310494,29465.694580020066
2012-03-09,1,-22.64351872447878,-293.66183666668934,-181.32075260238497,-497.6261079935531
2012-03-12,1,0.0,-880.9855100000682,-433.77786062246946,-1314.7633706225376
2012-03-13,1,79705.93969379779,-293.66183666668934,-144.59262020748986,79267.6852369236
2012-03-14,1,98829.29197583516,-296.495751603809,-150.97053840010915,98381.82568583124
2012-03-15,1,29962.62154069866,-283.96318631756986,-19.584687199652535,29659.073667181437
2012-03-16,1,19691.168058563137,-335.9299411181786,-119.49312680837153,19235.744990636587
2012-03-19,1,58703.35545745335,-1058.140136430291,-329.85973856897317,57315.35558245409
2012-03-20,1,-29774.06620096755,-349.48049536039053,-62.08978381949993,-30185.63648014744
2012-03-21,1,-48637.12882942254,-318.9470191699665,-17.2278101506663,-48973.30365874317
2012-03-22,1,306.0939484393566,-325.2133018130863,-46.34693480272739,-65.46628817645706
2012-03-23,1,-39382.33611712627,-335.9299411181786,-46.763608494582115,-39765.029666739036
2012-03-26,1,19856.59319834931,-971.3890330335792,-116.50640834549404,18768.69775697024
2012-03-27,1,-29184.708971639953,-340.57978203644484,-83.89453947301973,-29609.183293149417
2012-03-28,1,-106.19613617159303,-363.62950237148306,-140.1481172409998,-609.9737557840758
2012-03-29,1,-19660.308261166694,-342.1962237612981,-112.5396366981559,-20115.044121626146
2012-03-30,1,49993.4683904353,-353.02530099066274,-146.11872146118714,49494.324367983456
2012-04-02,1,-9974.968406362257,-976.7428818989625,-543.6932635465009,-11495.404551807722
2012-04-03,1,49839.74074803665,-386.6637556573986,-154.11688657286464,49298.96010580639
2012-04-04,1,-39704.107628031226,-369.9105550983535,-124.62471685085444,-40198.642899980434
2012-04-05,1,-59789.88425045863,-368.3455198275077,-135.08078932725255,-60293.31055961338
2012-04-06,1,-89947.31850420346,-349.9612572232937,-136.80715245154045,-90434.08691387829
2012-04-09,1,-10055.384624331082,-967.1545899509181,-722.058537404142,-11744.597751686142
2012-04-10,1,-10297.21774628562,-362.0853787441238,-231.79872237395438,-10891.101847403697
2012-04-11,1,20330.637372436635,-391.0947543726446,-342.7592569177918,19596.7833611462
2012-04-12,1,40200.24588898479,-386.5317021087527,-259.413131667251,39554.30105520879
2012-04-13,1,-40292.01078891673,-398.78787717822865,-285.896410298417,-40976.69507639337
2012-04-16,1,-20161.40707725658,-1223.741945118038,-917.4239569279206,-22302.57297930254
2012-04-17,1,30272.56934202759,-401.78589417127466,-333.80989533623904,29536.973552520078
2012-04-18,1,-30226.897563105496,-421.6691652720116,-332.9339982062263,-30981.500726583734
2012-04-19,1,-20181.71289468521,-401.78589417127466,-324.59450132040126,-20908.093290176883
2012-04-20,1,-9913.948035781274,-374.2755270392767,-288.52774218478334,-10576.751305005335
2012-04-23,1,-10277.835752933071,-1017.4141916280535,-782.7057010582582,-12077.955645619382
2012-04-24,1,40444.82337926346,-368.1474395045388,-298.32893490748137,39778.347004851435
2012-04-25,1,20098.342402505416,-391.0947543726447,-333.80989533623904,19373.437752796533
2012-04-26,1,-30257.33453912642,-418.6051215046426,-360.9081257062327,-31036.847786337294
2012-04-27,1,-20202.04774908948,-398.72185040390576,-352.5605959346476,-20953.330195428032
2012-04-30,1,-20008.34082747726,-1127.6751614070129,-1123.287671232876,-22259.303660117148
2012-05-01,1,30015.12118304839,-391.2567014194443,-374.73853947425505,29249.125942154693
2012-05-02,1,-19979.86002772095,-400.34773511333333,-355.6123556829238,-20735.820118517207
2012-05-03,1,-9998.752558350328,-383.57421094422426,-328.7978821228687,-10711.12465141742
2012-05-04,1,-40002.494634254595,-369.83103133974487,-319.6962147259113,-40692.02188032025
2012-05-07,1,10025.238051454646,-1137.405969482776,-990.7498031950229,7897.0822787768475
2012-05-08,1,-40080.732876452224,-382.1656677255552,-329.9591084280029,-40792.85765260578
2012-05-09,1,-10040.42426358767,-370.04428946703626,-321.95432444473977,-10732.422877499446
2012-05-10,1,20090.98716577782,-356.301109862557,-313.0673876536723,19421.61866826159
2012-05-11,1,-50176.792853136096,-362.36179899181633,-312.50278879708105,-50851.65744092499
2012-05-14,1,-80361.84509413323,-1041.6302285060033,-914.1837827366221,-82317.65910537586
2012-05-15,1,-20182.56229956107,-312.25448461178047,-260.6452548162276,-20755.462038989077
2012-05-16,1,-9996.258422116722,-306.19379548252107,-251.9612212383566,-10554.413438837599
2012-05-17,1,-80599.00134106784,-292.4506158780416,-251.9953772579317,-81143.44733420381
2012-05-18,1,10132.229829253161,-246.78218928130462,-171.15043263884525,9714.297207333011
2012-05-21,1,60493.43172792015,-749.4376015378028,-540.4376010861417,59203.556525296204
2012-05-22,1,40426.43756088097,-289.42027131341194,-279.64513114401234,39857.372158423546
2012-05-23,1,-40527.05087412418,-301.54164957193086,-297.00387908183006,-41125.59640277794
2012-05-24,1,30469.880812377538,-300.1331063532615,-316.7460920592615,29853.001613965018
2012-05-25,1,-30189.032225981136,-298.5113050073011,-306.46927057473465,-30794.01280156317
2012-05-28,1,0.0,-836.1223088206866,-784.4739529060465,-1620.5962617267332
2012-05-29,1,-10007.0854584778,-273.4900671048915,-255.70776255707767,-10536.28328813977
2012-05-30,1,-80055.69045329766,-281.24334754611607,-246.83888383876808,-80583.77268468254
2012-05-31,1,-40243.974162655686,-289.5112937265873,-304.4628375050757,-40837.94829388735
2012-06-01,1,-100969.81541999009,-277.51777761202555,-268.9129536958126,-101516.24615129792
2012-06-04,1,60858.840903750024,-807.111918796053,-842.6844666299963,59209.04451832398
2012-06-05,1,40448.89764308641,-297.77923990705875,-288.3147477379425,39862.803655441414
2012-06-06,1,80818.95187742142,-309.7727560216206,-296.5556504540982,80212.6234709457
2012-06-07,1,-10004.990762125984,-312.2564693110142,-285.29086351784304,-10602.538094954842
2012-06-08,1,-20049.438585963526,-298.50643081250877,-267.08485560511906,-20615.029872381154
2012-06-11,1,-40251.462346258595,-877.5290182656834,-802.128655147751,-41931.12001967203
2012-06-12,1,40523.04115108007,-291.26781611053104,-259.4491113580722,39972.32422361147
2012-06-13,1,-60243.62391550364,-260.2546943456329,-202.95271162141688,-60706.83132147069
2012-06-14,1,30213.63088590702,-253.01607964365513,-177.0927545585684,29783.522051704796
2012-06-15,1,-30223.56264929557,-262.01121672957646,-167.13981348446816,-30652.713679509616
2012-06-18,1,-10076.324177829112,-823.5581957501553,-586.5214908074959,-11486.403864386763
2012-06-19,1,40405.96135634201,-260.76936008487974,-186.55274016295857,39958.639256094175
2012-06-20,1,-9944.109337676067,-262.01121672957646,-176.32327527654496,-10382.443829682188
2012-06-21,1,-20101.582891647053,-226.75785929134094,-157.79153110472004,-20486.132282043116
2012-06-22,1,70363.46735701103,-231.51276070392507,-130.89490342203743,70001.05969288506
2012-06-25,1,-60182.58681677046,-789.7592201228198,-497.7758241007881,-61470.12186099407
2012-06-26,1,30182.980621991934,-245.26279920243053,-158.24433981830515,29779.473482971196
2012-06-27,1,-10002.80209980757,-241.43469759249962,-219.17808219178067,-10463.41487959185
2012-06-28,1,-50025.36189540574,-227.68294415691082,-228.5652793145798,-50481.61011887723
2012-06-29,1,50213.42277409452,-212.7592441860332,-248.078907997536,49752.58462191095
2012-07-02,1,-29977.06866013725,-424.6405098768139,-547.4134897614689,-30949.122659775534
2012-07-03,1,40101.59338897379,-261.7967779400374,-275.263955031035,39564.532656002724
2012-07-04,1,0.0,-262.9687244753262,-274.2058909349144,-537.1746154102407
2012-07-05,1,-10012.722690288127,-262.9687244753262,-274.2058909349144,-10549.897305698367
2012-07-06,1,-40097.81448867884,-281.5180113639773,-274.93762872865284,-40654.27012877147
2012-07-09,1,-40183.13114839687,-841.0381944860649,-965.6411997964418,-41989.81054267937
2012-07-10,1,0.0,-268.4071048519861,-313.732991977996,-582.1400968299821
2012-07-11,1,10066.225897595645,-268.4071048519861,-313.732991977996,9484.085800765662
2012-07-12,1,-20234.457658395997,-271.39184484616175,-313.4760094302628,-20819.32551267242
2012-07-13,1,20163.193706363036,-297.7234051820504,-341.67189973275435,19523.79840144823
2012-07-16,1,-10135.204654582298,-943.3796958354442,-1051.148012970647,-12129.73236338839
2012-07-17,1,20236.054763867367,-311.4751586176392,-323.4405378049596,19601.13906744477
2012-07-18,1,19956.235334018835,-295.91061172316375,-304.4922099076374,19355.832512388035
2012-07-19,1,20142.691731787134,-323.41411859434135,-396.1545341129837,19423.12307907981
2012-07-20,1,-50305.54804345387,-297.0825582584527,-368.2123459040698,-50970.84294761639
2012-07-23,1,-20173.45575687195,-846.4765748627246,-1080.8624540342641,-22100.79478576894
2012-07-24,1,-30291.003023549212,-286.9563917406372,-360.7941047587667,-30938.753520048616
2012-07-25,1,-10112.438446371381,-288.7691851995237,-379.748337796579,-10780.955969367484
2012-07-26,1,9990.852828612255,-281.45212818447914,-337.8995433789954,9371.50115704878
2012-07-27,1,109870.11667436696,-262.8296336243752,-328.3099400939431,109278.97710064864
2012-07-30,1,-29627.40242855815,-821.1229131446883,-810.9176128940358,-31259.442954596874
2012-07-31,1,-19898.462451563235,-286.4300325448752,-353.67781134721673,-20538.570295455327
2012-08-01,1,39798.026757902655,-269.743660602167,-290.2941195573616,39237.98897774313
2012-08-02,1,-49670.35824373679,-281.5438600624169,-289.0942469435497,-50240.99635074275
2012-08-03,1,89634.20209626528,-266.7936107371046,-290.3180454873925,89077.09044004077
2012-08-06,1,-9913.90964824386,-880.0321785680007,-782.183837047001,-11576.125663858862
2012-08-07,1,39440.09917222746,-290.39400965760444,-270.0300492617875,38879.67511330807
2012-08-08,1,-219.97675011505999,-259.0491202675215,-259.35137453240293,-738.3772449149844
2012-08-09,1,9873.758974744986,-237.4765758423553,-213.19166117191145,9423.09073773072
2012-08-10,1,-19492.48427782767,-240.4266257074178,-240.31829931568282,-19973.229202850773
2012-08-13,1,0.0,-768.2972112073771,-723.7341503594384,-1492.0313615668156
2012-08-14,1,79110.30771040887,-256.099070402459,-259.5940334774846,78594.61460652894
2012-08-15,1,68941.47118559905,-279.699469322959,-275.64627028606094,68386.12544599002
2012-08-16,1,9454.363232672516,-300.34981837839644,-273.8974086786519,8880.11600561547
2012-08-17,1,-19598.18924514973,-281.7273238182926,-245.83187228669416,-20125.748441254716
2012-08-20,1,9809.003559421815,-827.4816722645031,-712.1147619755902,8269.407125181722
2012-08-21,1,-39590.63567728894,-278.77727395323006,-227.6607617280336,-40097.0737129702
2012-08-22,1,-38381.777052910904,-245.40453006781374,-191.90711396810286,-38819.08869694682
2012-08-23,1,-29576.285403529393,-287.5356916704798,-303.50382116733545,-30167.324916367208
2012-08-24,1,-20008.135012918287,-284.4426666210994,-310.5022831050228,-20603.07996264441
2012-08-27,1,-30000.000000000025,-770.8689222364217,-739.9105619859536,-31510.779484222403
2012-08-28,1,-17.71628296460767,-247.99300415770193,-219.99708498445574,-485.70637210676534
2012-08-29,1,20040.605638119705,-258.7484160107017,-247.60733621349107,19534.24988589551
2012-08-30,1,-30030.432372433683,-264.72395151366084,-256.2480436095813,-30551.404367556926
2012-08-31,1,-10158.56303798806,-266.516060112222,-229.61985694560627,-10654.69895504589
2012-09-03,1,0.0,-919.6498193182251,-1049.4373894981588,-1969.087208816384
2012-09-04,1,10106.954449411165,-306.5499397727418,-349.812463166053,9450.592046472371
2012-09-05,1,-9961.724173689558,-309.53770752422145,-321.90331861219306,-10593.165199825971
2012-09-06,1,60322.816780565125,-306.54993977274194,-294.28971740309976,59721.97712338928
2012-09-07,1,9997.505116700648,-302.96572257561957,-264.8709414835992,9429.668452641428
2012-09-10,1,10005.070242271262,-950.1267065402965,-1014.4325275228776,8040.511008208087
2012-09-11,1,20000.00000000002,-319.6966699315785,-337.87561506312124,19342.42771500532
2012-09-12,1,69929.09295344341,-325.67220543453766,-337.33907120137496,69266.08167680749
2012-09-13,1,-9907.814495866529,-346.58657969489457,-353.6490083039291,-10608.050083865353
2012-09-14,1,99532.44251054351,-354.3542237964149,-381.4776427949751,98796.61064395212
2012-09-17,1,-9700.559099557446,-1088.163232815632,-1023.26503820129,-11811.987370574368
2012-09-18,1,-29743.079282302635,-381.2441335597308,-378.61046887897055,-30502.93388474134
2012-09-19,1,-49790.686511015505,-372.2808303052923,-379.47562759240054,-50542.4429689132
2012-09-20,1,9944.46666804255,-325.07575598889485,-307.439404269531,9311.951507784124
2012-09-21,1,-29818.31958319666,-338.81893559337425,-316.23648612840657,-30473.375004918442
2012-09-24,1,-30002.80351035127,-963.8714291549691,-986.3013698630137,-31952.976309369253
2012-09-25,1,-40060.771168080995,-323.02971115807946,-320.49493434269823,-40704.295813581775
2012-09-26,1,-50213.00447973583,-300.2805723881961,-321.6447911329707,-50834.929843257
2012-09-27,1,30133.391894448807,-296.01697744791625,-314.15225199733186,29523.22266500356
2012-09-28,1,9949.123835184462,-305.0212220179708,-313.5529800959432,9330.549633070548
2012-10-01,1,-30070.951537609213,-827.3765965356689,-1188.0251506961006,-32086.35328484098
2012-10-02,1,20004.990887396016,-309.7618716477452,-332.3328203345263,19362.896195413745
2012-10-03,1,0.0,-347.99513939054714,-368.8818004521735,-716.8769398427206
2012-10-04,1,60396.43289150591,-347.99513939054714,-378.07456040521845,59670.36319171014
2012-10-05,1,10157.536196253619,-355.26014918751184,-440.33029111781025,9361.945755948296
2012-10-08,1,0.0,-945.8629400148602,-988.0489549174196,-1933.9118949322797
2012-10-09,1,9989.875102462576,-315.28764667162017,-329.3496516391399,9345.237804151815
2012-10-10,1,-40035.37647143654,-350.51949955773733,-384.3878918535313,-40770.28386284781
2012-10-11,1,-30050.678975632727,-317.0268814447099,-330.22501162778974,-30697.930868705225
2012-10-12,1,-36.74809482692217,-297.2791575315114,-285.1168639179077,-619.1441162763413
2012-10-15,1,10040.58684487937,-924.0679106239666,-910.7813991582508,8205.737535097152
2012-10-16,1,50177.5037331132,-311.0240517313403,-339.87721054244776,49526.6024708394
2012-10-17,1,50080.999180299565,-326.0311260147642,-301.92465191985934,49453.04340236494
2012-10-18,1,39905.395355160625,-298.0642829256117,-208.53671922756496,39398.79435300745
2012-10-19,1,-79679.8249848678,-320.813421695495,-244.1637812506018,-80244.8021878139
2012-10-22,1,19967.041010767498,-890.4063085260499,-601.5021472320564,18475.132555009393
2012-10-23,1,-10003.228880407294,-271.96059597238417,-173.5159817351598,-10448.705458114839
2012-10-24,1,10020.238684748689,-301.17886897141125,-229.26972894076977,9489.790086836507
2012-10-25,1,40083.5571813723,-325.67527279377725,-238.14771731059164,39519.73419126793
2012-10-26,1,-69877.62475292763,-305.48859907617646,-200.07025065727203,-70383.18360266108
2012-10-29,1,-40101.22969505278,-885.4734083513811,-688.727429530912,-41675.430532935075
2012-10-30,1,0.0,-293.85860577283734,-203.2475660225922,-497.10617179542953
2012-10-31,1,-20091.237486946433,-293.85860577283734,-203.2475660225922,-20588.343658741866
2012-11-01,1,30167.388794172664,-298.58047494949847,-203.7866493399971,29665.02166988317
2012-11-02,1,20004.989018150387,-296.86913886664615,-212.14775286783663,19495.972126415905
2012-11-05,1,-30121.606358490975,-940.8994212556263,-882.8955104967093,-31945.40129024331
2012-11-06,1,40324.79755977576,-315.34447650139464,-295.1207755552866,39714.33230771908
2012-11-07,1,-70245.59071040634,-295.15780278379367,-238.73134173748497,-70779.47985492762
2012-11-08,1,-60457.170922697806,-306.3128772199683,-305.391122767775,-61068.87492268555
2012-11-09,1,-10106.90347646641,-288.24967865711585,-343.4423750524201,-10738.595530175946
2012-11-12,1,0.0,-855.7174366899211,-838.9521400937728,-1694.6695767836939
2012-11-13,1,-20224.068804578717,-285.23914556330715,-279.6507133645909,-20788.958663506615
2012-11-14,1,20012.4762812049,-279.2180793756896,-280.18546773737097,19453.072734091842
2012-11-15,1,-113.57217424680675,-306.72501629186434,-325.7221659293035,-746.0193564679746
2012-11-16,1,0.0,-317.467951656143,-325.9611844422828,-643.4291360984257
2012-11-19,1,20372.36391070142,-952.4038549684287,-923.3561485680581,18496.603907164932
2012-11-20,1,30542.701729459917,-312.74608247948186,-279.58914349193924,29950.366503488494
2012-11-21,1,29993.727957184805,-296.5171629282136,-219.17808219178067,29478.03271206481
2012-11-22,1,0.0,-305.4713829107403,-254.90289652618236,-560.3742794369227
2012-11-23,1,-10015.195315583234,-305.4713829107403,-254.90289652618236,-10575.569595020157
2012-11-26,1,-19923.97626612277,-842.8990035157739,-764.11000083885,-21530.98527047739
2012-11-27,1,-20000.00000000002,-296.5171629282136,-246.5753424657533,-20543.092505393983
2012-11-28,1,-10010.148400252097,-290.54768293986257,-274.5008756295606,-10575.196958821522
2012-11-29,1,9984.77193339462,-287.56294294568704,-283.9116236192924,9413.29736682964
2012-11-30,1,0.0,-312.0679913511694,-338.9275395379574,-650.9955308891267
2012-12-03,1,10020.311381236364,-936.2039740535081,-1016.782618613872,8067.324788568985
2012-12-04,1,-10015.228066605398,-315.0527313453449,-338.6582863428922,-10668.939084293634
2012-12-05,1,-20040.622762473173,-322.8281455568228,-338.9275395379574,-20702.378447567953
2012-12-06,1,-10030.488967727822,-306.0985113628183,-339.4666263110091,-10676.054105401648
2012-12-07,1,50177.916228965645,-303.11377136864274,-348.90137642387083,49525.901081173135
2012-12-10,1,-7.652956554076809,-954.1124140185611,-1070.0178073903203,-2031.7831779629582
2012-12-11,1,30045.684199816857,-328.79762554517384,-375.18819380998286,29341.6983804617
2012-12-12,1,49996.25646067785,-348.5119997333539,-328.6850731107463,49319.059387833746
2012-12-13,1,-65.70681420113033,-352.67554549857823,-253.94138318758883,-672.3237428872974
2012-12-14,1,10080.896575064333,-320.3950828816181,-180.46899637954562,9580.032495803169
2012-12-17,0,49814.10868026253,-1099.2613190952213,-652.454956954581,48062.39240421273
2012-12-18,0,-3053.1582404058167,0.0,0.0,-3053.1582404058167
2012-12-19,0,0.0,0.0,0.0,0.0
2012-12-20,0,0.0,0.0,0.0,0.0
2012-12-21,0,0.0,0.0,0.0,0.0
2012-12-24,0,0.0,0.0,0.0,0.0
2012-12-25,0,0.0,0.0,0.0,0.0
2012-12-26,0,0.0,0.0,0.0,0.0
2012-12-27,0,0.0,0.0,0.0,0.0
2012-12-28,0,0.0,0.0,0.0,0.0
2012-12-31,0,0.0,0.0,0.0,0.0
2013-01-01,0,0.0,0.0,0.0,0.0
2013-01-02,0,0.0,0.0,0.0,0.0
2013-01-03,0,0.0,0.0,0.0,0.0
2013-01-04,0,0.0,0.0,0.0,0.0
2013-01-07,0,0.0,0.0,0.0,0.0
2013-01-08,0,0.0,0.0,0.0,0.0
2013-01-09,0,0.0,0.0,0.0,0.0
2013-01-10,0,0.0,0.0,0.0,0.0
2013-01-11,0,0.0,0.0,0.0,0.0
2013-01-14,0,0.0,0.0,0.0,0.0
2013-01-15,0,0.0,0.0,0.0,0.0
2013-01-16,0,0.0,0.0,0.0,0.0
2013-01-17,0,0.0,0.0,0.0,0.0
2013-01-18,0,0.0,0.0,0.0,0.0
2013-01-21,0,0.0,0.0,0.0,0.0
2013-01-22,0,0.0,0.0,0.0,0.0
2013-01-23,0,0.0,0.0,0.0,0.0
2013-01-24,0,0.0,0.0,0.0,0.0
2013-01-25,0,0.0,0.0,0.0,0.0
2013-01-28,0,0.0,0.0,0.0,0.0
2013-01-29,0,0.0,0.0,0.0,0.0
2013-01-30,0,0.0,0.0,0.0,0.0
2013-01-31,0,0.0,0.0,0.0,0.0
2013-02-01,0,0.0,0.0,0.0,0.0
2013-02-04,0,0.0,0.0,0.0,0.0
2013-02-05,0,0.0,0.0,0.0,0.0
2013-02-06,0,0.0,0.0,0.0,0.0
2013-02-07,0,0.0,0.0,0.0,0.0
2013-02-08,0,0.0,0.0,0.0,0.0
2013-02-11,0,0.0,0.0,0.0,0.0
2013-02-12,0,0.0,0.0,0.0,0.0
2013-02-13,0,0.0,0.0,0.0,0.0
2013-02-14,0,0.0,0.0,0.0,0.0
2013-02-15,0,0.0,0.0,0.0,0.0
2013-02-18,0,0.0,0.0,0.0,0.0
2013-02-19,0,0.0,0.0,0.0,0.0
2013-02-20,0,0.0,0.0,0.0,0.0
2013-02-21,0,0.0,0.0,0.0,0.0
2013-02-22,0,0.0,0.0,0.0,0.0
2013-02-25,0,0.0,0.0,0.0,0.0
2013-02-26,0,0.0,0.0,0.0,0.0
2013-02-27,0,0.0,0.0,0.0,0.0
2013-02-28,0,0.0,0.0,0.0,0.0
2013-03-01,0,0.0,0.0,0.0,0.0
2013-03-04,0,0.0,0.0,0.0,0.0
2013-03-05,0,0.0,0.0,0.0,0.0
2013-03-06,0,0.0,0.0,0.0,0.0
2013-03-07,0,0.0,0.0,0.0,0.0
2013-03-08,-1,0.0,0.0,0.0,0.0
2013-03-11,-1,-13064.271686083655,1250.3330001181894,739.7260273972603,-11074.212658568205
2013-03-12,-1,39979.89529823082,430.52256090589196,255.41399522528997,40665.831854362
2013-03-13,-1,-10015.100075827171,407.640759945267,247.4441139516868,-9360.015201930217
2013-03-14,-1,0.0,399.9871369193021,247.15431664260672,647.1414535619087
2013-03-15,-1,10030.18936779329,410.6863955321991,256.29592680023023,10697.171690125719
2013-03-18,-1,60128.419350457014,1319.2156073518736,908.4379340470861,62356.07289185597
2013-03-19,-1,20199.343533362066,410.76546364946904,295.19516768812144,20905.304164699657
2013-03-20,-1,-20275.491901257297,415.37345108850195,341.9420896043173,-19518.17636056448
2013-03-21,-1,20051.707279260772,400.0662050365721,286.0166656954453,20737.79014999279
2013-03-22,-1,10111.051019999291,393.9749338627081,240.7389572145904,10745.76491107659
2013-03-25,-1,-20002.49519456034,1172.7878948273283,778.5146327598156,-18051.192666973195
2013-03-26,-1,20069.41157775063,418.41908667543396,323.4302432129507,20811.260907639014
2013-03-27,-1,50353.72372487691,390.929298275776,296.3616975172307,51041.01472066992
2013-03-28,-1,0.0,354.3026031153223,297.8717204755259,652.1743235908482
2013-03-29,-1,0.0,365.0018617282194,279.43120390193303,644.4330656301524
2013-04-01,-1,-9908.808063353928,966.6144818298943,838.2936117057992,-8103.899969818235
2013-04-02,-1,-192.57897295811563,421.543790379636,334.4711830866878,563.4360005082082
2013-04-03,-1,40452.94418188667,389.4460145409451,269.9224673198336,41112.31266374745
2013-04-04,-1,30575.50756099997,377.26347219321724,280.5682152163342,31233.339248409524
2013-04-05,0,80865.68955812904,389.52508265821507,336.7947008173677,81592.00934160463
2013-04-08,0,-3064.2716860838677,0.0,0.0,-3064.2716860838677
2013-04-09,0,0.0,0.0,0.0,0.0
2013-04-10,0,0.0,0.0,0.0,0.0
2013-04-11,0,0.0,0.0,0.0,0.0
2013-04-12,0,0.0,0.0,0.0,0.0
2013-04-15,0,0.0,0.0,0.0,0.0
2013-04-16,0,0.0,0.0,0.0,0.0
2013-04-17,0,0.0,0.0,0.0,0.0
2013-04-18,0,0.0,0.0,0.0,0.0
2013-04-19,0,0.0,0.0,0.0,0.0
2013-04-22,0,0.0,0.0,0.0,0.0
2013-04-23,0,0.0,0.0,0.0,0.0
2013-04-24,0,0.0,0.0,0.0,0.0
2013-04-25,0,0.0,0.0,0.0,0.0
2013-04-26,0,0.0,0.0,0.0,0.0
2013-04-29,0,0.0,0.0,0.0,0.0
2013-04-30,0,0.0,0.0,0.0,0.0
2013-05-01,0,0.0,0.0,0.0,0.0
2013-05-02,0,0.0,0.0,0.0,0.0
2013-05-03,0,0.0,0.0,0.0,0.0
2013-05-06,0,0.0,0.0,0.0,0.0
2013-05-07,0,0.0,0.0,0.0,0.0
2013-05-08,0,0.0,0.0,0.0,0.0
2013-05-09,0,0.0,0.0,0.0,0.0
2013-05-10,0,0.0,0.0,0.0,0.0
2013-05-13,0,0.0,0.0,0.0,0.0
2013-05-14,0,0.0,0.0,0.0,0.0
2013-05-15,0,0.0,0.0,0.0,0.0
2013-05-16,0,0.0,0.0,0.0,0.0
2013-05-17,0,0.0,0.0,0.0,0.0
2013-05-20,0,0.0,0.0,0.0,0.0
2013-05-21,0,0.0,0.0,0.0,0.0
2013-05-22,-1,0.0,0.0,0.0,0.0
2013-05-23,-1,6936.87926736231,345.6262667900423,164.38356164383544,7446.889095796188
2013-05-24,-1,10005.032952107666,342.5852232019875,182.93337263074073,10530.551547940395
2013-05-27,-1,0.0,1050.738946891072,549.6556411812937,1600.3945880723657
2013-05-28,-1,-110140.97300703908,350.24631563035734,183.21854706043126,-109607.50814434829
2013-05-29,-1,29876.026385413017,351.59138704968535,124.61406630190169,30352.231838764605
2013-05-30,-1,9995.01172740223,321.0639842526719,125.23399885724496,10441.309710512149
2013-05-31,-1,-39843.3681039847,307.3208046481925,70.52827987323354,-39465.51901946327
2013-06-03,-1,29804.692517185922,1022.6677530997823,345.9402326962618,31173.30050298197
2013-06-04,-1,10040.155847320522,342.46825628552125,107.06072468832508,10489.684828294368
2013-06-05,-1,19794.4578893622,328.7250766810419,43.060763743481004,20166.24372978672
2013-06-06,-1,19929.7395527007,322.6429895049325,89.68208594795738,20342.06462815359
2013-06-07,-1,-69783.97824267874,327.2630383452477,99.32227639916368,-69357.39292793433
2013-06-10,-1,-49649.5729190193,949.3318062370699,99.5589460285446,-48600.682166753686
2013-06-11,-1,39795.144527319295,331.64915335263044,49.960876888114115,40176.75455756004
2013-06-12,-1,-49574.935560074664,298.08070696756215,-13.166581345047916,-49290.021434452145
2013-06-13,-1,39361.017884379435,302.5837888914109,3.560968202895765,39667.16264147374
2013-06-14,-1,19622.239696367225,322.5260225884661,41.718331914519865,19986.48405087021
2013-06-17,-1,-69716.8869170564,1077.7574384341663,347.4435907584682,-68291.68588786376
2013-06-18,-1,-9919.959389942625,412.6461926437124,178.16426915590415,-9329.148928143008
2013-06-19,-1,-88899.82222279321,426.3893722481919,177.88273378467096,-88295.55011676035
2013-06-20,-1,-58817.81933463291,389.5459484421364,19.931317642292186,-58408.34206854848
2013-06-21,-1,-60012.86003348258,399.616563133588,1.1368683772161603e-13,-59613.24347034899
2013-06-24,-1,-9751.494995261026,1094.8056195038596,-500.4102804951149,-9157.099656252281
2013-06-25,-1,-19773.004010974924,325.41200005442425,-213.2352531531186,-19660.827264073618
2013-06-26,-1,9578.87364649876,310.2996551761331,-195.796569584022,9693.376732090872
2013-06-27,-1,29605.271334346333,349.8228616229955,-112.73708126999577,29842.357114699334
2013-06-28,-1,-29880.55773328746,372.4913789404324,-47.55581852729847,-29555.622172874326
2013-07-01,-1,-101.89309031424273,1081.4356188767035,-199.5255594794994,780.0169690829614
2013-07-02,-1,19910.45006874606,413.75692963842914,-2.2658503541271102,20321.94114803036
2013-07-03,-1,-19863.094818548543,407.55791851157574,-38.243630439851415,-19493.78053047682
2013-07-04,-1,0.0,392.44557363328465,-102.97801296528223,289.4675606680024
2013-07-05,-1,-168866.54906322694,392.44557363328465,-102.97801296528223,-168577.08150255895
2013-07-08,-1,48762.890217253094,1207.5433686037468,-596.9121796089739,49373.52140624786
2013-07-09,-1,0.0,418.98396239183256,-142.52915773261998,276.4548046592126
2013-07-10,-1,-39411.1487922762,418.98396239183256,-115.45728752234606,-39107.62211740672
2013-07-11,-1,58592.35352566415,410.0706286403949,-162.41238389483885,58840.01177040971
2013-07-12,-1,20090.45025887803,434.09630727012393,-23.440256003757213,20501.106310144398
2013-07-15,-1,9618.505208985418,1187.7907864066603,-399.1012741125867,10407.194721279491
2013-07-16,-1,19841.194581661362,424.79779057984376,-86.46404949217799,20179.52832274903
2013-07-17,-1,9793.913748898853,418.59877945299047,-113.31673772907288,10099.195790622769
2013-07-18,-1,-39781.25535149547,436.81062989470826,-21.383031231155428,-39365.827752831916
2013-07-19,-1,59553.20153911247,449.20865214841507,-22.484944591273347,59979.92524666961
2013-07-22,-1,-2.8571381865467878,1302.0321396136005,-82.19178082191775,1216.983220605136
2013-07-23,-1,-19999.999999999796,434.01071320453354,-54.794520547945126,-19620.783807343207
2013-07-24,-1,-69881.81997001033,429.5975827681125,-19.02472756615373,-69471.24711480837
2013-07-25,-1,-19995.01297307461,440.7516823678027,-48.552468112439556,-19602.813758819248
2013-07-26,-1,19836.2528948362,468.2586192839774,6.091758473370078,20310.603272593547
2013-07-29,-1,-9878.290323488312,1418.0152491611948,-6.737359263784356,-8467.012433590902
2013-07-30,-1,-19890.83526322429,443.8651283750247,-48.62760759424441,-19495.597742443508
2013-07-31,-1,9809.111427935295,460.7320428403343,-49.17791169816235,10220.665559077468
2013-08-01,-1,-99300.08073787153,478.8986417348426,-2.788221380252594,-98823.97031751693
2013-08-02,-1,58714.73088713672,456.83298955273847,-70.08874902870184,59101.47512766076
2013-08-05,-1,-19737.167869361085,1505.977344643789,125.64724586066063,-18105.543278856632
2013-08-06,-1,0.0,476.2992728764451,22.554277507479583,498.8535503839247
2013-08-07,-1,59494.946082922936,486.93929532731033,22.554277507479583,60004.43965575773
2013-08-08,-1,9836.252894836194,468.2586192839774,6.091758473370078,10310.603272593542
2013-08-09,-1,29965.25054601524,486.4252181784857,52.494053134075614,30504.169817327802
2013-08-12,-1,-39860.86605406596,1335.4944384126702,-115.21157726719957,-38640.58319292049
2013-08-13,-1,-79454.17631612143,457.61859683311206,-2.99081470618421,-78999.5485339945
2013-08-14,-1,0.0,461.2461199891591,-78.40899000476725,382.8371299843919
2013-08-15,-1,-39381.97848101943,471.8861424400245,-69.37139617613832,-38979.46373475555
2013-08-16,-1,-69067.46521298151,452.4198591163174,-98.18803640680903,-68713.233390272
2013-08-19,-1,-39330.6242262297,1454.5620108532132,-300.08015470289456,-38176.14237007938
2013-08-20,-1,59987.933666256664,513.6549530944433,-91.3242009132423,60410.264418437866
2013-08-21,-1,-30148.558843742987,494.61874133203446,-80.56373869871004,-29734.503841109665
2013-08-22,-1,9975.199274343715,472.373964888047,-136.5650751409496,10311.008164090812
2013-08-23,-1,59935.942854376764,437.4383806024537,-255.63938614579882,60117.74184883342
2013-08-26,-1,40084.15076738383,1286.9693888453257,-624.5946813359649,40746.52547489319
2013-08-27,-1,40330.99491011877,405.711360998439,-252.94816218276617,40483.75810893444
2013-08-28,-1,-40482.05932775581,414.19580804029437,-187.4642585852273,-40255.32777830074
2013-08-29,-1,20153.753715635554,405.71136099843886,-198.0220834115795,20361.442993222412
2013-08-30,-1,-30193.60540663614,420.54121196109725,-179.15083037887268,-29952.215025053916
2013-09-02,-1,0.0,1258.4150712017126,-649.3987128951362,609.0163583065764
2013-09-03,-1,-40411.67291300511,419.47169040057094,-216.46623763171203,-40208.667460236255
2013-09-04,-1,-10065.720728625918,410.98724335871566,-291.0478399317902,-9945.781325198994
2013-09-05,-1,-19995.715580032054,371.8094355521945,-382.9568299160256,-20006.862974395888
2013-09-06,-1,-20077.47704001468,314.6290748226138,-502.7022947835896,-20265.55025997566
2013-09-09,-1,29894.109365108365,1153.5007301814014,-1097.1541086026639,29950.455986687102
2013-09-10,-1,-9996.792272992163,385.5697649543267,-392.18566385824414,-10003.40817189608
2013-09-11,-1,-65.97559836343135,335.80432970607524,-502.53239910441494,-232.70366776177104
2013-09-12,-1,-9997.267974232109,367.5672120312672,-420.1067428304119,-10049.807505031255
2013-09-13,-1,19960.523982630028,391.9151688751296,-347.09468569481544,20005.344465810344
2013-09-16,-1,-19974.91345874103,1156.7092948629802,-1039.7169389980907,-19857.921102876142
2013-09-17,-1,12.460104297380894,434.2656786420523,-209.56774029179212,237.15804264764108
2013-09-18,-1,119998.48866546777,454.4099476024989,-191.7808219178081,120261.11779115246
2013-09-19,-1,-70591.83422906668,469.3546838779304,-41.11337919234313,-70163.5929243811
2013-09-20,-1,10049.610811190409,502.137563564046,-79.74742422736699,10472.000950527086
2013-09-23,-1,40170.00850936549,1465.1162626719326,-183.68644057243614,41451.43833146499
2013-09-24,-1,50347.767894922734,475.6938184377239,-115.1248702913,50708.336843069155
2013-09-25,-1,50383.233664296036,459.84598203824027,-113.7088929148249,50729.370753419455
2013-09-26,-1,-50351.37578321291,422.80632818507996,-139.89457663535597,-50068.46403166319
2013-09-27,-1,20199.147594911585,459.84598203824027,-122.7338936976455,20536.25968325218
2013-09-30,-1,-10006.234869916341,1360.5205424353405,-256.5839939859468,-8902.298321466948
2013-10-01,-1,-20219.217833196966,446.0805060315051,-58.19227938159236,-19831.329606547057
2013-10-02,-1,10283.75621115167,473.6114580449754,-58.760477908393,10698.607191288254
2013-10-03,-1,30134.589369225636,481.0377994919172,24.208626041063667,30639.83579475862
2013-10-04,-1,-40478.63306142048,460.93318892538866,-20.963817591555426,-40038.66369008664
2013-10-07,-1,50129.50415988783,1420.834374134926,-121.69821735704727,51428.640316665704
2013-10-08,-1,19902.890024733984,415.37998673813814,-112.97026133791928,20205.299750134203
2013-10-09,-1,-50195.40891172199,377.25312599782944,-122.22148974927529,-49940.37727547344
2013-10-10,-1,-50273.64505513162,435.48459730466686,-31.609381269596497,-49869.76983909655
2013-10-11,-1,10074.548097458508,472.52425115782734,-5.198378123296038,10541.87397049304
2013-10-14,-1,0.0,1439.8517778143078,12.869045256384652,1452.7208230706924
2013-10-15,-1,-30387.755965956163,479.95059260476927,4.289681752128217,-29903.515691599267
2013-10-16,-1,30320.067674344875,468.2674769907824,12.179694927811283,30800.514846263468
2013-10-17,-1,69993.58502401224,494.4837738175798,54.79452054794501,70542.86331837777
2013-10-18,-1,10039.804002435532,472.48281599985677,29.619027907879172,10541.905846343267
2013-10-21,-1,-30134.3861572851,1408.0194660776895,-20.003406867974945,-28746.370098075382
2013-10-22,-1,70265.99269390707,468.15489916242484,-34.91572971080234,70699.2318633587
2013-10-23,-1,30224.45435595441,456.7678461300548,-5.1114118374493955,30676.110790247018
2013-10-24,-1,-172.2717854171533,447.33886420817345,13.934274914799516,289.00135370581967
2013-10-25,-1,-10001.246943238744,426.1110546374673,-13.88918962079265,-9589.02507822207
2013-10-28,-1,-10079.834340807982,1319.603860190342,13.349131348023548,-8746.881349269617
2013-10-29,-1,72.32398327289047,443.0109473707413,4.161105886920609,519.4960365305524
2013-10-30,-1,-152.18552865063612,453.6248521560943,31.785451033737218,333.2247745391954
2013-10-31,-1,-40142.10479419571,432.39704258538825,-32.65238366620338,-39742.36013527652
2013-11-01,-1,-60470.843122267805,455.58292326658295,-5.962274598484555,-60021.2224735997
2013-11-04,-1,10038.500665306652,1391.4809469749769,-188.64072114675582,11241.340891134872
2013-11-05,-1,-60178.99105358985,471.297893136385,-62.394996457263574,-59770.08815691073
2013-11-06,-1,-4.98827075743975,490.1558569801475,-27.547591721457138,457.61999450125063
2013-11-07,-1,30034.730192349256,511.38366655085383,73.38908950774476,30619.502948407855
2013-11-08,-1,-110398.93417416535,512.5685894143255,101.91987272276305,-109784.44571202826
2013-11-11,-1,0.0,1545.8994263154932,129.52795885991782,1675.427385175411
2013-11-12,-1,-9876.274180315893,515.2998087718311,43.17598628663927,-9317.798385257422
2013-11-13,-1,29728.181385586173,497.2149931750852,5.954997018726203,30231.351375779985
2013-11-14,-1,29814.285304555917,509.0138208239101,71.1661958744993,30394.465321254327
2013-11-15,-1,-1.5649580248918384,542.2119602927446,155.25114155251129,695.898143820364
2013-11-18,-1,39960.33674567595,1563.0039028409055,299.97301945288086,41823.31366796974
2013-11-19,-1,-60034.73131144651,508.4293250511269,101.16906044866636,-59425.13292594672
2013-11-20,-1,-99910.75767777063,548.4979482406652,182.05979188788456,-99180.19993764209
2013-11-21,-1,19946.88368747404,590.5332176531574,170.1349359540821,20707.55184108128
2013-11-22,-1,59802.24389076505,573.6419000323488,143.09368508704432,60518.979475884444
2013-11-25,-1,-27.21130779102714,1600.719830528431,214.27756822880383,1787.7860909662077
2013-11-26,-1,19926.95744254005,544.1786065156982,162.94565290499202,20634.081701960742
2013-11-27,-1,-39970.25255925713,548.4979482406652,163.78589616771944,-39257.96871484875
2013-11-28,-1,0.0,571.6752538093949,190.2369796530757,761.9122334624706
2013-11-29,-1,-9975.236760396516,571.6752538093949,190.2369796530757,-9213.324526934044
2013-12-02,-1,-39819.272889978085,1660.8227653127383,542.5014157071162,-37615.94870895823
2013-12-03,-1,-116.07555321756809,566.1795643334212,124.3927710150981,574.4967821309513
2013-12-04,-1,-29750.310042742043,587.3902236791969,188.74967190096453,-28974.17014716188
2013-12-05,-1,-39703.889082513,575.6085462553026,150.91147153937675,-38977.369064718325
2013-12-06,-1,0.0,588.180522151144,122.35365296214559,710.5341751132896
2013-12-09,-1,19812.72753122213,1764.541566453432,367.06095888643654,21944.330056561997
2013-12-10,-1,49580.80546034078,581.8945342032234,104.82351966130295,50267.523514205306
2013-12-11,-1,-39704.822471557265,566.1795643334212,142.70833581318936,-38995.93457141066
2013-12-12,-1,244.03450251365211,557.5408808834868,95.60287759589067,897.1782609930297
2013-12-13,-1,9901.470289666384,536.3302215377114,22.069979295825306,10459.870490499921
2013-12-16,-1,-10006.986665550612,1592.031543510781,82.19178082191752,-8332.763341217915
2013-12-17,-1,39980.241081144704,544.4340799295738,-0.2842036273710846,40524.39095744691
2013-12-18,-1,-60059.36056102865,531.743272087968,28.251076562739854,-59499.36621237794
2013-12-19,-1,-19967.818945294526,571.9478774482009,54.3804852159285,-19341.490582630395
2013-12-20,-1,69849.57595098193,546.5406909722678,-65.4459360362697,70330.67070591793
2013-12-23,-1,-39979.04068840102,1509.4901509548997,-438.3764180879666,-38907.92695553409
2013-12-24,-1,-49852.069339792535,505.2699946943273,-138.19860181514684,-49484.997946913354
2013-12-25,-1,0.0,510.54930769742253,-148.56001828940884,361.9892894080137
2013-12-26,-1,30034.204583343962,510.54930769742253,-148.56001828940884,30396.193872751977
2013-12-27,-1,-39861.9722980937,458.69441462057,-276.2544292824093,-39679.53231275554
2013-12-30,-1,19800.956550128183,1477.6608481799997,-721.547115500061,20557.070282808123
2013-12-31,-1,-59723.04039308541,496.79240893810896,-175.98957160780174,-59402.2375557551
2014-01-01,-1,0.0,515.8286207005178,-150.01334877790555,365.8152719226123
2014-01-02,-1,49680.539236341116,515.8286207005178,-150.01334877790555,50046.35450826373
2014-01-03,-1,10046.585287662847,499.9651108985103,-176.25367248513965,10370.296726076218
2014-01-06,-1,19816.885631351375,1426.8720460208547,-693.2607045051725,20550.496972867055
2014-01-07,-1,19901.518533449016,479.862808218394,-221.3026697323727,20160.078671935036
2014-01-08,-1,-19825.327479455944,462.93320749867905,-202.48421027612733,-19564.878482233395
2014-01-09,-1,49733.007357132396,437.52602102274597,-303.77704766936745,49866.75633048577
2014-01-10,-1,39663.288253656654,411.07831442182675,-339.1088788452499,39735.257689233236
2014-01-13,-1,40000.00000000004,1353.9254717243427,-601.3569594979774,40752.568512226404
2014-01-14,-1,-40002.70918315611,436.60708788992474,-228.3105022831054,-39794.41259754929
2014-01-15,-1,39.50948981628608,449.27282536437167,-238.48929242435975,250.293022756298
2014-01-16,-1,39881.555169486375,428.07474208812494,-247.92556480229598,40061.7043467722
2014-01-17,-1,9982.723506541017,415.409004613678,-310.8029451977031,10087.32956595699
2014-01-20,-1,0.0,1268.5248356495683,-821.6207621575379,446.9040734920304
2014-01-21,-1,-10000.000000000231,422.84161188318956,-273.873587385846,-9851.031975502887
2014-01-22,-1,20004.90293101956,426.0080462518015,-255.86500131962106,20175.04597595174
2014-01-23,-1,29912.572942581814,377.27901096208456,-420.2455632131505,29869.606390330748
2014-01-24,-1,20099.088336709432,420.7749160468661,-263.59592271255326,20256.267330043745
2014-01-27,-1,-30133.958709369537,1306.9203917576683,-623.9412604017145,-29450.979578013586
2014-01-28,-1,20032.23021896311,445.1394336917246,-217.8891970560344,20259.4804555988
2014-01-29,-1,60275.15075168198,428.20752331637783,-235.79193070296606,60467.56634429539
2014-01-30,-1,-30223.73948068815,430.40700038095434,-188.35908904599904,-29981.691569353196
2014-01-31,-1,30290.522047285052,439.90630348678957,-225.69215366537435,30504.736197106467
2014-02-03,-1,20482.563010717837,1354.815250971603,-481.8668170425417,21355.511444646898
2014-02-04,-1,-20332.814813401375,487.6683814724712,-22.326206395068027,-19867.472638323972
2014-02-05,-1,-50587.71857166099,483.40220857157146,-13.780728796903361,-50118.097091886324
2014-02-06,-1,-20200.01896798655,488.6353387765064,-33.44947557896114,-19744.833104789006
2014-02-07,-1,-9913.218915831174,484.3691658756066,-34.14661869285999,-9462.996368648426
2014-02-10,-1,30087.04455590357,1526.201050561395,118.19164987741146,31731.437256342375
2014-02-11,-1,-20321.72419950309,488.6353387765064,-24.25350920808023,-19857.342369934664
2014-02-12,-1,-50003.82121476987,448.9845417557884,-118.72146118721463,-49673.558134201296
2014-02-13,-1,39826.87734322257,475.3525884905981,-110.87645028523252,40191.353481427934
2014-02-14,-1,-20019.83448302135,483.95566752148073,-27.08602283693085,-19562.9648383368
2014-02-17,-1,0.0,1470.7811516096149,-137.63205934568327,1333.1490922639316
2014-02-18,-1,29996.25870379091,490.26038386987176,-45.877353115227834,30440.641734545552
2014-02-19,-1,-29.71927186474568,502.0158210749499,0.7735152951097461,473.07006450531395
2014-02-20,-1,-20027.257775968792,480.80330934728516,-90.96733797311487,-19637.42180459462
2014-02-21,-1,19983.8930672683,476.501769831844,-91.65267607657432,20368.74216102357
2014-02-24,-1,-14.846585895385942,1442.4099280418554,-245.53859648737853,1182.024745659091
2014-02-25,-1,39999.99999999987,459.5907976196206,-155.2511415525115,40304.33965606697
2014-02-26,-1,20073.211491015987,457.5876207866709,-135.840897263949,20394.95821453871
2014-02-27,-1,20079.50667018378,461.8891603021121,-98.61019833342903,20442.78563215246
2014-02-28,-1,-10049.726901482436,455.58444395372106,-107.28707573070233,-9701.429533259417
2014-03-03,-1,50265.936164719926,1344.3916387922525,-267.90681121133366,51342.420992300846
2014-03-04,-1,-90743.48604424726,453.5812671207714,-60.51522636358766,-90350.42000349007
2014-03-05,-1,0.0,471.3462348246987,-90.26638179986799,381.0798530248307
2014-03-06,-1,-89.3019935679331,481.95249068853104,-53.707202537179626,338.9432945834183
2014-03-07,-1,-50032.23415241487,439.52746723320183,-191.36562347623527,-49784.07230865791
2014-03-10,-1,-20.99275110934468,1334.049006721041,-605.5626206979216,707.4936349137747
2014-03-11,-1,19960.415120089023,455.28925810417934,-201.70048202339063,20214.00389616981
2014-03-12,-1,39960.38712274005,448.9845417557884,-182.95477147254115,40226.4168930233
2014-03-13,-1,39998.80389755405,435.44797477643266,-200.9132420091326,40233.33863032135
2014-03-14,-1,30042.26808349515,454.68946431879556,-126.42738332149872,30370.530164492448
2014-03-17,-1,-30196.35776822423,1272.0484188412836,-570.031448164654,-29494.340797547597
2014-03-18,-1,32.2677111522753,412.2382249194482,-218.3993236719753,226.1066123997482
2014-03-19,-1,9765.413482629723,433.463844619122,-154.15055774818097,10044.726769500665
2014-03-20,-1,-29950.351795087157,313.5737012691303,-447.45881548267437,-30084.2369093007
2014-03-21,-1,39881.27901260581,344.2470259741645,-411.4136682646642,39814.11237031531
2014-03-24,-1,29970.16387210809,994.9502579010507,-1313.7510921232465,29651.363037885894
2014-03-25,-1,-9995.044539448178,311.58957111181974,-510.48423892163197,-10193.93920725799
2014-03-26,-1,19985.276258572474,314.73880611360653,-538.0418418473271,19761.973222838755
2014-03-27,-1,20019.842895864378,319.0531459598696,-500.9835479969372,19837.91249382731
2014-03-28,-1,-40079.427805183775,312.7546759562959,-509.7348674519971,-40276.407996679474
2014-03-31,-1,-9990.035644097607,976.0548478903299,-1476.8312926941626,-10490.812088901439
2014-04-01,-1,-40000.00000000004,317.8880411153933,-455.8804289333183,-40137.99238781796
2014-04-02,-1,-19927.154923164406,351.71060082221425,-438.4293212384954,-20013.873643580686
2014-04-03,-1,9923.506539262618,336.7834511261144,-566.7623626702762,9693.527627718457
2014-04-04,-1,29825.938020065292,333.6342161243275,-575.5953389115255,29583.976897278095
2014-04-07,-1,10000.083133340708,1068.0748220054327,-1423.2889412177963,9644.869014128344
2014-04-08,-1,10024.827061590255,384.71413521620104,-419.28299669009994,9990.258200116357
2014-04-09,-1,-50028.49841109633,381.56490021441414,-382.44857345964505,-50029.38208434156
2014-04-10,-1,60059.528687593134,429.14950477285885,-310.076431001998,60178.601761364
2014-04-11,0,19997.723319191948,407.04802918583954,-328.7671232876714,20076.004225090117
2014-04-14,0,-3084.031892439347,0.0,0.0,-3084.031892439347
2014-04-15,0,0.0,0.0,0.0,0.0
2014-04-16,0,0.0,0.0,0.0,0.0
2014-04-17,0,0.0,0.0,0.0,0.0
2014-04-18,0,0.0,0.0,0.0,0.0
2014-04-21,0,0.0,0.0,0.0,0.0
2014-04-22,0,0.0,0.0,0.0,0.0
2014-04-23,0,0.0,0.0,0.0,0.0
2014-04-24,0,0.0,0.0,0.0,0.0
2014-04-25,0,0.0,0.0,0.0,0.0
2014-04-28,0,0.0,0.0,0.0,0.0
2014-04-29,0,0.0,0.0,0.0,0.0
2014-04-30,0,0.0,0.0,0.0,0.0
2014-05-01,0,0.0,0.0,0.0,0.0
2014-05-02,0,0.0,0.0,0.0,0.0
2014-05-05,0,0.0,0.0,0.0,0.0
2014-05-06,0,0.0,0.0,0.0,0.0
2014-05-07,0,0.0,0.0,0.0,0.0
2014-05-08,0,0.0,0.0,0.0,0.0
2014-05-09,0,0.0,0.0,0.0,0.0
2014-05-12,0,0.0,0.0,0.0,0.0
2014-05-13,0,0.0,0.0,0.0,0.0
2014-05-14,0,0.0,0.0,0.0,0.0
2014-05-15,0,0.0,0.0,0.0,0.0
2014-05-16,0,0.0,0.0,0.0,0.0
2014-05-19,0,0.0,0.0,0.0,0.0
2014-05-20,0,0.0,0.0,0.0,0.0
2014-05-21,0,0.0,0.0,0.0,0.0
2014-05-22,0,0.0,0.0,0.0,0.0
2014-05-23,0,0.0,0.0,0.0,0.0
2014-05-26,0,0.0,0.0,0.0,0.0
2014-05-27,0,0.0,0.0,0.0,0.0
2014-05-28,1,0.0,0.0,0.0,0.0
2014-05-29,1,6921.919735836938,-344.13761267160413,347.0319634703195,6924.814086635653
2014-05-30,1,29985.04206447183,-347.24176104827274,356.3556265729601,29994.155929996516
2014-06-02,1,39880.463888266284,-1037.6889291099674,1070.7856240606473,39913.56058321697
2014-06-03,1,39706.78013780739,-347.6550067350405,412.66719697754996,39771.7923280499
2014-06-04,1,9920.64749376138,-349.4137037667589,468.37376972558076,10039.607559720202
2014-06-05,1,-9836.41976784958,-341.859955668472,477.61830387576475,-9700.661419642287
2014-06-06,1,-70.68082065997805,-349.4137037667587,440.9033302317822,20.808805805045438
2014-06-09,1,-148.73668102515876,-1016.2674218754112,1350.1503502478079,185.14624734723793
2014-06-10,1,-163.4672827296672,-317.4400143418931,514.0189582052283,33.11166113366795
2014-06-11,1,19890.985311975644,-296.1242213919825,568.9001360573744,20163.761226641036
2014-06-12,1,-49289.676862450506,-312.9904146202745,523.7473302212904,-49078.91994684949
2014-06-13,1,-10120.27650407144,-318.78546568684317,504.33858230394895,-9934.723387454334
2014-06-16,1,-30039.495082628993,-883.0965730807927,1731.7215984691857,-29190.870057240598
2014-06-17,1,29608.47015468984,-242.4214933304379,677.3224314546526,30043.371092814054
2014-06-18,1,-19507.889941028086,-230.41814551053255,741.6940559958991,-18996.614030542718
2014-06-19,1,29747.153403185774,-256.1835381820615,677.4519107396845,30168.421775743398
2014-06-20,1,-29873.55588371057,-265.49598331206664,687.2671941326847,-29451.784672889953
2014-06-23,1,19967.631981309394,-704.6032356964531,2251.6951844310397,21514.72393004398
2014-06-24,1,-49609.778672130444,-262.39183493539815,677.8116882742326,-49194.35881879161
2014-06-25,1,-9866.1019390393,-236.21319657710114,649.6058163674951,-9452.709319248905
2014-06-26,1,-19769.22401578332,-243.766944675388,649.3710891895225,-19363.619871269184
2014-06-27,1,19994.635351979134,-261.70894106780895,602.7397260273975,20335.666136938722
2014-06-30,1,-29997.515153882567,-835.813588883171,1781.7256743820255,-29051.603068383713
2014-07-01,1,50000.00000000027,-237.27206641276211,620.8817149926836,50383.60964858019
2014-07-02,1,39853.40794339298,-263.5219574374587,612.679646721449,40202.565632676975
2014-07-03,1,-20043.339864001806,-254.67558689038174,631.8505150509295,-19666.164935841258
2014-07-04,1,0.0,-205.8018375802876,759.3247938862229,553.5229563059353
2014-07-07,1,-19881.028726251374,-617.4055127408626,2277.974381658669,-18220.459857333568
2014-07-08,1,-39759.43738210073,-210.22502285382632,740.6742331320331,-39228.98817182252
2014-07-09,1,-9975.152798951489,-197.7526195674502,739.928761542735,-9432.976656976205
2014-07-10,1,30008.642658392953,-194.6345187458561,730.637758303737,30544.64589795083
2014-07-11,1,-39980.10108775685,-257.2857557942706,621.3680166619752,-39616.01882688914
2014-07-14,1,20000.00000000002,-670.4837360233248,1944.4479724734183,21273.964236450112
2014-07-15,1,-7.458554795195596,-229.73078031762952,666.7594422697874,429.5701071569623
2014-07-16,1,-19981.345127120134,-219.07139340090316,694.1927089346093,-19506.223811586427
2014-07-17,1,-49935.3467794414,-202.17580484098858,730.3976028934608,-49407.12498138893
2014-07-18,1,-9905.217994336232,-218.56346148319813,683.8211367278006,-9439.96031909163
2014-07-21,1,-10014.950682815723,-518.4234389840935,2379.989184365015,-8153.384937434801
2014-07-22,1,9967.607895515182,-180.3490990898306,774.9360792510224,10562.194875676374
2014-07-23,1,-9996.264020486544,-194.12658682815106,720.2752106434563,-9470.115396671239
2014-07-24,1,10114.684449086359,-180.3490990898306,738.3740338865691,10672.709383883099
2014-07-25,1,-40019.92009925734,-151.48903916124516,839.0253324376328,-39332.38380598095
2014-07-28,1,9996.391662057329,-409.9028968554951,2520.54794520548,12107.036710407314
2014-07-29,1,-29970.120040132966,-129.0654853395148,876.8658306461477,-29222.319694826332
2014-07-30,1,80052.34283665387,-119.73445028202275,849.0215752455947,80781.62996161745
2014-07-31,1,39944.0891017087,-123.25889317237329,877.6198195089021,40698.45002804523
2014-08-01,1,297.953275755739,-157.05859051199138,814.3273076675335,955.2219929112812
2014-08-04,1,-9980.09415587446,-695.4381027970728,1812.2713282169407,-8863.260930454591
2014-08-05,1,-19970.130639943985,-228.70235591319351,631.3447462456879,-19567.488249611488
2014-08-06,1,-10007.474749124081,-222.48166587486548,640.1453975258846,-9589.811017473063
2014-08-07,1,-19945.19608821322,-208.6921622242205,685.7266563924451,-19468.161594044992
2014-08-08,1,13.746459179290468,-245.18810671181615,575.5358014803685,344.0941539478428
2014-08-11,1,-20019.936640172196,-703.5268442410056,1918.761610010653,-18804.701874402548
2014-08-12,1,40054.87440997119,-206.92994077904507,694.183571869971,40542.12804106212
2014-08-13,1,-10009.985778462593,-240.72963811866333,630.7649356944493,-9619.950480886806
2014-08-14,1,-20062.422927446503,-258.977610362461,566.4933643873201,-19754.907173421645
2014-08-15,1,-60239.89028657347,-263.43607895561377,547.8327582758134,-59955.49360725327
2014-08-18,1,30323.16655037867,-734.3220265218883,1750.4198088133405,31339.264332670125
2014-08-19,1,-9977.435530248355,-232.74672663515986,611.4786656380957,-9598.70359124542
2014-08-20,1,93.7809124358937,-208.27806435303393,638.8277516664625,524.3305997493223
2014-08-21,1,-20049.923875548448,-176.24058845859122,702.9263153057162,-19523.238148701323
2014-08-22,1,-50054.90025393971,-170.01989842026308,766.6016918400303,-49458.31846051995
2014-08-25,1,-10039.981714428688,-335.2546163955574,2709.0425988140632,-7666.193732010182
2014-08-26,1,9997.457329591256,-105.4367324422974,876.7123287671234,10768.732925916083
2014-08-27,1,-9998.754829325679,-119.22623609294249,812.9218451880545,-9305.059220230565
2014-08-28,1,-20027.488886890424,-126.82291458645113,803.6338718443526,-19350.677929632522
2014-08-29,1,30032.482081999922,-131.32318050139133,794.2345707775257,30695.393472276053
2014-09-01,1,0.0,-421.8372547112881,2383.9142444535246,1962.0769897422365
2014-09-02,1,20108.862085556677,-140.6124182370961,794.6380814845083,20762.88774880409
2014-09-03,1,14.963126870052292,-114.72597017800172,895.4007825871824,795.637939279233
2014-09-04,1,19957.593810200826,-125.41906125007881,849.7283332021201,20681.90308215287
2014-09-05,1,29967.615763288264,-110.22570426306129,923.0706816212864,30780.46074064649
2014-09-08,1,-72.21916830729242,-422.7033724287576,2578.8289116063124,2083.9063708702624
2014-09-09,1,-87.09790499987866,-119.51494199876572,914.4009810330216,707.7881340343772
2014-09-10,1,19788.631058443763,-98.1287598546121,950.8601767387881,20641.36247532794
2014-09-11,1,0.0,-82.93540286759492,996.8096890898505,913.8742862222556
2014-09-12,1,79404.01746318155,-82.93540286759492,996.8096890898505,80317.8917494038
2014-09-15,1,-19772.18615449475,-323.1201104884208,2966.7989256354763,-17128.507339347692
2014-09-16,1,29981.33360438528,-101.5138783390039,979.5993146380438,30859.41904068432
2014-09-17,1,-20198.192796262163,-142.8823892909387,843.1277451314272,-19497.947440421674
2014-09-18,1,9886.093077247155,-93.91719984549536,988.7728297904614,10780.948707192121
2014-09-19,1,-39524.730539879405,-97.01361242406324,1006.9686378864412,-38614.77551441702
2014-09-22,1,-9809.15641970736,-253.88388632937222,3128.4919551969815,-6934.54835083975
2014-09-23,1,-19738.314825013396,-92.22464060329946,1033.6734141686725,-18796.866051448025
2014-09-24,1,9994.50513523238,-102.08921752084757,1004.566210045662,10896.982127757194
2014-09-25,1,-19932.887868229274,-83.85543394021443,1032.058441266072,-18984.684860903417
2014-09-26,1,-9983.811444426934,-109.64628265377667,977.0438140692678,-9116.413913011444
2014-09-29,1,-30002.48885191892,-223.48942198766963,3122.305768010081,-27103.67250589651
2014-09-30,1,20039.874194305994,-65.13751405156552,1022.1427786659672,20996.879458920394
2014-10-01,1,-50105.83749766597,-60.70010223341103,958.4777548061004,-49208.059845093274
2014-10-02,1,20119.963079218454,-119.83886479346506,903.0530243434796,20903.17723876847
2014-10-03,1,-29969.97363565261,-126.07817142301462,903.3278860258138,-29192.72392104981
2014-10-06,1,9910.123589626572,-222.03701306362268,2982.730937122155,12670.817513685104
2014-10-07,1,-50377.27444724277,-109.1621463457609,903.043768854599,-49583.392824733935
2014-10-08,1,49947.19423777551,-114.91731666729493,874.9585366712952,50707.23545777951
2014-10-09,1,-10095.207631496978,-194.57589392739305,683.4141033350279,-9606.369422089343
2014-10-10,1,-20287.05633814513,-180.77952216491428,692.4859897198664,-19775.349870590177
2014-10-13,1,0.0,-587.6809572923182,1994.1831896248905,1406.5022323325722
2014-10-14,1,-41064.433145514035,-195.89365243077282,664.7277298749636,-40595.599068069845
2014-10-15,1,-10884.907771614191,-247.47534985789764,517.3842748211999,-10614.99884665089
2014-10-16,1,10364.958551038606,-297.73928878164287,333.4949836265876,10400.714245883551
2014-10-17,1,10823.222086799637,-290.1822236487137,361.2121141773148,10894.251977328238
2014-10-20,1,-277.3007072388755,-751.7850095180174,1360.022210727156,330.9364939702632
2014-10-21,1,20488.913183692464,-271.94844006808063,416.4615583575101,20633.426301981894
2014-10-22,1,-9759.071329119437,-267.51102824992614,444.3197244957931,-9582.26263287357
2014-10-23,1,39986.804148724565,-223.5542524385902,502.283105022831,40265.53300130881
2014-10-24,1,0.0,-235.8534985968215,512.0366173357193,276.18311873889775
2014-10-27,1,-19959.994353963983,-707.5604957904645,1563.4523100262863,-19104.102539728163
2014-10-28,1,19969.974403950844,-229.7038755177059,520.849572197752,20261.12010063089
2014-10-29,1,-20092.50229573832,-225.15940263306965,548.5926403199688,-19769.06905805142
2014-10-30,1,-19910.14719303148,-154.84520377144315,730.981848051991,-19334.01054875093
2014-10-31,1,9912.531311852508,-148.69558069232755,739.8003958102393,10503.636126970421
2014-11-03,1,-10027.489632546829,-326.98202513063507,2384.071176840335,-7970.40048083713
2014-11-04,1,-9945.12896034663,-105.91919683732021,812.8382346515889,-9238.209922532362
2014-11-05,1,9950.0995102716,-113.53848126151422,849.144110524149,10685.705139534235
2014-11-06,1,9862.772469136726,-105.91919683732021,840.1979804213204,10597.051252720727
2014-11-07,1,-39560.20699489488,-87.60581644937463,876.7618902950899,-38771.05092104916
2014-11-10,1,19839.991280508904,-322.1665745471955,2355.1436585869856,21872.968364548695
2014-11-11,1,0.0,-70.76209740650711,867.4097515268647,796.6476541203576
2014-11-12,1,-9935.198457539227,-70.76209740650711,867.4097515268647,-9138.55080341887
2014-11-13,1,84.83214590009811,-67.68728586694931,839.9197039259382,857.064563959087
2014-11-14,1,-39835.36242589337,-89.07547779445281,766.935432630776,-39157.50247105705
2014-11-17,1,19930.06477978043,-198.2464070174085,2381.2494949300435,22113.067867693062
2014-11-18,1,-9926.326361012909,-82.92585471533698,794.0226752974429,-9215.229540430802
2014-11-19,1,29875.065664483183,-101.23923510328268,802.9831382806133,30576.809567660515
2014-11-20,1,-9906.437088675133,-89.0754777944527,803.37744063572,-9192.135125833865
2014-11-21,1,-30006.29123330002,-98.91743339655318,803.6529680365297,-29301.555698660042
2014-11-24,1,-10015.010945255863,-268.9541090585499,2437.2046398160055,-7846.760414498407
2014-11-25,1,-10060.065154668046,-86.5626817827266,812.2734172509254,-9334.354419199848
2014-11-26,1,-50110.20753779034,-104.87562537364659,748.181979281015,-49466.901183882976
2014-11-27,1,0.0,-68.03055436198701,811.5027228463796,743.4721684843926
2014-11-28,1,-300.96824640306295,-68.03055436198701,811.5027228463796,442.5039220813296
2014-12-01,1,20306.770920371207,-332.50145205222043,1995.69849691963,21969.96796523862
2014-12-02,1,331.5264290104751,-149.11364039921847,720.3572729541993,902.770061565456
2014-12-03,1,-9964.966837275846,-74.20793016890002,866.5317520132415,-9172.643015431506
2014-12-04,1,-20110.100636852778,-49.71761077106669,893.7641433572329,-19266.054104266612
2014-12-05,1,-39704.32911624257,-64.94186645853017,875.3199017976821,-38893.95108090342
2014-12-08,1,-40089.97743436787,163.26312788153882,3171.28938226848,-36755.424924217856
2014-12-09,1,-40160.40205212087,56.074978493817866,1038.4928558152549,-39065.834217811804
2014-12-10,1,9690.651133914107,68.4297301076441,892.0651896515319,10651.146053673283
2014-12-11,1,-19897.172452147926,11.836963468245926,800.9659492579634,-19084.369539421717
2014-12-12,1,-30745.559178090385,50.116786516724346,910.4011993998466,-29785.041192173816
2014-12-15,1,-19743.083253971196,-14.466132768107173,2374.4705632556943,-17383.078823483607
2014-12-16,1,-30571.56131962179,54.85941028681907,837.0492394385211,-29679.652669896448
2014-12-17,1,30978.709844181205,32.02302675562407,809.4170038576028,31820.14987479443
2014-12-18,1,30861.427192676994,54.85941028681907,873.5852365238018,31789.871839487616
2014-12-19,1,-50301.18288652212,99.09742531239056,955.7459640159294,-49246.339497193796
2014-12-22,1,-40009.16605585868,363.5403110886207,2849.3150684931506,-36796.31067627691
2014-12-23,1,70009.94598373995,176.43429573104856,1003.9803507294637,71190.36063020045
2014-12-24,1,9954.997738204836,176.4988260672567,1104.8844445991126,11236.381008871205
2014-12-25,1,0.0,173.4363187693441,1123.1489924256643,1296.5853111950084
2014-12-26,1,-19900.03054377975,173.4363187693441,1123.1489924256643,-18603.44523258474
2014-12-29,1,-19887.409263389152,538.6840000955074,3368.955380922739,-15979.769882370903
2014-12-30,1,10031.426890029139,174.9353072501964,1104.6797579581357,11311.041955237471
2014-12-31,1,-9959.875492184252,139.61967781989006,1077.5867139987586,-8742.669100365603
2015-01-01,1,0.0,196.43738867179252,968.0365296803656,1164.473918352158
2015-01-02,1,-39999.99999999982,196.43738867179252,968.0365296803656,-38835.52608164766
2015-01-05,1,-100203.49795957025,400.2903986635713,2820.9601920209157,-96982.24736888577
2015-01-06,1,-40462.33742266732,185.55728728857832,975.8890545320282,-39300.89108084672
2015-01-07,1,19906.418631477594,165.55419434783448,920.8937870870132,20992.866612912443
2015-01-08,1,70742.94895573118,127.1760576196159,829.7423835901502,71699.86739694094
2015-01-09,1,-20334.23495666783,105.73850653422824,866.8266579584541,-19361.66979217515
2015-01-12,1,-30545.878569589342,238.83119699297845,2407.940477655343,-27899.106894941022
2015-01-13,1,9900.859352548066,56.544798759003584,802.3835767716229,10759.787728078692
2015-01-14,1,-20609.638558923907,31.980210039494864,710.9515482877341,-19866.70680059668
2015-01-15,1,-21275.6275881825,5.852102502926414,683.2872161898305,-20586.488269489742
2015-01-16,1,11077.914124088813,-63.28016787683373,545.6834111279545,11560.317367339934
2015-01-19,1,0.0,-70.01553699466467,1995.019997708285,1925.0044607136203
2015-01-20,1,-50015.12656899886,-15.615697431145463,666.6666666666665,-49364.07559976334
2015-01-21,1,50025.271183176475,53.29748708501302,793.9324697247016,50872.50113998619
2015-01-22,1,29939.45760616103,38.244821615969386,794.4164292920186,30772.118857069017
2015-01-23,1,-79687.47295751362,29.21322233454316,794.7059747615156,-78863.55376041756
2015-01-26,1,27.694470283164264,127.57614982677046,2354.5635079899944,2509.8341280999293
2015-01-27,1,0.0,64.06959089443603,812.1715147414661,876.2411056359022
2015-01-28,1,-60024.89597622577,74.84169470385905,821.2868827942798,-59128.767398727636
2015-01-29,1,30204.068014159515,39.04437421959665,720.4224677448562,30963.534856123966
2015-01-30,1,-50283.37953309245,51.5569825570164,766.3919166876449,-49465.43063384779
2015-02-02,1,-20004.98267085717,232.14525550644953,1859.6412007134495,-17913.19621463727
2015-02-03,1,80838.14669161303,40.31440278540862,701.8742393407516,81580.33533373919
2015-02-04,1,20040.477369497377,48.54644946320764,675.1306820891604,20764.154501049743
2015-02-05,1,20020.224188516626,53.297487085013245,693.5517667488944,20767.07344235053
2015-02-06,1,-9951.443168517479,36.504317087972595,684.6040424431098,-9230.334808986396
2015-02-09,1,9939.630484153517,570.9729105411084,2708.9286026460186,13219.531997340644
2015-02-10,1,29712.90514892842,176.54166661047122,957.7440220152215,30847.190837554113
2015-02-11,1,-9909.639447774414,189.0542749478907,976.1619180187809,-8744.423254807743
2015-02-12,1,49951.106673633985,192.0648080416994,1021.520204666649,51164.69168634233
2015-02-13,1,-20166.49761737734,112.37951971611801,876.4795463817014,-19177.63855127952
2015-02-16,1,0.0,516.7833148525508,3038.3278236369642,3555.111138489515
2015-02-17,1,78940.38636453197,172.26110495085038,1012.7759412123214,80125.42341069515
2015-02-18,1,9984.773456835139,183.78883316743497,1059.3607305936068,11227.923020596181
2015-02-19,1,-9908.88118783824,94.64451677920749,877.1005486797505,-8937.136122379281
2015-02-20,1,20030.1491417138,151.5064272341982,1032.1517279413385,21213.807296889336
2015-02-23,1,-40023.95439086581,436.1718783050194,3096.97850616872,-36490.80400639207
2015-02-24,1,-30252.033729562507,136.1006244112324,986.4984006411346,-29129.43470451014
2015-02-25,1,-40239.5370405952,102.2311181990375,858.3607565378227,-39278.945165858335
2015-02-26,1,20580.52884394252,125.22352244183344,931.2395813688338,21636.991947753188
2015-02-27,1,-151.36715696562533,172.91173119803625,1049.9675563375718,1071.5121305699827
2015-03-02,1,50538.86872716197,583.300005460583,2876.1647123546045,53998.33344497716
2015-03-03,1,20110.774087668895,146.86142638897786,1032.0396011724092,21289.675115230282
2015-03-04,1,20004.97484741592,162.2672292119439,986.4224521122806,21153.664528740144
2015-03-05,1,-5.07029075637729,145.39062610167298,922.7454101834818,1063.0657455287774
2015-03-06,1,50146.20608139018,134.6298241239275,904.5021772678099,51185.33808278191
2015-03-09,1,-9811.122459886148,583.9978054105018,3234.207360070101,-5992.917294405546
2015-03-10,1,-59819.68457817029,165.44142976985938,986.8777205263963,-58667.36542787403
2015-03-11,1,-30000.000000000247,183.78883316743497,1050.2283105022827,-28765.982856330527
2015-03-12,1,19984.925429143237,203.72333684396858,1059.09916269746,21247.74792868467
2015-03-13,1,20056.588297085094,165.32512977820647,1004.6569305880338,21226.570357451335
2015-03-16,1,-10010.088972130798,509.91039187028014,3069.1175738789143,-6431.061006381603
2015-03-17,1,-80100.32975910573,140.74562525645263,913.4200626266171,-79046.16407122267
2015-03-18,1,-523.5187426291814,208.25203769753568,1003.8674495180926,688.6007445864469
2015-03-19,1,-10009.93993048018,83.94369356981565,748.8584474885845,-9177.137789421779
2015-03-20,1,-19896.571198860634,140.82248848101847,839.862700232223,-18915.88601014739
2015-03-23,1,-10000.00000000001,343.6866092102134,2409.8543730295396,-7246.459017760256
2015-03-24,1,-20027.640157150276,117.58796904536905,794.0556446058224,-19115.996543499085
2015-03-25,1,40127.51479148817,112.86889520878344,748.2812556517663,40988.66494234872
2015-03-26,1,60004.97770383762,100.7658313075923,748.6266092276466,60854.370144372864
2015-03-27,1,-29773.615261452214,114.9230528173482,721.7458341675004,-28936.946374467367
2015-03-30,1,9989.92364104395,242.75378278355265,1972.865370938293,12205.542794765795
2015-03-31,1,27.729175503078295,77.89216161921979,648.5996875652,754.2210246874981
2015-04-01,1,-59963.4753368391,120.97458476794372,612.0803208923963,-59230.42043117876
2015-04-02,1,50151.5785415192,63.73494010946399,565.7919646789942,50781.10544630766
2015-04-03,1,-10020.366039407883,48.606110232974856,611.9708524985341,-9359.789076676374
2015-04-06,1,50263.21865229591,-38.97527554443968,1615.9612069925233,51840.20458374399
2015-04-07,1,-40022.60326996389,-17.349982604121806,594.1063345541098,-39445.8469180139
2015-04-08,1,10048.135083878427,16.294292871431708,611.9597025138836,10676.389079263741
2015-04-09,1,30017.747654686067,34.809738470496086,657.751166408188,30710.30855956475
2015-04-10,1,-19981.10647797612,47.273652118964264,712.886108746015,-19220.94671711114
2015-04-13,1,10030.218275408468,192.28736957022284,2083.143863471776,12305.649508450466
2015-04-14,1,-29976.1049386328,17.98760073271933,639.6924999360524,-29318.42483796403
2015-04-15,1,30025.10294976215,16.294292871431708,611.9634746727005,30653.36071730628
2015-04-16,1,-2.6182701822381205,-14.32421662882382,539.1556359792818,522.2131491682198
2015-04-17,1,-40003.028197651074,-24.729801786528526,529.6803652968038,-39498.0776341408
2015-04-20,1,-9949.56565444934,-5.645622267070166,1642.5528074833405,-8312.658469233069
2015-04-21,1,20000.00000000002,44.19196552421499,620.4759925627259,20664.66795808696
2015-04-22,1,49941.867914185146,38.14958270064392,648.0864014955101,50628.1038983813
2015-04-23,1,-9881.64550881237,44.56994974244287,712.5092898815462,-9124.56626918838
2015-04-24,1,-19915.608557268806,26.06481705350211,612.0607685901666,-19277.482971625137
2015-04-27,1,9984.881304272285,64.03211348012996,1780.629667642222,11829.543085394638
2015-04-28,1,39889.0522978353,18.32284641492447,566.2744983285734,40473.64964257879
2015-04-29,1,59698.38125866496,27.764404868508905,648.894854538107,60375.040518071575
2015-04-30,1,-29904.805335525263,9.637256397796023,613.1436303487498,-29282.024448778717
2015-05-01,1,49493.01732079724,94.04296498569488,694.9238823900281,50281.98416817297
2015-05-04,1,39559.51443359373,139.9425653270332,2195.744506099409,41895.201505020166
2015-05-05,1,9635.006811216848,34.56275612853585,723.3539961400588,10392.923563485443
2015-05-06,1,29175.98476665103,53.06788881747684,796.5369862720663,30025.58964174057
2015-05-07,1,-48816.60838338877,76.2938007332101,842.5977560792315,-47897.716826576325
2015-05-08,1,20215.03798669931,69.87343369141092,841.6481277288979,21126.559548119618
2015-05-11,1,88474.09404514181,62.335207999161184,2225.478088484034,90761.907341625
2015-05-12,1,9985.073944456151,25.877166111407632,761.3140376504995,10772.265148218059
2015-05-13,1,10161.763674583313,12.092812649258917,734.0802161696132,10907.936703402185
2015-05-14,1,-9296.717321843385,-12.454702863253146,715.7973854961728,-8593.374639210466
2015-05-15,1,-78526.63383728168,-41.72299760255703,642.951866298501,-77925.40496858573
2015-05-18,1,59991.73398582362,-106.00391191593053,1890.41095890411,61776.1410328118
2015-05-19,1,-10161.4556077194,-21.4769297935685,731.3768459776938,-9451.555691535275
2015-05-20,1,20035.099049384444,45.99119259132874,858.8992104839635,20939.989452459737
2015-05-21,1,-69580.1615528675,7.670280549486279,758.8938817040843,-68813.59739061393
2015-05-22,1,-20025.22065611678,29.075584513324316,794.4905998094329,-19201.654471794023
2015-05-25,1,0.0,202.18948966549965,2683.5599889247283,2885.749478590228
2015-05-26,1,-69754.65805912722,67.39649655516655,894.5199963082428,-68792.74156626381
2015-05-27,1,0.0,99.53683748877711,875.4856217753634,975.0224592641405
2015-05-28,1,9977.612597400172,99.53683748877711,793.3858439778276,10870.535278866775
2015-05-29,1,-13.729219713099155,75.00886298296973,766.1543664093836,827.4340096792541
2015-06-01,1,40092.7169969236,321.64192167686065,2161.5205681810944,42575.87948678155
2015-06-02,1,79799.57815786712,84.24733465746431,803.0824557431544,80686.90794826773
2015-06-03,0,59341.49768864888,59.78413012736371,804.0298331120084,60205.31165188825
2015-06-04,0,-3075.277953669305,0.0,0.0,-3075.277953669305
2015-06-05,0,0.0,0.0,0.0,0.0
2015-06-08,0,0.0,0.0,0.0,0.0
2015-06-09,0,0.0,0.0,0.0,0.0
2015-06-10,0,0.0,0.0,0.0,0.0
2015-06-11,0,0.0,0.0,0.0,0.0
2015-06-12,0,0.0,0.0,0.0,0.0
2015-06-15,0,0.0,0.0,0.0,0.0
2015-06-16,0,0.0,0.0,0.0,0.0
2015-06-17,0,0.0,0.0,0.0,0.0
2015-06-18,0,0.0,0.0,0.0,0.0
2015-06-19,0,0.0,0.0,0.0,0.0
2015-06-22,0,0.0,0.0,0.0,0.0
2015-06-23,0,0.0,0.0,0.0,0.0
2015-06-24,0,0.0,0.0,0.0,0.0
2015-06-25,0,0.0,0.0,0.0,0.0
2015-06-26,0,0.0,0.0,0.0,0.0
2015-06-29,0,0.0,0.0,0.0,0.0
2015-06-30,0,0.0,0.0,0.0,0.0
2015-07-01,0,0.0,0.0,0.0,0.0
2015-07-02,0,0.0,0.0,0.0,0.0
2015-07-03,0,0.0,0.0,0.0,0.0
2015-07-06,0,0.0,0.0,0.0,0.0
2015-07-07,0,0.0,0.0,0.0,0.0
2015-07-08,0,0.0,0.0,0.0,0.0
2015-07-09,0,0.0,0.0,0.0,0.0
2015-07-10,0,0.0,0.0,0.0,0.0
2015-07-13,0,0.0,0.0,0.0,0.0
2015-07-14,0,0.0,0.0,0.0,0.0
2015-07-15,0,0.0,0.0,0.0,0.0
2015-07-16,0,0.0,0.0,0.0,0.0
2015-07-17,0,0.0,0.0,0.0,0.0
2015-07-20,0,0.0,0.0,0.0,0.0
2015-07-21,0,0.0,0.0,0.0,0.0
2015-07-22,0,0.0,0.0,0.0,0.0
2015-07-23,0,0.0,0.0,0.0,0.0
2015-07-24,0,0.0,0.0,0.0,0.0
2015-07-27,0,0.0,0.0,0.0,0.0
2015-07-28,0,0.0,0.0,0.0,0.0
2015-07-29,0,0.0,0.0,0.0,0.0
2015-07-30,0,0.0,0.0,0.0,0.0
2015-07-31,0,0.0,0.0,0.0,0.0
2015-08-03,0,0.0,0.0,0.0,0.0
2015-08-04,0,0.0,0.0,0.0,0.0
2015-08-05,0,0.0,0.0,0.0,0.0
2015-08-06,0,0.0,0.0,0.0,0.0
2015-08-07,0,0.0,0.0,0.0,0.0
2015-08-10,0,0.0,0.0,0.0,0.0
2015-08-11,0,0.0,0.0,0.0,0.0
2015-08-12,0,0.0,0.0,0.0,0.0
2015-08-13,0,0.0,0.0,0.0,0.0
2015-08-14,0,0.0,0.0,0.0,0.0
2015-08-17,0,0.0,0.0,0.0,0.0
2015-08-18,0,0.0,0.0,0.0,0.0
2015-08-19,0,0.0,0.0,0.0,0.0
2015-08-20,0,0.0,0.0,0.0,0.0
2015-08-21,0,0.0,0.0,0.0,0.0
2015-08-24,0,0.0,0.0,0.0,0.0
2015-08-25,0,0.0,0.0,0.0,0.0
2015-08-26,0,0.0,0.0,0.0,0.0
2015-08-27,0,0.0,0.0,0.0,0.0
2015-08-28,0,0.0,0.0,0.0,0.0
2015-08-31,0,0.0,0.0,0.0,0.0
2015-09-01,0,0.0,0.0,0.0,0.0
2015-09-02,0,0.0,0.0,0.0,0.0
2015-09-03,0,0.0,0.0,0.0,0.0
2015-09-04,0,0.0,0.0,0.0,0.0
2015-09-07,0,0.0,0.0,0.0,0.0
2015-09-08,0,0.0,0.0,0.0,0.0
2015-09-09,0,0.0,0.0,0.0,0.0
2015-09-10,0,0.0,0.0,0.0,0.0
2015-09-11,0,0.0,0.0,0.0,0.0
2015-09-14,0,0.0,0.0,0.0,0.0
2015-09-15,0,0.0,0.0,0.0,0.0
2015-09-16,0,0.0,0.0,0.0,0.0
2015-09-17,0,0.0,0.0,0.0,0.0
2015-09-18,0,0.0,0.0,0.0,0.0
2015-09-21,0,0.0,0.0,0.0,0.0
2015-09-22,0,0.0,0.0,0.0,0.0
2015-09-23,0,0.0,0.0,0.0,0.0
2015-09-24,0,0.0,0.0,0.0,0.0
2015-09-25,0,0.0,0.0,0.0,0.0
2015-09-28,0,0.0,0.0,0.0,0.0
2015-09-29,0,0.0,0.0,0.0,0.0
2015-09-30,0,0.0,0.0,0.0,0.0
2015-10-01,0,0.0,0.0,0.0,0.0
2015-10-02,0,0.0,0.0,0.0,0.0
2015-10-05,0,0.0,0.0,0.0,0.0
2015-10-06,0,0.0,0.0,0.0,0.0
2015-10-07,0,0.0,0.0,0.0,0.0
2015-10-08,0,0.0,0.0,0.0,0.0
2015-10-09,0,0.0,0.0,0.0,0.0
2015-10-12,0,0.0,0.0,0.0,0.0
2015-10-13,0,0.0,0.0,0.0,0.0
2015-10-14,0,0.0,0.0,0.0,0.0
2015-10-15,0,0.0,0.0,0.0,0.0
2015-10-16,0,0.0,0.0,0.0,0.0
2015-10-19,0,0.0,0.0,0.0,0.0
2015-10-20,0,0.0,0.0,0.0,0.0
2015-10-21,0,0.0,0.0,0.0,0.0
2015-10-22,0,0.0,0.0,0.0,0.0
2015-10-23,0,0.0,0.0,0.0,0.0
2015-10-26,0,0.0,0.0,0.0,0.0
2015-10-27,0,0.0,0.0,0.0,0.0
2015-10-28,0,0.0,0.0,0.0,0.0
2015-10-29,0,0.0,0.0,0.0,0.0
2015-10-30,0,0.0,0.0,0.0,0.0
2015-11-02,0,0.0,0.0,0.0,0.0
2015-11-03,0,0.0,0.0,0.0,0.0
2015-11-04,0,0.0,0.0,0.0,0.0
2015-11-05,0,0.0,0.0,0.0,0.0
2015-11-06,0,0.0,0.0,0.0,0.0
2015-11-09,0,0.0,0.0,0.0,0.0
2015-11-10,0,0.0,0.0,0.0,0.0
2015-11-11,0,0.0,0.0,0.0,0.0
2015-11-12,0,0.0,0.0,0.0,0.0
2015-11-13,0,0.0,0.0,0.0,0.0
2015-11-16,0,0.0,0.0,0.0,0.0
2015-11-17,0,0.0,0.0,0.0,0.0
2015-11-18,0,0.0,0.0,0.0,0.0
2015-11-19,0,0.0,0.0,0.0,0.0
2015-11-20,0,0.0,0.0,0.0,0.0
2015-11-23,0,0.0,0.0,0.0,0.0
2015-11-24,0,0.0,0.0,0.0,0.0
2015-11-25,0,0.0,0.0,0.0,0.0
2015-11-26,0,0.0,0.0,0.0,0.0
2015-11-27,0,0.0,0.0,0.0,0.0
2015-11-30,1,0.0,0.0,0.0,0.0
2015-12-01,1,-33089.47356204446,538.3334145023608,977.1689497716894,-31573.97119777041
2015-12-02,1,79.23589064918269,461.2088976229629,894.7798803027346,1435.22466857488
2015-12-03,1,130225.78419444275,493.5828292859304,958.615435733132,131677.9824594618
2015-12-04,1,-49700.55737216662,475.27292432211993,859.4402234698962,-48365.84422437461
2015-12-07,1,-29829.978277321574,1471.8486107422702,2357.539406558851,-26000.590260020454
2015-12-08,1,9989.983007737523,478.2395500272937,548.1373121803804,11016.359869945198
2015-12-09,1,-9969.959721630643,475.17089417556633,292.5392174082775,-9202.2496100468
2015-12-10,1,-12.503278411233623,456.656928918649,365.4734630701246,809.62711357754
2015-12-11,1,-39843.466254404775,478.2395500272937,465.95987474347345,-38899.26682963401
2015-12-14,1,10335.043846238535,1244.9249986618368,1039.8971732545424,12619.866018154913
2015-12-15,1,39953.637635172694,498.2368281367983,602.6360647883088,41054.5105280978
2015-12-16,1,-20050.142396449988,496.7535152842112,593.916126673267,-18959.47275449251
2015-12-17,1,-39750.05805925474,546.0560692049562,703.1066765241387,-38500.895313525645
2015-12-18,1,-19947.228224726987,299.3392393081259,675.427567218581,-18972.46141820028
2015-12-21,1,20006.30868041392,819.3078580458398,1943.7654028907405,22769.3819413505
2015-12-22,1,10027.50133849006,266.9653076451583,693.754751703664,10988.22139783888
2015-12-23,1,9967.345771160351,296.2705834563984,721.1746999473177,10984.791054564068
2015-12-24,1,-39922.6183489558,314.7845487133162,803.3446967121654,-38804.48910353032
2015-12-25,1,0.0,348.64179322887037,894.1319837470651,1242.7737769759356
2015-12-28,1,-29957.65801016677,1045.9253796866114,2682.395951241195,-26229.336679238964
2015-12-29,1,39934.39358514411,379.43038189269726,893.7805093240213,41207.60447636084
2015-12-30,1,-7.803715229885763,408.884201733992,968.0365296803658,1369.117016184472
2015-12-31,1,-20017.528880422607,408.884201733992,1050.300126422361,-18558.344552266255
2016-01-01,1,0.0,555.4577445855228,958.9103192663558,1514.3680638518786
2016-01-04,1,9939.742603934352,1666.3732337565682,2876.730957799067,14482.846795489988
2016-01-05,1,-9977.25241232819,336.36854258566825,959.220214466173,-8681.663655276348
2016-01-06,1,-20214.62064136893,361.0545038200711,812.7882497398023,-19040.777887809054
2016-01-07,1,9896.520379937938,313.22480590615,693.8669548254569,10903.612140669544
2016-01-08,1,-10209.115077878909,277.73866462922274,620.7144122236472,-9310.662001026038
2016-01-11,1,40382.61476573488,777.6717170805737,1861.8408428642706,43022.12732567972
2016-01-12,1,-40358.416142255366,246.88150109611524,639.2673734354653,-39472.26726772378
2016-01-13,1,-20363.15805835911,248.4237256509997,629.6168483827607,-19485.11748432535
2016-01-14,1,30264.440742217837,232.9945678646543,638.6258059441227,31136.061116026616
2016-01-15,1,-20658.121709801737,212.93758437407223,748.7927192224054,-19696.39140620526
2016-01-18,1,0.0,495.3236593804543,2300.561265875332,2795.8849252557866
2016-01-19,1,350.0797393273133,165.10788646015146,766.8537552917775,1282.0413810792422
2016-01-20,1,-20577.838513222567,197.50842658772694,876.6955275069346,-19503.634559127906
2016-01-21,1,20186.565046829273,160.47890871633103,922.2281354151454,21269.27209096075
2016-01-22,1,10633.843491693478,143.50752637510118,867.523388600312,11644.87440666889
2016-01-25,1,-40504.521096522934,518.4673960599728,2657.3419909668073,-37328.71170949615
2016-01-26,1,9785.23225423972,185.16486995073365,903.8289669264767,10874.226091116929
2016-01-27,1,20186.565046829273,149.6787286738059,812.312218916892,21148.555994419974
2016-01-28,1,-10016.260996693802,138.28702430143426,776.255707762557,-9101.71826462981
2016-01-29,1,9948.266246295985,130.52328475787675,757.8834486924325,10836.672979746294
2016-02-01,1,-19928.60704716681,447.27083298090133,1643.2196238757201,-17838.116590310186
2016-02-02,1,-40229.695180484836,111.95629185545329,702.9680945029219,-39414.77079412646
2016-02-03,1,40109.457813178364,59.29482696349123,336.7413832037634,40505.49402334562
2016-02-04,1,9959.042854410303,14.727011625659202,245.56544024572773,10219.33530628169
2016-02-05,1,-50145.547496925385,-9.919008907381453,245.56289727620046,-49909.90360855657
2016-02-08,1,-30791.282124165853,145.47472081387536,790.2503121327179,-29855.55709121926
2016-02-09,1,-40204.38720320487,-28.81591182037738,161.92130098431326,-40071.28181404093
2016-02-10,1,-50464.28750240788,15.75190351745465,216.53787443747228,-50231.99772445295
2016-02-11,1,-11148.74540702239,52.555979311729004,289.477724033846,-10806.711703676816
2016-02-12,1,42014.97486537107,-20.027280385024483,243.3726414582876,42238.32022644433
2016-02-15,1,0.0,130.31231359741105,979.6011136596213,1109.9134272570323
2016-02-16,1,10520.78213606582,43.4374378658037,326.5337045532072,10890.75327848483
2016-02-17,1,30365.446385468837,72.80768412709307,399.82882152737966,30838.082891123307
2016-02-18,1,-30601.54112704836,74.49239604003367,354.54609093978456,-30172.502640068542
2016-02-19,1,-39943.65507239368,40.39792405049508,271.7630736905942,-39631.4940746526
2016-02-22,1,-9887.828906807868,319.71673831817725,1253.8323423124289,-8314.279826177262
2016-02-23,1,-10365.895126487558,131.21826663909962,417.8949949854258,-9816.781864863033
2016-02-24,1,20152.267528463002,112.65127373667616,362.87957613517085,20627.79837833485
2016-02-25,1,-10515.191867717927,95.76899274719318,335.6310478130303,-10083.791827157704
2016-02-26,1,-30012.378776324575,82.80496774831488,219.17808219178065,-29710.39572638448
2016-02-29,1,30.68490158431814,535.26155581532,1068.3139653956355,1634.2604227952736
2016-03-01,1,19915.57253942464,243.39947805706203,237.4210912292367,20396.393108710938
2016-03-02,1,9939.478019851873,237.4148525542721,274.3814919412353,10451.27436434738
2016-03-03,1,-9934.457968482888,223.59271322755149,319.9759319820456,-9390.88932327329
2016-03-04,1,19745.81527028606,226.58502597894642,365.51774993828644,20337.918046203296
2016-03-07,1,-197.17658028238293,791.7591203323805,1206.506600908463,1801.0891409584606
2016-03-08,1,-49266.077375769775,296.40918650343804,484.213209387911,-48485.45497987843
2016-03-09,1,49616.0677606386,278.8812705344344,374.3911132169339,50269.340144389964
2016-03-10,1,-219.74407167148456,285.57935992811196,411.4456208842884,477.2809091409158
2016-03-11,1,9551.411569633005,318.0688396540898,493.2549654844544,10362.73537477155
2016-03-14,1,-9864.553131986742,1075.1874996119946,1698.8002857474964,-7090.565346627251
2016-03-15,1,-9968.995232167714,361.3881459553932,566.1805240315647,-9041.426562180755
2016-03-16,1,80036.77122523931,364.3804587067881,566.0890208880649,80967.24070483416
2016-03-17,1,-29653.363703098665,221.31386436704457,375.6793184683297,-29056.37052026329
2016-03-18,1,245.88178830809557,230.29080262122892,439.1117325625862,915.2843234919108
2016-03-21,1,9702.359253520604,593.4039686857541,1207.943556550782,11503.70677875714
2016-03-22,1,-20136.661253875674,227.29848986983416,457.5176946709827,-19451.845069334857
2016-03-23,1,-19401.03812390266,276.6024216739276,557.4439421118498,-18566.99176011688
2016-03-24,1,9780.483710625907,239.26774087541372,438.82414532558664,10458.575596826908
2016-03-25,1,0.0,257.9350812746704,520.9738996022874,778.9089808769577
2016-03-28,1,-20010.882377877268,764.3183450903477,1561.6438356164383,-17684.92019717048
2016-03-29,1,29919.2396699557,260.81821333456804,465.5598211266058,30645.617704416873
2016-03-30,1,40128.58733274785,132.63491688823166,209.59056968890673,40470.81281932499
2016-03-31,1,-20153.846061435604,98.88675379635924,200.72748239172304,-19854.231825247523
2016-04-01,1,-19993.819698655636,202.39003460750155,163.70292913328544,-19627.72673491485
2016-04-04,1,-44.62460331734292,332.9328512157906,518.5773447127452,806.8855926111929
2016-04-05,1,-20277.16012018337,100.14896716377933,209.3047161354685,-19967.70643688412
2016-04-06,1,20252.988990738035,73.70844907711245,218.10216732432787,20544.799607139474
2016-04-07,1,-30396.701181946155,78.49166734747774,273.2867093933494,-30044.92280520533
2016-04-08,1,20213.44486235517,55.07386507970364,272.79913823074327,20541.317865665616
2016-04-11,1,10096.489058185109,147.0853003257546,626.6365660869886,10870.210924597852
2016-04-12,1,20453.71948241334,46.00571762302559,236.4575680962644,20736.182768132632
2016-04-13,1,-30140.228485150343,83.27488561784327,319.2689579402403,-29737.68464159226
2016-04-14,1,10178.0931634513,103.17168298267205,328.1654865005137,10609.430332934486
2016-04-15,1,-10178.053348591424,121.80626698008092,392.42324669587845,-9663.823834915465
2016-04-18,1,10133.479262406794,277.02909922356366,1066.7111443424524,11477.219505972811
2016-04-19,1,-9968.939208598387,100.14896716377933,410.61197214236233,-9458.178269292246
2016-04-20,1,30319.9709464226,124.82898279897375,456.3806236908394,30901.18055291241
2016-04-21,1,10068.614945684305,148.24678506674786,511.602946425493,10728.464677176546
2016-04-22,1,-10002.2479183022,166.88136906415644,502.5845082365803,-9332.782041001465
2016-04-25,1,10013.978497240068,574.6841540980517,1699.451184260673,12288.113835598793
2016-04-26,1,19998.74458023248,199.03712619221608,566.2100456621006,20763.991752086797
2016-04-27,1,-39897.91727649215,203.8134654501565,484.2368905701064,-39209.86692047189
2016-04-28,1,19951.809560009813,183.43901603854954,474.6316376809767,20609.88021372934
2016-04-29,1,-26.695393855634393,123.28472992213466,383.31025910751737,479.89959517401763
2016-05-02,1,20172.501581141143,564.6460658894705,1095.0568795001166,21832.20452653073
2016-05-03,1,-20074.9686557636,138.8828400758012,465.8469923940401,-19470.23882329376
2016-05-04,1,-20101.240035148465,90.81941723495703,383.2015546212897,-19627.219063292217
2016-05-05,1,-145.06354692804962,96.86484887274247,410.4100272611901,362.211329205883
2016-05-06,1,10195.863216660287,64.39953618556456,355.42738070232264,10615.690133548174
2016-05-09,1,-94.21969386600176,249.06108647437168,1231.4653753204689,1386.3067679288388
2016-05-10,1,0.0,61.37682036667189,337.1446206297521,398.521440996424
2016-05-11,1,-60316.214589415926,61.37682036667189,318.90029759113355,-59935.93747145812
2016-05-12,1,155.40026544325883,101.15665707148014,373.3802597596849,629.9371822744239
2016-05-13,1,-40324.66596143839,122.8001988629319,410.0766709141783,-39791.78909166128
2016-05-16,1,10372.849687115446,404.6731864155083,1174.446046026716,11951.96891955767
2016-05-17,1,-19941.204130683283,164.3336590067878,419.05828662625913,-19357.812185050236
2016-05-18,1,30806.910558671327,202.84440333175075,482.9434775223349,31492.69843952541
2016-05-19,1,-10046.616343781297,280.35042304087995,574.5511687545365,-9191.71475198588
2016-05-20,1,0.0,272.5513679640469,519.70923626068,792.2606042247269
2016-05-23,1,-30020.395905570393,817.6541038921405,1257.714118974186,-27945.02768270407
2016-05-24,1,10078.239869366507,303.26305721217676,428.1606488401842,10809.663575418868
2016-05-25,1,9996.412647661207,312.85928284957924,465.7534246575344,10775.02535516832
2016-05-26,1,10020.189702533251,309.844184591087,520.6309165857529,10850.664803710091
2016-05-27,1,-9988.30262864854,252.6219482282446,438.48120654362947,-9297.199473876666
2016-05-30,1,0.0,864.483988048041,1315.2684423451951,2179.752430393236
2016-05-31,1,20002.398968028047,288.16132934934717,438.42281411506514,20728.983111492456
2016-06-01,1,-30014.735073029136,336.33827093671266,356.32153281008914,-29322.075269282333
2016-06-02,1,-20017.721070349697,302.0178552287093,410.9473046458857,-19304.7559104751
2016-06-03,1,9788.065091968223,286.36519650395377,410.75749163408403,10485.18778010626
2016-06-06,1,117.48538601166729,492.28318324767383,902.3033953766001,1512.0719646359412
2016-06-07,1,9963.88314710428,185.77724965763133,364.9095523784446,10514.569949140356
2016-06-08,1,-10071.044848460679,161.07929615739891,328.31058708606344,-9581.654965217216
2016-06-09,1,-20211.036313295182,164.09439441589126,309.9697590160765,-19736.972159863217
2016-06-10,1,-291.3021832922823,159.2831633120058,318.96715432652695,186.94813434625047
2016-06-13,1,-20223.926417540875,347.7523584855767,764.096038929955,-19112.078020125344
2016-06-14,1,-10023.631633017598,121.94764934551011,309.4351753442821,-9592.248808327806
2016-06-15,1,29867.46905149261,135.80417522487232,336.83231959118683,30340.10554630867
2016-06-16,1,-40426.15010114708,72.5517423450454,263.5107662700833,-40090.087592531956
2016-06-17,1,50739.80019311676,84.61213537901443,281.67737561928135,51106.08970411505
2016-06-20,1,10501.663318723826,208.60993225965922,983.5433782201239,11693.81662920361
2016-06-21,1,20341.593902116285,109.88725631154108,291.40074501992933,20742.881903447753
2016-06-22,1,-10132.39924055589,125.53991503629669,319.14041079600383,-9687.718914723588
2016-06-23,1,19989.953978080284,120.0139384697066,337.8995433789953,20447.867459928988
2016-06-24,1,-29622.236538425175,135.7113995366846,365.554479416136,-29120.970659472354
2016-06-27,1,-80630.71598698186,-53.67283830392944,710.4478440888839,-79973.94098119691
2016-06-28,1,0.0,-37.32873902337889,254.32522454329188,216.996485519913
2016-06-29,1,30452.64174851356,-37.32873902337889,254.32522454329188,30669.638234033475
2016-06-30,1,29967.780226435832,-35.45857309583323,254.64643556751014,30186.96808890751
2016-07-01,1,-40327.401713371495,31.43966985047598,172.40542374940597,-40123.55661977161
2016-07-04,1,0.0,-194.94998790673048,626.3117934083227,431.36180550159224
2016-07-05,1,-60997.89392184619,-64.98332930224348,208.77059780277426,-60854.10665334566
2016-07-06,1,-9883.289829318164,-68.7236611573347,162.4650382901596,-9789.54845218534
2016-07-07,1,20317.70041750562,-44.0583531814419,162.46822005431318,20436.110284378494
2016-07-08,1,-60508.98412518005,-50.03691778738519,125.91516653333653,-60433.10587643411
2016-07-11,1,10897.07037693003,1.2384436194797672,569.1151215161087,11467.42394206562
2016-07-12,1,71296.29959866464,51.613596419158284,290.78505211518393,71638.69824719899
2016-07-13,1,-40400.26316523427,63.20265880773832,300.3769615146864,-40036.683544911844
2016-07-14,1,50536.10418320304,64.32177518316439,318.4735404215902,50918.89949880779
2016-07-15,1,40544.69467980332,49.375363668306136,254.79958965927074,40848.86963313089
2016-07-18,1,19969.168125684344,209.79681889740345,1067.013556700465,21245.978501282214
2016-07-19,1,-50169.9816387302,31.43966985047615,264.33943199323403,-49874.202536886485
2016-07-20,1,179.89754826050557,68.06210703825542,218.32862913419117,466.2882844329522
2016-07-21,1,9905.74780440841,100.57614554763751,300.6496859267472,10306.973635882794
2016-07-22,1,-10004.879611792485,66.938012274904,264.8401826484015,-9673.101416869178
2016-07-25,1,1.2433404088042153,242.27014445673672,849.1515607133617,1092.6650455789027
2016-07-26,1,-39987.462347741945,91.60428006338753,310.46531862515604,-39585.392749053404
2016-07-27,1,-30012.42845449877,136.03152499494513,392.3535583242351,-29484.043371179592
2016-07-28,1,9996.270721341618,123.24980640459285,392.0946588738656,10511.615186620076
2016-07-29,1,-10165.111629993226,109.43110386058464,364.7723118628565,-9690.908214269784
2016-08-01,1,50280.517369261106,499.9202021474837,929.4151994753013,51709.852770883896
2016-08-02,1,40122.18750997469,43.30872844007649,301.0415187845541,40466.53775719932
2016-08-03,1,0.0,31.424179241945126,292.2348140191415,323.6589932610866
2016-08-04,1,-10029.47611290832,31.424179241945126,200.87065765127846,-9797.181276015097
2016-08-05,1,184.6530639353732,1.8526208080518245,173.22393332026954,359.7296180636946
2016-08-08,1,-19995.02713345411,265.8994282915644,822.0915239531449,-18907.0361812094
2016-08-09,1,-9974.303398774537,116.27054785187124,310.42834362937555,-9547.60450729329
2016-08-10,1,-30053.324973715706,86.69898941797794,282.8926661776472,-29683.73331812008
2016-08-11,1,240.85080987498804,73.91727082762554,236.96969602884172,551.7377767314554
2016-08-12,1,-10037.281652921534,149.85022753895345,437.9271700211767,-9449.504255361404
2016-08-15,1,30123.430850383484,295.7506158483278,820.5091685457497,31239.69063477756
2016-08-16,1,-19969.718949748974,100.51769196198615,301.12158568420426,-19568.079672102787
2016-08-17,1,9985.087338831398,149.85022753895345,383.1735060791732,10518.111072449523
2016-08-18,1,-30.16163780329589,125.18395975046968,301.0823012623209,396.1046232094947
2016-08-19,1,107.96641597712005,92.64126401704362,218.85503249521204,419.4627124893757
2016-08-22,1,-30002.15732972796,441.21649500746366,986.3013698630134,-28574.639464857486
2016-08-23,1,20000.00000000002,155.9901057456991,355.95542798062377,20511.945533726343
2016-08-24,1,-9989.718858243687,128.3320779178033,301.2698962690214,-9560.116884056863
2016-08-25,1,20.331034972998168,153.01745883129536,319.48616595453507,492.8346597588286
2016-08-26,1,-19985.088090750716,174.73019283038394,356.04181992397923,-19454.316077996355
2016-08-29,1,-19928.36965941545,737.4410659693699,1450.9808276201006,-17739.94776582598
2016-08-30,1,9993.78855888751,219.18988148663163,392.30576693932835,10605.28420731347
2016-08-31,1,10005.080932715944,205.3608675726838,401.5074684729341,10611.949268761562
2016-09-01,1,9990.06070537439,310.9518906537225,401.5677900485571,10702.58038607667
2016-09-02,1,10020.213434564212,177.70283974478775,374.24633853100465,10572.162612840004
2016-09-05,1,0.0,589.3287804884176,1369.3667786327978,1958.6955591212154
2016-09-06,1,10020.936724460858,196.44292682947253,456.45559287759926,10673.83524416793
2016-09-07,1,-10015.25375741447,128.3320779178033,356.0780404215092,-9530.843639075158
2016-09-08,1,30132.474357929917,131.304724832207,328.6042163152361,30592.383299077363
2016-09-09,1,49911.1598173417,165.81225208717285,438.4216791826934,50515.39374861156
2016-09-12,1,9954.4354374104,485.4161535440958,1289.025188494103,11728.8767794486
2016-09-13,1,39750.68188237481,158.83273760029493,438.96341788692655,40348.47803786203
2016-09-14,1,212.4245945335024,157.79851694222424,311.4472797811761,681.6703912569028
2016-09-15,1,39935.58419372667,125.22941594359145,247.52187124952735,40308.335480919784
2016-09-16,1,-39941.73772846182,80.76972728734387,202.2089943646844,-39658.75900680979
2016-09-19,1,-19997.51443445076,375.68824783077434,797.5161866516659,-18824.30999996832
2016-09-20,1,-10004.2535681704,150.7290097967507,356.1643835616441,-9497.360174812005
2016-09-21,1,-30015.20431830504,153.7198070997103,319.54676345577025,-29541.93774774956
2016-09-22,1,-30060.88277835795,162.69219900858906,328.4335190226965,-29569.757060326665
2016-09-23,1,9964.446769708515,171.66459091746788,364.7448356941014,10500.856196320085
2016-09-26,1,-20119.45483321823,440.9611401718207,902.4524102982591,-18776.041282748152
2016-09-27,1,-20164.120160034603,142.1252678845754,328.03129759496744,-19693.96359455506
2016-09-28,1,10071.285589557856,137.26348904521075,309.62716161856486,10518.17624022163
2016-09-29,1,9943.775020860876,134.2726917422512,264.0776645707765,10342.125377173903
2016-09-30,1,255.30147720893729,109.59514754872356,227.48993080205685,592.3865555597176
2016-10-03,1,145.07805630267103,816.7372476839485,984.1616949827992,1945.9769989694187
2016-10-04,1,40215.80438995642,185.4987616657114,309.8924450920448,40711.19559671418
2016-10-05,1,26.384630277705583,195.2223193444408,328.50002600425694,550.1069756264033
2016-10-06,1,19977.07537776234,227.7524396802924,383.31979597965835,20588.14761342229
2016-10-07,1,10024.495146315454,232.6142185196573,419.9837863309908,10677.093151166102
2016-10-10,1,0.0,591.2799026425371,904.1640829608125,1495.4439856033496
2016-10-11,1,-40.85597278739442,197.09330088084573,301.38802765360424,457.62535574705555
2016-10-12,1,19929.249675688443,229.6234212166978,319.7586666103035,20478.631763515445
2016-10-13,1,-19838.067057105724,223.64182661077865,347.30352381321126,-19267.121706681733
2016-10-14,1,59866.11827463439,207.93667432612972,347.08284060535186,60421.13778956587
2016-10-17,1,132.81494373110763,537.445551189265,878.8363142281689,1549.0968091485415
2016-10-18,1,-29926.764914721214,146.6183967272366,247.14484920442885,-29533.001668789548
2016-10-19,1,19997.67507301187,165.62967245168318,246.5753424657533,20409.880087929305
2016-10-20,1,-30003.727418194507,148.79196507451832,237.59903176756137,-29617.33642135243
2016-10-21,1,-19989.881718694003,190.30995012009168,301.3443789424166,-19498.227389631495
2016-10-24,1,30015.188305444808,588.9201245321176,903.4507804112864,31507.55921038821
2016-10-25,1,-19995.031592156804,187.31157109145119,301.4413340418361,-19506.278687023518
2016-10-26,1,19979.770686897395,214.99022778850025,356.0861759035951,20550.84709058949
2016-10-27,1,49883.67846134698,208.99346973121936,338.01018594782414,50430.68211702602
2016-10-28,1,19943.362682539693,204.84252390790118,329.4110579241318,20477.616264371725
2016-10-31,1,-19889.09661696958,564.0144495922082,1016.3762841964627,-18308.705883180908
2016-11-01,1,20030.49977369276,302.4110677868576,347.6719630489081,20680.58280452853
2016-11-02,1,78.25915673168129,155.48196857108405,292.98730548595074,526.7284307887161
2016-11-03,0,9969.699466014607,133.800069931316,247.29733235155965,10350.796868297482
2016-11-04,0,-3072.881596332605,0.0,0.0,-3072.881596332605
2016-11-07,0,0.0,0.0,0.0,0.0
2016-11-08,0,0.0,0.0,0.0,0.0
2016-11-09,0,0.0,0.0,0.0,0.0
2016-11-10,-1,0.0,0.0,0.0,0.0
2016-11-11,-1,-3087.162987742198,-174.3410085160076,-337.89954337899553,-3599.403539637201
2016-11-14,-1,-1.0186340659856796e-10,-523.0230255480228,-1013.6986301369867,-1536.7216556851113
2016-11-15,-1,19980.153051102323,-260.71772997244796,-429.40274798731656,19290.032573142562
2016-11-16,-1,-10015.229369923378,-288.4307817311724,-474.8015774366879,-10778.46172909124
2016-11-17,-1,-29794.403693697226,-263.77716566975516,-483.9737877045844,-30542.154647071566
2016-11-18,-1,-19695.094886393137,-297.787219306053,-548.1852580320032,-20541.067363731196
2016-11-21,-1,19886.698870655222,-972.1788553728109,-1918.4129555285017,16996.107059753907
2016-11-22,-1,9840.321553307544,-340.9755800342731,-639.2788035244389,8860.06716974883
2016-11-23,-1,306.22594363663666,-333.2379255495256,-620.9125982959634,-647.9245802088524
2016-11-24,-1,0.0,-387.22337645980053,-702.838949544576,-1090.0623260043767
2016-11-25,-1,0.0,-387.22337645980053,-702.838949544576,-1090.0623260043767
2016-11-28,-1,29606.369309030684,-1161.6701293794017,-2053.639410133356,26391.059769517924
2016-11-29,-1,-122.51208085895996,-385.6045933696672,-702.6037361683344,-1210.7204103969616
2016-11-30,-1,-49518.0089162212,-364.01041300555744,-684.3729534128402,-50566.3922826396
2016-12-01,-1,-49194.27046527935,-478.2783167036806,-675.700359963,-50348.24914194603
2016-12-02,-1,19336.97563756294,-387.4015069427593,-694.3953972184149,18255.178733401768
2016-12-05,-1,29828.564863328153,-1083.3873233736267,-2000.8152006114246,26744.3623393431
2016-12-06,-1,-9973.984491524348,-391.9015952472406,-666.638289363779,-11032.524376135367
2016-12-07,-1,29452.46598377979,-378.04506936787857,-603.0611898537175,28471.359724558195
2016-12-08,-1,-39476.36600497381,-365.62919609569053,-502.48513902578486,-40344.48034009528
2016-12-09,-1,-39203.88665865878,-374.98563367057136,-584.8452555468317,-40163.717547876186
2016-12-12,-1,-20016.232658194112,-1163.7015369955423,-1890.410958904108,-23070.34515409376
2016-12-13,-1,29990.037906296646,-381.6829219483358,-612.0813955755089,28996.2735887728
2016-12-14,-1,40005.11599830709,-412.5839420545118,-593.5105280088524,38999.02152824373
2016-12-15,-1,-39820.87431308247,-532.8922954760784,-775.4670896187779,-41129.233698177326
2016-12-16,-1,-9982.674018068326,-272.3488176036059,-875.9688281932605,-11130.991663865194
2016-12-19,-1,19677.35042650729,-775.3581154391875,-2519.012437171137,16382.979873896968
2016-12-20,-1,-19906.727025652417,-221.5210264680901,-757.556760094505,-20885.80481221501
2016-12-21,-1,-20049.816281118445,-226.09075335003286,-785.062788683311,-21060.969823151787
2016-12-22,-1,9992.568683333326,-176.72389390470403,-721.5155917540611,9094.32919767456
2016-12-23,-1,0.0,-190.62000636191408,-785.2468161624818,-975.8668225243958
2016-12-26,-1,0.0,-571.8600190857421,-2328.452129764254,-2900.3121488499964
2016-12-27,-1,40027.51327739868,-190.62000636191408,-776.150709921418,39060.742561115345
2016-12-28,-1,39734.16381741078,-267.77909072166324,-885.0327456030582,38581.35198108606
2016-12-29,-1,-19985.350814289992,-258.63963695777807,-811.7877809273776,-21055.778232175147
2016-12-30,-1,19977.489643409343,-209.272777512449,-839.4767303826033,18928.74013551429
2017-01-02,-1,0.0,-937.7286698551482,-2326.438822536259,-3264.167492391407
2017-01-03,-1,19987.613242961463,-312.5762232850493,-775.4796075120864,18899.557412164326
2017-01-04,-1,9972.685730289448,-221.70795827947234,-729.6367299723019,9021.341042037673
2017-01-05,-1,20122.88279082549,-246.3913880021371,-829.8295223431082,19046.661880480246
2017-01-06,-1,-262.5070117556461,-177.0977575274684,-756.8920474429458,-1196.4968167260604
2017-01-09,-1,30108.537916176043,-693.1030315642199,-2516.6119525480217,26898.822932063802
2017-01-10,-1,-20004.4279535606,-232.53749119946644,-885.8447488584478,-21122.810193618512
2017-01-11,-1,10002.47796351466,-204.7245976431028,-831.3014191325357,8966.451946739022
2017-01-12,-1,-2.4777175651943253,-218.63104442128463,-858.5764656632113,-1079.6852276496902
2017-01-13,-1,-10028.829152109764,-197.0078843719042,-840.386038065925,-11066.223074547592
2017-01-16,-1,0.0,-679.0432730774507,-2658.0811546373784,-3337.124427714829
2017-01-17,-1,29930.132495074788,-226.34775769248358,-886.027051545793,28817.75768583651
2017-01-18,-1,-30195.392315819226,-192.3860378541965,-840.2510819186773,-31228.0294355921
2017-01-19,-1,-29905.21412703289,-247.97091774186435,-958.9537852618436,-31112.138830036598
2017-01-20,-1,-59930.4317835507,-260.30947753077066,-977.3764275921882,-61168.11768867366
2017-01-23,-1,29646.697808993646,-563.0471306591096,-2578.4561817714393,26505.194496563097
2017-01-24,-1,-9879.21848930238,-153.72065704808267,-813.7142448229417,-10846.653391173406
2017-01-25,-1,-39731.18000887323,-204.68369041804306,-914.0603348283904,-40849.924034119664
2017-01-26,-1,-144.07308845082662,-213.9273834534581,-941.722010910693,-1299.7224828149779
2017-01-27,-1,29870.75163676057,-192.30422340407733,-877.951696633799,28800.495716722697
2017-01-30,-1,0.0,-637.2012110677258,-2715.069871467177,-3352.271082534903
2017-01-31,-1,9784.832670457043,-212.4004036892419,-932.4171573030379,8640.015109464763
2017-02-01,-1,112.04922243803958,-291.1763306155658,-768.0296744221876,-947.1567825997138
2017-02-02,-1,-9998.761387102355,-215.4952704427335,-877.5343585010063,-11091.791016046096
2017-02-03,-1,-9950.236177732262,-201.58882366455168,-822.8721828928103,-10974.697184289624
2017-02-06,-1,19616.954455587358,-595.4818707331804,-2606.03796554876,16415.43461930542
2017-02-07,-1,19960.104066834047,-150.6257902945913,-804.7001305304796,19004.778146008975
2017-02-08,-1,49997.86397594891,-155.8468919437188,-776.2557077625568,49065.76137624263
2017-02-09,-1,-10173.898218710718,-160.53681040322692,-803.2269685906,-11137.661997704545
2017-02-10,-1,-10000.000000000231,-211.43823047123396,-912.6990146246352,-11124.1372450961
2017-02-13,-1,-19990.01960260722,-625.0208148680081,-2683.603011681801,-23298.643429157026
2017-02-14,-1,10035.065732195217,-202.14435392554049,-867.3236431800802,8965.597735089597
2017-02-15,-1,-19882.857448881172,-259.24169169067636,-958.2254422943147,-21100.324582866164
2017-02-16,-1,9739.895316570539,-274.6455255601762,-958.2737468657781,8506.976044144585
2017-02-17,-1,19932.684041547953,-223.74410549216896,-921.992424131194,18786.94751192459
2017-02-20,-1,0.0,-657.420442217951,-2683.465723208684,-3340.8861654266348
2017-02-21,-1,3.7839359677418543,-219.1401474059836,-894.4885744028946,-1109.8447858411364
2017-02-22,-1,9985.040035847007,-229.94002318929802,-894.4427763757234,8860.657236281986
2017-02-23,-1,-10.184360531718994,-233.03798203786255,-921.7332134443944,-1164.955556013976
2017-02-24,-1,10084.80473561251,-189.83847890460527,-848.8996473303846,9046.06660937752
2017-02-27,-1,29814.31106428586,-384.41154915985317,-2108.5470597657536,27321.35245536025
2017-02-28,-1,19990.090350232942,-223.83006586549197,-903.251463023777,18863.008821343672
2017-03-01,-1,-30251.9783791097,-348.8246171790778,-775.2530822589225,-31376.0560785477
2017-03-02,-1,41.39780773166058,-317.93098906675596,-857.2805841340073,-1133.8137654691027
2017-03-03,-1,0.0,-350.3306164166987,-775.1070061681418,-1125.4376225848405
2017-03-06,-1,-9980.204280600708,-1050.9918492500963,-2325.321018504425,-13356.51714835523
2017-03-07,-1,-19884.20706863782,-336.4327817848199,-775.2220837813451,-20995.861934203986
2017-03-08,-1,-9780.937520891763,-341.03673987100547,-656.8877338248418,-10778.86199458761
2017-03-09,-1,-20011.09890507746,-378.51684518173613,-730.5936073059363,-21120.20935756513
2017-03-10,-1,9971.42468204146,-383.0762007455371,-748.9780101268165,8839.370471169104
2017-03-13,-1,19.8891239147124,-1126.177595169053,-2219.423290568814,-3325.7117618231546
2017-03-14,-1,19950.34761786751,-418.62446164796904,-757.9607842973105,18773.76237192223
2017-03-15,-1,19900.475620397352,-424.8730885654056,-766.9074649195547,18708.695066912394
2017-03-16,-1,-52.389414903129364,-355.46583811417725,-666.4357682464033,-1074.2910212637098
2017-03-17,-1,10057.298333763807,-106.88224104570543,-757.7604184063712,9192.65567431173
2017-03-20,-1,93.5752260398367,-265.17176862584324,-2190.97098458003,-2362.5675271660366
2017-03-21,-1,10177.383643797515,-55.96664209823393,-620.7286325668929,9500.68836913239
2017-03-22,-1,30209.95096590135,-26.667008113238523,-565.8202234113085,29617.4637343768
2017-03-23,-1,-20096.216985021398,-36.03994848939362,-602.1963437918748,-20734.453277302666
2017-03-24,-1,10080.038234434684,-18.983339090718914,-574.9429774504902,9486.111917893475
2017-03-27,-1,30182.527554683416,-66.32295764831224,-1642.2871650458699,28473.917431989234
2017-03-28,-1,-10347.149397140602,-42.288575406830205,-574.602912740891,-10964.040885288323
2017-03-29,-1,-9804.686611210065,-71.58820939182573,-583.8598671916034,-10460.134687793496
2017-03-30,-1,-10245.549773689083,-25.23196600815561,-437.6214919725437,-10708.403231669783
2017-03-31,-1,10140.111656298015,-43.723617511913346,-529.1943779899375,9567.193660796163
2017-04-03,-1,20391.916126479424,-399.9353724616044,-1477.4554609703112,18514.525293047507
2017-04-04,-1,-95.42198013081725,-9.864627963116448,-428.20609979148765,-533.4927078854214
2017-04-05,-1,10196.848884879779,-20.67261044435446,-418.99045769806037,9757.185816737363
2017-04-06,-1,0.0,-12.988941421834852,-391.44265792495986,-404.4315993467947
2017-04-07,-1,9989.7240799711,-17.4009275810223,-347.03196347031957,9625.291188919758
2017-04-10,-1,9980.03516620564,-223.81275416309677,-1232.7930028287783,8523.429409213764
2017-04-11,-1,-43.94862970766553,-77.69293929115554,-429.110603987677,-550.7521729864981
2017-04-12,-1,40040.01494626004,-23.57830338793559,-328.5752708056026,39687.8613720665
2017-04-13,0,10120.21587606103,-35.93305500176206,-373.9077393504183,9710.37508170885
2017-04-14,0,-3102.555295229201,0.0,0.0,-3102.555295229201
2017-04-17,0,0.0,0.0,0.0,0.0
2017-04-18,0,0.0,0.0,0.0,0.0
2017-04-19,0,0.0,0.0,0.0,0.0
2017-04-20,0,0.0,0.0,0.0,0.0
2017-04-21,0,0.0,0.0,0.0,0.0
2017-04-24,0,0.0,0.0,0.0,0.0
2017-04-25,0,0.0,0.0,0.0,0.0
2017-04-26,0,0.0,0.0,0.0,0.0
2017-04-27,0,0.0,0.0,0.0,0.0
2017-04-28,0,0.0,0.0,0.0,0.0
2017-05-01,0,0.0,0.0,0.0,0.0
2017-05-02,0,0.0,0.0,0.0,0.0
2017-05-03,0,0.0,0.0,0.0,0.0
2017-05-04,0,0.0,0.0,0.0,0.0
2017-05-05,0,0.0,0.0,0.0,0.0
2017-05-08,0,0.0,0.0,0.0,0.0
2017-05-09,0,0.0,0.0,0.0,0.0
2017-05-10,0,0.0,0.0,0.0,0.0
2017-05-11,0,0.0,0.0,0.0,0.0
2017-05-12,0,0.0,0.0,0.0,0.0
2017-05-15,0,0.0,0.0,0.0,0.0
2017-05-16,0,0.0,0.0,0.0,0.0
2017-05-17,0,0.0,0.0,0.0,0.0
2017-05-18,0,0.0,0.0,0.0,0.0
2017-05-19,0,0.0,0.0,0.0,0.0
2017-05-22,0,0.0,0.0,0.0,0.0
2017-05-23,0,0.0,0.0,0.0,0.0
2017-05-24,0,0.0,0.0,0.0,0.0
2017-05-25,0,0.0,0.0,0.0,0.0
2017-05-26,0,0.0,0.0,0.0,0.0
2017-05-29,0,0.0,0.0,0.0,0.0
2017-05-30,0,0.0,0.0,0.0,0.0
2017-05-31,0,0.0,0.0,0.0,0.0
2017-06-01,0,0.0,0.0,0.0,0.0
2017-06-02,0,0.0,0.0,0.0,0.0
2017-06-05,0,0.0,0.0,0.0,0.0
2017-06-06,0,0.0,0.0,0.0,0.0
2017-06-07,0,0.0,0.0,0.0,0.0
2017-06-08,0,0.0,0.0,0.0,0.0
2017-06-09,0,0.0,0.0,0.0,0.0
2017-06-12,0,0.0,0.0,0.0,0.0
2017-06-13,0,0.0,0.0,0.0,0.0
2017-06-14,0,0.0,0.0,0.0,0.0
2017-06-15,0,0.0,0.0,0.0,0.0
2017-06-16,0,0.0,0.0,0.0,0.0
2017-06-19,0,0.0,0.0,0.0,0.0
2017-06-20,0,0.0,0.0,0.0,0.0
2017-06-21,0,0.0,0.0,0.0,0.0
2017-06-22,0,0.0,0.0,0.0,0.0
2017-06-23,0,0.0,0.0,0.0,0.0
2017-06-26,0,0.0,0.0,0.0,0.0
2017-06-27,0,0.0,0.0,0.0,0.0
2017-06-28,0,0.0,0.0,0.0,0.0
2017-06-29,0,0.0,0.0,0.0,0.0
2017-06-30,0,0.0,0.0,0.0,0.0
2017-07-03,0,0.0,0.0,0.0,0.0
2017-07-04,0,0.0,0.0,0.0,0.0
2017-07-05,0,0.0,0.0,0.0,0.0
2017-07-06,0,0.0,0.0,0.0,0.0
2017-07-07,0,0.0,0.0,0.0,0.0
2017-07-10,0,0.0,0.0,0.0,0.0
2017-07-11,0,0.0,0.0,0.0,0.0
2017-07-12,0,0.0,0.0,0.0,0.0
2017-07-13,0,0.0,0.0,0.0,0.0
2017-07-14,0,0.0,0.0,0.0,0.0
2017-07-17,0,0.0,0.0,0.0,0.0
2017-07-18,0,0.0,0.0,0.0,0.0
2017-07-19,0,0.0,0.0,0.0,0.0
2017-07-20,0,0.0,0.0,0.0,0.0
2017-07-21,0,0.0,0.0,0.0,0.0
2017-07-24,0,0.0,0.0,0.0,0.0
2017-07-25,0,0.0,0.0,0.0,0.0
2017-07-26,0,0.0,0.0,0.0,0.0
2017-07-27,0,0.0,0.0,0.0,0.0
2017-07-28,0,0.0,0.0,0.0,0.0
2017-07-31,0,0.0,0.0,0.0,0.0
2017-08-01,0,0.0,0.0,0.0,0.0
2017-08-02,0,0.0,0.0,0.0,0.0
2017-08-03,0,0.0,0.0,0.0,0.0
2017-08-04,0,0.0,0.0,0.0,0.0
2017-08-07,0,0.0,0.0,0.0,0.0
2017-08-08,0,0.0,0.0,0.0,0.0
2017-08-09,0,0.0,0.0,0.0,0.0
2017-08-10,0,0.0,0.0,0.0,0.0
2017-08-11,0,0.0,0.0,0.0,0.0
2017-08-14,0,0.0,0.0,0.0,0.0
2017-08-15,0,0.0,0.0,0.0,0.0
2017-08-16,0,0.0,0.0,0.0,0.0
2017-08-17,0,0.0,0.0,0.0,0.0
2017-08-18,0,0.0,0.0,0.0,0.0
2017-08-21,0,0.0,0.0,0.0,0.0
2017-08-22,0,0.0,0.0,0.0,0.0
2017-08-23,0,0.0,0.0,0.0,0.0
2017-08-24,0,0.0,0.0,0.0,0.0
2017-08-25,0,0.0,0.0,0.0,0.0
2017-08-28,0,0.0,0.0,0.0,0.0
2017-08-29,1,0.0,0.0,0.0,0.0
2017-08-30,1,16900.51299050805,-59.70637261584065,118.72146118721491,16959.528079079424
2017-08-31,1,-29969.898215043206,-65.81910437875868,109.75398238332414,-29925.96333703864
2017-09-01,1,20020.089336367248,41.18682156608344,118.64348887711361,20179.919646810446
2017-09-04,1,0.0,-123.0636632915888,438.8331692621822,315.7695059705934
2017-09-05,1,-39876.964061682535,-41.021221097196246,146.27772308739407,-39771.70755969234
2017-09-06,1,30090.56347502181,-83.14955107161873,36.13223808336818,30043.54616203356
2017-09-07,1,-20064.246825440576,-92.3186487159958,8.959388029117576,-20147.606086127453
2017-09-08,1,10040.279194247616,-118.81819305323287,8.629221030117236,9930.0902222245
2017-09-11,1,30244.70274314346,-365.62367680407567,-56.13009936920594,29822.94896697018
2017-09-12,1,19983.70599052216,-76.68986307881039,54.90414936847819,19961.92027681183
2017-09-13,1,9939.839329123883,-71.93183614167665,0.3296475116514159,9868.237140493857
2017-09-14,1,-19995.05047240441,-53.246684623032195,46.21614086199381,-20002.081016165448
2017-09-15,1,-19990.10290764212,-25.3924354600108,73.54562358739895,-19941.949719514727
2017-09-18,1,19902.252625280715,7.385441109031035,302.3575985369693,20211.995664926715
2017-09-19,1,9949.97311412979,7.219840640144014,119.26094578852639,10076.453900558461
2017-09-20,1,-10176.753077173154,4.163474758684913,91.964767706748,-10080.624834707722
2017-09-21,1,-9925.09301628788,61.57363414040253,210.61186369045555,-9652.907518457021
2017-09-22,1,-19915.228080338195,64.63000002186146,237.89587776525656,-19612.702202551078
2017-09-25,1,-19772.27457826496,244.8404714544937,877.4470253826257,-18649.987081427844
2017-09-26,1,9923.518611831998,65.98470484764573,246.6707239541373,10236.174040633781
2017-09-27,1,49644.597777222094,73.79909766623831,237.6777509674266,49956.07462585576
2017-09-28,1,19990.540643787146,77.82246683456316,228.31050228310477,20296.673612904815
2017-09-29,1,-4.94632441826252,49.91993861137939,219.27294320802108,264.2465574011379
2017-10-02,1,-10009.995851391373,540.9792200036852,849.7806286949296,-8619.23600269276
2017-10-03,1,10010.044081864655,96.47281973710034,338.0103248845005,10444.527226486256
2017-10-04,1,0.0,71.6543499541321,246.73965783108687,318.39400778521895
2017-10-05,1,-19.991702782284847,71.6543499541321,219.3423975571142,271.0050447289615
2017-10-06,1,-30027.59407126191,93.38876129688475,219.4116558792982,-29714.793654085723
2017-10-09,1,0.0,470.93089492323884,1095.9345421841176,1566.8654371073565
2017-10-10,1,10033.944826155599,156.97696497441297,365.31151406137246,10556.233305191383
2017-10-11,1,0.0,121.2912895200684,91.51246206256141,212.80375158262981
2017-10-12,1,-19960.045017946384,121.2912895200684,137.1657197633567,-19701.58800866296
2017-10-13,1,-49950.02074304455,127.4594064004994,118.74121272179943,-49703.820123922254
2017-10-16,1,-9955.128892463006,428.63909580473114,546.7992069106654,-8979.69058974761
2017-10-17,1,0.0,178.5653740559216,191.42795465445005,369.99332871037166
2017-10-18,1,-9936.745183719926,178.5653740559216,218.80152081012568,-9539.378288853879
2017-10-19,1,0.170036152281682,235.98546085301882,328.2822719463335,564.437768951634
2017-10-20,1,39967.19466647461,225.11825518164238,328.27133197527064,40520.584253631525
2017-10-23,1,10007.794853943375,703.5492982905987,985.6981845281924,11697.042336762164
2017-10-24,1,19887.4763516551,209.6979629805649,292.15223661822097,20389.326551253886
2017-10-25,1,9906.44837363601,225.2642574428865,319.6878451230922,10451.400476201989
2017-10-26,1,-94.8698342445714,233.0474046740474,347.1252412929889,485.3028117224649
2017-10-27,1,-9.270219579946797,253.0650507863325,401.8264840182646,645.6213152246503
2017-10-30,1,-40094.913162220284,628.735632464638,958.719115561385,-38507.45841419426
2017-10-31,1,-9967.340230397725,211.13590073235304,301.02401474379485,-9455.180314921578
2017-11-01,1,-20043.70435883336,333.83103977768366,328.39179003836466,-19381.481529017314
2017-11-02,1,-20090.0290255367,253.07251813244585,273.4574812533642,-19563.49902615089
2017-11-03,1,-30059.99733397947,259.28700975011435,282.5026146131289,-29518.20770961623
2017-11-06,1,-120.16691849565541,871.0560014770308,737.256844140504,1488.1459271218794
2017-11-07,1,-20004.940429509057,268.60874717661727,163.4970845306531,-19572.834597801786
2017-11-08,1,-20000.00000000002,296.5664921100122,245.6144205243485,-19457.81908736566
2017-11-09,1,30065.20882803468,324.5242370434073,209.13168269517877,30598.864747773263
2017-11-10,1,30455.795134617372,293.45924630117776,154.4781034898851,30903.732484408436
2017-11-13,1,-29985.187511142638,982.8720465183849,710.7335010228151,-28291.58196360144
2017-11-14,1,-77.23145732687044,369.5606329062211,291.5265550699494,583.8557306493001
2017-11-15,1,-50199.99334912885,347.8173795904944,245.9172025900819,-49606.25876694827
2017-11-16,1,285.13940119761537,363.3536086346656,245.64197058094382,894.1349804132248
2017-11-17,1,-30078.925153447737,406.84011526611897,245.68655236101336,-29426.398485820606
2017-11-20,1,-19840.540529952257,1281.1004380514553,736.5977998645486,-17822.84229203625
2017-11-21,1,-10045.014512768574,476.73447759960703,309.3405968941078,-9258.93943827486
2017-11-22,1,-10251.928143956036,479.84172340844134,327.6463999357755,-9444.44002061182
2017-11-23,1,0.0,450.3340892436855,263.7162987328893,714.0503879765748
2017-11-24,1,10153.863318067166,450.3340892436855,263.7162987328893,10867.913706043742
2017-11-27,1,-10007.168304562374,1384.532432995948,849.31506849315,-7773.320803073277
2017-11-28,1,10018.773591324487,453.68859386307906,228.2505741029987,10700.712759290564
2017-11-29,1,2.219167072325945e-10,461.51081099864933,292.23744292237444,753.7482539212457
2017-11-30,1,49925.10526110219,494.24352611573016,374.39368058108585,50793.742467799006
2017-12-01,1,-49800.635127032845,576.9982319496896,338.1378940846021,-48885.49900099855
2017-12-04,1,-19992.59963758802,1482.7305783471902,1068.3758954304856,-17441.493163810344
2017-12-05,1,-39966.52380481669,522.2427120006973,310.3752238525843,-39133.905868963404
2017-12-06,1,19980.657181499235,567.3301787316049,447.0481886427373,20995.035548873577
2017-12-07,1,20027.40071899876,506.59827772955674,200.7753368499057,20734.774333578225
2017-12-08,1,9985.02105222026,522.2427120006973,282.99485604199447,10790.258620262952
2017-12-11,1,-10007.633335524572,1557.4620722917225,986.0334925838005,-7464.137770649048
2017-12-12,1,-16.31683447958858,544.0645220787513,273.87026598144956,801.6179535806123
2017-12-13,1,80.25482359992748,544.0645220787513,282.9724010819797,907.2917467606585
2017-12-14,1,-39975.21122328413,500.42090192264357,209.9882221744108,-39264.80209918708
2017-12-15,1,-19982.739315958213,283.64664771690394,255.4605296422252,-19443.63213859908
2017-12-18,1,39980.013864505636,934.9375008056132,875.6227706373226,41790.57413594858
2017-12-19,1,39858.65164561273,288.38017694901754,301.14938653232446,40448.181209094066
2017-12-20,1,29820.82616066449,308.7581404522721,356.0070489077487,30485.591350024508
2017-12-21,1,-29895.84849979779,299.4920767419021,328.7723717913608,-29267.584051264526
2017-12-22,1,-19965.50250804874,330.5799505303257,355.98056979354504,-19278.94198772487
2017-12-25,1,0.0,1075.737409245878,1258.8842485639434,2334.6216578098215
2017-12-26,1,-20008.997859856026,357.638147222863,420.09132420091305,-19231.26838843225
2017-12-27,1,-20028.623004573645,374.7757314104812,383.4632800538815,-19270.38399310928
2017-12-28,1,-9974.965166867161,348.24573900093895,310.37791155358616,-9316.341516312637
2017-12-29,1,-10074.885813322875,373.1898723186832,346.87238943888576,-9354.823551565307
2018-01-01,1,0.0,1358.155429148633,876.2089471872739,2234.364376335907
2018-01-02,1,30232.495077007487,452.71847638287767,292.0696490624247,30977.28320245279
2018-01-03,1,-40017.483939933605,377.8860764296453,173.412729045687,-39466.18513445827
2018-01-04,1,47.31646842792907,412.16124480488156,291.97819858741946,751.4559118202301
2018-01-05,1,10009.974139545244,433.9950331034619,310.1931995507281,10754.162372199433
2018-01-08,1,20009.97059833551,1292.654064252893,1122.382189172618,22425.00685176102
2018-01-09,1,39982.42626178312,424.6639980459696,392.44363012654526,40799.53388995564
2018-01-10,1,0.0,434.0564062678937,465.5671042409173,899.623510508811
2018-01-11,1,-9965.201809755485,434.0564062678937,474.6677451630688,-9056.477658324522
2018-01-12,1,-21.217520130019693,437.1667512870577,502.0051470076196,917.9543781646576
2018-01-15,1,0.0,1344.2509363090437,1533.2137072421763,2877.46464355122
2018-01-16,1,-49925.79963906858,448.0836454363479,511.0712357473921,-48966.644757884846
2018-01-17,1,9940.02716925036,507.30294712932806,601.9320430022547,11049.262159381942
2018-01-18,1,49776.4558560013,526.0263904087442,656.5520093468684,50959.03425575691
2018-01-19,1,9878.380190483398,510.4746653129239,647.6184159234118,11036.473271719735
2018-01-22,1,-121.65719648354207,1554.8436433291513,2024.8218676273766,3458.008314472986
2018-01-23,1,-9774.427959995952,540.1150027416306,729.5017633669244,-8504.811193887397
2018-01-24,1,-8.986057433398068,520.2322026261654,694.0639269406394,1205.3100721334067
2018-01-25,1,-19980.143160625477,542.0712654173659,721.3381644316927,-18716.733730776417
2018-01-26,1,-19987.693258344698,548.3385568802518,693.8751111782632,-18745.479590286184
2018-01-29,1,59923.229634300675,1827.6105159634149,2545.8544868400595,64296.69463710415
2018-01-30,1,9908.239028513446,568.5625681412803,785.0874174415992,11261.889014096325
2018-01-31,1,-19941.887761909882,587.2679852010376,611.6440447181628,-18742.975731990682
2018-02-01,1,39752.2750411769,691.8110592243258,602.3369455643655,41046.42304596559
2018-02-02,1,69542.97353651783,613.759287924953,684.4280091477615,70841.16083359055
2018-02-05,1,647.3756951627147,1742.7127092277553,1999.813324293022,4389.9017286834915
2018-02-06,1,-133.48645382441828,504.46751664005035,548.3589115455266,919.3399743611586
2018-02-07,1,-370.56684176743875,526.3065794312506,548.2846728918662,704.0244105556781
2018-02-08,1,29874.312501517343,580.9042364092518,575.4657806363856,31030.682518562982
2018-02-09,1,60148.00302146677,549.6642364237221,520.9202735365332,61218.58753142702
2018-02-12,1,-10300.887583049007,1330.518332610788,1016.8336687525674,-7953.535581685653
2018-02-13,1,-39656.31036791996,490.3178821841067,356.93405875252665,-38809.05842698333
2018-02-14,1,9245.216266228119,513.7719965054789,329.37571932487936,10088.363982058476
2018-02-15,1,-29835.221924467758,587.0750705432374,456.79739108338157,-28791.34946284114
2018-02-16,1,-49569.47145478147,618.3150705287667,483.991874128998,-48467.16451012371
2018-02-19,1,0.0,1967.4670859315456,1560.4049712230337,3527.872057154579
2018-02-20,1,-30044.47267538724,655.8223619771818,520.134990407678,-28868.51532300238
2018-02-21,1,49284.73856321188,708.9014247539119,592.8593284766124,50586.4993164424
2018-02-22,1,-10015.162889501835,699.6926829194892,557.0776255707763,-8758.392581011569
2018-02-23,1,-40039.50938641859,691.9691255728535,557.082919367444,-38790.45734147829
2018-02-26,1,9944.339778153251,2114.092776070105,1643.3363017775305,13701.768856000886
2018-02-27,1,-9866.21865156629,668.7984535329456,438.28676158328847,-8759.133436450056
2018-02-28,1,-10061.763877056328,726.5089399418982,456.430656002279,-8878.82428111215
2018-03-01,1,-30204.103253212594,784.2194263508507,429.0629722700805,-28990.820854591664
2018-03-02,1,20307.509178474567,684.7090365960892,401.6435281524255,21393.861743223082
2018-03-05,1,30080.415620012875,2133.1854757458777,1369.2956507571264,33582.89674651588
2018-03-06,1,-10002.458662164325,690.6098014514753,429.1552970565442,-8882.693563656305
2018-03-07,1,10029.673925710202,704.6975920233685,456.495294504041,11190.866812237611
2018-03-08,1,-30074.158613636897,701.5154754107398,474.7725993501713,-28897.870538875988
2018-03-09,1,20155.91440059495,711.0618252486261,483.8325115579227,21350.808737401498
2018-03-12,1,-30059.305942112176,2179.5268198256945,1752.7489456521755,-26127.030176634307
2018-03-13,1,-20105.124408864976,736.0552897797844,529.3532727273625,-18839.715846357827
2018-03-14,1,-30148.57952691952,731.5138490457769,565.8934378421804,-28851.172240031563
2018-03-15,1,-19935.547187680306,741.0601988836629,520.1947791105744,-18674.292209686068
2018-03-16,1,10185.79393384037,769.2357800274506,547.3971408682476,11502.42685473607
2018-03-19,1,0.0,2363.5950340000545,1696.614429217455,4060.2094632175094
2018-03-20,1,10196.659654226296,787.8650113333517,565.538143072485,11550.062808632132
2018-03-21,1,29970.525125271008,806.494242639252,647.5439420017335,31424.56330991199
2018-03-22,1,-40160.60205678652,764.2308709235717,620.4258284274913,-38775.945357435456
2018-03-23,1,-4.095839808901307,495.7122288096491,593.6073059360733,1085.2236949368212
2018-03-26,1,-19991.299284152974,1454.3523356775813,1753.5586182565414,-16783.38833021885
2018-03-27,1,34.81186849469668,545.7544336312766,675.4988366111182,1256.0651387370915
2018-03-28,1,-30032.152412983713,469.25761521142346,365.2774273272142,-29197.617370445074
2018-03-29,1,-20088.00106045631,500.6084547753772,392.6121207875969,-19194.780484893334
2018-03-30,1,0.0,496.0100750113957,438.2326610181533,934.242736029549
2018-04-02,1,9960.253836822634,1520.8145757855523,1314.6979830544597,12795.766395662646
2018-04-03,1,30283.10311899968,470.98897260058203,410.9159108509344,31165.008002451195
2018-04-04,1,0.0,483.3506007051155,465.70882205890734,949.0594227640229
2018-04-05,1,20076.801589252296,483.3506007051155,520.510076502173,21080.662266459585
2018-04-06,1,-30003.686080826985,498.87709738621885,566.1326211333194,-28938.676362307448
2018-04-09,1,-9975.172896165686,1426.7620570936913,1534.1004325098318,-7014.310406562164
2018-04-10,1,-9950.445313230175,500.6084547753776,520.4121789403575,-8929.424679514439
2018-04-11,1,-10014.855894801343,536.5576741033127,575.0288357901372,-8903.269384907893
2018-04-12,1,20086.630169478743,539.7225426798827,565.8511474905772,21192.203859649206
2018-04-13,1,-39981.57686070772,555.2490393609862,584.0879157956768,-38842.23990555106
2018-04-16,1,-9975.405994673652,1802.078593255896,1915.7220545652362,-6257.605346852521
2018-04-17,1,-29975.44791294189,625.7139668294458,693.1558360494394,-28656.578110063005
2018-04-18,1,40039.47067585439,657.0648063933997,638.2380195445393,41334.773501792326
2018-04-19,1,29933.1136296681,655.333449004241,647.3812558174075,31235.828334489746
2018-04-20,1,19859.29311386928,667.6950771087745,583.5177636219406,21110.505954599997
2018-04-23,1,-10009.096161236745,2015.8881298849044,1835.616438356163,-6157.591592995677
2018-04-24,1,29976.600828567287,707.9595062835501,620.7985626738242,31305.35889752466
2018-04-25,1,19943.34034158104,687.4665518685088,584.4102225659235,21215.21711601547
2018-04-26,1,-29896.66031172423,692.033214456545,575.2992791685537,-28629.327818099133
2018-04-27,1,-39921.181728293246,701.588989552748,611.7201023158194,-38607.872636424676
2018-04-30,1,-9999.999999999787,2142.990069043057,1944.4491700804451,-5912.560760876286
2018-05-01,1,10013.550376505515,728.4524606985912,648.1316965639899,11390.134533768094
2018-05-02,1,9995.092875683267,725.2672023331897,620.6999200637498,11341.059998080205
2018-05-03,1,-29985.205934554146,711.144764648951,639.0398208722427,-28635.02134903295
2018-05-04,1,-9982.765434669116,720.7005397451542,648.113657043753,-8613.951237880208
2018-05-07,1,19987.73339690412,2237.2804702446915,2080.7630914997003,24305.776958648512
2018-05-08,1,17.23108211422732,717.5152813797532,611.6075936246086,1346.3539571185893
2018-05-09,1,3.605839196632587,739.3896400174283,647.9997514196488,1390.9952306337095
2018-05-10,1,-29940.886296219713,772.201177973943,702.5426274759566,-28466.142490769813
2018-05-11,1,0.0,781.756953070146,711.616577972522,1493.373531042668
2018-05-14,1,19995.016319560513,2345.2708592104377,2052.7385863970735,24393.025765168026
2018-05-15,1,49875.47024745388,786.3236156581818,702.4519953591605,51364.24585847122
2018-05-16,1,9941.05260645317,803.2088617876904,702.32355881531,11446.58502705617
2018-05-17,1,29857.61579066328,800.0236034222894,674.9844616742644,31332.623855759834
2018-05-18,1,-29658.93798078593,779.5306490072485,647.7470582506605,-28231.66027352802
2018-05-21,1,-29966.893209132617,2301.6361963973263,1779.2744478955951,-25885.982564839698
2018-05-22,1,-10006.668488805612,809.27017118677,593.6073059360731,-8603.791011682768
2018-05-23,1,9992.643693035068,823.4134132775536,648.3178503771152,11464.374956689739
2018-05-24,1,-55.56814611824666,754.5589288505787,603.0079448331567,1301.9987275654887
2018-05-25,1,-30177.827390470033,721.7321834488646,557.4890111136198,-28898.60619590755
2018-05-28,1,0.0,2128.352002155075,1590.2789235260577,3718.630925681133
2018-05-29,1,-832.2337098548014,709.450667385025,530.092974508686,407.30993203890955
2018-05-30,1,-29310.035008327526,534.3746919092139,356.6876159625751,-28418.972700455735
2018-05-31,1,9930.156868886364,653.4001574522329,475.4103373619213,11058.96736370052
2018-06-01,1,-9469.90829308227,628.3146668942104,420.59991157165274,-8420.993714616407
2018-06-04,1,353.4292987302106,2124.334199365272,1453.240792594063,3931.0042906895455
2018-06-05,1,9903.439762155493,762.8226421246148,557.2504474589139,11223.51285173902
2018-06-06,1,20313.15464530234,726.794903099355,420.28951698070733,21460.239065382404
2018-06-07,1,-20163.055408537806,753.2196612539778,511.6565337580075,-18898.179213525822
2018-06-08,1,0.0,737.7371515665928,475.103317654875,1212.8404692214679
2018-06-11,1,10173.231001187825,2213.211454699778,1507.582422300228,13894.02487818783
2018-06-12,1,-20014.72275426055,756.4206548775237,502.460896204082,-18755.84120317895
2018-06-13,1,-29925.73257921763,784.7071390590911,584.5584980807802,-28556.46694207776
2018-06-14,1,-40157.9692763733,849.0213622659187,629.9481711042403,-38678.999743003136
2018-06-15,1,29935.77361073956,642.9803674153375,620.707247103153,31199.461225258052
2018-06-18,1,-20067.968003788406,1768.8251780272435,1534.1469109461423,-16764.99591481502
2018-06-19,1,-10202.868724637614,606.9526283900777,547.8965787074104,-9048.019517540126
2018-06-20,1,19993.857085453536,579.5088180427315,502.28310502283125,21075.649008519096
2018-06-21,1,-29940.798521164554,584.1223140954567,511.35322372238716,-28845.32298334671
2018-06-22,1,0.0,593.6451239873594,566.0802592394925,1159.725383226852
2018-06-25,1,-9990.089130695564,1780.935371962078,1780.4124002761328,-6428.741358457353
2018-06-26,1,20009.887833650915,574.8953219900062,511.3794051738784,21096.1625608148
2018-06-27,1,-40023.484198490085,557.5847460814109,511.46468558024225,-38954.43476682843
2018-06-28,1,10029.705459073557,570.2818259372812,484.0374710320364,11084.024756042874
2018-06-29,1,10024.745800619012,567.1075559733137,493.2106075018437,11085.06396409417
2018-07-02,1,-29972.688482324087,1691.7998580280382,1452.2210795460028,-26828.66754475005
2018-07-03,1,-54.26541935554269,628.2662758045497,593.3393887702512,1167.3402452192581
2018-07-04,1,0.0,584.4181318819088,511.3742260804759,1095.7923579623848
2018-07-05,1,-9972.7478540737,584.4181318819088,511.3742260804759,-8876.955496111315
2018-07-06,1,-51.94443145700279,609.5164738071969,593.439629365255,1151.0116717154492
2018-07-09,1,133.76786900754814,1762.777205537629,1451.866424464093,3348.4114990092703
2018-07-10,1,-9977.80596678077,631.4405457685173,593.3213096572205,-8753.044111355033
2018-07-11,1,-10025.905329462696,656.5388876938052,593.1849333116985,-8776.181508457192
2018-07-12,1,-19990.19157543721,648.7511216771129,574.9926511898309,-18766.447802570267
2018-07-13,1,-10046.93416193023,677.0237335663685,556.6183231442773,-8813.292105219585
2018-07-16,1,20059.41091814756,2007.7079026490264,1724.6748655347208,23791.79368633131
2018-07-17,1,-19961.821367997458,662.8874276217404,520.1578550993567,-18778.77608527636
2018-07-18,1,40010.06485140944,702.1220754916569,602.0812548245901,41314.26818172569
2018-07-19,1,-40002.185022606696,668.3709459105314,429.22374429223726,-38904.59033240393
2018-07-20,1,50098.9692357417,681.0617537521373,520.4937154872656,51300.52470498111
2018-07-23,1,29965.421892002974,1995.5947318503893,1452.1089285448084,33413.125552398174
2018-07-24,1,34.518335799228225,699.5761728980139,566.0585821752287,1300.1530908724708
2018-07-25,1,-39954.464363733656,688.6021641907412,538.7272842285254,-38727.13491531439
2018-07-26,1,9903.710267871247,734.214998154164,620.6292506148621,11258.554516640274
2018-07-27,1,76.43317629822559,763.9643223155783,739.0152456705108,1579.4127442843146
2018-07-30,1,29912.583246721784,2226.0489147031017,1861.7539942612425,34000.38615568613
2018-07-31,1,-29894.16693476974,721.5241903125582,593.3239293372113,-28579.318815119972
2018-08-01,1,39842.318536719715,742.016304901034,593.2109004294683,41177.54574205022
2018-08-02,1,-9890.48150639974,729.3254970594281,565.9088325135863,-8595.247176826724
2018-08-03,1,125.66740378974646,721.5241903125582,529.4822401366177,1376.6738342389224
2018-08-06,1,-19961.818132129156,2065.8064925722233,1534.0202928296653,-16361.991346727265
2018-08-07,1,-98.73640808100026,705.9215768188169,502.14959713144356,1109.33476586926
2018-08-08,1,-19901.518533449016,749.8176116479051,574.9947309039176,-18576.706190897195
2018-08-09,1,10079.06028239593,756.1630155687079,620.5041705864103,11455.727468551047
2018-08-10,1,-29866.72324197012,709.0942787792183,511.2370168317672,-28646.391946359134
2018-08-13,1,10004.943219614279,2057.071075615818,1424.3983817937306,13486.412677023825
2018-08-14,1,-9997.548261501002,682.5176565782047,465.68961228564785,-8849.34099263715
2018-08-15,1,-9992.534579254247,707.63837595315,474.71700114091,-8810.179202160187
2018-08-16,1,-9987.658329444253,688.8630604990076,392.5951676856116,-8906.200101259636
2018-08-17,1,19998.764282219538,703.5281376392381,447.4885844748848,21149.78100433366
2018-08-20,1,-39997.54808351082,2025.6729279419415,1260.616569153349,-36711.25858641553
2018-08-21,1,20070.590697994412,676.9280671464785,420.14959681374756,21167.66836195464
2018-08-22,1,-20027.224175894567,681.5665781120312,392.75637610733315,-18952.901221675205
2018-08-23,1,-10003.678236642561,676.9280671464785,420.14959681374756,-8906.600572682335
2018-08-24,1,-20004.903832979347,691.0799813091072,456.65148698105816,-18857.17236468918
2018-08-27,1,-9925.731065363063,2158.151428903094,1451.7834924762121,-6315.796143983757
2018-08-28,1,30029.676092383575,766.478063087804,511.1108452139665,31307.265000685347
2018-08-29,1,9995.059222720454,756.9646598907282,511.16502898775417,11263.188911598936
2018-08-30,1,14.931380772712146,753.7935254917027,483.7992317044579,1252.5241379688728
2018-08-31,1,19997.54880707769,720.8511862008927,429.1486004629708,21147.54859374155
2018-09-03,1,0.0,2110.5844129177153,1178.1756681214029,3288.760081039118
2018-09-04,1,14.873723008866364,703.5281376392385,392.7252227071344,1111.1270833552392
2018-09-05,1,0.0,736.470476930049,419.9877442727188,1156.4582212027678
2018-09-06,1,22.271608210772683,736.470476930049,419.9877442727188,1178.7298294135405
2018-09-07,1,-10021.065488450295,714.5089174028421,337.8750948265119,-8968.681476220941
2018-09-10,1,-19980.40395157297,2383.636530441273,1341.4889538351572,-16255.278467296543
2018-09-11,1,9898.686201076318,822.849338472349,474.40601779453175,11195.9415573432
2018-09-12,1,10022.329250710347,852.6205433641339,538.0950218244081,11413.04481589889
2018-09-13,1,-19973.06337894654,827.4878494379021,456.13672680535313,-18689.438802703284
2018-09-14,1,-66.67437905149927,855.7916777631591,538.0771002655684,1327.1943989772283
2018-09-17,1,-8.188539675192535,2633.927532263273,1726.027397260271,4351.7663898483515
2018-09-18,1,29999.99999999936,877.9758440877579,547.9452054794517,31425.921049566572
2018-09-19,1,29911.448232812203,901.3698271380706,593.4837464847019,31406.301806434974
2018-09-20,1,-9955.770855897894,891.7999042159714,593.5374885426854,-8470.433463139238
2018-09-21,1,0.0,894.9898785233379,593.5195871423955,1488.5094656657334
2018-09-24,1,-10031.984675709884,2684.969635570013,1780.558761427186,-5566.456278712685
2018-09-25,1,19911.541711795348,909.1678214881742,593.3833076248027,21414.092840908324
2018-09-26,1,-39783.92075272068,902.7878728734415,620.7995691575711,-38260.33331068967
2018-09-27,1,0.0,915.547770102907,648.1084852817844,1563.6562553846913
2018-09-28,1,10022.18714561936,640.8485536661476,648.1084852817844,11311.144184567293
2018-10-01,1,29885.602957114286,1847.0479261315213,1698.289639289982,33430.94052253579
2018-10-02,1,-39803.49519270918,617.1006877792113,557.006875357589,-38629.38762957238
2018-10-03,1,69719.51391964058,629.8605850086769,538.6389525180808,70888.01345716734
2018-10-04,1,19703.384186544943,640.4946708295238,584.2933559293458,20928.172213303813
2018-10-05,1,29619.378932114087,656.0906595297317,611.5953039739625,30887.06489561778
2018-10-08,1,0.0,1972.5261157953082,1834.8108278240043,3807.3369436193125
2018-10-09,1,-19765.351385618094,657.5087052651029,611.6036092746681,-18496.239071078322
2018-10-10,1,9892.377205248915,663.8886538798356,575.1614264345416,11131.427285563292
2018-10-11,1,-49136.89250793823,660.6986795724691,511.4308137768994,-47964.76301458887
2018-10-12,1,9926.44016779774,643.6846451368901,474.7759065860348,11044.900719520667
2018-10-15,1,9921.563753221533,1921.484012488571,1397.2121535106032,13240.259919220707
2018-10-16,1,-20007.10872531288,635.492691540353,438.35616438356203,-18933.259869388963
2018-10-17,1,10004.893914832312,663.8728839322255,520.4071613541328,11189.17396011867
2018-10-18,1,19.65616902219699,671.6294341365829,575.114805876016,1266.4004090347958
2018-10-19,1,-20002.49660859032,649.6827877362894,493.04351173184364,-18859.77030912219
2018-10-22,1,0.0,2132.9488491858037,1888.9745641929137,4021.9234133787177
2018-10-23,1,33.18301512706603,710.9829497286014,593.1698790145693,1337.3358438702367
2018-10-24,1,-19990.091511116283,667.0896569280151,538.5492587425834,-18784.452595445684
2018-10-25,1,20115.694228732067,618.6565869188601,474.73712013340975,21209.087935784337
2018-10-26,1,-10065.105809592293,634.1696873275744,483.88836981582403,-8947.047752448894
2018-10-29,1,0.0,1747.5595329678922,1260.1346851433934,3007.6942181112854
2018-10-30,1,10142.943178272832,582.5198443226309,392.63421888147974,11118.097241476942
2018-10-31,1,55.35784316906211,612.2230409272811,410.8575335536065,1078.4384176499498
2018-11-01,1,19987.74520613603,645.1430105277215,419.93475153113883,21052.82296819489
2018-11-02,1,10070.08354467104,605.7894949357021,392.6792377960623,11068.552277402805
2018-11-05,1,-19941.17790705784,2071.07792262326,1478.9107016990667,-16391.189282735515
2018-11-06,1,-24.56632511720818,685.8195303325186,474.62711404550856,1135.880319260819
2018-11-07,1,-29970.653808369905,707.766176732812,501.93517657309644,-28760.952455063994
2018-11-08,1,-31.929339102869562,750.3364653206204,538.1903346562552,1256.5974608740062
2018-11-09,1,-9867.616287801284,772.2831117209134,592.813123703004,-8502.520052377366
2018-11-12,1,0.0,2227.7397453487893,1559.9865493654436,3787.7262947142326
2018-11-13,1,18.58648310531862,742.5799151162632,519.9955164551479,1281.1619146767298
2018-11-14,1,9998.15566452817,677.5162713315809,401.8264840182644,11077.498419878015
2018-11-15,1,-10009.835481665232,641.3523702927164,337.97855519430027,-9030.504556178215
2018-11-16,1,19974.08050086655,644.5659838877643,356.20400866002154,20974.850493414335
2018-11-19,1,-39.50699267843811,1749.664832873925,822.2357669397766,2532.3936071352637
2018-11-20,1,0.0,561.2547526620976,274.0847045634715,835.3394572255692
2018-11-21,1,-20024.49118047451,561.2547526620976,246.6538947272056,-19216.582533085206
2018-11-22,1,0.0,589.6488381480706,310.58992658172457,900.2387647297951
2018-11-23,1,-10039.425169139247,589.6488381480706,310.58992658172457,-9139.186404409453
2018-11-26,1,-9940.645732502951,1778.5873552293551,931.6614228221506,-7230.396954451446
2018-11-27,1,-28.365079259094273,629.026352781982,301.32115732106104,901.9824308439488
2018-11-28,1,20014.68893271742,618.0429236340437,283.0785687989743,20915.810425150437
2018-11-29,1,-30118.2755074173,589.6488381480706,246.5733124729089,-29282.05335679632
2018-11-30,1,-10098.739414632895,599.289678933214,246.4513249810289,-9252.998410718652
2018-12-03,1,-60225.59675579351,1774.5595901409679,574.6657197402737,-57876.371445912264
2018-12-04,1,-40531.47891250176,654.7352615423649,227.95413871314167,-39648.78951224626
2018-12-05,1,0.0,623.6559993308001,182.19168428520834,805.8476836160085
2018-12-06,1,9599.302994875143,623.6559993308001,182.19168428520834,10405.15067849115
2018-12-07,1,9783.540034951337,565.5252399960588,72.43796135475057,10421.503236302146
2018-12-10,1,0.0,1621.034304315402,107.11818908062745,1728.1524933960295
2018-12-11,1,-19549.06950721406,529.361338957195,8.251729230793146,-19011.45643902607
2018-12-12,1,30261.36236816684,612.6725701828617,145.50844911643094,31019.543387466132
2018-12-13,1,19989.589850269076,593.4466877915321,127.85388127853811,20710.890419339146
2018-12-14,1,4.898743179077428,565.0942735430095,91.36446455580983,661.3574812778968
2018-12-17,1,-14.951793961066869,1629.2900216680966,191.76555204121877,1806.1037797482486
2018-12-18,1,9943.943909152935,499.10147458207734,27.2879511943201,10470.333334929332
2018-12-19,1,-30193.511255275014,440.9300681505273,-45.947543512648124,-29798.528730637136
2018-12-20,1,-19929.704139879017,428.4646903892008,-46.1226844499177,-19547.362133939732
2018-12-21,1,40049.02598516634,258.83870775492613,17.985137615310364,40325.84983053658
2018-12-24,1,29839.767661989026,606.4016377736439,-110.58927460814472,30335.580025154526
2018-12-25,1,0.0,104.61125875098709,-238.50373799811314,-133.89247924712606
2018-12-26,1,10429.227636179661,104.61125875098709,-238.50373799811314,10295.335156932535
2018-12-27,1,9899.877431225541,167.42665041448055,-64.24375047325638,10003.060331166764
2018-12-28,1,-10244.332062418034,109.25524398293132,-137.69855320285217,-10272.775371637956
2018-12-31,1,9839.363296050997,205.31235591924604,-661.1245092749605,9383.551142695283
2019-01-01,1,0.0,21.264845368354656,-504.74647372214383,-483.4816283537892
2019-01-02,1,-50399.69727018084,21.264845368354656,-504.74647372214383,-50883.17889853463
2019-01-03,1,9119.073660418057,59.14948150919449,-367.3424590600408,8810.88068286721
2019-01-04,1,1411.241804951802,-65.01472388328725,-414.28418617967236,931.9428948888424
2019-01-07,1,259.14840315821857,167.9162226352662,-882.2217685180018,-455.15714272451703
2019-01-08,1,-19833.84612920584,88.96847369222125,-229.66815003392838,-19974.545805547546
2019-01-09,1,30136.07353481729,150.31728742121032,-147.06340063605933,30139.32742160244
2019-01-10,1,0.0,118.78746587524869,-174.49906539141853,-55.71159951616984
2019-01-11,1,-20011.505567494984,119.10930513513088,-182.6484018264838,-20075.04466418634
2019-01-14,1,20002.452949024806,343.26576115460915,-548.4240147897701,19797.294695389646
2019-01-15,1,10014.884284332406,86.14237268536655,-210.23551498029704,9890.791142037475
2019-01-16,1,-9997.440951406055,82.9915763188696,-210.18563887295755,-10124.635013960144
2019-01-17,1,10008.689360343456,108.12032765187595,-155.3076675240024,9961.50202047133
2019-01-18,1,-20019.817642695678,115.95850876863405,-109.54831991226848,-20013.40745383931
2019-01-21,1,0.0,564.581899203468,-81.70271034964989,482.87918885381805
2019-01-22,1,-9905.729896389894,188.19396640115602,-27.23423678321663,-9744.770166771956
2019-01-23,1,19999.999999999574,147.38885283463406,-109.58232267152574,20037.80653016268
2019-01-24,1,-19965.28317964056,141.08726010164042,-118.62428324197035,-19942.820202780887
2019-01-25,1,39.677378223823325,125.41089786812468,-146.20930908270392,18.878967009244064
2019-01-28,1,-9990.094682463538,508.10042340343057,-273.701224177088,-9755.695483237196
2019-01-29,1,9995.249293248755,172.5176041676404,-91.27895515366296,10076.487942262733
2019-01-30,1,19980.161310887885,125.41089786812468,-210.14530848412525,19895.426900271883
2019-01-31,1,-104.61774852043891,75.15339520211215,-246.8601306688799,-276.32448398720663
2019-02-01,1,288.5827162312198,-1.7694471806703262,-384.5314179538379,-97.71814890328841
2019-02-04,1,20054.650872061255,225.46018560633638,-630.8966254836449,19649.214432183948
2019-02-05,1,-20009.91583485608,79.84077995237277,-210.13579805249287,-20140.2108529562
2019-02-06,1,-11.204136351228954,86.14237268536655,-182.82817210911696,-107.88993577497936
2019-02-07,1,-10079.63431029085,75.15339520211215,-210.298875161215,-10214.779790249953
2019-02-08,1,9939.959973357309,34.34828163559031,-292.87526590409186,9681.432989088808
2019-02-11,1,-10006.610141786903,-4.410987522448892,-1013.6986301369852,-11024.719759446338
2019-02-12,1,9977.576698545108,34.624492952387016,-273.8204051762043,9738.380786321291
2019-02-13,1,-55.98283169119895,53.46496481767328,-228.00004259664814,-230.51790947017383
2019-02-14,1,-19831.286168886767,86.42614121276706,-145.7030492998647,-19890.563076973864
2019-02-15,1,-19987.732486584082,59.73225628055921,-173.3296096996,-20101.32984000312
2019-02-18,1,0.0,263.9209960205233,-492.57190046265526,-228.65090444213195
2019-02-19,1,9997.716219207176,87.97366534017446,-164.19063348755176,9921.499251059799
2019-02-20,1,0.0,62.86590201200225,-200.75535225811132,-137.88945024610905
2019-02-21,1,9978.687591375055,62.86590201200225,-200.75535225811132,9840.798141128947
2019-02-22,1,10069.916887974083,92.69343267565299,-145.79333533515745,10016.816985314577
2019-02-25,1,-10008.813902964295,103.87347885716102,-848.8312746527579,-10753.77169875989
2019-02-26,1,37.44899816350153,70.71931507892364,-228.02847070288675,-119.86015746046158
2019-02-27,1,29982.532115674177,37.7581386838299,-282.9890774075477,29737.30117695046
2019-02-28,1,19893.29506109923,50.33131908623042,-200.5743961540756,19743.051984031386
2019-03-01,1,-122.74860038701081,66.0381452200738,-145.61960629910192,-202.33006146603893
2019-03-04,1,-39742.863602726655,296.9979648455026,-244.99025508530337,-39690.85589296645
2019-03-05,1,0.0,111.53390454093925,-54.461806664664635,57.07209787627461
2019-03-06,1,96.91761291737566,111.53390454093925,-54.461806664664635,153.9897107936503
2019-03-07,1,105.78772127293632,78.57272814584567,-145.800050644987,38.56039877379499
2019-03-08,1,5.023481724543672,23.637434154022586,-228.2315314185133,-199.57061553994703
2019-03-11,1,9.938976859197282,4.9899496718798275,-959.0538749937664,-944.1249484626893
2019-03-12,1,-10000.916756746032,23.624332542801895,-264.8401826484011,-10242.13260685163
2019-03-13,1,0.0,4.781598686901745,-292.4343616982438,-287.652763011342
2019-03-14,1,10027.376920855037,4.781598686901745,-310.6923056384817,9721.466213903455
2019-03-15,1,-10016.19186042582,12.63536428326455,-255.7733110969023,-10259.32980723946
2019-03-18,1,-9984.94382850572,-51.589013496517325,-1014.7434553327989,-11051.276297335036
2019-03-19,1,17.44005538849342,7.91680135007568,-274.1832012770375,-248.8263445384684
2019-03-20,1,-10097.047363259058,18.905769609612562,-201.06290984811253,-10279.204503497558
2019-03-21,1,-10008.596137912024,-54.88180554397346,-283.7250692526898,-10347.203012708687
2019-03-22,1,-424.75801240009605,-40.757634621262035,-283.70150426863404,-749.2171512899921
2019-03-25,1,39998.28751484929,-451.9419516498991,-1429.6612986676753,38116.684264531716
2019-03-26,1,-158.51330530802443,-207.14400090747765,-513.5323915862085,-879.1896978017106
2019-03-27,1,-173.76252740722703,-229.12193742655128,-660.3464712819981,-1063.2309361157763
2019-03-28,1,-10030.755024101732,-262.0888422051628,-596.3824551094956,-10889.22632141639
2019-03-29,1,-19867.53908871722,-247.96467128245192,-559.5966759844785,-20675.10043598415
2019-04-01,1,20773.811105380424,-659.1489883110892,-1348.2487305553382,18766.413386514
2019-04-02,1,19976.714746059,-138.07498868708092,-302.36253738908977,19536.27721998283
2019-04-03,1,10256.986234101048,-177.31229879204056,-394.05369032534475,9685.620244983664
2019-04-04,1,-10059.854319516746,-147.4805966766029,-311.42597494292136,-10518.760891136271
2019-04-05,1,-30099.273493395878,-144.3453940134288,-311.47173652528113,-30555.090623934586
2019-04-08,1,10125.015827999629,-338.885548514498,-934.3907962051903,8851.73948327994
2019-04-09,1,-46.340777267771045,-105.10808390846988,-283.9108014451133,-435.35966262135423
2019-04-10,1,9992.517717363502,-115.77023733255166,-292.2374429223739,9584.510037108575
2019-04-11,1,-9974.788971192458,-162.8387562658786,-374.7141345955224,-10512.34186205386
2019-04-12,1,4.43833414465189e-10,-115.77023733255166,-347.03196347031917,-462.802200802427
2019-04-15,1,-9975.142289063471,-182.4850053767911,-574.5277284030715,-10732.155022843333
2019-04-16,1,39906.672210683,-57.713337957834106,-164.16960385226184,39684.7892688729
2019-04-17,1,37.315258478822216,-59.1849461874943,-200.42448581016833,-222.2941735188404
2019-04-18,1,67.18353113052217,-81.16170707027631,-200.4831410939353,-214.46131703368945
2019-04-19,1,0.0,-114.12684839444955,-264.4800800666687,-378.60692846111823
2019-04-22,1,19940.36263596106,-375.3456865075209,-793.440240200006,18771.576709253535
2019-04-23,1,72.09272856257303,-131.34522317136603,-310.05871244985923,-369.31120705865226
2019-04-24,1,114.36214340590959,-153.32198405414803,-291.914341030373,-330.8741816786114
2019-04-25,1,-13.639558629532985,-197.27550581971204,-383.5535458726885,-594.4686103219335
2019-04-26,1,20057.060713010644,-186.28712537832084,-356.06140367603234,19514.712183956293
2019-04-29,1,9982.792389636525,-742.3770657624053,-1398.179584663268,7842.2357392108515
2019-04-30,1,63.20870997073507,-239.58563864717394,-438.3946069449846,-614.7715356214235
2019-05-01,1,-30039.335559275096,-272.5507799713466,-438.6794703502079,-30750.56580959665
2019-05-02,1,-10034.595823189582,-219.25226670249404,-319.69241603132724,-10573.540505923402
2019-05-03,1,10019.893220104437,-128.2302260036031,-264.640342081145,9627.022652019688
2019-05-06,1,-9950.310342987366,-427.00081083827035,-958.6158662351189,-11335.927020060755
2019-05-07,1,-29985.254981430586,-161.19536732777587,-319.74242935940663,-30466.192778117766
2019-05-08,1,20102.57609934365,-184.81551714866072,-338.38517078920484,19579.37541140578
2019-05-09,1,-2.146598454739433,-157.9714086334324,-292.2374429223755,-452.3554500105473
2019-05-10,1,20039.916455528346,-190.91987466821544,-374.7644250972626,19474.232155762867
2019-05-13,1,9969.530464772746,-591.4309957506722,-1096.5677404257785,8281.531728596296
2019-05-14,1,60.4474887606666,-288.1181366339832,-494.2099000858844,-721.8805479592011
2019-05-15,1,-10125.623329419679,-266.1524926107944,-439.1436956201808,-10830.919517650655
2019-05-16,1,-9888.767918812937,-328.93752938935677,-494.4694341653757,-10712.17488236767
2019-05-17,1,-10044.985886259383,-270.91152404038047,-466.6844799885323,-10782.581890288297
2019-05-20,1,10087.70483770546,-803.3988862481285,-1400.2183565070438,7884.087594950287
2019-05-21,1,-29975.395172794124,-259.92870202878635,-457.41677671008,-30692.74065153299
2019-05-22,1,-10105.08399591778,-195.6789060978015,-365.7051061277757,-10666.468008143356
2019-05-23,1,29694.660251419133,-214.53265482998552,-484.8507006410623,28995.276895948085
2019-05-24,1,-29998.36486222162,-344.67938283053695,-650.5225978790522,-30993.56684293121
2019-05-27,1,0.0,-874.2372267334385,-1675.9744575477598,-2550.2116842811984
2019-05-28,1,-20442.39013076503,-291.4124089111462,-558.6581525159199,-21292.460692192097
2019-05-29,1,19950.930451185704,-340.1027283871099,-614.0806356766873,18996.74708712191
2019-05-30,1,-284.2447519742818,-379.2749850039023,-660.0131663332024,-1323.5329033113867
2019-05-31,1,29238.54489260663,-412.22345103868537,-724.5642457139196,28101.75719585403
2019-06-03,0,59324.982503648105,-1660.0590031524944,-2452.8995705273815,55212.02392996823
2019-06-04,0,-3140.20679833256,0.0,0.0,-3140.20679833256
2019-06-05,0,0.0,0.0,0.0,0.0
2019-06-06,0,0.0,0.0,0.0,0.0
2019-06-07,0,0.0,0.0,0.0,0.0
2019-06-10,0,0.0,0.0,0.0,0.0
2019-06-11,0,0.0,0.0,0.0,0.0
2019-06-12,0,0.0,0.0,0.0,0.0
2019-06-13,0,0.0,0.0,0.0,0.0
2019-06-14,0,0.0,0.0,0.0,0.0
2019-06-17,0,0.0,0.0,0.0,0.0
2019-06-18,0,0.0,0.0,0.0,0.0
2019-06-19,0,0.0,0.0,0.0,0.0
2019-06-20,0,0.0,0.0,0.0,0.0
2019-06-21,-1,0.0,0.0,0.0,0.0
2019-06-24,-1,-3111.66418000182,2279.1711548824505,1863.013698630136,1030.5206735107665
2019-06-25,-1,10044.187985886956,814.503120252851,676.4591491574067,11535.150255297214
2019-06-26,-1,9868.052876156537,822.4118334979911,731.49101040539,11421.955720059917
2019-06-27,-1,10040.243989110724,753.62938400095,639.3888520224745,11433.262225134147
2019-06-28,-1,20033.92797548684,783.4498580295705,639.8209534678879,21457.198786984296
2019-07-01,-1,-98.42641657420245,2364.934212384331,1755.025872453996,4021.5336682641246
2019-07-02,0,40101.91531487628,744.4878825611502,557.2626183043025,41403.66581574173
2019-07-03,0,-3111.664180001602,0.0,0.0,-3111.664180001602
2019-07-04,0,0.0,0.0,0.0,0.0
2019-07-05,0,0.0,0.0,0.0,0.0
2019-07-08,0,0.0,0.0,0.0,0.0
2019-07-09,0,0.0,0.0,0.0,0.0
2019-07-10,0,0.0,0.0,0.0,0.0
2019-07-11,0,0.0,0.0,0.0,0.0
2019-07-12,0,0.0,0.0,0.0,0.0
2019-07-15,0,0.0,0.0,0.0,0.0
2019-07-16,0,0.0,0.0,0.0,0.0
2019-07-17,0,0.0,0.0,0.0,0.0
2019-07-18,0,0.0,0.0,0.0,0.0
2019-07-19,0,0.0,0.0,0.0,0.0
2019-07-22,0,0.0,0.0,0.0,0.0
2019-07-23,0,0.0,0.0,0.0,0.0
2019-07-24,0,0.0,0.0,0.0,0.0
2019-07-25,0,0.0,0.0,0.0,0.0
2019-07-26,0,0.0,0.0,0.0,0.0
2019-07-29,0,0.0,0.0,0.0,0.0
2019-07-30,0,0.0,0.0,0.0,0.0
2019-07-31,1,0.0,0.0,0.0,0.0
2019-08-01,1,36885.94847571388,-599.7113676352659,-392.694063926941,35893.54304415167
2019-08-02,1,-30222.8343183586,-502.02673896782244,-531.2120444457383,-31256.073101772163
2019-08-05,1,19382.081079103606,-1511.6773977442945,-1374.5459172293822,16495.85776412993
2019-08-06,1,-30311.464318111564,-641.7827142597944,-633.5708472188169,-31586.817879590173
2019-08-07,1,-10259.071961302372,-621.6799044210013,-651.8472220791577,-11532.599087802531
2019-08-08,1,-19953.511380578402,-618.640390605693,-542.0230056579153,-21114.17477684201
2019-08-09,1,10271.829781209228,-579.6085577964726,-560.0252374100068,9132.195986002747
2019-08-12,1,-41120.26641674605,-1714.9914096567406,-1486.922218913756,-44322.18004531655
2019-08-13,1,-49740.55768809645,-614.4270899220181,-551.2809438188875,-50906.26572183736
2019-08-14,1,-11331.445673493756,-511.355373702534,-605.2455226760659,-12448.046569872356
2019-08-15,1,28844.997053053696,-596.1900070301672,-614.8798301068866,27633.927215916643
2019-08-16,1,30768.504081967083,-726.135500797638,-707.702192207445,29334.666388962
2019-08-19,1,949.0026846352703,-2205.76212673069,-2068.3399298608456,-3325.0993719562653
2019-08-20,1,-20939.224429255475,-680.3327002792248,-661.3937711818322,-22280.950900716532
2019-08-21,1,-19327.36450988685,-707.2064778272111,-661.7606245724859,-20696.331612286547
2019-08-22,1,-19544.77611331385,-624.2375714465198,-624.3556541003605,-20793.369338860728
2019-08-23,1,-1695.9197365860746,-563.237201851564,-550.770642075767,-2809.9275805134057
2019-08-26,1,-9628.695469623355,-2019.239657340725,-1985.3142512269344,-13633.249378191014
2019-08-27,1,-41185.4333267004,-637.0875667863298,-624.6171281618047,-42447.138021648534
2019-08-28,1,9589.917693954358,-635.9137799179638,-707.365422459815,8246.638491576578
2019-08-29,1,702.1246956093419,-671.9060989118755,-707.6581217494338,-677.4395250519674
2019-08-30,1,29974.249478944534,-640.1791481849806,-639.269406392694,28694.80092436686
2019-09-02,1,0.0,-2079.195073310203,-2274.765093806278,-4353.960167116481
2019-09-03,1,11.125355357362423,-693.0650244367343,-758.2550312687594,-1440.1947003481314
2019-09-04,1,40029.67643439676,-726.0681208384838,-731.1715347393427,38572.436778818934
2019-09-05,1,-19995.646219170827,-781.9145796622668,-777.2345414679917,-21554.795340301083
2019-09-06,1,66.10624553207163,-643.9810289112108,-547.6286909971835,-1125.5034743763226
2019-09-09,1,29796.858711962268,-1964.9461831353826,-1780.4740731369218,26051.438455689964
2019-09-10,1,-536.9018730782409,-619.8596802255499,-492.51924119474677,-1649.2807944985375
2019-09-11,1,19684.130920927768,-520.8503910203021,-437.08499880244557,18726.19553110502
2019-09-12,1,-430.1882249633054,-515.7705240304444,-363.9331514695096,-1309.8919004632594
2019-09-13,1,38557.871003316905,-471.76639549477886,-336.32403001340367,37749.78057780872
2019-09-16,1,-8956.564749611192,-1252.807598938194,-925.2888290577733,-11134.66117760716
2019-09-17,1,-9539.137098966625,-590.6584645500313,-390.7502151091816,-10520.545778625838
2019-09-18,1,-59726.846290804584,-664.7051069154165,-463.93565410684937,-60855.48705182685
2019-09-19,1,20062.23205630658,-536.9312901440762,-309.1400523458016,19216.160713816702
2019-09-20,1,600.5936980432234,-190.81942700280956,-436.5627437365773,-26.788472696163467
2019-09-23,1,-9777.626538368882,-737.4737630171751,-1392.8364386141216,-11907.93674000018
2019-09-24,1,740.3156040356553,-253.86503723427876,-418.722190536244,67.72837626513251
2019-09-25,1,9431.324338312857,-341.87329430560993,-547.1305722022156,8542.320471805033
2019-09-26,1,-9688.854037579084,-256.82561980630817,-446.03673794455085,-10391.716395329942
2019-09-27,1,20052.892114571063,-220.86194083252968,-400.7937309421544,19431.23644279638
2019-09-30,1,-10008.387242234174,-713.1824912770453,-1095.8904109589043,-11817.460144470124
2019-10-01,1,39984.792477681316,-311.66534593545805,-383.58942013208866,39289.53771161377
2019-10-02,1,29967.70757205735,-378.5704259659741,-521.0620483415756,29068.0750977498
2019-10-03,1,29892.43149566499,-442.486223693519,-585.7330174893488,28864.21225448212
2019-10-04,1,-30182.549361855214,-528.3812017485154,-604.9142498050321,-31315.84481340876
2019-10-07,1,-19824.108300756292,-1492.3025235364457,-1732.3760396478172,-23048.786863940557
2019-10-08,1,19951.744309464928,-425.51806892384974,-576.9234429627,18949.302797578377
2019-10-09,1,252.17461417592858,-475.45499418469683,-632.189001802963,-855.4693818117313
2019-10-10,1,20288.111853498674,-420.5070433660672,-412.02749924145667,19455.577310891153
2019-10-11,1,-10032.330751485671,-360.5480669896548,-365.72807831744535,-10758.606896792771
2019-10-14,1,0.0,-742.9886491482725,-547.1696963616653,-1290.1583455099378
2019-10-15,1,29964.617396500762,-247.66288304942424,-182.38989878722177,29534.564614664116
2019-10-16,0,10088.25620738964,-366.52663159559796,-191.4756507241911,9530.253925069852
2019-10-17,0,-3096.6882454646366,0.0,0.0,-3096.6882454646366
2019-10-18,0,0.0,0.0,0.0,0.0
2019-10-21,0,0.0,0.0,0.0,0.0
2019-10-22,0,0.0,0.0,0.0,0.0
2019-10-23,0,0.0,0.0,0.0,0.0
2019-10-24,0,0.0,0.0,0.0,0.0
2019-10-25,0,0.0,0.0,0.0,0.0
2019-10-28,0,0.0,0.0,0.0,0.0
2019-10-29,0,0.0,0.0,0.0,0.0
2019-10-30,0,0.0,0.0,0.0,0.0
2019-10-31,0,0.0,0.0,0.0,0.0
2019-11-01,0,0.0,0.0,0.0,0.0
2019-11-04,0,0.0,0.0,0.0,0.0
2019-11-05,0,0.0,0.0,0.0,0.0
2019-11-06,0,0.0,0.0,0.0,0.0
2019-11-07,0,0.0,0.0,0.0,0.0
2019-11-08,0,0.0,0.0,0.0,0.0
2019-11-11,0,0.0,0.0,0.0,0.0
2019-11-12,0,0.0,0.0,0.0,0.0
2019-11-13,0,0.0,0.0,0.0,0.0
2019-11-14,0,0.0,0.0,0.0,0.0
2019-11-15,0,0.0,0.0,0.0,0.0
2019-11-18,0,0.0,0.0,0.0,0.0
2019-11-19,0,0.0,0.0,0.0,0.0
2019-11-20,0,0.0,0.0,0.0,0.0
2019-11-21,0,0.0,0.0,0.0,0.0
2019-11-22,0,0.0,0.0,0.0,0.0
2019-11-25,0,0.0,0.0,0.0,0.0
2019-11-26,0,0.0,0.0,0.0,0.0
2019-11-27,0,0.0,0.0,0.0,0.0
2019-11-28,0,0.0,0.0,0.0,0.0
2019-11-29,0,0.0,0.0,0.0,0.0
2019-12-02,0,0.0,0.0,0.0,0.0
2019-12-03,0,0.0,0.0,0.0,0.0
2019-12-04,0,0.0,0.0,0.0,0.0
2019-12-05,0,0.0,0.0,0.0,0.0
2019-12-06,0,0.0,0.0,0.0,0.0
2019-12-09,0,0.0,0.0,0.0,0.0
2019-12-10,0,0.0,0.0,0.0,0.0
2019-12-11,0,0.0,0.0,0.0,0.0
2019-12-12,0,0.0,0.0,0.0,0.0
2019-12-13,0,0.0,0.0,0.0,0.0
2019-12-16,0,0.0,0.0,0.0,0.0
2019-12-17,0,0.0,0.0,0.0,0.0
2019-12-18,-1,0.0,0.0,0.0,0.0
2019-12-19,-1,-13103.068148070059,0.06592518271897063,-191.780821917808,-13294.783044805148
2019-12-20,-1,10001.234985106457,14.044797649416239,-200.94707721753468,9814.332705538338
2019-12-23,-1,0.0,0.1977755481569261,-684.9315068493144,-684.7337313011574
2019-12-24,-1,9987.346349825344,-10.888706610565123,-237.4379368638473,9739.019706350931
2019-12-25,-1,0.0,7.996316302589236,-182.61433262128588,-174.61801631869665
2019-12-26,-1,20002.469970213137,7.996316302589236,-182.61433262128588,19827.851953894442
2019-12-27,-1,-29973.640474690084,-19.961428630805642,-255.62446484367683,-30249.226368164567
2019-12-30,-1,-30045.341955568278,131.6533570675651,-438.2383331499784,-30351.92693165069
2019-12-31,-1,-20020.18582216356,63.91180616937962,54.860551675787235,-19901.41346431839
2020-01-01,-1,0.0,69.96028751620662,109.60596540159692,179.56625291780352
2020-01-02,-1,40000.00000000004,69.96028751620662,109.60596540159692,40179.566252917844
2020-01-03,-1,30130.715332641827,57.86332482255263,27.5294413103913,30216.10809877477
2020-01-06,-1,-48.41386880713799,310.69128530619787,412.66065141153,674.9380679105899
2020-01-07,-1,-20111.380408434445,92.60912997544855,82.64950852781277,-19936.121769931186
2020-01-08,-1,-137.6335708399638,98.65761132227554,55.13828089785248,16.16232138016423
2020-01-09,-1,20050.51876442278,54.83908414913918,0.15683844352160747,20105.514687015442
2020-01-10,-1,58.42219357522117,48.79060280231218,-36.33883170048476,70.87396467704859
2020-01-13,-1,-73.76406832317298,179.23570378678875,0.9094200204226297,106.3810554840384
2020-01-14,-1,30106.16540511161,37.83597100902809,-54.588277952884994,30089.413098167755
2020-01-15,-1,10139.473208202347,28.763248988787588,-63.64181373220276,10104.594643458931
2020-01-16,-1,-114.42573965256088,47.648271901942266,18.69863289981118,-48.07883485080743
2020-01-17,-1,-30004.631616705177,25.321310905760022,-36.52968036529683,-30015.839986164712
2020-01-20,-1,0.0,135.91961164158255,109.17404395116588,245.09365559274843
2020-01-21,-1,9909.115625305327,45.30653721386085,36.39134798372197,9990.81351050291
2020-01-22,-1,10015.179979366672,97.11279851977606,109.7307386634678,10222.023516549916
2020-01-23,-1,10048.382334713366,94.10530663011427,137.18657816705837,10279.674219510538
2020-01-24,-1,20124.576607331415,113.02331601868326,192.16719280666894,20429.767116156767
2020-01-27,0,40446.73956929739,386.8015005527713,741.6511766618935,41575.19224651205
2020-01-28,0,-3098.4365313651206,0.0,0.0,-3098.4365313651206
2020-01-29,0,0.0,0.0,0.0,0.0
2020-01-30,0,0.0,0.0,0.0,0.0
2020-01-31,0,0.0,0.0,0.0,0.0
2020-02-03,0,0.0,0.0,0.0,0.0
2020-02-04,0,0.0,0.0,0.0,0.0
2020-02-05,0,0.0,0.0,0.0,0.0
2020-02-06,0,0.0,0.0,0.0,0.0
2020-02-07,0,0.0,0.0,0.0,0.0
2020-02-10,0,0.0,0.0,0.0,0.0
2020-02-11,0,0.0,0.0,0.0,0.0
2020-02-12,0,0.0,0.0,0.0,0.0
2020-02-13,0,0.0,0.0,0.0,0.0
2020-02-14,0,0.0,0.0,0.0,0.0
2020-02-17,0,0.0,0.0,0.0,0.0
2020-02-18,0,0.0,0.0,0.0,0.0
2020-02-19,0,0.0,0.0,0.0,0.0
2020-02-20,0,0.0,0.0,0.0,0.0
2020-02-21,0,0.0,0.0,0.0,0.0
2020-02-24,0,0.0,0.0,0.0,0.0
2020-02-25,0,0.0,0.0,0.0,0.0
2020-02-26,0,0.0,0.0,0.0,0.0
2020-02-27,0,0.0,0.0,0.0,0.0
2020-02-28,0,0.0,0.0,0.0,0.0
2020-03-02,0,0.0,0.0,0.0,0.0
2020-03-03,-1,0.0,0.0,0.0,0.0
2020-03-04,-1,-43049.433055678004,1051.535362748819,155.25114155251146,-41842.64655137667
2020-03-05,-1,19960.196270677232,560.2360681861853,-109.69809240910344,20410.734246454314
2020-03-06,-1,80779.03573037144,641.9114220273707,-200.84529393829797,81220.10185846052
2020-03-09,0,92605.80684323727,2184.351621039757,-685.1933838428523,94104.96508043417
2020-03-10,0,-3049.433055678075,0.0,0.0,-3049.433055678075
2020-03-11,-1,0.0,0.0,0.0,0.0
2020-03-12,-1,-63037.44837054752,736.0784744309161,-237.44292237442923,-62538.81281849104
2020-03-13,-1,-69814.61402265943,764.1588241589644,-246.74464472816476,-69297.19984322863
2020-03-16,-1,78688.9237361611,2385.295119420577,-768.0805641361021,80306.13829144558
2020-03-17,-1,-181159.3364813826,-14.38632393100076,-137.06579055301188,-181310.78859586662
2020-03-18,-1,-88334.29098986962,-83.0974336724195,-366.5002575947017,-88783.88868113674
2020-03-19,-1,-41050.5342405123,-133.84071985658227,-814.0099785164767,-41998.38493888536
2020-03-20,-1,126884.58503051201,-67.77815179901847,-550.1152062327353,126266.69167248026
2020-03-23,-1,69031.3629459741,-249.29230101725852,-1538.586552442291,67243.48409251457
2020-03-24,-1,20026.314014791584,-4.785440563959611,-183.10746240182598,19838.4211118258
2020-03-25,-1,-80018.59057580729,-152.53084378691383,-274.5902630550568,-80445.71168264926
2020-03-26,-1,9765.683511146184,-107.80694134353703,-311.6328230628577,9346.24374673979
2020-03-27,-1,59818.47017694528,-66.9655237608417,-366.51097545185985,59384.99367773258
2020-03-30,-1,41.17020531012167,-88.48484470523101,-823.8063182660603,-871.1209576611697
2020-03-31,-1,0.0,-18.56979402610827,-127.94674554541103,-146.5165395715193
2020-04-01,-1,80497.60349905521,-29.494948235077118,-27.09941078666489,80441.00914003346
2020-04-02,-1,-10103.969713537823,-74.21885067845386,-90.92633615089655,-10269.114900367173
2020-04-03,-1,10098.735255719583,-82.28480563424276,-155.18076666757455,9861.269683417766
2020-04-06,-1,-10384.99048499432,-255.432014662268,-382.93000372819347,-11023.352503384782
2020-04-07,-1,-70593.97531146792,-125.98542247011804,-109.49986789817241,-70829.46060183621
2020-04-08,-1,-30099.892779812202,-116.89618190682762,-118.95943590598876,-30335.74839762502
2020-04-09,-1,-11.42922362578247,-97.39342993831909,-0.03131294144058927,-108.85396650554215
2020-04-10,-1,-10.873176391509176,-53.760915150280084,173.51598173515978,108.88189019337052
2020-04-13,-1,-10000.000000000033,-161.28274545084025,520.5479452054793,-9640.734800245395
2020-04-14,-1,-19995.00961011108,-72.69917580624818,173.31835292392333,-19894.3904329934
2020-04-15,-1,99798.56762136276,-45.223103143931354,191.56856440607245,99944.9130826249
2020-04-16,-1,20103.787921117673,-41.0061795113007,101.10984608478545,20163.89158769116
2020-04-17,-1,-40249.27243801237,-46.69805418219988,18.860088812404896,-40277.11040338216
2020-04-20,-1,20082.969930230873,-105.94291452120456,1.240777099865909,19978.267792809533
2020-04-21,-1,50259.469802794185,-41.0061795113007,-26.87985607142619,50191.58376721146
2020-04-22,-1,-30382.424689833206,-55.23586618854861,9.813813763799473,-30427.846742257956
2020-04-23,-1,20103.787921117673,-68.48225217361744,-63.42614604244359,19971.879522901614
2020-04-24,-1,10062.318109503092,-85.06622584022548,-45.110080798010515,9932.141802864855
2020-04-27,-1,-50470.255180120796,-231.06019253989865,-80.56754187157114,-50781.88291453226
2020-04-28,-1,10160.446374268504,-95.46667448984479,-90.98794134033695,9973.991758438322
2020-04-29,-1,-10057.104139219593,-54.744215842459084,-17.784378582409374,-10129.632733644461
2020-04-30,-1,-10051.893960558837,-51.89827850700951,46.162890955415534,-10057.629348110431
2020-05-01,-1,0.0,-38.160242175851124,-8.704449924136142,-46.864692099987266
2020-05-04,-1,-10003.74466166118,-114.48072652755343,56.10920909056014,-10062.116179098173
2020-05-05,-1,-20093.375140546385,-24.422205844692655,27.867863392499217,-20089.929482998577
2020-05-06,-1,-80227.70361295165,-18.730331173793502,36.9194332561479,-80209.5145108693
2020-05-07,-1,50016.585693531895,25.821365501220782,109.63937160290291,50152.04643063602
2020-05-08,-1,-30273.890949820707,55.16007480680828,183.38032974875617,-30035.35054526514
2020-05-11,-1,-30003.263172109528,92.33127897449583,356.1643835616436,-29554.767509573387
2020-05-12,-1,39917.32192172334,28.411274318535163,127.53640483778412,40073.269600879656
2020-05-13,-1,40001.248376683136,17.05105463971597,118.72488139730555,40137.024312720154
2020-05-14,-1,10025.92154973928,16.57681839297456,100.78803807885825,10143.286406211111
2020-05-15,-1,-10031.117178666334,13.736763473269775,110.01530381734693,-9907.365111375719
2020-05-18,-1,-70233.29394765341,49.73045517892365,329.83239245503853,-69853.73110001945
2020-05-19,-1,19940.487945276036,14.685235966752543,118.42628054688936,20073.59946178968
2020-05-20,-1,9990.902349528738,19.891109559420755,118.64929398430553,10129.442753072464
2020-05-21,-1,10000.00000000001,27.937038071793836,137.05721609223536,10164.994254164038
2020-05-22,-1,20010.353549466377,14.210999720011188,109.66337602835375,20134.227925214742
2020-05-25,-1,0.0,25.592669641804605,411.5976008450569,437.1902704868615
2020-05-26,-1,-20047.873238372304,8.530889880601535,137.19920028168565,-19902.143148210016
2020-05-27,-1,19997.503496016398,3.3250162879333516,118.72830092415575,20119.556813228486
2020-05-28,-1,-40002.86478554366,-13.24107698355408,118.807362138461,-39897.29850038875
2020-05-29,-1,39975.383308797194,19.891109559420755,146.04313404818714,40141.317552404806
2020-06-01,-1,-30020.72969811643,58.25061993803814,494.00259033355184,-29468.47648784484
2020-06-02,-1,9976.409264233003,49.70900493594945,228.55812186765866,10254.676391036612
2020-06-03,-1,-70049.08772596503,25.096983152089024,146.19436383171774,-69877.79637898122
2020-06-04,-1,-49793.6046679042,23.20540072586698,108.93099826139107,-49661.468268916935
2020-06-05,-1,-59408.620365105744,37.40567532439104,117.58016781239203,-59253.63452196896
2020-06-08,-1,29661.17055446361,98.02211393539267,213.2355487050164,29972.428217104018
2020-06-09,-1,19993.012130262126,26.268101009217958,91.3242009132421,20110.604432184584
2020-06-10,-1,60178.33650011466,42.26850160036594,146.47014559797884,60367.07514731301
2020-06-11,-1,110618.39603785466,68.53318100059022,202.0985138229457,110889.0277326782
2020-06-12,-1,-50571.52772852758,15.247988825976307,138.55213076308948,-50417.72760893851
2020-06-15,-1,0.0,88.76487984346642,387.6372443744035,476.4021242178699
2020-06-16,-1,-20345.175767964716,40.45655446776533,101.80489440152641,-20202.914319095424
2020-06-17,-1,-9935.172751490532,24.45615387661732,92.48211105040942,-9818.234486563506
2020-06-18,-1,30217.585381726058,49.060737140872874,174.77446643920683,30441.42058530614
2020-06-19,-1,10088.166413155499,40.45655446776533,156.61993518140937,10285.242902804675
2020-06-22,-1,-10093.386643173924,112.76548073018841,387.88037837526167,-9592.740784068475
2020-06-23,-1,-20091.911355484153,29.5882932811555,101.80489440152641,-19960.51816780147
2020-06-24,-1,40253.843679873666,46.19267624983701,165.74712287474426,40465.78347899825
2020-06-25,-1,-9908.879216473742,23.852171499083823,101.96704265310501,-9783.060002321554
2020-06-26,-1,40415.35396575351,48.45675476333935,138.40874645805985,40602.21946697491
2020-06-29,-1,-10006.242817646247,110.95353359758786,416.0871711804217,-9479.202112868239
2020-06-30,-1,-20249.575664113872,50.72083327684166,157.18848689038157,-20041.66634394665
2020-07-01,-1,-20335.42450748705,56.45695505891334,157.0257481981681,-20121.941804229966
2020-07-02,-1,92.36785053729,51.32481565437516,129.36771954902565,273.0603857406908
2020-07-03,-1,0.0,73.06133802759483,166.09049574967182,239.15183377726663
2020-07-06,-1,-10103.838491438264,219.18401408278447,498.2714872490154,-9386.382990106464
2020-07-07,-1,40394.44267273449,75.92939891863064,166.00455892904608,40636.37663058217
2020-07-08,-1,-20008.060088092087,62.631797573415255,127.85388127853884,-19817.574409240133
2020-07-09,-1,49948.24536443924,68.3001570746972,136.8161491433617,50153.3616706573
2020-07-10,-1,-30046.663937132085,54.1292583214924,118.94874368161732,-29873.585935128976
2020-07-13,-1,10000.00000000001,187.89539272024575,356.1643835616439,10544.059776281898
2020-07-14,-1,-9994.81888866453,59.797617822774285,146.19442719759573,-9788.82684364416
2020-07-15,-1,9994.629011411653,84.41551477569861,228.48249624717323,10307.527022434526
2020-07-16,-1,20010.362222670927,70.68947642391598,127.93431862347282,20208.986017718315
2020-07-17,-1,-40031.10929142138,65.02111692263406,91.55148340764475,-39874.5366910911
2020-07-20,-1,40015.357226243665,261.7490835790187,465.9947366923363,40743.10104651502
2020-07-21,-1,-9984.445354289297,65.02111692263406,82.40485816042042,-9837.019379206244
2020-07-22,-1,10020.747075218495,89.63901387555838,173.8259778163058,10284.212066910359
2020-07-23,-1,30030.93828749652,75.91297552377573,137.34168882087354,30244.19295184117
2020-07-24,-1,-19999.999999999993,45.62671906956949,82.61840102834304,-19871.75487990208
2020-07-27,-1,-20090.9323234208,219.23638731940426,576.6633811965858,-19295.032554904807
2020-07-28,-1,20045.415310995362,78.74715527441673,118.94532278809207,20243.10778905787
2020-07-29,-1,-9973.851728503716,83.97065437427644,137.41292157628823,-9752.468152553152
2020-07-30,-1,20104.04515379327,108.58855132720078,164.89515414078903,20377.52885926126
2020-07-31,-1,0.0,113.81205042706058,137.69837162992567,251.51042205698627
2020-08-03,-1,-10051.98112898458,341.4361512811817,440.6347892157621,-9269.910188487636
2020-08-04,-1,40187.06390241133,116.64623017770155,174.21643149692187,40477.92656408595
2020-08-05,-1,-30202.948183019995,105.30951117513769,229.35032050035855,-29868.288351344498
2020-08-06,-1,-4.238310963236168,113.16108876932974,173.51598173515984,282.4387595412534
2020-08-07,-1,9.822542779147625e-11,113.16108876932974,228.3105022831051,341.4715910525331
2020-08-10,-1,-9981.752252838014,274.0955820107119,520.0727292777547,-9187.583941549547
2020-08-11,-1,-29903.84108779492,83.28677016960495,127.542306588699,-29693.012011036615
2020-08-12,-1,-49767.20998055705,69.94944605058743,136.23806494469318,-49561.022469561765
2020-08-13,-1,-19855.415677714485,84.04706379515665,90.12111825715769,-19681.247495662174
2020-08-14,-1,-19987.516543711037,89.68611089298432,117.3231203246165,-19780.507312493435
2020-08-17,-1,19834.880672272466,351.36315826971327,461.2603947353887,20647.504225277567
2020-08-18,-1,19855.415677714376,111.48200565874342,153.94099920807037,20120.83868258119
2020-08-19,-1,-9937.990277441935,94.94501117803615,154.12880630550777,-9688.916459958391
2020-08-20,-1,19802.287353932115,97.76453472695,154.0348686274286,20054.086757286495
2020-08-21,-1,39940.795358508665,103.0234350120019,145.22827232110612,40189.04706584177
2020-08-24,-1,-29940.95853982247,177.15449600312354,244.4332369405641,-29519.370806878782
2020-08-25,-1,-29796.896495254743,89.30596408020848,163.53349606859172,-29544.057035105943
2020-08-26,-1,9995.00611863378,86.86658734407047,126.56084024232146,10208.433546220173
2020-08-27,-1,-49638.53919428621,73.14911641227707,62.740958608238444,-49502.6491192657
2020-08-28,-1,-19987.516543711037,76.34878677396681,107.76217644008102,-19803.40558049699
2020-08-31,-1,19804.134061770346,344.0450280612992,459.6438806075168,20607.822970439163
2020-09-01,-1,29652.994496164014,109.04262892260537,144.377481846135,29906.414606932754
2020-09-02,-1,29863.19693946843,111.48200565874342,172.173635150204,30146.85258027738
2020-09-03,-1,19833.157102290243,92.12548762912233,163.30330280831808,20088.585892727686
2020-09-04,-1,-80002.76451855952,98.00363318552775,155.2511415525114,-79749.50974382149
2020-09-07,-1,0.0,329.29181850615123,517.7566548990736,847.0484734052249
2020-09-08,-1,29860.55905444542,109.76393950205043,172.58555163302458,30142.908545580493
2020-09-09,-1,-19937.958697696213,101.27020484881093,227.68383534468398,-19609.00465750272
2020-09-10,-1,29876.007486060942,106.93269461763727,209.17752577759623,30192.117706456174
2020-09-11,-1,-24.611277701336803,98.4389599643978,227.78752096377002,301.615203226831
2020-09-14,-1,20.69546636902851,327.98583816954124,601.4923280544696,950.1736325930393
2020-09-15,-1,0.0,98.4389599643978,200.39368166900212,298.83264163339993
2020-09-16,-1,-9974.140064888865,98.4389599643978,172.99984237423413,-9702.701262550232
2020-09-17,-1,-9998.751342590313,101.27020484881093,145.50231746038014,-9751.978820281121
2020-09-18,-1,31.02065115190271,114.99110249200675,172.89273577594346,318.9044894198529
2020-09-21,-1,19927.644764591638,312.3043491996722,518.3776394047618,20758.326753196074
2020-09-22,-1,-9998.751342590313,98.4389599643978,145.60600307946618,-9754.706379546447
2020-09-23,-1,10000.00000000001,112.15985760759361,172.9964213950295,10285.156279002633
2020-09-24,-1,9974.140064888976,98.4389599643978,172.99984237423413,10245.578867227608
2020-09-25,-1,-10018.198151549645,95.6077150799846,136.59624397324984,-9785.99419249641
2020-09-28,-1,10018.025055626576,360.65479644588925,574.4491176003712,10953.128969672838
2020-09-29,-1,-20016.949494139943,95.6077150799846,136.59624397324984,-19784.74553508671
2020-09-30,-1,-9948.422147792255,133.9391631251589,228.00538344571135,-9586.477601221384
2020-10-01,-1,19968.979348848006,114.99110249200675,172.89273577594346,20256.863187115956
2020-10-02,-1,-29947.03147236815,98.4389599643978,145.60600307946618,-29702.986509324288
2020-10-05,-1,-70001.87609269124,355.34827480040667,520.5479452054793,-69125.97987268535
2020-10-06,-1,19917.45911576339,127.46072604519141,154.3911157769287,20199.310957585512
2020-10-07,-1,-29847.620810268814,121.77767635646184,209.39503934161382,-29516.44809457074
2020-10-08,-1,-158.8197944942549,108.54350529189416,144.8553224943705,94.57903329200978
2020-10-09,-1,20041.270442118304,141.18162368838722,218.27352455631095,20400.725590363003
2020-10-12,-1,0.0,308.5813668094937,572.3214735236139,880.9028403331076
2020-10-13,-1,49767.937950967105,102.8604556031646,190.77382450787132,50061.57223107814
2020-10-14,-1,-10013.174749606802,88.65283138134062,118.33705267100335,-9806.184865554456
2020-10-15,-1,-9984.495473495414,113.25310182336749,173.20789624577893,-9698.034475426268
2020-10-16,-1,-19958.669605483374,116.09462666773224,145.71037224180367,-19696.86460657384
2020-10-19,-1,59.45328700083337,365.3330290693855,463.8220822562335,888.6083983264523
2020-10-20,-1,-49868.698225993576,100.01893075879978,136.11252639597467,-49632.5667688388
2020-10-21,-1,-19886.62968935222,135.98530057828577,190.54182853375056,-19560.102560240182
2020-10-22,-1,-19734.725305644944,141.66835026701534,199.38828394053746,-19393.66867143739
2020-10-23,-1,39817.68134748285,125.5926543580829,144.15374835946216,40087.427750200404
2020-10-26,-1,19703.73768087146,277.4034281488852,159.61608449891793,20140.757193519265
2020-10-27,-1,19886.62968935233,108.54350529189416,99.3070174552152,20094.48021209944
2020-10-28,-1,0.0,102.8604556031646,99.52279201859133,202.3832476217559
2020-10-29,-1,-59721.52554116042,102.8604556031646,99.52279201859133,-59519.142293538665
2020-10-30,-1,-49760.95162378319,119.90960466935333,107.93833722135747,-49533.103681892484
2020-11-02,-1,29904.980079562334,467.6279234665178,569.2690505133985,30941.877053542248
2020-11-03,-1,-20005.511260016123,127.51119155974446,136.986301369863,-19741.013767086515
2020-11-04,-1,89818.35166347084,122.38490167035496,145.7762547958384,90086.51281993704
2020-11-05,-1,-10046.550578014008,129.16402287613016,156.2152313092271,-9761.171323828652
2020-11-06,-1,-20160.45806003718,132.03060569692792,156.10627406852893,-19872.321180271723
2020-11-09,-1,-120268.47111799051,348.1345808296606,330.12503832071076,-119590.21149884014
2020-11-10,-1,89.998803622173,139.58439859514135,99.37560128711957,328.95880350443394
2020-11-11,-1,0.0,117.86548753317152,44.39273375150327,162.2582212846748
2020-11-12,-1,79442.64700881059,117.86548753317152,44.39273375150327,79604.90523009526
2020-11-13,-1,-9994.846447497934,116.65173602875953,109.48976736086647,-9768.704944108307
2020-11-16,-1,18.109986540974205,358.5549565486715,245.94916375714786,622.6141068467936
2020-11-17,-1,29921.37713206525,97.79940778758743,36.131357725421765,30055.30789757826
2020-11-18,-1,-29995.006992032977,100.05911485617918,54.83555896959197,-29840.112318207204
2020-11-19,-1,39989.69289499586,130.37777438054218,82.07882624652984,40202.14949562293
2020-11-20,-1,10020.464880207892,86.33307650439656,18.42104499619498,10125.219001708485
2020-11-23,-1,-30061.954873382456,315.5562142367058,165.57173729774507,-29580.826921848005
2020-11-24,-1,-20010.31458149391,113.78515320796181,36.63329716569203,-19859.896131120255
2020-11-25,-1,10000.00000000001,119.51831884955728,72.95111259584684,10192.469431445414
2020-11-26,-1,0.0,105.79228049777461,45.57437358242029,151.3666540801949
2020-11-27,-1,29980.634166674943,105.79228049777461,45.57437358242029,30132.00082075514
2020-11-30,-1,0.0,324.155962699099,220.1537295748198,544.3096922739188
2020-12-01,-1,-70123.86479819457,118.91144309735124,64.23801661647019,-69940.71533848075
2020-12-02,-1,-40001.66232182638,128.71813177881984,82.19178082191777,-39790.75240922564
2020-12-03,-1,29953.70014865476,151.06781695011367,100.0730654186928,30204.841031023567
2020-12-04,-1,-49999.99999999993,142.44588387116497,63.906416816577206,-49793.64769931218
2020-12-07,-1,9920.392367097193,470.4473170082383,326.8144572644267,10717.654141369858
2020-12-08,-1,19979.414835112555,175.64934344182106,136.69145581750143,20291.75563437188
2020-12-09,-1,-9992.5073076905,169.90138805585528,136.9452455215922,-9685.66067411305
2020-12-10,-1,9951.203083560544,151.06781695011367,81.79071027584067,10184.061610786497
2020-12-11,-1,-10011.239038464133,169.90138805585528,136.9452455215922,-9704.392404886685
2020-12-14,-1,20014.989877657306,616.0100668407747,658.2351176846325,21289.235062182714
2020-12-15,-1,-40030.60627479625,177.88118476223462,164.59665947511667,-39688.1284305589
2020-12-16,-1,20014.989877657306,211.08464433289075,200.87217385116722,20426.946695841365
2020-12-17,-1,-19999.999999999905,183.62914014820043,146.06397486012287,-19670.30688499158
2020-12-18,-1,-9989.707417556334,189.37709553416622,145.80078553736212,-9654.529536484806
2020-12-21,-1,0.0,576.7532196814474,437.00800144094876,1013.7612211223961
2020-12-22,-1,19969.13343243647,192.25107322714913,154.78765958188552,20316.1721652455
2020-12-23,-1,-29984.55553326611,186.50311784118333,155.06005110509085,-29642.992364319834
2020-12-24,-1,19958.859474449433,195.12505092013205,154.65161173639365,20308.636137105957
2020-12-25,-1,0.0,189.37709553416622,173.21173246160083,362.588827995767
2020-12-28,-1,0.0,568.1312866024986,519.6351973848025,1087.766483987301
2020-12-29,-1,-10004.995627347129,189.37709553416622,209.74569985849377,-9605.87283195447
2020-12-30,-1,9989.707417556223,203.1048476265114,228.03020293784056,10420.842468120574
2020-12-31,-1,9998.166207488797,200.3809212405885,246.57534246575344,10445.12247119514
2021-01-01,-1,0.0,186.66173699586065,173.52624544202547,360.18798243788615
2021-01-04,-1,-19997.502497996033,559.9852109875819,520.5787363260764,-18916.938550682375
2021-01-05,-1,-9997.501998811596,214.10010548531628,237.43950045499318,-9545.962392871286
2021-01-06,-1,-69877.80834438141,195.28811106638818,191.36834450611,-69491.15188880892
2021-01-07,-1,-39774.34656765552,204.5725910097339,190.2557758262879,-39379.518200819504
2021-01-08,-1,-49615.91893676217,216.0744231037707,189.6967935095372,-49210.14772014887
2021-01-11,-1,-19795.526132900508,691.3551396639494,539.0640689211868,-18565.106924315372
2021-01-12,-1,0.0,236.20262926833493,170.36182800957334,406.5644572779083
2021-01-13,-1,49438.10236139617,236.20262926833493,206.7820368815577,49881.08702754607
2021-01-14,-1,-29570.01686262871,221.82533915078903,216.8083266309228,-29131.383196846997
2021-01-15,-1,9565.462410544504,208.7642607788793,133.68160613130732,9907.90827745469
2021-01-18,-1,0.0,715.2599442570779,649.2400264796829,1364.4999707367608
2021-01-19,-1,19906.671579484893,238.419981419026,216.4133421598943,20361.50490306381
2021-01-20,-1,-9997.502747514547,221.82533915078903,180.1334338984808,-9595.543974465276
2021-01-21,-1,-19826.0089430632,235.54452339551682,207.51359072879345,-19382.950828938887
2021-01-22,-1,19805.679726341932,230.4517132213166,216.26023218599042,20252.39167174924
2021-01-25,-1,49565.022357657996,674.1023915228945,649.6996885467408,50888.82443772763
2021-01-26,-1,-19997.502497996033,210.32350705675236,208.2580925299723,-19578.920898409306
2021-01-27,-1,19939.72939313484,237.761875546208,226.56200745680016,20404.053276137845
2021-01-28,-1,-29830.75992574164,221.1672332779709,208.39705254908125,-29401.19563991459
2021-01-29,-1,-50003.790901121225,221.02708722108528,182.6484018264841,-49600.11541207366
2021-02-01,-1,19958.98858606366,738.993575410806,792.7125215759887,21490.694683050453
2021-02-02,-1,-29969.219200020078,251.36168579498815,218.85860291769245,-29498.998911307397
2021-02-03,-1,-29923.13137457348,260.05037604832984,218.3956201963133,-29444.68537832884
2021-02-04,-1,0.0,268.7390663016715,227.0286610668382,495.7677273685097
2021-02-05,-1,-59838.68916278076,268.7390663016715,199.62797887342956,-59370.32211760566
2021-02-08,-1,20007.49550160843,923.2870653867482,733.5836731462103,21664.36624014139
2021-02-09,-1,9938.660290433474,269.5010324791799,217.14774652828757,10425.309069440942
2021-02-10,-1,29831.254934772995,277.4277565550133,208.23408179472275,30316.91677312273
2021-02-11,-1,-9959.04779039811,268.7390663016715,208.72299968657856,-9481.585724409859
2021-02-12,-1,-39815.78156707043,271.63529638611874,208.55990931939354,-39335.58636136491
2021-02-15,-1,0.0,849.6606501717233,541.52412706255,1391.1847772342733
2021-02-16,-1,-79333.22810930981,283.22021672390775,180.50804235418335,-78869.49985023173
2021-02-17,-1,-10114.605237388318,284.7441490789246,187.94797502000665,-9641.913113289387
2021-02-18,-1,0.0,309.28628748393294,206.45041517475548,515.7367026586884
2021-02-19,-1,-49439.74180335533,298.46333332365236,179.0497329813468,-48962.22873705034
2021-02-22,-1,-29588.18771281048,938.8334512376657,643.9541494427276,-28005.400112130086
2021-02-23,-1,0.0,321.6331739992304,195.74793990470195,517.3811139039324
2021-02-24,-1,153.60767074136675,321.6331739992304,250.54930429151926,725.7901490321165
2021-02-25,-1,-107481.9083161686,310.8102198389497,214.00392119760627,-106957.09417513204
2021-02-26,-1,67646.2839322253,288.5539799664666,57.34723901231351,67992.18515120409
2021-03-01,-1,-20010.721872574766,924.913526877769,301.36986301369853,-18784.4384826833
2021-03-02,-1,29984.723220863496,324.9786732751424,164.21298925054103,30473.914883389178
2021-03-03,-1,-40049.72879574903,316.1240137090911,173.81544798326453,-39559.78933405667
2021-03-04,-1,-69893.13945372865,317.1591685253076,136.52623639570047,-69439.45404880765
2021-03-05,-1,-19898.483757497645,337.82004084609383,135.45660456503273,-19425.20711208652
2021-03-08,-1,182.5980651497739,1031.1694416703835,405.4559487215129,1619.2234555416703
2021-03-09,-1,39695.99735618355,311.4099734079058,61.85740469998822,40069.26473429144
2021-03-10,-1,9892.117167896244,299.60376065317087,98.89735105222525,10290.618279601638
2021-03-11,-1,-29949.307524144948,307.42326540300553,80.86928523647225,-29561.01497350547
2021-03-12,-1,-99492.41878748799,337.82004084609383,144.54267020772576,-99010.05607643416
2021-03-15,-1,19797.694598267557,1102.0067181987938,511.12550183712796,21410.826818303478
2021-03-16,-1,9999.999999999982,361.43246635556375,143.2899611961116,10504.722427551656
2021-03-17,-1,-29906.400152056885,347.7098552283615,88.52280643053572,-29470.167490397987
2021-03-18,-1,-49227.21744444615,378.1066306714497,161.2026108127493,-48687.90820296195
2021-03-19,-1,-29591.357260111366,360.5512227993129,105.16549059169893,-29125.640546720355
2021-03-22,-1,39246.56281384834,1108.217647096092,231.84846698049773,40586.628927924925
2021-03-23,-1,59242.712254033395,368.3707275491476,69.05588983715418,59680.138871419695
2021-03-24,-1,-94.88095061994682,350.6614084170452,115.76056287603697,371.54102067313534
2021-03-25,-1,-9908.897279698087,361.43246635556375,124.9419221821374,-9422.522891160386
2021-03-26,-1,-39615.48194223863,364.38401954424745,115.73661781646379,-39135.361304877915
2021-03-29,-1,-59302.79613324737,1128.570696896947,290.2273354628561,-57883.99810088757
2021-03-30,-1,19992.007995636734,401.1689910162958,109.58904109589022,20502.76602774892
2021-03-31,-1,-10000.00000000001,373.72376876189134,36.598087986957125,-9589.678143251162
2021-04-01,-1,59972.19675811058,365.99184762151697,63.83135382465201,60402.01995955675
2021-04-02,-1,-10068.334160928385,348.01977766103346,-8.426859616245167,-9728.741242883598
2021-04-05,-1,-29992.58425259791,988.681771160612,-163.35178411076822,-29167.254265548065
2021-04-06,-1,50003.74494316941,360.0011576346891,0.11286130099460934,50363.85896210509
2021-04-07,-1,-10030.443980828579,355.7516988014078,28.383157728822482,-9646.309124298348
2021-04-08,-1,20106.437276288234,358.7470437948219,37.385549100390165,20502.569869183444
2021-04-09,-1,-10137.14556631702,374.21088607557056,65.34640768790774,-9697.588272553541
2021-04-12,-1,-65.88171803836303,1067.2550964042234,112.63014162709374,1114.0035199929541
2021-04-13,-1,30111.392641971033,334.29716653383116,-17.470951814485886,30428.21885669038
2021-04-14,-1,0.0,346.7656638211661,47.19172415776194,393.957387978928
2021-04-15,-1,80365.72151017848,346.7656638211661,28.843385913428904,80741.33055991307
2021-04-16,-1,-30259.79878817435,322.80290387385463,20.86401225532194,-29916.131872045175
2021-04-19,-1,-20142.480812355334,995.3668165622894,88.83791712213895,-19058.276078670904
2021-04-20,-1,20185.55483800888,337.7796288409242,84.08544532837931,20607.419912178182
2021-04-21,-1,10076.356458280432,342.51620498788475,84.52030014150543,10503.392963409822
2021-04-22,-1,9998.751436179411,339.52085999447087,84.67459334179287,10422.946889515675
2021-04-23,-1,-10081.476187199061,325.7982488672686,29.921114633138586,-9725.756823698655
2021-04-26,-1,19995.006243618795,986.3807815820473,143.86526678388987,21125.252291984732
2021-04-27,-1,-60376.78953257444,301.34837160627796,-43.336265274445395,-60118.77742624261
2021-04-28,-1,-3.7018729632547127,327.63394788665835,-18.264840182648584,305.6672347407551
2021-04-29,-1,-30000.00000000003,327.63394788665835,-36.52968036529694,-29708.895732478668
2021-04-30,-1,0.0,336.5745530560836,-0.3432234597621573,336.2313295963214
2021-05-03,-1,19979.71950821913,977.4810080606404,-1.0296703792863582,20956.170845900484
2021-05-04,-1,19999.999999999796,330.61414960980017,36.49547399414291,20367.109623603737
2021-05-05,-1,20020.309633630422,324.65374616351676,27.669089478071555,20372.63246927201
2021-05-06,-1,10020.324229315791,318.69334271723324,37.12654595463317,10376.144117987658
2021-05-07,-1,-40053.325898491225,315.7131409940914,0.7282869196307615,-39736.884470577505
2021-05-10,-1,-10038.220398857295,1047.3871458751955,247.80111163787853,-8743.03214134422
2021-05-11,-1,-10000.00000000001,330.61414960980017,27.359633265703337,-9642.026217124505
2021-05-12,-1,-49974.64028617356,333.59435133294187,27.19288446246071,-49613.85305037816
2021-05-13,-1,29908.868628892273,348.4953599486505,17.25625488251569,30274.62024372344
2021-05-14,-1,29954.385262609114,339.5547547792253,17.74121140613505,30311.681228794474
2021-05-17,-1,-10000.00000000001,991.8424488294004,109.48642198242874,-8898.67112918818
2021-05-18,-1,0.0,333.59435133294187,36.33798901330266,369.93234034624453
2021-05-19,-1,-39979.71222893885,333.59435133294187,45.46577719342571,-39600.65210041248
2021-05-20,-1,39872.134726006385,345.5151582255088,8.308497337085555,40225.95838156898
2021-05-21,-1,20004.99462915779,344.3419017021454,36.461260787792924,20385.79779164773
2021-05-24,-1,-2.219167072325945e-10,950.659192552365,-136.98630136986333,813.6728911822797
2021-05-25,-1,50050.77408407605,338.3814982558619,0.23077403999860735,50389.38635637191
2021-05-26,-1,-30073.70885308834,323.48048964015317,0.9977890450253994,-29749.230574403162
2021-05-27,-1,-30002.31697873329,342.06144197174683,36.52968036529688,-29623.72585639625
2021-05-28,-1,29954.337249566866,350.979382714958,26.938547712543652,30332.25517999437
2021-05-31,-1,0.0,993.9344332768449,191.78082191780834,1185.7152551946533
2021-06-01,-1,-20000.000000000044,331.3114777589483,63.926940639269446,-19604.761581601826
2021-06-02,-1,-53.37118227949395,326.50680737495725,-18.8126754728645,254.3229496225988
2021-06-03,-1,-9975.944424919951,358.75670001335277,82.01139553935985,-9535.17632936724
2021-06-04,-1,49827.543818158905,329.4794542893609,-28.079143464748995,50128.944128983516
2021-06-07,-1,9989.834482513485,1008.3484444288181,165.3026358275465,11163.485562769849
2021-06-08,-1,20025.31748724498,311.6435728029387,0.22837238348461142,20337.189432431405
2021-06-09,-1,50076.323645514705,327.1982073997282,55.56124210106077,50459.08309501549
2021-06-10,-1,30208.743222589554,290.83504440211266,1.3033273582324796,30500.8815943499
2021-06-11,-1,-132.67575040135853,303.4170320844985,38.40773893262167,209.14902061576163
2021-06-14,-1,-40224.36654353408,845.7513109767041,-49.8048282392366,-39428.42006079661
2021-06-15,-1,0.0,293.8076913165163,-17.18051119877822,276.6271801177381
2021-06-16,-1,-10226.344376188172,293.8076913165163,55.82577625821915,-9876.710908613435
2021-06-17,-1,70007.9352425562,243.03051716692738,-100.01559833241532,70150.9501613907
2021-06-18,-1,100180.09877590116,243.7219171916984,-181.48970277593983,100242.33099031691
2021-06-21,-1,-40346.655692291955,545.2366662277968,-760.8519088757996,-40562.27093493995
2021-06-22,-1,113.92356843859307,182.88617885408195,-263.11032927503766,33.699418017637356
2021-06-23,-1,-10115.668578109173,204.38610727967898,-208.2804249104124,-10119.562895739906
2021-06-24,-1,10040.74989324167,196.6087899812842,-263.17175487614145,9974.186928346813
2021-06-25,-1,-30006.230338417812,191.4207669222577,-283.10502283105023,-30097.914594326605
2021-06-28,-1,19880.49391129199,536.1893714054282,-878.0623446708183,19538.620938026597
2021-06-29,-1,20002.4953815126,205.16394652673713,-246.633454090019,19961.025873949315
2021-06-30,-1,20002.49488329938,177.6775873177783,-292.1725076036239,19887.999963013535
2021-07-01,-1,-30061.152789766857,171.75943421570744,-273.58735432210506,-30162.980709873256
2021-07-02,-1,30019.114580292397,202.20486997570165,-219.1212013972694,30002.19824887083
2021-07-05,-1,0.0,612.3352301281176,-628.7193224682177,-16.384092340100096
2021-07-06,-1,50173.43525881673,204.1117433760392,-209.57310748940597,50167.97389470336
2021-07-07,-1,40245.31710882645,210.8845667277499,-190.64177988307011,40265.559895671126
2021-07-08,-1,230.69451250875863,199.04826052360804,-162.7801868035601,266.9625862288066
2021-07-09,-1,-30646.495403586712,231.40056968393986,-107.74264908938517,-30522.837482992156
2021-07-12,-1,-10061.329277206389,591.4241613698114,-544.2061368860006,-10014.111252722578
2021-07-13,-1,-10213.561506043421,200.1004636743058,-181.51919256481233,-10194.980234933928
2021-07-14,-1,20178.555062907166,170.70723106500947,-254.85982983824826,20094.402464133927
2021-07-15,-1,60367.975663239675,197.14138712327048,-172.21361706500798,60392.90343329794
2021-07-16,-1,20007.487639713563,179.3869278170577,-217.3215207707665,19969.553046759855
2021-07-19,0,81101.32829154312,455.7017058242967,-761.4881845862512,80795.54181278116
2021-07-20,0,-3048.1617483814607,0.0,0.0,-3048.1617483814607
2021-07-21,0,0.0,0.0,0.0,0.0
2021-07-22,0,0.0,0.0,0.0,0.0
2021-07-23,0,0.0,0.0,0.0,0.0
2021-07-26,0,0.0,0.0,0.0,0.0
2021-07-27,0,0.0,0.0,0.0,0.0
2021-07-28,0,0.0,0.0,0.0,0.0
2021-07-29,0,0.0,0.0,0.0,0.0
2021-07-30,0,0.0,0.0,0.0,0.0
2021-08-02,0,0.0,0.0,0.0,0.0
2021-08-03,0,0.0,0.0,0.0,0.0
2021-08-04,0,0.0,0.0,0.0,0.0
2021-08-05,0,0.0,0.0,0.0,0.0
2021-08-06,0,0.0,0.0,0.0,0.0
2021-08-09,0,0.0,0.0,0.0,0.0
2021-08-10,0,0.0,0.0,0.0,0.0
2021-08-11,0,0.0,0.0,0.0,0.0
2021-08-12,0,0.0,0.0,0.0,0.0
2021-08-13,0,0.0,0.0,0.0,0.0
2021-08-16,0,0.0,0.0,0.0,0.0
2021-08-17,0,0.0,0.0,0.0,0.0
2021-08-18,0,0.0,0.0,0.0,0.0
2021-08-19,0,0.0,0.0,0.0,0.0
2021-08-20,0,0.0,0.0,0.0,0.0
2021-08-23,0,0.0,0.0,0.0,0.0
2021-08-24,0,0.0,0.0,0.0,0.0
2021-08-25,0,0.0,0.0,0.0,0.0
2021-08-26,0,0.0,0.0,0.0,0.0
2021-08-27,0,0.0,0.0,0.0,0.0
2021-08-30,0,0.0,0.0,0.0,0.0
2021-08-31,0,0.0,0.0,0.0,0.0
2021-09-01,0,0.0,0.0,0.0,0.0
2021-09-02,0,0.0,0.0,0.0,0.0
2021-09-03,0,0.0,0.0,0.0,0.0
2021-09-06,0,0.0,0.0,0.0,0.0
2021-09-07,0,0.0,0.0,0.0,0.0
2021-09-08,0,0.0,0.0,0.0,0.0
2021-09-09,0,0.0,0.0,0.0,0.0
2021-09-10,0,0.0,0.0,0.0,0.0
2021-09-13,0,0.0,0.0,0.0,0.0
2021-09-14,0,0.0,0.0,0.0,0.0
2021-09-15,0,0.0,0.0,0.0,0.0
2021-09-16,0,0.0,0.0,0.0,0.0
2021-09-17,0,0.0,0.0,0.0,0.0
2021-09-20,0,0.0,0.0,0.0,0.0
2021-09-21,0,0.0,0.0,0.0,0.0
2021-09-22,0,0.0,0.0,0.0,0.0
2021-09-23,0,0.0,0.0,0.0,0.0
2021-09-24,0,0.0,0.0,0.0,0.0
2021-09-27,0,0.0,0.0,0.0,0.0
2021-09-28,0,0.0,0.0,0.0,0.0
2021-09-29,0,0.0,0.0,0.0,0.0
2021-09-30,0,0.0,0.0,0.0,0.0
2021-10-01,0,0.0,0.0,0.0,0.0
2021-10-04,0,0.0,0.0,0.0,0.0
2021-10-05,0,0.0,0.0,0.0,0.0
2021-10-06,0,0.0,0.0,0.0,0.0
2021-10-07,0,0.0,0.0,0.0,0.0
2021-10-08,0,0.0,0.0,0.0,0.0
2021-10-11,0,0.0,0.0,0.0,0.0
2021-10-12,0,0.0,0.0,0.0,0.0
2021-10-13,0,0.0,0.0,0.0,0.0
2021-10-14,0,0.0,0.0,0.0,0.0
2021-10-15,0,0.0,0.0,0.0,0.0
2021-10-18,0,0.0,0.0,0.0,0.0
2021-10-19,0,0.0,0.0,0.0,0.0
2021-10-20,0,0.0,0.0,0.0,0.0
2021-10-21,0,0.0,0.0,0.0,0.0
2021-10-22,0,0.0,0.0,0.0,0.0
2021-10-25,0,0.0,0.0,0.0,0.0
2021-10-26,0,0.0,0.0,0.0,0.0
2021-10-27,0,0.0,0.0,0.0,0.0
2021-10-28,0,0.0,0.0,0.0,0.0
2021-10-29,0,0.0,0.0,0.0,0.0
2021-11-01,0,0.0,0.0,0.0,0.0
2021-11-02,0,0.0,0.0,0.0,0.0
2021-11-03,0,0.0,0.0,0.0,0.0
2021-11-04,0,0.0,0.0,0.0,0.0
2021-11-05,0,0.0,0.0,0.0,0.0
2021-11-08,0,0.0,0.0,0.0,0.0
2021-11-09,0,0.0,0.0,0.0,0.0
2021-11-10,0,0.0,0.0,0.0,0.0
2021-11-11,0,0.0,0.0,0.0,0.0
2021-11-12,0,0.0,0.0,0.0,0.0
2021-11-15,0,0.0,0.0,0.0,0.0
2021-11-16,0,0.0,0.0,0.0,0.0
2021-11-17,0,0.0,0.0,0.0,0.0
2021-11-18,0,0.0,0.0,0.0,0.0
2021-11-19,0,0.0,0.0,0.0,0.0
2021-11-22,0,0.0,0.0,0.0,0.0
2021-11-23,0,0.0,0.0,0.0,0.0
2021-11-24,0,0.0,0.0,0.0,0.0
2021-11-25,0,0.0,0.0,0.0,0.0
2021-11-26,0,0.0,0.0,0.0,0.0
2021-11-29,0,0.0,0.0,0.0,0.0
2021-11-30,0,0.0,0.0,0.0,0.0
2021-12-01,1,0.0,0.0,0.0,0.0
2021-12-02,1,-63055.90856608361,263.88668933475077,776.2557077625574,-62015.7661689863
2021-12-03,1,-59980.28191051725,357.4992217160905,930.6759562432584,-58692.106732557906
2021-12-06,1,30351.916972107945,1027.9971200452983,2628.0741471960396,34007.98823934929
2021-12-07,1,55.96432183521392,388.03858079441085,966.9019105527497,1410.9048131823745
2021-12-08,1,59863.47493193418,442.26160450224273,1021.087728538573,61326.824264974995
2021-12-09,1,-49833.03633819986,402.8720958287351,994.1736083754154,-48435.99063399571
2021-12-10,1,19978.29770722813,439.3115546371802,1084.9505260169672,21502.559787882277
2021-12-13,1,-49861.09721162835,1202.6329220470682,3119.209005549935,-45539.25528403135
2021-12-14,1,10022.629274171199,404.78328526610227,1021.479075369997,11448.891634807298
2021-12-15,1,10012.074894927602,412.67784014260604,1076.1124576409923,11500.8651927112
2021-12-16,1,19980.248878130275,431.41699976067633,1048.5501669299326,21460.216044820885
2021-12-17,1,-49964.81960088268,371.2938763227194,967.0378296165087,-48626.48789494345
2021-12-20,1,30007.960057154774,1223.2000053934942,3009.516955753352,34240.67701830162
2021-12-21,1,55.96432183521392,388.03858079441085,957.7388250795981,1401.741727709223
2021-12-22,1,16.05516368939425,442.26160450224273,1048.4593042236793,1506.7760724153163
2021-12-23,1,9983.682080275761,420.57239501910993,1030.4260818199016,11434.680557114772
2021-12-24,1,0.0,450.1561593787466,1021.0478317108488,1471.2039910895953
2021-12-27,1,-69835.6288976298,1350.4684781362396,3063.143495132546,-65422.01692436101
2021-12-28,1,29924.87833833744,525.0295321420163,1111.39077678951,31561.298647268966
2021-12-29,1,49839.33521569331,494.49017306369575,883.9229626508428,51217.748351407856
2021-12-30,1,-9864.575368322174,490.5845284799497,938.6911221744855,-8435.29971766774
2021-12-31,1,-7.801753872658406,471.79294142566744,885.8447488584475,1349.8359364114565
2022-01-03,1,59999.999999999825,1447.9596099279358,2575.342465753424,64023.30207568119
2022-01-04,1,39826.62639122104,508.3126750708857,967.796802737313,41302.73586902924
2022-01-05,1,-10324.3776722384,485.5980293385706,986.3524976341523,-8852.427145265676
2022-01-06,1,-30129.839642801526,553.7231966026064,1067.8528414205143,-28508.263604778407
2022-01-07,1,39663.39631100262,616.9152939073329,1112.6392563803397,41392.950861290294
2022-01-10,1,-30155.111535251282,1782.601944525053,3420.6927075399285,-24951.8168831863
2022-01-11,1,-9654.161303065397,657.3927454797443,1194.2132429742455,-7802.555314611407
2022-01-12,1,-29841.796888150893,638.6358176746226,1148.777208765574,-28054.383861710696
2022-01-13,1,-29579.56712475839,669.2471293284148,1139.4200858874044,-27770.89990954257
2022-01-14,1,-548.9026373175584,667.2776553312727,1148.4905725569506,1266.865590570665
2022-01-17,1,0.0,2262.479251201291,3770.2562048904133,6032.735456091705
2022-01-18,1,19046.70383802989,754.1597504004304,1256.7520682968045,21057.61565672713
2022-01-19,1,-19378.67802133293,824.2543916616088,1264.831610684043,-17289.592018987278
2022-01-20,1,-39846.31945115096,808.461059818654,1237.773798320762,-37800.08459301154
2022-01-21,1,-9056.244823148576,863.7564912019035,1255.4260895830614,-6937.0622423636105
2022-01-24,1,19930.575197088074,2372.094761935674,3386.581181894165,25689.251140917913
2022-01-25,1,-251.30065989049035,763.0505382869333,1065.5073949428738,1577.2572733393167
2022-01-26,1,-40521.54376719118,795.6313239378677,964.9905882900658,-38760.92185496325
2022-01-27,1,-89088.94996115513,926.9485885066296,1136.3233036260979,-87025.67806902241
2022-01-28,1,270.78464569498465,1007.9222615843616,1144.5236314231508,2423.230538702497
2022-01-31,1,-20020.365556812238,2929.156042889762,3178.082191780821,-13913.127322141656
2022-02-01,1,19989.88811255307,1015.07075155866,1058.9718830974305,22063.93074720916
2022-02-02,1,-9961.96261637278,1009.0648846728769,1049.8902037190605,-7903.007527980844
2022-02-03,1,10003.717502864798,990.2814600871311,1059.2249314021992,12053.223894354129
2022-02-04,1,-10162.760334816747,1019.9580636871956,1086.275177449522,-8056.527093680029
2022-02-07,1,55.6631432225131,3461.0374359057296,3363.6491354442433,6880.349714572486
2022-02-08,1,-10189.01068890556,1142.7859662875917,1112.2767521923658,-7933.947970425602
2022-02-09,1,-29794.35239507907,1200.2547948020763,1175.348058889552,-27418.749541387442
2022-02-10,1,-160074.8870744541,1220.1567741450694,1211.5569384663104,-157643.17336184275
2022-02-11,1,754.2837745619472,1540.533184589299,1280.3639501021655,3575.1809092534113
2022-02-14,1,-20076.92965210051,4262.124646295381,3518.9698292353237,-12295.835176569803
2022-02-15,1,69296.95948323073,1513.8595144321262,1226.334718606752,72037.15371626962
2022-02-16,1,39952.119805525246,1492.8389803318855,1262.8206727670486,42707.77945862418
2022-02-17,1,-29385.141747160484,1415.4681724744075,1145.6461036964183,-26824.02747098966
2022-02-18,1,-29606.75465682489,1391.7974357601265,1173.2813915574911,-27041.675829507272
2022-02-21,1,0.0,4137.059634180491,3547.733510444188,7684.793144624679
2022-02-22,1,-69785.124737332,1379.019878060164,1182.5778368147296,-67223.5270224571
2022-02-23,1,29698.898194754784,1498.0790232892728,1054.0271222840627,32251.00434032812
2022-02-24,1,10104.004034003432,1510.8565809892348,1135.542923176309,12750.403538168976
2022-02-25,1,-42.309643252296155,1464.2809314890685,1236.1066556595383,2658.077943896311
2022-02-28,1,-29206.876111986465,4425.522331510161,3407.8743600356142,-21373.47942044069
2022-03-01,1,19989.49216991789,1369.8249427935011,1159.8173515981734,22519.13446430956
2022-03-02,1,-49524.6895741013,1221.6416373788506,1051.7375548416273,-47251.31038188082
2022-03-03,1,-29977.754202827397,1444.4698832566355,1177.2297789664715,-27356.05454060429
2022-03-04,1,-89851.666606057,1486.3081531289154,1195.0314327736155,-87170.32702015447
2022-03-07,1,-9780.448697486128,4441.788841147021,3585.7985319269546,-1752.8613244121525
2022-03-08,1,311.16277530354273,1538.2845977942388,1304.1260562946811,3153.5734293924625
2022-03-09,1,29996.12922740804,1625.7690527031825,1384.864900707879,33006.7631808191
2022-03-10,1,-103.00094678794994,1671.415237739846,1429.5917847297126,2998.0060756816083
2022-03-11,1,-10047.174316239441,1715.1574651943176,1447.0409508480384,-6884.975900197085
2022-03-14,1,19263.41674376189,5252.924006636939,4366.679566855914,28883.02031725474
2022-03-15,1,29739.200908926752,1876.1802850547788,1625.8614594469182,33241.242653428446
2022-03-16,1,-60134.40933943232,1845.2775720461163,1562.7446314028125,-56726.387135983394
2022-03-17,1,19757.683526270765,1972.696339245148,1660.4258651742034,23390.805730690114
2022-03-18,1,-88708.48938497825,1682.3507946034638,1760.5644878489957,-85265.57410252579
2022-03-21,1,8320.12740508237,5226.756789115789,5633.520401844118,19180.404596042277
2022-03-22,1,18884.15376881379,1925.146196626293,2045.6095087795284,22854.909474219614
2022-03-23,1,-8819.240769821059,1962.8673578931478,1637.2884905556118,-5219.0849213722995
2022-03-24,1,19513.42994826558,1911.200106668866,1701.6210145886864,23126.251069523132
2022-03-25,1,-32101.81258795396,1905.1790404812486,1620.0812549770526,-28576.552292495657
2022-03-28,1,-68830.94900708072,6300.34531933254,5335.624437649223,-57194.97925009896
2022-03-29,1,-48443.75500080231,2175.8666224189315,1867.686617803066,-44400.20176058031
2022-03-30,1,-20044.942472145493,2204.185119856327,1945.205479452055,-15895.55187283711
2022-03-31,1,-75.28332167665576,2166.368642800272,1909.7972528019143,4000.882573925531
2022-04-01,1,-89822.22510942741,2133.3570266630904,1855.7426849655685,-85833.12539779875
2022-04-04,1,40018.922182256094,7011.943588396694,6212.943131341178,53243.808901993965
2022-04-05,1,40018.67744807681,2313.912635166131,2034.574237619348,44367.164320862285
2022-04-06,1,79528.29555245009,2389.545589278242,2123.2270760565184,84041.06821778485
2022-04-07,1,79449.24486701794,2353.745672725101,2013.962170146233,83816.95270988927
2022-04-08,1,-653.7029410074538,2295.9380120805063,1950.764276383823,3592.9993474568755
2022-04-11,1,98862.58859940707,7085.883733064607,6093.593843031534,112042.0661755032
2022-04-12,1,41107.48315634069,2297.9545725834205,1822.3534398574066,45227.791168781514
2022-04-13,1,296.235575713672,2164.5139578267163,1706.7885848265219,4167.538118366911
2022-04-14,1,28162.21653880259,2142.5062137352606,1625.0429423444066,31929.76569488226
2022-04-15,1,0.0,2243.2464175022533,1732.430186427513,3975.6766039297663
2022-04-18,1,29572.224636341765,6729.739252506757,5197.290559282539,41499.25444813106
2022-04-19,1,-71527.22778802943,2222.9440287662455,1696.3376136502632,-67607.94614561292
2022-04-20,1,-67993.44039333536,2409.69864839614,1847.5688425334392,-63736.172902405786
2022-04-21,1,-30835.995721554566,2420.391315294399,1856.7986334460807,-26558.805772814085
2022-04-22,1,-39838.39450088899,2517.7208083504975,1881.6778027461392,-35438.99588979236
2022-04-25,1,1755.6681548899796,7722.402956361334,5533.78807074321,15011.859181994521
2022-04-26,1,50478.651999462956,2475.0994703755678,1674.0084480325656,54627.75991787109
2022-04-27,1,9206.185144597119,2360.5670941468898,1530.250582037778,13097.002820781785
2022-04-28,1,-20018.918341500135,2394.566966902059,1689.4977168949774,-15934.853657703097
2022-04-29,1,-30016.415386495675,2455.7932676749624,1642.804464785923,-25917.81765403479
2022-05-02,1,69698.60163424292,7626.428248207285,5060.772189237908,82385.80207168811
2022-05-03,1,-69740.95453627851,2552.9394434047276,1768.1377919832264,-65419.87730089056
2022-05-04,1,80001.59577999715,2629.9822603126568,1748.8626983798963,84380.4407386897
2022-05-05,1,69398.4343352134,2472.916568131272,1651.1856152404137,73522.53651858508
2022-05-06,1,59225.763080607474,1956.6761966721988,1741.338252646931,62923.7775299266
2022-05-09,1,40839.53602634676,5846.028948521835,5278.251269078538,51963.816243947134
2022-05-10,1,-69319.04532747169,1815.2437757643597,1688.976143935838,-65814.82540777148
2022-05-11,1,-119311.51636464112,1848.3668372171755,1670.4135117981825,-115792.73601562576
2022-05-12,1,30212.703722027523,1930.2462313963529,1861.0928776787132,34004.04283110259
2022-05-13,1,39898.738999131216,1810.956933077551,1662.4855996955446,43372.18153190431
2022-05-16,1,-19739.95980966756,5559.610243465268,4737.706111023253,-9442.64345517904
2022-05-17,1,-30296.237513435903,1826.5902043510976,1406.3656404097328,-27063.281668675074
2022-05-18,1,-59339.29205574082,1978.8193192612355,1522.5714933624793,-55837.90124311711
2022-05-19,1,111.49592890420172,1964.8593220319308,1441.114114192937,3517.4693651290695
2022-05-20,1,-29959.05228521056,1909.959627713038,1451.1546947537415,-26597.93796274378
2022-05-23,1,30170.811872281367,5659.529162408155,4464.902548976104,40295.24358366563
2022-05-24,1,50068.97176515289,1931.9195054405945,1569.3880933338241,53570.27936392731
2022-05-25,1,9989.884557208103,1751.40390634889,1352.997864247389,13094.286327804382
2022-05-26,1,20024.547590391092,1726.2807253943274,1298.4158222187143,23049.244138004135
2022-05-27,1,-20005.794276332224,1696.704573085418,1287.6712328767123,-17021.418470370092
2022-05-30,1,0.0,5141.938106831557,3835.1796381596105,8977.117744991167
2022-05-31,1,50061.88839267747,1713.9793689438525,1278.3932127198702,53054.260974341196
2022-06-01,1,-40332.782985631595,1764.0380551331355,1249.9929511544722,-37318.75197934399
2022-06-02,1,-9837.461526213934,1919.2585214604833,1402.6953198291594,-6515.507684924291
2022-06-03,1,29688.343368128375,1911.4408001246343,1393.8425865528022,32993.62675480581
2022-06-06,1,9345.167777709474,5738.861415336276,4016.883730377847,19100.912923423595
2022-06-07,1,-79080.48703746346,1986.5920035082004,1392.3434308289447,-75701.55160312633
2022-06-08,1,19541.236208555707,2033.7510279218516,1373.8181656553165,22948.805402132875
2022-06-09,1,-39941.634510532436,2060.356550103591,1364.2310069066718,-36517.04695352217
2022-06-10,1,-120523.98844559345,2127.8163803505913,1345.128713981788,-117051.04335126108
2022-06-13,1,-62983.171473139024,7253.869521515811,4158.081884715428,-51571.22006690779
2022-06-14,1,8597.549471496553,2809.853359558588,1469.608783511807,12877.011614566949
2022-06-15,1,92708.29298754578,2861.5513989346114,908.8956642005837,96478.74005068096
2022-06-16,1,10867.013745490258,2558.928187615764,786.3081998963422,14212.250133002364
2022-06-17,1,-58977.99615229772,1667.1993891280463,777.5997906732377,-56533.19697249644
2022-06-20,1,0.0,5157.0713301100495,2766.47063456785,7923.541964677899
2022-06-21,1,18885.514882206553,1719.0237767033498,922.1568781892835,21526.695537099185
2022-06-22,1,2710.579739512905,1756.599378395133,858.3326664492347,5325.511784357272
2022-06-23,1,-18964.287993428494,1592.0481857444806,805.907382336988,-16566.332425347027
2022-06-24,1,9535.539892254372,1543.5025045426535,688.7692898302976,11767.811686627323
2022-06-27,1,29970.737416181535,4736.123583408168,1890.4109589041093,36597.27195849382
2022-06-28,1,-19990.22785417949,1613.1160361577915,584.0011280348122,-17793.110689986886
2022-06-29,1,-59686.08404939331,1641.562244613431,666.0055844988747,-57378.516220281
2022-06-30,1,19788.652120213854,1616.7901732586424,557.0514895223546,21962.49378299485
2022-07-01,1,-20623.757330597815,1456.2111287369569,384.45045637344174,-18783.09574548742
2022-07-04,1,0.0,4123.63992141267,522.912897858971,4646.552819271641
2022-07-05,1,-40694.85551250946,1374.5466404708902,174.30429928632367,-39146.00457275224
2022-07-06,1,-38709.55913407139,1365.3726393491459,183.72090559661683,-37160.465589125626
2022-07-07,1,20740.659617096717,1543.3868226543004,466.6476784926393,22750.694118243657
2022-07-08,1,-9537.12832943171,1603.029171576025,493.5288262044839,-7440.570331651202
2022-07-11,1,-50245.731627973895,5116.0224995436265,1505.9423124508276,-43623.76681597944
2022-07-12,1,9777.87552222527,1666.3456575986013,338.24122114696786,11782.462400970839
2022-07-13,1,-150432.53543632172,1619.0893443542702,-63.55648507017037,-148877.00257703764
2022-07-14,1,30566.874556984894,1777.3805594107114,-135.84973973430448,32208.4053766613
2022-07-15,1,-10279.04351395831,1789.7665950881053,55.52223571217775,-8433.754683158026
2022-07-18,1,10318.98359686332,5312.869470898238,358.7864621227303,15990.639529884289
2022-07-19,1,-29472.265908006993,1789.7665950881053,137.60365369289048,-27544.895659225996
2022-07-20,1,10224.051000076997,1887.4912561324168,228.533988436028,12340.076244645441
2022-07-21,1,19038.943361703394,1906.3013609211087,292.1921186242739,21237.436841248775
2022-07-22,1,-21613.64648508624,1734.711246727253,46.4783742734867,-19832.4568640855
2022-07-25,1,20702.193050501042,4827.007439317512,-23.650124455504965,25505.55036536305
2022-07-26,1,-20010.447724706366,1629.7998639206667,-118.72146118721409,-18499.369321972914
2022-07-27,1,29985.33456135325,1658.2321692344349,-45.63531426731247,31597.93141632037
2022-07-28,1,9905.182953970463,1582.420468253054,-63.91268065209418,11423.690741571423
2022-07-29,1,-50138.080987708636,628.5790969588611,-210.38910226127967,-49719.89099301105
2022-08-01,1,-80500.85361511713,2098.9795807298437,-657.9576724306168,-79059.83170681789
2022-08-02,1,-8625.25405275714,724.9537668030766,-182.53410993464186,-8082.834395888704
2022-08-03,1,-60030.192561713586,904.9861345136036,-18.014374130219593,-59143.2208013302
2022-08-04,1,19716.0051486221,968.1742217810885,-36.10578899493386,20648.073581408255
2022-08-05,1,-58953.544823661534,884.4698447827724,-173.14051105931856,-58242.21548993808
2022-08-08,1,-30028.45918743102,3406.7489273331585,-190.79482205711167,-26812.505082154974
2022-08-09,1,-39761.212985435515,1111.9049477269143,-172.73950848476443,-38822.04754619337
2022-08-10,1,29819.43768704724,1201.9328013651789,-54.286266089263464,30967.084222323156
2022-08-11,1,90133.75980094644,1137.175514720708,-8.793282203675261,91262.14203346347
2022-08-12,1,-49855.008062373294,1108.7198698409375,9.096708144284804,-48737.19148438807
2022-08-15,1,-78.2672688466264,3439.9121703438877,136.91179941157895,3498.5567009088404
2022-08-16,1,-19848.289675423603,1091.3653184300817,-18.00098082873128,-18774.925337822253
2022-08-17,1,40056.82304392757,1152.9608667545783,45.70947577879508,41255.49338646094
2022-08-18,1,49834.685401504394,1173.4771564854084,118.26741101945304,51126.42996900926
2022-08-19,1,69734.94024200218,1091.3419788640795,27.260272393314757,70853.54249325956
2022-08-22,1,-20204.74451021369,3307.1191609049597,135.4039413643158,-16762.221407944417
2022-08-23,1,49666.95599347759,1186.077430633302,81.30384234352017,50934.337266454415
2022-08-24,1,-10016.079891666026,1139.233754586837,82.19178082191809,-8794.65435625727
2022-08-25,1,-69772.69441816698,1219.9033189417419,109.32336567415408,-68443.4677335511
2022-08-26,1,-9975.517434140002,1231.232081974077,127.88579876768748,-8616.399553398238
2022-08-29,1,30088.154650247605,3769.697482751345,356.2191873049229,34214.071320303876
2022-08-30,1,-49902.273369434544,1302.3033919941063,54.555325049966434,-48545.41465239047
2022-08-31,1,49861.379984121966,1362.5691375483912,45.47938747788277,51269.428509148245
2022-09-01,1,49577.20962699908,1335.5048832412272,-45.84325040012516,50866.87125984018
2022-09-02,1,50321.278705187484,1385.9107751773413,90.38687921768725,51797.57635958251
2022-09-05,1,0.0,3744.52465013933,-329.80751356831337,3414.7171365710165
2022-09-06,1,29178.962038792117,1248.1748833797765,-109.93583785610448,30317.201084315788
2022-09-07,1,-9308.72812315882,1349.2482665353018,-228.53750302316578,-8188.017359646685
2022-09-08,1,-10156.517166607697,1297.1118659017275,-337.8840684686138,-9197.289369174585
2022-09-09,1,-40283.647401622366,1333.5127752604717,-255.8033384723166,-39205.93796483421
2022-09-12,1,19519.637787561216,4304.543273097875,-657.9306943548434,23166.250366304248
2022-09-13,1,-120179.35893930326,1450.583248974122,-255.68637379260127,-118984.46206412175
2022-09-14,1,-39652.60613897721,1677.1180500473006,-364.50175456749076,-38339.9898434974
2022-09-15,1,-50164.7735483543,1723.11721374092,-364.2846933530352,-48805.941027966415
2022-09-16,1,19859.310400939827,1838.7187780404051,-228.28802282680437,21469.741156153428
2022-09-19,1,-60097.48547815798,5430.556842957225,-602.4505671822776,-55269.37920238303
2022-09-20,1,68373.39100803048,1940.0537604792248,-155.5923858230538,70157.85238268664
2022-09-21,1,-118004.41852390047,1928.72499744689,-83.3898844116368,-116159.08341086522
2022-09-22,1,99963.46673630633,2046.4211133764404,-36.52968036529805,101973.35816931748
2022-09-23,1,-99809.79214416763,1279.679460417591,208.77940319985913,-98321.33328055017
2022-09-26,1,118495.53597663727,4237.488965677999,844.5961642174834,123577.62110653275
2022-09-27,1,58487.956771322795,1451.0785668666308,434.5997347980265,60373.635072987454
2022-09-28,1,-15261.19833725458,1464.8089455686682,534.0867363513684,-13262.302655334544
2022-09-29,1,-50352.00427928677,1215.5594261303927,318.4807489551491,-48817.96410420123
2022-09-30,1,9255.925772551062,1332.014550932439,609.6011306358876,11197.541454119388
2022-10-03,1,-57773.49403082722,4186.413387051531,1771.5202251236733,-51815.56041865202
2022-10-04,1,-29636.353729983253,1303.890337325905,409.74348343172846,-27922.71990922562
2022-10-05,1,89300.50346063994,1291.46440418994,-36.933548175593614,90555.03431665429
2022-10-06,1,-10719.83147082488,1317.6207160279428,126.59686329197874,-9275.613891504958
2022-10-07,1,-10747.77832122767,1409.864963921675,217.20858649403635,-9120.704770811959
2022-10-10,1,0.0,4472.963172736545,868.0286789695815,5340.991851706127
2022-10-11,1,39268.64111991673,1490.987724245515,289.3428929898605,41048.971737152104
2022-10-12,1,335.8579838027981,1477.8983349070916,170.9344936618263,1984.690812371716
2022-10-13,1,-130556.18138522253,1455.6553597673105,107.48132397619685,-128993.04470147903
2022-10-14,1,19392.199131889367,1709.5041389451112,152.28025515755988,21253.983525992036
2022-10-17,1,49363.59238552091,5142.242795537373,237.8364708318095,54743.671651890094
2022-10-18,1,10140.388296724945,1664.3547324630892,-20.45340949114609,11784.289619696887
2022-10-19,1,7479.981193169064,1638.8394099887012,-92.78080580490523,9026.03979735286
2022-10-20,1,27442.634121293842,1769.024913492785,-29.814295058721015,29181.844739727905
2022-10-21,1,99959.38275672791,1839.5705094787909,0.0,101798.95326620669
2022-10-24,1,30041.944182832212,4983.769830861103,-548.8316949522247,34476.88231874109
2022-10-25,1,-69811.93084063908,1662.1954299510712,-247.03895083530497,-68396.77436152332
2022-10-26,1,-30332.595384090888,1597.0551350773942,-429.9856195510192,-29165.525868564513
2022-10-27,1,9477.145786799621,1573.8987687106774,-338.33741287599537,10712.707142634305
2022-10-28,1,-49612.10757641543,1470.5298239861875,-503.7877775830401,-48645.365530012285
2022-10-31,1,-19402.791599299802,4829.028760989282,-932.0989353915595,-15505.86177370208
2022-11-01,1,-60242.50405109527,1727.5439563013576,-337.9527303254509,-58852.91282511936
2022-11-02,1,-39821.41606042035,1781.2101837299815,-474.61754413859944,-38514.823420828965
2022-11-03,1,-59741.94201548079,1872.5315354390953,-319.0675926453465,-58188.47807268704
2022-11-04,1,80090.2106211424,1170.8011749766288,-81.4555785298646,81179.55621758917
2022-11-07,1,-9802.597741785474,3264.4122951613726,-574.1149336711591,-7112.30038029526
2022-11-08,1,-30137.193829186188,1158.1800563909287,-136.64286213884168,-29115.6566349341
2022-11-09,1,39867.43917187655,1112.806143321534,-200.3959264349399,40779.84938876314
2022-11-10,1,-31702.77599909343,1032.59356496376,-310.12599351605485,-30980.308427645723
2022-11-11,1,0.0,742.826638164894,-622.0193762500576,120.80726191483643
2022-11-14,1,1024.080097259568,2228.479914494682,-1866.0581287501725,1386.5018830040774
2022-11-15,1,-51320.08585376151,809.4792782729321,-566.7693457641312,-51077.37592125271
2022-11-16,1,-112727.75257043232,793.1028810310839,-557.4179950915079,-112492.06768449275
2022-11-17,1,22529.650675209385,808.17516451518,-648.2714513211065,22689.55438840346
2022-11-18,1,-29037.186645709677,890.2653822010282,-593.0875365854116,-28740.00880009406
2022-11-21,1,39984.08164403888,2963.783997516838,-1616.4383561643867,41331.427285391335
2022-11-22,1,-59962.47849811651,941.1674811445191,-639.586381425463,-59660.89739839745
2022-11-23,1,-40140.77823054266,949.9421137207029,-785.546238835305,-39976.38235565726
2022-11-24,1,0.0,952.0727085008592,-703.1883380040964,248.8843704967628
2022-11-25,1,9863.730975293722,952.0727085008592,-703.1883380040964,10112.615345790484
2022-11-28,1,-29975.411070144204,2712.3622990657186,-2521.7238776800527,-29784.77264875854
2022-11-29,1,40367.43311993967,958.716746296888,-721.3227650924711,40604.82710114408
2022-11-30,1,29798.353313996544,967.743632328634,-730.5813562750691,30035.51559005011
2022-12-01,1,-20817.61423664319,846.2027675155769,-914.2960358666891,-20885.7075049943
2022-12-02,1,-50378.32420963902,707.7995547568889,-1043.4689180594628,-50713.993572941596
2022-12-05,1,-38996.116450881455,2273.6462750479945,-3101.121802831706,-39823.59197866517
2022-12-06,1,-20881.755614490947,916.2174178294391,-876.7289273553035,-20842.26712401681
2022-12-07,1,-11201.456774782448,844.7590899421583,-950.1689516796685,-11306.866636519959
2022-12-08,1,11027.415108529589,758.8212623449622,-1014.9482804399936,10771.288090434557
2022-12-09,1,71451.46487684285,811.2866475064541,-959.2757395057923,71303.47578484351
2022-12-12,1,-19642.158238159842,2431.0424305324705,-2879.68313349333,-20090.7989411207
2022-12-13,1,69222.21611821864,883.9363995115929,-877.0217723932453,69229.130745337
2022-12-14,1,-30338.738172149104,671.0050934231704,-1071.290720154996,-30739.02379888093
2022-12-15,1,-50808.49176142845,692.1286309291156,-1034.2990939289252,-51150.662224428255
2022-12-16,1,100949.73550135907,150.864684824122,-1042.9570802836483,100057.64310589954
2022-12-19,1,11170.025765644285,152.0988329177095,-3352.812448249308,7969.312150312686
2022-12-20,1,119984.38345390643,133.9543945084278,-977.1689497716886,119141.16889864317
2022-12-21,1,30058.1900916066,94.57125415882582,-986.7796445885447,29165.981701176883
2022-12-22,1,-39961.17960129712,40.11710200176674,-987.2577739001794,-40908.32027319553
2022-12-23,1,9603.316402081444,86.7010907538783,-1005.1421050915485,8684.875387743774
2022-12-26,1,0.0,484.45141428993855,-2657.354134799191,-2172.9027205092525
2022-12-27,1,79223.33873173948,161.4838047633129,-885.7847115997304,78499.03782490306
2022-12-28,1,49470.54774213098,146.38046963099384,-1095.962836869863,48520.96537489211
2022-12-29,1,-79231.54907434243,118.81873605124403,-1014.1301322904039,-80126.8604705816
2022-12-30,1,-20551.090116491505,178.53043825322285,-940.4519326243509,-21313.01161086263
2023-01-02,1,0.0,789.4768120501776,-2409.143209482481,-1619.6663974323033
2023-01-03,1,-78675.35361700918,263.1589373500592,-803.0477364941604,-79215.24241615328
2023-01-04,1,-59009.456433580235,278.26227248237956,-784.768614004772,-59515.96277510263
2023-01-05,1,-69996.60733217996,253.34547558752215,-866.8352063811407,-70610.09706297358
2023-01-06,1,50577.77466161581,376.6878000315213,-802.1487592418007,50152.31370240553
2023-01-09,1,29986.56435416266,378.25269331044115,-3644.089911221105,26720.727136251997
2023-01-10,1,30119.689104349527,60.47798717900713,-1306.8074060778588,28873.359685450676
2023-01-11,1,-29858.99817102767,106.39266092867936,-1315.340997311534,-31067.946507410525
2023-01-12,1,-30112.39555237496,71.63007894642126,-1388.9141040930397,-31429.67957752158
2023-01-13,1,-39746.59152632988,-7.740870105495162,-1435.809418795063,-41190.14181523044
2023-01-16,1,0.0,350.723283055553,-3699.39194666094,-3348.668663605387
2023-01-17,1,80170.80059742666,116.90776101851768,-1233.1306488869802,79054.5777095582
2023-01-18,1,-40003.39888672947,45.71636263616233,-1305.9360730593614,-41263.618597152665
2023-01-19,1,-9886.838071227117,-74.93643161781182,-1536.3051724575002,-11498.07967530243
2023-01-20,1,40562.531347702585,-38.22215453919705,-1499.1410968728032,39025.16809629059
2023-01-23,1,-29936.29729974739,13.220754396952202,-4358.115850161387,-34281.192395511825
2023-01-24,1,29938.039916571106,92.25725748745853,-1305.4303868551792,28724.866787203384
2023-01-25,1,10007.274741900988,-17.88557374838456,-1535.215166249303,8454.1740019033
2023-01-26,1,-29948.32913412447,-32.30735894629612,-1489.7305845222213,-31470.367077592986
2023-01-27,1,10056.142667859083,44.396734468492696,-1351.6783606106108,8748.861041716966
2023-01-30,1,-29978.10399701599,190.24106127490654,-3862.445583373407,-33650.30851911449
2023-01-31,1,9995.315921363763,140.11778050642445,-1195.3410349722462,8940.092666897941
2023-02-01,1,-10106.990481934277,92.25725748745853,-1223.245162078902,-11237.97838652572
2023-02-02,1,10068.56754141575,-38.22215453919705,-1526.5682620920036,8503.77712478455
2023-02-03,1,-79401.80375652738,-320.15384230554054,-1471.7319043658626,-81193.6895031988
2023-02-06,1,-39796.66410747121,-179.63509049303616,-3802.3697893929943,-43778.66898735724
2023-02-07,1,9900.01001140871,109.27123669748264,-1028.8769808100199,8980.404267296173
2023-02-08,1,-19798.488561771675,139.43443526097514,-1019.5769532249244,-20678.631079735624
2023-02-09,1,9903.626545312323,123.69302189539414,-1037.8732930074852,8989.446274200232
2023-02-10,1,49597.20213924369,165.00246639923898,-983.0732515356217,48779.1313541073
2023-02-13,1,-39719.49003559893,479.3130481553621,-2867.6616939179794,-42107.83868136155
2023-02-14,1,-30131.431258153076,195.16566496273137,-955.5246033930598,-30891.790196583403
2023-02-15,1,19637.401658412724,294.1622502582236,-945.7330180745734,18985.830890596375
2023-02-16,1,49977.76356292814,313.6666041577761,-812.7853881278537,49478.64477895806
2023-02-17,1,-19903.274252587453,297.06455399526436,-904.3745910888006,-20510.584289680988
2023-02-20,1,0.0,844.0460348931769,-2932.473683652982,-2088.427648759805
2023-02-21,1,59920.127660542756,281.34867829772566,-977.4912278843274,59223.98511095616
2023-02-22,1,-9871.043760535262,339.6746532716114,-977.3087726724129,-10508.677879936064
2023-02-23,1,-49710.529148048925,331.8167154228427,-995.6315049532134,-50374.343937579295
2023-02-24,1,-50178.85981298442,348.4187655853546,-885.7877249421006,-50716.228772341165
2023-02-27,1,-29797.51133049137,1497.4829709693686,-1806.7110379812161,-30106.739397503214
2023-02-28,1,-29942.114278354933,520.3005683019012,-538.2669104823799,-29960.080620535413
2023-03-01,1,9705.45828470659,563.7968420432214,-437.76549493707824,9831.489631812732
2023-03-02,1,69326.44392595418,638.7248671796191,-319.5257822039473,69645.64301092987
2023-03-03,1,-78672.14462653703,626.6603448333736,-265.39697557056365,-78310.88125727422
2023-03-06,1,-19990.323710468376,1859.0657443487378,-903.8701040866395,-19035.12807020628
2023-03-07,1,-119560.33991169026,659.8644451583972,-273.89268430726725,-119174.36815083913
2023-03-08,1,-39848.44231796684,822.6711922424109,-418.7430283196438,-39444.514154044075
2023-03-09,1,99633.5657718623,891.8445717787772,-354.9005820478627,100170.50976159322
2023-03-10,1,70319.74452639744,690.9652532346837,-610.1836538789139,70400.52612575321
2023-03-13,1,419335.26320404117,997.1158397070744,-2025.647940508072,418306.73110324016
2023-03-14,1,-80074.4117431435,-455.42945190981254,-652.5427750947001,-81182.38397014802
2023-03-15,1,140298.22468661613,-238.83425766818038,-596.3394823352027,139463.05094661276
2023-03-16,1,-161027.5711836859,-587.1353909175403,-662.7060504507493,-162277.4126250542
2023-03-17,1,159977.36235609825,-299.6573040857521,-858.4474885844766,158819.25756342802
2023-03-20,1,-29775.053840276683,-2158.7398280305715,-3547.719391420681,-35481.513059727935
2023-03-21,1,-130140.40561389916,-587.2598341475396,-1080.3793470387905,-131808.0447950855
2023-03-22,1,100084.22053529107,-266.2539084742282,-1314.6805243650292,98503.2861024518
2023-03-23,1,100046.3842295476,-532.8809820451097,-1601.5879015612002,97911.91534594129
2023-03-24,1,0.0,-1066.7352205081795,-1697.2701097355168,-2764.0053302436963
2023-03-27,1,-29508.776240812876,-3200.205661524538,-4568.740777077566,-37277.72267941498
2023-03-28,1,-60165.06133459671,-856.4738555519732,-1528.8538694351034,-62550.38905958378
2023-03-29,1,-40077.629186077975,-747.7161513471142,-1408.4849713070969,-42233.830308732184
2023-03-30,1,-40004.81600510553,-667.7880384079795,-1352.6371765748283,-42025.241220088334
2023-03-31,1,-30014.704811649724,-632.3977862842107,-1397.9378684887454,-32045.04046642268
2023-04-03,1,39891.969449268836,-2001.2839674375311,-4579.219312484795,33311.46616934651
2023-04-04,1,49759.46566466674,-780.4261643631671,-1683.637373086603,47295.40212721697
2023-04-05,1,-332.84352425154066,-941.5758641582111,-1787.1341535268589,-3061.5535419366106
2023-04-06,1,-30127.70654799073,-997.2481901774165,-1723.8922696985317,-32848.84700786667
2023-04-07,1,-59433.466821196824,-954.0038032788282,-1860.7697843524027,-62248.24040882805
2023-04-10,1,-9895.33004096926,-2301.9145279412405,-5105.378376939257,-17302.62294584976
2023-04-11,1,-9904.090061087049,-730.6211166065352,-1728.6510548381275,-12363.362232531712
2023-04-12,1,59979.566214722916,-693.9373905659897,-1709.8124933661054,57575.816330790825
2023-04-13,1,30270.70311823998,-802.6950947708492,-1876.3736673347448,27591.634356134386
2023-04-14,1,-49885.79129011746,-801.4016208540736,-1894.455214100625,-52581.648125072155
2023-04-17,1,-20003.078630906966,-1954.3109700443626,-5561.643835616433,-27519.033436567763
2023-04-18,1,-29910.107578245927,-533.5853968847703,-1660.184693212093,-32103.87766834279
2023-04-19,1,-29991.750330694398,-512.6331969564296,-1650.8379257305805,-32155.22145338141
2023-04-20,1,40039.6130215169,-447.15951423760816,-1586.0697404042376,38006.38376687506
2023-04-21,1,-7.413166735990671,-571.5589935214398,-1679.1546862527239,-2258.1268465101543
2023-04-24,1,67.13435558896163,-1614.503644285733,-4871.578590401405,-6418.947879098176
2023-04-25,1,139873.93441478792,-593.8197349166802,-1716.0447983013432,137564.0698815699
2023-04-26,1,-9930.711429018524,-929.0445761315029,-2014.445464986125,-12874.201470136151
2023-04-27,1,-69931.60822744611,-881.2491502641146,-2013.485125147984,-72826.34250285821
2023-04-28,1,-59952.504434604656,-669.1152468662206,-1908.9295068784547,-62530.54918834933
2023-05-01,1,50538.086188224974,-2048.5881014929337,-6112.084449127582,42377.41363760446
2023-05-02,1,20386.978248276864,-587.9287089059713,-1943.86434168668,17855.18519768421
2023-05-03,1,19872.18273021187,-783.6928969193324,-2112.406055642998,16976.08377764954
2023-05-04,0,130254.57909621566,-879.2837486541096,-2233.4956517034075,127141.79969585815
2023-05-05,0,-3226.2818753865513,0.0,0.0,-3226.2818753865513
2023-05-08,0,0.0,0.0,0.0,0.0
2023-05-09,0,0.0,0.0,0.0,0.0
2023-05-10,0,0.0,0.0,0.0,0.0
2023-05-11,0,0.0,0.0,0.0,0.0
2023-05-12,0,0.0,0.0,0.0,0.0
2023-05-15,0,0.0,0.0,0.0,0.0
2023-05-16,0,0.0,0.0,0.0,0.0
2023-05-17,0,0.0,0.0,0.0,0.0
2023-05-18,0,0.0,0.0,0.0,0.0
2023-05-19,0,0.0,0.0,0.0,0.0
2023-05-22,0,0.0,0.0,0.0,0.0
2023-05-23,0,0.0,0.0,0.0,0.0
2023-05-24,0,0.0,0.0,0.0,0.0
2023-05-25,0,0.0,0.0,0.0,0.0
2023-05-26,0,0.0,0.0,0.0,0.0
2023-05-29,0,0.0,0.0,0.0,0.0
2023-05-30,0,0.0,0.0,0.0,0.0
2023-05-31,0,0.0,0.0,0.0,0.0
2023-06-01,0,0.0,0.0,0.0,0.0
2023-06-02,0,0.0,0.0,0.0,0.0
2023-06-05,0,0.0,0.0,0.0,0.0
2023-06-06,0,0.0,0.0,0.0,0.0
2023-06-07,0,0.0,0.0,0.0,0.0
2023-06-08,0,0.0,0.0,0.0,0.0
2023-06-09,0,0.0,0.0,0.0,0.0
2023-06-12,0,0.0,0.0,0.0,0.0
2023-06-13,0,0.0,0.0,0.0,0.0
2023-06-14,1,0.0,0.0,0.0,0.0
2023-06-15,1,6743.578319054106,-78.21893621516455,-1342.465753424656,5322.893629414285
2023-06-16,1,-29848.613266618035,-204.70021519591307,-1526.9693250862836,-31580.28280690023
2023-06-19,1,0.0,-349.06884029736557,-4138.252056026049,-4487.320896323415
2023-06-20,1,-10077.692708825682,-116.35628009912193,-1379.417352008683,-11573.466340933486
2023-06-21,1,-20087.442124905036,-124.2288019701225,-1434.4622774743807,-21646.13320434954
2023-06-22,1,-9637.409467820587,-117.58154557016383,-1452.600154683165,-11207.591168073915
2023-06-23,1,-108.97453949405462,-13.4925667313737,-1314.3934990304251,-1436.8606052558534
2023-06-26,1,39934.28592643708,-242.00840147174108,-4054.72482879976,35637.55269616558
2023-06-27,1,-39830.46218913411,-161.14088038303794,-1581.1202943103528,-41572.7233638275
2023-06-28,1,-30174.701117183635,-47.08101694430968,-1497.3712154454504,-31719.153349573397
2023-06-29,1,-19240.958929601795,-70.69858255730895,-1561.6095295130804,-20873.267041672185
2023-06-30,1,-39961.28572244062,115.08707497831364,-1349.4038934689816,-41195.602540931286
2023-07-03,1,-19841.862716261887,351.55631312175683,-3910.5580671303696,-23400.8644702705
2023-07-04,1,0.0,202.20574460406436,-1184.206132617479,-982.0003880134145
2023-07-05,1,89869.38484350103,202.20574460406436,-1184.206132617479,88887.38445548763
2023-07-06,1,49541.746630017245,172.29309080425008,-1111.9650290025795,48602.07469181891
2023-07-07,1,59743.79397071107,211.65570015924814,-1075.5565194487517,58879.893151421566
2023-07-10,1,40335.671685076646,407.19954181343223,-3393.1011472200917,37349.77007966999
2023-07-11,1,-49786.97238854391,32.86946723672679,-1332.4362834487376,-51086.53920475592
2023-07-12,1,30731.730608457277,71.879908378582,-1404.789296504557,29398.8212203313
2023-07-13,1,30176.50986654834,-117.22937735701981,-1626.1332287756682,28433.14726041565
2023-07-14,1,-80006.8491397599,-272.9485919904001,-1780.8219178082181,-82060.61964955852
2023-07-17,1,-19932.26711705745,-236.19788252413196,-4622.234040783606,-24790.699040365187
2023-07-18,1,-9975.792813432863,-72.10788300006664,-1522.4102748812868,-11570.310971314217
2023-07-19,1,-49903.13748323594,-68.79551074607792,-1495.0184376825266,-51466.95143166455
2023-07-20,1,40157.0860240486,-52.2336494761347,-1476.5235116335962,38628.32886293887
2023-07-21,1,-29905.851174536216,1.6036560880887123,-1384.8293517349755,-31289.0768701831
2023-07-24,1,29894.893781268504,101.70911313034503,-3989.3009272055415,26007.301967193307
2023-07-25,1,9864.434987151755,12.784788518118205,-1430.2661821260292,8446.953593543843
2023-07-26,1,-19732.1485210651,54.19694598424854,-1320.5767093307868,-20998.52828441164
2023-07-27,1,59524.56632649456,27.278293202137604,-1384.5240193875989,58167.320600309096
2023-07-28,1,-9553.173675686703,-171.49405920227065,-1229.0201908384731,-10953.687925727447
2023-07-31,1,-62.589615771521494,-638.7186500052037,-3770.1251280968995,-4471.4333938736245
2023-08-01,1,39330.90094422639,-201.7250842383719,-1238.334734236023,37890.841125752
2023-08-02,1,69423.33789989668,-170.25004353420724,-1165.2130408804608,68087.874815482
2023-08-03,1,98228.13231613164,-238.161179032247,-1229.5438240319052,96760.42731306748
2023-08-04,1,-27295.697708814114,-248.92263671207337,-1229.2203037509764,-28773.84064927716
2023-08-07,1,59397.238818292695,-1119.4773273313938,-4375.111723558171,53902.649767403134
2023-08-08,1,-48933.46969487121,-415.3956074944568,-1440.4669183917704,-50789.33222075744
2023-08-09,1,-69659.60278793641,-421.19601108457255,-1632.135573536784,-71712.93437255776
2023-08-10,1,59033.486058155875,-342.10374315650336,-1467.3576993954619,57224.02461560391
2023-08-11,1,-913.4684819736722,-328.4345793903455,-1321.4830663951168,-2563.3861277591345
2023-08-14,1,-40021.38408926142,-734.7614622604831,-3589.0410958904167,-44345.186647412316
2023-08-15,1,59937.44867901072,-153.22893310519976,-1031.1478885002512,58753.071857405266
2023-08-16,1,19850.063753100017,-218.16717404580265,-1113.9386352000433,18517.95794385417
2023-08-17,0,49856.162668787234,-169.07567896934057,-1013.1149451083786,48673.97204470952
2023-08-18,0,-3270.9566304476657,0.0,0.0,-3270.9566304476657
2023-08-21,0,0.0,0.0,0.0,0.0
2023-08-22,0,0.0,0.0,0.0,0.0
2023-08-23,0,0.0,0.0,0.0,0.0
2023-08-24,0,0.0,0.0,0.0,0.0
2023-08-25,0,0.0,0.0,0.0,0.0
2023-08-28,0,0.0,0.0,0.0,0.0
2023-08-29,0,0.0,0.0,0.0,0.0
2023-08-30,0,0.0,0.0,0.0,0.0
2023-08-31,0,0.0,0.0,0.0,0.0
2023-09-01,0,0.0,0.0,0.0,0.0
2023-09-04,0,0.0,0.0,0.0,0.0
2023-09-05,0,0.0,0.0,0.0,0.0
2023-09-06,0,0.0,0.0,0.0,0.0
2023-09-07,0,0.0,0.0,0.0,0.0
2023-09-08,0,0.0,0.0,0.0,0.0
2023-09-11,0,0.0,0.0,0.0,0.0
2023-09-12,0,0.0,0.0,0.0,0.0
2023-09-13,0,0.0,0.0,0.0,0.0
2023-09-14,0,0.0,0.0,0.0,0.0
2023-09-15,0,0.0,0.0,0.0,0.0
2023-09-18,0,0.0,0.0,0.0,0.0
2023-09-19,0,0.0,0.0,0.0,0.0
2023-09-20,0,0.0,0.0,0.0,0.0
2023-09-21,0,0.0,0.0,0.0,0.0
2023-09-22,0,0.0,0.0,0.0,0.0
2023-09-25,0,0.0,0.0,0.0,0.0
2023-09-26,0,0.0,0.0,0.0,0.0
2023-09-27,0,0.0,0.0,0.0,0.0
2023-09-28,0,0.0,0.0,0.0,0.0
2023-09-29,0,0.0,0.0,0.0,0.0
2023-10-02,0,0.0,0.0,0.0,0.0
2023-10-03,-1,0.0,0.0,0.0,0.0
2023-10-04,-1,-23298.711922360962,81.51116567714914,904.1095890410953,-22313.09116764272
2023-10-05,-1,-9986.04263530148,199.5604699477295,996.5851002792461,-8789.897065074503
2023-10-06,-1,-10184.609145542454,225.2603985998747,978.5554887261277,-8980.793258216452
2023-10-09,-1,0.0,519.6079173740583,2851.7004395950016,3371.30835696906
2023-10-10,-1,69.76867039286299,173.2026391246861,950.5668131983341,1193.5381227158832
2023-10-11,-1,110640.73469579768,306.50153305726064,1125.8601855481368,112073.09641440309
2023-10-12,-1,-51184.35003315094,234.85889994356285,1042.8547319076195,-49906.636401299766
2023-10-13,-1,50344.87084291814,174.51844346648048,987.2565173752369,51506.64580375986
2023-10-16,-1,-30620.904343751135,537.9530824149714,2962.227153381016,-27120.72410795515
2023-10-17,-1,-20498.813803396188,134.22682732323577,877.2349910304889,-19487.351985042464
2023-10-18,-1,-79924.17489869223,30.11130837285714,748.5195094485134,-79145.54408087087
2023-10-19,-1,-119645.12285805622,57.97887901325993,730.3972112638291,-118856.74676777913
2023-10-20,-1,-20409.173405941983,155.3214407791045,803.8982581328304,-19449.953707030047
2023-10-23,-1,49584.01892833555,720.138064699617,2797.212375877991,53101.36936891316
2023-10-24,-1,-107.14168572404742,244.84527223838393,1005.8086231866123,1143.512209700949
2023-10-25,-1,-59792.29973067005,278.16999572152775,1042.7951647960404,-58471.33457015248
2023-10-26,-1,29354.768501679784,232.42122673554198,932.4960036846096,30519.685732099937
2023-10-27,-1,-10094.323126545525,288.6203347116789,1015.2861264121506,-8790.416665421695
2023-10-30,-1,133.96923054288345,976.2855135746147,3321.3681824300406,4431.622926547539
2023-10-31,-1,40057.81754324243,280.99553988068027,1042.6007305775413,41381.41381370065
2023-11-01,-1,-10479.871730921805,222.62878991628736,1005.5729008097692,-9251.670040195748
2023-11-02,-1,129992.38985794043,358.44736851126277,1168.949771689497,131519.78699814118
2023-11-03,-1,-49469.516923746836,280.0091719311786,1086.3184785660962,-48103.189273249554
2023-11-06,-1,-811.0959451518574,1390.7689214077677,3841.6131804641454,4421.286156720056
2023-11-07,-1,70423.82993949411,352.7921344640019,1105.3304658804632,71881.95253983859
2023-11-08,-1,110826.61433463941,350.6137423227789,1151.2397312313767,112328.46780819356
2023-11-09,-1,-31720.37145420155,290.2089801552991,1077.2835721653873,-30352.878901880867
2023-11-10,-1,20061.93343860838,189.8419998681613,930.1647322202206,21181.94017069676
2023-11-13,-1,-40131.05581562413,515.4256963666744,2598.2474735048986,-37017.38264575256
2023-11-14,-1,-28545.920345846884,207.87543428076577,902.9354996866377,-27435.10941187948
2023-11-15,-1,8755.154360378641,462.06047321044196,1198.3842480907483,10415.599081679831
2023-11-16,-1,10876.696901660194,347.786125299148,986.5976813334663,12211.080708292808
2023-11-17,-1,60225.95132295566,421.86753759678726,1078.9314451925782,61726.75030574502
2023-11-20,-1,30325.294264662494,1036.8231994737785,2877.907513647884,34240.02497778416
2023-11-21,-1,-19853.55551629214,324.0974568392838,949.870912351307,-18579.58714710155
2023-11-22,-1,19859.551263810532,364.29039245293717,1014.3545933625892,21238.19624962606
2023-11-23,-1,0.0,324.0974568392838,977.2879907462695,1301.3854475855533
2023-11-24,-1,-20819.02578847549,324.0974568392838,977.2879907462695,-19517.640340889935
2023-11-27,-1,1122.0738235326862,893.4356665493553,2766.5867241090973,4782.096214191139
2023-11-28,-1,-59232.20926436687,386.44989365398845,1060.14719264394,-57785.61217806894
2023-11-29,-1,-18789.009522981316,529.1882016960017,1299.9187028885942,-16959.90261839672
2023-11-30,-1,-12077.44357622834,635.8596409128097,1310.6424007305961,-10130.941534584934
2023-12-01,-1,-20019.02224258177,543.6085918861957,1168.949771689497,-18306.463879006074
2023-12-04,-1,19731.31091808433,2217.742150603329,4035.673718268323,25984.72678695598
2023-12-05,-1,30356.093183477802,643.5702355309827,1243.300257407908,32242.963676416693
2023-12-06,-1,90607.36528167187,711.0846501092282,1326.6299679235701,92645.07989970467
2023-12-07,-1,-40272.86240772235,647.0635107912062,1252.7233467449832,-38373.07555018616
2023-12-08,-1,39236.79375352236,682.9219166840147,1271.5381173316168,41191.25378753799
2023-12-11,-1,0.0,1574.664505676069,3314.979323309197,4889.643828985266
2023-12-12,-1,50206.86786644721,524.8881685586896,1141.5909059626056,51873.346940968506
2023-12-13,-1,-108690.18958406788,485.61858583961003,1086.4589473936207,-107118.11205083465
2023-12-14,-1,31623.540921311374,823.0264618629357,1319.364903018589,33765.9322861929
2023-12-15,-1,80524.01385611981,912.7545750289123,1449.0533518220282,82885.82178297076
2023-12-18,-1,-50930.14435107858,2423.1516460850944,4122.462003394222,-44384.53070159927
2023-12-19,-1,335.41521995402945,835.879948786913,1411.1931713727515,2582.488340113694
2023-12-20,-1,1226.006961043502,858.0936473746426,1402.1933551369636,3486.2939635551083
2023-12-21,-1,-40792.79925650679,935.8415924316987,1467.7231277246485,-38389.23453635044
2023-12-22,-1,-30330.57818972939,960.5931490306427,1385.3401007727232,-27984.644939926024
2023-12-25,-1,0.0,2979.121134291547,4157.067283865277,7136.188418156824
2023-12-26,-1,-40025.77014446184,993.0403780971826,1385.6890946217593,-37647.0406717429
2023-12-27,-1,41994.6460767339,1062.2193318715867,1551.8507803904693,44608.71618899596
2023-12-28,-1,8969.155611711198,1115.2157203296981,1608.0487339018096,11692.420065942704
2023-12-29,-1,-71204.72313177832,1045.163447740238,1542.989010271601,-68616.57067376647
2024-01-01,-1,-30.47707507211678,3312.791581105426,4602.739726027393,7885.054232060702
2024-01-02,-1,29999.99999999936,1104.2638603684754,1534.2465753424644,32638.5104357103
2024-01-03,-1,39864.87972028875,983.2803889445071,1286.112992649557,42134.27310188281
2024-01-04,-1,-29944.52737172998,969.9536639271432,1304.3579183698362,-27670.215789433
2024-01-05,-1,-39718.231038466576,924.454493859693,1285.3350096642935,-37508.44153494258
2024-01-08,-1,-244.77823162685672,2746.7506000346,3636.1769347555514,6138.1493031632945
2024-01-09,-1,-9937.3963455156,959.9789044092453,1276.4424350018035,-7700.975006104552
2024-01-10,-1,-9880.935211386824,963.3105856635862,1276.4336820499464,-7641.190943673291
2024-01-11,-1,-50275.53593568472,955.543424151833,1257.9752028505352,-48062.017308682356
2024-01-12,-1,-100052.81969620417,1094.289100850579,1369.243243195679,-97589.2873521579
2024-01-15,-1,0.0,3782.376079761375,4332.812230317011,8115.188310078386
2024-01-16,-1,-29488.193750551203,1260.7920265871248,1444.2707434390038,-26783.130980525075
2024-01-17,-1,90288.45854289344,1181.9963282213905,1369.5220104322966,92839.97688154712
2024-01-18,-1,-39577.543656196394,1018.8250837391857,1285.7044477048987,-37273.01412475231
2024-01-19,-1,40058.09336934833,1032.1518087565496,1294.6709022188118,42384.916080323695
2024-01-22,-1,19521.13022455156,2889.992609726139,3772.6013217217223,26183.72415599942
2024-01-23,-1,-89567.2599554532,978.8651929322199,1294.2661617938631,-87294.12860072713
2024-01-24,-1,-9530.474035538806,1075.4433808178571,1395.5923644230784,-7059.4382902978705
2024-01-25,-1,-20494.62128899392,1045.4785337739136,1376.6839638264223,-18072.458791393587
2024-01-26,-1,50088.322282527966,1118.7349528791628,1377.4025405488806,52584.459775956006
2024-01-29,-1,19160.80085104963,3106.450470032672,3746.8386546547345,26014.089975737035
2024-01-30,-1,89992.18708825744,1081.3650869074118,1342.4657534246571,92416.01792858951
2024-01-31,-1,-19856.290054361933,973.5499886896109,1231.8821330213605,-17650.85793265096
2024-02-01,-1,50504.90346096062,1079.9710919354695,1297.2677525830404,52882.14230547912
2024-02-02,-1,-1455.8594803904707,1140.6901564614955,1353.4046758182053,1038.23535188923
2024-02-05,-1,-40422.46630949402,2890.373944409835,3722.960909008496,-33809.13145607569
2024-02-06,-1,9798.107636979359,866.1438817264481,1130.0723797041971,11794.323898410004
2024-02-07,-1,19975.80823482671,940.3189558786964,1194.913242624963,22111.04043333037
2024-02-08,-1,-10043.669758043456,911.4369291916412,1149.0150305179586,-7983.217798333856
2024-02-09,-1,26.17498661017089,859.4158769133376,1011.6155805735351,1897.2064440970435
2024-02-12,-1,-19954.075868704094,2511.78556511818,3116.115957578374,-14326.174346007538
2024-02-13,-1,40235.15487119678,866.1438817264481,1130.0723797041971,42231.37113262742
2024-02-14,-1,-40101.77315208458,653.3016752347341,936.7902937706585,-38511.681183079185
2024-02-15,-1,29727.239706163597,755.3737723567305,1037.7014038279158,31520.314882348244
2024-02-16,-1,20199.02376481997,745.2817651370648,1001.3310464648453,21945.63657642188
2024-02-19,-1,0.0,1949.813018484537,2755.6093669535694,4705.422385438106
2024-02-20,-1,-20104.335864140015,649.9376728281791,918.5364556511897,-18535.86173566065
2024-02-21,-1,273.51474947249517,712.0507323261482,1028.2759499727654,2013.8414317714087
2024-02-22,-1,39903.48381426262,656.6656776412898,918.5451143380346,41478.694606241945
2024-02-23,-1,49260.79993186799,587.8246133302083,881.7011368048538,50730.32568200305
2024-02-26,-1,80.6504751152388,1779.4758695141281,2645.5732240602383,4505.699568689605
2024-02-27,-1,-19761.225922266443,571.0046012974319,890.8328206131421,-18299.38850035587
2024-02-28,-1,-20019.918250143066,567.3630785693592,876.7123287671232,-18575.84284280658
2024-02-29,-1,20038.399710313228,640.8341528149667,977.8661811062356,21657.10004423443
2024-03-01,-1,-39899.55067293439,634.0313794479832,986.9570316420247,-38278.56226184439
2024-03-04,-1,39962.12843399354,2276.2522829389645,3266.475376769288,45504.85609370179
2024-03-05,-1,20313.357165706082,667.3655298872935,1005.628941183245,21986.35163677662
2024-03-06,-1,30192.984754373454,738.342440878704,1079.5868779961436,32010.9140732483
2024-03-07,-1,-29897.597374001693,717.0268973484584,1088.6570290857783,-28091.913447567455
2024-03-08,-1,-20048.378655761884,782.7879747977861,1180.9318934216146,-18084.658787542485
2024-03-11,-1,19973.578711113463,2435.4405453729305,3653.751329987783,26062.770586474177
2024-03-12,-1,9552.465955148007,771.6765913180158,1217.4743770875607,11541.616923553584
2024-03-13,-1,-173.317840206033,690.49552027613,1152.353690458054,1669.531370528151
2024-03-14,-1,-30501.482114438608,657.1613698368182,1087.8968654042092,-28756.42387919758
2024-03-15,-1,19990.47226835564,589.585845528901,977.3983513623507,21557.45646524689
2024-03-18,-1,-20002.413765840454,1615.0126147285052,2656.8795539226094,-15730.521597189341
2024-03-19,-1,-10039.358536613625,534.0289281300476,894.6629731386363,-8610.66663534494
2024-03-20,-1,-60007.34741076156,592.9872322123929,1032.210485172367,-58382.14969337681
2024-03-21,-1,30039.87747545696,713.3980036312784,1143.0645243050449,31896.340003393285
2024-03-22,-1,20067.00593117036,669.859693141491,1060.3758361504679,21797.24146046232
2024-03-25,-1,-80196.28649003107,2089.1732106414574,3209.7403329940093,-74897.3729463956
2024-03-26,-1,30067.507637371767,779.1590810806064,1262.7118384097575,32109.37855686213
2024-03-27,-1,20100.693610463717,746.7321540705905,1216.6825797055565,22064.108344239863
2024-03-28,-1,49991.6182700116,761.9622431504303,1251.1415525114164,52004.72206567344
2024-03-29,-1,0.0,689.5384883761052,1204.7513713832634,1894.2898597593685
2024-04-01,-1,-78.51688150956761,2068.615465128316,3614.2541141497895,5604.352697768538
2024-04-02,-1,-49770.03191842364,545.2219478185305,929.4840175125753,-48295.32595309254
2024-04-03,-1,-19961.386822664797,584.3418855411072,947.9901887478599,-18429.05474837583
2024-04-04,-1,19668.447195228313,613.3113874508381,957.283892773373,21239.042475452523
2024-04-05,-1,314.95696559912176,639.84824729402,957.6307110550748,1912.4359239482164
2024-04-08,-1,20157.46591844118,1653.1142054680763,2624.108739611554,24434.68886352081
2024-04-09,-1,19486.35617438975,488.76474952788084,783.1847901268528,20758.305714044483
2024-04-10,-1,40897.672412257874,526.4028817216468,774.4786491163613,42198.55394309588
2024-04-11,-1,-49626.85923920403,257.5397032411162,563.6977206404413,-48805.621815322476
2024-04-12,-1,9209.81954613232,318.8621856648587,618.5411419171364,10147.222873714314
2024-04-15,-1,-78350.33048857117,1112.9552064404688,1965.3598124575217,-75272.01546967318
2024-04-16,-1,626.3841608284347,342.54653589483564,609.2851266480438,1578.2158233713142
2024-04-17,-1,38429.561641646535,298.141446492505,554.5059954554882,39282.20908359453
2024-04-18,-1,689.5767033437805,329.012621477706,609.2510066488867,1627.8403314703733
2024-04-19,-1,9636.522961644307,273.50625972479156,518.2170718562134,10428.246293225313
2024-04-22,-1,0.0,843.6721604132789,1554.7715443092718,2398.4437047225506
2024-04-23,-1,-99629.62769352744,281.22405347109304,491.0017039536949,-98857.40193610266
2024-04-24,-1,-9338.791628839987,437.17283537032574,755.2107243162335,-8146.408069153427
2024-04-25,-1,20769.272336620154,407.25249692286104,754.9514352680916,21931.476268811108
2024-04-26,-1,29971.63628137699,320.34487397557757,675.7990867579911,30967.780242110555
2024-04-29,-1,50057.10115478092,929.8469154237215,2027.358149893986,53014.30622009863
2024-04-30,-1,9791.437080900789,281.5294224447979,620.8981926955413,10693.864696041128
2024-05-01,-1,-19894.42089707141,200.4128014699605,556.5148265422132,-19137.493269059236
2024-05-02,-1,-39833.22495787296,296.08776891768014,675.768625563082,-38861.3685633922
2024-05-03,-1,20393.113970467188,409.7863835608389,804.5675533313645,21607.467907359394
2024-05-06,-1,20113.827689613114,1408.2421698530418,2580.216138082009,24102.285997548162
2024-05-07,-1,20201.100874815595,451.3904094222404,832.5302990897892,21485.021583327627
2024-05-08,-1,9923.577648212393,444.45980797712673,850.7495871854871,11218.787043375007
2024-05-09,-1,-9741.773280160662,418.80841575391935,786.4419308900506,-8536.522933516691
2024-05-10,-1,19535.80450898521,466.64589947777915,869.1631034742711,20871.61351193726
2024-05-13,-1,169.75279907531876,1146.191933341154,2440.769921177916,3756.7146535943884
2024-05-14,-1,-9736.943265697257,404.2500692810372,841.2132091596518,-8491.479987256567
2024-05-15,-1,10934.031383074587,452.0875530048968,960.6395829321391,12346.758519011622
2024-05-16,-1,29811.80074873667,537.3666182849452,1025.7956997735992,31374.963066795215
2024-05-17,-1,9493.403081440643,471.50548736564605,951.7144031240585,10916.622971930348
2024-05-20,-1,-30284.46779401056,1237.724873674382,2524.175517247718,-26522.567403088462
2024-05-21,-1,30374.120341100836,434.0639058094566,905.6366573264877,31713.82090423678
2024-05-22,-1,19789.079727425687,423.6680036417862,868.9335416735644,21081.681272741036
2024-05-23,-1,9542.10676142745,372.3652191953696,813.6582972424633,10728.130277865284
2024-05-24,-1,30122.25692112533,313.4346897211842,767.3002180299524,31202.991828876464
2024-05-27,-1,-8.152480137849228,852.21256228174,2219.178082191782,3063.2381643356725
2024-05-28,-1,-69999.9999999994,284.0708540939134,739.7260273972606,-68976.20311850823
2024-05-29,-1,-49735.581938951815,296.9248992733621,721.4416755429331,-48717.21536413552
2024-05-30,-1,19586.660328420978,291.7999683814163,693.936705564536,20572.397002366928
2024-05-31,-1,9824.911340108709,329.4569601660613,721.6286368224371,10875.996937097207
2024-06-03,-1,29727.758514511443,1078.2379488887773,2357.3791192090134,33163.37558260923
2024-06-04,-1,30125.0997506083,427.02533087776794,877.8757272662402,31430.00080875231
2024-06-05,-1,-9846.98058501572,472.3836249835281,933.3057018705888,-8441.291258161604
2024-06-06,-1,10081.705258375088,531.4454840896632,988.8024601669554,11601.953202631707
2024-06-07,-1,-917.747998572595,528.0195928395692,988.8024601669554,599.0740544339296
2024-06-10,-1,-40057.39520770771,1083.335067814333,2412.6641736987262,-36561.39596619465
2024-06-11,-1,19918.381358754297,374.8152542718204,795.0953579638604,21088.291970989976
2024-06-12,-1,20181.348694522814,434.72663319888284,978.5662774388684,21594.641605160567
2024-06-13,-1,352.1947754469875,494.63801212594393,1043.3581223204637,1890.1909098933952
2024-06-14,0,30393.479500612313,572.5283671244024,1080.949167624417,32046.957035361134
2024-06-17,0,-3281.163133029826,0.0,0.0,-3281.163133029826
2024-06-18,0,0.0,0.0,0.0,0.0
2024-06-19,0,0.0,0.0,0.0,0.0
2024-06-20,0,0.0,0.0,0.0,0.0
2024-06-21,0,0.0,0.0,0.0,0.0
2024-06-24,0,0.0,0.0,0.0,0.0
2024-06-25,0,0.0,0.0,0.0,0.0
2024-06-26,0,0.0,0.0,0.0,0.0
2024-06-27,0,0.0,0.0,0.0,0.0
2024-06-28,0,0.0,0.0,0.0,0.0
2024-07-01,0,0.0,0.0,0.0,0.0
2024-07-02,0,0.0,0.0,0.0,0.0
2024-07-03,0,0.0,0.0,0.0,0.0
2024-07-04,0,0.0,0.0,0.0,0.0
2024-07-05,0,0.0,0.0,0.0,0.0
2024-07-08,0,0.0,0.0,0.0,0.0
2024-07-09,0,0.0,0.0,0.0,0.0
2024-07-10,0,0.0,0.0,0.0,0.0
2024-07-11,0,0.0,0.0,0.0,0.0
2024-07-12,0,0.0,0.0,0.0,0.0
2024-07-15,0,0.0,0.0,0.0,0.0
2024-07-16,0,0.0,0.0,0.0,0.0
2024-07-17,0,0.0,0.0,0.0,0.0
2024-07-18,0,0.0,0.0,0.0,0.0
2024-07-19,0,0.0,0.0,0.0,0.0
2024-07-22,0,0.0,0.0,0.0,0.0
2024-07-23,-1,0.0,0.0,0.0,0.0
2024-07-24,-1,-63257.96511674031,978.5092803561213,1296.8036529680348,-60982.65218341616
2024-07-25,-1,50000.13825168621,1032.0648713162282,1306.2785743622887,52338.481697364725
2024-07-26,-1,19938.902469696222,970.8322531118151,1232.6586771155485,22142.393399923585
2024-07-29,-1,30072.11689231439,3058.176677227228,3810.588718041013,36940.88228758263
2024-07-30,-1,10072.16382848047,1009.2173893333469,1261.1607436458687,12342.541961459687
2024-07-31,-1,252.65767405893712,1016.8944165776545,1261.3827807395448,2530.9348713761365
2024-08-01,-1,-29400.99177608473,1083.3062528616172,1289.9118396563572,-27027.773683566757
2024-08-02,-1,-88422.4156554768,1237.3734012192672,1356.415870257617,-85828.62638399992
2024-08-05,-1,30502.004651103278,4733.459439314853,4057.995938364568,39293.4600287827
2024-08-06,-1,-22131.522783272492,1556.5763373152276,1352.6232704997863,-19222.323175457477
2024-08-07,-1,-50970.43792621041,1452.67316778133,1396.2485917379308,-48121.51616669115
2024-08-08,-1,9772.536037541424,1458.5625890824404,1340.7350737247766,12571.833700348641
2024-08-09,-1,60673.30081375862,1410.896419423444,1303.2221861962148,63387.41941937828
2024-08-12,-1,431.6368640815126,4138.434321673975,3964.6283054858436,8534.699491241332
2024-08-13,-1,-29528.692276805552,1423.7526647473007,1359.1198678864337,-26745.819744171815
2024-08-14,-1,30446.462657502798,1522.4766162016474,1397.438761508143,33366.37803521258
2024-08-15,-1,48941.6769786941,1501.2331404119254,1424.9311906386797,51867.841309744705
2024-08-16,-1,10402.965403846236,1329.3141284009062,1293.6693982846473,13025.948930531791
2024-08-19,-1,30524.87698784146,4044.1793850776203,3771.8449274400805,38340.90130035916
2024-08-20,-1,-29529.933560802187,1337.8849586168112,1229.8792882237117,-26962.169313961665
2024-08-21,-1,-39720.126227650384,1425.540270690497,1295.396338869035,-36999.18961809085
2024-08-22,-1,-28.888523006390805,1516.2213078302984,1296.8036529680378,2784.1364377919454
2024-08-23,-1,-40092.78972834688,1438.8070257492923,1286.369276828115,-37367.613425769465
2024-08-26,-1,12.115441878981073,4654.825345750609,4055.4473469308796,8722.38813456047
2024-08-27,-1,-89995.18837564914,1540.5492654291065,1379.0191319598698,-87075.61997826018
2024-08-28,-1,-9980.639865540365,1658.8774731643953,1489.9357516820487,-6831.82664069392
2024-08-29,-1,10116.320285927184,1662.19466677549,1544.7460728030358,13323.26102550571
2024-08-30,-1,178.95868111064192,1614.6407405466782,1498.1770687600854,3291.7764904174055
2024-09-02,-1,0.0,4711.212023786881,4163.107108181517,8874.319131968397
2024-09-03,-1,39590.92591843388,1570.4040079289605,1387.7023693938393,42549.03229575668
2024-09-04,-1,-50227.640447356884,1590.3127829478694,1388.5104073439365,-47248.81725706508
2024-09-05,-1,30019.345832316074,1739.6089488564953,1399.8718154960277,33158.826596668594
2024-09-06,-1,-80156.92024494625,1740.7165511776398,1354.469741783105,-77061.7339519855
2024-09-09,-1,40131.31350300931,5600.360245368785,3957.7682884162814,49689.442036794375
2024-09-10,-1,-40044.063390808915,1831.3996077030247,1319.0687809022966,-36893.5950022036
2024-09-11,-1,30120.581531596465,1944.2010305372678,1430.6905633847655,33495.473125518496
2024-09-12,-1,-10131.50507534077,1901.071900240695,1476.0086173639545,-6754.424557736121
2024-09-13,-1,-50131.57049314043,1882.2707275429311,1338.0735068908934,-46911.226258706614
2024-09-16,-1,20147.247058658722,5928.812933038232,3907.7346873906886,29983.794679087645
2024-09-17,-1,9975.615192877147,1980.6957736116506,1211.1407176412874,13167.451684130085
2024-09-18,-1,-30260.551224643816,1944.2010305372678,1210.631520231551,-27105.718673874995
2024-09-19,-1,-50206.7761992593,1932.0342450616936,1045.091916566353,-47229.650037631254
2024-09-20,-1,-40012.26247428524,1411.7031334990186,1050.2283105022839,-37550.33103028394
2024-09-23,-1,9.740097650039388,4406.935287396338,3426.1385627933632,7842.813947839741
2024-09-24,-1,-70029.17559049788,1446.9558909724187,1050.3399399334403,-67531.87975959202
2024-09-25,-1,-9927.014431747535,1558.1989274101809,1197.5866736819241,-7171.228830655429
2024-09-26,-1,70051.14551916819,1517.4614059192195,1114.504386976208,72683.11131206361
2024-09-27,-1,-10110.143574390728,1417.2296385613035,1113.6637209259172,-7579.250214903506
2024-09-30,-1,50111.76577243093,4426.7806163668965,3288.673608323941,57827.21999712176
2024-10-01,-1,19771.557126473075,1337.9318047685147,1003.324832339507,22112.813763581096
2024-10-02,-1,-29980.61071160632,1386.3730405108977,1086.4626066546589,-27507.775064440764
2024-10-03,-1,10140.278557995043,1374.273166836483,1058.535931464898,12573.087656296424
2024-10-04,-1,100446.32570373625,1293.8867284491257,1002.6523230602062,102742.86475524558
2024-10-07,-1,10353.912737545077,3022.655973985128,2480.7031933473154,15857.271904877522
2024-10-08,-1,-19807.431102533097,938.1768220208669,780.619430486383,-18088.634850025846
2024-10-09,-1,-9749.627633114986,955.8032007575675,717.1224879174073,-8076.701944440011
2024-10-10,-1,-39476.548013765954,948.0994865061461,762.5006804364034,-37765.94784682341
2024-10-11,-1,-20030.68138585913,972.3409748996999,744.1737178461116,-18314.16669311332
2024-10-14,-1,0.0,3035.9696753882813,2178.4704272651197,5214.4401026534015
2024-10-15,-1,49161.005681523675,1011.989891796094,726.1568090883733,50899.152382408145
2024-10-16,-1,-10056.758214831654,995.4521176539615,717.3942657538323,-8343.91183142386
2024-10-17,-1,-39148.464986555075,1020.7822106420821,744.8742863547036,-37382.808489558294
2024-10-18,-1,-127.66539747801289,1000.9786227162467,771.6069171351934,1644.920142373427
2024-10-21,-1,-40021.76075335918,3039.845378924824,2273.9726027397273,-34707.94277169463
2024-10-22,-1,44.293219780734944,949.6145261031174,711.238535276769,1705.1462811606214
2024-10-23,-1,191.43911293338897,938.5969151748242,665.5827332916165,1795.6187613998295
2024-10-24,-1,29770.068369926117,894.5264714616549,637.7722774190402,31302.36711880681
2024-10-25,-1,191.15717686930293,884.434464241989,574.1126328948361,1649.704274006128
2024-10-28,-1,-19775.172850754527,2521.0920615864593,1748.3256116106554,-15505.755177557412
2024-10-29,-1,-9979.399491711018,836.0744144136386,518.858562023737,-8624.466515273642
2024-10-30,-1,30018.109829094596,850.4560277484859,582.6449177940638,31451.210774637144
2024-10-31,-1,19875.350097429236,796.2935768156503,436.6678416804719,21108.311515925358
2024-11-01,-1,-39266.13866214856,778.547961074248,363.91858255790777,-38123.672118516406
2024-11-04,-1,19296.15410060536,2210.7477481770234,762.659956941981,22269.561805724363
2024-11-05,-1,69397.16236063273,774.2583549590663,281.8183758846594,70453.23909147645
2024-11-06,-1,-78853.87141886381,728.675116256594,254.75600326533348,-77870.44029934189
2024-11-07,-1,48451.88992131225,667.446248082699,154.0877275307845,49273.423896925735
2024-11-08,-1,59732.69584313529,716.7319016196761,245.36939403468637,60694.797138789654
2024-11-11,-1,0.0,1098.0586779947257,626.84632007867,1724.9049980733957
2024-11-12,-1,-48932.94897943697,366.0195593315753,208.9487733595567,-48357.98064674584
2024-11-13,-1,-79503.32729857675,294.69868393801306,153.9737808520896,-79054.65483378666
2024-11-14,-1,79557.69378440127,398.7339796885022,163.0208100985678,80119.44857418834
2024-11-15,-1,-29858.523451283843,294.69868393801306,99.43766495933531,-29464.387102386496
2024-11-18,-1,-10079.472842363108,1013.5305718276686,434.08816195839387,-8631.854108577045
2024-11-19,-1,9979.05907702079,364.0798320611302,173.51598173516015,10516.654890817079
2024-11-20,-1,19980.965850441135,382.70381720421824,255.84601796435024,20619.515685609706
2024-11-21,-1,9983.169386542868,331.7784581927544,228.30128484790964,10543.249129583532
2024-11-22,-1,49972.2865321421,295.294112524817,200.79979349750323,50468.38043816442
2024-11-25,-1,-19778.170553425298,735.3971343947723,575.0233519108092,-18467.75006711972
2024-11-26,-1,-30216.314084582475,428.3177310895129,493.97070762994764,-29294.025645863014
2024-11-27,-1,30268.731395942857,438.5757726334799,493.891359995471,31201.19852857181
2024-11-28,-1,0.0,450.361063413922,485.1137708244486,935.4748342383706
2024-11-29,-1,10499.71104480866,450.361063413922,485.1137708244486,11435.18587904703
2024-12-02,-1,29961.881204955935,1539.2151396174886,1621.6859083589652,33122.78225293239
2024-12-03,-1,-40443.47261277639,458.7270070130434,412.0844843316565,-39572.661121431694
2024-12-04,-1,307.6533749957962,472.4043957383326,329.6667971830278,1109.7245679171565
2024-12-05,-1,40260.54127483911,516.4910603871522,329.9061949277778,41106.93853015404
2024-12-06,-1,-29843.68394823347,480.77033933745224,265.76286407774876,-29097.150744818267
2024-12-09,-1,-20582.512080479235,1638.410135077334,907.9568726745115,-18036.145072727388
2024-12-10,-1,-173.21692519720455,519.9104075684744,256.75756054474385,603.4510429160136
2024-12-11,-1,-40385.226560266536,497.8670752440637,256.6489476021008,-39630.71053742037
2024-12-12,-1,-30410.708643250528,511.5444639693528,219.87868473706325,-29679.28549454411
2024-12-13,-1,-10290.563066767107,488.73750702670617,173.96885664159436,-9627.856703098805
2024-12-16,-1,10009.570742046268,1245.0155732177834,109.73276804918942,11364.31908331324
2024-12-17,-1,-10014.361083208967,411.5858438912719,36.60821253524396,-9566.167026782452
2024-12-18,-1,-1.8729342697341926,414.83326494025425,63.92694063926966,476.88727130978975
2024-12-19,-1,-99629.97005492181,304.65384105579216,-91.37615346214369,-99416.69236732816
2024-12-20,-1,29612.676431790278,96.41988592432594,-55.144708915148804,29653.951608799456
2024-12-23,-1,-69599.79852929032,324.62261243073976,-55.7417190647958,-69330.91763592437
2024-12-24,-1,-9993.947331993028,132.12008166695975,-46.17305209555955,-9908.000302421628
2024-12-25,-1,0.0,146.55410179684088,-73.57030591066587,72.98379588617502
2024-12-26,-1,19904.853956851402,146.55410179684088,-73.57030591066587,19977.837752737578
2024-12-27,-1,-29663.732173203374,128.70400392552463,-110.17636080836948,-29645.20453008622
2024-12-30,-1,-680.3393528410088,383.80288428415287,-659.4532113903679,-955.9896799472237
2024-12-31,-1,-19784.616964377114,205.05989148050702,-110.19904241785994,-19689.756115314463
2025-01-01,-1,0.0,200.8741045749316,-156.03269519361555,44.841409381316055
2025-01-02,-1,9914.41987629888,200.8741045749316,-156.03269519361555,9959.261285680197
2025-01-03,-1,242.5606433973153,197.45802683349643,-128.5922698429112,311.4264003879005
2025-01-06,-1,-19809.953017758493,493.21259900447143,-577.3869648679052,-19894.12738362193
2025-01-07,-1,-29484.995463203293,171.23635515102774,-210.89011154191724,-29524.649219594183
2025-01-08,-1,-19987.894663986055,159.44870359844134,-211.03195450555927,-20039.477914893174
2025-01-09,-1,-19868.394869109106,188.31674385820364,-147.31472943526722,-19827.39285468617
2025-01-10,-1,41162.518992562545,206.16684172952114,-202.1729838289702,41166.5128504631
2025-01-13,-1,-19650.46345939268,147.80783914193393,-1042.2111304547998,-20544.866750705543
2025-01-14,-1,-20129.667716153526,56.101435196848556,-365.8465512163993,-20439.41283217308
2025-01-15,-1,17992.00380176569,95.98741784505813,-338.6138794261531,17749.377340184597
2025-01-16,-1,9991.580557780244,200.76270202754336,-118.7214611872121,10073.621798620576
2025-01-17,-1,40019.38266547525,241.21919215944433,-36.356681511058326,40224.24517612363
2025-01-20,-1,0.0,550.4073776271897,-245.98777866292002,304.41959896426965
2025-01-21,-1,60095.31590579261,183.46912587572993,-81.99592622097336,60196.789105447366
2025-01-22,-1,-30128.854349794787,140.75923181242058,-145.751848743962,-30133.84696672633
2025-01-23,-1,-50143.0232282303,151.1353775035085,-164.08874877629296,-50155.97659950308
2025-01-24,-1,14.361278928929096,168.42895365532223,-209.9292246549723,-27.138992070720974
2025-01-27,-1,142.87520095112268,571.1596690093654,-547.5537665727347,166.48110338775336
2025-01-28,-1,-100.01113179574531,300.1745697421169,-17.830307618046888,182.33313032832467
2025-01-29,-1,20019.390220930924,278.2169670609837,-26.954371260212042,20270.652816731694
2025-01-30,-1,135.787783885713,249.34193391912646,-8.684366552553186,376.4453512522863
2025-01-31,-1,-20357.941408113686,282.2783379408254,46.27467579710182,-20029.388394375757
2025-02-03,-1,80176.89421098962,735.8416891178581,-108.68778197220672,80804.04811813528
2025-02-04,-1,-29891.39930033872,173.6956358341195,-81.74049960697434,-29799.444164111574
2025-02-05,-1,50573.280821614266,238.96578822803826,9.683890579584116,50821.930500421884
2025-02-06,-1,19827.88942803766,265.58741743848975,92.33148663676586,20185.808332112912
2025-02-07,-1,39655.61161908802,214.75478161549958,28.18457794389522,39898.550978647414
2025-02-10,-1,-30160.289082675503,339.26852990855684,-135.3464554399129,-29956.36700820686
2025-02-11,-1,-20216.413993307993,134.44445700117285,-26.79439322291772,-20108.763929529738
2025-02-12,-1,-10475.573975706342,130.3830861213324,-26.899535095093682,-10372.090424680104
2025-02-13,-1,50245.01080693965,56.990191967731235,-109.30562480373467,50192.69537410365
2025-02-14,-1,-5.472954095902946,94.16770692760782,-54.79452054794566,33.900232283759216
2025-02-17,-1,0.0,447.63497273481494,-81.94821887933935,365.68675385547556
2025-02-18,-1,-50173.036464858145,149.21165757827166,-27.316072959779774,-50051.140880239655
2025-02-19,-1,9968.976914620449,133.36388877533523,-73.18395410299973,10029.156849292784
2025-02-20,-1,29985.689399663857,140.9369585879754,-100.54683310097293,30026.07952515086
2025-02-21,-1,-9956.293061476783,130.62979763549794,-155.2697129929136,-9980.932976834198
2025-02-24,-1,-39991.496655578565,699.4338873725562,-136.54614216191138,-39428.60891036792
2025-02-25,-1,40444.03079681223,312.940251174953,128.3935853906653,40885.364633377845
2025-02-26,-1,30470.673134854656,365.2501106857792,220.44646891863084,31056.369714459066
2025-02-27,-1,-20457.092845827432,376.9605299935682,275.6466803771531,-19804.48563545671
2025-02-28,-1,-29679.826046432026,361.8143903682868,257.1968042942119,-29060.814851769526
2025-03-03,-1,50962.73524691006,1380.5756170854804,1020.2694771487422,53363.58034114428
2025-03-04,-1,-61043.667452615475,476.0396411647632,368.0501440155951,-60199.57766743512
2025-03-05,-1,-30740.36340740298,496.6539630697179,322.019668636752,-29921.689775696508
2025-03-06,-1,-40232.05983197108,473.93475363179664,284.904894752205,-39473.22018358708
2025-03-07,-1,-204.34445481420335,520.7040052921652,266.6504196763574,583.0099701543193
2025-03-10,-1,572.4024749388773,1463.0329047052994,799.3330906901617,2834.7684703343384
2025-03-11,-1,-10612.642800950118,597.7655362030946,359.0084565545788,-9655.868808192445
2025-03-12,-1,29852.754139278528,546.1573058699233,358.5383667673982,30757.449811915852
2025-03-13,-1,-19774.467495449782,458.78861400651664,275.6245049261471,-19040.054376517117
2025-03-14,-1,39878.2939369089,542.7215855524306,358.59155533713874,40779.60707779847
2025-03-17,-1,39984.48582517395,1318.2183260172376,876.712328767124,42179.416479958316
2025-03-18,-1,9.701643400901958,381.83076905442596,228.24405267077168,619.7764651260995
2025-03-19,-1,-9949.497486266322,403.8156654964351,347.0685179382277,-9198.61330283166
2025-03-20,-1,-29985.74263720312,462.1792932849503,402.22571440259225,-29121.337629515576
2025-03-21,-1,-20042.132780456683,516.3532462194452,411.58360954824434,-19114.195924688993
2025-03-24,-1,9837.752169238636,1602.445403422302,1179.906978591734,12620.104551252673
2025-03-25,-1,-50023.68794531673,420.82259891389435,301.1659144932467,-49301.69943190958
2025-03-26,-1,-19985.433332599296,525.7691180993917,466.01283106329953,-18993.6513834366
2025-03-27,-1,-39947.41447674742,510.58699502436593,447.42087549141036,-38989.40660623165
2025-03-28,-1,29583.25747903777,535.1849899793381,492.9083156683841,30611.35078468549
2025-03-31,-1,40076.799420626456,1838.7612470907015,1674.021391991933,43589.58205970909
2025-04-01,-1,40199.135501667755,599.3148689629334,512.5128573533702,41310.96322798406
2025-04-02,-1,9870.597878379773,607.6942186709751,512.9766999048754,10991.268796955623
2025-04-03,-1,-59526.19377275783,560.3230391034643,475.99002437620675,-58489.88070927816
2025-04-04,-1,20491.222362305503,800.580323624511,743.8834019407491,22035.686087870763
2025-04-07,-1,-91827.36515828632,2480.264684761624,1958.0959322640447,-87389.00454126066
2025-04-08,-1,-130918.88446023574,802.4051339669447,523.0722892698873,-129593.40703699892
2025-04-09,-1,120562.38596948046,868.6080572943484,522.2485689696339,121953.24259574444
2025-04-10,-1,-130007.32503974938,607.9424526723503,456.8765521320368,-128942.506034945
2025-04-11,-1,40606.552410286415,729.1076171047787,529.7132803016377,41865.373307692826
2025-04-14,-1,-20897.48605380299,1750.778075156261,1092.8182529582753,-18053.889725688456
2025-04-15,-1,29992.181332268392,720.8224458207803,575.3424657534254,31288.3462438426
2025-04-16,-1,-9913.759763336224,710.5840157249453,593.869833292737,-8609.305914318542
2025-04-17,-1,-10182.011980482224,790.64406919914,713.6004023292239,-8677.76750895386
2025-04-18,-1,0.0,750.2584544069422,685.4789476483252,1435.7374020552675
2025-04-21,-1,-140175.24173888448,2250.7753632208264,2056.436842944975,-135868.02953271868
2025-04-22,-1,19991.82461330361,863.7354320903866,758.1889016273456,21613.74894702134
2025-04-23,-1,60034.28607222329,845.9602058204613,803.9510072145496,61684.1972852583
2025-04-24,-1,39908.89282405763,770.7353145986125,730.6186419321234,41410.246780588364
2025-04-25,-1,60.80186418874655,800.8824992949751,740.7441740836041,1602.4285375673257
2025-04-28,-1,-9825.859204331515,2501.1939537392454,2360.986009499754,-4963.679241092515
2025-04-29,-1,20247.29468199114,913.7913713872776,888.7115047087611,22049.79755808718
2025-04-30,-1,-29932.543456195897,928.8649637354588,871.0231031481478,-28132.65538931229
2025-05-01,-1,19482.282383461526,993.851424861472,908.3302420661789,21384.46405038918
2025-05-02,-1,49721.38702430815,877.5297427372248,815.1246802420081,51414.04144728738
2025-05-05,-1,-30071.91667557744,2154.3624356971072,2001.6146557376896,-25915.93958414264
2025-05-06,-1,10051.399034851296,728.359241994871,721.7168824824475,11501.475159328615
2025-05-07,-1,40153.58185840444,779.6944629931047,731.6945117775117,41664.97083317505
2025-05-08,-1,9453.111464790825,766.0432228653247,786.8810980891876,11006.035785745338
2025-05-09,-1,-19985.43104457872,631.235138360951,584.258599852616,-18769.937306365155
2025-05-12,-1,19913.124876629838,1979.8799125107373,1917.3787609248645,23810.38355006544
2025-05-13,-1,65.7526957432201,543.6382887126655,519.3936377292421,1128.7846221851278
2025-05-14,-1,-10009.017776587229,501.10174347748955,420.09132420091566,-9087.824708908824
2025-05-15,-1,-10119.839863923902,471.64345412352253,410.55565529553087,-9237.640754504848
2025-05-16,-1,40052.8188199283,573.7415375449453,566.8387411330461,41193.39909860629
2025-05-19,-1,-40090.98153014919,1614.2767801685711,1755.517610629571,-36721.18713935105
2025-05-20,-1,-20028.6791928188,562.7785064803293,594.1186212713515,-18871.78206506712
2025-05-21,-1,-70029.55905246214,569.6401141600911,603.0807362055438,-68856.8382020965
2025-05-22,-1,39828.636648657935,560.7666478454096,547.2100354325385,40936.613331935885
2025-05-23,-1,29928.499959045374,547.0434324858862,556.6852171319692,31032.22860866323
2025-05-26,-1,0.0,1610.253062898731,1835.3404287325382,3445.593491631269
2025-05-27,-1,-95.76042270529433,536.7510209662437,611.780142910846,1052.7707411717954
2025-05-28,-1,-66.2613786651491,624.4552694831705,795.8030757851257,1353.996966603147
2025-05-29,-1,9.09236746487295,580.6031452247069,731.1672406697297,1320.8627533593094
2025-05-30,-1,-9979.01293994032,624.4552694831705,786.6898219586966,-8567.867848498452
2025-06-02,-1,-112.56899190228432,1982.3254995506952,2443.6253337253293,4313.38184137374
2025-06-03,-1,20019.42601436974,605.9600111938195,713.1220572619208,21338.50808282548
2025-06-04,-1,63.506364379267325,577.172341384826,649.0222929087015,1289.7009986727949
2025-06-05,-1,19918.509585368112,675.8396209663683,732.7508189210208,21327.100025255502
2025-06-06,-1,9671.53328055075,614.1628579635282,640.6678308187511,10926.36396933303
2025-06-09,-1,-10011.808792679341,1437.5270440447712,1369.1407096904918,-7205.141038944079
2025-06-10,-1,20000.000000000462,515.4955783819859,520.5878344197638,21036.08341280221
2025-06-11,-1,-9951.154525142083,508.6339707022241,484.2293765389685,-8958.291177900892
2025-06-12,-1,9995.061774360907,588.15653937787,566.2100456621009,11149.428359400878
2025-06-13,-1,9909.360628030481,628.5874490668634,630.8093630563271,11168.757440153671
2025-06-16,-1,-40002.427315830486,1678.1904117617692,1643.5762594043697,-36680.66064466435
2025-06-17,-1,39843.80319741336,562.1054974175162,565.5789148085536,40971.48760963943
2025-06-18,-1,10009.572788637231,581.321114887643,639.4617363927148,11230.35563991759
2025-06-19,-1,0.0,577.9034026425297,630.4124632431983,1208.315865885728
2025-06-20,-1,-40000.00000000004,577.9034026425297,630.4124632431983,-38791.68413411431
2025-06-23,-1,-19971.68823188504,1906.2686206712701,2001.544500386753,-16063.875110827015
2025-06-24,-1,-49975.1059199739,708.0312309484771,658.8025082208109,-48608.27218080461
2025-06-25,-1,29.707936343724214,823.7791915257842,879.389266323908,1732.8763941934164
2025-06-26,-1,-9924.393143670855,834.7413470093107,907.0389666714361,-8182.612829990108
2025-06-27,-1,-128.75492538866456,882.0076811885306,953.5642632666214,1706.8170190664873
2025-06-30,-1,40262.636376531904,2547.363644213852,2694.075933328051,45504.07595407381
2025-07-01,-1,39996.99287699237,846.4125212410239,898.6790519281388,41742.084450161536
2025-07-02,-1,-40288.48062834793,766.9687393594105,760.5716206955259,-38760.94026829299
2025-07-03,-1,49930.452985109354,780.6395883398641,796.7973274989849,51507.889900948205
2025-07-04,-1,0.0,653.9294722790302,731.5770166406471,1385.5064889196774
2025-07-07,-1,-30129.21559761051,1961.7884168370902,2194.7310499219407,-25972.696130851476
2025-07-08,-1,-20009.56947588327,642.258298047317,712.673184813911,-18654.637993022043
2025-07-09,-1,39942.318675833434,649.0937225375436,794.695220700696,41386.10761907168
2025-07-10,-1,-10033.562829306964,679.2714954911969,786.6522611966095,-8567.639072619157
2025-07-11,-1,-40004.33663605213,682.0133993650585,785.388127853882,-38536.93510883319
2025-07-14,-1,0.0,1955.439208764457,2215.9073655159677,4171.346574280425
2025-07-15,-1,-19756.827844731328,651.8130695881523,711.2518338474208,-18393.762941295754
2025-07-16,-1,-30209.413319760904,603.838922226819,682.8564226152571,-28922.71797491883
2025-07-17,-1,20045.195093873015,690.7686164704062,774.9244214906573,21510.88813183408
2025-07-18,-1,-153.48750351478884,651.0788105707258,747.2357896743325,1244.8270967302694
2025-07-21,-1,29749.47244232498,2051.8583791308183,2352.7043339813886,34154.03515543719
2025-07-22,-1,9954.512310351423,706.6030403762853,803.3951684293078,11464.510519157016
2025-07-23,-1,18.224512737106124,725.1111169781384,840.4023411581193,1583.7379708733638
2025-07-24,-1,64.42782368252301,670.3211461900057,775.5768564388993,1510.325826311428
2025-07-25,-1,29885.376469457922,637.4471637171252,747.6701447543069,31270.493777929354
2025-07-28,-1,-19952.19061945749,1881.6702857307748,2161.848212661841,-15908.672121064876
2025-07-29,-1,29762.803078404708,634.0392520037252,711.2964134163308,31108.138743824762
2025-07-30,-1,39980.83648847662,678.6054876516584,794.6255534878009,41454.06752961608
2025-07-31,-1,9985.647256955068,577.3098875370447,702.4160586623974,11265.37320315451
2025-08-01,-1,-109891.2725884034,573.9019758236446,647.7751612789243,-108669.59545130083
2025-08-04,-1,10057.710237628657,2656.0165758351363,2198.9515974569185,14912.678410920711
2025-08-05,-1,30062.048160747316,881.930946898312,605.0184809919931,31548.99758863762
2025-08-06,-1,-30051.083503431884,838.8332292852314,778.6166195422319,-28433.633654604422
2025-08-07,-1,19999.507027542142,881.930946898312,806.2708125167126,21687.708786957166
2025-08-08,-1,-162.72961260261218,842.2411409986316,769.3212016179941,1448.8327300140136
2025-08-11,-1,-5.564053921425157,2392.4792020711193,2054.7945205479464,4441.70966869764
2025-08-12,-1,-60000.00000000006,797.4930673570399,684.9315068493154,-58517.5754257937
2025-08-13,-1,-72.26053897567908,861.676648658014,730.605808238905,1520.02191792124
2025-08-14,-1,20004.608369904607,916.4446108968745,758.90291519615,21679.95589599763
2025-08-15,-1,-29959.215817623226,832.9797265925079,703.0819302540206,-28423.154160776696
2025-08-18,-1,10031.155946382356,2496.6322196990373,2189.914525756631,14717.702691838023
2025-08-19,-1,19868.428619023758,806.9086864191539,684.0521887652113,21359.38949420812
2025-08-20,-1,-15.592903804879825,822.0261341447359,675.5109962836184,1481.9442266234746
2025-08-21,-1,10050.510152018804,832.9797265925079,684.8016721264196,11568.291550737731
2025-08-22,-1,-40160.97280789507,774.8168957686665,674.9572384098509,-38711.19867371656
2025-08-25,-1,30039.060224256777,2726.6576611022488,2330.6550123857323,35096.37289774476
2025-08-26,-1,-100053.3626360884,843.93331904028,657.5658964211423,-98551.86342062696
2025-08-27,-1,-26.92061767823907,1009.3251142633551,914.5653421427929,1896.969838727909
2025-08-28,-1,50090.90847120255,1031.2322991588994,924.1169555117096,52046.25772587316
2025-08-29,-1,-40075.149959442366,981.3971788906774,905.8416893851952,-38187.91109116649
2025-09-01,-1,0.0,3083.5122917217545,2827.6327721923626,5911.145063914117
2025-09-02,-1,20048.804707035146,1027.8374305739183,942.5442573974544,22019.18639500652
2025-09-03,-1,9910.39065349404,944.3725462695511,712.7307234760494,11567.493923239641
2025-09-04,-1,30083.624669576995,995.7456399234309,713.787498624449,31793.157808124877
2025-09-05,-1,-9828.598018158722,1007.4682190640318,742.0089725951966,-8079.120826499493
2025-09-08,-1,30349.270159535794,3295.475481693567,1982.8508877856045,35627.59652901497
2025-09-09,-1,19984.891750046794,1107.2617225887357,666.6666666666663,21758.8201393022
2025-09-10,-1,39942.22035111666,1045.8321442331696,629.5473479013785,41617.59984325121
2025-09-11,-1,10026.638411795608,1032.3955716947378,566.1244221120253,11625.158405602371
2025-09-12,-1,-10111.1450338391,1050.92094539467,530.0110778273224,-8530.213010617108
2025-09-15,-1,-9987.778891203698,3031.5331645805913,1505.8190427972995,-5450.426683825807
2025-09-16,-1,-19981.739898712745,1035.7547148293456,511.2487661982857,-18434.736417685115
2025-09-17,-1,-10012.078735472604,1075.2997763503724,538.8538770759042,-8397.925082046328
2025-09-18,-1,5.827919012939674,1067.7166610677098,447.2985172567536,1520.843097337403
2025-09-19,-1,-29913.4207962364,739.4489085496061,337.13395093508274,-28836.837936751712
2025-09-22,-1,30004.301087983415,2248.5790138602893,955.5836140893842,33208.46371593309
2025-09-23,-1,-50027.313788037805,706.6221332977954,227.21386254902112,-49093.47779219099
2025-09-24,-1,115.15265977318631,810.9559163089963,446.6134008013517,1372.7219768835344
2025-09-25,-1,50037.4845057234,767.1868826399158,391.3281370635138,51195.99952542683
2025-09-26,-1,-29857.002299477823,673.7953580459846,327.2000251997493,-28856.00691623209
2025-09-29,-1,49640.37795829898,2084.4451376012366,981.0122766543061,52705.835372554524
2025-09-30,-1,-39900.88387439307,678.0193301940393,263.73797125239884,-38959.12657294663
2025-10-01,-1,-10144.356671928756,724.2826779842811,427.8210063223944,-8992.25298762208
2025-10-02,-1,19932.68399668784,782.35311320524,410.0811306963469,21125.11824058943
2025-10-03,-1,50.26441925488689,775.634826936024,410.2915387874084,1236.1907849783192
2025-10-06,-1,-29829.638868226477,2228.4241550526403,1120.324521934573,-26480.890191239265
2025-10-07,-1,9790.637764168947,731.0009642534968,372.89901408942103,10894.537742511864
2025-10-08,-1,19994.7938643355,761.2662794869711,438.35616438356163,21194.416308206033
2025-10-09,-1,9992.75339004581,754.518814112926,420.16133592487046,11167.433540083606
2025-10-10,-1,10029.204610108718,729.2618692594921,365.2367941801414,11123.703273548352
2025-10-13,-1,0.0,2440.2629557143437,1263.2921900004908,3703.5551457148345
2025-10-14,-1,-19937.491501104334,813.4209852381147,421.0973966668303,-18702.97311919939
2025-10-15,-1,-84.31272517395337,863.9348749449822,494.61537967518274,1274.2375294462115
2025-10-16,-1,-29816.142953793125,842.051662778571,512.5847614925111,-28461.506529522045
2025-10-17,-1,19879.913989716522,961.588921671695,586.8257521412763,21428.328663529493
2025-10-20,-1,20115.94061737926,2700.400277644866,1484.3654827679488,24300.706377792074
2025-10-21,-1,10121.954487941364,893.3859605075774,458.37308005195933,11473.7135285009
2025-10-22,-1,10077.401493340822,900.9538339037604,522.6851320924543,11501.040459337037
2025-10-23,-1,-10285.19973316491,897.5801012167381,486.14691390529424,-8901.472718042878
2025-10-24,-1,-10062.823035991516,868.1290156541436,503.8757428065584,-8690.818277530814
2025-10-27,-1,10057.97030868963,2614.5082450234977,1456.6089175372767,14129.087471250405
2025-10-28,-1,10114.681478608582,879.070621737349,503.8757428065584,11497.627843152488
2025-10-29,-1,29493.36125862031,886.638495133532,531.5383346356916,30911.53808838953
2025-10-30,-1,-10091.642050508493,745.2180240739976,493.6320533737313,-8852.791973060765
2025-10-31,-1,-9995.133040916764,453.16839251446845,438.51322836967404,-9103.451420032621
2025-11-03,-1,-20028.894567621795,1369.6263756044707,1425.2282820710584,-17234.039909946267
2025-11-04,-1,10021.738401690956,474.23119665874094,484.0193317707871,10979.988930120484
2025-11-05,-1,-20140.97366664448,492.74067613812974,447.8457284707056,-19200.38726203565
2025-11-06,-1,-2.797253942622675,445.1771951784057,420.0913242009132,862.4712654366963
2025-11-07,-1,-20014.6086852678,510.86034413162963,439.1498194884594,-19064.598521647713
2025-11-10,-1,9971.410744346722,1618.535803499836,1317.6096789475364,12907.556226794093
2025-11-11,-1,0.0,503.29175633137913,429.761637085889,933.0533934172681
2025-11-12,-1,30084.114252589734,503.29175633137913,429.761637085889,31017.167646007
2025-11-13,-1,-10113.168376861617,515.0503282399254,448.5707839055734,-9149.547264716117
2025-11-14,-1,9937.626912785134,507.48174043967526,475.63335751492025,10920.742010739728
2025-11-17,-1,-9987.995561893238,1380.9431123367153,1261.2242184056013,-7345.828231150921
2025-11-18,-1,-9988.044806474267,485.58735745526707,457.1155248777991,-9045.3419241412
2025-11-19,-1,-10024.080106609828,510.86034413162906,457.276871312099,-9055.9428911661
2025-11-20,-1,39.513109239436744,514.2389478235829,484.5895075343351,1038.3415645973546
2025-11-21,-1,95.97824659539765,547.0805223001951,484.99374380090643,1128.0525126964992
2025-11-24,-1,-29966.912583909714,1772.6078648070325,1566.4560397239418,-26627.84867937874
2025-11-25,-1,126.194329889855,655.7410568058923,632.3644671923051,1414.2998538880524
2025-11-26,-1,30126.11415176734,688.5826312825038,687.7624504264252,31502.459233476267
2025-11-27,-1,0.0,656.5524372222343,669.5054185927063,1326.0578558149405
2025-11-28,-1,-120.55221763903683,656.5524372222343,669.5054185927063,1205.5056381759036
2025-12-01,-1,-370.9630312773661,1936.8157371900909,1815.2293044581324,3381.0820103708575
2025-12-02,-1,-30032.87918988929,568.9749052846029,430.2740693732252,-29033.63021523146
2025-12-03,-1,10086.470574452185,611.9522908370768,439.5218768364314,11137.944742125694
2025-12-04,-1,-20214.263896975943,630.4680701295302,439.8935600915221,-19143.902266754892
2025-12-05,-1,9994.724673019453,603.4602561998984,438.35616438356203,11036.541093602913
2025-12-08,-1,-19961.58943272667,1669.0210303186584,1067.3444768331929,-17225.223925574817
2025-12-09,-1,30004.481450110976,552.1403128298707,318.9626028333296,30875.584365774175
2025-12-10,-1,-20091.42956137569,498.28266888694424,254.9723962516291,-19338.17449623712
2025-12-11,-1,-29985.509322373626,581.5847326153709,301.1586679618,-29102.765921796454
2025-12-12,-1,-49927.86779239269,340.12280816717833,319.3316820502308,-49268.41330217528
2025-12-15,-1,-38.40382005304491,1070.901408370894,819.3926255307302,1851.8902138485792
2025-12-16,-1,-104.49835617006829,367.9048979158951,245.8419117274587,509.2484534732855
2025-12-17,-1,24.101148574616673,400.7181832926859,310.1033229711616,734.9226548384643
2025-12-18,-1,9892.928260233271,389.78042150042194,282.5764747481772,10565.28515648187
2025-12-19,-1,-19966.130810084236,419.2248412859227,310.4525010934911,-19236.45346770482
2025-12-22,-1,-49995.46289582607,1212.2611466519293,929.9812837215658,-47853.22046545258
2025-12-23,-1,30067.818677911248,464.68242400948384,465.36207603977505,30997.863177960506
2025-12-24,-1,19894.28242873656,410.8247800665574,328.08375417598666,20633.1909629791
2025-12-25,-1,0.0,415.0248106762399,300.99848025507015,716.02329093131
2025-12-26,-1,-25.319887123328954,415.0248106762399,300.99848025507015,690.7034038079811
2025-12-29,-1,9963.836831638178,1277.8877174055108,930.6989904926735,12172.423539536363
2025-12-30,-1,-19990.375690360084,433.5314686694767,301.33449661562076,-19255.509725074986
2025-12-31,-1,-19925.23523174049,440.2691998520577,282.8223890123095,-19202.143642876126
2026-01-01,-1,0.0,425.1314074501114,245.8552638462001,670.9866712963114
2026-01-02,-1,-9966.384999459828,425.1314074501114,245.8552638462001,-9295.398328163516
2026-01-05,-1,9996.040313793332,1287.199600042487,657.534246575343,11940.774160411163
2026-01-06,-1,-8.399665716317031,436.60074502957434,255.93068696320188,684.1317662764592
2026-01-07,-1,30014.421843927186,425.68468014803295,255.81751783811035,30695.924041913328
2026-01-08,-1,-20076.996661070854,415.53912054964565,246.99724197846996,-19414.460298542737
2026-01-09,-1,59987.821225556545,400.47069718548886,191.78749521887295,60580.07941796091
2026-01-12,-1,-10004.80728130995,976.7977607430277,466.1964200180679,-8561.813100548854
2026-01-13,-1,8.520972747441192,328.98110678047203,173.53932686597307,511.0414063938863
2026-01-14,-1,10029.030654785063,339.89717166201297,155.3921405503986,10524.319966997475
2026-01-15,-1,29937.148886790466,358.34744822563255,183.06606618334544,30478.562401199444
2026-01-16,-1,-40100.18548575915,293.62156421953995,137.2307728556906,-39669.33314868392
2026-01-19,-1,0.0,823.2023471183026,273.0068531807869,1096.2092002990894
2026-01-20,-1,-49870.68165641053,274.40078237276754,91.00228439359564,-49505.27858964417
2026-01-21,-1,39789.3577452753,280.3939834885387,8.377708304909874,40078.12943706875
2026-01-22,-1,9984.184619292006,266.86657069068866,8.761509483824028,10259.812699466518
2026-01-23,-1,9949.914818728414,252.56865260968556,-27.667566738865332,10174.815904599234
2026-01-26,-1,-19984.711338530564,780.3085928752913,-0.4701152039443741,-19204.872860859217
2026-01-27,-1,-49938.33613458843,310.5308302168524,72.91635056621367,-49554.88895380536
2026-01-28,-1,10026.059645075948,360.18829085878815,109.18906356580717,10495.436999500544
2026-01-29,-1,-10034.255284258183,324.0582430147024,81.66824506244753,-9628.528796181034
2026-01-30,-1,-29944.7227332083,360.18829085878815,127.41009291616183,-29457.12434943335
2026-02-02,-1,20070.235196601578,1143.7497460161483,354.0660490236708,21568.050991641394
2026-02-03,-1,9993.850798042035,321.08561128173693,1.2221335055073723e-12,10314.936409323773
2026-02-04,-1,-10004.797024013473,317.68748451419634,0.10514025235599433,-9687.004399246922
2026-02-05,-1,-19999.999999999578,321.08561128173693,1.2221335055073723e-12,-19678.91438871784
2026-02-06,-1,19998.08273108292,437.053984843692,137.7293252213131,20572.866041147925
2026-02-09,-1,-20017.052696015013,1192.5182859016459,248.4374896725883,-18576.096920440777
2026-02-10,-1,30169.000957527536,426.1367728410048,91.9422458200265,30687.07997618857
2026-02-11,-1,49977.123110365086,448.6940285464452,83.36398313458349,50509.18112204612
2026-02-12,-1,40446.110850657635,355.2829106899301,64.90737821354628,40866.30113956111
2026-02-13,-1,-19602.410106787494,396.27646363320457,147.9922927542098,-19058.14135040008
2026-02-16,-1,0.0,1438.479603561295,802.4815105963745,2240.9611141576697
2026-02-17,-1,19941.251439198473,479.4932011870984,267.4938368654582,20688.23847725103
2026-02-18,-1,-395.9517127992076,439.9453116439544,349.7033506466459,393.69694949139273
2026-02-19,-1,10096.575682271901,396.27646363320457,266.9354750103975,10759.787620915504
2026-02-20,-1,10012.184074020874,392.87833686566404,294.4682842335224,10699.53069512006
2026-02-23,-1,452.37585258708714,1135.6889942863088,883.374783314765,2471.4396301881607
2026-02-24,-1,-10125.810959826522,433.1490581088733,414.04366676666916,-9278.61823495098
2026-02-25,-1,9913.198829349132,436.5471848764139,459.58185113293104,10809.327865358477
2026-02-26,-1,304.28568333840303,411.3146341034983,431.9818933591829,1147.5822108010843
2026-02-27,-1,10580.336643837494,444.0662701115609,496.5162016529398,11520.919115601995
2026-03-02,-1,8967.18335342921,1453.0109740643106,1519.3816903481584,11939.576017841679
2026-03-03,0,29932.683983424293,382.6839565630421,404.4977796763646,30719.8657196637
2026-03-04,0,-3232.7074606427836,0.0,0.0,-3232.7074606427836
2026-03-05,0,0.0,0.0,0.0,0.0
2026-03-06,0,0.0,0.0,0.0,0.0
2026-03-09,0,0.0,0.0,0.0,0.0
2026-03-10,0,0.0,0.0,0.0,0.0
2026-03-11,0,0.0,0.0,0.0,0.0
2026-03-12,0,0.0,0.0,0.0,0.0
2026-03-13,0,0.0,0.0,0.0,0.0
2026-03-16,0,0.0,0.0,0.0,0.0
2026-03-17,0,0.0,0.0,0.0,0.0
2026-03-18,0,0.0,0.0,0.0,0.0
2026-03-19,0,0.0,0.0,0.0,0.0
2026-03-20,0,0.0,0.0,0.0,0.0
2026-03-23,0,0.0,0.0,0.0,0.0
2026-03-24,0,0.0,0.0,0.0,0.0
2026-03-25,0,0.0,0.0,0.0,0.0
2026-03-26,0,0.0,0.0,0.0,0.0
2026-03-27,0,0.0,0.0,0.0,0.0
2026-03-30,0,0.0,0.0,0.0,0.0
2026-03-31,0,0.0,0.0,0.0,0.0
2026-04-01,0,0.0,0.0,0.0,0.0
2026-04-02,0,0.0,0.0,0.0,0.0
2026-04-03,0,0.0,0.0,0.0,0.0
2026-04-06,0,0.0,0.0,0.0,0.0
2026-04-07,0,0.0,0.0,0.0,0.0
2026-04-08,0,0.0,0.0,0.0,0.0
2026-04-09,0,0.0,0.0,0.0,0.0
2026-04-10,0,0.0,0.0,0.0,0.0
2026-04-13,0,0.0,0.0,0.0,0.0
2026-04-14,0,0.0,0.0,0.0,0.0
2026-04-15,0,0.0,0.0,0.0,0.0
2026-04-16,0,0.0,0.0,0.0,0.0
2026-04-17,0,0.0,0.0,0.0,0.0
2026-04-20,0,0.0,0.0,0.0,0.0
2026-04-21,0,0.0,0.0,0.0,0.0
2026-04-22,0,0.0,0.0,0.0,0.0
2026-04-23,0,0.0,0.0,0.0,0.0
2026-04-24,0,0.0,0.0,0.0,0.0
2026-04-27,0,0.0,0.0,0.0,0.0
2026-04-28,0,0.0,0.0,0.0,0.0
2026-04-29,0,0.0,0.0,0.0,0.0
2026-04-30,0,0.0,0.0,0.0,0.0
2026-05-01,0,0.0,0.0,0.0,0.0
2026-05-04,0,0.0,0.0,0.0,0.0
2026-05-05,0,0.0,0.0,0.0,0.0
2026-05-06,0,0.0,0.0,0.0,0.0
2026-05-07,0,0.0,0.0,0.0,0.0
2026-05-08,0,0.0,0.0,0.0,0.0
2026-05-11,0,0.0,0.0,0.0,0.0
2026-05-12,0,0.0,0.0,0.0,0.0
2026-05-13,0,0.0,0.0,0.0,0.0
2026-05-14,0,0.0,0.0,0.0,0.0
2026-05-15,0,0.0,0.0,0.0,0.0
2026-05-18,0,0.0,0.0,0.0,0.0
2026-05-19,0,0.0,0.0,0.0,0.0
2026-05-20,0,0.0,0.0,0.0,0.0
2026-05-21,0,0.0,0.0,0.0,0.0
2026-05-22,1,0.0,0.0,0.0,0.0
2026-05-25,1,-3258.5977458935345,1234.4729830347742,1808.219178082193,-215.90558477656737
2026-05-26,1,60000.000000000495,411.49099434492473,602.7397260273978,61014.23072037282
2026-05-27,1,-10042.768586848713,259.1881029496458,365.60985432675943,-9417.970629572308
2026-05-28,1,-20098.964722975492,251.6596178315845,402.13218946660066,-19445.172915677307
2026-05-29,1,10016.99391482094,247.57341437899828,374.5445925207388,10639.111921720676
2026-06-01,1,-50022.17625655513,699.481097789962,1068.7406275431279,-48253.95453122204
2026-06-02,1,-10043.043604748176,327.1671417421118,465.74875275214583,-9250.127710253919
2026-06-03,1,114.41295450980033,330.60942340758635,493.1068603167612,938.1292382341478
2026-06-04,1,9951.281372912861,363.5217237581943,520.4883788243272,10835.291475495384
2026-06-05,1,-39772.11267743577,327.1671417421118,493.17260241320196,-38951.77293328046
2026-06-08,1,29995.07563585511,1417.7564094193247,1998.6617774876277,33411.493822762066
2026-06-09,1,-10004.84783446131,440.3170912429464,693.8647008668426,-8870.66604235152
2026-06-10,1,20028.636270061616,421.81783934134836,502.100042109192,20952.554151512155
2026-06-11,1,-20047.69415247631,414.9332760103993,493.08535047605983,-19139.67552598985
2026-06-12,1,-9880.8846924084,334.0517050730609,419.95002172087845,-9126.882965614459
2026-06-15,1,9971.453592348205,1144.1311616180374,1506.299254223573,12621.884008189816
2026-06-16,1,-20157.619568714057,345.02247185659786,493.0196239848441,-19319.577472872614
2026-06-17,1,-89772.01552406061,329.96550162047447,438.0616616716218,-89003.9883607685
2026-06-18,1,-20108.845201899734,525.5075383627852,492.27295466251854,-19091.06470887443
2026-06-19,1,0.0,521.4213349101988,410.0562176689171,931.4775525791158
2026-06-22,1,275.5584783350496,1564.2640047305956,1230.1686530067511,3069.9911360723963
2026-06-23,1,69994.99508524999,578.1694607974382,438.35616438356203,71011.52071043098
2026-06-24,1,-39994.48438969957,466.1453655875539,301.7160568666709,-39226.62296724535
2026-06-25,1,9983.637375860078,424.8907349568371,209.99538183650185,10618.523492653416
2026-06-26,1,-69.01391389837227,399.46027194918287,228.28472306526737,558.731081116078
2026-06-29,1,-30061.87427190983,1132.3916700038594,657.1766033951869,-28272.305998510783
2026-06-30,1,20306.041614599053,420.7607061024008,228.11839875305265,20954.920719454505
2026-07-01,1,10097.592408114502,457.885307878682,310.6055470668332,10866.083263060016
2026-07-02,1,40039.78627652278,487.4457997407714,347.25695236634914,40874.4890286299
2026-07-03,1,0.0,440.71490257989956,365.7725658596759,806.4874684395754
2026-07-06,1,2.571594189681491,1322.1447077396988,1097.3176975790275,2422.0339995084078
2026-07-07,1,10020.308479096988,429.71671160595105,356.62578069743313,10806.650971400373
2026-07-08,1,-10031.183141647538,492.271776389887,219.655048621896,-9319.256316635754
2026-07-09,1,30065.81983451133,528.7004303714884,292.6696462708589,30887.18991115368
2026-07-10,1,-30077.093827077715,463.40723232247615,256.2625913945464,-29357.424003360695
2026-07-13,1,9838.887490281231,1586.1012911144653,850.6769474942266,12275.665728889922
2026-07-14,1,40189.83476466909,580.2573041814745,256.2835747344102,41026.37564358497
2026-07-15,1,20136.345888058182,467.5372611769112,311.24716444829085,20915.130313683385
2026-07-16,1,-10078.143109045366,405.6781441876558,293.10068300613915,-9379.364281851571
2026-07-17,1,-39962.23863705217,442.1067981692583,320.50393334461955,-39199.62790553829
2026-07-20,1,19882.85984878067,1433.5185130685422,988.100888941975,22304.479250791188
2026-07-21,1,-20146.64117148816,503.9659151585141,356.93023939680603,-19285.74501693284
2026-07-22,1,-10004.23324259513,564.0753400302619,374.42922374429156,-9065.728678820577
2026-07-23,1,-20039.75183035701,622.4390590376883,420.002826247297,-18997.309945072026
2026-07-24,1,20022.731936320797,695.2385463540734,483.6670986242003,21201.63758129907
2026-07-27,1,-19902.923796756986,1933.2091031607683,1177.8525853087692,-16791.86210828745
2026-07-28,1,10007.79770593992,629.3466203063701,346.86303910790963,10984.0073653542
2026-07-29,1,100057.16706056448,570.9829012989437,337.7777262027531,100965.92768806618
2026-07-30,1,-23.862314430838524,492.51714425706564,347.5488090647781,816.2036388910052
2026-07-31,1,19815.493978937382,503.49913193168385,374.96560920125876,20693.958720070324
2026-08-03,1,-19722.805323472938,1654.5045271082606,1207.5752726549422,-16860.725523709734
2026-08-04,1,-19761.235382163744,525.463107280917,347.5774503781763,-18888.19482450465
