date,curve_net_pnl,position,hedge_net_pnl,net_pnl,cumulative_pnl
2001-08-06,0.0,0,0.0,0.0,0.0
2001-08-07,0.0,0,-0.0,0.0,0.0
2001-08-08,0.0,0,0.0,0.0,0.0
2001-08-09,0.0,0,-0.0,0.0,0.0
2001-08-10,0.0,0,0.0,0.0,0.0
2001-08-13,0.0,0,0.0,0.0,0.0
2001-08-14,-0.0,0,0.0,0.0,0.0
2001-08-15,0.0,0,-0.0,0.0,0.0
2001-08-16,0.0,0,0.0,0.0,0.0
2001-08-17,0.0,0,0.0,0.0,0.0
2001-08-20,0.0,0,-0.0,0.0,0.0
2001-08-21,0.0,0,0.0,0.0,0.0
2001-08-22,0.0,0,-0.0,0.0,0.0
2001-08-23,0.0,0,-0.0,0.0,0.0
2001-08-24,0.0,0,-0.0,0.0,0.0
2001-08-27,0.0,0,-0.0,0.0,0.0
2001-08-28,0.0,0,0.0,0.0,0.0
2001-08-29,0.0,0,0.0,0.0,0.0
2001-08-30,0.0,0,0.0,0.0,0.0
2001-08-31,0.0,0,-0.0,0.0,0.0
2001-09-03,0.0,0,0.0,0.0,0.0
2001-09-04,0.0,0,-0.0,0.0,0.0
2001-09-05,0.0,0,0.0,0.0,0.0
2001-09-06,0.0,0,0.0,0.0,0.0
2001-09-07,0.0,0,0.0,0.0,0.0
2001-09-10,0.0,0,0.0,0.0,0.0
2001-09-11,0.0,0,0.0,0.0,0.0
2001-09-12,0.0,0,0.0,0.0,0.0
2001-09-13,0.0,0,0.0,0.0,0.0
2001-09-14,0.0,0,0.0,0.0,0.0
2001-09-17,0.0,0,0.0,0.0,0.0
2001-09-18,0.0,0,0.0,0.0,0.0
2001-09-19,0.0,0,0.0,0.0,0.0
2001-09-20,0.0,0,-0.0,0.0,0.0
2001-09-21,0.0,0,0.0,0.0,0.0
2001-09-24,-0.0,0,-0.0,-0.0,0.0
2001-09-25,0.0,0,-0.0,0.0,0.0
2001-09-26,0.0,0,-0.0,0.0,0.0
2001-09-27,0.0,0,0.0,0.0,0.0
2001-09-28,-0.0,0,-0.0,-0.0,0.0
2001-10-01,0.0,0,0.0,0.0,0.0
2001-10-02,0.0,0,-0.0,0.0,0.0
2001-10-03,0.0,0,0.0,0.0,0.0
2001-10-04,-0.0,0,-0.0,-0.0,0.0
2001-10-05,0.0,0,0.0,0.0,0.0
2001-10-08,0.0,0,0.0,0.0,0.0
2001-10-09,0.0,0,-0.0,0.0,0.0
2001-10-10,-0.0,0,-0.0,-0.0,0.0
2001-10-11,0.0,0,-0.0,0.0,0.0
2001-10-12,0.0,0,0.0,0.0,0.0
2001-10-15,0.0,0,0.0,0.0,0.0
2001-10-16,0.0,0,-0.0,0.0,0.0
2001-10-17,-0.0,0,-0.0,-0.0,0.0
2001-10-18,0.0,0,-0.0,0.0,0.0
2001-10-19,0.0,0,-0.0,0.0,0.0
2001-10-22,0.0,0,-0.0,0.0,0.0
2001-10-23,0.0,0,0.0,0.0,0.0
2001-10-24,0.0,0,-0.0,0.0,0.0
2001-10-25,0.0,0,0.0,0.0,0.0
2001-10-26,0.0,0,0.0,0.0,0.0
2001-10-29,0.0,0,0.0,0.0,0.0
2001-10-30,0.0,0,0.0,0.0,0.0
2001-10-31,0.0,0,0.0,0.0,0.0
2001-11-01,-0.0,0,-0.0,-0.0,0.0
2001-11-02,0.0,0,0.0,0.0,0.0
2001-11-05,0.0,0,-0.0,0.0,0.0
2001-11-06,0.0,0,0.0,0.0,0.0
2001-11-07,0.0,0,-0.0,0.0,0.0
2001-11-08,0.0,0,-0.0,0.0,0.0
2001-11-09,0.0,0,-0.0,0.0,0.0
2001-11-12,0.0,0,0.0,0.0,0.0
2001-11-13,0.0,0,-0.0,0.0,0.0
2001-11-14,0.0,0,-0.0,0.0,0.0
2001-11-15,0.0,0,-0.0,0.0,0.0
2001-11-16,0.0,0,-0.0,0.0,0.0
2001-11-19,0.0,0,0.0,0.0,0.0
2001-11-20,0.0,0,0.0,0.0,0.0
2001-11-21,0.0,0,-0.0,0.0,0.0
2001-11-22,0.0,0,0.0,0.0,0.0
2001-11-23,0.0,0,-0.0,0.0,0.0
2001-11-26,0.0,0,-0.0,0.0,0.0
2001-11-27,0.0,0,0.0,0.0,0.0
2001-11-28,-0.0,0,0.0,0.0,0.0
2001-11-29,0.0,0,0.0,0.0,0.0
2001-11-30,0.0,0,0.0,0.0,0.0
2001-12-03,0.0,0,0.0,0.0,0.0
2001-12-04,0.0,0,0.0,0.0,0.0
2001-12-05,0.0,0,-0.0,0.0,0.0
2001-12-06,0.0,0,-0.0,0.0,0.0
2001-12-07,0.0,0,-0.0,0.0,0.0
2001-12-10,0.0,0,0.0,0.0,0.0
2001-12-11,0.0,0,0.0,0.0,0.0
2001-12-12,0.0,0,0.0,0.0,0.0
2001-12-13,0.0,0,-0.0,0.0,0.0
2001-12-14,0.0,0,-0.0,0.0,0.0
2001-12-17,0.0,0,0.0,0.0,0.0
2001-12-18,0.0,0,-0.0,0.0,0.0
2001-12-19,0.0,0,0.0,0.0,0.0
2001-12-20,-0.0,0,-0.0,-0.0,0.0
2001-12-21,0.0,0,-0.0,0.0,0.0
2001-12-24,0.0,0,-0.0,0.0,0.0
2001-12-25,0.0,0,0.0,0.0,0.0
2001-12-26,0.0,0,0.0,0.0,0.0
2001-12-27,0.0,0,0.0,0.0,0.0
2001-12-28,0.0,0,-0.0,0.0,0.0
2001-12-31,0.0,0,-0.0,0.0,0.0
2002-01-01,0.0,0,0.0,0.0,0.0
2002-01-02,0.0,0,-0.0,0.0,0.0
2002-01-03,0.0,0,0.0,0.0,0.0
2002-01-04,0.0,0,-0.0,0.0,0.0
2002-01-07,0.0,0,0.0,0.0,0.0
2002-01-08,0.0,0,0.0,0.0,0.0
2002-01-09,0.0,0,-0.0,0.0,0.0
2002-01-10,0.0,0,0.0,0.0,0.0
2002-01-11,0.0,0,0.0,0.0,0.0
2002-01-14,0.0,0,0.0,0.0,0.0
2002-01-15,0.0,0,-0.0,0.0,0.0
2002-01-16,0.0,0,0.0,0.0,0.0
2002-01-17,0.0,0,-0.0,0.0,0.0
2002-01-18,0.0,0,0.0,0.0,0.0
2002-01-21,0.0,0,0.0,0.0,0.0
2002-01-22,0.0,0,-0.0,0.0,0.0
2002-01-23,0.0,0,0.0,0.0,0.0
2002-01-24,-0.0,0,-0.0,-0.0,0.0
2002-01-25,0.0,0,-0.0,0.0,0.0
2002-01-28,0.0,0,-0.0,0.0,0.0
2002-01-29,0.0,0,0.0,0.0,0.0
2002-01-30,0.0,0,0.0,0.0,0.0
2002-01-31,0.0,0,-0.0,0.0,0.0
2002-02-01,0.0,0,0.0,0.0,0.0
2002-02-04,0.0,0,0.0,0.0,0.0
2002-02-05,0.0,0,0.0,0.0,0.0
2002-02-06,0.0,0,0.0,0.0,0.0
2002-02-07,0.0,0,0.0,0.0,0.0
2002-02-08,0.0,0,-0.0,0.0,0.0
2002-02-11,0.0,0,-0.0,0.0,0.0
2002-02-12,0.0,0,-0.0,0.0,0.0
2002-02-13,0.0,0,-0.0,0.0,0.0
2002-02-14,0.0,0,0.0,0.0,0.0
2002-02-15,0.0,0,0.0,0.0,0.0
2002-02-18,0.0,0,0.0,0.0,0.0
2002-02-19,0.0,0,0.0,0.0,0.0
2002-02-20,-0.0,0,0.0,0.0,0.0
2002-02-21,0.0,0,-0.0,0.0,0.0
2002-02-22,0.0,0,0.0,0.0,0.0
2002-02-25,0.0,0,-0.0,0.0,0.0
2002-02-26,0.0,0,-0.0,0.0,0.0
2002-02-27,0.0,0,0.0,0.0,0.0
2002-02-28,0.0,0,-0.0,0.0,0.0
2002-03-01,0.0,0,-0.0,0.0,0.0
2002-03-04,0.0,0,-0.0,0.0,0.0
2002-03-05,-0.0,0,-0.0,-0.0,0.0
2002-03-06,0.0,0,0.0,0.0,0.0
2002-03-07,0.0,0,-0.0,0.0,0.0
2002-03-08,0.0,0,-0.0,0.0,0.0
2002-03-11,-0.0,0,-0.0,-0.0,0.0
2002-03-12,0.0,0,0.0,0.0,0.0
2002-03-13,0.0,0,0.0,0.0,0.0
2002-03-14,0.0,0,-0.0,0.0,0.0
2002-03-15,0.0,0,0.0,0.0,0.0
2002-03-18,0.0,0,-0.0,0.0,0.0
2002-03-19,0.0,0,0.0,0.0,0.0
2002-03-20,0.0,0,-0.0,0.0,0.0
2002-03-21,-0.0,0,-0.0,-0.0,0.0
2002-03-22,0.0,0,-0.0,0.0,0.0
2002-03-25,0.0,0,-0.0,0.0,0.0
2002-03-26,0.0,0,0.0,0.0,0.0
2002-03-27,0.0,0,0.0,0.0,0.0
2002-03-28,0.0,0,0.0,0.0,0.0
2002-03-29,0.0,0,0.0,0.0,0.0
2002-04-01,0.0,0,-0.0,0.0,0.0
2002-04-02,0.0,0,0.0,0.0,0.0
2002-04-03,0.0,0,0.0,0.0,0.0
2002-04-04,0.0,0,0.0,0.0,0.0
2002-04-05,0.0,0,0.0,0.0,0.0
2002-04-08,0.0,0,-0.0,0.0,0.0
2002-04-09,0.0,0,0.0,0.0,0.0
2002-04-10,-0.0,0,-0.0,-0.0,0.0
2002-04-11,0.0,0,-0.0,0.0,0.0
2002-04-12,0.0,0,0.0,0.0,0.0
2002-04-15,0.0,0,-0.0,0.0,0.0
2002-04-16,0.0,0,-0.0,0.0,0.0
2002-04-17,0.0,0,-0.0,0.0,0.0
2002-04-18,0.0,0,0.0,0.0,0.0
2002-04-19,0.0,0,-0.0,0.0,0.0
2002-04-22,-0.0,0,-0.0,-0.0,0.0
2002-04-23,0.0,0,0.0,0.0,0.0
2002-04-24,0.0,0,0.0,0.0,0.0
2002-04-25,0.0,0,0.0,0.0,0.0
2002-04-26,0.0,0,0.0,0.0,0.0
2002-04-29,0.0,0,-0.0,0.0,0.0
2002-04-30,0.0,0,0.0,0.0,0.0
2002-05-01,0.0,0,0.0,0.0,0.0
2002-05-02,0.0,0,-0.0,0.0,0.0
2002-05-03,0.0,0,0.0,0.0,0.0
2002-05-06,0.0,0,-0.0,0.0,0.0
2002-05-07,0.0,0,0.0,0.0,0.0
2002-05-08,0.0,0,-0.0,0.0,0.0
2002-05-09,0.0,0,0.0,0.0,0.0
2002-05-10,0.0,0,0.0,0.0,0.0
2002-05-13,0.0,0,-0.0,0.0,0.0
2002-05-14,0.0,0,-0.0,0.0,0.0
2002-05-15,0.0,0,0.0,0.0,0.0
2002-05-16,0.0,0,0.0,0.0,0.0
2002-05-17,0.0,0,-0.0,0.0,0.0
2002-05-20,0.0,0,0.0,0.0,0.0
2002-05-21,0.0,0,-0.0,0.0,0.0
2002-05-22,0.0,0,0.0,0.0,0.0
2002-05-23,0.0,0,-0.0,0.0,0.0
2002-05-24,0.0,0,-0.0,0.0,0.0
2002-05-27,0.0,0,0.0,0.0,0.0
2002-05-28,0.0,0,-0.0,0.0,0.0
2002-05-29,0.0,0,0.0,0.0,0.0
2002-05-30,0.0,0,0.0,0.0,0.0
2002-05-31,0.0,0,-0.0,0.0,0.0
2002-06-03,0.0,0,0.0,0.0,0.0
2002-06-04,0.0,0,0.0,0.0,0.0
2002-06-05,0.0,0,-0.0,0.0,0.0
2002-06-06,0.0,0,-0.0,0.0,0.0
2002-06-07,0.0,0,-0.0,0.0,0.0
2002-06-10,0.0,0,-0.0,0.0,0.0
2002-06-11,0.0,0,0.0,0.0,0.0
2002-06-12,0.0,0,0.0,0.0,0.0
2002-06-13,0.0,0,0.0,0.0,0.0
2002-06-14,0.0,0,0.0,0.0,0.0
2002-06-17,0.0,0,-0.0,0.0,0.0
2002-06-18,0.0,0,0.0,0.0,0.0
2002-06-19,0.0,0,0.0,0.0,0.0
2002-06-20,0.0,0,-0.0,0.0,0.0
2002-06-21,0.0,0,-0.0,0.0,0.0
2002-06-24,0.0,0,-0.0,0.0,0.0
2002-06-25,0.0,0,0.0,0.0,0.0
2002-06-26,0.0,0,0.0,0.0,0.0
2002-06-27,0.0,0,0.0,0.0,0.0
2002-06-28,0.0,0,-0.0,0.0,0.0
2002-07-01,0.0,0,0.0,0.0,0.0
2002-07-02,0.0,0,0.0,0.0,0.0
2002-07-03,-0.0,0,-0.0,-0.0,0.0
2002-07-04,0.0,0,0.0,0.0,0.0
2002-07-05,0.0,0,-0.0,0.0,0.0
2002-07-08,0.0,0,0.0,0.0,0.0
2002-07-09,0.0,0,0.0,0.0,0.0
2002-07-10,0.0,0,0.0,0.0,0.0
2002-07-11,0.0,0,0.0,0.0,0.0
2002-07-12,0.0,0,0.0,0.0,0.0
2002-07-15,0.0,0,0.0,0.0,0.0
2002-07-16,0.0,0,-0.0,0.0,0.0
2002-07-17,0.0,0,0.0,0.0,0.0
2002-07-18,0.0,0,0.0,0.0,0.0
2002-07-19,0.0,0,-0.0,0.0,0.0
2002-07-22,0.0,0,0.0,0.0,0.0
2002-07-23,0.0,-1,0.0,0.0,0.0
2002-07-24,-71443.18042664227,-1,19502.25883802919,-51940.921588613084,-51940.921588613084
2002-07-25,-60003.31830804733,-1,1.1334644745354094e-09,-60003.3183080462,-111944.23989665927
2002-07-26,-30052.34920425272,-1,-10015.022945485076,-40067.3721497378,-152011.61204639706
2002-07-29,120259.62344727793,-1,-90202.9281078772,30056.69533940073,-121954.91670699633
2002-07-30,59772.70861331073,-1,-39790.77808937327,19981.93052393746,-101972.98618305888
2002-07-31,-99656.23423334987,-1,39820.56263202697,-59835.671601322894,-161808.65778438176
2002-08-01,-70129.00211147507,-1,20060.161944884538,-50068.84016659053,-211877.4979509723
2002-08-02,-120236.87662649655,-1,70316.21926551401,-49920.65736098254,-261798.15531195485
2002-08-05,-30014.451802760268,-1,20196.557826958095,-9817.893975802173,-271616.049287757
2002-08-06,110104.47508107033,-1,-60005.587503323026,50098.8875777473,-221517.16171000974
2002-08-07,-109726.45985959619,-1,49736.842608300205,-59989.61725129598,-281506.77896130574
2002-08-08,110087.16975926342,-1,-19924.724336828953,90162.44542243447,-191344.33353887126
2002-08-09,20147.60861452279,-1,29819.654471627255,49967.263086150044,-141377.0704527212
2002-08-12,19996.32698585324,-1,-30045.350645457365,-10049.023659604125,-151426.09411232534
2002-08-13,-19624.389449753886,-1,60455.638718223156,40831.24926846927,-110594.84484385607
2002-08-14,179991.3927274833,-1,-20005.189378179246,159986.20334930404,49391.35850544796
2002-08-15,-6.351732231765241,-1,-20122.070376848165,-20128.42210907993,29262.936396368033
2002-08-16,59994.06783689973,-1,-29977.232587410428,30016.835249489304,59279.77164585734
2002-08-19,19993.640598965445,-1,-4.817885062180598,19988.822713903264,79268.59435976061
2002-08-20,-79803.20102297513,-1,40090.79214479261,-39712.40887818252,39556.18548157809
2002-08-21,-20008.338877671842,-1,-40334.47073045936,-60342.8096081312,-20786.624126553113
2002-08-22,10378.539491986638,-1,-40365.09164980859,-29986.552157821956,-50773.17628437507
2002-08-23,-40008.304008757186,-1,-10045.475971638245,-50053.77998039543,-100826.9562647705
2002-08-26,10035.665020750832,-1,20182.54582490516,30218.21084565599,-70608.74541911451
2002-08-27,50000.21544286773,-1,-10004.817885062748,39995.39755780499,-30613.34786130952
2002-08-28,-19910.210602649116,-1,19909.196972360143,-1.0136302889732178,-30614.361491598494
2002-08-29,-40003.97048608529,-1,29977.232587410428,-10026.737898674859,-40641.09939027335
2002-08-30,50199.78158267378,-1,-10015.20503903487,40184.576543638905,-456.5228466344488
2002-09-02,-6.31091200093967,-1,0.0,-6.31091200093967,-462.83375863538845
2002-09-03,-89999.9999999994,-1,70266.55789342974,-19733.442106569666,-20196.275865205054
2002-09-04,19991.492270317114,-1,9994.835584977991,29986.327855295105,9790.05199009005
2002-09-05,-70037.08018071634,-1,70053.49626468057,16.416083964228164,9806.468074054279
2002-09-06,59947.029967144976,-1,-49961.83338712204,9985.196580022937,19791.664654077216
2002-09-09,39814.21905611931,-1,-9924.069698711022,29890.149357408292,49681.814011485505
2002-09-10,-19967.191759932648,-1,19863.24517966788,-103.94658026476827,49577.86743122074
2002-09-11,19982.76254327278,-1,-9954.334628744498,10028.427914528282,59606.29534574902
2002-09-12,-30005.380783616238,-1,29726.97156911339,-278.40921450284804,59327.886131246174
2002-09-13,-9806.736182420973,-1,-9954.334628743933,-19761.070811164907,39566.81532008127
2002-09-16,19991.627755707952,-1,30022.926970577057,50014.55472628501,89581.37004636627
2002-09-17,-40022.86422763669,-1,40000.0,-22.864227636688156,89558.50581872958
2002-09-18,3.4708198095449916,-1,0.0,3.4708198095449916,89561.97663853913
2002-09-19,-39981.1126949016,-1,40000.0,18.88730509839661,89580.86394363752
2002-09-20,-60006.30149764497,-1,40091.8161001993,-19914.48539744567,69666.37854619185
2002-09-23,-30425.917233740765,-1,39969.46670969763,9543.549475956868,79209.92802214871
2002-09-24,40091.84976067099,-1,20061.24685782087,60153.096618491865,139363.0246406406
2002-09-25,-5.347328285903298,-1,20045.90805010022,20040.560721814316,159403.5853624549
2002-09-26,9995.432480052958,-1,-29840.265126377406,-19844.83264632445,139558.75271613046
2002-09-27,-99950.22974838107,-1,69680.34240121262,-30269.88734716845,109288.86536896201
2002-09-30,-80263.25747757498,-1,49885.63491813535,-30377.62255943963,78911.24280952237
2002-10-01,-9808.31378583485,-1,-19969.48468583947,-29777.79847167432,49133.44433784805
2002-10-02,19994.031308561644,-1,-9931.622589833376,10062.408718728268,59195.85305657632
2002-10-03,-10034.24239605098,-1,29840.26512637571,19806.02273032473,79001.87578690104
2002-10-04,-20025.465933502226,-1,19863.24517966788,-162.2207538343464,78839.6550330667
2002-10-07,-40009.10995514656,-1,79392.55758968818,39383.44763454162,118223.10266760831
2002-10-08,20029.628929591243,-1,29995.20530218366,50024.834231774905,168247.9368993832
2002-10-09,-9975.260579668116,-1,9969.684267198501,-5.576312469615004,168242.3605869136
2002-10-10,-5.0691129843082745,-1,0.0,-5.0691129843082745,168237.29147392928
2002-10-11,70153.854259222,-1,-19879.02098035702,50274.833278864986,218512.12475279428
2002-10-14,-9.206276866839035,-1,-7.790702734627017,-16.99697960146605,218495.1277731928
2002-10-15,119999.99999999962,-1,-140000.00000000058,-20000.00000000096,198495.12777319184
2002-10-16,-10013.978891863388,-1,29775.389084622315,19761.41019275893,218256.53796595076
2002-10-17,10089.831046858832,-1,-39641.04047957648,-29551.209432717646,188705.3285332331
2002-10-18,-40005.95330872199,-1,29993.27807762326,-10012.675231098729,178692.6533021344
2002-10-21,70131.91427289446,-1,-59955.17774693306,10176.736525961394,188869.3898280958
2002-10-22,9978.894655652026,-1,9962.734804114509,19941.629459766533,208811.01928786232
2002-10-23,-59761.8551317253,-1,19866.15617170002,-39895.698960025285,168915.32032783702
2002-10-24,-40004.73077170344,-1,39702.74157257121,-301.98919913222926,168613.3311287048
2002-10-25,-39990.67404189025,-1,9970.170531529513,-30020.503510360737,138592.82761834405
2002-10-28,-110007.60909005458,-1,29977.588873466815,-80030.02021658777,58562.807401756276
2002-10-29,-70571.48816338374,-1,39940.271717760785,-30631.21644562295,27931.590956133325
2002-10-30,-40178.80478515169,0,-20105.073438705873,-60283.878223857566,-32352.28726772424
2002-10-31,-1422.2672978913486,0,-10052.536719352936,-11474.804017244285,-43827.09128496853
2002-11-01,0.0,0,-60005.23166743939,-60005.23166743939,-103832.3229524079
2002-11-04,0.0,0,-39939.92360588599,-39939.92360588599,-143772.2465582939
2002-11-05,0.0,0,5.667287042941613e-10,5.667287042941613e-10,-143772.24655829335
2002-11-06,0.0,0,-5.654548011519542e-10,-5.654548011519542e-10,-143772.2465582939
2002-11-07,0.0,0,9955.047604165296,9955.047604165296,-133817.1989541286
2002-11-08,-0.0,0,-70005.20707641676,-70005.20707641676,-203822.40603054536
2002-11-11,0.0,0,0.0,0.0,-203822.40603054536
2002-11-12,0.0,0,20152.132885299572,20152.132885299572,-183670.2731452458
2002-11-13,0.0,0,-10068.419577250173,-10068.419577250173,-193738.69272249597
2002-11-14,0.0,0,-90684.59798384551,-90684.59798384551,-284423.2907063415
2002-11-15,-0.0,0,-40000.0,-40000.0,-324423.2907063415
2002-11-18,0.0,0,-20030.284044132175,-20030.284044132175,-344453.57475047366
2002-11-19,0.0,0,-20106.3054997718,-20106.3054997718,-364559.88025024545
2002-11-20,0.0,0,-20182.774282015263,-20182.774282015263,-384742.6545322607
2002-11-21,0.0,0,-20075.843417011634,-20075.843417011634,-404818.49794927234
2002-11-22,0.0,0,-30022.69972777448,-30022.69972777448,-434841.1976770468
2002-11-25,0.0,0,-10000.000000000568,-10000.000000000568,-444841.1976770474
2002-11-26,0.0,0,30000.0,30000.0,-414841.1976770474
2002-11-27,0.0,0,-60364.69010358147,-60364.69010358147,-475205.88778062887
2002-11-28,0.0,0,0.0,0.0,-475205.88778062887
2002-11-29,0.0,0,-9969.82214594099,-9969.82214594099,-485175.70992656983
2002-12-02,-0.0,0,-10007.566575925017,-10007.566575925017,-495183.2765024949
2002-12-03,0.0,0,-20030.28404413331,-20030.28404413331,-515213.5605466282
2002-12-04,0.0,0,30045.42606619968,30045.42606619968,-485168.13448042853
2002-12-05,0.0,0,0.0,0.0,-485168.13448042853
2002-12-06,0.0,0,40304.265770598,40304.265770598,-444863.8687098305
2002-12-09,0.0,0,5.727580652688573e-10,5.727580652688573e-10,-444863.8687098299
2002-12-10,0.0,0,-20004.81293326438,-20004.81293326438,-464868.6816430943
2002-12-11,0.0,0,0.0,0.0,-464868.6816430943
2002-12-12,0.0,0,20106.882002315222,20106.882002315222,-444761.79964077903
2002-12-13,0.0,0,0.0,0.0,-444761.79964077903
2002-12-16,0.0,0,-49962.00706842725,-49962.00706842725,-494723.8067092063
2002-12-17,0.0,0,5.667095102349207e-10,5.667095102349207e-10,-494723.80670920573
2002-12-18,0.0,0,29954.435248808077,29954.435248808077,-464769.37146039767
2002-12-19,0.0,0,40060.89596154813,40060.89596154813,-424708.4754988495
2002-12-20,-0.0,0,-20122.222852859573,-20122.222852859573,-444830.6983517091
2002-12-23,0.0,0,20137.58177903492,20137.58177903492,-424693.1165726742
2002-12-24,0.0,0,-5.710364576303718e-10,-5.710364576303718e-10,-424693.1165726748
2002-12-25,0.0,0,0.0,0.0,-424693.1165726748
2002-12-26,0.0,0,10068.790889517748,10068.790889517748,-414624.325683157
2002-12-27,0.0,0,40305.91761347153,40305.91761347153,-374318.4080696855
2002-12-30,0.0,0,-10005.893988934116,-10005.893988934116,-384324.3020586196
2002-12-31,0.0,0,-5.693053380917976e-10,-5.693053380917976e-10,-384324.3020586202
2003-01-01,0.0,0,0.0,0.0,-384324.3020586202
2003-01-02,0.0,0,-110084.24008871999,-110084.24008871999,-494408.5421473402
2003-01-03,0.0,0,19817.604920901038,19817.604920901038,-474590.9372264391
2003-01-06,0.0,0,-9908.802460450801,-9908.802460450801,-484499.7396868899
2003-01-07,0.0,0,9994.475345708594,9994.475345708594,-474505.2643411813
2003-01-08,0.0,0,-40121.985963228,-40121.985963228,-514627.2503044093
2003-01-09,0.0,0,-60551.53156896675,-60551.53156896675,-575178.7818733761
2003-01-10,0.0,0,19984.796523462806,19984.796523462806,-555193.9853499134
2003-01-13,0.0,0,-19999.999999999432,-19999.999999999432,-575193.9853499128
2003-01-14,0.0,0,20045.717823641713,20045.717823641713,-555148.267526271
2003-01-15,-0.0,0,-20091.597276879016,-20091.597276879016,-575239.8648031501
2003-01-16,-0.0,0,0.0,0.0,-575239.8648031501
2003-01-17,0.0,0,0.0,0.0,-575239.8648031501
2003-01-20,0.0,0,-4.78970305571137,-4.78970305571137,-575244.6545062058
2003-01-21,0.0,0,20000.000000000568,20000.000000000568,-555244.6545062052
2003-01-22,0.0,0,20030.62542311978,20030.62542311978,-535214.0290830855
2003-01-23,0.0,0,-5.710516448623114e-10,-5.710516448623114e-10,-535214.0290830861
2003-01-24,0.0,0,0.0,0.0,-535214.0290830861
2003-01-27,0.0,0,-60322.51802147009,-60322.51802147009,-595536.5471045561
2003-01-28,0.0,0,-40276.77119589936,-40276.77119589936,-635813.3183004555
2003-01-29,0.0,0,-480.69647355585494,-480.69647355585494,-636294.0147740113
2003-01-30,0.0,0,0.0,0.0,-636294.0147740113
2003-01-31,-0.0,0,-0.0,-0.0,-636294.0147740113
2003-02-03,-0.0,0,-0.0,-0.0,-636294.0147740113
2003-02-04,0.0,0,-0.0,0.0,-636294.0147740113
2003-02-05,0.0,0,-0.0,0.0,-636294.0147740113
2003-02-06,0.0,0,0.0,0.0,-636294.0147740113
2003-02-07,0.0,0,-0.0,0.0,-636294.0147740113
2003-02-10,0.0,0,-0.0,0.0,-636294.0147740113
2003-02-11,0.0,0,0.0,0.0,-636294.0147740113
2003-02-12,0.0,0,0.0,0.0,-636294.0147740113
2003-02-13,0.0,0,0.0,0.0,-636294.0147740113
2003-02-14,0.0,0,-0.0,0.0,-636294.0147740113
2003-02-17,0.0,0,0.0,0.0,-636294.0147740113
2003-02-18,0.0,0,-0.0,0.0,-636294.0147740113
2003-02-19,0.0,0,0.0,0.0,-636294.0147740113
2003-02-20,0.0,0,0.0,0.0,-636294.0147740113
2003-02-21,0.0,0,-0.0,0.0,-636294.0147740113
2003-02-24,0.0,0,0.0,0.0,-636294.0147740113
2003-02-25,0.0,0,0.0,0.0,-636294.0147740113
2003-02-26,0.0,0,0.0,0.0,-636294.0147740113
2003-02-27,0.0,0,0.0,0.0,-636294.0147740113
2003-02-28,0.0,0,0.0,0.0,-636294.0147740113
2003-03-03,0.0,0,0.0,0.0,-636294.0147740113
2003-03-04,0.0,0,0.0,0.0,-636294.0147740113
2003-03-05,0.0,0,-0.0,0.0,-636294.0147740113
2003-03-06,0.0,0,-0.0,0.0,-636294.0147740113
2003-03-07,0.0,0,0.0,0.0,-636294.0147740113
2003-03-10,0.0,0,0.0,0.0,-636294.0147740113
2003-03-11,0.0,0,-0.0,0.0,-636294.0147740113
2003-03-12,-0.0,0,-0.0,-0.0,-636294.0147740113
2003-03-13,0.0,0,-0.0,0.0,-636294.0147740113
2003-03-14,0.0,0,0.0,0.0,-636294.0147740113
2003-03-17,0.0,0,-0.0,0.0,-636294.0147740113
2003-03-18,0.0,0,-0.0,0.0,-636294.0147740113
2003-03-19,0.0,0,-0.0,0.0,-636294.0147740113
2003-03-20,0.0,0,0.0,0.0,-636294.0147740113
2003-03-21,0.0,0,-0.0,0.0,-636294.0147740113
2003-03-24,0.0,0,0.0,0.0,-636294.0147740113
2003-03-25,0.0,0,0.0,0.0,-636294.0147740113
2003-03-26,0.0,0,-0.0,0.0,-636294.0147740113
2003-03-27,0.0,0,-0.0,0.0,-636294.0147740113
2003-03-28,0.0,0,0.0,0.0,-636294.0147740113
2003-03-31,0.0,0,0.0,0.0,-636294.0147740113
2003-04-01,-0.0,0,-0.0,-0.0,-636294.0147740113
2003-04-02,0.0,0,-0.0,0.0,-636294.0147740113
2003-04-03,0.0,0,0.0,0.0,-636294.0147740113
2003-04-04,0.0,0,-0.0,0.0,-636294.0147740113
2003-04-07,0.0,0,-0.0,0.0,-636294.0147740113
2003-04-08,0.0,0,0.0,0.0,-636294.0147740113
2003-04-09,0.0,0,0.0,0.0,-636294.0147740113
2003-04-10,0.0,0,-0.0,0.0,-636294.0147740113
2003-04-11,0.0,0,-0.0,0.0,-636294.0147740113
2003-04-14,0.0,0,-0.0,0.0,-636294.0147740113
2003-04-15,0.0,0,0.0,0.0,-636294.0147740113
2003-04-16,0.0,0,-0.0,0.0,-636294.0147740113
2003-04-17,-0.0,0,-0.0,-0.0,-636294.0147740113
2003-04-18,0.0,0,0.0,0.0,-636294.0147740113
2003-04-21,0.0,0,-0.0,0.0,-636294.0147740113
2003-04-22,0.0,0,-0.0,0.0,-636294.0147740113
2003-04-23,-0.0,0,-0.0,-0.0,-636294.0147740113
2003-04-24,0.0,0,0.0,0.0,-636294.0147740113
2003-04-25,0.0,0,0.0,0.0,-636294.0147740113
2003-04-28,0.0,0,-0.0,0.0,-636294.0147740113
2003-04-29,0.0,0,-0.0,0.0,-636294.0147740113
2003-04-30,0.0,0,-0.0,0.0,-636294.0147740113
2003-05-01,0.0,0,0.0,0.0,-636294.0147740113
2003-05-02,0.0,0,-0.0,0.0,-636294.0147740113
2003-05-05,0.0,0,-0.0,0.0,-636294.0147740113
2003-05-06,0.0,0,0.0,0.0,-636294.0147740113
2003-05-07,0.0,0,0.0,0.0,-636294.0147740113
2003-05-08,0.0,0,-0.0,0.0,-636294.0147740113
2003-05-09,0.0,0,0.0,0.0,-636294.0147740113
2003-05-12,0.0,0,0.0,0.0,-636294.0147740113
2003-05-13,0.0,0,0.0,0.0,-636294.0147740113
2003-05-14,0.0,0,0.0,0.0,-636294.0147740113
2003-05-15,-0.0,0,0.0,0.0,-636294.0147740113
2003-05-16,0.0,0,0.0,0.0,-636294.0147740113
2003-05-19,0.0,0,0.0,0.0,-636294.0147740113
2003-05-20,0.0,0,0.0,0.0,-636294.0147740113
2003-05-21,-0.0,0,-0.0,-0.0,-636294.0147740113
2003-05-22,0.0,0,-0.0,0.0,-636294.0147740113
2003-05-23,-0.0,0,-0.0,-0.0,-636294.0147740113
2003-05-26,0.0,0,0.0,0.0,-636294.0147740113
2003-05-27,0.0,0,0.0,0.0,-636294.0147740113
2003-05-28,0.0,0,-0.0,0.0,-636294.0147740113
2003-05-29,0.0,0,0.0,0.0,-636294.0147740113
2003-05-30,0.0,0,-0.0,0.0,-636294.0147740113
2003-06-02,0.0,0,0.0,0.0,-636294.0147740113
2003-06-03,0.0,0,0.0,0.0,-636294.0147740113
2003-06-04,0.0,-1,-0.0,0.0,-636294.0147740113
2003-06-05,8630.562719584324,-1,0.0,8630.562719584324,-627663.452054427
2003-06-06,10110.387065927218,-1,-0.0,10110.387065927218,-617553.0649884997
2003-06-09,-30005.72987254276,-1,0.0,-30005.72987254276,-647558.7948610425
2003-06-10,9995.274968635258,-1,0.0,9995.274968635258,-637563.5198924072
2003-06-11,59994.491786832485,-1,-0.0,59994.491786832485,-577569.0281055748
2003-06-12,-39888.7433935512,-1,0.0,-39888.7433935512,-617457.771499126
2003-06-13,30224.863751114463,-1,0.0,30224.863751114463,-587232.9077480115
2003-06-16,9995.644518485264,-1,-0.0,9995.644518485264,-577237.2632295262
2003-06-17,40277.26333377113,-1,-0.0,40277.26333377113,-536959.9998957551
2003-06-18,-10009.767758724724,-1,-0.0,-10009.767758724724,-546969.7676544798
2003-06-19,-80005.5200087027,-1,0.0,-80005.5200087027,-626975.2876631825
2003-06-20,-9858.878731314813,-1,-0.0,-9858.878731314813,-636834.1663944973
2003-06-23,-10003.025733499115,-1,0.0,-10003.025733499115,-646837.1921279964
2003-06-24,9995.83766952007,-1,-0.0,9995.83766952007,-636841.3544584763
2003-06-25,19667.60544805364,-1,-0.0,19667.60544805364,-617173.7490104226
2003-06-26,50332.46976423629,-1,-0.0,50332.46976423629,-566841.2792461864
2003-06-27,9986.710111003602,-1,0.0,9986.710111003602,-556854.5691351828
2003-06-30,-39998.05992081146,-1,0.0,-39998.05992081146,-596852.6290559942
2003-07-01,-29983.995895765336,-1,0.0,-29983.995895765336,-626836.6249517596
2003-07-02,19825.229058893314,-1,-0.0,19825.229058893314,-607011.3958928663
2003-07-03,-19727.251277569623,-1,-0.0,-19727.251277569623,-626738.6471704359
2003-07-04,-6.10377012542435,-1,0.0,-6.10377012542435,-626744.7509405613
2003-07-07,29999.99999999936,-1,-0.0,29999.99999999936,-596744.750940562
2003-07-08,49786.59590361773,-1,-0.0,49786.59590361773,-546958.1550369443
2003-07-09,7.491821615662047,-1,0.0,7.491821615662047,-546950.6632153287
2003-07-10,-49914.89194374738,-1,0.0,-49914.89194374738,-596865.5551590761
2003-07-11,-69925.47220940309,-1,0.0,-69925.47220940309,-666791.0273684792
2003-07-14,40109.68849635684,-1,-0.0,40109.68849635684,-626681.3388721223
2003-07-15,70517.87573119748,-1,-0.0,70517.87573119748,-556163.4631409249
2003-07-16,79985.55412811365,-1,-0.0,79985.55412811365,-476177.90901281126
2003-07-17,30029.397603615842,-1,-0.0,30029.397603615842,-446148.51140919543
2003-07-18,39861.80704123769,0,0.0,39861.80704123769,-406286.7043679577
2003-07-21,-1406.8621068139862,0,-0.0,-1406.8621068139862,-407693.5664747717
2003-07-22,0.0,0,-0.0,0.0,-407693.5664747717
2003-07-23,0.0,0,0.0,0.0,-407693.5664747717
2003-07-24,0.0,0,-0.0,0.0,-407693.5664747717
2003-07-25,0.0,0,0.0,0.0,-407693.5664747717
2003-07-28,0.0,0,0.0,0.0,-407693.5664747717
2003-07-29,0.0,0,-0.0,0.0,-407693.5664747717
2003-07-30,0.0,0,0.0,0.0,-407693.5664747717
2003-07-31,0.0,0,0.0,0.0,-407693.5664747717
2003-08-01,0.0,0,-0.0,0.0,-407693.5664747717
2003-08-04,0.0,0,0.0,0.0,-407693.5664747717
2003-08-05,0.0,0,0.0,0.0,-407693.5664747717
2003-08-06,0.0,0,0.0,0.0,-407693.5664747717
2003-08-07,0.0,0,0.0,0.0,-407693.5664747717
2003-08-08,0.0,0,0.0,0.0,-407693.5664747717
2003-08-11,0.0,0,-0.0,0.0,-407693.5664747717
2003-08-12,0.0,0,0.0,0.0,-407693.5664747717
2003-08-13,0.0,0,-0.0,0.0,-407693.5664747717
2003-08-14,0.0,0,0.0,0.0,-407693.5664747717
2003-08-15,0.0,0,-0.0,0.0,-407693.5664747717
2003-08-18,0.0,0,0.0,0.0,-407693.5664747717
2003-08-19,0.0,0,0.0,0.0,-407693.5664747717
2003-08-20,0.0,0,-0.0,0.0,-407693.5664747717
2003-08-21,0.0,1,-0.0,0.0,-407693.5664747717
2003-08-22,8561.398801061121,1,-0.0,8561.398801061121,-399132.1676737106
2003-08-25,-50052.6824211843,1,0.0,-50052.6824211843,-449184.85009489494
2003-08-26,9961.366500303977,1,-0.0,9961.366500303977,-439223.483594591
2003-08-27,-39968.63068578075,1,-0.0,-39968.63068578075,-479192.1142803717
2003-08-28,69663.01588476611,1,0.0,69663.01588476611,-409529.0983956056
2003-08-29,-80005.98486065964,1,-0.0,-80005.98486065964,-489535.0832562652
2003-09-01,0.0,1,0.0,0.0,-489535.0832562652
2003-09-02,-89462.72029403299,1,-0.0,-89462.72029403299,-578997.8035502982
2003-09-03,49756.36567632984,1,0.0,49756.36567632984,-529241.4378739684
2003-09-04,99991.87345795773,1,0.0,99991.87345795773,-429249.56441601063
2003-09-05,140548.58401759795,1,0.0,140548.58401759795,-288700.9803984127
2003-09-08,-12.91714355379455,1,-0.0,-12.91714355379455,-288713.89754196646
2003-09-09,39957.798594670814,1,0.0,39957.798594670814,-248756.09894729566
2003-09-10,40267.15215827722,1,0.0,40267.15215827722,-208488.94678901843
2003-09-11,-10046.794045830386,1,-0.0,-10046.794045830386,-218535.7408348488
2003-09-12,70161.94665937159,0,0.0,70161.94665937159,-148373.79417547723
2003-09-15,-1427.8257367681056,0,-0.0,-1427.8257367681056,-149801.61991224534
2003-09-16,-0.0,0,0.0,0.0,-149801.61991224534
2003-09-17,0.0,0,-0.0,0.0,-149801.61991224534
2003-09-18,-0.0,0,-0.0,-0.0,-149801.61991224534
2003-09-19,-0.0,0,-0.0,-0.0,-149801.61991224534
2003-09-22,0.0,0,0.0,0.0,-149801.61991224534
2003-09-23,0.0,0,-0.0,0.0,-149801.61991224534
2003-09-24,0.0,0,0.0,0.0,-149801.61991224534
2003-09-25,0.0,0,0.0,0.0,-149801.61991224534
2003-09-26,0.0,0,0.0,0.0,-149801.61991224534
2003-09-29,0.0,0,0.0,0.0,-149801.61991224534
2003-09-30,0.0,0,0.0,0.0,-149801.61991224534
2003-10-01,0.0,0,-0.0,0.0,-149801.61991224534
2003-10-02,0.0,0,-0.0,0.0,-149801.61991224534
2003-10-03,0.0,0,-0.0,0.0,-149801.61991224534
2003-10-06,0.0,0,-0.0,0.0,-149801.61991224534
2003-10-07,0.0,0,-0.0,0.0,-149801.61991224534
2003-10-08,0.0,0,0.0,0.0,-149801.61991224534
2003-10-09,0.0,0,-0.0,0.0,-149801.61991224534
2003-10-10,0.0,0,-0.0,0.0,-149801.61991224534
2003-10-13,0.0,0,0.0,0.0,-149801.61991224534
2003-10-14,0.0,0,0.0,0.0,-149801.61991224534
2003-10-15,0.0,0,-0.0,0.0,-149801.61991224534
2003-10-16,0.0,0,-0.0,0.0,-149801.61991224534
2003-10-17,0.0,0,-0.0,0.0,-149801.61991224534
2003-10-20,-0.0,0,-0.0,-0.0,-149801.61991224534
2003-10-21,0.0,0,0.0,0.0,-149801.61991224534
2003-10-22,0.0,0,0.0,0.0,-149801.61991224534
2003-10-23,0.0,0,-0.0,0.0,-149801.61991224534
2003-10-24,0.0,0,0.0,0.0,-149801.61991224534
2003-10-27,0.0,0,-0.0,0.0,-149801.61991224534
2003-10-28,0.0,0,0.0,0.0,-149801.61991224534
2003-10-29,0.0,0,-0.0,0.0,-149801.61991224534
2003-10-30,0.0,0,-0.0,0.0,-149801.61991224534
2003-10-31,0.0,0,0.0,0.0,-149801.61991224534
2003-11-03,0.0,1,-0.0,0.0,-149801.61991224534
2003-11-04,28571.192373018617,1,0.0,28571.192373018617,-121230.42753922672
2003-11-05,-19942.720150639245,1,-0.0,-19942.720150639245,-141173.14768986596
2003-11-06,-30090.54550334024,1,-0.0,-30090.54550334024,-171263.6931932062
2003-11-07,-30005.223624830312,1,-0.0,-30005.223624830312,-201268.91681803652
2003-11-10,-9990.06476657085,1,0.0,-9990.06476657085,-211258.98158460736
2003-11-11,0.0,1,0.0,0.0,-211258.98158460736
2003-11-12,-9951.994809963748,1,-0.0,-9951.994809963748,-221210.9763945711
2003-11-13,59580.78471589346,1,0.0,59580.78471589346,-161630.19167867763
2003-11-14,69991.09157084371,1,0.0,69991.09157084371,-91639.10010783392
2003-11-17,9997.17255715681,1,0.0,9997.17255715681,-81641.92755067711
2003-11-18,-20006.928801683593,1,-0.0,-20006.928801683593,-101648.8563523607
2003-11-19,-9841.900955463352,1,-0.0,-9841.900955463352,-111490.75730782405
2003-11-20,20167.758977524798,1,0.0,20167.758977524798,-91322.99833029925
2003-11-21,-40033.8488762518,1,-0.0,-40033.8488762518,-131356.84720655106
2003-11-24,-29704.706584255997,1,-0.0,-29704.706584255997,-161061.55379080705
2003-11-25,19939.449604444246,1,0.0,19939.449604444246,-141122.10418636282
2003-11-26,-39889.07094901308,1,-0.0,-39889.07094901308,-181011.1751353759
2003-11-27,0.0,1,0.0,0.0,-181011.1751353759
2003-11-28,-79724.02046728984,1,-0.0,-79724.02046728984,-260735.19560266574
2003-12-01,-30009.152917369203,1,-0.0,-30009.152917369203,-290744.3485200349
2003-12-02,104.57314285316534,1,0.0,104.57314285316534,-290639.77537718177
2003-12-03,-27.76674889802598,1,-0.0,-27.76674889802598,-290667.5421260798
2003-12-04,29971.683515954966,1,0.0,29971.683515954966,-260695.85861012482
2003-12-05,120113.19275215882,1,0.0,120113.19275215882,-140582.665857966
2003-12-08,10004.39571801231,1,0.0,10004.39571801231,-130578.27013995369
2003-12-09,-50132.07378320083,1,0.0,-50132.07378320083,-180710.34392315452
2003-12-10,69998.75744489415,1,0.0,69998.75744489415,-110711.58647826037
2003-12-11,60240.81907687415,1,0.0,60240.81907687415,-50470.76740138623
2003-12-12,-59910.846984809905,1,-0.0,-59910.846984809905,-110381.61438619613
2003-12-15,-20118.982043457072,1,0.0,-20118.982043457072,-130500.5964296532
2003-12-16,40169.77218437859,1,0.0,40169.77218437859,-90330.82424527462
2003-12-17,-39865.10120296646,1,0.0,-39865.10120296646,-130195.92544824109
2003-12-18,-50008.373152344066,1,-0.0,-50008.373152344066,-180204.29860058514
2003-12-19,19997.485754580837,1,0.0,19997.485754580837,-160206.8128460043
2003-12-22,-10030.554801631075,1,0.0,-10030.554801631075,-170237.36764763537
2003-12-23,-40179.0036115268,1,-0.0,-40179.0036115268,-210416.37125916217
2003-12-24,49992.539393948915,1,0.0,49992.539393948915,-160423.83186521326
2003-12-25,0.0,1,0.0,0.0,-160423.83186521326
2003-12-26,30079.323484292567,1,-0.0,30079.323484292567,-130344.50838092068
2003-12-29,-30036.83895022119,1,0.0,-30036.83895022119,-160381.34733114188
2003-12-30,20057.226114277575,1,0.0,20057.226114277575,-140324.1212168643
2003-12-31,10010.56413038022,1,0.0,10010.56413038022,-130313.55708648407
2004-01-01,0.0,1,0.0,0.0,-130313.55708648407
2004-01-02,-40380.971124499,1,-0.0,-40380.971124499,-170694.5282109831
2004-01-05,-50005.46475046629,1,-0.0,-50005.46475046629,-220699.99296144937
2004-01-06,109852.40460552137,1,0.0,109852.40460552137,-110847.588355928
2004-01-07,-30153.138068863816,1,-0.0,-30153.138068863816,-141000.72642479182
2004-01-08,-10006.161256065378,1,-0.0,-10006.161256065378,-151006.8876808572
2004-01-09,129915.08342684721,1,0.0,129915.08342684721,-21091.80425401
2004-01-12,-10008.732711424653,1,0.0,-10008.732711424653,-31100.53696543465
2004-01-13,49993.25923919317,1,0.0,49993.25923919317,18892.722273758518
2004-01-14,-30132.740323788483,1,-0.0,-30132.740323788483,-11240.018050029965
2004-01-15,-40005.54904039008,1,0.0,-40005.54904039008,-51245.56709042004
2004-01-16,-49949.964355164135,1,-0.0,-49949.964355164135,-101195.53144558417
2004-01-19,0.0,1,0.0,0.0,-101195.53144558417
2004-01-20,30150.744565371242,1,0.0,30150.744565371242,-71044.78688021292
2004-01-21,30.447270224663953,1,0.0,30.447270224663953,-71014.33960998827
2004-01-22,19904.704384055054,1,0.0,19904.704384055054,-51109.63522593321
2004-01-23,-39726.660330630824,1,-0.0,-39726.660330630824,-90836.29555656403
2004-01-26,-9950.802117812309,1,-0.0,-9950.802117812309,-100787.09767437633
2004-01-27,9992.150234824074,1,-0.0,9992.150234824074,-90794.94743955226
2004-01-28,-99954.70916179399,1,-0.0,-99954.70916179399,-190749.65660134624
2004-01-29,-9999.999999999787,1,-0.0,-9999.999999999787,-200749.65660134604
2004-01-30,29858.59447009279,1,-0.0,29858.59447009279,-170891.06213125325
2004-02-02,10078.510904998442,1,-0.0,10078.510904998442,-160812.5512262548
2004-02-03,39898.13220379059,1,0.0,39898.13220379059,-120914.41902246422
2004-02-04,-30007.935290071953,1,-0.0,-30007.935290071953,-150922.3543125362
2004-02-05,-39900.33655761704,1,-0.0,-39900.33655761704,-190822.69087015322
2004-02-06,39753.36747415151,1,0.0,39753.36747415151,-151069.3233960017
2004-02-09,19997.488260972117,1,0.0,19997.488260972117,-131071.8351350296
2004-02-10,-30007.518223754945,1,-0.0,-30007.518223754945,-161079.35335878454
2004-02-11,79973.55602777879,1,0.0,79973.55602777879,-81105.79733100576
2004-02-12,-4.541404618721572,1,-0.0,-4.541404618721572,-81110.33873562448
2004-02-13,40124.68750875001,1,0.0,40124.68750875001,-40985.65122687447
2004-02-16,0.0,1,0.0,0.0,-40985.65122687447
2004-02-17,-20029.15642395559,1,-0.0,-20029.15642395559,-61014.80765083006
2004-02-18,-10026.500675293893,1,0.0,-10026.500675293893,-71041.30832612395
2004-02-19,-20010.190202150134,1,0.0,-20010.190202150134,-91051.49852827408
2004-02-20,-9931.500424823018,1,-0.0,-9931.500424823018,-100982.99895309709
2004-02-23,70030.28825322175,1,0.0,70030.28825322175,-30952.710699875344
2004-02-24,-29782.7202046034,1,-0.0,-29782.7202046034,-60735.430904478744
2004-02-25,-10003.373167690643,1,0.0,-10003.373167690643,-70738.80407216938
2004-02-26,-6.241081440411217,1,-0.0,-6.241081440411217,-70745.0451536098
2004-02-27,-39863.831096620685,1,0.0,-39863.831096620685,-110608.87625023047
2004-03-01,9953.393773991062,1,-0.0,9953.393773991062,-100655.48247623941
2004-03-02,10239.549855505531,1,-0.0,10239.549855505531,-90415.93262073389
2004-03-03,-59786.842664077645,1,-0.0,-59786.842664077645,-150202.77528481153
2004-03-04,9915.346870012443,1,0.0,9915.346870012443,-140287.4284147991
2004-03-05,129503.84113206738,1,0.0,129503.84113206738,-10783.587282731722
2004-03-08,29991.077838958816,0,0.0,29991.077838958816,19207.490556227094
2004-03-09,-1399.116672879929,0,0.0,-1399.116672879929,17808.373883347165
2004-03-10,-0.0,0,0.0,0.0,17808.373883347165
2004-03-11,0.0,0,0.0,0.0,17808.373883347165
2004-03-12,0.0,0,-0.0,0.0,17808.373883347165
2004-03-15,-0.0,0,0.0,0.0,17808.373883347165
2004-03-16,0.0,0,0.0,0.0,17808.373883347165
2004-03-17,0.0,0,-0.0,0.0,17808.373883347165
2004-03-18,0.0,0,-0.0,0.0,17808.373883347165
2004-03-19,0.0,0,-0.0,0.0,17808.373883347165
2004-03-22,0.0,0,0.0,0.0,17808.373883347165
2004-03-23,-0.0,0,0.0,0.0,17808.373883347165
2004-03-24,0.0,0,0.0,0.0,17808.373883347165
2004-03-25,0.0,0,0.0,0.0,17808.373883347165
2004-03-26,0.0,0,-0.0,0.0,17808.373883347165
2004-03-29,0.0,0,-0.0,0.0,17808.373883347165
2004-03-30,0.0,0,0.0,0.0,17808.373883347165
2004-03-31,0.0,0,0.0,0.0,17808.373883347165
2004-04-01,0.0,0,-0.0,0.0,17808.373883347165
2004-04-02,0.0,0,-0.0,0.0,17808.373883347165
2004-04-05,0.0,0,-0.0,0.0,17808.373883347165
2004-04-06,0.0,0,0.0,0.0,17808.373883347165
2004-04-07,0.0,0,-0.0,0.0,17808.373883347165
2004-04-08,-0.0,0,0.0,0.0,17808.373883347165
2004-04-09,0.0,0,0.0,0.0,17808.373883347165
2004-04-12,0.0,0,-0.0,0.0,17808.373883347165
2004-04-13,0.0,0,-0.0,0.0,17808.373883347165
2004-04-14,0.0,1,-0.0,0.0,17808.373883347165
2004-04-15,58569.800063492556,1,0.0,58569.800063492556,76378.17394683973
2004-04-16,39997.09162002931,1,0.0,39997.09162002931,116375.26556686903
2004-04-19,-10002.7385877054,1,0.0,-10002.7385877054,106372.52697916362
2004-04-20,-10023.720238785212,1,-0.0,-10023.720238785212,96348.80674037841
2004-04-21,-60022.287512847535,1,-0.0,-60022.287512847535,36326.51922753087
2004-04-22,29989.727303276653,1,0.0,29989.727303276653,66316.24653080752
2004-04-23,-69968.3975581795,1,-0.0,-69968.3975581795,-3652.151027371976
2004-04-26,-9923.007134710415,1,-0.0,-9923.007134710415,-13575.15816208239
2004-04-27,39875.72685985331,1,0.0,39875.72685985331,26300.56869777092
2004-04-28,-39941.84352010726,1,-0.0,-39941.84352010726,-13641.274822336338
2004-04-29,-39896.88825655858,1,0.0,-39896.88825655858,-53538.16307889492
2004-04-30,9990.916550539565,1,-0.0,9990.916550539565,-43547.246528355354
2004-05-03,20044.510137902413,1,0.0,20044.510137902413,-23502.73639045294
2004-05-04,9976.34182025407,1,0.0,9976.34182025407,-13526.39457019887
2004-05-05,-40044.28051566226,1,-0.0,-40044.28051566226,-53570.675085861134
2004-05-06,-9986.876915724017,1,0.0,-9986.876915724017,-63557.55200158515
2004-05-07,-170009.2496034607,1,-0.0,-170009.2496034607,-233566.80160504585
2004-05-10,19986.756008381053,1,0.0,19986.756008381053,-213580.0455966648
2004-05-11,13.635140831318495,1,0.0,13.635140831318495,-213566.41045583348
2004-05-12,19989.526546315465,1,0.0,19989.526546315465,-193576.88390951802
2004-05-13,-10175.823631108884,1,0.0,-10175.823631108884,-203752.7075406269
2004-05-14,69995.50953046973,1,0.0,69995.50953046973,-133757.19801015715
2004-05-17,20058.361772438162,1,0.0,20058.361772438162,-113698.83623771899
2004-05-18,-8.64957720735059,1,-0.0,-8.64957720735059,-113707.48581492635
2004-05-19,-49981.11319878464,1,-0.0,-49981.11319878464,-163688.59901371098
2004-05-20,20091.50011653979,1,0.0,20091.50011653979,-143597.09889717118
2004-05-21,-39960.69885352257,1,-0.0,-39960.69885352257,-183557.79775069375
2004-05-24,9979.059635432242,1,-0.0,9979.059635432242,-173578.7381152615
2004-05-25,-19985.254199175783,1,0.0,-19985.254199175783,-193563.9923144373
2004-05-26,39785.88919142882,1,0.0,39785.88919142882,-153778.10312300848
2004-05-27,59970.17278305699,1,0.0,59970.17278305699,-93807.93033995149
2004-05-28,-100005.25766597685,1,-0.0,-100005.25766597685,-193813.18800592836
2004-05-31,0.0,1,0.0,0.0,-193813.18800592836
2004-06-01,10291.710544076697,1,0.0,10291.710544076697,-183521.47746185167
2004-06-02,-29909.207773641443,1,0.0,-29909.207773641443,-213430.68523549312
2004-06-03,9966.226164246253,1,0.0,9966.226164246253,-203464.45907124688
2004-06-04,-29906.827849171175,1,-0.0,-29906.827849171175,-233371.28692041806
2004-06-07,-20010.086548678366,1,-0.0,-20010.086548678366,-253381.37346909643
2004-06-08,20127.458855184,1,-0.0,20127.458855184,-233253.91461391244
2004-06-09,-50013.08765588949,1,-0.0,-50013.08765588949,-283267.0022698019
2004-06-10,-10032.518887995573,1,0.0,-10032.518887995573,-293299.5211577975
2004-06-11,0.0,1,0.0,0.0,-293299.5211577975
2004-06-14,-29689.518195464858,1,-0.0,-29689.518195464858,-322989.03935326234
2004-06-15,69892.35500366316,1,0.0,69892.35500366316,-253096.68434959918
2004-06-16,-60005.438279157366,1,-0.0,-60005.438279157366,-313102.12262875657
2004-06-17,-10047.092953821746,1,-0.0,-10047.092953821746,-323149.2155825783
2004-06-18,40230.24069670625,1,0.0,40230.24069670625,-282918.9748858721
2004-06-21,19979.664114967403,1,0.0,19979.664114967403,-262939.3107709047
2004-06-22,10002.61880391859,1,0.0,10002.61880391859,-252936.6919669861
2004-06-23,33.774913481338444,1,0.0,33.774913481338444,-252902.91705350476
2004-06-24,40000.00000000004,1,0.0,40000.00000000004,-212902.91705350473
2004-06-25,-30033.271908330702,1,0.0,-30033.271908330702,-242936.18896183543
2004-06-28,-39801.49090531176,1,-0.0,-39801.49090531176,-282737.6798671472
2004-06-29,129.30843887308583,1,0.0,129.30843887308583,-282608.3714282741
2004-06-30,79909.12553879515,1,0.0,79909.12553879515,-202699.24588947895
2004-07-01,9898.439234968791,1,0.0,9898.439234968791,-192800.80665451015
2004-07-02,69991.59004045716,1,0.0,69991.59004045716,-122809.21661405299
2004-07-05,0.0,1,0.0,0.0,-122809.21661405299
2004-07-06,-9982.726290815175,1,0.0,-9982.726290815175,-132791.94290486816
2004-07-07,-20047.324138407457,1,-0.0,-20047.324138407457,-152839.2670432756
2004-07-08,20036.79340255459,1,0.0,20036.79340255459,-132802.47364072103
2004-07-09,-9.872890738486603,1,0.0,-9.872890738486603,-132812.3465314595
2004-07-12,-30171.167531946106,1,0.0,-30171.167531946106,-162983.51406340563
2004-07-13,-10006.848937513709,1,-0.0,-10006.848937513709,-172990.36300091934
2004-07-14,9920.37358541867,1,-0.0,9920.37358541867,-163069.98941550066
2004-07-15,-50003.98362540728,1,0.0,-50003.98362540728,-213073.97304090793
2004-07-16,69696.85399513892,1,0.0,69696.85399513892,-143377.119045769
2004-07-19,-10007.21381897213,1,-0.0,-10007.21381897213,-153384.33286474115
2004-07-20,-79971.07079998842,1,-0.0,-79971.07079998842,-233355.40366472956
2004-07-21,19924.19837473661,1,0.0,19924.19837473661,-213431.20528999294
2004-07-22,-7.9993948679937406,1,0.0,-7.9993948679937406,-213439.20468486095
2004-07-23,-10028.307902439174,1,0.0,-10028.307902439174,-223467.51258730012
2004-07-26,-40031.520640684874,1,-0.0,-40031.520640684874,-263499.033227985
2004-07-27,30704.430123649043,1,-0.0,30704.430123649043,-232794.60310433598
2004-07-28,29992.094457437295,1,0.0,29992.094457437295,-202802.5086468987
2004-07-29,-29984.265212796894,1,-0.0,-29984.265212796894,-232786.7738596956
2004-07-30,29783.57006457801,1,0.0,29783.57006457801,-203003.2037951176
2004-08-02,-20008.19563973888,1,0.0,-20008.19563973888,-223011.39943485646
2004-08-03,-10104.371872609661,1,0.0,-10104.371872609661,-233115.77130746612
2004-08-04,9996.223295813405,1,0.0,9996.223295813405,-223119.54801165272
2004-08-05,5.254681138179876,1,0.0,5.254681138179876,-223114.29333051454
2004-08-06,149986.84316503187,1,0.0,149986.84316503187,-73127.45016548267
2004-08-09,-30011.906318770998,1,-0.0,-30011.906318770998,-103139.35648425367
2004-08-10,-49952.964876550024,1,-0.0,-49952.964876550024,-153092.3213608037
2004-08-11,13.491383064381807,1,-0.0,13.491383064381807,-153078.8299777393
2004-08-12,49850.462835411236,1,0.0,49850.462835411236,-103228.36714232808
2004-08-13,-9821.847178740478,1,0.0,-9821.847178740478,-113050.21432106855
2004-08-16,-9938.90984398831,1,0.0,-9938.90984398831,-122989.12416505686
2004-08-17,59921.00596721831,1,0.0,59921.00596721831,-63068.11819783854
2004-08-18,-40005.27240532923,1,-0.0,-40005.27240532923,-103073.39060316778
2004-08-19,50062.65286513569,1,0.0,50062.65286513569,-53010.73773803208
2004-08-20,-30007.908607994264,1,-0.0,-30007.908607994264,-83018.64634602635
2004-08-23,-29990.21363005486,1,0.0,-29990.21363005486,-113008.8599760812
2004-08-24,0.0,1,-0.0,0.0,-113008.8599760812
2004-08-25,-19954.87541853867,1,0.0,-19954.87541853867,-132963.73539461987
2004-08-26,9936.817033117957,1,0.0,9936.817033117957,-123026.91836150191
2004-08-27,-9994.730664368564,1,-0.0,-9994.730664368564,-133021.6490258705
2004-08-30,-125.68118819457595,1,0.0,-125.68118819457595,-133147.33021406506
2004-08-31,9997.777146621376,1,0.0,9997.777146621376,-123149.55306744369
2004-09-01,9995.763228109674,1,0.0,9995.763228109674,-113153.78983933401
2004-09-02,-20021.108043639513,1,-0.0,-20021.108043639513,-133174.89788297354
2004-09-03,-50004.23677189127,1,-0.0,-50004.23677189127,-183179.1346548648
2004-09-06,-6.062915971872397,1,0.0,-6.062915971872397,-183185.1975708367
2004-09-07,0.0,1,-0.0,0.0,-183185.1975708367
2004-09-08,19812.280847985938,1,0.0,19812.280847985938,-163372.91672285076
2004-09-09,19992.828260494905,1,0.0,19992.828260494905,-143380.08846235584
2004-09-10,-9934.633914642569,1,0.0,-9934.633914642569,-153314.7223769984
2004-09-13,-9965.939924922466,1,-0.0,-9965.939924922466,-163280.66230192088
2004-09-14,19993.053918359834,1,0.0,19993.053918359834,-143287.60838356105
2004-09-15,-9950.226634850089,1,-0.0,-9950.226634850089,-153237.83501841113
2004-09-16,10026.362026648436,1,0.0,10026.362026648436,-143211.47299176268
2004-09-17,-20006.490765507522,1,-0.0,-20006.490765507522,-163217.9637572702
2004-09-20,20116.999611739273,1,0.0,20116.999611739273,-143100.96414553092
2004-09-21,0.0,1,0.0,0.0,-143100.96414553092
2004-09-22,-40063.33684778174,1,-0.0,-40063.33684778174,-183164.30099331267
2004-09-23,-60003.43319382863,1,0.0,-60003.43319382863,-243167.7341871413
2004-09-24,-19945.35048808771,1,-0.0,-19945.35048808771,-263113.084675229
2004-09-27,9891.716651003619,1,0.0,9891.716651003619,-253221.36802422535
2004-09-28,70268.45696738837,1,0.0,70268.45696738837,-182952.91105683698
2004-09-29,-20112.861957565634,1,-0.0,-20112.861957565634,-203065.7730144026
2004-09-30,-10006.477159912405,1,-0.0,-10006.477159912405,-213072.250174315
2004-10-01,30015.816991595093,1,-0.0,30015.816991595093,-183056.43318271992
2004-10-04,-20005.341485217938,1,0.0,-20005.341485217938,-203061.77466793786
2004-10-05,0.0,1,0.0,0.0,-203061.77466793786
2004-10-06,-69999.99999999984,1,-0.0,-69999.99999999984,-273061.7746679377
2004-10-07,20127.785121511322,1,0.0,20127.785121511322,-252933.9895464264
2004-10-08,39895.23901565293,1,0.0,39895.23901565293,-213038.75053077348
2004-10-11,-4.39591828019009,1,0.0,-4.39591828019009,-213043.14644905366
2004-10-12,9999.999999999789,1,0.0,9999.999999999789,-203043.14644905386
2004-10-13,60134.573094951076,1,0.0,60134.573094951076,-142908.5733541028
2004-10-14,10110.863462005305,1,0.0,10110.863462005305,-132797.70989209748
2004-10-15,-60229.05085505138,1,-0.0,-60229.05085505138,-193026.76074714886
2004-10-18,-4.514492056743289,1,0.0,-4.514492056743289,-193031.2752392056
2004-10-19,-19999.999999999574,1,-0.0,-19999.999999999574,-213031.27523920516
2004-10-20,-84.57141956476698,1,0.0,-84.57141956476698,-213115.84665876994
2004-10-21,-40004.00594679021,1,-0.0,-40004.00594679021,-253119.85260556015
2004-10-22,60010.769960536185,1,0.0,60010.769960536185,-193109.08264502397
2004-10-25,22.951839354773256,1,0.0,22.951839354773256,-193086.1308056692
2004-10-26,-14.126829646296756,1,-0.0,-14.126829646296756,-193100.2576353155
2004-10-27,-20206.566554193414,1,-0.0,-20206.566554193414,-213306.82418950892
2004-10-28,-20007.207010562033,1,0.0,-20007.207010562033,-233314.03120007095
2004-10-29,-197.72755706887256,1,-0.0,-197.72755706887256,-233511.75875713982
2004-11-01,-10005.321982754527,1,0.0,-10005.321982754527,-243517.08073989436
2004-11-02,10025.527922463483,1,0.0,10025.527922463483,-233491.55281743087
2004-11-03,-19943.685090434366,1,-0.0,-19943.685090434366,-253435.23790786523
2004-11-04,-29939.28027171809,1,-0.0,-29939.28027171809,-283374.5181795833
2004-11-05,-39970.96960804364,1,-0.0,-39970.96960804364,-323345.4877876269
2004-11-08,-10010.472094910483,1,0.0,-10010.472094910483,-333355.9598825374
2004-11-09,20045.632444142506,1,0.0,20045.632444142506,-313310.32743839495
2004-11-10,-86.5277482201709,1,0.0,-86.5277482201709,-313396.85518661514
2004-11-11,-3.660464416453941,1,0.0,-3.660464416453941,-313400.5156510316
2004-11-12,-59999.99999999961,1,-0.0,-59999.99999999961,-373400.51565103116
2004-11-15,19995.814000716608,1,-0.0,19995.814000716608,-353404.70165031456
2004-11-16,-49954.40373620172,1,-0.0,-49954.40373620172,-403359.10538651625
2004-11-17,19928.99293653152,1,0.0,19928.99293653152,-383430.11244998476
2004-11-18,-40004.30498030919,1,-0.0,-40004.30498030919,-423434.417430294
2004-11-19,-19734.838370375277,1,-0.0,-19734.838370375277,-443169.25580066926
2004-11-22,-29843.437377598908,1,-0.0,-29843.437377598908,-473012.69317826815
2004-11-23,-19952.68161607209,0,0.0,-19952.68161607209,-492965.3747943402
2004-11-24,-1417.3776968336824,0,-0.0,-1417.3776968336824,-494382.7524911739
2004-11-25,0.0,0,0.0,0.0,-494382.7524911739
2004-11-26,0.0,0,0.0,0.0,-494382.7524911739
2004-11-29,0.0,0,-0.0,0.0,-494382.7524911739
2004-11-30,0.0,0,0.0,0.0,-494382.7524911739
2004-12-01,0.0,0,0.0,0.0,-494382.7524911739
2004-12-02,0.0,0,-0.0,0.0,-494382.7524911739
2004-12-03,0.0,0,0.0,0.0,-494382.7524911739
2004-12-06,0.0,0,-0.0,0.0,-494382.7524911739
2004-12-07,-0.0,0,0.0,0.0,-494382.7524911739
2004-12-08,0.0,0,-0.0,0.0,-494382.7524911739
2004-12-09,0.0,0,-0.0,0.0,-494382.7524911739
2004-12-10,0.0,0,0.0,0.0,-494382.7524911739
2004-12-13,-0.0,0,-0.0,-0.0,-494382.7524911739
2004-12-14,0.0,0,0.0,0.0,-494382.7524911739
2004-12-15,0.0,0,-0.0,0.0,-494382.7524911739
2004-12-16,0.0,0,0.0,0.0,-494382.7524911739
2004-12-17,0.0,0,0.0,0.0,-494382.7524911739
2004-12-20,-0.0,0,-0.0,-0.0,-494382.7524911739
2004-12-21,0.0,0,0.0,0.0,-494382.7524911739
2004-12-22,0.0,0,0.0,0.0,-494382.7524911739
2004-12-23,0.0,0,-0.0,0.0,-494382.7524911739
2004-12-24,0.0,0,0.0,0.0,-494382.7524911739
2004-12-27,0.0,0,-0.0,0.0,-494382.7524911739
2004-12-28,-0.0,0,0.0,0.0,-494382.7524911739
2004-12-29,0.0,0,-0.0,0.0,-494382.7524911739
2004-12-30,0.0,0,0.0,0.0,-494382.7524911739
2004-12-31,0.0,0,-0.0,0.0,-494382.7524911739
2005-01-03,-0.0,0,0.0,0.0,-494382.7524911739
2005-01-04,0.0,0,-0.0,0.0,-494382.7524911739
2005-01-05,-0.0,0,-0.0,-0.0,-494382.7524911739
2005-01-06,0.0,0,0.0,0.0,-494382.7524911739
2005-01-07,-0.0,0,-0.0,-0.0,-494382.7524911739
2005-01-10,-0.0,0,-0.0,-0.0,-494382.7524911739
2005-01-11,0.0,0,-0.0,0.0,-494382.7524911739
2005-01-12,0.0,0,-0.0,0.0,-494382.7524911739
2005-01-13,0.0,0,-0.0,0.0,-494382.7524911739
2005-01-14,0.0,0,-0.0,0.0,-494382.7524911739
2005-01-17,0.0,0,0.0,0.0,-494382.7524911739
2005-01-18,-0.0,0,-0.0,-0.0,-494382.7524911739
2005-01-19,-0.0,0,-0.0,-0.0,-494382.7524911739
2005-01-20,0.0,0,0.0,0.0,-494382.7524911739
2005-01-21,0.0,0,-0.0,0.0,-494382.7524911739
2005-01-24,-0.0,0,-0.0,-0.0,-494382.7524911739
2005-01-25,0.0,0,0.0,0.0,-494382.7524911739
2005-01-26,-0.0,0,-0.0,-0.0,-494382.7524911739
2005-01-27,0.0,0,-0.0,0.0,-494382.7524911739
2005-01-28,0.0,0,0.0,0.0,-494382.7524911739
2005-01-31,-0.0,0,0.0,0.0,-494382.7524911739
2005-02-01,0.0,0,-0.0,0.0,-494382.7524911739
2005-02-02,-0.0,0,-0.0,-0.0,-494382.7524911739
2005-02-03,-0.0,0,-0.0,-0.0,-494382.7524911739
2005-02-04,0.0,0,-0.0,0.0,-494382.7524911739
2005-02-07,0.0,0,-0.0,0.0,-494382.7524911739
2005-02-08,-0.0,0,-0.0,-0.0,-494382.7524911739
2005-02-09,0.0,0,0.0,0.0,-494382.7524911739
2005-02-10,0.0,0,0.0,0.0,-494382.7524911739
2005-02-11,0.0,0,-0.0,0.0,-494382.7524911739
2005-02-14,-0.0,0,-0.0,-0.0,-494382.7524911739
2005-02-15,0.0,0,0.0,0.0,-494382.7524911739
2005-02-16,0.0,0,-0.0,0.0,-494382.7524911739
2005-02-17,0.0,0,0.0,0.0,-494382.7524911739
2005-02-18,0.0,0,-0.0,0.0,-494382.7524911739
2005-02-21,0.0,0,0.0,0.0,-494382.7524911739
2005-02-22,0.0,0,0.0,0.0,-494382.7524911739
2005-02-23,0.0,0,0.0,0.0,-494382.7524911739
2005-02-24,-0.0,0,-0.0,-0.0,-494382.7524911739
2005-02-25,-0.0,0,0.0,0.0,-494382.7524911739
2005-02-28,0.0,0,-0.0,0.0,-494382.7524911739
2005-03-01,-0.0,0,-0.0,-0.0,-494382.7524911739
2005-03-02,0.0,0,0.0,0.0,-494382.7524911739
2005-03-03,0.0,0,-0.0,0.0,-494382.7524911739
2005-03-04,0.0,0,-0.0,0.0,-494382.7524911739
2005-03-07,-0.0,0,-0.0,-0.0,-494382.7524911739
2005-03-08,0.0,0,-0.0,0.0,-494382.7524911739
2005-03-09,0.0,0,-0.0,0.0,-494382.7524911739
2005-03-10,0.0,0,-0.0,0.0,-494382.7524911739
2005-03-11,0.0,0,-0.0,0.0,-494382.7524911739
2005-03-14,0.0,0,0.0,0.0,-494382.7524911739
2005-03-15,0.0,0,0.0,0.0,-494382.7524911739
2005-03-16,0.0,0,0.0,0.0,-494382.7524911739
2005-03-17,0.0,0,0.0,0.0,-494382.7524911739
2005-03-18,0.0,0,0.0,0.0,-494382.7524911739
2005-03-21,0.0,0,0.0,0.0,-494382.7524911739
2005-03-22,0.0,0,-0.0,0.0,-494382.7524911739
2005-03-23,0.0,0,0.0,0.0,-494382.7524911739
2005-03-24,-0.0,0,0.0,0.0,-494382.7524911739
2005-03-25,0.0,0,0.0,0.0,-494382.7524911739
2005-03-28,0.0,0,0.0,0.0,-494382.7524911739
2005-03-29,0.0,0,0.0,0.0,-494382.7524911739
2005-03-30,0.0,0,0.0,0.0,-494382.7524911739
2005-03-31,0.0,0,0.0,0.0,-494382.7524911739
2005-04-01,0.0,0,0.0,0.0,-494382.7524911739
2005-04-04,0.0,0,0.0,0.0,-494382.7524911739
2005-04-05,0.0,0,0.0,0.0,-494382.7524911739
2005-04-06,0.0,0,0.0,0.0,-494382.7524911739
2005-04-07,0.0,0,-0.0,0.0,-494382.7524911739
2005-04-08,-0.0,0,-0.0,-0.0,-494382.7524911739
2005-04-11,0.0,0,0.0,0.0,-494382.7524911739
2005-04-12,0.0,0,-0.0,0.0,-494382.7524911739
2005-04-13,0.0,0,0.0,0.0,-494382.7524911739
2005-04-14,0.0,0,0.0,0.0,-494382.7524911739
2005-04-15,0.0,0,0.0,0.0,-494382.7524911739
2005-04-18,-0.0,0,-0.0,-0.0,-494382.7524911739
2005-04-19,0.0,0,0.0,0.0,-494382.7524911739
2005-04-20,0.0,0,0.0,0.0,-494382.7524911739
2005-04-21,0.0,0,-0.0,0.0,-494382.7524911739
2005-04-22,0.0,0,0.0,0.0,-494382.7524911739
2005-04-25,-0.0,0,-0.0,-0.0,-494382.7524911739
2005-04-26,0.0,0,-0.0,0.0,-494382.7524911739
2005-04-27,0.0,0,0.0,0.0,-494382.7524911739
2005-04-28,0.0,0,0.0,0.0,-494382.7524911739
2005-04-29,0.0,0,0.0,0.0,-494382.7524911739
2005-05-02,0.0,0,0.0,0.0,-494382.7524911739
2005-05-03,-0.0,0,0.0,0.0,-494382.7524911739
2005-05-04,0.0,0,0.0,0.0,-494382.7524911739
2005-05-05,0.0,0,0.0,0.0,-494382.7524911739
2005-05-06,0.0,0,-0.0,0.0,-494382.7524911739
2005-05-09,0.0,0,-0.0,0.0,-494382.7524911739
2005-05-10,0.0,0,0.0,0.0,-494382.7524911739
2005-05-11,0.0,0,-0.0,0.0,-494382.7524911739
2005-05-12,0.0,0,0.0,0.0,-494382.7524911739
2005-05-13,0.0,0,0.0,0.0,-494382.7524911739
2005-05-16,0.0,0,0.0,0.0,-494382.7524911739
2005-05-17,0.0,0,0.0,0.0,-494382.7524911739
2005-05-18,0.0,0,0.0,0.0,-494382.7524911739
2005-05-19,0.0,0,-0.0,0.0,-494382.7524911739
2005-05-20,0.0,0,-0.0,0.0,-494382.7524911739
2005-05-23,0.0,0,0.0,0.0,-494382.7524911739
2005-05-24,0.0,0,0.0,0.0,-494382.7524911739
2005-05-25,0.0,0,0.0,0.0,-494382.7524911739
2005-05-26,0.0,0,0.0,0.0,-494382.7524911739
2005-05-27,0.0,0,0.0,0.0,-494382.7524911739
2005-05-30,0.0,0,0.0,0.0,-494382.7524911739
2005-05-31,0.0,0,-0.0,0.0,-494382.7524911739
2005-06-01,0.0,0,0.0,0.0,-494382.7524911739
2005-06-02,-0.0,0,-0.0,-0.0,-494382.7524911739
2005-06-03,0.0,0,-0.0,0.0,-494382.7524911739
2005-06-06,-0.0,0,-0.0,-0.0,-494382.7524911739
2005-06-07,0.0,0,0.0,0.0,-494382.7524911739
2005-06-08,0.0,0,-0.0,0.0,-494382.7524911739
2005-06-09,-0.0,0,0.0,0.0,-494382.7524911739
2005-06-10,0.0,0,0.0,0.0,-494382.7524911739
2005-06-13,0.0,0,0.0,0.0,-494382.7524911739
2005-06-14,0.0,0,0.0,0.0,-494382.7524911739
2005-06-15,0.0,0,0.0,0.0,-494382.7524911739
2005-06-16,0.0,0,-0.0,0.0,-494382.7524911739
2005-06-17,-0.0,0,-0.0,-0.0,-494382.7524911739
2005-06-20,-0.0,0,-0.0,-0.0,-494382.7524911739
2005-06-21,0.0,0,0.0,0.0,-494382.7524911739
2005-06-22,0.0,0,0.0,0.0,-494382.7524911739
2005-06-23,0.0,0,-0.0,0.0,-494382.7524911739
2005-06-24,0.0,0,0.0,0.0,-494382.7524911739
2005-06-27,0.0,0,0.0,0.0,-494382.7524911739
2005-06-28,-0.0,0,-0.0,-0.0,-494382.7524911739
2005-06-29,0.0,0,0.0,0.0,-494382.7524911739
2005-06-30,0.0,0,-0.0,0.0,-494382.7524911739
2005-07-01,0.0,0,-0.0,0.0,-494382.7524911739
2005-07-04,0.0,0,0.0,0.0,-494382.7524911739
2005-07-05,0.0,0,0.0,0.0,-494382.7524911739
2005-07-06,0.0,0,0.0,0.0,-494382.7524911739
2005-07-07,0.0,0,-0.0,0.0,-494382.7524911739
2005-07-08,0.0,0,-0.0,0.0,-494382.7524911739
2005-07-11,-0.0,0,-0.0,-0.0,-494382.7524911739
2005-07-12,0.0,0,-0.0,0.0,-494382.7524911739
2005-07-13,0.0,0,-0.0,0.0,-494382.7524911739
2005-07-14,0.0,0,-0.0,0.0,-494382.7524911739
2005-07-15,-0.0,0,-0.0,-0.0,-494382.7524911739
2005-07-18,0.0,0,0.0,0.0,-494382.7524911739
2005-07-19,0.0,0,-0.0,0.0,-494382.7524911739
2005-07-20,-0.0,0,-0.0,-0.0,-494382.7524911739
2005-07-21,0.0,0,-0.0,0.0,-494382.7524911739
2005-07-22,0.0,0,-0.0,0.0,-494382.7524911739
2005-07-25,0.0,0,-0.0,0.0,-494382.7524911739
2005-07-26,0.0,0,0.0,0.0,-494382.7524911739
2005-07-27,-0.0,0,-0.0,-0.0,-494382.7524911739
2005-07-28,0.0,0,-0.0,0.0,-494382.7524911739
2005-07-29,0.0,0,-0.0,0.0,-494382.7524911739
2005-08-01,0.0,0,0.0,0.0,-494382.7524911739
2005-08-02,0.0,0,0.0,0.0,-494382.7524911739
2005-08-03,0.0,0,0.0,0.0,-494382.7524911739
2005-08-04,0.0,0,-0.0,0.0,-494382.7524911739
2005-08-05,0.0,0,-0.0,0.0,-494382.7524911739
2005-08-08,0.0,0,0.0,0.0,-494382.7524911739
2005-08-09,0.0,0,-0.0,0.0,-494382.7524911739
2005-08-10,0.0,0,0.0,0.0,-494382.7524911739
2005-08-11,0.0,0,0.0,0.0,-494382.7524911739
2005-08-12,0.0,0,0.0,0.0,-494382.7524911739
2005-08-15,0.0,0,0.0,0.0,-494382.7524911739
2005-08-16,0.0,0,-0.0,0.0,-494382.7524911739
2005-08-17,0.0,0,0.0,0.0,-494382.7524911739
2005-08-18,0.0,0,0.0,0.0,-494382.7524911739
2005-08-19,0.0,0,-0.0,0.0,-494382.7524911739
2005-08-22,0.0,0,0.0,0.0,-494382.7524911739
2005-08-23,0.0,0,-0.0,0.0,-494382.7524911739
2005-08-24,0.0,0,0.0,0.0,-494382.7524911739
2005-08-25,-0.0,0,-0.0,-0.0,-494382.7524911739
2005-08-26,0.0,0,-0.0,0.0,-494382.7524911739
2005-08-29,0.0,0,-0.0,0.0,-494382.7524911739
2005-08-30,0.0,0,-0.0,0.0,-494382.7524911739
2005-08-31,0.0,0,0.0,0.0,-494382.7524911739
2005-09-01,0.0,0,0.0,0.0,-494382.7524911739
2005-09-02,-0.0,0,0.0,0.0,-494382.7524911739
2005-09-05,0.0,0,0.0,0.0,-494382.7524911739
2005-09-06,0.0,0,-0.0,0.0,-494382.7524911739
2005-09-07,0.0,0,0.0,0.0,-494382.7524911739
2005-09-08,0.0,0,0.0,0.0,-494382.7524911739
2005-09-09,-0.0,0,-0.0,-0.0,-494382.7524911739
2005-09-12,0.0,0,0.0,0.0,-494382.7524911739
2005-09-13,0.0,0,0.0,0.0,-494382.7524911739
2005-09-14,0.0,0,0.0,0.0,-494382.7524911739
2005-09-15,0.0,0,0.0,0.0,-494382.7524911739
2005-09-16,0.0,0,0.0,0.0,-494382.7524911739
2005-09-19,0.0,0,-0.0,0.0,-494382.7524911739
2005-09-20,-0.0,0,-0.0,-0.0,-494382.7524911739
2005-09-21,0.0,0,0.0,0.0,-494382.7524911739
2005-09-22,0.0,0,0.0,0.0,-494382.7524911739
2005-09-23,0.0,0,-0.0,0.0,-494382.7524911739
2005-09-26,0.0,0,0.0,0.0,-494382.7524911739
2005-09-27,0.0,0,0.0,0.0,-494382.7524911739
2005-09-28,0.0,0,-0.0,0.0,-494382.7524911739
2005-09-29,0.0,0,0.0,0.0,-494382.7524911739
2005-09-30,0.0,0,-0.0,0.0,-494382.7524911739
2005-10-03,0.0,0,0.0,0.0,-494382.7524911739
2005-10-04,0.0,0,-0.0,0.0,-494382.7524911739
2005-10-05,0.0,0,-0.0,0.0,-494382.7524911739
2005-10-06,0.0,0,0.0,0.0,-494382.7524911739
2005-10-07,-0.0,0,0.0,0.0,-494382.7524911739
2005-10-10,0.0,0,0.0,0.0,-494382.7524911739
2005-10-11,0.0,0,-0.0,0.0,-494382.7524911739
2005-10-12,0.0,0,0.0,0.0,-494382.7524911739
2005-10-13,0.0,0,0.0,0.0,-494382.7524911739
2005-10-14,0.0,0,0.0,0.0,-494382.7524911739
2005-10-17,0.0,0,-0.0,0.0,-494382.7524911739
2005-10-18,0.0,0,0.0,0.0,-494382.7524911739
2005-10-19,0.0,0,0.0,0.0,-494382.7524911739
2005-10-20,-0.0,0,0.0,0.0,-494382.7524911739
2005-10-21,0.0,0,-0.0,0.0,-494382.7524911739
2005-10-24,0.0,0,-0.0,0.0,-494382.7524911739
2005-10-25,0.0,0,-0.0,0.0,-494382.7524911739
2005-10-26,0.0,0,0.0,0.0,-494382.7524911739
2005-10-27,0.0,0,-0.0,0.0,-494382.7524911739
2005-10-28,0.0,0,-0.0,0.0,-494382.7524911739
2005-10-31,0.0,0,0.0,0.0,-494382.7524911739
2005-11-01,0.0,0,0.0,0.0,-494382.7524911739
2005-11-02,0.0,0,0.0,0.0,-494382.7524911739
2005-11-03,0.0,0,-0.0,0.0,-494382.7524911739
2005-11-04,0.0,0,0.0,0.0,-494382.7524911739
2005-11-07,0.0,0,-0.0,0.0,-494382.7524911739
2005-11-08,0.0,0,0.0,0.0,-494382.7524911739
2005-11-09,0.0,0,-0.0,0.0,-494382.7524911739
2005-11-10,0.0,0,0.0,0.0,-494382.7524911739
2005-11-11,0.0,0,0.0,0.0,-494382.7524911739
2005-11-14,0.0,0,-0.0,0.0,-494382.7524911739
2005-11-15,0.0,0,0.0,0.0,-494382.7524911739
2005-11-16,0.0,0,0.0,0.0,-494382.7524911739
2005-11-17,0.0,0,0.0,0.0,-494382.7524911739
2005-11-18,0.0,0,0.0,0.0,-494382.7524911739
2005-11-21,0.0,0,0.0,0.0,-494382.7524911739
2005-11-22,0.0,0,0.0,0.0,-494382.7524911739
2005-11-23,0.0,0,0.0,0.0,-494382.7524911739
2005-11-24,0.0,0,0.0,0.0,-494382.7524911739
2005-11-25,0.0,0,0.0,0.0,-494382.7524911739
2005-11-28,0.0,0,-0.0,0.0,-494382.7524911739
2005-11-29,0.0,0,-0.0,0.0,-494382.7524911739
2005-11-30,0.0,0,0.0,0.0,-494382.7524911739
2005-12-01,0.0,0,-0.0,0.0,-494382.7524911739
2005-12-02,0.0,0,0.0,0.0,-494382.7524911739
2005-12-05,0.0,0,-0.0,0.0,-494382.7524911739
2005-12-06,0.0,0,0.0,0.0,-494382.7524911739
2005-12-07,-0.0,0,0.0,0.0,-494382.7524911739
2005-12-08,0.0,0,-0.0,0.0,-494382.7524911739
2005-12-09,0.0,0,0.0,0.0,-494382.7524911739
2005-12-12,-0.0,0,-0.0,-0.0,-494382.7524911739
2005-12-13,0.0,0,0.0,0.0,-494382.7524911739
2005-12-14,0.0,0,0.0,0.0,-494382.7524911739
2005-12-15,-0.0,0,-0.0,-0.0,-494382.7524911739
2005-12-16,0.0,0,-0.0,0.0,-494382.7524911739
2005-12-19,-0.0,0,-0.0,-0.0,-494382.7524911739
2005-12-20,0.0,0,0.0,0.0,-494382.7524911739
2005-12-21,0.0,0,0.0,0.0,-494382.7524911739
2005-12-22,0.0,0,-0.0,0.0,-494382.7524911739
2005-12-23,0.0,0,0.0,0.0,-494382.7524911739
2005-12-26,0.0,0,0.0,0.0,-494382.7524911739
2005-12-27,0.0,0,0.0,0.0,-494382.7524911739
2005-12-28,0.0,0,-0.0,0.0,-494382.7524911739
2005-12-29,-0.0,1,0.0,0.0,-494382.7524911739
2005-12-30,-1427.8925071365318,1,0.0,-1427.8925071365318,-495810.6449983104
2006-01-02,0.0,1,0.0,0.0,-495810.6449983104
2006-01-03,59950.49607879815,1,0.0,59950.49607879815,-435860.1489195123
2006-01-04,49910.161051091745,1,0.0,49910.161051091745,-385949.98786842055
2006-01-05,-50003.61636135949,1,0.0,-50003.61636135949,-435953.60422978003
2006-01-06,-9898.178258387026,1,0.0,-9898.178258387026,-445851.78248816705
2006-01-09,0.0,1,0.0,0.0,-445851.78248816705
2006-01-10,50252.80758100565,1,0.0,50252.80758100565,-395598.97490716144
2006-01-11,-40004.86239680415,1,0.0,-40004.86239680415,-435603.8373039656
2006-01-12,-10089.579122387091,1,-0.0,-10089.579122387091,-445693.4164263527
2006-01-13,-2.4552403300722596,1,-0.0,-2.4552403300722596,-445695.87166668277
2006-01-16,-4.561266619368596,1,0.0,-4.561266619368596,-445700.43293330213
2006-01-17,40000.00000000004,1,0.0,40000.00000000004,-405700.4329333021
2006-01-18,-37.767383943986715,1,0.0,-37.767383943986715,-405738.2003172461
2006-01-19,-49906.32356928794,1,-0.0,-49906.32356928794,-455644.52388653404
2006-01-20,29929.617442181,1,-0.0,29929.617442181,-425714.90644435305
2006-01-23,9992.18371677012,1,0.0,9992.18371677012,-415722.7227275829
2006-01-24,-29931.08058208182,1,-0.0,-29931.08058208182,-445653.8033096647
2006-01-25,-327.76660011231434,1,-0.0,-327.76660011231434,-445981.569909777
2006-01-26,9991.519651521956,1,0.0,9991.519651521956,-435990.0502582551
2006-01-27,29821.925449221846,1,-0.0,29821.925449221846,-406168.12480903324
2006-01-30,-40004.066483354734,1,0.0,-40004.066483354734,-446172.19129238796
2006-01-31,10072.397704007415,1,-0.0,10072.397704007415,-436099.79358838056
2006-02-01,-39979.19666601986,1,-0.0,-39979.19666601986,-476078.9902544004
2006-02-02,-10011.612199714318,1,-0.0,-10011.612199714318,-486090.6024541147
2006-02-03,-30108.570436861784,1,-0.0,-30108.570436861784,-516199.1728909765
2006-02-06,-40003.63785191531,1,-0.0,-40003.63785191531,-556202.8107428917
2006-02-07,20107.678948211036,1,0.0,20107.678948211036,-536095.1317946807
2006-02-08,15.592786281125882,1,0.0,15.592786281125882,-536079.5390083996
2006-02-09,-159442.5501939692,1,-0.0,-159442.5501939692,-695522.0892023687
2006-02-10,-6.148295287467074,1,-0.0,-6.148295287467074,-695528.2374976563
2006-02-13,19942.833926778367,1,0.0,19942.833926778367,-675585.4035708779
2006-02-14,9789.671276693334,1,-0.0,9789.671276693334,-665795.7322941845
2006-02-15,-10004.998787978038,1,-0.0,-10004.998787978038,-675800.7310821626
2006-02-16,-20.790583831028925,1,0.0,-20.790583831028925,-675821.5216659936
2006-02-17,-20189.895323978744,1,-0.0,-20189.895323978744,-696011.4169899723
2006-02-20,-4.998787979139621,1,0.0,-4.998787979139621,-696016.4157779515
2006-02-21,-19999.999999999574,1,-0.0,-19999.999999999574,-716016.415777951
2006-02-22,-29903.60777063634,1,0.0,-29903.60777063634,-745920.0235485873
2006-02-23,-29862.917254845892,1,-0.0,-29862.917254845892,-775782.9408034332
2006-02-24,20.753505868446155,1,-0.0,20.753505868446155,-775762.1872975647
2006-02-27,10011.506602801488,1,0.0,10011.506602801488,-765750.6806947632
2006-02-28,10044.527179503006,1,0.0,10044.527179503006,-755706.1535152602
2006-03-01,30031.142217406275,1,0.0,30031.142217406275,-725675.0112978539
2006-03-02,9753.219253793832,1,0.0,9753.219253793832,-715921.7920440601
2006-03-03,9992.222940754104,1,0.0,9992.222940754104,-705929.5691033059
2006-03-06,9760.069927015102,1,0.0,9760.069927015102,-696169.4991762908
2006-03-07,-5.9731471711352935,1,0.0,-5.9731471711352935,-696175.4723234619
2006-03-08,9999.999999999787,1,0.0,9999.999999999787,-686175.4723234621
2006-03-09,0.0,1,-0.0,0.0,-686175.4723234621
2006-03-10,-5.183774913431989,1,0.0,-5.183774913431989,-686180.6560983756
2006-03-13,19933.187089522882,1,0.0,19933.187089522882,-666247.4690088527
2006-03-14,40294.29317502939,1,-0.0,40294.29317502939,-625953.1758338234
2006-03-15,30025.629134056224,1,0.0,30025.629134056224,-595927.5466997671
2006-03-16,40336.833376460345,1,0.0,40336.833376460345,-555590.7133233068
2006-03-17,-36.74647087498306,1,-0.0,-36.74647087498306,-555627.4597941817
2006-03-20,-9963.62287975964,1,0.0,-9963.62287975964,-565591.0826739414
2006-03-21,-30180.01443988536,1,0.0,-30180.01443988536,-595771.0971138268
2006-03-22,-19997.62837855395,1,-0.0,-19997.62837855395,-615768.7254923807
2006-03-23,-20095.81153332718,1,0.0,-20095.81153332718,-635864.5370257079
2006-03-24,20227.806835789976,1,0.0,20227.806835789976,-615636.730189918
2006-03-27,-8.241286663658684,1,0.0,-8.241286663658684,-615644.9714765816
2006-03-28,-30262.683890675078,1,-0.0,-30262.683890675078,-645907.6553672567
2006-03-29,39996.20641613873,1,0.0,39996.20641613873,-605911.448951118
2006-03-30,9770.185182816851,1,-0.0,9770.185182816851,-596141.2637683012
2006-03-31,19995.532594815642,1,-0.0,19995.532594815642,-576145.7311734856
2006-04-03,-30007.76888494593,1,-0.0,-30007.76888494593,-606153.5000584315
2006-04-04,39973.01318098951,1,0.0,39973.01318098951,-566180.486877442
2006-04-05,20030.66473086022,1,0.0,20030.66473086022,-546149.8221465817
2006-04-06,9879.429725637827,1,-0.0,9879.429725637827,-536270.392420944
2006-04-07,29997.135885832704,1,0.0,29997.135885832704,-506273.2565351112
2006-04-10,-4.42169240184715,1,0.0,-4.42169240184715,-506277.6782275131
2006-04-11,-10000.000000000677,1,0.0,-10000.000000000677,-516277.6782275138
2006-04-12,189.23249384728842,1,0.0,189.23249384728842,-516088.44573366654
2006-04-13,-37.085672529072326,1,-0.0,-37.085672529072326,-516125.5314061956
2006-04-14,-4.94938546381197,1,0.0,-4.94938546381197,-516130.4807916594
2006-04-17,9999.999999999789,1,0.0,9999.999999999789,-506130.4807916596
2006-04-18,50028.0454517028,1,0.0,50028.0454517028,-456102.43533995684
2006-04-19,20168.91888959259,1,0.0,20168.91888959259,-435933.51645036426
2006-04-20,-38.11549175543951,1,0.0,-38.11549175543951,-435971.6319421197
2006-04-21,-39864.5784204446,1,0.0,-39864.5784204446,-475836.2103625643
2006-04-24,-10008.10265517035,1,-0.0,-10008.10265517035,-485844.3130177347
2006-04-25,10263.82002232375,1,0.0,10263.82002232375,-475580.4929954109
2006-04-26,-20102.31857156529,1,-0.0,-20102.31857156529,-495682.8115669762
2006-04-27,69995.92469354904,1,0.0,69995.92469354904,-425686.88687342714
2006-04-28,20054.316024226384,1,0.0,20054.316024226384,-405632.57084920077
2006-05-01,-10113.501277727759,1,-0.0,-10113.501277727759,-415746.07212692854
2006-05-02,-19823.985418778928,1,-0.0,-19823.985418778928,-435570.05754570744
2006-05-03,9879.006809475242,1,-0.0,9879.006809475242,-425691.0507362322
2006-05-04,-30002.530756660366,1,-0.0,-30002.530756660366,-455693.5814928926
2006-05-05,9945.637413583085,1,0.0,9945.637413583085,-445747.94407930947
2006-05-08,-30055.393043321146,1,-0.0,-30055.393043321146,-475803.3371226306
2006-05-09,10056.368706411025,1,0.0,10056.368706411025,-465746.9684162196
2006-05-10,-30045.055748860166,1,-0.0,-30045.055748860166,-495792.02416507975
2006-05-11,30230.63951663988,1,0.0,30230.63951663988,-465561.3846484399
2006-05-12,20098.389861137744,1,0.0,20098.389861137744,-445462.99478730216
2006-05-15,10095.408216646618,1,0.0,10095.408216646618,-435367.5865706555
2006-05-16,10050.91543715464,1,0.0,10050.91543715464,-425316.6711335009
2006-05-17,20114.25785512985,1,0.0,20114.25785512985,-405202.41327837104
2006-05-18,-29588.71291596991,1,0.0,-29588.71291596991,-434791.12619434093
2006-05-19,-40003.71122238053,1,-0.0,-40003.71122238053,-474794.83741672145
2006-05-22,9954.777826261981,1,0.0,9954.777826261981,-464840.05959045945
2006-05-23,-9850.95638768086,1,-0.0,-9850.95638768086,-474691.0159781403
2006-05-24,19906.445299513434,1,0.0,19906.445299513434,-454784.5706786269
2006-05-25,195.2709595328197,1,-0.0,195.2709595328197,-454589.29971909407
2006-05-26,9983.555062960455,1,0.0,9983.555062960455,-444605.7446561336
2006-05-29,0.0,1,0.0,0.0,-444605.7446561336
2006-05-30,-9942.626587917322,1,-0.0,-9942.626587917322,-454548.3712440509
2006-05-31,-29983.760999347218,1,-0.0,-29983.760999347218,-484532.1322433981
2006-06-01,13.062785690399323,1,-0.0,13.062785690399323,-484519.0694577077
2006-06-02,29990.01839638001,1,0.0,29990.01839638001,-454529.0510613277
2006-06-05,-50004.739522631055,1,0.0,-50004.739522631055,-504533.79058395873
2006-06-06,-19999.999999999574,1,-0.0,-19999.999999999574,-524533.7905839583
2006-06-07,-9951.473235477288,1,0.0,-9951.473235477288,-534485.2638194356
2006-06-08,-10070.162201247404,1,-0.0,-10070.162201247404,-544555.426020683
2006-06-09,-30136.33469317925,1,-0.0,-30136.33469317925,-574691.7607138623
2006-06-12,-4.063149630601658,1,-0.0,-4.063149630601658,-574695.8238634928
2006-06-13,0.0,1,0.0,0.0,-574695.8238634928
2006-06-14,-19869.4824984366,1,0.0,-19869.4824984366,-594565.3063619294
2006-06-15,-10004.579552056328,1,0.0,-10004.579552056328,-604569.8859139858
2006-06-16,19845.17648943341,1,0.0,19845.17648943341,-584724.7094245524
2006-06-19,-10005.036650188591,1,0.0,-10005.036650188591,-594729.746074741
2006-06-20,-6.104432138366974,1,0.0,-6.104432138366974,-594735.8505068794
2006-06-21,-9992.263118031131,1,0.0,-9992.263118031131,-604728.1136249105
2006-06-22,-48.772926682649995,1,0.0,-48.772926682649995,-604776.8865515931
2006-06-23,-4.60041305003108,1,0.0,-4.60041305003108,-604781.4869646431
2006-06-26,9940.513877311481,1,0.0,9940.513877311481,-594840.9730873316
2006-06-27,-9807.247700891476,1,0.0,-9807.247700891476,-604648.2207882231
2006-06-28,-34.57848412451858,1,-0.0,-34.57848412451858,-604682.7992723476
2006-06-29,40034.56926636974,1,0.0,40034.56926636974,-564648.2300059779
2006-06-30,253.30211862997385,1,-0.0,253.30211862997385,-564394.927887348
2006-07-03,24.428900618524494,1,0.0,24.428900618524494,-564370.4989867294
2006-07-04,0.0,1,0.0,0.0,-564370.4989867294
2006-07-05,-9908.07187172152,1,-0.0,-9908.07187172152,-574278.570858451
2006-07-06,168.77603065939184,1,-0.0,168.77603065939184,-574109.7948277915
2006-07-07,38.69025894830702,1,0.0,38.69025894830702,-574071.1045688433
2006-07-10,-10056.403380342663,1,0.0,-10056.403380342663,-584127.5079491859
2006-07-11,-4.60041305003108,1,0.0,-4.60041305003108,-584132.108362236
2006-07-12,-10007.745766546532,1,-0.0,-10007.745766546532,-594139.8541287825
2006-07-13,19952.835628439083,1,0.0,19952.835628439083,-574187.0185003434
2006-07-14,9974.389048360566,1,0.0,9974.389048360566,-564212.6294519829
2006-07-17,-30004.591002686462,1,-0.0,-30004.591002686462,-594217.2204546693
2006-07-18,98.93156005792844,1,0.0,98.93156005792844,-594118.2888946114
2006-07-19,20172.905256756923,1,0.0,20172.905256756923,-573945.3836378545
2006-07-20,19977.35090943789,1,-0.0,19977.35090943789,-553968.0327284166
2006-07-21,10057.726046690399,1,0.0,10057.726046690399,-543910.3066817262
2006-07-24,10011.324545281519,1,0.0,10011.324545281519,-533898.9821364448
2006-07-25,-10023.260468882323,1,-0.0,-10023.260468882323,-543922.242605327
2006-07-26,67.76978559829513,1,0.0,67.76978559829513,-543854.4728197288
2006-07-27,20019.078034908816,1,-0.0,20019.078034908816,-523835.39478482
2006-07-28,20062.039796240475,1,0.0,20062.039796240475,-503773.3549885795
2006-07-31,10025.879645768122,1,0.0,10025.879645768122,-493747.4753428114
2006-08-01,10028.47306695393,1,0.0,10028.47306695393,-483719.00227585743
2006-08-02,-28.699047486585187,1,0.0,-28.699047486585187,-483747.701323344
2006-08-03,-30006.350649523192,1,-0.0,-30006.350649523192,-513754.0519728672
2006-08-04,19923.496606487643,1,0.0,19923.496606487643,-493830.55536637956
2006-08-07,-20020.716038336188,1,-0.0,-20020.716038336188,-513851.2714047157
2006-08-08,30119.23835110827,1,0.0,30119.23835110827,-483732.03305360745
2006-08-09,20094.708501976398,0,0.0,20094.708501976398,-463637.32455163106
2006-08-10,-1464.427108152518,0,0.0,-1464.427108152518,-465101.7516597836
2006-08-11,0.0,0,-0.0,0.0,-465101.7516597836
2006-08-14,0.0,0,-0.0,0.0,-465101.7516597836
2006-08-15,0.0,0,0.0,0.0,-465101.7516597836
2006-08-16,0.0,0,0.0,0.0,-465101.7516597836
2006-08-17,0.0,0,0.0,0.0,-465101.7516597836
2006-08-18,0.0,0,0.0,0.0,-465101.7516597836
2006-08-21,0.0,0,0.0,0.0,-465101.7516597836
2006-08-22,-0.0,0,-0.0,-0.0,-465101.7516597836
2006-08-23,0.0,0,0.0,0.0,-465101.7516597836
2006-08-24,-0.0,0,0.0,0.0,-465101.7516597836
2006-08-25,0.0,0,0.0,0.0,-465101.7516597836
2006-08-28,0.0,0,-0.0,0.0,-465101.7516597836
2006-08-29,-0.0,0,0.0,0.0,-465101.7516597836
2006-08-30,0.0,0,0.0,0.0,-465101.7516597836
2006-08-31,0.0,0,-0.0,0.0,-465101.7516597836
2006-09-01,0.0,0,0.0,0.0,-465101.7516597836
2006-09-04,0.0,0,0.0,0.0,-465101.7516597836
2006-09-05,0.0,0,0.0,0.0,-465101.7516597836
2006-09-06,0.0,0,0.0,0.0,-465101.7516597836
2006-09-07,0.0,0,-0.0,0.0,-465101.7516597836
2006-09-08,0.0,0,0.0,0.0,-465101.7516597836
2006-09-11,0.0,0,0.0,0.0,-465101.7516597836
2006-09-12,0.0,0,-0.0,0.0,-465101.7516597836
2006-09-13,0.0,0,0.0,0.0,-465101.7516597836
2006-09-14,0.0,0,0.0,0.0,-465101.7516597836
2006-09-15,0.0,0,-0.0,0.0,-465101.7516597836
2006-09-18,0.0,0,-0.0,0.0,-465101.7516597836
2006-09-19,0.0,0,0.0,0.0,-465101.7516597836
2006-09-20,-0.0,0,0.0,0.0,-465101.7516597836
2006-09-21,0.0,0,0.0,0.0,-465101.7516597836
2006-09-22,0.0,0,0.0,0.0,-465101.7516597836
2006-09-25,0.0,0,0.0,0.0,-465101.7516597836
2006-09-26,0.0,0,-0.0,0.0,-465101.7516597836
2006-09-27,0.0,0,0.0,0.0,-465101.7516597836
2006-09-28,0.0,0,0.0,0.0,-465101.7516597836
2006-09-29,0.0,0,-0.0,0.0,-465101.7516597836
2006-10-02,0.0,0,0.0,0.0,-465101.7516597836
2006-10-03,0.0,0,-0.0,0.0,-465101.7516597836
2006-10-04,0.0,0,0.0,0.0,-465101.7516597836
2006-10-05,0.0,0,0.0,0.0,-465101.7516597836
2006-10-06,0.0,0,-0.0,0.0,-465101.7516597836
2006-10-09,0.0,0,0.0,0.0,-465101.7516597836
2006-10-10,0.0,0,-0.0,0.0,-465101.7516597836
2006-10-11,0.0,0,0.0,0.0,-465101.7516597836
2006-10-12,0.0,0,-0.0,0.0,-465101.7516597836
2006-10-13,0.0,0,0.0,0.0,-465101.7516597836
2006-10-16,0.0,0,-0.0,0.0,-465101.7516597836
2006-10-17,0.0,0,0.0,0.0,-465101.7516597836
2006-10-18,-0.0,0,-0.0,-0.0,-465101.7516597836
2006-10-19,0.0,0,0.0,0.0,-465101.7516597836
2006-10-20,0.0,0,-0.0,0.0,-465101.7516597836
2006-10-23,0.0,0,-0.0,0.0,-465101.7516597836
2006-10-24,0.0,0,-0.0,0.0,-465101.7516597836
2006-10-25,0.0,0,0.0,0.0,-465101.7516597836
2006-10-26,0.0,0,-0.0,0.0,-465101.7516597836
2006-10-27,0.0,0,0.0,0.0,-465101.7516597836
2006-10-30,-0.0,0,-0.0,-0.0,-465101.7516597836
2006-10-31,0.0,0,-0.0,0.0,-465101.7516597836
2006-11-01,0.0,0,0.0,0.0,-465101.7516597836
2006-11-02,0.0,0,0.0,0.0,-465101.7516597836
2006-11-03,0.0,0,-0.0,0.0,-465101.7516597836
2006-11-06,0.0,0,0.0,0.0,-465101.7516597836
2006-11-07,0.0,0,0.0,0.0,-465101.7516597836
2006-11-08,0.0,0,-0.0,0.0,-465101.7516597836
2006-11-09,0.0,0,0.0,0.0,-465101.7516597836
2006-11-10,0.0,0,-0.0,0.0,-465101.7516597836
2006-11-13,0.0,0,-0.0,0.0,-465101.7516597836
2006-11-14,0.0,0,0.0,0.0,-465101.7516597836
2006-11-15,0.0,0,0.0,0.0,-465101.7516597836
2006-11-16,0.0,0,-0.0,0.0,-465101.7516597836
2006-11-17,0.0,0,0.0,0.0,-465101.7516597836
2006-11-20,-0.0,0,0.0,0.0,-465101.7516597836
2006-11-21,0.0,0,-0.0,0.0,-465101.7516597836
2006-11-22,0.0,0,0.0,0.0,-465101.7516597836
2006-11-23,0.0,0,0.0,0.0,-465101.7516597836
2006-11-24,0.0,0,0.0,0.0,-465101.7516597836
2006-11-27,0.0,0,0.0,0.0,-465101.7516597836
2006-11-28,0.0,0,0.0,0.0,-465101.7516597836
2006-11-29,0.0,0,0.0,0.0,-465101.7516597836
2006-11-30,0.0,0,0.0,0.0,-465101.7516597836
2006-12-01,0.0,0,0.0,0.0,-465101.7516597836
2006-12-04,0.0,0,0.0,0.0,-465101.7516597836
2006-12-05,0.0,0,-0.0,0.0,-465101.7516597836
2006-12-06,0.0,0,0.0,0.0,-465101.7516597836
2006-12-07,0.0,0,-0.0,0.0,-465101.7516597836
2006-12-08,0.0,0,-0.0,0.0,-465101.7516597836
2006-12-11,0.0,0,0.0,0.0,-465101.7516597836
2006-12-12,0.0,0,0.0,0.0,-465101.7516597836
2006-12-13,0.0,0,-0.0,0.0,-465101.7516597836
2006-12-14,0.0,0,0.0,0.0,-465101.7516597836
2006-12-15,0.0,0,0.0,0.0,-465101.7516597836
2006-12-18,0.0,0,-0.0,0.0,-465101.7516597836
2006-12-19,0.0,0,0.0,0.0,-465101.7516597836
2006-12-20,0.0,0,0.0,0.0,-465101.7516597836
2006-12-21,0.0,0,0.0,0.0,-465101.7516597836
2006-12-22,0.0,0,-0.0,0.0,-465101.7516597836
2006-12-25,0.0,0,0.0,0.0,-465101.7516597836
2006-12-26,0.0,0,-0.0,0.0,-465101.7516597836
2006-12-27,0.0,0,0.0,0.0,-465101.7516597836
2006-12-28,0.0,0,-0.0,0.0,-465101.7516597836
2006-12-29,0.0,0,-0.0,0.0,-465101.7516597836
2007-01-01,0.0,0,0.0,0.0,-465101.7516597836
2007-01-02,0.0,0,0.0,0.0,-465101.7516597836
2007-01-03,0.0,0,-0.0,0.0,-465101.7516597836
2007-01-04,0.0,0,0.0,0.0,-465101.7516597836
2007-01-05,0.0,0,-0.0,0.0,-465101.7516597836
2007-01-08,0.0,0,-0.0,0.0,-465101.7516597836
2007-01-09,0.0,0,0.0,0.0,-465101.7516597836
2007-01-10,0.0,0,0.0,0.0,-465101.7516597836
2007-01-11,0.0,0,0.0,0.0,-465101.7516597836
2007-01-12,0.0,0,0.0,0.0,-465101.7516597836
2007-01-15,0.0,0,0.0,0.0,-465101.7516597836
2007-01-16,0.0,0,-0.0,0.0,-465101.7516597836
2007-01-17,0.0,0,-0.0,0.0,-465101.7516597836
2007-01-18,0.0,0,0.0,0.0,-465101.7516597836
2007-01-19,0.0,0,-0.0,0.0,-465101.7516597836
2007-01-22,0.0,0,0.0,0.0,-465101.7516597836
2007-01-23,0.0,0,0.0,0.0,-465101.7516597836
2007-01-24,0.0,0,0.0,0.0,-465101.7516597836
2007-01-25,0.0,0,-0.0,0.0,-465101.7516597836
2007-01-26,0.0,0,0.0,0.0,-465101.7516597836
2007-01-29,0.0,0,-0.0,0.0,-465101.7516597836
2007-01-30,0.0,0,0.0,0.0,-465101.7516597836
2007-01-31,0.0,0,0.0,0.0,-465101.7516597836
2007-02-01,0.0,0,-0.0,0.0,-465101.7516597836
2007-02-02,0.0,0,-0.0,0.0,-465101.7516597836
2007-02-05,0.0,0,0.0,0.0,-465101.7516597836
2007-02-06,0.0,0,-0.0,0.0,-465101.7516597836
2007-02-07,0.0,0,0.0,0.0,-465101.7516597836
2007-02-08,0.0,0,-0.0,0.0,-465101.7516597836
2007-02-09,0.0,0,-0.0,0.0,-465101.7516597836
2007-02-12,0.0,0,0.0,0.0,-465101.7516597836
2007-02-13,0.0,0,0.0,0.0,-465101.7516597836
2007-02-14,0.0,0,0.0,0.0,-465101.7516597836
2007-02-15,0.0,0,0.0,0.0,-465101.7516597836
2007-02-16,-0.0,0,-0.0,-0.0,-465101.7516597836
2007-02-19,0.0,0,0.0,0.0,-465101.7516597836
2007-02-20,0.0,0,0.0,0.0,-465101.7516597836
2007-02-21,0.0,0,-0.0,0.0,-465101.7516597836
2007-02-22,0.0,0,-0.0,0.0,-465101.7516597836
2007-02-23,0.0,0,-0.0,0.0,-465101.7516597836
2007-02-26,0.0,0,0.0,0.0,-465101.7516597836
2007-02-27,0.0,0,0.0,0.0,-465101.7516597836
2007-02-28,0.0,0,0.0,0.0,-465101.7516597836
2007-03-01,0.0,0,0.0,0.0,-465101.7516597836
2007-03-02,0.0,0,0.0,0.0,-465101.7516597836
2007-03-05,0.0,0,0.0,0.0,-465101.7516597836
2007-03-06,0.0,0,-0.0,0.0,-465101.7516597836
2007-03-07,0.0,0,0.0,0.0,-465101.7516597836
2007-03-08,0.0,0,0.0,0.0,-465101.7516597836
2007-03-09,0.0,0,-0.0,0.0,-465101.7516597836
2007-03-12,0.0,0,0.0,0.0,-465101.7516597836
2007-03-13,0.0,-1,0.0,0.0,-465101.7516597836
2007-03-14,-1436.3563507099852,-1,0.0,-1436.3563507099852,-466538.10801049357
2007-03-15,19984.39272623752,-1,-0.0,19984.39272623752,-446553.71528425603
2007-03-16,21.797152812485365,-1,0.0,21.797152812485365,-446531.91813144356
2007-03-19,10045.918349780226,-1,0.0,10045.918349780226,-436485.99978166335
2007-03-20,-20004.812037964934,-1,0.0,-20004.812037964934,-456490.8118196283
2007-03-21,-30019.617542968695,-1,0.0,-30019.617542968695,-486510.429362597
2007-03-22,-20076.39418748553,-1,0.0,-20076.39418748553,-506586.8235500825
2007-03-23,9997.525006365884,-1,-444.9468206849588,9552.578185680924,-497034.2453644016
2007-03-26,-29991.86663934237,-1,0.0,-29991.86663934237,-527026.112003744
2007-03-27,28.271680821620976,-1,9999.999999999714,10028.271680821335,-516997.8403229227
2007-03-28,-19930.91062174208,-1,19952.284954030936,21.37433228885493,-516976.4659906338
2007-03-29,29992.20113638262,-1,-39841.14174643637,-9848.940610053749,-526825.4066006875
2007-03-30,47.080665907813454,-1,9976.1424770149,10023.223142922714,-516802.1834577648
2007-04-02,-3.6553423873648514,-1,-9960.285436609658,-9963.940778997023,-526766.1242367618
2007-04-03,9999.999999999787,-1,-9968.209168633255,31.790831366532075,-526734.3334053953
2007-04-04,-9994.804993464228,-1,9960.285436608809,-34.51955685541907,-526768.8529622507
2007-04-05,17.79006929553725,-1,0.0,17.79006929553725,-526751.0628929551
2007-04-06,50094.18236394872,-1,-29833.399937700207,20260.782426248512,-506490.2804667066
2007-04-09,-10006.746928720942,-1,9995.73637668337,-11.01055203757278,-506501.2910187442
2007-04-10,-20007.78438558086,-1,0.0,-20007.78438558086,-526509.075404325
2007-04-11,20019.698390029178,-1,-10015.87432136396,10003.824068665219,-516505.2513356598
2007-04-12,9999.999999999787,-1,0.0,9999.999999999787,-506505.25133566005
2007-04-13,-17.72460592254356,-1,-10015.87432136396,-10033.598927286503,-516538.85026294657
2007-04-16,29956.84582404745,-1,-20015.864751259607,9940.981072787843,-506597.86919015873
2007-04-17,-19862.27288584951,-1,0.0,-19862.27288584951,-526460.1420760083
2007-04-18,-10004.326759068299,-1,-10079.756087852775,-20084.082846921076,-546544.2249229293
2007-04-19,-20125.447124309525,-1,-4.972323215430324,-20130.419447524957,-566674.6443704542
2007-04-20,-10011.506261347375,-1,9984.072256141353,-27.43400520602154,-566702.0783756602
2007-04-23,-20.785864242636308,-1,-8.506153918154871e-10,-20.785864243486923,-566722.8642399037
2007-04-24,-9993.2831463359,-1,0.0,-9993.2831463359,-576716.1473862396
2007-04-25,9930.845511995667,-1,0.0,9930.845511995667,-566785.3018742439
2007-04-26,-29.74966149602551,-1,9992.031312561747,9962.281651065721,-556823.0202231782
2007-04-27,-19954.096321290028,-1,-9960.25273280721,-29914.349054097238,-586737.3692772754
2007-04-30,-408.14018065444543,-1,0.0,-408.14018065444543,-587145.5094579299
2007-05-01,30078.03696165334,-1,-10015.966324154037,20062.070637499302,-567083.4388204305
2007-05-02,-27.948806049507766,-1,-10015.966324155173,-10043.915130204681,-577127.3539506352
2007-05-03,19993.222204635545,-1,-444.2381207858747,19548.98408384967,-557578.3698667855
2007-05-04,25.247168492562196,-1,-0.0,25.247168492562196,-557553.122698293
2007-05-07,10057.734590069198,-1,0.0,10057.734590069198,-547495.3881082238
2007-05-08,-20003.951359429542,-1,0.0,-20003.951359429542,-567499.3394676533
2007-05-09,10044.979250540073,-1,-0.0,10044.979250540073,-557454.3602171133
2007-05-10,-19984.419915294067,-1,0.0,-19984.419915294067,-577438.7801324073
2007-05-11,86.786617742011,-1,0.0,86.786617742011,-577351.9935146653
2007-05-14,19996.92944679976,-1,-0.0,19996.92944679976,-557355.0640678655
2007-05-15,7.397773389304348,-1,0.0,7.397773389304348,-557347.6662944761
2007-05-16,-9987.026430018577,-1,-0.0,-9987.026430018577,-567334.6927244947
2007-05-17,30040.907413117242,-1,0.0,30040.907413117242,-537293.7853113775
2007-05-18,9994.865400324667,-1,-0.0,9994.865400324667,-527298.9199110528
2007-05-21,-10067.40129173364,-1,-0.0,-10067.40129173364,-537366.3212027864
2007-05-22,10098.199824654563,-1,0.0,10098.199824654563,-527268.1213781318
2007-05-23,-4.925077100145049,-1,0.0,-4.925077100145049,-527273.046455232
2007-05-24,9965.874457981117,-1,0.0,9965.874457981117,-517307.1719972509
2007-05-25,15.000579607800319,-1,-0.0,15.000579607800319,-517292.1714176431
2007-05-28,-0.0,-1,0.0,0.0,-517292.1714176431
2007-05-29,19979.284777209607,-1,0.0,19979.284777209607,-497312.88664043345
2007-05-30,9984.469539417923,-1,-0.0,9984.469539417923,-487328.4171010155
2007-05-31,29945.65380695212,0,-0.0,29945.65380695212,-457382.7632940634
2007-06-01,-1458.3113543905554,0,0.0,-1458.3113543905554,-458841.07464845397
2007-06-04,0.0,0,-0.0,0.0,-458841.07464845397
2007-06-05,0.0,0,-0.0,0.0,-458841.07464845397
2007-06-06,0.0,0,0.0,0.0,-458841.07464845397
2007-06-07,0.0,0,-0.0,0.0,-458841.07464845397
2007-06-08,0.0,0,0.0,0.0,-458841.07464845397
2007-06-11,0.0,0,-0.0,0.0,-458841.07464845397
2007-06-12,0.0,0,-0.0,0.0,-458841.07464845397
2007-06-13,0.0,0,-0.0,0.0,-458841.07464845397
2007-06-14,0.0,0,-0.0,0.0,-458841.07464845397
2007-06-15,0.0,0,0.0,0.0,-458841.07464845397
2007-06-18,0.0,0,0.0,0.0,-458841.07464845397
2007-06-19,0.0,0,0.0,0.0,-458841.07464845397
2007-06-20,0.0,0,-0.0,0.0,-458841.07464845397
2007-06-21,0.0,0,0.0,0.0,-458841.07464845397
2007-06-22,0.0,0,0.0,0.0,-458841.07464845397
2007-06-25,0.0,0,-0.0,0.0,-458841.07464845397
2007-06-26,0.0,0,0.0,0.0,-458841.07464845397
2007-06-27,0.0,0,-0.0,0.0,-458841.07464845397
2007-06-28,0.0,0,0.0,0.0,-458841.07464845397
2007-06-29,0.0,0,-0.0,0.0,-458841.07464845397
2007-07-02,0.0,0,0.0,0.0,-458841.07464845397
2007-07-03,0.0,0,0.0,0.0,-458841.07464845397
2007-07-04,0.0,0,0.0,0.0,-458841.07464845397
2007-07-05,0.0,0,-0.0,0.0,-458841.07464845397
2007-07-06,0.0,0,0.0,0.0,-458841.07464845397
2007-07-09,0.0,0,-0.0,0.0,-458841.07464845397
2007-07-10,0.0,0,0.0,0.0,-458841.07464845397
2007-07-11,0.0,0,-0.0,0.0,-458841.07464845397
2007-07-12,0.0,0,0.0,0.0,-458841.07464845397
2007-07-13,0.0,0,0.0,0.0,-458841.07464845397
2007-07-16,0.0,0,-0.0,0.0,-458841.07464845397
2007-07-17,0.0,0,0.0,0.0,-458841.07464845397
2007-07-18,0.0,0,-0.0,0.0,-458841.07464845397
2007-07-19,0.0,0,0.0,0.0,-458841.07464845397
2007-07-20,0.0,0,0.0,0.0,-458841.07464845397
2007-07-23,0.0,0,0.0,0.0,-458841.07464845397
2007-07-24,0.0,0,0.0,0.0,-458841.07464845397
2007-07-25,0.0,0,0.0,0.0,-458841.07464845397
2007-07-26,0.0,-1,0.0,0.0,-458841.07464845397
2007-07-27,-11452.798387604158,-1,39545.43263286472,28092.634245260564,-430748.4404031934
2007-07-30,20010.38694255477,-1,9960.724732720464,29971.111675275235,-400777.32872791815
2007-07-31,9917.076547734083,-1,-29811.817206115513,-19894.74065838143,-420672.0693862996
2007-08-01,20068.73710664826,-1,9992.126077900339,30060.863184548598,-390611.20620175096
2007-08-02,9947.811752525404,-1,-30000.00000000028,-20052.188247474878,-410663.39444922586
2007-08-03,-59790.5825069095,-1,30047.328729301094,-29743.253777608406,-440406.64822683425
2007-08-06,-20005.57563985265,-1,30118.535434221973,10112.959794369322,-430293.68843246496
2007-08-07,50068.771485215664,-1,-60047.3003029257,-9978.528817710037,-440272.217250175
2007-08-08,327.57788936929137,-1,40063.10497240108,40390.68286177037,-399881.53438840463
2007-08-09,-120010.13512017438,-1,39717.894727178784,-80292.24039299559,-480173.7747814002
2007-08-10,39.96472633623125,-1,-29811.817206114385,-29771.852479778154,-509945.6272611784
2007-08-13,-97.42985225649318,-1,29835.241424687894,29737.8115724314,-480207.815688747
2007-08-14,-40187.17384660708,-1,39780.32189958414,-406.85194702294393,-480614.66763576993
2007-08-15,-110491.28314865411,-1,79623.18331143423,-30868.09983721988,-511482.7674729898
2007-08-16,-71004.06122015035,-1,29765.052901880037,-41239.00831827032,-552721.7757912601
2007-08-17,9984.084854404991,-1,9968.560944874356,19952.645799279348,-532769.1299919807
2007-08-20,-10005.574159604577,-1,9995.332894496278,-10.241265108299558,-532779.3712570891
2007-08-21,-19970.62575446718,-1,10023.551594125502,-9947.074160341677,-542726.4454174307
2007-08-22,60088.87999108139,-1,-20094.375960250283,39994.50403083111,-502731.9413865996
2007-08-23,50142.38418572208,-1,-30117.89922213655,20024.48496358553,-482707.4564230141
2007-08-24,109997.13232396875,-1,-30212.72858192791,79784.40374204084,-402923.05268097325
2007-08-27,-19895.723898930468,-1,-10086.771387056813,-29982.49528598728,-432905.5479669605
2007-08-28,-130003.07773074097,-1,69994.61688755672,-60008.46084318425,-492914.0088101448
2007-08-29,40196.288643667416,-1,-19999.999999999432,20196.288643667984,-472717.7201664768
2007-08-30,-50265.95008665661,-1,19968.497213362058,-30297.45287329455,-503015.1730397713
2007-08-31,40188.0933549136,-1,-20031.578580862053,20156.51477405155,-482858.6582657198
2007-09-03,-0.0,-1,0.0,0.0,-482858.6582657198
2007-09-04,-9.544926995376954,-1,-10007.889901198412,-10017.43482819379,-492876.0930939136
2007-09-05,-40132.06149059282,-1,19999.999999999716,-20132.061490593107,-513008.1545845067
2007-09-06,29989.990349836204,-1,1.1422664560652821e-09,29989.990349837346,-483018.16423466936
2007-09-07,-79926.41704385058,-1,40094.792725918625,-39831.62431793196,-522849.7885526013
2007-09-10,19993.301555716065,-1,29995.715267325577,49989.016823041646,-472860.77172955964
2007-09-11,70054.94827381171,-1,-20015.858203038588,50039.09007077312,-422821.6816587865
2007-09-12,9783.389369279023,-1,19999.999999999716,29783.38936927874,-393038.29228950775
2007-09-13,39607.51405152504,-1,-9952.625453285304,29654.888598239733,-363383.403691268
2007-09-14,-9975.242989817623,-1,-4.642668990616967,-9979.88565880824,-373363.28935007623
2007-09-17,29882.661900902345,-1,-20031.565531236647,9851.096369665698,-363512.19298041053
2007-09-18,-69790.36964659647,-1,10023.688384816236,-59766.681261780235,-423278.87424219074
2007-09-19,-50007.21011533304,-1,-1.1368683772161603e-09,-50007.21011533417,-473286.08435752493
2007-09-20,19997.52025418208,-1,-69834.77779089192,-49837.25753670985,-523123.34189423476
2007-09-21,29990.850642716512,-1,-10004.305690015348,19986.544952701166,-503136.79694153357
2007-09-24,9996.260240084372,-1,-10047.227092926529,-50.966852842157095,-503187.7637943757
2007-09-25,-60011.47814658618,-1,0.0,-60011.47814658618,-563199.2419409619
2007-09-26,13.04235458457697,-1,10063.045110643574,10076.08746522815,-553123.1544757338
2007-09-27,9879.092734756188,-1,-20110.262714887922,-10231.169980131734,-563354.3244558655
2007-09-28,20081.087571700806,-1,-10005.021428269285,10076.06614343152,-553278.2583124341
2007-10-01,49995.46667904699,-1,-9999.999999999716,39995.46667904728,-513282.7916333868
2007-10-02,-19897.160811962538,-1,10031.62966757961,-9865.531144382929,-523148.32277776976
2007-10-03,19996.935990285878,-1,-10039.560889348277,9957.375100937601,-513190.94767683215
2007-10-04,-25.26814990638377,-1,-20079.121778697696,-20104.38992860408,-533295.3376054362
2007-10-05,9942.612379371087,-1,-30190.235724178743,-20247.623344807656,-553542.9609502439
2007-10-08,-7.449952984831855,-1,0.0,-7.449952984831855,-553550.4109032287
2007-10-09,49999.999999999825,-1,-39999.999999998865,10000.00000000096,-543550.4109032277
2007-10-10,13.014016988148796,-1,10015.795817535849,10028.809834523998,-533521.6010687038
2007-10-11,-20001.078979230937,-1,-10023.707981589298,-30024.786960820235,-563546.388029524
2007-10-12,19953.13150014064,-1,-30071.123944767038,-10117.992444626398,-573664.3804741504
2007-10-15,-19953.18558218978,-1,10015.795817536988,-9937.389764652793,-583601.7702388032
2007-10-16,-49936.49150938325,-1,40063.18327014795,-9873.308239235303,-593475.0784780385
2007-10-17,-40243.58666466444,-1,-10007.893161605525,-50251.47982626997,-643726.5583043086
2007-10-18,-9912.94062220287,-1,30262.047747515677,20349.107125312807,-623377.4511789958
2007-10-19,-40007.96174349147,-1,29995.360837574266,-10012.600905917203,-633390.052084913
2007-10-22,49992.28478875647,-1,-10063.754129950848,39928.53065880563,-593461.5214261074
2007-10-23,-29973.874535174255,-1,20127.50825990141,-9846.366275272845,-603307.8877013802
2007-10-24,-20003.14437212477,-1,0.0,-20003.14437212477,-623311.032073505
2007-10-25,-72.32219628707753,-1,9995.73800674212,9923.415810455042,-613387.61626305
2007-10-26,9969.14968748447,-1,-9984.078817053954,-14.929129569483848,-613402.5453926194
2007-10-29,19999.999999999574,-1,1.6985272431235318e-09,20000.000000001273,-593402.5453926182
2007-10-30,-51.775915884736605,-1,9976.132648547622,9924.356732662885,-583478.1886599553
2007-10-31,39921.593349304516,-1,0.0,39921.593349304516,-543556.5953106508
2007-11-01,-40005.967997981286,-1,19995.38195857448,-20010.586039406808,-563567.1813500576
2007-11-02,-60007.706681948766,-1,30239.26826355947,-29768.438418389298,-593335.6197684469
2007-11-05,10000.685457621552,-1,-20004.26362331549,-10003.57816569394,-603339.1979341408
2007-11-06,12.167308711519581,-1,9984.08537571044,9996.25268442196,-593342.9452497188
2007-11-07,-80031.7074645448,-1,69666.59886901696,-10365.10859552784,-603708.0538452467
2007-11-08,-110288.24984440125,0,59572.11596198569,-50716.133882415554,-654424.1877276623
2007-11-09,-1424.2414923577924,0,19857.371987328563,18433.13049497077,-635991.0572326914
2007-11-12,0.0,0,0.0,0.0,-635991.0572326914
2007-11-13,0.0,0,1.1314536171769693e-09,1.1314536171769693e-09,-635991.0572326903
2007-11-14,0.0,0,-19857.371987329694,-19857.371987329694,-655848.42922002
2007-11-15,0.0,0,59572.11596198626,59572.11596198626,-596276.3132580337
2007-11-16,0.0,0,39872.83667453755,39872.83667453755,-556403.4765834962
2007-11-19,0.0,0,39809.485068009366,39809.485068009366,-516593.99151548685
2007-11-20,0.0,0,49920.42687855617,49920.42687855617,-466673.5646369307
2007-11-21,0.0,0,59714.2276020132,59714.2276020132,-406959.3370349175
2007-11-22,0.0,0,0.0,0.0,-406959.3370349175
2007-11-23,-0.0,0,-39809.485068009366,-39809.485068009366,-446768.82210292685
2007-11-26,0.0,0,29928.427431045835,29928.427431045835,-416840.394671881
2007-11-27,0.0,0,9995.75599607673,9995.75599607673,-406844.63867580425
2007-11-28,0.0,0,-10004.598558279962,-10004.598558279962,-416849.2372340842
2007-11-29,0.0,0,59666.93689535363,59666.93689535363,-357182.30033873057
2007-11-30,0.0,0,9968.22225607967,9968.22225607967,-347214.0780826509
2007-12-03,0.0,0,49682.98816613318,49682.98816613318,-297531.0899165177
2007-12-04,0.0,0,9960.301780093583,9960.301780093583,-287570.78813642415
2007-12-05,0.0,0,49761.95430110599,49761.95430110599,-237808.83383531816
2007-12-06,0.0,0,9995.021974711783,9995.021974711783,-227813.81186060637
2007-12-07,0.0,0,19826.956594079904,19826.956594079904,-207986.85526652646
2007-12-10,0.0,0,-20008.235586199662,-20008.235586199662,-227995.09085272613
2007-12-11,0.0,0,39968.64709056834,39968.64709056834,-188026.4437621578
2007-12-12,0.0,0,-4.305690016200069,-4.305690016200069,-188030.749452174
2007-12-13,0.0,0,-49725.289215597666,-49725.289215597666,-237756.03866777167
2007-12-14,0.0,0,-30005.385119088205,-30005.385119088205,-267761.4237868599
2007-12-17,0.0,0,0.0,0.0,-267761.4237868599
2007-12-18,0.0,0,-30023.51367225083,-30023.51367225083,-297784.93745911075
2007-12-19,0.0,0,20157.605992344517,20157.605992344517,-277627.33146676625
2007-12-20,0.0,0,-30005.743055405255,-30005.743055405255,-307633.0745221715
2007-12-21,0.0,0,-10039.544524273522,-10039.544524273522,-317672.61904644506
2007-12-24,0.0,0,-9937.220712959259,-9937.220712959259,-327609.8397594043
2007-12-25,0.0,0,-4.304083337212354,-4.304083337212354,-327614.1438427415
2007-12-26,0.0,0,1.1368683772161603e-09,1.1368683772161603e-09,-327614.14384274033
2007-12-27,0.0,0,29835.919068423274,29835.919068423274,-297778.22477431706
2007-12-28,0.0,0,-9992.158533396387,-9992.158533396387,-307770.38330771343
2007-12-31,0.0,0,10078.933875540037,10078.933875540037,-297691.4494321734
2008-01-01,0.0,0,-5.734484051903803,-5.734484051903803,-297697.1839162253
2008-01-02,0.0,0,20000.000000000848,20000.000000000848,-277697.1839162244
2008-01-03,0.0,0,30262.373889767558,30262.373889767558,-247434.81002645683
2008-01-04,0.0,0,20126.981487687768,20126.981487687768,-227307.82853876907
2008-01-07,0.0,0,10071.47018781867,10071.47018781867,-217236.3583509504
2008-01-08,0.0,0,30238.377768857965,30238.377768857965,-186997.98058209245
2008-01-09,0.0,0,40222.08364149498,40222.08364149498,-146775.89694059748
2008-01-10,0.0,0,60333.125462241325,60333.125462241325,-86442.77147835615
2008-01-11,0.0,0,39748.46890550511,39748.46890550511,-46694.30257285104
2008-01-14,-0.0,0,-9976.348092309909,-9976.348092309909,-56670.65066516095
2008-01-15,0.0,0,19984.21309945014,19984.21309945014,-36686.43756571082
2008-01-16,0.0,0,-10047.560673443691,-10047.560673443691,-46733.998239154505
2008-01-17,0.0,0,40158.44007643884,40158.44007643884,-6575.558162715664
2008-01-18,0.0,0,60428.82112691259,60428.82112691259,53853.262964196925
2008-01-21,0.0,0,0.0,0.0,53853.262964196925
2008-01-22,0.0,0,110261.11142835885,110261.11142835885,164114.3743925558
2008-01-23,0.0,0,-30142.68202032936,-30142.68202032936,133971.69237222645
2008-01-24,0.0,0,0.0,0.0,133971.69237222645
2008-01-25,0.0,0,0.0,0.0,133971.69237222645
2008-01-28,0.0,0,19999.999999999996,19999.999999999996,153971.69237222645
2008-01-29,0.0,0,-29952.667755247396,-29952.667755247396,124019.02461697905
2008-01-30,0.0,0,0.0,0.0,124019.02461697905
2008-01-31,0.0,0,19994.265515948096,19994.265515948096,144013.29013292716
2008-02-01,0.0,0,20141.99560304278,20141.99560304278,164155.28573596993
2008-02-04,0.0,0,-4.30408333664392,-4.30408333664392,164150.9816526333
2008-02-05,0.0,0,29858.577217343867,29858.577217343867,194009.55886997716
2008-02-06,0.0,0,39936.99442672298,39936.99442672298,233946.55329670015
2008-02-07,0.0,0,9952.85907244739,9952.85907244739,243899.41236914753
2008-02-08,0.0,0,29992.81584180037,29992.81584180037,273892.2282109479
2008-02-11,0.0,0,-5.715589643065672e-10,-5.715589643065672e-10,273892.2282109473
2008-02-12,0.0,0,20141.525227145004,20141.525227145004,294033.7534380923
2008-02-13,0.0,0,0.0,0.0,294033.7534380923
2008-02-14,0.0,0,-9992.184415201937,-9992.184415201937,284041.56902289035
2008-02-15,0.0,0,39994.576970920076,39994.576970920076,324036.14599381044
2008-02-18,0.0,0,0.0,0.0,324036.14599381044
2008-02-19,0.0,0,-70272.8277468591,-70272.8277468591,253763.31824695133
2008-02-20,-0.0,0,-39968.93097938574,-39968.93097938574,213794.3872675656
2008-02-21,0.0,0,69945.62921392504,69945.62921392504,283740.01648149063
2008-02-22,0.0,0,20124.944808432523,20124.944808432523,303864.9612899232
2008-02-25,0.0,0,-40124.646881546905,-40124.646881546905,263740.3144083763
2008-02-26,0.0,0,19937.972771371038,19937.972771371038,283678.2871797473
2008-02-27,0.0,0,9976.725950998536,9976.725950998536,293655.01313074585
2008-02-28,0.0,0,59953.39646907861,59953.39646907861,353608.40959982446
2008-02-29,0.0,0,50273.15360419935,50273.15360419935,403881.5632040238
2008-03-03,0.0,0,-7.224074838833604,-7.224074838833604,403874.33912918495
2008-03-04,0.0,0,-29976.504743073154,-29976.504743073154,373897.8343861118
2008-03-05,0.0,0,69617.61775811468,69617.61775811468,443515.4521442265
2008-03-06,0.0,0,89992.41333327054,89992.41333327054,533507.8654774971
2008-03-07,0.0,0,39968.94383030778,39968.94383030778,573476.8093078049
2008-03-10,0.0,0,40031.0931714739,40031.0931714739,613507.9024792789
2008-03-11,0.0,0,-40218.43223477897,-40218.43223477897,573289.4702444999
2008-03-12,0.0,0,-5.671117589124044e-10,-5.671117589124044e-10,573289.4702444993
2008-03-13,0.0,0,5.719838600138937e-10,5.719838600138937e-10,573289.4702444999
2008-03-14,0.0,0,30023.31987860599,30023.31987860599,603312.7901231059
2008-03-17,0.0,0,80625.21127248593,80625.21127248593,683938.0013955918
2008-03-18,0.0,0,-110004.34239231322,-110004.34239231322,573933.6590032786
2008-03-19,0.0,0,49883.099526601174,49883.099526601174,623816.7585298797
2008-03-20,-0.0,0,-20031.26666035331,-20031.26666035331,603785.4918695264
2008-03-21,0.0,0,0.0,0.0,603785.4918695264
2008-03-24,0.0,0,-80502.06553521182,-80502.06553521182,523283.42633431463
2008-03-25,0.0,0,49766.61684406425,49766.61684406425,573050.0431783788
2008-03-26,0.0,0,19906.64673762513,19906.64673762513,592956.689916004
2008-03-27,0.0,0,-5.649007213845642e-10,-5.649007213845642e-10,592956.6899160034
2008-03-28,0.0,0,59995.294884154246,59995.294884154246,652951.9848001576
2008-03-31,0.0,0,-20046.676023378714,-20046.676023378714,632905.3087767789
2008-04-01,0.0,0,-20109.17080950768,-20109.17080950768,612796.1379672711
2008-04-02,-0.0,0,-29930.23556118723,-29930.23556118723,582865.9024060839
2008-04-03,0.0,0,-19953.490374124252,-19953.490374124252,562912.4120319596
2008-04-04,0.0,0,19968.975138538364,19968.975138538364,582881.387170498
2008-04-07,0.0,0,-30163.75621426152,-30163.75621426152,552717.6309562365
2008-04-08,0.0,0,-5.697608009819167e-10,-5.697608009819167e-10,552717.6309562359
2008-04-09,0.0,0,10015.549407917946,10015.549407917946,562733.1803641538
2008-04-10,0.0,0,-30234.356859071086,-30234.356859071086,532498.8235050827
2008-04-11,0.0,0,30163.756214260946,30163.756214260946,562662.5797193437
2008-04-14,0.0,-1,10078.118953023886,10078.118953023886,572740.6986723676
2008-04-15,8627.118130781948,-1,0.0,8627.118130781948,581367.8168031495
2008-04-16,19995.21990035095,-1,0.0,19995.21990035095,601363.0367035004
2008-04-17,79991.694430515,-1,-50005.091908899354,29986.60252161564,631349.6392251161
2008-04-18,79893.97237196844,-1,-80123.67576061291,-229.70338864446967,631119.9358364716
2008-04-21,30105.72297483612,-1,-40248.23496716332,-10142.5119923272,620977.4238441444
2008-04-22,29994.119155709275,-1,-10005.091908899354,19989.02724680992,640966.4510909544
2008-04-23,-10075.977171666138,-1,-30046.648223753837,-40122.62539541998,600843.8256955344
2008-04-24,99947.1383233402,-1,-50077.74703958973,49869.39128375047,650713.2169792848
2008-04-25,-8.620738253801468,-1,9976.745187061842,9968.124448808041,660681.3414280928
2008-04-28,-20153.74961608109,-1,-29814.513231527082,-49968.26284760817,610713.0785804846
2008-04-29,-10031.315255405872,-1,0.0,-10031.315255405872,600681.7633250788
2008-04-30,-20014.40064209084,-1,-10007.770075142502,-30022.17071723334,570659.5926078454
2008-05-01,29994.035076417178,-1,-60468.713718142746,-30474.678641725568,540184.9139661199
2008-05-02,39904.73188141061,-1,-70005.42699560366,-30100.695114193048,510084.21885192685
2008-05-05,-50007.1885282504,-1,39875.277534373905,-10131.910993876496,499952.30785805034
2008-05-06,-49919.31690053845,-1,0.0,-49919.31690053845,450032.9909575119
2008-05-07,-30003.388811618534,-1,39995.66077999031,9992.271968371773,460025.26292588364
2008-05-08,10226.4713492585,-1,30046.706219244727,40273.177568503226,500298.4404943869
2008-05-09,-40009.64055026491,-1,-10054.653391186292,-50064.2939414512,450234.1465529357
2008-05-12,20005.299441993608,-1,-10078.216356448098,9927.08308554551,460161.2296384812
2008-05-13,80271.21956915487,-1,-20156.432712895625,60114.78685625925,520276.0164947405
2008-05-14,39990.50617783344,-1,20000.0,59990.50617783344,580266.5226725739
2008-05-15,-49923.0966547828,-1,19937.94713396973,-29985.14952081307,550281.3731517609
2008-05-16,-4.17699207577064,-1,-20046.734074453383,-20050.911066529156,530230.4620852318
2008-05-19,-10030.85508466127,-1,10023.367037226692,-7.48804743457913,530222.9740377972
2008-05-20,-40018.5226082243,-1,10031.174637659242,-29987.34797056506,500235.6260672321
2008-05-21,50077.986982649345,-1,-1.1439736156321083e-09,50077.9869826482,550313.6130498804
2008-05-22,69945.99695911686,-1,-20077.98310896765,49868.01385014921,600181.6269000296
2008-05-23,-30006.55449791659,-1,-5.666705400804602e-10,-30006.554497917157,570175.0724021124
2008-05-26,-4.755912943915045,-1,0.0,-4.755912943915045,570170.3164891686
2008-05-27,20000.000000000015,-1,20046.734074452812,40046.73407445283,610217.0505636213
2008-05-28,49994.23300017738,-1,-49729.00244222823,265.23055794915126,610482.2811215705
2008-05-29,-5.346420909050841,-1,9907.36191013134,9902.015489222289,620384.2966107927
2008-05-30,39769.12544797088,-1,-40006.54437343263,-237.41892546175222,620146.877685331
2008-06-02,-89875.09928685593,-1,50232.34720734937,-39642.75207950656,580504.1256058245
2008-06-03,-19973.516709841933,-1,-20139.6572243632,-40113.17393420513,540390.9516716194
2008-06-04,-30007.221907448435,-1,9993.818086737041,-20013.40382071139,520377.547850908
2008-06-05,39995.66283771019,-1,-29837.468570737463,10158.194266972725,530535.7421178807
2008-06-06,-40166.90287151605,-1,29722.200220101542,-10444.702651414511,520091.03946646623
2008-06-09,219996.09765816192,-1,-99767.25950999104,120228.83814817088,640319.8776146371
2008-06-10,69211.70934928465,-1,-1.1359853425399745e-09,69211.70934928351,709531.5869639206
2008-06-11,-69437.90821114393,-1,29768.225403549462,-39669.68280759447,669861.9041563262
2008-06-12,139989.09381128915,-1,-69351.80051357139,70637.29329771776,740499.1974540439
2008-06-13,29866.17636053844,0,-6.5467326105725,29859.62962792787,770358.8270819718
2008-06-16,-1411.7557826069844,0,19938.432664368414,18526.67688176143,788885.5039637332
2008-06-17,0.0,0,19938.432664368414,19938.432664368414,808823.9366281016
2008-06-18,0.0,0,9969.216332185058,9969.216332185058,818793.1529602867
2008-06-19,0.0,0,-30046.339977578362,-30046.339977578362,788746.8129827083
2008-06-20,0.0,0,29976.871189290967,29976.871189290967,818723.6841719993
2008-06-23,0.0,0,-20030.893318385573,-20030.893318385573,798692.7908536138
2008-06-24,0.0,0,50038.59374933237,50038.59374933237,848731.3846029461
2008-06-25,0.0,0,-20077.370951772446,-20077.370951772446,828654.0136511737
2008-06-26,0.0,0,40154.74190354375,40154.74190354375,868808.7555547174
2008-06-27,0.0,0,40185.80062045008,40185.80062045008,908994.5561751674
2008-06-30,0.0,0,10077.601261007056,10077.601261007056,919072.1574361745
2008-07-01,0.0,0,10069.799599559936,10069.799599559936,929141.9570357344
2008-07-02,0.0,0,-10046.45015511309,-10046.45015511309,919095.5068806213
2008-07-03,0.0,0,30209.39879867809,30209.39879867809,949304.9056792994
2008-07-04,0.0,0,0.0,0.0,949304.9056792994
2008-07-07,0.0,0,20092.900310224468,20092.900310224468,969397.8059895239
2008-07-08,0.0,0,10062.007203647085,10062.007203647085,979459.8131931709
2008-07-09,0.0,0,30256.236604038662,30256.236604038662,1009716.0497972096
2008-07-10,0.0,0,29994.904424499517,29994.904424499517,1039710.954221709
2008-07-11,0.0,0,-19984.491177632623,-19984.491177632623,1019726.4630440765
2008-07-14,0.0,0,9907.552589566561,9907.552589566561,1029634.015633643
2008-07-15,0.0,0,59675.47350253049,59675.47350253049,1089309.4891361736
2008-07-16,0.0,0,19845.738281693557,19845.738281693557,1109155.2274178672
2008-07-17,0.0,0,-40008.01881573616,-40008.01881573616,1069147.208602131
2008-07-18,0.0,0,-29862.09419410455,-29862.09419410455,1039285.1144080266
2008-07-21,0.0,0,9946.401608697946,9946.401608697946,1049231.5160167245
2008-07-22,0.0,0,-49770.156990175194,-49770.156990175194,999461.3590265494
2008-07-23,0.0,0,9954.031398034473,9954.031398034473,1009415.3904245838
2008-07-24,0.0,0,49655.845185920654,49655.845185920654,1059071.2356105044
2008-07-25,0.0,0,-19984.63179658834,-19984.63179658834,1039086.6038139161
2008-07-28,0.0,0,-9931.16903718413,-9931.16903718413,1029155.434776732
2008-07-29,0.0,0,-29976.94769488336,-29976.94769488336,999178.4870818487
2008-07-30,0.0,0,39969.26359317781,39969.26359317781,1039147.7506750264
2008-07-31,0.0,0,49884.87467786773,49884.87467786773,1089032.6253528942
2008-08-01,0.0,0,-10000.000000000568,-10000.000000000568,1079032.6253528937
2008-08-04,0.0,0,10023.106943210487,10023.106943210487,1089055.7322961043
2008-08-05,0.0,0,-20015.386398668306,-20015.386398668306,1069040.345897436
2008-08-06,0.0,0,39907.89974229418,39907.89974229418,1108948.24563973
2008-08-07,0.0,0,9931.16903718413,9931.16903718413,1118879.4146769142
2008-08-08,-0.0,0,-20061.655027930257,-20061.655027930257,1098817.759648984
2008-08-11,0.0,0,10030.827513965129,10030.827513965129,1108848.5871629491
2008-08-12,0.0,0,19969.281762326653,19969.281762326653,1128817.8689252757
2008-08-13,0.0,0,-10030.82751396456,-10030.82751396456,1118787.0414113111
2008-08-14,0.0,0,10015.395509371458,10015.395509371458,1128802.4369206827
2008-08-15,0.0,0,10046.296118803366,10046.296118803366,1138848.733039486
2008-08-18,0.0,0,-10077.343551002366,-10077.343551002366,1128771.3894884835
2008-08-19,0.0,0,19995.253967886332,19995.253967886332,1148766.6434563699
2008-08-20,0.0,0,29930.55221199281,29930.55221199281,1178697.1956683628
2008-08-21,0.0,0,-29953.67401013008,-29953.67401013008,1148743.5216582327
2008-08-22,0.0,0,-9969.152608582675,-9969.152608582675,1138774.36904965
2008-08-25,0.0,0,29861.35113138008,29861.35113138008,1168635.72018103
2008-08-26,0.0,0,9992.27441987382,9992.27441987382,1178627.9946009037
2008-08-27,0.0,0,-9984.558003376314,-9984.558003376314,1168643.4365975275
2008-08-28,0.0,0,-10007.734756951231,-10007.734756951231,1158635.7018405763
2008-08-29,0.0,0,0.0,0.0,1158635.7018405763
2008-09-01,0.0,0,0.0,0.0,1158635.7018405763
2008-09-02,0.0,0,39876.61043432843,39876.61043432843,1198512.3122749047
2008-09-03,0.0,0,-10007.734756951231,-10007.734756951231,1188504.5775179535
2008-09-04,0.0,0,50193.8290885519,50193.8290885519,1238698.4066065054
2008-09-05,0.0,0,5.715228754610406e-10,5.715228754610406e-10,1238698.4066065059
2008-09-08,-0.0,0,0.0,0.0,1238698.4066065059
2008-09-09,0.0,0,-20077.53163542156,-20077.53163542156,1218620.8749710843
2008-09-10,0.0,0,20171.17994124083,20171.17994124083,1238792.0549123252
2008-09-11,0.0,0,40186.186630001845,40186.186630001845,1278978.241542327
2008-09-12,0.0,0,20046.463708455565,20046.463708455565,1299024.7052507827
2008-09-15,0.0,0,228408.36700285922,228408.36700285922,1527433.072253642
2008-09-16,-0.0,0,19922.927207992365,19922.927207992365,1547355.9994616343
2008-09-17,0.0,0,159015.21926708386,159015.21926708386,1706371.218728718
2008-09-18,0.0,0,-50006.21076778574,-50006.21076778574,1656365.0079609323
2008-09-19,0.0,0,-19877.763867679838,-19877.763867679838,1636487.2440932526
2008-09-22,0.0,0,9988.948833855784,9988.948833855784,1646476.1929271084
2008-09-23,0.0,0,-9954.673621191363,-9954.673621191363,1636521.519305917
2008-09-24,0.0,0,9947.150159241895,9947.150159241895,1646468.6694651588
2008-09-25,0.0,0,79818.3756956585,79818.3756956585,1726287.0451608174
2008-09-26,0.0,0,19992.941653336293,19992.941653336293,1746279.9868141538
2008-09-29,0.0,0,130097.83580532281,130097.83580532281,1876377.8226194766
2008-09-30,0.0,0,-10090.89309284417,-10090.89309284417,1866286.9295266324
2008-10-01,0.0,0,99177.92649097899,99177.92649097899,1965464.8560176115
2008-10-02,0.0,0,207962.13306957958,207962.13306957958,2173426.989087191
2008-10-03,0.0,0,39991.395099376496,39991.395099376496,2213418.3841865673
2008-10-06,0.0,0,79940.43526471508,79940.43526471508,2293358.8194512823
2008-10-07,0.0,0,120538.26661711313,120538.26661711313,2413897.0860683955
2008-10-08,0.0,0,-59644.05799406038,-59644.05799406038,2354253.0280743353
2008-10-09,0.0,0,-10009.048783689777,-10009.048783689777,2344243.9792906456
2008-10-10,0.0,0,376936.3102839506,376936.3102839506,2721180.289574596
2008-10-13,0.0,0,-20.61453390492294,-20.61453390492294,2721159.675040691
2008-10-14,0.0,0,-80000.0,-80000.0,2641159.675040691
2008-10-15,0.0,0,158738.57358629652,158738.57358629652,2799898.2486269874
2008-10-16,0.0,0,149991.11502956253,149991.11502956253,2949889.36365655
2008-10-17,0.0,0,357442.8600248471,357442.8600248471,3307332.2236813973
2008-10-20,0.0,0,69982.44052211392,69982.44052211392,3377314.664203511
2008-10-21,0.0,0,80000.0,80000.0,3457314.664203511
2008-10-22,0.0,0,0.0,0.0,3457314.664203511
2008-10-23,-0.0,0,-120007.0513872611,-120007.0513872611,3337307.61281625
2008-10-24,0.0,0,60598.02851755525,60598.02851755525,3397905.6413338054
2008-10-27,0.0,0,59788.68791544803,59788.68791544803,3457694.3292492535
2008-10-28,0.0,0,-9901.882934326888,-9901.882934326888,3447792.4463149267
2008-10-29,0.0,0,-10009.016557338975,-10009.016557338975,3437783.4297575876
2008-10-30,0.0,0,-59874.27885864308,-59874.27885864308,3377909.1508989446
2008-10-31,0.0,0,9972.077532889403,9972.077532889403,3387881.228431834
2008-11-03,0.0,0,1.1321120527979152e-09,1.1321120527979152e-09,3387881.228431835
2008-11-04,0.0,0,29979.023097785855,29979.023097785855,3417860.2515296205
2008-11-05,0.0,0,-30232.29889100993,-30232.29889100993,3387627.9526386107
2008-11-06,0.0,0,-30008.625772397012,-30008.625772397012,3357619.3268662137
2008-11-07,0.0,0,-50035.32269877207,-50035.32269877207,3307584.0041674417
2008-11-10,0.0,0,-49929.47341841974,-49929.47341841974,3257654.530749022
2008-11-11,0.0,0,0.0,0.0,3257654.530749022
2008-11-12,0.0,0,10028.305817225804,10028.305817225804,3267682.836566248
2008-11-13,0.0,-1,130923.04975685281,130923.04975685281,3398605.886323101
2008-11-14,18632.323206523302,-1,19831.681055181536,38464.00426170484,3437069.8905848055
2008-11-17,9992.903432695613,-1,19971.789367369485,29964.6928000651,3467034.5833848706
2008-11-18,-39883.10904950542,-1,130000.00000000114,90116.89095049571,3557151.4743353664
2008-11-19,39994.05640133972,-1,20028.27403041526,60022.330431754985,3617173.8047671216
2008-11-20,179989.73922068658,-1,192029.32107972575,372019.06030041235,3989192.865067534
2008-11-21,19985.026714509568,-1,-40009.34739683686,-20024.320682327296,3969168.544385207
2008-11-24,139995.68788860395,-1,-19914.71143655282,120080.97645205112,4089249.520837258
2008-11-25,-30008.983468131242,-1,149992.6053938599,119983.62192572866,4209233.142762987
2008-11-26,39989.76219671379,-1,50320.00491370732,90309.76711042112,4299542.909873408
2008-11-27,-4.470959410992265,-1,-6.229787188165542,-10.700746599157807,4299532.209126809
2008-11-28,10000.0,-1,40000.0,50000.0,4349532.209126809
2008-12-01,9994.698838021712,-1,20028.522487813047,30023.22132583476,4379555.430452644
2008-12-02,-20013.893307551796,-1,-10008.131882311702,-30022.025189863496,4349533.40526278
2008-12-03,-40029.91569615378,-1,20072.05547149061,-19957.86022466317,4329575.545038117
2008-12-04,19995.246504599123,-1,30086.417439554065,50081.66394415319,4379657.20898227
2008-12-05,109993.84877178933,0,-90846.89697273933,19146.951799050003,4398804.16078132
2008-12-08,-1297.8901863987737,0,-50361.303685854014,-51659.193872252785,4347144.966909068
2008-12-09,0.0,0,40144.110942978936,40144.110942978936,4387289.077852047
2008-12-10,0.0,0,-50397.660478778314,-50397.660478778314,4336891.417373269
2008-12-11,0.0,0,60608.375376719254,60608.375376719254,4397499.792749988
2008-12-12,0.0,0,10094.099663637575,10094.099663637575,4407593.8924136255
2008-12-15,0.0,0,19993.83877469071,19993.83877469071,4427587.731188316
2008-12-16,0.0,0,10036.268899159886,10036.268899159886,4437624.000087475
2008-12-17,-0.0,0,-90007.65902144185,-90007.65902144185,4347616.341066034
2008-12-18,0.0,0,9990.114889690805,9990.114889690805,4357606.455955724
2008-12-19,0.0,0,-90734.56910427827,-90734.56910427827,4266871.886851446
2008-12-22,0.0,0,-10005.66561590857,-10005.66561590857,4256866.221235537
2008-12-23,0.0,1,9985.1791360648,9985.1791360648,4266851.400371602
2008-12-24,-11284.569113925503,1,-39852.048159989004,-51136.61727391451,4215714.783097687
2008-12-25,0.0,1,0.0,0.0,4215714.783097687
2008-12-26,9991.907813681984,1,0.0,9991.907813681984,4225706.690911369
2008-12-29,80085.03970561575,1,20014.846616585146,100099.8863222009,4325806.577233571
2008-12-30,-70043.2350807299,1,-60089.13130202615,-130132.36638275604,4195674.210850814
2008-12-31,29996.726199468878,1,-40298.4862686637,-10301.760069194821,4185372.4507816196
2009-01-01,-5.7483051275366455,1,0.0,-5.7483051275366455,4185366.702476492
2009-01-02,-29999.999999999825,1,-100000.0,-129999.99999999983,4055366.702476492
2009-01-05,219990.71790097517,1,99189.07773186367,319179.79563283885,4374546.498109331
2009-01-06,29993.07422655397,1,-50009.07814668397,-20016.00392013,4354530.494189201
2009-01-07,29998.410735049478,1,-60132.444614897155,-30134.033879847677,4324396.460309354
2009-01-08,50045.13844104284,1,-2.287159568649577e-09,50045.13844104056,4374441.598750394
2009-01-09,90194.19334673416,0,10096.20788170972,100290.40122844388,4474731.999978838
2009-01-12,-1302.0212949653474,0,-10006.059909061616,-11308.081204026963,4463423.918774811
2009-01-13,0.0,0,10074.372905620012,10074.372905620012,4473498.291680431
2009-01-14,0.0,0,-40297.49162248119,-40297.49162248119,4433200.8000579495
2009-01-15,-0.0,0,-8.656199139415566,-8.656199139415566,4433192.14385881
2009-01-16,0.0,0,-130097.1067239326,-130097.1067239326,4303095.037134877
2009-01-19,0.0,0,0.0,0.0,4303095.037134877
2009-01-20,0.0,0,0.0,0.0,4303095.037134877
2009-01-21,0.0,0,29932.928275809532,29932.928275809532,4333027.965410687
2009-01-22,0.0,0,39991.72150933853,39991.72150933853,4373019.686920025
2009-01-23,0.0,0,9926.450861232881,9926.450861232881,4382946.137781259
2009-01-26,0.0,0,-30005.29901558796,-30005.29901558796,4352940.838765671
2009-01-27,0.0,0,-129809.0026569026,-129809.0026569026,4223131.836108768
2009-01-28,0.0,0,19991.6837278079,19991.6837278079,4243123.519836577
2009-01-29,0.0,0,-80005.28533984875,-80005.28533984875,4163118.234496728
2009-01-30,0.0,0,-29823.717732726498,-29823.717732726498,4133294.5167640015
2009-02-02,0.0,0,-49816.05532842648,-49816.05532842648,4083478.461435575
2009-02-03,0.0,0,-10081.686966742092,-10081.686966742092,4073396.774468833
2009-02-04,0.0,0,-29977.875702567777,-29977.875702567777,4043418.8987662653
2009-02-05,0.0,0,-59823.311385204855,-59823.311385204855,3983595.5873810602
2009-02-06,0.0,0,-100147.75084011158,-100147.75084011158,3883447.8365409486
2009-02-09,-0.0,0,-40059.100336044634,-40059.100336044634,3843388.736204904
2009-02-10,0.0,0,-10029.584318131048,-10029.584318131048,3833359.151886773
2009-02-11,0.0,0,19991.705274843833,19991.705274843833,3853350.8571616164
2009-02-12,0.0,0,60449.41345556487,60449.41345556487,3913800.2706171814
2009-02-13,0.0,0,80418.72090919415,80418.72090919415,3994218.9915263755
2009-02-16,0.0,0,-5.649055776059348,-5.649055776059348,3994213.3424705993
2009-02-17,0.0,-1,39999.999999998865,39999.999999998865,4034213.3424705984
2009-02-18,88684.54381441843,-1,-70007.90090452881,18676.64290988962,4052889.985380488
2009-02-19,-60006.87678674004,-1,59865.85655162133,-141.02023511871084,4052748.965145369
2009-02-20,39992.98062882209,-1,-20007.52344082525,19985.457187996843,4072734.422333366
2009-02-23,59993.657843203735,-1,-10066.980591965317,49926.67725123842,4122661.099584604
2009-02-24,90109.2826156324,-1,-10074.466062306148,80034.81655332625,4202695.91613793
2009-02-25,69995.37295739008,-1,-50334.90295982544,19660.469997564636,4222356.386135494
2009-02-26,-60008.19631989745,-1,49963.00335491551,-10045.192964981936,4212311.193170512
2009-02-27,-130002.66511395421,-1,-9933.712731658703,-139936.3778456129,4072374.8153248993
2009-03-02,-60003.974144017484,-1,69382.38671368512,9378.412569667635,4081753.227894567
2009-03-03,-20006.06669913799,-1,49705.22009407681,29699.153394938818,4111452.381289506
2009-03-04,80047.1618111851,-1,-30005.674773771076,50041.48703741402,4161493.86832692
2009-03-05,29995.183231096726,-1,29889.953445404368,59885.13667650109,4221379.005003422
2009-03-06,19989.644128165844,-1,10074.001377267185,30063.64550543303,4251442.650508855
2009-03-09,-20131.133106406094,-1,50332.81383441483,30201.680728008738,4281644.3312368635
2009-03-10,-20004.969792299074,-1,49926.50894620645,29921.539153907375,4311565.870390771
2009-03-11,-6.2940415199971005,-1,-6.464388892339819,-12.75843041233692,4311553.111960359
2009-03-12,116.12270443152374,-1,70205.03028011112,70321.15298454266,4381874.264944902
2009-03-13,-80004.3687508567,-1,40087.819693803634,-39916.54905705306,4341957.715887848
2009-03-16,-59575.90434771703,-1,9992.6984615998,-49583.205886117226,4292374.510001731
2009-03-17,19995.27439056554,-1,29782.078919217663,49777.353309783204,4342151.863311514
2009-03-18,-200004.9543480101,-1,279993.11758532526,79988.16323731517,4422140.02654883
2009-03-19,49978.12819637233,-1,-40008.78732107089,9969.340875301437,4432109.367424131
2009-03-20,-10004.513118147748,-1,19912.450487081005,9907.937368933257,4442017.3047930645
2009-03-23,-9867.931524054398,-1,19825.50106618256,9957.569542128163,4451974.874335193
2009-03-24,99996.20466618627,-1,-80006.48889475531,19989.715771430958,4471964.590106624
2009-03-25,9996.652014900767,-1,-10058.421599883577,-61.76958498281056,4471902.8205216415
2009-03-26,29991.61413969169,-1,-29912.966991954097,78.6471477375926,4471981.467669379
2009-03-27,29996.47791614351,-1,-40116.57580602596,-10120.09788988245,4461861.369779496
2009-03-30,-49919.60822864138,-1,30131.298049942132,-19788.31017869925,4442073.0596007975
2009-03-31,-10004.299762151144,-1,-10058.421599882435,-20062.72136203358,4422010.338238764
2009-04-01,30221.999421635443,-1,-40321.872109612195,-10099.872687976753,4411910.465550787
2009-04-02,29994.978220996752,-1,-10006.869515369517,19988.108705627237,4431898.574256414
2009-04-03,-4.567848287228216,-1,-9941.67627120325,-9946.244119490479,4421952.330136923
2009-04-06,-8.09701606296748,-1,-8.018194341315047,-16.11521040428253,4421936.2149265185
2009-04-07,-20012.715135160495,-1,-9971.02514064901,-29983.740275809505,4391952.474650709
2009-04-08,19852.347440500183,-1,-29978.23162643396,-10125.884185933777,4381826.590464775
2009-04-09,-30419.61136339433,-1,-30197.039042942335,-60616.65040633667,4321209.940058439
2009-04-10,-2.903196803021105,-1,0.0,-2.903196803021105,4321207.036861636
2009-04-13,-20000.000000000015,-1,-10014.537138057534,-30014.53713805755,4291192.499723578
2009-04-14,-50004.94016484805,-1,0.0,-50004.94016484805,4241187.55955873
2009-04-15,-20004.527626843716,-1,-70007.25683278573,-90011.78445962945,4151175.7750991
2009-04-16,20148.185652392902,-1,-10036.694702570672,10111.49094982223,4161287.266048922
2009-04-17,49995.011215135826,-1,-90131.87339747595,-40136.862182340126,4121150.403866582
2009-04-20,9994.207770713841,-1,-79941.49044221145,-69947.28267149761,4051203.1211950844
2009-04-21,-5.970953022627475,-1,-50006.45617626091,-50012.42712928353,4001190.694065801
2009-04-22,-30003.123699694803,-1,29977.90327668509,-25.22042300971225,4001165.473642791
2009-04-23,-10004.162445670709,-1,-29823.93689008963,-39828.09933576034,3961337.374307031
2009-04-24,-20164.276011453083,-1,-49889.6435881393,-70053.91959959238,3891283.4547074386
2009-04-27,-40003.548068702316,-1,49816.28425670936,9812.736188007046,3901096.1908954456
2009-04-28,-30004.27256188292,-1,-59911.66401254001,-89915.93657442293,3811180.254321023
2009-04-29,-7.3298559785567,-1,-69691.53505324663,-69698.86490922519,3741481.3894117977
2009-04-30,-29817.380848484558,-1,-89603.40221131596,-119420.78305980051,3622060.6063519972
2009-05-01,-30004.203617143423,-1,-69948.44097893396,-99952.64459607739,3522107.9617559197
2009-05-04,29855.690766431922,-1,-30022.12221213358,-166.43144570165896,3521941.530310218
2009-05-05,19994.63811227377,-1,-50221.86144401064,-30227.22333173687,3491714.3069784814
2009-05-06,-19971.864307718173,-1,-20148.250049243994,-40120.11435696216,3451594.1926215193
2009-05-07,-69326.80787347879,-1,-10005.290476702176,-79332.09835018095,3372262.0942713385
2009-05-08,-30010.714067904046,-1,-49631.491794371985,-79642.20586227602,3292619.8884090623
2009-05-11,-10356.757026530046,-1,29889.12817488786,19532.371148357815,3312152.25955742
2009-05-12,-5.5886306561437085,-1,-20059.440257476712,-20065.028888132856,3292087.230669287
2009-05-13,30146.494298781196,-1,0.0,30146.494298781196,3322233.7249680683
2009-05-14,29995.140764980726,-1,10089.575189270341,40084.71595425106,3362318.4409223194
2009-05-15,-108.65654048906435,-1,-20179.150378540682,-20287.806919029746,3342030.6340032895
2009-05-18,-10064.349492366498,-1,0.0,-10064.349492366498,3331966.284510923
2009-05-19,-6.276483824788127,-1,-60089.057174037654,-60095.333657862444,3271870.9508530605
2009-05-20,-194.56206340476638,-1,-50185.85846955194,-50380.420532956705,3221490.5303201037
2009-05-21,-50651.181435182385,-1,-40006.016786758235,-90657.19822194062,3130833.332098163
2009-05-22,-10006.225228176612,-1,-502.60643665980325,-10508.831664836416,3120324.5004333267
2009-05-25,-4.830602925923234,-1,0.0,-4.830602925923234,3120319.669830401
2009-05-26,-4.511093720793724e-10,-1,-0.0,-4.511093720793724e-10,3120319.6698304005
2009-05-27,-10004.488001587024,-1,-0.0,-10004.488001587024,3110315.1818288136
2009-05-28,79991.27310740009,-1,-0.0,79991.27310740009,3190306.454936214
2009-05-29,81269.19294606664,-1,-0.0,81269.19294606664,3271575.6478822804
2009-06-01,-11.510162977195066,-1,-0.0,-11.510162977195066,3271564.1377193034
2009-06-02,19986.507899404565,-1,-0.0,19986.507899404565,3291550.645618708
2009-06-03,-39777.944705398164,-1,-0.0,-39777.944705398164,3251772.7009133096
2009-06-04,-7.008178852729034,-1,-0.0,-7.008178852729034,3251765.692734457
2009-06-05,239991.62660268965,-1,-0.0,239991.62660268965,3491757.319337147
2009-06-08,79348.31160790006,-1,-0.0,79348.31160790006,3571105.630945047
2009-06-09,-80013.68994474139,-1,0.0,-80013.68994474139,3491091.9410003056
2009-06-10,-49972.49573224108,-1,-0.0,-49972.49573224108,3441119.4452680647
2009-06-11,9995.435937143413,-1,0.0,9995.435937143413,3451114.881205208
2009-06-12,-20004.262894850242,-1,-0.0,-20004.262894850242,3431110.618310358
2009-06-15,-19909.2223075956,-1,-0.0,-19909.2223075956,3411201.3960027625
2009-06-16,79993.66934980928,-1,-0.0,79993.66934980928,3491195.0653525717
2009-06-17,-30006.104403035697,-1,-0.0,-30006.104403035697,3461188.960949536
2009-06-18,40350.385134040975,-1,-0.0,40350.385134040975,3501539.346083577
2009-06-19,69990.02265395825,-1,-0.0,69990.02265395825,3571529.368737535
2009-06-22,-5.107756055011205,-1,-0.0,-5.107756055011205,3571524.26098148
2009-06-23,39995.487305099894,-1,0.0,39995.487305099894,3611519.74828658
2009-06-24,-40003.99880353595,-1,-0.0,-40003.99880353595,3571515.7494830443
2009-06-25,-50003.35510762888,-1,0.0,-50003.35510762888,3521512.3943754155
2009-06-26,-20008.492678714796,-1,0.0,-20008.492678714796,3501503.9016967006
2009-06-29,-10035.69472785052,-1,0.0,-10035.69472785052,3491468.20696885
2009-06-30,-10.448131097100486,-1,-0.0,-10.448131097100486,3491457.758837753
2009-07-01,-50055.732303260564,-1,0.0,-50055.732303260564,3441402.0265344926
2009-07-02,-60173.03191664507,-1,-0.0,-60173.03191664507,3381228.9946178477
2009-07-03,-0.0,-1,0.0,0.0,3381228.9946178477
2009-07-06,-60155.808636218964,-1,0.0,-60155.808636218964,3321073.185981629
2009-07-07,-287.1576579632092,-1,0.0,-287.1576579632092,3320786.0283236657
2009-07-08,9568.00543227527,-1,0.0,9568.00543227527,3330354.033755941
2009-07-09,-40015.62475491333,-1,0.0,-40015.62475491333,3290338.4090010277
2009-07-10,-7.789147322364059,-1,0.0,-7.789147322364059,3290330.619853705
2009-07-13,-7.016825093388092,-1,-0.0,-7.016825093388092,3290323.6030286117
2009-07-14,-30003.185753860653,-1,-0.0,-30003.185753860653,3260320.4172747512
2009-07-15,49992.54237095111,-1,-0.0,49992.54237095111,3310312.9596457025
2009-07-16,-30007.84672104609,-1,-0.0,-30007.84672104609,3280305.1129246564
2009-07-17,-20186.916240580482,-1,-0.0,-20186.916240580482,3260118.196684076
2009-07-20,-351.18731261527137,-1,-0.0,-351.18731261527137,3259767.009371461
2009-07-21,-10054.153981268784,-1,0.0,-10054.153981268784,3249712.855390192
2009-07-22,-8.131386560201552,-1,-0.0,-8.131386560201552,3249704.7240036316
2009-07-23,39995.50831425087,-1,-0.0,39995.50831425087,3289700.2323178826
2009-07-24,-9.515536833334622,-1,-0.0,-9.515536833334622,3289690.716781049
2009-07-27,-10198.13919974574,-1,-0.0,-10198.13919974574,3279492.577581303
2009-07-28,59720.503592812136,-1,-0.0,59720.503592812136,3339213.081174115
2009-07-29,120092.60501724096,-1,-0.0,120092.60501724096,3459305.6861913563
2009-07-30,29994.55244056746,-1,-0.0,29994.55244056746,3489300.2386319237
2009-07-31,-3.0057772888121894,-1,-0.0,-3.0057772888121894,3489297.232854635
2009-08-03,19991.658438060873,-1,-0.0,19991.658438060873,3509288.891292696
2009-08-04,-10007.627183857667,-1,-0.0,-10007.627183857667,3499281.264108838
2009-08-05,-69602.87374807705,-1,-0.0,-69602.87374807705,3429678.390360761
2009-08-06,39992.6203525504,-1,-0.0,39992.6203525504,3469671.0107133114
2009-08-07,29624.449012112906,-1,-0.0,29624.449012112906,3499295.459725424
2009-08-10,-156.94036035370664,-1,0.0,-156.94036035370664,3499138.5193650704
2009-08-11,20501.738720902256,-1,0.0,20501.738720902256,3519640.2580859726
2009-08-12,-80005.80751384704,-1,0.0,-80005.80751384704,3439634.4505721256
2009-08-13,-30003.510772792382,-1,0.0,-30003.510772792382,3409630.9397993335
2009-08-14,-40006.65409982169,-1,0.0,-40006.65409982169,3369624.285699512
2009-08-17,134.33116256125504,-1,0.0,134.33116256125504,3369758.616862073
2009-08-18,29991.802571518445,-1,-0.0,29991.802571518445,3399750.4194335914
2009-08-19,19900.799542359528,-1,0.0,19900.799542359528,3419651.218975951
2009-08-20,40238.393070880324,-1,-0.0,40238.393070880324,3459889.6120468313
2009-08-21,29996.81208797575,-1,-0.0,29996.81208797575,3489886.424134807
2009-08-24,9991.46726554604,-1,-0.0,9991.46726554604,3499877.891400353
2009-08-25,29994.523534577274,-1,-0.0,29994.523534577274,3529872.4149349304
2009-08-26,-2.3372709476160005,-1,-0.0,-2.3372709476160005,3529870.0776639828
2009-08-27,-10061.135015805532,-1,-0.0,-10061.135015805532,3519808.942648177
2009-08-28,-23.86996241943052,-1,-0.0,-23.86996241943052,3519785.0726857577
2009-08-31,-40001.47077311311,-1,0.0,-40001.47077311311,3479783.6019126447
2009-09-01,-70192.17984550755,-1,0.0,-70192.17984550755,3409591.422067137
2009-09-02,30078.57606380299,-1,-0.0,30078.57606380299,3439669.99813094
2009-09-03,-30010.83276939533,-1,0.0,-30010.83276939533,3409659.1653615446
2009-09-04,-50002.95760785478,-1,0.0,-50002.95760785478,3359656.20775369
2009-09-07,-6.223433656073781,-1,0.0,-6.223433656073781,3359649.984320034
2009-09-08,-20000.00000000002,-1,-0.0,-20000.00000000002,3339649.984320034
2009-09-09,-19905.06522055406,-1,0.0,-19905.06522055406,3319744.91909948
2009-09-10,49997.30349505384,-1,-0.0,49997.30349505384,3369742.2225945336
2009-09-11,9992.487372998294,-1,0.0,9992.487372998294,3379734.7099675317
2009-09-14,39952.08688988792,-1,-0.0,39952.08688988792,3419686.7968574194
2009-09-15,-9906.356608531038,-1,-0.0,-9906.356608531038,3409780.4402488885
2009-09-16,59993.76014569402,-1,-0.0,59993.76014569402,3469774.2003945825
2009-09-17,20150.087765195807,-1,-0.0,20150.087765195807,3489924.2881597783
2009-09-18,29997.175403049696,-1,-0.0,29997.175403049696,3519921.463562828
2009-09-21,-10004.043893583546,-1,0.0,-10004.043893583546,3509917.4196692444
2009-09-22,10025.158662566839,-1,-0.0,10025.158662566839,3519942.5783318114
2009-09-23,-60101.25473473718,-1,0.0,-60101.25473473718,3459841.323597074
2009-09-24,10071.459192373466,-1,0.0,10071.459192373466,3469912.7827894473
2009-09-25,59994.1129672212,0,-0.0,59994.1129672212,3529906.8957566684
2009-09-28,-1359.9569045883886,0,-0.0,-1359.9569045883886,3528546.93885208
2009-09-29,-0.0,0,0.0,0.0,3528546.93885208
2009-09-30,0.0,0,0.0,0.0,3528546.93885208
2009-10-01,0.0,0,0.0,0.0,3528546.93885208
2009-10-02,0.0,0,0.0,0.0,3528546.93885208
2009-10-05,0.0,0,0.0,0.0,3528546.93885208
2009-10-06,0.0,0,-0.0,0.0,3528546.93885208
2009-10-07,0.0,0,-0.0,0.0,3528546.93885208
2009-10-08,0.0,0,0.0,0.0,3528546.93885208
2009-10-09,0.0,0,0.0,0.0,3528546.93885208
2009-10-12,0.0,0,0.0,0.0,3528546.93885208
2009-10-13,0.0,0,-0.0,0.0,3528546.93885208
2009-10-14,0.0,0,0.0,0.0,3528546.93885208
2009-10-15,0.0,0,0.0,0.0,3528546.93885208
2009-10-16,0.0,0,-0.0,0.0,3528546.93885208
2009-10-19,0.0,0,-0.0,0.0,3528546.93885208
2009-10-20,0.0,0,-0.0,0.0,3528546.93885208
2009-10-21,0.0,0,-0.0,0.0,3528546.93885208
2009-10-22,0.0,0,-0.0,0.0,3528546.93885208
2009-10-23,0.0,0,-0.0,0.0,3528546.93885208
2009-10-26,0.0,0,0.0,0.0,3528546.93885208
2009-10-27,0.0,0,0.0,0.0,3528546.93885208
2009-10-28,0.0,0,0.0,0.0,3528546.93885208
2009-10-29,0.0,0,0.0,0.0,3528546.93885208
2009-10-30,0.0,0,-0.0,0.0,3528546.93885208
2009-11-02,0.0,0,-0.0,0.0,3528546.93885208
2009-11-03,0.0,0,0.0,0.0,3528546.93885208
2009-11-04,0.0,0,0.0,0.0,3528546.93885208
2009-11-05,0.0,0,-0.0,0.0,3528546.93885208
2009-11-06,0.0,0,0.0,0.0,3528546.93885208
2009-11-09,0.0,0,0.0,0.0,3528546.93885208
2009-11-10,0.0,0,0.0,0.0,3528546.93885208
2009-11-11,0.0,0,0.0,0.0,3528546.93885208
2009-11-12,0.0,-1,0.0,0.0,3528546.93885208
2009-11-13,48634.10013368405,-1,-0.0,48634.10013368405,3577181.038985764
2009-11-16,10593.084552803586,-1,-0.0,10593.084552803586,3587774.1235385677
2009-11-17,-7.885875853854418,-1,0.0,-7.885875853854418,3587766.237662714
2009-11-18,-10000.00000000023,-1,0.0,-10000.00000000023,3577766.237662714
2009-11-19,-29983.951582820555,-1,-0.0,-29983.951582820555,3547782.2860798934
2009-11-20,10041.006717735621,-1,0.0,10041.006717735621,3557823.292797629
2009-11-23,9952.50385562519,-1,-0.0,9952.50385562519,3567775.796653254
2009-11-24,-10129.240078535979,-1,0.0,-10129.240078535979,3557646.556574718
2009-11-25,-20018.991191691217,-1,0.0,-20018.991191691217,3537627.565383027
2009-11-26,-0.0,-1,0.0,0.0,3537627.565383027
2009-11-27,-60099.82546562965,-1,0.0,-60099.82546562965,3477527.739917397
2009-11-30,-10006.304009305672,-1,0.0,-10006.304009305672,3467521.4359080913
2009-12-01,-40061.05376042828,-1,0.0,-40061.05376042828,3427460.382147663
2009-12-02,59998.23410730059,-1,-0.0,59998.23410730059,3487458.6162549634
2009-12-03,-20080.339346578425,-1,-0.0,-20080.339346578425,3467378.276908385
2009-12-04,29994.400226950616,-1,-0.0,29994.400226950616,3497372.6771353357
2009-12-07,-50005.33057955741,-1,0.0,-50005.33057955741,3447367.3465557783
2009-12-08,-60093.68592196487,-1,-0.0,-60093.68592196487,3387273.6606338136
2009-12-09,10072.842279606088,-1,-0.0,10072.842279606088,3397346.5029134196
2009-12-10,-49797.31388757932,-1,0.0,-49797.31388757932,3347549.1890258403
2009-12-11,79995.00374877216,-1,-0.0,79995.00374877216,3427544.1927746125
2009-12-14,39925.180781404124,-1,-0.0,39925.180781404124,3467469.3735560165
2009-12-15,19817.884788994048,-1,0.0,19817.884788994048,3487287.2583450107
2009-12-16,-0.0,-1,-0.0,-0.0,3487287.2583450107
2009-12-17,-9765.002237588938,-1,-0.0,-9765.002237588938,3477522.2561074216
2009-12-18,19995.71731003184,-1,-0.0,19995.71731003184,3497517.9734174535
2009-12-21,30262.04105855702,-1,-0.0,30262.04105855702,3527780.0144760106
2009-12-22,19989.575938857713,-1,-0.0,19989.575938857713,3547769.590414868
2009-12-23,10014.66360026511,-1,-0.0,10014.66360026511,3557784.2540151333
2009-12-24,-9720.120392126904,-1,0.0,-9720.120392126904,3548064.1336230063
2009-12-25,-8.325374068022846,-1,0.0,-8.325374068022846,3548055.808248938
2009-12-28,39999.99999999959,-1,-0.0,39999.99999999959,3588055.8082489376
2009-12-29,49941.97097238775,-1,-0.0,49941.97097238775,3637997.779221325
2009-12-30,20153.190987918453,-1,-0.0,20153.190987918453,3658150.9702092437
2009-12-31,59996.3269429451,-1,-0.0,59996.3269429451,3718147.2971521886
2010-01-01,-0.0,-1,0.0,0.0,3718147.2971521886
2010-01-04,-59868.37522808647,-1,0.0,-59868.37522808647,3658278.921924102
2010-01-05,-30183.237176017086,-1,-0.0,-30183.237176017086,3628095.684748085
2010-01-06,-70203.81560572528,-1,-0.0,-70203.81560572528,3557891.86914236
2010-01-07,29996.458734286385,-1,-0.0,29996.458734286385,3587888.3278766465
2010-01-08,-59985.001326863276,-1,0.0,-59985.001326863276,3527903.3265497833
2010-01-11,-29992.008930059994,-1,-0.0,-29992.008930059994,3497911.3176197233
2010-01-12,29397.13688628745,-1,0.0,29397.13688628745,3527308.4545060107
2010-01-13,-30006.03402285941,-1,0.0,-30006.03402285941,3497302.4204831515
2010-01-14,39995.03081431892,-1,-0.0,39995.03081431892,3537297.4512974704
2010-01-15,-20004.037626747402,-1,0.0,-20004.037626747402,3517293.413670723
2010-01-18,-0.0,-1,0.0,0.0,3517293.413670723
2010-01-19,19957.69119983276,-1,0.0,19957.69119983276,3537251.1048705555
2010-01-20,30186.28751872765,-1,0.0,30186.28751872765,3567437.392389283
2010-01-21,-30004.953762143617,-1,0.0,-30004.953762143617,3537432.4386271397
2010-01-22,-10018.695425003276,-1,0.0,-10018.695425003276,3527413.7432021364
2010-01-25,-30192.408823516726,-1,0.0,-30192.408823516726,3497221.3343786197
2010-01-26,-20004.31629493546,-1,0.0,-20004.31629493546,3477217.018083684
2010-01-27,60070.0875095576,-1,-0.0,60070.0875095576,3537287.1055932418
2010-01-28,-39987.26221094757,-1,0.0,-39987.26221094757,3497299.8433822943
2010-01-29,-10285.057224794029,-1,0.0,-10285.057224794029,3487014.7861575005
2010-02-01,-10058.598701200128,-1,0.0,-10058.598701200128,3476956.1874563005
2010-02-02,-42.08504046338567,-1,-0.0,-42.08504046338567,3476914.102415837
2010-02-03,-39853.9523281087,-1,0.0,-39853.9523281087,3437060.150087728
2010-02-04,-20004.306383490373,-1,0.0,-20004.306383490373,3417055.8437042376
2010-02-05,-40006.37159423157,-1,0.0,-40006.37159423157,3377049.472110006
2010-02-08,20024.673321868835,-1,0.0,20024.673321868835,3397074.145431875
2010-02-09,-22.26697839217377,-1,0.0,-22.26697839217377,3397051.8784534824
2010-02-10,352.3881449526525,-1,0.0,352.3881449526525,3397404.266598435
2010-02-11,-40007.17081640511,-1,0.0,-40007.17081640511,3357397.09578203
2010-02-12,-10139.154406025824,-1,0.0,-10139.154406025824,3347257.941376004
2010-02-15,-0.0,-1,0.0,0.0,3347257.941376004
2010-02-16,-66.93562976234898,-1,0.0,-66.93562976234898,3347191.0057462417
2010-02-17,9986.463112071753,-1,0.0,9986.463112071753,3357177.4688583133
2010-02-18,20215.707381364948,-1,-0.0,20215.707381364948,3377393.176239678
2010-02-19,49994.742816291895,-1,-0.0,49994.742816291895,3427387.91905597
2010-02-22,-30064.294857932437,-1,0.0,-30064.294857932437,3397323.6241980377
2010-02-23,142.50132679680246,-1,-0.0,142.50132679680246,3397466.1255248343
2010-02-24,29993.450490526473,-1,-0.0,29993.450490526473,3427459.5760153607
2010-02-25,-19943.96754177536,-1,-0.0,-19943.96754177536,3407515.6084735855
2010-02-26,143.48921549266743,-1,-0.0,143.48921549266743,3407659.097689078
2010-03-01,-30004.87526193651,-1,0.0,-30004.87526193651,3377654.222427142
2010-03-02,-19993.648231838444,-1,-0.0,-19993.648231838444,3357660.5741953035
2010-03-03,-9976.624611207391,-1,-0.0,-9976.624611207391,3347683.949584096
2010-03-04,29937.95719222582,-1,-0.0,29937.95719222582,3377621.906776322
2010-03-05,-9868.990990177743,-1,-0.0,-9868.990990177743,3367752.9157861443
2010-03-08,-30004.667307804622,-1,-0.0,-30004.667307804622,3337748.2484783395
2010-03-09,-19994.66015207339,-1,0.0,-19994.66015207339,3317753.588326266
2010-03-10,40059.76788846309,-1,-0.0,40059.76788846309,3357813.356214729
2010-03-11,69783.4113837406,-1,-0.0,69783.4113837406,3427596.7675984697
2010-03-12,29928.339487033474,-1,-0.0,29928.339487033474,3457525.107085503
2010-03-15,-10023.330300216221,-1,0.0,-10023.330300216221,3447501.776785287
2010-03-16,-9860.043205282665,-1,-0.0,-9860.043205282665,3437641.7335800044
2010-03-17,40170.10561439944,-1,-0.0,40170.10561439944,3477811.839194404
2010-03-18,29996.260940010437,-1,-0.0,29996.260940010437,3507808.1001344146
2010-03-19,49900.99785411338,-1,-0.0,49900.99785411338,3557709.097988528
2010-03-22,-39890.14983065006,-1,0.0,-39890.14983065006,3517818.948157878
2010-03-23,-19978.26125724774,-1,0.0,-19978.26125724774,3497840.6869006306
2010-03-24,60271.71113361494,-1,-0.0,60271.71113361494,3558112.3980342457
2010-03-25,-20012.628033935296,-1,-0.0,-20012.628033935296,3538099.7700003106
2010-03-26,-40067.488769171236,-1,0.0,-40067.488769171236,3498032.2812311393
2010-03-29,42.660336005583304,-1,0.0,42.660336005583304,3498074.941567145
2010-03-30,9953.812448206292,-1,-0.0,9953.812448206292,3508028.754015351
2010-03-31,-20130.638826481114,-1,-0.0,-20130.638826481114,3487898.11518887
2010-04-01,20074.623058389658,-1,-0.0,20074.623058389658,3507972.73824726
2010-04-02,10225.854807644457,-1,0.0,10225.854807644457,3518198.5930549046
2010-04-05,39995.2956540775,-1,-0.0,39995.2956540775,3558193.888708982
2010-04-06,-29960.954113632833,-1,0.0,-29960.954113632833,3528232.9345953492
2010-04-07,9750.862677933663,-1,-0.0,9750.862677933663,3537983.797273283
2010-04-08,9996.022122257305,-1,-0.0,9996.022122257305,3547979.8193955403
2010-04-09,19983.115741857633,-1,0.0,19983.115741857633,3567962.935137398
2010-04-12,-9960.101446666537,-1,-0.0,-9960.101446666537,3558002.8336907313
2010-04-13,82.26734659030262,-1,0.0,82.26734659030262,3558085.1010373216
2010-04-14,-10003.319476487022,-1,0.0,-10003.319476487022,3548081.7815608345
2010-04-15,-39968.06522670177,-1,0.0,-39968.06522670177,3508113.716334133
2010-04-16,-30252.80741733907,-1,0.0,-30252.80741733907,3477860.9089167938
2010-04-19,20085.15767947856,-1,-0.0,20085.15767947856,3497946.0665962724
2010-04-20,49951.745785536885,-1,-0.0,49951.745785536885,3547897.812381809
2010-04-21,20048.44763802726,-1,-0.0,20048.44763802726,3567946.2600198365
2010-04-22,9995.756762049348,-1,-0.0,9995.756762049348,3577942.0167818856
2010-04-23,20039.75199793013,-1,-0.0,20039.75199793013,3597981.7687798156
2010-04-26,-10004.737887040788,-1,0.0,-10004.737887040788,3587977.030892775
2010-04-27,-30037.272425344505,-1,0.0,-30037.272425344505,3557939.7584674302
2010-04-28,-8.250570281379135,-1,-0.0,-8.250570281379135,3557931.507897149
2010-04-29,-10004.52006658139,-1,-0.0,-10004.52006658139,3547926.9878305676
2010-04-30,10181.338650636819,-1,0.0,10181.338650636819,3558108.3264812045
2010-05-03,39993.54639286723,-1,-0.0,39993.54639286723,3598101.872874072
2010-05-04,10095.964981813522,-1,0.0,10095.964981813522,3608197.8378558853
2010-05-05,-30005.006201497836,-1,0.0,-30005.006201497836,3578192.8316543875
2010-05-06,20610.117932553258,-1,0.0,20610.117932553258,3598802.949586941
2010-05-07,-50015.618891584934,-1,0.0,-50015.618891584934,3548787.330695356
2010-05-10,-30004.313781574354,-1,-0.0,-30004.313781574354,3518783.0169137814
2010-05-11,-20007.461600834842,-1,0.0,-20007.461600834842,3498775.5553129464
2010-05-12,-19932.988407460707,-1,0.0,-19932.988407460707,3478842.566905486
2010-05-13,-20002.71299936359,-1,-0.0,-20002.71299936359,3458839.8539061225
2010-05-14,39941.18308941017,-1,-0.0,39941.18308941017,3498781.0369955325
2010-05-17,9990.959633958457,-1,-0.0,9990.959633958457,3508771.996629491
2010-05-18,-223.4332340432593,-1,0.0,-223.4332340432593,3508548.5633954476
2010-05-19,39996.45543568019,-1,0.0,39996.45543568019,3548545.018831128
2010-05-20,20310.83465364123,-1,0.0,20310.83465364123,3568855.853484769
2010-05-21,39993.43505437559,-1,0.0,39993.43505437559,3608849.2885391447
2010-05-24,-30002.668808337246,-1,0.0,-30002.668808337246,3578846.6197308074
2010-05-25,19997.68208053378,-1,0.0,19997.68208053378,3598844.301811341
2010-05-26,9997.398833695543,-1,0.0,9997.398833695543,3608841.7006450365
2010-05-27,-9536.165057784048,-1,0.0,-9536.165057784048,3599305.5355872526
2010-05-28,-60010.79644181817,-1,-0.0,-60010.79644181817,3539294.7391454345
2010-05-31,-0.0,-1,0.0,0.0,3539294.7391454345
2010-06-01,20050.273904392296,-1,0.0,20050.273904392296,3559345.013049827
2010-06-02,-4.317421717805823,-1,-0.0,-4.317421717805823,3559340.695628109
2010-06-03,-20003.182081378418,-1,0.0,-20003.182081378418,3539337.5135467304
2010-06-04,-30002.620442481188,-1,0.0,-30002.620442481188,3509334.893104249
2010-06-07,-10011.028848004227,-1,0.0,-10011.028848004227,3499323.864256245
2010-06-08,40048.22514762266,-1,-0.0,40048.22514762266,3539372.0894038677
2010-06-09,-10072.262173831432,-1,0.0,-10072.262173831432,3529299.8272300363
2010-06-10,-191.15478215151234,-1,0.0,-191.15478215151234,3529108.672447885
2010-06-11,9991.805635464723,-1,0.0,9991.805635464723,3539100.4780833498
2010-06-14,-10006.07592881477,-1,0.0,-10006.07592881477,3529094.402154535
2010-06-15,-2.8932154927639293,-1,-0.0,-2.8932154927639293,3529091.508939042
2010-06-16,9853.219188529001,-1,0.0,9853.219188529001,3538944.7281275713
2010-06-17,106.41653342223435,-1,-0.0,106.41653342223435,3539051.1446609935
2010-06-18,9995.83784571824,-1,0.0,9995.83784571824,3549046.9825067115
2010-06-21,-9960.083068548845,-1,-0.0,-9960.083068548845,3539086.899438163
2010-06-22,-260.0666503162647,-1,0.0,-260.0666503162647,3538826.8327878467
2010-06-23,140.40462535877305,-1,0.0,140.40462535877305,3538967.2374132057
2010-06-24,-40005.06575898443,-1,0.0,-40005.06575898443,3498962.171654221
2010-06-25,-10096.206155712669,-1,0.0,-10096.206155712669,3488865.9654985084
2010-06-28,-10200.97799672927,-1,0.0,-10200.97799672927,3478664.987501779
2010-06-29,20204.682232875297,-1,0.0,20204.682232875297,3498869.6697346545
2010-06-30,39991.93132320678,-1,-0.0,39991.93132320678,3538861.6010578615
2010-07-01,40106.959141294166,-1,-0.0,40106.959141294166,3578968.5601991555
2010-07-02,-40002.642806052696,-1,0.0,-40002.642806052696,3538965.917393103
2010-07-05,-2.642968719641166,-1,0.0,-2.642968719641166,3538963.274424383
2010-07-06,-10000.000000000226,-1,0.0,-10000.000000000226,3528963.274424383
2010-07-07,-40003.426311187926,-1,0.0,-40003.426311187926,3488959.848113195
2010-07-08,-30003.273541753577,-1,-0.0,-30003.273541753577,3458956.5745714414
2010-07-09,10180.016642746385,-1,0.0,10180.016642746385,3469136.591214188
2010-07-12,-10004.480828708434,-1,-0.0,-10004.480828708434,3459132.1103854794
2010-07-13,60.3287398475004,-1,-0.0,60.3287398475004,3459192.439125327
2010-07-14,-10003.51180914573,-1,-0.0,-10003.51180914573,3449188.9273161814
2010-07-15,-4.708356749223126,-1,-0.0,-4.708356749223126,3449184.218959432
2010-07-16,-40003.78357258988,-1,0.0,-40003.78357258988,3409180.435386842
2010-07-19,-10048.719083575874,-1,0.0,-10048.719083575874,3399131.716303266
2010-07-20,-20016.150680055656,-1,-0.0,-20016.150680055656,3379115.5656232103
2010-07-21,49690.561018560205,-1,-0.0,49690.561018560205,3428806.1266417704
2010-07-22,-30005.59432163596,-1,-0.0,-30005.59432163596,3398800.5323201343
2010-07-23,-2.9250093484310784,-1,-0.0,-2.9250093484310784,3398797.607310786
2010-07-26,-10003.779329249304,-1,-0.0,-10003.779329249304,3388793.8279815367
2010-07-27,10104.626970313933,-1,-0.0,10104.626970313933,3398898.4549518507
2010-07-28,-60004.42066232313,-1,0.0,-60004.42066232313,3338894.0342895277
2010-07-29,-60106.27431366227,-1,0.0,-60106.27431366227,3278787.7599758655
2010-07-30,-323.3444404239999,-1,-0.0,-323.3444404239999,3278464.4155354416
2010-08-02,-40009.69310453148,-1,-0.0,-40009.69310453148,3238454.72243091
2010-08-03,-70003.91603850183,-1,0.0,-70003.91603850183,3168450.806392408
2010-08-04,40097.533961686306,-1,-0.0,40097.533961686306,3208548.3403540943
2010-08-05,-30051.055197541922,-1,0.0,-30051.055197541922,3178497.285156552
2010-08-06,-10052.94868570687,-1,0.0,-10052.94868570687,3168444.336470845
2010-08-09,19994.247681893725,-1,0.0,19994.247681893725,3188438.584152739
2010-08-10,-69947.36684330857,-1,0.0,-69947.36684330857,3118491.2173094302
2010-08-11,49972.98732926027,-1,-0.0,49972.98732926027,3168464.2046386907
2010-08-12,29995.59998997114,-1,0.0,29995.59998997114,3198459.804628662
2010-08-13,59925.77198714392,-1,0.0,59925.77198714392,3258385.5766158057
2010-08-16,79997.08022975297,-1,-0.0,79997.08022975297,3338382.656845559
2010-08-17,-10007.124730995029,-1,-0.0,-10007.124730995029,3328375.532114564
2010-08-18,59997.16255019878,-1,-0.0,59997.16255019878,3388372.694664763
2010-08-19,20371.963957351218,-1,-0.0,20371.963957351218,3408744.658622114
2010-08-20,49995.3934484016,-1,-0.0,49995.3934484016,3458740.0520705157
2010-08-23,-19959.9200213737,-1,0.0,-19959.9200213737,3438780.132049142
2010-08-24,10136.75673852954,-1,0.0,10136.75673852954,3448916.8887876715
2010-08-25,19995.53640113886,-1,-0.0,19995.53640113886,3468912.42518881
2010-08-26,39872.80289359755,-1,0.0,39872.80289359755,3508785.2280824077
2010-08-27,-50857.508424526386,-1,0.0,-50857.508424526386,3457927.719657881
2010-08-30,-10007.735143448792,-1,0.0,-10007.735143448792,3447919.9845144325
2010-08-31,19994.124890088005,-1,0.0,19994.124890088005,3467914.1094045206
2010-09-01,-50004.39408215099,-1,0.0,-50004.39408215099,3417909.7153223697
2010-09-02,-50006.65675946815,-1,0.0,-50006.65675946815,3367903.0585629013
2010-09-03,-10002.952405179214,-1,-0.0,-10002.952405179214,3357900.106157722
2010-09-06,-4.087242585029127,-1,0.0,-4.087242585029127,3357896.018915137
2010-09-07,40000.00000000003,-1,-0.0,40000.00000000003,3397896.018915137
2010-09-08,-6.357655397042807,-1,-0.0,-6.357655397042807,3397889.6612597397
2010-09-09,-10003.113195303416,-1,0.0,-10003.113195303416,3387886.5480644363
2010-09-10,-20007.216308248746,-1,-0.0,-20007.216308248746,3367879.3317561876
2010-09-13,-30200.450812011535,-1,0.0,-30200.450812011535,3337678.880944176
2010-09-14,-40080.65075527209,-1,0.0,-40080.65075527209,3297598.230188904
2010-09-15,-50005.65778016782,-1,0.0,-50005.65778016782,3247592.572408736
2010-09-16,-30003.599995984114,-1,0.0,-30003.599995984114,3217588.972412752
2010-09-17,-2.2922487166738605,-1,0.0,-2.2922487166738605,3217586.6801640354
2010-09-20,56.916488606533676,-1,-0.0,56.916488606533676,3217643.596652642
2010-09-21,-10003.135031208521,-1,0.0,-10003.135031208521,3207640.4616214335
2010-09-22,39994.71664209635,-1,0.0,39994.71664209635,3247635.1782635297
2010-09-23,19998.003224618475,-1,-0.0,19998.003224618475,3267633.181488148
2010-09-24,-30081.96396919834,-1,0.0,-30081.96396919834,3237551.2175189494
2010-09-27,29997.16154374813,-1,-0.0,29997.16154374813,3267548.3790626978
2010-09-28,-20004.768457016937,-1,0.0,-20004.768457016937,3247543.610605681
2010-09-29,-99.71361021269331,-1,0.0,-99.71361021269331,3247443.896995468
2010-09-30,-10008.120870172874,-1,-0.0,-10008.120870172874,3237435.776125295
2010-10-01,-30035.50651373979,-1,0.0,-30035.50651373979,3207400.269611555
2010-10-04,-30040.620418703824,-1,0.0,-30040.620418703824,3177359.6491928515
2010-10-05,-50006.407192840416,-1,0.0,-50006.407192840416,3127353.2420000113
2010-10-06,19520.572278710322,-1,0.0,19520.572278710322,3146873.814278722
2010-10-07,-70266.81607251824,-1,49583.313145178334,-20683.502927339905,3126190.3113513817
2010-10-08,-60064.61166804389,0,29876.82965924468,-30187.782008799215,3096002.5293425824
2010-10-11,-1313.7052216921375,0,0.0,-1313.7052216921375,3094688.8241208903
2010-10-12,0.0,0,9934.430284739465,9934.430284739465,3104623.25440563
2010-10-13,0.0,0,-4.128754019009322,-4.128754019009322,3104619.125651611
2010-10-14,0.0,0,9983.627597558387,9983.627597558387,3114602.7532491693
2010-10-15,0.0,0,29779.919971057723,29779.919971057723,3144382.673220227
2010-10-18,0.0,0,-6.578736656602845,-6.578736656602845,3144376.09448357
2010-10-19,0.0,0,-10057.17289014918,-10057.17289014918,3134318.921593421
2010-10-20,-0.0,0,-20163.652262575695,-20163.652262575695,3114155.269330845
2010-10-21,0.0,0,-30003.81492834909,-30003.81492834909,3084151.454402496
2010-10-22,-0.0,0,-19951.073642851083,-19951.073642851083,3064200.3807596453
2010-10-25,-0.0,0,-49877.68410712771,-49877.68410712771,3014322.6966525177
2010-10-26,0.0,0,0.0,0.0,3014322.6966525177
2010-10-27,0.0,0,-39804.653953898924,-39804.653953898924,2974518.042698619
2010-10-28,0.0,0,69431.63351106094,69431.63351106094,3043949.67620968
2010-10-29,0.0,0,-10003.814928347385,-10003.814928347385,3033945.8612813326
2010-11-01,0.0,0,-20114.345780298932,-20114.345780298932,3013831.5155010335
2010-11-02,0.0,0,-50244.876393577666,-50244.876393577666,2963586.639107456
2010-11-03,0.0,0,79995.1475866175,79995.1475866175,3043581.7866940736
2010-11-04,0.0,0,79995.84247167264,79995.84247167264,3123577.6291657463
2010-11-05,0.0,0,30147.04686059873,30147.04686059873,3153724.676026345
2010-11-08,0.0,0,-19967.482721170294,-19967.482721170294,3133757.193305175
2010-11-09,0.0,0,0.0,0.0,3133757.193305175
2010-11-10,0.0,0,59995.124074501946,59995.124074501946,3193752.3173796767
2010-11-11,0.0,0,10008.09752220436,10008.09752220436,3203760.414901881
2010-11-12,0.0,0,-80000.0,-80000.0,3123760.414901881
2010-11-15,0.0,0,-39903.06654280301,-39903.06654280301,3083857.348359078
2010-11-16,0.0,0,-50005.25443782466,-50005.25443782466,3033852.0939212535
2010-11-17,0.0,0,-20004.206044861356,-20004.206044861356,3013847.887876392
2010-11-18,-0.0,0,-9983.85448858016,-9983.85448858016,3003864.033387812
2010-11-19,-0.0,0,-9983.854488579025,-9983.854488579025,2993880.1788992328
2010-11-22,0.0,0,30024.262602987947,30024.262602987947,3023904.441502221
2010-11-23,0.0,0,-10048.673571477726,-10048.673571477726,3013855.7679307433
2010-11-24,0.0,0,-30243.963939115492,-30243.963939115492,2983611.803991628
2010-11-25,0.0,0,0.0,0.0,2983611.803991628
2010-11-26,0.0,-1,-29927.389447892216,-29927.389447892216,2953684.414543736
2010-11-29,28662.404598644844,-1,-30146.02071443318,-1483.6161157883362,2952200.7984279473
2010-11-30,-2.3231673515596896,-1,-10004.186056883826,-10006.509224235386,2942194.289203712
2010-12-01,49606.08194715167,-1,-20065.139882588333,29540.94206456334,2971735.231268275
2010-12-02,9993.521439027058,-1,-19838.53716986166,-9845.0157308346,2961890.2155374405
2010-12-03,-89778.43978997765,-1,29995.813943116176,-59782.625846861476,2902107.589690579
2010-12-06,-40002.83287455862,-1,-5.66143961480208e-10,-40002.832874559186,2862104.75681602
2010-12-07,69994.4240316048,-1,-30072.876697653486,39921.54733395131,2902026.304149971
2010-12-08,69989.11519802154,-1,-90004.9089868299,-20015.79378880837,2882010.5103611625
2010-12-09,69994.18697505664,-1,-39935.7886879208,30058.39828713584,2912068.908648298
2010-12-10,59840.984475878126,-1,-70282.12267307649,-10441.138197198365,2901627.7704510996
2010-12-13,-29699.178071169197,-1,-437.5327657351005,-30136.710836904298,2871491.0596141955
2010-12-14,19996.727135225323,-1,-0.0,19996.727135225323,2891487.7867494207
2010-12-15,-20010.18232427143,-1,-0.0,-20010.18232427143,2871477.604425149
2010-12-16,-30076.46844849657,-1,0.0,-30076.46844849657,2841401.1359766526
2010-12-17,69390.89882665286,-1,-0.0,69390.89882665286,2910792.0348033053
2010-12-20,-10007.771518211193,-1,0.0,-10007.771518211193,2900784.263285094
2010-12-21,-0.0,-1,-0.0,-0.0,2900784.263285094
2010-12-22,20019.23866852129,-1,0.0,20019.23866852129,2920803.5019536153
2010-12-23,50000.31464044862,-1,-0.0,50000.31464044862,2970803.816594064
2010-12-24,-5.544049093104946,-1,0.0,-5.544049093104946,2970798.2725449707
2010-12-27,40000.00000000004,-1,0.0,40000.00000000004,3010798.2725449707
2010-12-28,-10623.213540506491,-1,-0.0,-10623.213540506491,3000175.059004464
2010-12-29,-30004.70528117364,-1,0.0,-30004.70528117364,2970170.3537232904
2010-12-30,9991.449785371718,-1,-0.0,9991.449785371718,2980161.803508662
2010-12-31,39828.01663072558,0,-0.0,39828.01663072558,3019989.8201393876
2011-01-03,-1358.8044981825456,0,-0.0,-1358.8044981825456,3018631.015641205
2011-01-04,0.0,0,0.0,0.0,3018631.015641205
2011-01-05,0.0,0,-0.0,0.0,3018631.015641205
2011-01-06,0.0,0,0.0,0.0,3018631.015641205
2011-01-07,0.0,0,0.0,0.0,3018631.015641205
2011-01-10,0.0,0,0.0,0.0,3018631.015641205
2011-01-11,0.0,0,-0.0,0.0,3018631.015641205
2011-01-12,0.0,0,0.0,0.0,3018631.015641205
2011-01-13,0.0,0,0.0,0.0,3018631.015641205
2011-01-14,0.0,0,0.0,0.0,3018631.015641205
2011-01-17,0.0,0,0.0,0.0,3018631.015641205
2011-01-18,0.0,0,-0.0,0.0,3018631.015641205
2011-01-19,0.0,0,-0.0,0.0,3018631.015641205
2011-01-20,0.0,0,0.0,0.0,3018631.015641205
2011-01-21,0.0,0,-0.0,0.0,3018631.015641205
2011-01-24,0.0,0,-0.0,0.0,3018631.015641205
2011-01-25,0.0,0,-0.0,0.0,3018631.015641205
2011-01-26,0.0,0,0.0,0.0,3018631.015641205
2011-01-27,0.0,0,-0.0,0.0,3018631.015641205
2011-01-28,0.0,0,0.0,0.0,3018631.015641205
2011-01-31,0.0,0,-0.0,0.0,3018631.015641205
2011-02-01,0.0,0,-0.0,0.0,3018631.015641205
2011-02-02,0.0,0,-0.0,0.0,3018631.015641205
2011-02-03,0.0,0,-0.0,0.0,3018631.015641205
2011-02-04,0.0,0,-0.0,0.0,3018631.015641205
2011-02-07,-0.0,0,-0.0,-0.0,3018631.015641205
2011-02-08,0.0,0,-0.0,0.0,3018631.015641205
2011-02-09,0.0,0,0.0,0.0,3018631.015641205
2011-02-10,0.0,0,0.0,0.0,3018631.015641205
2011-02-11,0.0,0,0.0,0.0,3018631.015641205
2011-02-14,0.0,0,-0.0,0.0,3018631.015641205
2011-02-15,0.0,0,-0.0,0.0,3018631.015641205
2011-02-16,0.0,0,0.0,0.0,3018631.015641205
2011-02-17,0.0,0,0.0,0.0,3018631.015641205
2011-02-18,0.0,0,0.0,0.0,3018631.015641205
2011-02-21,0.0,0,0.0,0.0,3018631.015641205
2011-02-22,0.0,0,0.0,0.0,3018631.015641205
2011-02-23,-0.0,0,-0.0,-0.0,3018631.015641205
2011-02-24,0.0,0,-0.0,0.0,3018631.015641205
2011-02-25,0.0,0,0.0,0.0,3018631.015641205
2011-02-28,0.0,0,-0.0,0.0,3018631.015641205
2011-03-01,0.0,0,0.0,0.0,3018631.015641205
2011-03-02,0.0,0,0.0,0.0,3018631.015641205
2011-03-03,0.0,0,-0.0,0.0,3018631.015641205
2011-03-04,0.0,0,0.0,0.0,3018631.015641205
2011-03-07,0.0,0,-0.0,0.0,3018631.015641205
2011-03-08,0.0,0,0.0,0.0,3018631.015641205
2011-03-09,0.0,0,0.0,0.0,3018631.015641205
2011-03-10,0.0,0,0.0,0.0,3018631.015641205
2011-03-11,0.0,0,-0.0,0.0,3018631.015641205
2011-03-14,0.0,0,0.0,0.0,3018631.015641205
2011-03-15,-0.0,0,0.0,0.0,3018631.015641205
2011-03-16,0.0,0,0.0,0.0,3018631.015641205
2011-03-17,0.0,0,0.0,0.0,3018631.015641205
2011-03-18,0.0,0,-0.0,0.0,3018631.015641205
2011-03-21,0.0,0,-0.0,0.0,3018631.015641205
2011-03-22,-0.0,0,0.0,0.0,3018631.015641205
2011-03-23,0.0,0,-0.0,0.0,3018631.015641205
2011-03-24,0.0,0,-0.0,0.0,3018631.015641205
2011-03-25,0.0,0,-0.0,0.0,3018631.015641205
2011-03-28,0.0,0,-0.0,0.0,3018631.015641205
2011-03-29,0.0,0,0.0,0.0,3018631.015641205
2011-03-30,0.0,0,-0.0,0.0,3018631.015641205
2011-03-31,-0.0,0,-0.0,-0.0,3018631.015641205
2011-04-01,-0.0,0,0.0,0.0,3018631.015641205
2011-04-04,0.0,0,0.0,0.0,3018631.015641205
2011-04-05,0.0,0,-0.0,0.0,3018631.015641205
2011-04-06,0.0,0,0.0,0.0,3018631.015641205
2011-04-07,0.0,0,0.0,0.0,3018631.015641205
2011-04-08,0.0,0,-0.0,0.0,3018631.015641205
2011-04-11,0.0,0,-0.0,0.0,3018631.015641205
2011-04-12,0.0,0,0.0,0.0,3018631.015641205
2011-04-13,0.0,0,0.0,0.0,3018631.015641205
2011-04-14,-0.0,0,-0.0,-0.0,3018631.015641205
2011-04-15,0.0,0,0.0,0.0,3018631.015641205
2011-04-18,0.0,0,0.0,0.0,3018631.015641205
2011-04-19,-0.0,0,-0.0,-0.0,3018631.015641205
2011-04-20,0.0,0,-0.0,0.0,3018631.015641205
2011-04-21,0.0,0,0.0,0.0,3018631.015641205
2011-04-22,0.0,0,0.0,0.0,3018631.015641205
2011-04-25,0.0,0,0.0,0.0,3018631.015641205
2011-04-26,0.0,0,-0.0,0.0,3018631.015641205
2011-04-27,0.0,0,0.0,0.0,3018631.015641205
2011-04-28,0.0,0,0.0,0.0,3018631.015641205
2011-04-29,0.0,0,-0.0,0.0,3018631.015641205
2011-05-02,0.0,0,-0.0,0.0,3018631.015641205
2011-05-03,-0.0,0,0.0,0.0,3018631.015641205
2011-05-04,0.0,0,-0.0,0.0,3018631.015641205
2011-05-05,0.0,0,0.0,0.0,3018631.015641205
2011-05-06,0.0,0,0.0,0.0,3018631.015641205
2011-05-09,0.0,0,0.0,0.0,3018631.015641205
2011-05-10,0.0,0,-0.0,0.0,3018631.015641205
2011-05-11,0.0,0,0.0,0.0,3018631.015641205
2011-05-12,0.0,0,0.0,0.0,3018631.015641205
2011-05-13,0.0,0,0.0,0.0,3018631.015641205
2011-05-16,0.0,0,-0.0,0.0,3018631.015641205
2011-05-17,0.0,0,-0.0,0.0,3018631.015641205
2011-05-18,0.0,0,-0.0,0.0,3018631.015641205
2011-05-19,0.0,0,0.0,0.0,3018631.015641205
2011-05-20,0.0,0,0.0,0.0,3018631.015641205
2011-05-23,0.0,0,-0.0,0.0,3018631.015641205
2011-05-24,-0.0,0,0.0,0.0,3018631.015641205
2011-05-25,0.0,0,0.0,0.0,3018631.015641205
2011-05-26,0.0,0,0.0,0.0,3018631.015641205
2011-05-27,0.0,0,0.0,0.0,3018631.015641205
2011-05-30,0.0,0,0.0,0.0,3018631.015641205
2011-05-31,0.0,0,0.0,0.0,3018631.015641205
2011-06-01,0.0,0,0.0,0.0,3018631.015641205
2011-06-02,0.0,0,0.0,0.0,3018631.015641205
2011-06-03,0.0,0,0.0,0.0,3018631.015641205
2011-06-06,0.0,0,0.0,0.0,3018631.015641205
2011-06-07,0.0,0,0.0,0.0,3018631.015641205
2011-06-08,0.0,0,-0.0,0.0,3018631.015641205
2011-06-09,0.0,0,0.0,0.0,3018631.015641205
2011-06-10,0.0,0,-0.0,0.0,3018631.015641205
2011-06-13,0.0,0,0.0,0.0,3018631.015641205
2011-06-14,0.0,0,-0.0,0.0,3018631.015641205
2011-06-15,0.0,0,0.0,0.0,3018631.015641205
2011-06-16,0.0,0,0.0,0.0,3018631.015641205
2011-06-17,0.0,0,0.0,0.0,3018631.015641205
2011-06-20,0.0,0,-0.0,0.0,3018631.015641205
2011-06-21,0.0,0,-0.0,0.0,3018631.015641205
2011-06-22,0.0,0,-0.0,0.0,3018631.015641205
2011-06-23,0.0,0,0.0,0.0,3018631.015641205
2011-06-24,0.0,-1,0.0,0.0,3018631.015641205
2011-06-27,-41332.5333068935,-1,0.0,-41332.5333068935,2977298.4823343116
2011-06-28,99994.15111719264,-1,-0.0,99994.15111719264,3077292.633451504
2011-06-29,20032.434288151155,-1,-0.0,20032.434288151155,3097325.0677396553
2011-06-30,69989.6178779581,-1,-0.0,69989.6178779581,3167314.685617613
2011-07-01,19911.79607559003,-1,-0.0,19911.79607559003,3187226.481693203
2011-07-04,-0.0,-1,0.0,0.0,3187226.481693203
2011-07-05,-89743.12151197183,-1,0.0,-89743.12151197183,3097483.360181231
2011-07-06,-0.0,-1,-0.0,-0.0,3097483.360181231
2011-07-07,59991.29446601168,-1,-0.0,59991.29446601168,3157474.6546472427
2011-07-08,-69580.18912597897,-1,0.0,-69580.18912597897,3087894.465521264
2011-07-11,-10007.92379565935,-1,0.0,-10007.92379565935,3077886.5417256043
2011-07-12,-10004.722441025855,-1,0.0,-10004.722441025855,3067881.8192845783
2011-07-13,13.140659594257158,-1,-0.0,13.140659594257158,3067894.9599441728
2011-07-14,-20222.98936579576,-1,0.0,-20222.98936579576,3047671.970578377
2011-07-15,-60002.327159485314,-1,0.0,-60002.327159485314,2987669.643418892
2011-07-18,-39977.766458111815,-1,0.0,-39977.766458111815,2947691.87696078
2011-07-19,99524.75087527187,-1,-0.0,99524.75087527187,3047216.627836052
2011-07-20,-20003.80362560616,-1,0.0,-20003.80362560616,3027212.824210446
2011-07-21,9996.758677933758,-1,-0.0,9996.758677933758,3037209.5828883797
2011-07-22,19995.906567222664,-1,-0.0,19995.906567222664,3057205.489455602
2011-07-25,-30282.163384284584,-1,0.0,-30282.163384284584,3026923.326071318
2011-07-26,-10010.789797181133,-1,-0.0,-10010.789797181133,3016912.5362741365
2011-07-27,40031.75131161961,-1,-0.0,40031.75131161961,3056944.2875857563
2011-07-28,-9928.587859566953,-1,-0.0,-9928.587859566953,3047015.6997261895
2011-07-29,-29348.142668938817,-1,0.0,-29348.142668938817,3017667.5570572508
2011-08-01,19987.39720101863,-1,0.0,19987.39720101863,3037654.954258269
2011-08-02,49997.40726002899,-1,-0.0,49997.40726002899,3087652.3615182983
2011-08-03,59992.60223258958,-1,-0.0,59992.60223258958,3147644.9637508877
2011-08-04,60997.704275991186,-1,0.0,60997.704275991186,3208642.668026879
2011-08-05,-10010.997617171739,-1,-0.0,-10010.997617171739,3198631.6704097074
2011-08-08,19992.8041101107,-1,0.0,19992.8041101107,3218624.474519818
2011-08-09,-80008.15875876605,-1,0.0,-80008.15875876605,3138616.315761052
2011-08-10,39990.33545312546,-1,0.0,39990.33545312546,3178606.6512141777
2011-08-11,-190746.34712144837,-1,0.0,-190746.34712144837,2987860.3040927295
2011-08-12,39988.04872686258,-1,-10414.972571511862,29573.07615535072,3017433.38024808
2011-08-15,-5.1080720854357065,-1,9996.241121080388,9991.133048994952,3027424.513297075
2011-08-16,39737.90658175926,-1,-29851.317809120374,9886.588772638883,3037311.1020697136
2011-08-17,69998.01231320744,-1,-10024.918751050029,59973.09356215741,3097284.195631871
2011-08-18,99995.76218100348,-1,9996.597867567269,109992.36004857074,3207276.5556804417
2011-08-19,59995.38972111789,0,5.722387416297809e-10,59995.38972111847,3267271.94540156
2011-08-22,-1293.765440875148,0,10075.343597332534,8781.578156457386,3276053.5235580173
2011-08-23,0.0,0,60250.52102381233,60250.52102381233,3336304.0445818296
2011-08-24,0.0,0,19900.473243638302,19900.473243638302,3356204.517825468
2011-08-25,0.0,0,39992.49641653218,39992.49641653218,3396197.014242
2011-08-26,0.0,0,0.0,0.0,3396197.014242
2011-08-29,0.0,0,0.0,0.0,3396197.014242
2011-08-30,0.0,0,-29925.88550580838,-29925.88550580838,3366271.1287361914
2011-08-31,0.0,0,30223.998486423807,30223.998486423807,3396495.1272226153
2011-09-01,0.0,0,-20033.04158333449,-20033.04158333449,3376462.0856392807
2011-09-02,0.0,0,-50004.10145103622,-50004.10145103622,3326457.9841882447
2011-09-05,0.0,0,-6.113484514101455,-6.113484514101455,3326451.8707037307
2011-09-06,-0.0,0,30000.000000000568,30000.000000000568,3356451.870703731
2011-09-07,0.0,0,40033.42902919032,40033.42902919032,3396485.2997329216
2011-09-08,0.0,0,9996.609370052334,9996.609370052334,3406481.909102974
2011-09-09,0.0,0,20066.70944428457,20066.70944428457,3426548.6185472584
2011-09-12,-0.0,0,10075.281816372104,10075.281816372104,3436623.9003636306
2011-09-13,0.0,0,30175.439135231612,30175.439135231612,3466799.339498862
2011-09-14,0.0,0,-19966.769236621487,-19966.769236621487,3446832.5702622407
2011-09-15,0.0,0,9975.092368747475,9975.092368747475,3456807.6626309883
2011-09-16,0.0,0,-3.4050012587552456,-3.4050012587552456,3456804.2576297293
2011-09-19,0.0,0,1.137810747329057e-09,1.137810747329057e-09,3456804.2576297303
2011-09-20,-0.0,0,39995.91572087552,39995.91572087552,3496800.1733506056
2011-09-21,-0.0,1,-89850.3393412406,-89850.3393412406,3406949.834009365
2011-09-22,-161279.27385070865,1,59995.26119630774,-101284.0126544009,3305665.8213549643
2011-09-23,9989.387992136466,1,-10003.367495631484,-13.979503495018434,3305651.841851469
2011-09-26,69993.66626230508,1,59996.29495735339,129989.96121965846,3435641.8030711277
2011-09-27,39995.91342862697,1,19995.59874332116,59991.512171948125,3495633.315243076
2011-09-28,-4.339110978333559,1,-40003.74313422722,-40008.08224520555,3455625.2329978705
2011-09-29,-59826.66846847607,1,-50041.46284544589,-109868.13131392196,3345757.1016839487
2011-09-30,-110001.91719965336,1,-3.4035671856785195,-110005.32076683904,3235751.7809171095
2011-10-03,-50004.79086080268,1,10058.503686310896,-39946.28717449178,3195805.493742618
2011-10-04,-20007.024411009264,1,19993.909857236675,-13.114553772589716,3195792.3791888454
2011-10-05,39918.68288279231,1,29924.695578285893,69843.3784610782,3265635.7576499237
2011-10-06,39993.94696879813,1,-20005.750575720653,19988.19639307748,3285623.954043001
2011-10-07,-10004.315507554156,1,-19883.957319475383,-29888.27282702954,3255735.6812159712
2011-10-10,-3.9120904044693336,1,-4.766997940123594,-8.679088344592927,3255727.0021276264
2011-10-11,30000.000000000022,1,0.0,30000.000000000022,3285727.0021276264
2011-10-12,49995.37187515449,1,9934.108217090945,59929.48009224543,3345656.482219872
2011-10-13,19996.52260836627,1,-40005.13857204789,-20008.615963681616,3325647.8662561905
2011-10-14,60340.91144989886,1,-30223.35484288998,30117.556607008875,3355765.4228631994
2011-10-17,-49603.55389325883,1,0.0,-49603.55389325883,3306161.8689699406
2011-10-18,49995.50344984181,1,-30004.455281655042,19991.048168186768,3326152.917138127
2011-10-19,20005.427345385757,1,-20033.122923138497,-27.695577752740064,3326125.2215603744
2011-10-20,-117.94573949481492,1,-10041.480613124193,-10159.426352619008,3315965.795207755
2011-10-21,59997.74061948596,1,-20066.32789554624,39931.41272393972,3355897.207931695
2011-10-24,-10002.599528035244,1,-20049.715137991327,-30052.31466602657,3325844.8932656683
2011-10-25,-49871.79379542018,1,-20049.715137991327,-69921.5089334115,3255923.384332257
2011-10-26,9993.74486988164,1,-40005.45028833354,-30011.705418451897,3225911.678913805
2011-10-27,119994.79252743657,1,-59751.028952808985,60243.763574627585,3286155.442488433
2011-10-28,-20010.756034094193,1,-50006.13414975358,-70016.89018384778,3216138.552304585
2011-10-31,-60004.97736039981,1,29995.56512259373,-30009.412237806082,3186129.1400667788
2011-11-01,-80010.55538886866,1,9995.251105604639,-70015.30428326402,3116113.8357835147
2011-11-02,49991.91256620666,1,-5.056677276261803,49986.8558889304,3166100.6916724453
2011-11-03,49998.41482284962,1,9983.207412084954,59981.62223493458,3226082.3139073798
2011-11-04,19997.147556647247,1,19849.52434012358,39846.67189677083,3265928.985804151
2011-11-07,-40051.15798192862,1,-39732.32119482581,-79783.47917675442,3186145.506627396
2011-11-08,39997.52352018181,1,29949.62223625543,69947.14575643724,3256092.6523838337
2011-11-09,-60003.74220063852,1,29996.294957353963,-30007.447243284554,3226085.205140549
2011-11-10,69995.60319750938,1,60353.04073378218,130348.64393129156,3356433.8490718408
2011-11-11,-3.510110275008483,1,0.0,-3.510110275008483,3356430.338961566
2011-11-14,-40000.000000000255,1,-9974.939430149563,-49974.93943014982,3306455.399531416
2011-11-15,-9956.16789960319,1,9983.28255827582,27.114658672629957,3306482.514190089
2011-11-16,-20152.321085030333,1,29874.852846581205,9722.531761550872,3316205.04595164
2011-11-17,-50002.29819081794,1,-9974.93943015013,-59977.23762096807,3256227.808330672
2011-11-18,-50002.844477285675,1,-20050.30871713646,-70053.15319442214,3186174.65513625
2011-11-21,-9994.02969657947,1,10000.0,5.970303420530399,3186180.6254396704
2011-11-22,-40139.80276510513,1,20050.30871713703,-20089.4940479681,3166091.131391702
2011-11-23,-60003.112120243844,1,-20067.12011829244,-80070.2322385363,3086020.899153166
2011-11-24,-3.74607958766385,1,-3.705042646037508,-7.4511222337013585,3086013.4480309323
2011-11-25,50000.000000000044,1,30000.0,80000.00000000004,3166013.4480309323
2011-11-28,29995.371882333835,1,9996.294957353963,39991.666839687794,3206005.11487062
2011-11-29,9950.414850943387,1,29974.90822921577,39925.323080159156,3245930.437950779
2011-11-30,69998.69983389782,1,19883.341018715266,89882.04085261308,3335812.4788033925
2011-12-01,49995.89710781258,1,59994.23961273572,109990.1367205483,3445802.615523941
2011-12-02,-40002.24951810727,1,-59553.68845813339,-99555.93797624066,3346246.6775477002
2011-12-05,-20004.347213045374,1,10024.980049691194,-9979.36716335418,3336267.310384346
2011-12-06,60092.61796377685,1,10024.980049691194,70117.59801346804,3406384.9083978143
2011-12-07,-2.524151283604256,1,0.0,-2.524151283604256,3406382.3842465305
2011-12-08,-10003.033123738678,1,0.0,-10003.033123738678,3396379.351122792
2011-12-09,69997.85680770267,1,20116.8635706419,90114.72037834457,3486494.0715011363
2011-12-12,-20004.111047817194,1,-9975.112706444528,-29979.223754261722,3456514.8477468747
2011-12-13,-60399.533940594876,1,20033.286069453403,-40366.24787114147,3416148.5998757333
2011-12-14,-80005.04190907555,1,-50292.15892660475,-130297.2008356803,3285851.399040053
2011-12-15,9997.445402217407,1,29994.577304474635,39992.02270669204,3325843.4217467452
2011-12-16,-9922.538269042052,1,-9974.949648265083,-19897.487917307135,3305945.933829438
2011-12-19,-80003.0111330391,1,0.0,-80003.0111330391,3225942.922696399
2011-12-20,79997.4646611644,1,10067.26030189428,90064.72496305867,3316007.6476594578
2011-12-21,39993.80390105335,1,29874.903836013087,69868.70773706643,3385876.355396524
2011-12-22,-10003.115289853575,1,-10004.063564939926,-20007.1788547935,3365869.1765417308
2011-12-23,77.19454773484176,1,30050.010883850962,30127.205431585804,3395996.3819733164
2011-12-26,-3.307995405228343,1,0.0,-3.307995405228343,3395993.0739779114
2011-12-27,2.219167072325945e-10,1,-19883.957319475383,-19883.95731947516,3376109.116658436
2011-12-28,-80153.17164618097,1,-49833.91642940821,-129987.08807558918,3246122.0285828467
2011-12-29,19993.763576342448,1,29996.612252442188,49990.375828784636,3296112.404411631
2011-12-30,40027.87319671421,1,-9991.646311622948,30036.22688509126,3326148.631296722
2012-01-02,0.0,1,0.0,0.0,3326148.631296722
2012-01-03,30102.328462990736,1,20033.477188251516,50135.80565124225,3376284.4369479646
2012-01-04,49997.16651807439,1,9933.460416224001,59930.62693429839,3436215.063882263
2012-01-05,39998.367442171184,1,-30004.067025423537,9994.300416747647,3446209.3642990105
2012-01-06,-19841.02273228275,1,0.0,-19841.02273228275,3426368.341566728
2012-01-09,10008.16360844264,1,10041.719316990104,20049.882925432743,3446418.2244921606
2012-01-10,10014.798724439774,1,-30100.064166426855,-20085.26544198708,3426332.9590501734
2012-01-11,-39864.7954490785,1,20083.43863398078,-19781.35681509772,3406551.6022350756
2012-01-12,-10004.233607134986,1,-3.3906299482337214,-10007.624237083219,3396543.977997992
2012-01-13,-19944.534435813723,1,-29974.9593894195,-49919.49382523322,3346624.484172759
2012-01-16,-2.181302704527788,1,0.0,-2.181302704527788,3346622.3028700547
2012-01-17,-10000.00000000001,1,0.0,-10000.00000000001,3336622.3028700547
2012-01-18,40173.08631253493,1,10075.591110696732,50248.67742323166,3386870.9802932865
2012-01-19,39997.81869729528,1,-30075.30898508268,9922.509712212603,3396793.490005499
2012-01-20,9995.669026677539,1,19949.98097812689,29945.650004804425,3426739.140010304
2012-01-23,29997.24492283475,1,0.0,29997.24492283475,3456736.3849331387
2012-01-24,9997.796383544868,1,9995.589375571317,19993.385759116187,3476729.770692255
2012-01-25,90029.9063983469,1,60000.00000000057,150029.90639834746,3626759.6770906025
2012-01-26,10054.20551221836,1,-30024.938865498647,-19970.733353280288,3606788.943737322
2012-01-27,-10006.10197098942,1,0.0,-10006.10197098942,3596782.8417663327
2012-01-30,-60296.62484977736,1,-30004.072210073395,-90300.69705985076,3506482.144706482
2012-01-31,-30004.713881400297,1,-10075.560137506305,-40080.2740189066,3466401.8706875755
2012-02-01,59997.816038438024,1,9995.275362823537,69993.09140126157,3536394.9620888373
2012-02-02,9997.44122322754,1,0.0,9997.44122322754,3546392.4033120647
2012-02-03,49980.91864813301,1,9966.49764003112,59947.41628816413,3606339.8196002287
2012-02-06,-30005.60421325197,1,-40005.40189878551,-70011.00611203747,3536328.813488191
2012-02-07,-2.200144587350241,1,-30201.20313269109,-30203.40327727844,3506125.4102109126
2012-02-08,-3.642739197987877,1,-20066.900852228104,-20070.543591426092,3486054.8666194864
2012-02-09,20000.000000000015,1,10041.8390655418,30041.839065541815,3516096.7056850283
2012-02-10,-40003.09512132368,1,-10008.347017713146,-50011.44213903682,3466085.2635459914
2012-02-13,-10004.361104891812,1,19996.619470201993,9992.258365310181,3476077.5219113017
2012-02-14,-39737.90274289618,1,-9958.250273484035,-49696.15301638021,3426381.3688949216
2012-02-15,29998.358434446814,1,10025.17492634811,40023.53336079493,3466404.9022557167
2012-02-16,-10191.580046789488,1,-20016.762373752183,-30208.34242054167,3436196.559835175
2012-02-17,9995.700078827893,1,0.0,9995.700078827893,3446192.259914003
2012-02-20,0.0,1,0.0,0.0,3446192.259914003
2012-02-21,-90.90785283276637,1,-19916.500546968633,-20007.4083998014,3426184.8515142016
2012-02-22,-10003.37470206064,1,0.0,-10003.37470206064,3416181.476812141
2012-02-23,-20002.766446034424,1,-9974.918984439075,-29977.6854304735,3386203.7913816674
2012-02-24,-40076.58045211268,1,-20000.0,-60076.58045211268,3326127.210929555
2012-02-27,-10001.924691389278,1,5.698652174912434e-10,-10001.92469138871,3316125.286238166
2012-02-28,29996.639362635222,1,-5.727433855521207e-10,29996.63936263465,3346121.9256008007
2012-02-29,-20038.361498134145,1,-20117.776609698885,-40156.13810783303,3305965.7874929677
2012-03-01,49997.85344937633,1,0.0,49997.85344937633,3355963.640942344
2012-03-02,9997.139860187786,1,-10000.0,-2.8601398122136743,3355960.7808025316
2012-03-05,-9938.535618384125,1,20084.02118132931,10145.485562945185,3366106.266365477
2012-03-06,-10105.868785411803,1,-10016.772823804959,-20122.641609216764,3345983.6247562603
2012-03-07,19996.02588057894,1,10058.8883048503,30054.91418542924,3376038.5389416898
2012-03-08,19715.886070989713,1,0.0,19715.886070989713,3395754.4250126793
2012-03-09,-4.964437442468229,1,5.679583664254346e-10,-4.964437441900271,3395749.4605752374
2012-03-12,-39969.152014254905,1,-19966.53782856104,-59935.68984281595,3335813.7707324214
2012-03-13,20171.635538640898,1,-10000.000000000568,10171.63553864033,3345985.406271062
2012-03-14,29994.56069935651,1,-9925.037015208096,20069.523684148415,3366054.92995521
2012-03-15,-9.590759253412235,1,-7.796764329533931,-17.387523582946166,3366037.542431627
2012-03-16,-20010.850060790868,1,-30000.000000000568,-50010.85006079143,3316026.6923708357
2012-03-19,175.72201183518337,1,-10008.302757290727,-9832.580745455543,3306194.1116253803
2012-03-20,-40003.641135962695,1,-9950.398791078846,-49954.03992704154,3256240.0716983387
2012-03-21,-10238.135947886985,1,-19933.78322484554,-30171.919172732527,3226068.152525606
2012-03-22,9995.241075721486,1,-410.53211857229775,9584.708957149189,3235652.8614827553
2012-03-23,-30059.19424977514,1,0.0,-30059.19424977514,3205593.66723298
2012-03-26,29996.263148572554,1,0.0,29996.263148572554,3235589.930381553
2012-03-27,10114.32614214524,1,0.0,10114.32614214524,3245704.256523698
2012-03-28,10034.274162500016,1,-0.0,10034.274162500016,3255738.5306861983
2012-03-29,54.30291882222082,1,0.0,54.30291882222082,3255792.8336050203
2012-03-30,50331.93308916039,1,0.0,50331.93308916039,3306124.7666941807
2012-04-02,10016.294105147226,1,0.0,10016.294105147226,3316141.0607993277
2012-04-03,-10434.817838442039,1,-0.0,-10434.817838442039,3305706.2429608856
2012-04-04,9996.655620799618,1,0.0,9996.655620799618,3315702.898581685
2012-04-05,-10197.496417598268,1,0.0,-10197.496417598268,3305505.4021640867
2012-04-06,9994.475055394672,1,0.0,9994.475055394672,3315499.8772194814
2012-04-09,-40007.00252667002,1,-0.0,-40007.00252667002,3275492.874692811
2012-04-10,-204.5407104629994,1,0.0,-204.5407104629994,3275288.333982348
2012-04-11,9996.2439530055,1,0.0,9996.2439530055,3285284.5779353534
2012-04-12,29997.23628108361,1,-0.0,29997.23628108361,3315281.814216437
2012-04-13,-39605.45352491106,1,-0.0,-39605.45352491106,3275676.360691526
2012-04-16,-10093.952007481994,1,-0.0,-10093.952007481994,3265582.408684044
2012-04-17,-3.0929296685828653,1,0.0,-3.0929296685828653,3265579.3157543754
2012-04-18,60.04356903705411,1,0.0,60.04356903705411,3265639.3593234126
2012-04-19,10007.309591410665,1,-0.0,10007.309591410665,3275646.6689148233
2012-04-20,-20005.442965333674,1,0.0,-20005.442965333674,3255641.2259494895
2012-04-23,-10008.161207061203,1,-0.0,-10008.161207061203,3245633.0647424283
2012-04-24,10188.631604113107,1,-0.0,10188.631604113107,3255821.6963465414
2012-04-25,29999.999999999804,1,0.0,29999.999999999804,3285821.6963465414
2012-04-26,10068.198298401468,1,0.0,10068.198298401468,3295889.894644943
2012-04-27,18.194442289401195,1,0.0,18.194442289401195,3295908.0890872325
2012-04-30,0.0,1,0.0,0.0,3295908.0890872325
2012-05-01,19983.66461792757,1,0.0,19983.66461792757,3315891.75370516
2012-05-02,-29740.26294291137,1,-0.0,-29740.26294291137,3286151.4907622486
2012-05-03,10012.774278288718,1,-0.0,10012.774278288718,3296164.2650405373
2012-05-04,-9967.329235855446,1,0.0,-9967.329235855446,3286196.935804682
2012-05-07,-10003.59114857014,1,-0.0,-10003.59114857014,3276193.3446561117
2012-05-08,-20005.445564730653,1,0.0,-20005.445564730653,3256187.899091381
2012-05-09,-1.588291665523313,1,0.0,-1.588291665523313,3256186.3107997156
2012-05-10,20000.00000000002,1,-0.0,20000.00000000002,3276186.3107997156
2012-05-11,-10001.866520124404,1,0.0,-10001.866520124404,3266184.444279591
2012-05-14,-50002.74973490972,1,0.0,-50002.74973490972,3216181.6945446813
2012-05-15,-50002.83850571495,1,0.0,-50002.83850571495,3166178.856038966
2012-05-16,-20001.577282846243,1,0.0,-20001.577282846243,3146177.27875612
2012-05-17,-90132.07057358527,1,-0.0,-90132.07057358527,3056045.2081825347
2012-05-18,-10003.554211155812,1,0.0,-10003.554211155812,3046041.6539713787
2012-05-21,0.0,1,-0.0,0.0,3046041.6539713787
2012-05-22,50008.17243005017,1,0.0,50008.17243005017,3096049.826401429
2012-05-23,-30003.69465334023,1,-0.0,-30003.69465334023,3066046.1317480886
2012-05-24,19996.627317223265,1,0.0,19996.627317223265,3086042.759065312
2012-05-25,-2.4475909932454294,1,0.0,-2.4475909932454294,3086040.3114743186
2012-05-28,0.0,1,0.0,0.0,3086040.3114743186
2012-05-29,0.0,1,0.0,0.0,3086040.3114743186
2012-05-30,-60149.57973743565,1,0.0,-60149.57973743565,3025890.731736883
2012-05-31,-30006.726798894382,1,0.0,-30006.726798894382,2995884.0049379887
2012-06-01,-90002.15284943108,1,0.0,-90002.15284943108,2905881.8520885576
2012-06-04,-30005.82993396572,1,-10394.347549842476,-40400.1774838082,2865481.6746047493
2012-06-05,69723.26964290082,1,0.0,69723.26964290082,2935204.94424765
2012-06-06,49995.16595151862,1,9924.27169423924,59919.43764575786,2995124.381893408
2012-06-07,29995.419442077342,1,19993.63356458721,49989.05300666455,3045113.4349000724
2012-06-08,29950.581616659583,1,9983.227931731977,39933.80954839156,3085047.244448464
2012-06-11,-40001.83877404111,1,19966.455863463387,-20035.382910577726,3065011.8615378863
2012-06-12,-2.478659702035366,1,-30025.205217804974,-30027.68387750701,3034984.177660379
2012-06-13,-30003.59067129016,1,0.0,-30003.59067129016,3004980.586989089
2012-06-14,9996.645407761702,1,-30075.7101184321,-20079.0647106704,2984901.5222784183
2012-06-15,20090.173886017776,1,20050.47341228731,40140.647298305084,3025042.1695767236
2012-06-18,-40008.181996955565,1,5.70828078813683e-10,-40008.181996955,2985033.9875797685
2012-06-19,40225.2740755791,1,-10050.568112291365,30174.705963287735,3015208.693543056
2012-06-20,-39960.85996115269,1,-30050.441908309323,-70011.30186946201,2945197.391673594
2012-06-21,-29903.699843851762,1,-30101.009895171293,-60004.709739023056,2885192.681934571
2012-06-22,40199.869773905164,1,10075.994642820644,50275.86441672581,2935468.546351297
2012-06-25,-20002.99081441092,1,5.693899521154794e-10,-20002.99081441035,2915465.5555368867
2012-06-26,-10003.032323952295,1,-20135.017073971714,-30138.04939792401,2885327.5061389627
2012-06-27,10009.791037376632,1,10059.033032074269,20068.8240694509,2905396.330208414
2012-06-28,10028.33813442817,1,20118.066064147966,30146.404198576136,2935542.73440699
2012-06-29,60211.553281511675,1,19996.642679286073,80208.19596079775,3015750.930367788
2012-07-02,-20002.240975456854,1,9924.547879136395,-10077.69309632046,3005673.237271467
2012-07-03,29996.36972800805,1,9966.360967665092,39962.73069567314,3045635.9679671405
2012-07-04,-2.155145706696436,1,0.0,-2.155145706696436,3045633.812821434
2012-07-05,-10000.00000000012,1,19849.095758273354,9849.095758273234,3055482.908579707
2012-07-06,-20146.025747272688,1,-19865.77925744653,-40011.80500471922,3015471.103574988
2012-07-09,-30003.945204516695,1,0.0,-30003.945204516695,2985467.158370471
2012-07-10,-20001.55035429927,1,-20050.67985269149,-40052.23020699076,2945414.9281634805
2012-07-11,-10000.00000000001,1,-30126.858415116036,-40126.85841511605,2905288.0697483644
2012-07-12,-20081.75212495101,1,10059.27484035335,-10022.47728459766,2895265.5924637667
2012-07-13,9998.414264687523,1,-3.3427291260318848,9995.07153556149,2905260.6639993284
2012-07-16,10026.343621443688,1,-19966.181557688822,-9939.837936245134,2895320.8260630835
2012-07-17,10023.210463660143,1,0.0,10023.210463660143,2905344.036526744
2012-07-18,20005.45795020331,1,-19983.080182608825,22.377767594483885,2905366.4142943383
2012-07-19,-69.01745665106137,1,10016.951669501039,9947.934212849977,2915314.3485071883
2012-07-20,-30001.54569841468,1,-29974.620273913806,-59976.16597232848,2855338.18253486
2012-07-23,-10002.733272049058,1,1.1436347210395566e-09,-10002.733272047913,2845335.4492628123
2012-07-24,-50198.56590210419,1,-20153.237263686842,-70351.80316579103,2774983.646097021
2012-07-25,-3.076207475984859,1,9995.344817126785,9992.2686096508,2784975.914706672
2012-07-26,10034.362039780379,1,-5.684341886080801e-10,10034.362039779811,2795010.276746452
2012-07-27,69648.48262617446,1,-9982.994277971342,59665.488348203115,2854675.765094655
2012-07-30,-10007.277767228386,1,-30004.655182873215,-40011.9329501016,2814663.8321445533
2012-07-31,-10002.697260094588,1,10068.062640875718,65.36538078112972,2814729.1975253345
2012-08-01,10097.425158222992,1,-10076.618631843994,20.80652637899766,2814750.0040517137
2012-08-02,-29879.396647790916,1,-20084.91808495329,-49964.314732744206,2764785.6893189694
2012-08-03,40396.43104214884,1,19996.00807772083,60392.43911986967,2825178.128438839
2012-08-06,19996.110937802383,1,-20003.65845442125,-7.5475166188662115,2825170.5809222204
2012-08-07,9967.262155280208,1,0.0,9967.262155280208,2835137.8430775004
2012-08-08,9996.654098932066,1,-9966.210147790824,30.443951141241996,2835168.2870286414
2012-08-09,19888.16732471239,1,-393.68046755738584,19494.486857155003,2854662.7738857963
2012-08-10,-10002.758221959264,1,0.0,-10002.758221959264,2844660.015663837
2012-08-13,-2.1177134404323996,1,0.0,-2.1177134404323996,2844657.897950397
2012-08-14,39999.999999999585,1,0.0,39999.999999999585,2884657.8979503964
2012-08-15,29996.31679698375,1,0.0,29996.31679698375,2914654.21474738
2012-08-16,29996.02326870586,1,-0.0,29996.02326870586,2944650.2380160857
2012-08-17,-10002.783942844548,1,-0.0,-10002.783942844548,2934647.454073241
2012-08-20,10005.445407110781,1,-0.0,10005.445407110781,2944652.8994803517
2012-08-21,-30116.285922020295,1,0.0,-30116.285922020295,2914536.6135583315
2012-08-22,9997.21605715535,1,-0.0,9997.21605715535,2924533.829615487
2012-08-23,-30005.088742882395,1,-0.0,-30005.088742882395,2894528.7408726043
2012-08-24,-10000.00000000001,1,0.0,-10000.00000000001,2884528.7408726043
2012-08-27,-10122.705860528142,1,-0.0,-10122.705860528142,2874406.035012076
2012-08-28,-2.2076664976042872,1,0.0,-2.2076664976042872,2874403.8273455785
2012-08-29,20026.099932090343,1,-0.0,20026.099932090343,2894429.927277669
2012-08-30,10034.230306796439,1,0.0,10034.230306796439,2904464.157584465
2012-08-31,-14.959720921062399,1,0.0,-14.959720921062399,2904449.197863544
2012-09-03,-5.6143916407237295,1,0.0,-5.6143916407237295,2904443.583471903
2012-09-04,-20000.00000000024,1,-0.0,-20000.00000000024,2884443.5834719026
2012-09-05,9986.913149133321,1,0.0,9986.913149133321,2894430.496621036
2012-09-06,39787.61824008287,1,0.0,39787.61824008287,2934218.1148611186
2012-09-07,49993.65568921313,0,0.0,49993.65568921313,2984211.7705503316
2012-09-10,-1266.2468412543492,0,0.0,-1266.2468412543492,2982945.5237090774
2012-09-11,0.0,0,-0.0,0.0,2982945.5237090774
2012-09-12,0.0,0,0.0,0.0,2982945.5237090774
2012-09-13,0.0,0,0.0,0.0,2982945.5237090774
2012-09-14,0.0,-1,-0.0,0.0,2982945.5237090774
2012-09-17,68723.21228209318,-1,-0.0,68723.21228209318,3051668.7359911706
2012-09-18,9997.75551162479,-1,-0.0,9997.75551162479,3061666.4915027954
2012-09-19,20110.350815079764,-1,-0.0,20110.350815079764,3081776.842317875
2012-09-20,9997.20778418046,-1,-0.0,9997.20778418046,3091774.0501020555
2012-09-21,-9987.111306373024,-1,0.0,-9987.111306373024,3081786.9387956825
2012-09-24,40103.20663991392,-1,-0.0,40103.20663991392,3121890.1454355964
2012-09-25,29997.494073920614,-1,0.0,29997.494073920614,3151887.639509517
2012-09-26,39997.82552064452,-1,0.0,39997.82552064452,3191885.465030161
2012-09-27,-30003.089949727553,-1,0.0,-30003.089949727553,3161882.3750804337
2012-09-28,-10001.565951656907,-1,0.0,-10001.565951656907,3151880.8091287767
2012-10-01,10012.996069323151,-1,-0.0,10012.996069323151,3161893.8051981
2012-10-02,-10005.458353807275,-1,-0.0,-10005.458353807275,3151888.3468442927
2012-10-03,-10026.016729499648,-1,-0.0,-10026.016729499648,3141862.330114793
2012-10-04,-50074.59416577809,-1,-0.0,-50074.59416577809,3091787.735949015
2012-10-05,-30002.216959501417,-1,-0.0,-30002.216959501417,3061785.518989513
2012-10-08,-3.383607612596592,-1,0.0,-3.383607612596592,3061782.1353819007
2012-10-09,29999.999999999804,-1,-0.0,29999.999999999804,3091782.1353819007
2012-10-10,30155.047896026757,-1,-0.0,30155.047896026757,3121937.1832779273
2012-10-11,39997.44935473025,-1,-0.0,39997.44935473025,3161934.6326326574
2012-10-12,30116.770093131592,-1,-0.0,30116.770093131592,3192051.402725789
2012-10-15,-20002.217082637922,-1,-0.0,-20002.217082637922,3172049.1856431514
2012-10-16,-29844.488491799228,-1,-0.0,-29844.488491799228,3142204.697151352
2012-10-17,9996.578930465434,-1,-0.0,9996.578930465434,3152201.2760818177
2012-10-18,-30004.500433658355,-1,-0.0,-30004.500433658355,3122196.7756481594
2012-10-19,59998.41617661024,-1,-0.0,59998.41617661024,3182195.1918247696
2012-10-22,9996.836011312165,-1,-0.0,9996.836011312165,3192192.0278360816
2012-10-23,19959.340852122536,0,0.0,19959.340852122536,3212151.3686882043
2012-10-24,-1273.2769983586602,0,0.0,-1273.2769983586602,3210878.0916898455
2012-10-25,0.0,0,-0.0,0.0,3210878.0916898455
2012-10-26,0.0,0,0.0,0.0,3210878.0916898455
2012-10-29,0.0,0,-0.0,0.0,3210878.0916898455
2012-10-30,0.0,0,0.0,0.0,3210878.0916898455
2012-10-31,0.0,0,-0.0,0.0,3210878.0916898455
2012-11-01,0.0,0,0.0,0.0,3210878.0916898455
2012-11-02,0.0,0,0.0,0.0,3210878.0916898455
2012-11-05,0.0,0,-0.0,0.0,3210878.0916898455
2012-11-06,0.0,0,-0.0,0.0,3210878.0916898455
2012-11-07,0.0,0,0.0,0.0,3210878.0916898455
2012-11-08,0.0,0,0.0,0.0,3210878.0916898455
2012-11-09,-0.0,0,0.0,0.0,3210878.0916898455
2012-11-12,0.0,0,0.0,0.0,3210878.0916898455
2012-11-13,0.0,0,0.0,0.0,3210878.0916898455
2012-11-14,0.0,0,0.0,0.0,3210878.0916898455
2012-11-15,0.0,0,0.0,0.0,3210878.0916898455
2012-11-16,0.0,0,0.0,0.0,3210878.0916898455
2012-11-19,0.0,0,0.0,0.0,3210878.0916898455
2012-11-20,0.0,0,-0.0,0.0,3210878.0916898455
2012-11-21,0.0,0,-0.0,0.0,3210878.0916898455
2012-11-22,0.0,0,0.0,0.0,3210878.0916898455
2012-11-23,0.0,0,-0.0,0.0,3210878.0916898455
2012-11-26,0.0,0,0.0,0.0,3210878.0916898455
2012-11-27,0.0,0,0.0,0.0,3210878.0916898455
2012-11-28,0.0,0,0.0,0.0,3210878.0916898455
2012-11-29,0.0,0,0.0,0.0,3210878.0916898455
2012-11-30,0.0,0,0.0,0.0,3210878.0916898455
2012-12-03,-0.0,0,0.0,0.0,3210878.0916898455
2012-12-04,-0.0,0,-0.0,-0.0,3210878.0916898455
2012-12-05,0.0,0,0.0,0.0,3210878.0916898455
2012-12-06,0.0,0,-0.0,0.0,3210878.0916898455
2012-12-07,0.0,0,0.0,0.0,3210878.0916898455
2012-12-10,0.0,0,-0.0,0.0,3210878.0916898455
2012-12-11,0.0,0,0.0,0.0,3210878.0916898455
2012-12-12,0.0,0,-0.0,0.0,3210878.0916898455
2012-12-13,0.0,0,-0.0,0.0,3210878.0916898455
2012-12-14,-0.0,0,-0.0,-0.0,3210878.0916898455
2012-12-17,0.0,0,-0.0,0.0,3210878.0916898455
2012-12-18,0.0,0,0.0,0.0,3210878.0916898455
2012-12-19,0.0,0,-0.0,0.0,3210878.0916898455
2012-12-20,-0.0,0,0.0,0.0,3210878.0916898455
2012-12-21,0.0,0,-0.0,0.0,3210878.0916898455
2012-12-24,0.0,0,0.0,0.0,3210878.0916898455
2012-12-25,0.0,0,0.0,0.0,3210878.0916898455
2012-12-26,0.0,0,0.0,0.0,3210878.0916898455
2012-12-27,0.0,0,-0.0,0.0,3210878.0916898455
2012-12-28,-0.0,0,0.0,0.0,3210878.0916898455
2012-12-31,0.0,0,-0.0,0.0,3210878.0916898455
2013-01-01,0.0,0,0.0,0.0,3210878.0916898455
2013-01-02,0.0,0,0.0,0.0,3210878.0916898455
2013-01-03,0.0,0,-0.0,0.0,3210878.0916898455
2013-01-04,-0.0,0,-0.0,-0.0,3210878.0916898455
2013-01-07,0.0,0,-0.0,0.0,3210878.0916898455
2013-01-08,0.0,0,0.0,0.0,3210878.0916898455
2013-01-09,0.0,0,0.0,0.0,3210878.0916898455
2013-01-10,0.0,0,-0.0,0.0,3210878.0916898455
2013-01-11,0.0,0,0.0,0.0,3210878.0916898455
2013-01-14,0.0,0,0.0,0.0,3210878.0916898455
2013-01-15,0.0,0,0.0,0.0,3210878.0916898455
2013-01-16,-0.0,0,0.0,0.0,3210878.0916898455
2013-01-17,0.0,0,0.0,0.0,3210878.0916898455
2013-01-18,0.0,0,-0.0,0.0,3210878.0916898455
2013-01-21,0.0,0,0.0,0.0,3210878.0916898455
2013-01-22,0.0,0,-0.0,0.0,3210878.0916898455
2013-01-23,0.0,0,0.0,0.0,3210878.0916898455
2013-01-24,0.0,0,-0.0,0.0,3210878.0916898455
2013-01-25,0.0,0,0.0,0.0,3210878.0916898455
2013-01-28,0.0,0,0.0,0.0,3210878.0916898455
2013-01-29,0.0,0,-0.0,0.0,3210878.0916898455
2013-01-30,0.0,0,0.0,0.0,3210878.0916898455
2013-01-31,-0.0,0,-0.0,-0.0,3210878.0916898455
2013-02-01,0.0,0,0.0,0.0,3210878.0916898455
2013-02-04,0.0,0,0.0,0.0,3210878.0916898455
2013-02-05,0.0,0,0.0,0.0,3210878.0916898455
2013-02-06,0.0,-1,0.0,0.0,3210878.0916898455
2013-02-07,-1283.0911220891594,-1,-0.0,-1283.0911220891594,3209595.0005677566
2013-02-08,10002.721822765117,-1,0.0,10002.721822765117,3219597.722390522
2013-02-11,20012.728697944753,-1,-0.0,20012.728697944753,3239610.4510884667
2013-02-12,-84.60581707383972,-1,0.0,-84.60581707383972,3239525.8452713927
2013-02-13,7.313834744360065,-1,-0.0,7.313834744360065,3239533.159106137
2013-02-14,-3.883937562801922,-1,0.0,-3.883937562801922,3239529.2751685744
2013-02-15,-3.6572772876681587,-1,0.0,-3.6572772876681587,3239525.617891287
2013-02-18,-0.0,-1,0.0,0.0,3239525.617891287
2013-02-19,-9967.302575358768,-1,0.0,-9967.302575358768,3229558.3153159283
2013-02-20,-42.55101675300466,-1,0.0,-42.55101675300466,3229515.7642991752
2013-02-21,9896.67874879835,-1,0.0,9896.67874879835,3239412.443047974
2013-02-22,-0.0,-1,0.0,0.0,3239412.443047974
2013-02-25,10145.814588740504,-1,0.0,10145.814588740504,3249558.2576367143
2013-02-26,-5.189868140231632,-1,0.0,-5.189868140231632,3249553.067768574
2013-02-27,-29999.999999999804,-1,-0.0,-29999.999999999804,3219553.067768574
2013-02-28,-38.27055546147676,-1,-0.0,-38.27055546147676,3219514.797213113
2013-03-01,19892.40192326718,-1,0.0,19892.40192326718,3239407.19913638
2013-03-04,-10043.092106792765,-1,0.0,-10043.092106792765,3229364.1070295875
2013-03-05,-9994.551188982045,-1,-0.0,-9994.551188982045,3219369.5558406054
2013-03-06,-9861.416607654966,-1,-0.0,-9861.416607654966,3209508.1392329503
2013-03-07,-10003.13771252286,-1,0.0,-10003.13771252286,3199505.0015204274
2013-03-08,-2.7652987002413956,-1,-0.0,-2.7652987002413956,3199502.236221727
2013-03-11,-10003.050210190484,-1,-0.0,-10003.050210190484,3189499.1860115365
2013-03-12,19949.391744307188,-1,0.0,19949.391744307188,3209448.5777558438
2013-03-13,10005.440645380613,-1,-0.0,10005.440645380613,3219454.018401224
2013-03-14,-40117.01365758739,-1,0.0,-40117.01365758739,3179337.0047436366
2013-03-15,-10021.76258152265,-1,0.0,-10021.76258152265,3169315.242162114
2013-03-18,10103.387124336394,-1,0.0,10103.387124336394,3179418.6292864503
2013-03-19,29995.174809130265,-1,-0.0,29995.174809130265,3209413.8040955807
2013-03-20,-40002.20599140109,-1,0.0,-40002.20599140109,3169411.59810418
2013-03-21,39997.4634557268,-1,-0.0,39997.4634557268,3209409.0615599067
2013-03-22,10102.054657458893,-1,0.0,10102.054657458893,3219511.1162173655
2013-03-25,-10002.258274813996,-1,0.0,-10002.258274813996,3209508.8579425514
2013-03-26,-12.74281429444818,-1,0.0,-12.74281429444818,3209496.115128257
2013-03-27,9991.83044919783,-1,0.0,9991.83044919783,3219487.9455774548
2013-03-28,-40.3111560085963,-1,0.0,-40.3111560085963,3219447.6344214464
2013-03-29,-0.0,-1,0.0,0.0,3219447.6344214464
2013-04-01,10068.570829376797,-1,-0.0,10068.570829376797,3229516.205250823
2013-04-02,-2.7566425060161857,-1,0.0,-2.7566425060161857,3229513.448608317
2013-04-03,-100.45871679788979,-1,0.0,-100.45871679788979,3229412.989891519
2013-04-04,20198.210267586655,-1,-0.0,20198.210267586655,3249611.2001591055
2013-04-05,109995.10943272022,-1,-0.0,109995.10943272022,3359606.3095918256
2013-04-08,-10004.175588137035,-1,0.0,-10004.175588137035,3349602.1340036886
2013-04-09,-40002.12920543397,-1,-0.0,-40002.12920543397,3309600.0047982545
2013-04-10,-29718.488881901103,-1,0.0,-29718.488881901103,3279881.5159163536
2013-04-11,-4.0888871154049875,-1,0.0,-4.0888871154049875,3279877.427029238
2013-04-12,49999.99999999982,-1,-0.0,49999.99999999982,3329877.427029238
2013-04-15,29995.957687239665,-1,0.0,29995.957687239665,3359873.3847164777
2013-04-16,-10001.574395588043,-1,-0.0,-10001.574395588043,3349871.8103208896
2013-04-17,19922.546697757865,-1,0.0,19922.546697757865,3369794.3570186472
2013-04-18,19974.133532066116,0,-0.0,19974.133532066116,3389768.490550713
2013-04-19,-1269.1068091050677,0,0.0,-1269.1068091050677,3388499.383741608
2013-04-22,0.0,0,0.0,0.0,3388499.383741608
2013-04-23,0.0,0,-0.0,0.0,3388499.383741608
2013-04-24,0.0,0,0.0,0.0,3388499.383741608
2013-04-25,0.0,0,0.0,0.0,3388499.383741608
2013-04-26,0.0,0,0.0,0.0,3388499.383741608
2013-04-29,0.0,0,0.0,0.0,3388499.383741608
2013-04-30,0.0,0,0.0,0.0,3388499.383741608
2013-05-01,0.0,0,-0.0,0.0,3388499.383741608
2013-05-02,-0.0,0,-0.0,-0.0,3388499.383741608
2013-05-03,0.0,0,0.0,0.0,3388499.383741608
2013-05-06,0.0,0,0.0,0.0,3388499.383741608
2013-05-07,0.0,0,-0.0,0.0,3388499.383741608
2013-05-08,-0.0,0,-0.0,-0.0,3388499.383741608
2013-05-09,0.0,0,0.0,0.0,3388499.383741608
2013-05-10,0.0,0,0.0,0.0,3388499.383741608
2013-05-13,0.0,0,-0.0,0.0,3388499.383741608
2013-05-14,0.0,0,-0.0,0.0,3388499.383741608
2013-05-15,0.0,0,0.0,0.0,3388499.383741608
2013-05-16,0.0,0,-0.0,0.0,3388499.383741608
2013-05-17,0.0,0,0.0,0.0,3388499.383741608
2013-05-20,0.0,0,-0.0,0.0,3388499.383741608
2013-05-21,0.0,0,0.0,0.0,3388499.383741608
2013-05-22,0.0,0,-0.0,0.0,3388499.383741608
2013-05-23,-0.0,0,-0.0,-0.0,3388499.383741608
2013-05-24,0.0,0,-0.0,0.0,3388499.383741608
2013-05-27,0.0,0,0.0,0.0,3388499.383741608
2013-05-28,0.0,0,-0.0,0.0,3388499.383741608
2013-05-29,-0.0,0,0.0,0.0,3388499.383741608
2013-05-30,0.0,0,0.0,0.0,3388499.383741608
2013-05-31,0.0,0,0.0,0.0,3388499.383741608
2013-06-03,0.0,0,0.0,0.0,3388499.383741608
2013-06-04,0.0,0,0.0,0.0,3388499.383741608
2013-06-05,0.0,0,0.0,0.0,3388499.383741608
2013-06-06,0.0,0,-0.0,0.0,3388499.383741608
2013-06-07,0.0,0,0.0,0.0,3388499.383741608
2013-06-10,0.0,0,0.0,0.0,3388499.383741608
2013-06-11,0.0,0,0.0,0.0,3388499.383741608
2013-06-12,0.0,0,0.0,0.0,3388499.383741608
2013-06-13,0.0,0,0.0,0.0,3388499.383741608
2013-06-14,0.0,0,0.0,0.0,3388499.383741608
2013-06-17,0.0,0,0.0,0.0,3388499.383741608
2013-06-18,-0.0,0,-0.0,-0.0,3388499.383741608
2013-06-19,0.0,0,-0.0,0.0,3388499.383741608
2013-06-20,0.0,0,0.0,0.0,3388499.383741608
2013-06-21,0.0,0,-0.0,0.0,3388499.383741608
2013-06-24,0.0,0,-0.0,0.0,3388499.383741608
2013-06-25,0.0,0,0.0,0.0,3388499.383741608
2013-06-26,0.0,0,0.0,0.0,3388499.383741608
2013-06-27,0.0,0,0.0,0.0,3388499.383741608
2013-06-28,-0.0,0,-0.0,-0.0,3388499.383741608
2013-07-01,0.0,0,0.0,0.0,3388499.383741608
2013-07-02,0.0,0,-0.0,0.0,3388499.383741608
2013-07-03,0.0,0,-0.0,0.0,3388499.383741608
2013-07-04,0.0,0,0.0,0.0,3388499.383741608
2013-07-05,0.0,0,-0.0,0.0,3388499.383741608
2013-07-08,0.0,0,0.0,0.0,3388499.383741608
2013-07-09,0.0,0,-0.0,0.0,3388499.383741608
2013-07-10,0.0,0,-0.0,0.0,3388499.383741608
2013-07-11,0.0,0,0.0,0.0,3388499.383741608
2013-07-12,0.0,0,0.0,0.0,3388499.383741608
2013-07-15,0.0,0,-0.0,0.0,3388499.383741608
2013-07-16,0.0,0,-0.0,0.0,3388499.383741608
2013-07-17,0.0,0,0.0,0.0,3388499.383741608
2013-07-18,0.0,0,0.0,0.0,3388499.383741608
2013-07-19,0.0,0,-0.0,0.0,3388499.383741608
2013-07-22,-0.0,0,-0.0,-0.0,3388499.383741608
2013-07-23,0.0,0,-0.0,0.0,3388499.383741608
2013-07-24,0.0,0,-0.0,0.0,3388499.383741608
2013-07-25,0.0,0,0.0,0.0,3388499.383741608
2013-07-26,0.0,0,-0.0,0.0,3388499.383741608
2013-07-29,0.0,0,0.0,0.0,3388499.383741608
2013-07-30,0.0,0,-0.0,0.0,3388499.383741608
2013-07-31,0.0,0,0.0,0.0,3388499.383741608
2013-08-01,0.0,0,-0.0,0.0,3388499.383741608
2013-08-02,0.0,0,0.0,0.0,3388499.383741608
2013-08-05,0.0,0,0.0,0.0,3388499.383741608
2013-08-06,0.0,0,-0.0,0.0,3388499.383741608
2013-08-07,0.0,0,0.0,0.0,3388499.383741608
2013-08-08,0.0,0,0.0,0.0,3388499.383741608
2013-08-09,-0.0,0,0.0,0.0,3388499.383741608
2013-08-12,0.0,0,-0.0,0.0,3388499.383741608
2013-08-13,0.0,0,0.0,0.0,3388499.383741608
2013-08-14,0.0,0,0.0,0.0,3388499.383741608
2013-08-15,0.0,0,-0.0,0.0,3388499.383741608
2013-08-16,0.0,0,0.0,0.0,3388499.383741608
2013-08-19,0.0,0,0.0,0.0,3388499.383741608
2013-08-20,0.0,0,0.0,0.0,3388499.383741608
2013-08-21,0.0,0,-0.0,0.0,3388499.383741608
2013-08-22,-0.0,0,-0.0,-0.0,3388499.383741608
2013-08-23,0.0,0,-0.0,0.0,3388499.383741608
2013-08-26,0.0,0,-0.0,0.0,3388499.383741608
2013-08-27,0.0,0,-0.0,0.0,3388499.383741608
2013-08-28,0.0,0,-0.0,0.0,3388499.383741608
2013-08-29,0.0,1,-0.0,0.0,3388499.383741608
2013-08-30,-21321.853298510396,1,-0.0,-21321.853298510396,3367177.5304430975
2013-09-02,0.0,1,0.0,0.0,3367177.5304430975
2013-09-03,30032.334088190713,1,0.0,30032.334088190713,3397209.8645312884
2013-09-04,-50005.339240099405,1,-0.0,-50005.339240099405,3347204.525291189
2013-09-05,-29920.473119649992,1,0.0,-29920.473119649992,3317284.052171539
2013-09-06,69992.09924896726,1,0.0,69992.09924896726,3387276.151420506
2013-09-09,30092.572059061993,1,0.0,30092.572059061993,3417368.723479568
2013-09-10,-30068.25244039185,1,0.0,-30068.25244039185,3387300.471039176
2013-09-11,30113.01671066357,1,-0.0,30113.01671066357,3417413.4877498397
2013-09-12,0.0,1,0.0,0.0,3417413.4877498397
2013-09-13,-1.6594728817017312,1,0.0,-1.6594728817017312,3417411.828276958
2013-09-16,90373.20831208493,1,0.0,90373.20831208493,3507785.0365890427
2013-09-17,125.25136455580287,1,-0.0,125.25136455580287,3507910.2879535984
2013-09-18,100739.03852280961,0,0.0,100739.03852280961,3608649.326476408
2013-09-19,-1335.0932896425463,0,-0.0,-1335.0932896425463,3607314.2331867656
2013-09-20,-0.0,0,-0.0,-0.0,3607314.2331867656
2013-09-23,0.0,0,0.0,0.0,3607314.2331867656
2013-09-24,0.0,0,-0.0,0.0,3607314.2331867656
2013-09-25,0.0,0,0.0,0.0,3607314.2331867656
2013-09-26,0.0,0,0.0,0.0,3607314.2331867656
2013-09-27,0.0,0,0.0,0.0,3607314.2331867656
2013-09-30,0.0,0,0.0,0.0,3607314.2331867656
2013-10-01,0.0,0,0.0,0.0,3607314.2331867656
2013-10-02,0.0,0,0.0,0.0,3607314.2331867656
2013-10-03,0.0,-1,0.0,0.0,3607314.2331867656
2013-10-04,28684.550416809878,-1,-0.0,28684.550416809878,3635998.7836035755
2013-10-07,29926.218078044876,-1,-0.0,29926.218078044876,3665925.0016816203
2013-10-08,19972.990073420657,-1,-0.0,19972.990073420657,3685897.991755041
2013-10-09,-30036.992541790933,-1,-0.0,-30036.992541790933,3655860.99921325
2013-10-10,-9969.71153433572,-1,-0.0,-9969.71153433572,3645891.287678914
2013-10-11,-10005.907693634617,-1,0.0,-10005.907693634617,3635885.3799852794
2013-10-14,-0.0,-1,0.0,0.0,3635885.3799852794
2013-10-15,-9901.179470562882,-1,-0.0,-9901.179470562882,3625984.2005147166
2013-10-16,19995.073315416364,-1,-0.0,19995.073315416364,3645979.273830133
2013-10-17,-3.181087141531869,-1,0.0,-3.181087141531869,3645976.0927429916
2013-10-18,9996.266159982872,-1,0.0,9996.266159982872,3655972.3589029745
2013-10-21,-37.10401481527515,-1,-0.0,-37.10401481527515,3655935.254888159
2013-10-22,-10107.818233861224,-1,0.0,-10107.818233861224,3645827.436654298
2013-10-23,19996.895537382316,-1,0.0,19996.895537382316,3665824.3321916806
2013-10-24,-49.66667946792222,-1,0.0,-49.66667946792222,3665774.6655122126
2013-10-25,-9989.181522079345,-1,-0.0,-9989.181522079345,3655785.4839901333
2013-10-28,-12.405242251435993,-1,-0.0,-12.405242251435993,3655773.078747882
2013-10-29,-29994.58969151903,-1,0.0,-29994.58969151903,3625778.4890563632
2013-10-30,15.08866123658845,-1,-0.0,15.08866123658845,3625793.5777176
2013-10-31,10000.00000000001,-1,-0.0,10000.00000000001,3635793.5777176
2013-11-01,132.2217851832247,-1,-0.0,132.2217851832247,3635925.799502783
2013-11-04,-20004.689585543827,-1,0.0,-20004.689585543827,3615921.1099172393
2013-11-05,-29917.950016292936,-1,-0.0,-29917.950016292936,3586003.1599009465
2013-11-06,-60002.958117451766,-1,0.0,-60002.958117451766,3526000.2017834946
2013-11-07,29885.79245691114,-1,0.0,29885.79245691114,3555885.9942404055
2013-11-08,-20003.957391049917,-1,-0.0,-20003.957391049917,3535882.036849356
2013-11-11,-7.551762150738342,-1,0.0,-7.551762150738342,3535874.485087205
2013-11-12,30000.000000000025,-1,-0.0,30000.000000000025,3565874.485087205
2013-11-13,-29992.237896083436,-1,0.0,-29992.237896083436,3535882.247191122
2013-11-14,-29969.976740125945,-1,0.0,-29969.976740125945,3505912.270450996
2013-11-15,9996.033045746914,-1,-0.0,9996.033045746914,3515908.3034967426
2013-11-18,9967.223040893121,-1,-0.0,9967.223040893121,3525875.526537636
2013-11-19,-136.70905985453282,-1,0.0,-136.70905985453282,3525738.8174777813
2013-11-20,-79893.72497737934,-1,0.0,-79893.72497737934,3445845.092500402
2013-11-21,-5.197694789733627,-1,-0.0,-5.197694789733627,3445839.8948056125
2013-11-22,40058.24873062894,-1,0.0,40058.24873062894,3485898.1435362413
2013-11-25,9997.36564184237,-1,-0.0,9997.36564184237,3495895.509178084
2013-11-26,36.70384035248935,-1,-0.0,36.70384035248935,3495932.2130184365
2013-11-27,9967.156754282269,-1,0.0,9967.156754282269,3505899.3697727188
2013-11-28,-0.0,-1,0.0,0.0,3505899.3697727188
2013-11-29,-34.06711261250348,-1,-0.0,-34.06711261250348,3505865.302660106
2013-12-02,19902.033649220895,-1,-0.0,19902.033649220895,3525767.3363093273
2013-12-03,-10000.202476713686,-1,-0.0,-10000.202476713686,3515767.1338326135
2013-12-04,-10040.525839371585,-1,0.0,-10040.525839371585,3505726.607993242
2013-12-05,19995.680688731252,-1,-0.0,19995.680688731252,3525722.2886819732
2013-12-06,39929.7835391237,-1,-0.0,39929.7835391237,3565652.072221097
2013-12-09,10016.18456744545,-1,-0.0,10016.18456744545,3575668.2567885425
2013-12-10,10175.97419932625,-1,-0.0,10175.97419932625,3585844.2309878687
2013-12-11,-2.6987607467752417,-1,-0.0,-2.6987607467752417,3585841.5322271218
2013-12-12,10141.017426445462,-1,-0.0,10141.017426445462,3595982.5496535674
2013-12-13,29994.705407485908,-1,-0.0,29994.705407485908,3625977.255061053
2013-12-16,-20073.231502871677,-1,-0.0,-20073.231502871677,3605904.0235581817
2013-12-17,-9975.6339550542,-1,0.0,-9975.6339550542,3595928.3896031277
2013-12-18,9951.058158803098,-1,0.0,9951.058158803098,3605879.447761931
2013-12-19,69987.81697752672,-1,-0.0,69987.81697752672,3675867.2647394575
2013-12-20,119935.36795327927,0,-0.0,119935.36795327927,3795802.6326927366
2013-12-23,-1327.6724140728952,0,-0.0,-1327.6724140728952,3794474.960278664
2013-12-24,0.0,0,0.0,0.0,3794474.960278664
2013-12-25,0.0,0,0.0,0.0,3794474.960278664
2013-12-26,0.0,0,0.0,0.0,3794474.960278664
2013-12-27,0.0,0,-0.0,0.0,3794474.960278664
2013-12-30,0.0,0,-0.0,0.0,3794474.960278664
2013-12-31,0.0,0,-0.0,0.0,3794474.960278664
2014-01-01,0.0,0,0.0,0.0,3794474.960278664
2014-01-02,0.0,0,0.0,0.0,3794474.960278664
2014-01-03,0.0,0,0.0,0.0,3794474.960278664
2014-01-06,0.0,0,-0.0,0.0,3794474.960278664
2014-01-07,0.0,0,0.0,0.0,3794474.960278664
2014-01-08,0.0,1,-0.0,0.0,3794474.960278664
2014-01-09,-1333.525841521649,1,-0.0,-1333.525841521649,3793141.434437142
2014-01-10,29863.976110148826,1,0.0,29863.976110148826,3823005.410547291
2014-01-13,9992.883385653116,1,0.0,9992.883385653116,3832998.293932944
2014-01-14,-19943.34734864288,1,0.0,-19943.34734864288,3813054.946584301
2014-01-15,-19991.91892103589,1,-0.0,-19991.91892103589,3793063.0276632654
2014-01-16,-19972.56973289069,1,0.0,-19972.56973289069,3773090.457930375
2014-01-17,-84.49241745151448,1,0.0,-84.49241745151448,3773005.9655129234
2014-01-20,-1.7173700804616792,1,0.0,-1.7173700804616792,3773004.248142843
2014-01-21,-39999.99999999981,1,-0.0,-39999.99999999981,3733004.248142843
2014-01-22,-39947.30935126463,1,-0.0,-39947.30935126463,3693056.9387915786
2014-01-23,29784.801586805188,1,0.0,29784.801586805188,3722841.740378384
2014-01-24,-2.9586476772450845,1,0.0,-2.9586476772450845,3722838.781730707
2014-01-27,116.28256553136089,1,0.0,116.28256553136089,3722955.064296238
2014-01-28,30017.743989393362,1,-0.0,30017.743989393362,3752972.8082856317
2014-01-29,10056.62633260413,1,0.0,10056.62633260413,3763029.434618236
2014-01-30,-4.8590477993411305,1,-0.0,-4.8590477993411305,3763024.5755704367
2014-01-31,20099.687425729804,1,0.0,20099.687425729804,3783124.2629961665
2014-02-03,-10033.888784484916,1,-0.0,-10033.888784484916,3773090.3742116815
2014-02-04,19995.37585514113,1,0.0,19995.37585514113,3793085.750066823
2014-02-05,29674.60024208056,1,0.0,29674.60024208056,3822760.3503089035
2014-02-06,-10005.424012190968,1,-0.0,-10005.424012190968,3812754.9262967124
2014-02-07,49973.021263662355,1,0.0,49973.021263662355,3862727.9475603746
2014-02-10,-19995.75630594162,1,0.0,-19995.75630594162,3842732.191254433
2014-02-11,-30032.400055676524,1,-0.0,-30032.400055676524,3812699.791198756
2014-02-12,-20056.967901621694,1,-0.0,-20056.967901621694,3792642.8232971346
2014-02-13,59995.418117260124,1,0.0,59995.418117260124,3852638.2414143947
2014-02-14,-30067.872128467676,1,-0.0,-30067.872128467676,3822570.369285927
2014-02-17,0.0,1,0.0,0.0,3822570.369285927
2014-02-18,20011.54562831976,1,0.0,20011.54562831976,3842581.914914247
2014-02-19,75.36993204144528,1,0.0,75.36993204144528,3842657.2848462886
2014-02-20,-20040.13155868449,1,-0.0,-20040.13155868449,3822617.153287604
2014-02-21,-29945.402631138935,1,-0.0,-29945.402631138935,3792671.750656465
2014-02-24,28.945670052677087,1,-0.0,28.945670052677087,3792700.696326518
2014-02-25,-77.10210794807062,1,0.0,-77.10210794807062,3792623.59421857
2014-02-26,-3.7382439897147766,1,0.0,-3.7382439897147766,3792619.85597458
2014-02-27,-20103.418339998214,1,-0.0,-20103.418339998214,3772516.437634582
2014-02-28,-30003.1668476055,1,-0.0,-30003.1668476055,3742513.2707869764
2014-03-03,9923.367098031682,1,0.0,9923.367098031682,3752436.637885008
2014-03-04,9997.461092445448,1,-0.0,9997.461092445448,3762434.0989774535
2014-03-05,-5.305490084729903,1,0.0,-5.305490084729903,3762428.7934873686
2014-03-06,10000.000000000011,1,0.0,10000.000000000011,3772428.7934873686
2014-03-07,-40132.51473432957,1,-0.0,-40132.51473432957,3732296.278753039
2014-03-10,19994.171646523242,1,0.0,19994.171646523242,3752290.4503995623
2014-03-11,-9957.708591864994,1,0.0,-9957.708591864994,3742332.7418076973
2014-03-12,-10074.418539466471,1,0.0,-10074.418539466471,3732258.323268231
2014-03-13,-3.7397105375214483,1,0.0,-3.7397105375214483,3732254.5835576933
2014-03-14,-30003.73045533262,1,0.0,-30003.73045533262,3702250.853102361
2014-03-17,10065.831976616322,1,-0.0,10065.831976616322,3712316.685078977
2014-03-18,10010.148657155984,1,0.0,10010.148657155984,3722326.8337361333
2014-03-19,-149945.33698630604,1,-0.0,-149945.33698630604,3572381.496749827
2014-03-20,29991.760035876243,1,-0.0,29991.760035876243,3602373.2567857034
2014-03-21,-59925.92815490025,1,-0.0,-59925.92815490025,3542447.328630803
2014-03-24,-70002.26653194269,1,-0.0,-70002.26653194269,3472445.0620988603
2014-03-25,20099.516601485622,1,-0.0,20099.516601485622,3492544.578700346
2014-03-26,19852.253695996573,1,0.0,19852.253695996573,3512396.8323963424
2014-03-27,-30002.8816445066,1,-0.0,-30002.8816445066,3482393.950751836
2014-03-28,-9887.742695837522,1,-0.0,-9887.742695837522,3472506.208055998
2014-03-31,19989.239657918923,1,0.0,19989.239657918923,3492495.447713917
2014-04-01,29958.363461337016,1,0.0,29958.363461337016,3522453.811175254
2014-04-02,-10002.823949411037,1,-0.0,-10002.823949411037,3512450.987225843
2014-04-03,-20003.39469706774,1,-0.0,-20003.39469706774,3492447.5925287753
2014-04-04,49909.930925283974,1,0.0,49909.930925283974,3542357.5234540594
2014-04-07,-4.580488363464614,1,-0.0,-4.580488363464614,3542352.942965696
2014-04-08,-10066.578062540311,1,0.0,-10066.578062540311,3532286.3649031557
2014-04-09,49997.17762750804,1,-0.0,49997.17762750804,3582283.542530664
2014-04-10,10218.506228858423,1,-0.0,10218.506228858423,3592502.0487595224
2014-04-11,-30078.172351867215,1,-0.0,-30078.172351867215,3562423.876407655
2014-04-14,-30004.561352533845,1,-0.0,-30004.561352533845,3532419.315055121
2014-04-15,-39983.83210700743,1,-0.0,-39983.83210700743,3492435.4829481137
2014-04-16,-49971.15626508375,1,-0.0,-49971.15626508375,3442464.32668303
2014-04-17,-9543.177343534437,1,-0.0,-9543.177343534437,3432921.1493394957
2014-04-18,0.0,1,0.0,0.0,3432921.1493394957
2014-04-21,9954.317143774388,1,0.0,9954.317143774388,3442875.4664832703
2014-04-22,-39814.43312415377,1,-0.0,-39814.43312415377,3403061.0333591164
2014-04-23,-70.27475542515094,1,-0.0,-70.27475542515094,3402990.758603691
2014-04-24,-19972.178152248976,1,-0.0,-19972.178152248976,3383018.580451442
2014-04-25,9888.963816876123,1,-0.0,9888.963816876123,3392907.544268318
2014-04-28,10112.796904192677,1,0.0,10112.796904192677,3403020.3411725108
2014-04-29,10065.329133148723,1,0.0,10065.329133148723,3413085.6703056595
2014-04-30,29809.938211973826,1,0.0,29809.938211973826,3442895.6085176333
2014-05-01,-30163.79788986699,1,-0.0,-30163.79788986699,3412731.8106277664
2014-05-02,-50004.60729375107,1,0.0,-50004.60729375107,3362727.2033340153
2014-05-05,30204.132489526404,1,0.0,30204.132489526404,3392931.3358235415
2014-05-06,-30000.000000000247,1,-0.0,-30000.000000000247,3362931.335823541
2014-05-07,50059.31478258825,1,0.0,50059.31478258825,3412990.6506061293
2014-05-08,70068.16305489346,1,0.0,70068.16305489346,3483058.8136610226
2014-05-09,19900.02396720588,1,0.0,19900.02396720588,3502958.8376282286
2014-05-12,-20002.862427542324,1,-0.0,-20002.862427542324,3482955.975200686
2014-05-13,10045.953564880525,1,0.0,10045.953564880525,3493001.9287655666
2014-05-14,-30186.86864102142,1,-0.0,-30186.86864102142,3462815.0601245454
2014-05-15,-20005.0469561143,1,0.0,-20005.0469561143,3442810.013168431
2014-05-16,45.085492319183686,1,-0.0,45.085492319183686,3442855.09866075
2014-05-19,50189.12706803047,1,0.0,50189.12706803047,3493044.2257287805
2014-05-20,20033.19155233349,1,0.0,20033.19155233349,3513077.417281114
2014-05-21,19928.163339142302,1,0.0,19928.163339142302,3533005.5806202563
2014-05-22,-10002.238843869967,1,-0.0,-10002.238843869967,3523003.3417763864
2014-05-23,-9973.212030548628,1,-0.0,-9973.212030548628,3513030.1297458378
2014-05-26,0.0,1,0.0,0.0,3513030.1297458378
2014-05-27,-40075.354579204766,1,-0.0,-40075.354579204766,3472954.775166633
2014-05-28,-20001.957427181358,1,0.0,-20001.957427181358,3452952.817739452
2014-05-29,-4.357845300151967,1,0.0,-4.357845300151967,3452948.4598941514
2014-05-30,-39.64923808876847,1,-0.0,-39.64923808876847,3452908.810656063
2014-06-02,-10187.012218528987,1,-0.0,-10187.012218528987,3442721.798437534
2014-06-03,-5.818526042850723,1,0.0,-5.818526042850723,3442715.9799114913
2014-06-04,19996.914542205952,1,0.0,19996.914542205952,3462712.8944536974
2014-06-05,10025.010357489069,1,0.0,10025.010357489069,3472737.9048111863
2014-06-06,-30016.16970057026,1,-0.0,-30016.16970057026,3442721.735110616
2014-06-09,-20004.436681669184,1,-0.0,-20004.436681669184,3422717.2984289466
2014-06-10,-28.486596791535703,1,-0.0,-28.486596791535703,3422688.811832155
2014-06-11,9983.855773826022,1,-0.0,9983.855773826022,3432672.667605981
2014-06-12,-19754.25468280248,1,0.0,-19754.25468280248,3412918.4129231786
2014-06-13,-39989.226573331216,1,-0.0,-39989.226573331216,3372929.1863498474
2014-06-16,-20011.646972134222,1,-0.0,-20011.646972134222,3352917.539377713
2014-06-17,-19752.376084725664,1,-0.0,-19752.376084725664,3333165.1632929873
2014-06-18,49819.014792566355,1,0.0,49819.014792566355,3382984.1780855535
2014-06-19,40000.00000000004,1,0.0,40000.00000000004,3422984.1780855535
2014-06-20,-29850.214996573617,1,0.0,-29850.214996573617,3393133.96308898
2014-06-23,3.627474503204212,1,-0.0,3.627474503204212,3393137.590563483
2014-06-24,-19937.62101181145,1,-0.0,-19937.62101181145,3373199.9695516718
2014-06-25,-10102.221778471838,1,0.0,-10102.221778471838,3363097.7477732
2014-06-26,9997.47737577167,1,0.0,9997.47737577167,3373095.2251489717
2014-06-27,10037.802761394089,1,0.0,10037.802761394089,3383133.0279103657
2014-06-30,-28.796875276279025,1,-0.0,-28.796875276279025,3383104.2310350896
2014-07-01,20237.997622594878,1,0.0,20237.997622594878,3403342.2286576843
2014-07-02,9822.5492546307,1,0.0,9822.5492546307,3413164.777912315
2014-07-03,-20003.531920424877,1,0.0,-20003.531920424877,3393161.2459918903
2014-07-04,0.0,1,0.0,0.0,3393161.2459918903
2014-07-07,-29962.51711209279,1,-0.0,-29962.51711209279,3363198.7288797977
2014-07-08,-20182.631572477323,1,0.0,-20182.631572477323,3343016.09730732
2014-07-09,9997.031931073607,1,-0.0,9997.031931073607,3353013.1292383936
2014-07-10,30023.350615543186,1,0.0,30023.350615543186,3383036.479853937
2014-07-11,-29989.222682108528,1,0.0,-29989.222682108528,3353047.2571718283
2014-07-14,-9939.521842236543,1,0.0,-9939.521842236543,3343107.7353295917
2014-07-15,-9985.594620835805,1,-0.0,-9985.594620835805,3333122.1407087557
2014-07-16,-30025.155091385604,1,-0.0,-30025.155091385604,3303096.98561737
2014-07-17,-20318.57214550637,0,0.0,-20318.57214550637,3282778.4134718636
2014-07-18,-1313.8426780802376,0,-0.0,-1313.8426780802376,3281464.5707937833
2014-07-21,-0.0,0,-0.0,-0.0,3281464.5707937833
2014-07-22,0.0,0,0.0,0.0,3281464.5707937833
2014-07-23,0.0,0,0.0,0.0,3281464.5707937833
2014-07-24,0.0,0,0.0,0.0,3281464.5707937833
2014-07-25,0.0,0,-0.0,0.0,3281464.5707937833
2014-07-28,0.0,0,0.0,0.0,3281464.5707937833
2014-07-29,0.0,0,-0.0,0.0,3281464.5707937833
2014-07-30,0.0,0,-0.0,0.0,3281464.5707937833
2014-07-31,0.0,0,-0.0,0.0,3281464.5707937833
2014-08-01,0.0,0,0.0,0.0,3281464.5707937833
2014-08-04,0.0,0,0.0,0.0,3281464.5707937833
2014-08-05,-0.0,0,0.0,0.0,3281464.5707937833
2014-08-06,-0.0,0,0.0,0.0,3281464.5707937833
2014-08-07,0.0,0,0.0,0.0,3281464.5707937833
2014-08-08,0.0,0,-0.0,0.0,3281464.5707937833
2014-08-11,0.0,0,0.0,0.0,3281464.5707937833
2014-08-12,0.0,0,0.0,0.0,3281464.5707937833
2014-08-13,0.0,0,0.0,0.0,3281464.5707937833
2014-08-14,0.0,0,-0.0,0.0,3281464.5707937833
2014-08-15,0.0,0,-0.0,0.0,3281464.5707937833
2014-08-18,0.0,0,0.0,0.0,3281464.5707937833
2014-08-19,0.0,0,0.0,0.0,3281464.5707937833
2014-08-20,0.0,0,-0.0,0.0,3281464.5707937833
2014-08-21,0.0,0,-0.0,0.0,3281464.5707937833
2014-08-22,-0.0,0,-0.0,-0.0,3281464.5707937833
2014-08-25,-0.0,0,-0.0,-0.0,3281464.5707937833
2014-08-26,0.0,0,0.0,0.0,3281464.5707937833
2014-08-27,0.0,0,-0.0,0.0,3281464.5707937833
2014-08-28,0.0,0,-0.0,0.0,3281464.5707937833
2014-08-29,0.0,0,-0.0,0.0,3281464.5707937833
2014-09-01,0.0,0,0.0,0.0,3281464.5707937833
2014-09-02,0.0,0,0.0,0.0,3281464.5707937833
2014-09-03,-0.0,0,-0.0,-0.0,3281464.5707937833
2014-09-04,0.0,0,0.0,0.0,3281464.5707937833
2014-09-05,0.0,0,0.0,0.0,3281464.5707937833
2014-09-08,0.0,0,-0.0,0.0,3281464.5707937833
2014-09-09,0.0,0,-0.0,0.0,3281464.5707937833
2014-09-10,0.0,0,0.0,0.0,3281464.5707937833
2014-09-11,0.0,0,-0.0,0.0,3281464.5707937833
2014-09-12,0.0,0,0.0,0.0,3281464.5707937833
2014-09-15,0.0,0,0.0,0.0,3281464.5707937833
2014-09-16,0.0,0,0.0,0.0,3281464.5707937833
2014-09-17,0.0,0,-0.0,0.0,3281464.5707937833
2014-09-18,-0.0,0,-0.0,-0.0,3281464.5707937833
2014-09-19,0.0,0,-0.0,0.0,3281464.5707937833
2014-09-22,0.0,0,0.0,0.0,3281464.5707937833
2014-09-23,0.0,0,-0.0,0.0,3281464.5707937833
2014-09-24,0.0,0,0.0,0.0,3281464.5707937833
2014-09-25,0.0,0,0.0,0.0,3281464.5707937833
2014-09-26,0.0,0,-0.0,0.0,3281464.5707937833
2014-09-29,0.0,0,0.0,0.0,3281464.5707937833
2014-09-30,0.0,0,0.0,0.0,3281464.5707937833
2014-10-01,0.0,0,0.0,0.0,3281464.5707937833
2014-10-02,0.0,0,0.0,0.0,3281464.5707937833
2014-10-03,-0.0,0,-0.0,-0.0,3281464.5707937833
2014-10-06,0.0,0,0.0,0.0,3281464.5707937833
2014-10-07,0.0,0,0.0,0.0,3281464.5707937833
2014-10-08,0.0,0,0.0,0.0,3281464.5707937833
2014-10-09,0.0,0,0.0,0.0,3281464.5707937833
2014-10-10,0.0,0,0.0,0.0,3281464.5707937833
2014-10-13,0.0,0,0.0,0.0,3281464.5707937833
2014-10-14,0.0,0,0.0,0.0,3281464.5707937833
2014-10-15,0.0,0,0.0,0.0,3281464.5707937833
2014-10-16,0.0,0,0.0,0.0,3281464.5707937833
2014-10-17,0.0,0,-0.0,0.0,3281464.5707937833
2014-10-20,0.0,0,0.0,0.0,3281464.5707937833
2014-10-21,0.0,0,-0.0,0.0,3281464.5707937833
2014-10-22,0.0,0,-0.0,0.0,3281464.5707937833
2014-10-23,0.0,0,0.0,0.0,3281464.5707937833
2014-10-24,0.0,0,0.0,0.0,3281464.5707937833
2014-10-27,0.0,0,0.0,0.0,3281464.5707937833
2014-10-28,0.0,0,-0.0,0.0,3281464.5707937833
2014-10-29,0.0,0,-0.0,0.0,3281464.5707937833
2014-10-30,0.0,0,0.0,0.0,3281464.5707937833
2014-10-31,0.0,0,0.0,0.0,3281464.5707937833
2014-11-03,0.0,0,0.0,0.0,3281464.5707937833
2014-11-04,-0.0,0,0.0,0.0,3281464.5707937833
2014-11-05,0.0,0,0.0,0.0,3281464.5707937833
2014-11-06,0.0,0,0.0,0.0,3281464.5707937833
2014-11-07,0.0,0,0.0,0.0,3281464.5707937833
2014-11-10,0.0,0,-0.0,0.0,3281464.5707937833
2014-11-11,0.0,0,0.0,0.0,3281464.5707937833
2014-11-12,0.0,0,0.0,0.0,3281464.5707937833
2014-11-13,0.0,0,0.0,0.0,3281464.5707937833
2014-11-14,0.0,0,9607.65193689212,9607.65193689212,3291072.2227306752
2014-11-17,0.0,0,10016.986225328206,10016.986225328206,3301089.2089560037
2014-11-18,0.0,0,29974.568595123917,29974.568595123917,3331063.7775511276
2014-11-19,0.0,0,-9983.056360665856,-9983.056360665856,3321080.721190462
2014-11-20,0.0,0,9957.720472349962,9957.720472349962,3331038.4416628117
2014-11-21,0.0,0,-29898.46554048965,-29898.46554048965,3301139.976122322
2014-11-24,0.0,0,10016.986225328206,10016.986225328206,3311156.9623476504
2014-11-25,0.0,0,-40067.9449013114,-40067.9449013114,3271089.017446339
2014-11-26,0.0,0,10076.77522454458,10076.77522454458,3281165.7926708837
2014-11-27,0.0,0,-3.6519812826472804,-3.6519812826472804,3281162.140689601
2014-11-28,0.0,0,50000.000000000284,50000.000000000284,3331162.1406896017
2014-12-01,0.0,0,20017.051692238423,20017.051692238423,3351179.19238184
2014-12-02,0.0,0,1.1320402434500206e-09,1.1320402434500206e-09,3351179.192381841
2014-12-03,-0.0,0,-20003.651981284354,-20003.651981284354,3331175.5404005568
2014-12-04,0.0,0,10008.487781451588,10008.487781451588,3341184.0281820083
2014-12-05,0.0,0,-50170.07582118258,-50170.07582118258,3291013.9523608256
2014-12-08,0.0,0,8.548251469955394e-10,8.548251469955394e-10,3291013.9523608265
2014-12-09,0.0,0,30204.60508579773,30204.60508579773,3321218.557446624
2014-12-10,0.0,0,20153.550449089737,20153.550449089737,3341372.1078957138
2014-12-11,0.0,0,-3.6519812826472804,-3.6519812826472804,3341368.4559144313
2014-12-12,0.0,0,49957.42438190057,49957.42438190057,3391325.880296332
2014-12-15,-0.0,0,-20051.2195403901,-20051.2195403901,3371274.6607559416
2014-12-16,0.0,0,40102.43908078105,40102.43908078105,3411377.0998367225
2014-12-17,0.0,0,0.0,0.0,3411377.0998367225
2014-12-18,0.0,0,-39897.94692984148,-39897.94692984148,3371479.152906881
2014-12-19,0.0,0,5.650587360231477e-10,5.650587360231477e-10,3371479.1529068816
2014-12-22,-0.0,0,-29948.94137762567,-29948.94137762567,3341530.211529256
2014-12-23,0.0,0,0.0,0.0,3341530.211529256
2014-12-24,-0.0,0,-29796.533688217565,-29796.533688217565,3311733.6778410384
2014-12-25,0.0,0,0.0,0.0,3311733.6778410384
2014-12-26,0.0,0,8.483086902723023e-10,8.483086902723023e-10,3311733.6778410394
2014-12-29,0.0,0,-9966.003680138063,-9966.003680138063,3301767.6741609015
2014-12-30,0.0,0,5.684341886080801e-10,5.684341886080801e-10,3301767.674160902
2014-12-31,0.0,0,20034.12486163167,20034.12486163167,3321801.7990225335
2015-01-01,0.0,0,0.0,0.0,3321801.7990225335
2015-01-02,0.0,0,0.0,0.0,3321801.7990225335
2015-01-05,0.0,0,10068.508352869856,10068.508352869856,3331870.307375403
2015-01-06,0.0,0,-4.951176798967315,-4.951176798967315,3331865.356198604
2015-01-07,0.0,0,10060.27394774146,10060.27394774146,3341925.6301463456
2015-01-08,0.0,0,10060.273947742602,10060.273947742602,3351985.9040940884
2015-01-09,0.0,0,9991.432873749964,9991.432873749964,3361977.3369678385
2015-01-12,0.0,0,-5.698988391453635e-10,-5.698988391453635e-10,3361977.336967838
2015-01-13,0.0,0,-2.9546770931761714,-2.9546770931761714,3361974.3822907447
2015-01-14,0.0,0,30025.827982116138,30025.827982116138,3392000.2102728607
2015-01-15,0.0,0,70181.02501911038,70181.02501911038,3462181.235291971
2015-01-16,0.0,0,-30129.46758840498,-30129.46758840498,3432051.767703566
2015-01-19,0.0,0,0.0,0.0,3432051.767703566
2015-01-20,-0.0,0,-10017.229560904228,-10017.229560904228,3422034.5381426616
2015-01-21,0.0,0,-20069.005624312485,-20069.005624312485,3401965.532518349
2015-01-22,0.0,0,5.689235722099938e-10,5.689235722099938e-10,3401965.5325183496
2015-01-23,0.0,0,9982.813998188283,9982.813998188283,3411948.346516538
2015-01-26,0.0,0,-20103.63977090843,-20103.63977090843,3391844.7067456297
2015-01-27,0.0,0,10051.819885454215,10051.819885454215,3401896.526631084
2015-01-28,0.0,0,5.708873153936144e-10,5.708873153936144e-10,3401896.5266310843
2015-01-29,0.0,0,-10004.897601499053,-10004.897601499053,3391891.629029585
2015-01-30,0.0,0,29922.2415196289,29922.2415196289,3421813.870549214
2015-02-02,0.0,0,0.0,0.0,3421813.870549214
2015-02-03,0.0,0,0.0,0.0,3421813.870549214
2015-02-04,0.0,0,-9931.100045461308,-9931.100045461308,3411882.770503753
2015-02-05,0.0,0,-2.9345235465977355,-2.9345235465977355,3411879.8359802063
2015-02-06,0.0,0,-49913.861004797734,-49913.861004797734,3361965.9749754085
2015-02-09,0.0,0,-20002.94663063098,-20002.94663063098,3341963.0283447774
2015-02-10,0.0,0,0.0,0.0,3341963.0283447774
2015-02-11,-0.0,0,0.0,0.0,3341963.0283447774
2015-02-12,0.0,0,9974.268566813787,9974.268566813787,3351937.296911591
2015-02-13,0.0,0,9974.268566814355,9974.268566814355,3361911.5654784054
2015-02-16,0.0,0,0.0,0.0,3361911.5654784054
2015-02-17,0.0,0,-19880.22278335751,-19880.22278335751,3342031.342695048
2015-02-18,0.0,0,-5.598731448423071,-5.598731448423071,3342025.7439635997
2015-02-19,0.0,0,0.0,0.0,3342025.7439635997
2015-02-20,0.0,0,-30076.954414617965,-30076.954414617965,3311948.789548982
2015-02-23,0.0,0,-20068.44707581487,-20068.44707581487,3291880.342473167
2015-02-24,0.0,0,9995.714756658706,9995.714756658706,3301876.0572298258
2015-02-25,-0.0,0,0.0,0.0,3301876.0572298258
2015-02-26,0.0,0,-50002.95199716807,-50002.95199716807,3251873.105232658
2015-02-27,0.0,0,19965.600147627836,19965.600147627836,3271838.7053802856
2015-03-02,0.0,0,19982.78918641182,19982.78918641182,3291821.4945666976
2015-03-03,0.0,0,-20003.609633473603,-20003.609633473603,3271817.884933224
2015-03-04,0.0,0,0.0,0.0,3271817.884933224
2015-03-05,0.0,0,9982.876558065169,9982.876558065169,3281800.761491289
2015-03-06,0.0,0,-19965.75311612977,-19965.75311612977,3261835.008375159
2015-03-09,0.0,0,9995.710903529523,9995.710903529523,3271830.7192786885
2015-03-10,0.0,0,-10025.630614678372,-10025.630614678372,3261805.08866401
2015-03-11,0.0,0,-3.301528097072197,-3.301528097072197,3261801.787135913
2015-03-12,0.0,0,10025.735022411201,10025.735022411201,3271827.5221583243
2015-03-13,0.0,0,10025.73502241234,10025.73502241234,3281853.2571807364
2015-03-16,0.0,0,9991.443292627391,9991.443292627391,3291844.700473364
2015-03-17,0.0,0,10008.567513260175,10008.567513260175,3301853.267986624
2015-03-18,0.0,0,60206.010305125536,60206.010305125536,3362059.27829175
2015-03-19,0.0,0,-50003.61454359231,-50003.61454359231,3312055.6637481577
2015-03-20,0.0,0,10000.0,10000.0,3322055.6637481577
2015-03-23,0.0,0,30103.466428826865,30103.466428826865,3352159.1301769847
2015-03-24,0.0,0,-10017.22257369992,-10017.22257369992,3342141.907603285
2015-03-25,0.0,0,0.0,0.0,3342141.907603285
2015-03-26,0.0,0,20034.44514739984,20034.44514739984,3362176.3527506846
2015-03-27,0.0,0,-19863.087421627875,-19863.087421627875,3342313.265329057
2015-03-30,0.0,0,19999.999999999432,19999.999999999432,3362313.2653290564
2015-03-31,0.0,0,5.669703409306784e-10,5.669703409306784e-10,3362313.265329057
2015-04-01,0.0,0,-5.67945622008014e-10,-5.67945622008014e-10,3362313.2653290564
2015-04-02,0.0,0,0.0,0.0,3362313.2653290564
2015-04-03,0.0,0,30025.817511843343,30025.817511843343,3392339.0828409
2015-04-06,0.0,0,5.708863194511453e-10,5.708863194511453e-10,3392339.0828409004
2015-04-07,-0.0,0,-19965.64191471517,-19965.64191471517,3372373.4409261853
2015-04-08,0.0,0,-50129.25112832397,-50129.25112832397,3322244.1897978615
2015-04-09,0.0,0,20086.276683993477,20086.276683993477,3342330.466481855
2015-04-10,-0.0,0,0.0,0.0,3342330.466481855
2015-04-13,0.0,0,9991.405045477117,9991.405045477117,3352321.8715273323
2015-04-14,0.0,0,0.0,0.0,3352321.8715273323
2015-04-15,0.0,0,-8.555919756880633e-10,-8.555919756880633e-10,3352321.8715273314
2015-04-16,0.0,0,10025.85022566491,10025.85022566491,3362347.7217529966
2015-04-17,-0.0,0,-20051.70045132925,-20051.70045132925,3342296.021301667
2015-04-20,0.0,0,20138.305589699918,20138.305589699918,3362434.3268913673
2015-04-21,0.0,0,-10025.85022566491,-10025.85022566491,3352408.476665702
2015-04-22,0.0,0,-10017.222573701061,-10017.222573701061,3342391.254092001
2015-04-23,0.0,0,9965.68531506065,9965.68531506065,3352356.9394070613
2015-04-24,0.0,0,19965.641914716303,19965.641914716303,3372322.581321778
2015-04-27,-0.0,0,-19982.810090952815,-19982.810090952815,3352339.7712308248
2015-04-28,0.0,0,9999.999999998863,9999.999999998863,3362339.771230824
2015-04-29,0.0,0,29820.188827174374,29820.188827174374,3392159.960057998
2015-04-30,-0.0,0,19994.73654286209,19994.73654286209,3412154.69660086
2015-05-01,0.0,0,9991.46063706676,9991.46063706676,3422146.157237927
2015-05-04,0.0,0,-1.1281749222119087e-09,-1.1281749222119087e-09,3422146.157237926
2015-05-05,0.0,0,9995.695523848028,9995.695523848028,3432141.852761774
2015-05-06,0.0,0,19932.172756058357,19932.172756058357,3452074.025517832
2015-05-07,0.0,0,-3.9954476756211825,-3.9954476756211825,3452070.0300701563
2015-05-08,0.0,0,10059.468820775899,10059.468820775899,3462129.498890932
2015-05-11,0.0,0,10068.00707806345,10068.00707806345,3472197.505968996
2015-05-12,0.0,0,-9957.840540162966,-9957.840540162966,3462239.665428833
2015-05-13,0.0,0,59797.50798107698,59797.50798107698,3522037.17340991
2015-05-14,0.0,0,29772.907255299517,29772.907255299517,3551810.0806652093
2015-05-15,0.0,0,-19865.342448876618,-19865.342448876618,3531944.7382163326
2015-05-18,0.0,0,10025.422729786798,10025.422729786798,3541970.1609461196
2015-05-19,0.0,0,-19882.101005932593,-19882.101005932593,3522088.059940187
2015-05-20,0.0,0,19848.60483686672,19848.60483686672,3541936.6647770535
2015-05-21,0.0,0,19996.65434731597,19996.65434731597,3561933.3191243694
2015-05-22,0.0,0,-10042.251620751415,-10042.251620751415,3551891.067503618
2015-05-25,0.0,0,0.0,0.0,3551891.067503618
2015-05-26,0.0,0,-10033.780142443191,-10033.780142443191,3541857.287361175
2015-05-27,0.0,0,-20004.013028041583,-20004.013028041583,3521853.2743331334
2015-05-28,0.0,0,40067.806678002446,40067.806678002446,3561921.0810111356
2015-05-29,0.0,0,-29974.620273913235,-29974.620273913235,3531946.4607372223
2015-06-01,0.0,0,30076.33038621827,30076.33038621827,3562022.7911234405
2015-06-02,0.0,0,-1.130161150214216e-09,-1.130161150214216e-09,3562022.7911234396
2015-06-03,0.0,0,-30005.01956963795,-30005.01956963795,3532017.771553802
2015-06-04,0.0,0,0.0,0.0,3532017.771553802
2015-06-05,0.0,0,-29974.774842200117,-29974.774842200117,3502042.9967116015
2015-06-08,0.0,0,9933.025863001367,9933.025863001367,3511976.022574603
2015-06-09,0.0,0,29824.083360741304,29824.083360741304,3541800.1059353445
2015-06-10,0.0,0,-30004.376798426285,-30004.376798426285,3511795.729136918
2015-06-11,0.0,0,9958.28428219317,9958.28428219317,3521754.0134191113
2015-06-12,-0.0,0,-10041.976242878516,-10041.976242878516,3511712.037176233
2015-06-15,0.0,0,30151.20877614691,30151.20877614691,3541863.24595238
2015-06-16,0.0,0,10050.402925382303,10050.402925382303,3551913.6488777623
2015-06-17,0.0,0,20151.492244111196,20151.492244111196,3572065.1411218736
2015-06-18,0.0,0,60353.04073378276,60353.04073378276,3632418.181855656
2015-06-19,0.0,0,0.0,0.0,3632418.181855656
2015-06-22,0.0,0,-10058.840122297697,-10058.840122297697,3622359.3417333583
2015-06-23,0.0,0,9974.939430150698,9974.939430150698,3632334.281163509
2015-06-24,0.0,0,-9925.097988869125,-9925.097988869125,3622409.18317464
2015-06-25,0.0,0,-9966.60667659332,-9966.60667659332,3612442.5764980465
2015-06-26,0.0,0,9958.28428219317,9958.28428219317,3622400.8607802396
2015-06-29,0.0,0,29994.919465456565,29994.919465456565,3652395.780245696
2015-06-30,0.0,0,-10004.40500641041,-10004.40500641041,3642391.3752392856
2015-07-01,0.0,0,0.0,0.0,3642391.3752392856
2015-07-02,0.0,0,29775.476774868417,29775.476774868417,3672166.852014154
2015-07-03,0.0,0,0.0,0.0,3672166.852014154
2015-07-06,0.0,0,-19850.317849911902,-19850.317849911902,3652316.5341642424
2015-07-07,0.0,0,5.6986287993141e-10,5.6986287993141e-10,3652316.534164243
2015-07-08,0.0,0,30151.085078209093,30151.085078209093,3682467.619242452
2015-07-09,0.0,0,10067.232763087512,10067.232763087512,3692534.8520055395
2015-07-10,0.0,0,19949.91972643034,19949.91972643034,3712484.77173197
2015-07-13,0.0,0,-20005.08485913012,-20005.08485913012,3692479.68687284
2015-07-14,0.0,0,29999.999999999432,29999.999999999432,3722479.6868728395
2015-07-15,0.0,0,-5.684341886080801e-10,-5.684341886080801e-10,3722479.686872839
2015-07-16,-0.0,0,-30125.055454695615,-30125.055454695615,3692354.6314181434
2015-07-17,-0.0,0,-10066.82071523262,-10066.82071523262,3682287.8107029106
2015-07-20,0.0,0,-10003.732068312089,-10003.732068312089,3672284.0786345988
2015-07-21,0.0,0,9975.000691337696,9975.000691337696,3682259.0793259363
2015-07-22,-0.0,0,-19983.313074614576,-19983.313074614576,3662275.766251322
2015-07-23,0.0,0,5.69860545278966e-10,5.69860545278966e-10,3662275.7662513223
2015-07-24,0.0,0,20134.245387692277,20134.245387692277,3682410.011639015
2015-07-27,0.0,0,30176.087264221962,30176.087264221962,3712586.098903237
2015-07-28,0.0,0,10067.122693846424,10067.122693846424,3722653.2215970834
2015-07-29,0.0,0,-10033.477808713047,-10033.477808713047,3712619.7437883704
2015-07-30,-0.0,0,-20033.436163714276,-20033.436163714276,3692586.3076246562
2015-07-31,0.0,0,60251.239966507695,60251.239966507695,3752837.547591164
2015-08-03,0.0,0,-20117.391509480356,-20117.391509480356,3732720.1560816835
2015-08-04,0.0,0,-40004.38810509976,-40004.38810509976,3692715.767976584
2015-08-05,0.0,0,19949.7356298662,19949.7356298662,3712665.5036064503
2015-08-06,0.0,0,19996.6267047314,19996.6267047314,3732662.130311182
2015-08-07,0.0,0,-10025.123530850984,-10025.123530850984,3722637.0067803306
2015-08-10,0.0,0,20151.306172355013,20151.306172355013,3742788.3129526856
2015-08-11,0.0,0,10008.364089009372,10008.364089009372,3752796.677041695
2015-08-12,0.0,0,30226.959258531664,30226.959258531664,3783023.6363002267
2015-08-13,0.0,0,10058.76790471419,10058.76790471419,3793082.404204941
2015-08-14,-0.0,0,-10008.364089009372,-10008.364089009372,3783074.0401159315
2015-08-17,0.0,0,0.0,0.0,3783074.0401159315
2015-08-18,0.0,0,40167.69904498811,40167.69904498811,3823241.7391609196
2015-08-19,0.0,0,49874.85037499884,49874.85037499884,3873116.5895359186
2015-08-20,-0.0,0,-19999.999999999432,-19999.999999999432,3853116.589535919
2015-08-21,0.0,0,60251.548567482736,60251.548567482736,3913368.1381034018
2015-08-24,0.0,0,40100.494123399374,40100.494123399374,3953468.632226801
2015-08-25,0.0,0,30075.37059254896,30075.37059254896,3983544.00281935
2015-08-26,0.0,0,29996.272685400083,29996.272685400083,4013540.27550475
2015-08-27,-0.0,0,-49627.6187484459,-49627.6187484459,3963912.656756304
2015-08-28,-0.0,0,-19933.59368315933,-19933.59368315933,3943979.0630731448
2015-08-31,0.0,0,19950.164390218484,19950.164390218484,3963929.227463363
2015-09-01,0.0,0,29826.006936022437,29826.006936022437,3993755.2343993858
2015-09-02,0.0,0,-9950.256915226279,-9950.256915226279,3983804.9774841596
2015-09-03,0.0,0,-5.646687627938825e-10,-5.646687627938825e-10,3983804.977484159
2015-09-04,0.0,0,-19900.513830451426,-19900.513830451426,3963904.463653708
2015-09-07,0.0,0,0.0,0.0,3963904.463653708
2015-09-08,0.0,0,10008.32656734775,10008.32656734775,3973912.7902210555
2015-09-09,-0.0,0,-59652.01387204657,-59652.01387204657,3914260.776349009
2015-09-10,0.0,0,19966.755658356455,19966.755658356455,3934227.5320073655
2015-09-11,0.0,0,-9950.256915226279,-9950.256915226279,3924277.2750921394
2015-09-14,0.0,0,19966.755658356455,19966.755658356455,3944244.030750496
2015-09-15,0.0,0,29950.133487535815,29950.133487535815,3974194.1642380315
2015-09-16,0.0,0,-10005.110721291427,-10005.110721291427,3964189.05351674
2015-09-17,0.0,0,29975.203846607892,29975.203846607892,3994164.257363348
2015-09-18,0.0,0,-30124.44183937372,-30124.44183937372,3964039.815523974
2015-09-21,0.0,0,39994.54971166533,39994.54971166533,4004034.3652356393
2015-09-22,0.0,0,-40003.74313422722,-40003.74313422722,3964030.622101412
2015-09-23,0.0,0,-3.4035671862469536,-3.4035671862469536,3964027.218534226
2015-09-24,0.0,0,9983.377829178795,9983.377829178795,3974010.5963634048
2015-09-25,0.0,0,30000.000000000568,30000.000000000568,4004010.596363405
2015-09-28,0.0,0,19884.004624014204,19884.004624014204,4023894.6009874195
2015-09-29,0.0,0,49916.889145891706,49916.889145891706,4073811.490133311
2015-09-30,0.0,0,29950.133487534116,29950.133487534116,4103761.6236208454
2015-10-01,-0.0,0,19900.51383045369,19900.51383045369,4123662.137451299
2015-10-02,0.0,0,29826.006936022437,29826.006936022437,4153488.1443873215
2015-10-05,0.0,-1,-9966.796841579384,-9966.796841579384,4143521.347545742
2015-10-06,8711.818802542435,-1,-10003.744712081807,-1291.9259095393718,4142229.421636203
2015-10-07,19982.20454928551,-1,-50124.491720291095,-30142.287171005584,4112087.134465197
2015-10-08,-40106.81376739753,-1,10041.548705935607,-30065.26506146192,4082021.8694037353
2015-10-09,29996.647901941018,-1,-20000.0,9996.647901941018,4092018.5173056764
2015-10-12,-0.0,-1,0.0,0.0,4092018.5173056764
2015-10-13,142.59381308953016,-1,20033.177236238695,20175.771049328225,4112194.2883550045
2015-10-14,-20003.39555833899,-1,30149.668117335244,10146.272558996254,4122340.560914001
2015-10-15,19996.420243874247,-1,-20003.40500125705,-6.984757382804673,4122333.576156618
2015-10-16,19972.966463520996,-1,-9975.092368746908,9997.874094774088,4132331.450251392
2015-10-19,-29903.447440674958,-1,19966.769236621487,-9936.67820405347,4122394.7720473385
2015-10-20,19996.700804165564,-1,-9966.81039303188,10029.890411133685,4132424.6624584724
2015-10-21,19847.001122604215,-1,-9942.025956882293,9904.975165721922,4142329.6376241944
2015-10-22,-9994.594137283777,-1,-19966.769236621487,-29961.363373905264,4112368.274250289
2015-10-23,39903.30248375883,-1,-29999.999999999432,9903.302483759398,4122271.5767340483
2015-10-26,10004.418929004612,-1,-9983.384618311311,21.03431069330145,4122292.6110447417
2015-10-27,-19925.461247410327,-1,30024.96948808774,10099.508240677413,4132392.119285419
2015-10-28,79888.1119075267,-1,-50000.0,29888.111907526705,4162280.231192946
2015-10-29,-30427.546890595964,-1,10000.000000000568,-20427.546890595397,4141852.6843023505
2015-10-30,19992.670763846523,-1,-20003.405001258754,-10.734237412230868,4141841.950064938
2015-11-02,29935.96835330654,-1,-10041.548705934465,19894.419647372073,4161736.36971231
2015-11-03,-30086.04811912445,-1,10016.588618119347,-20069.459501005105,4141666.9102113047
2015-11-04,49997.00783468109,-1,-29950.357176587822,20046.65065809327,4161713.560869398
2015-11-05,-13.466251840009136,-1,19983.442154797012,19969.975902957005,4181683.536772355
2015-11-06,-26.517686235849396,-1,-9966.945673423474,-9993.463359659323,4171690.0734126954
2015-11-09,-10006.891968289585,-1,-20003.762018803143,-30010.65398709273,4141679.4194256025
2015-11-10,-10060.354856510618,-1,30000.0,19939.645143489382,4161619.064569092
2015-11-11,-0.0,-1,0.0,0.0,4161619.064569092
2015-11-12,19989.91856874758,-1,10008.251913356844,29998.170482104426,4191617.2350511965
2015-11-13,-30000.000000000247,-1,10000.000000000568,-19999.99999999968,4171617.235051197
2015-11-16,-20054.62967628691,-1,40099.14535135121,20044.5156750643,4191661.750726261
2015-11-17,30076.854658039803,-1,-9999.999999999432,20076.85465804037,4211738.605384301
2015-11-18,29996.387059648194,-1,-20049.57267567589,9946.814383972305,4221685.419768274
2015-11-19,30008.0758775482,-1,-10024.786337838514,19983.289539709687,4241668.7093079835
2015-11-20,-1.8710889297755435,-1,0.0,-1.8710889297755435,4241666.838219054
2015-11-23,19948.68176900131,0,-10041.361660041068,9907.32010896024,4251574.158328014
2015-11-24,-1300.7138947050937,0,10057.978001155358,8757.264106450264,4260331.422434465
2015-11-25,0.0,0,10057.9780011565,10057.9780011565,4270389.400435622
2015-11-26,0.0,0,0.0,0.0,4270389.400435622
2015-11-27,0.0,0,10057.978001155358,10057.978001155358,4280447.378436777
2015-11-30,-0.0,0,-20115.956002311857,-20115.956002311857,4260331.422434465
2015-12-01,0.0,0,10082.979689368562,10082.979689368562,4270414.402123834
2015-12-02,0.0,0,-40005.12573951314,-40005.12573951314,4230409.276384321
2015-12-03,0.0,0,10008.302757291865,10008.302757291865,4240417.579141613
2015-12-04,0.0,0,-30005.125739512,-30005.125739512,4210412.453402101
2015-12-07,0.0,0,0.0,0.0,4210412.453402101
2015-12-08,0.0,0,39995.55583450511,39995.55583450511,4250408.009236606
2015-12-09,0.0,0,-9958.673865471701,-9958.673865471701,4240449.335371134
2015-12-10,0.0,0,9983.438854531862,9983.438854531862,4250432.774225666
2015-12-11,0.0,0,49793.3693273619,49793.3693273619,4300226.143553028
2015-12-14,0.0,0,-10008.295964080751,-10008.295964080751,4290217.847588947
2015-12-15,0.0,0,-19868.001177158447,-19868.001177158447,4270349.846411789
2015-12-16,0.0,0,-3.7588789213173572,-3.7588789213173572,4270346.087532868
2015-12-17,0.0,0,0.0,0.0,4270346.087532868
2015-12-18,0.0,0,40132.38407947197,40132.38407947197,4310478.47161234
2015-12-21,0.0,0,20082.791238804148,20082.791238804148,4330561.262851144
2015-12-22,0.0,0,-10016.527564563537,-10016.527564563537,4320544.73528658
2015-12-23,0.0,0,0.0,0.0,4320544.73528658
2015-12-24,0.0,0,-39868.26824132578,-39868.26824132578,4280676.467045255
2015-12-25,0.0,0,0.0,0.0,4280676.467045255
2015-12-28,-0.0,0,-10016.527564564107,-10016.527564564107,4270659.939480691
2015-12-29,0.0,0,10033.096019867851,10033.096019867851,4280693.035500559
2015-12-30,0.0,0,9958.859193874207,9958.859193874207,4290651.894694434
2015-12-31,0.0,0,0.0,0.0,4290651.894694434
2016-01-01,0.0,0,0.0,0.0,4290651.894694434
2016-01-04,0.0,0,9991.751513983208,9991.751513983208,4300643.646208417
2016-01-05,0.0,0,10008.258678498261,10008.258678498261,4310651.904886915
2016-01-06,0.0,0,9991.751513983208,9991.751513983208,4320643.6564008985
2016-01-07,0.0,0,20082.79123880529,20082.79123880529,4340726.447639704
2016-01-08,0.0,0,30124.186858208504,30124.186858208504,4370850.634497913
2016-01-11,0.0,0,-10041.395619403216,-10041.395619403216,4360809.238878509
2016-01-12,0.0,0,-10016.527564564107,-10016.527564564107,4350792.711313945
2016-01-13,0.0,0,-10066.35608784485,-10066.35608784485,4340726.3552261
2016-01-14,0.0,0,79995.55954706157,79995.55954706157,4420721.914773162
2016-01-15,0.0,0,19996.58640866147,19996.58640866147,4440718.501181824
2016-01-18,0.0,0,0.0,0.0,4440718.501181824
2016-01-19,0.0,0,-30124.33979793444,-30124.33979793444,4410594.16138389
2016-01-20,0.0,0,50207.23299655702,50207.23299655702,4460801.3943804465
2016-01-21,0.0,0,50207.23299655588,50207.23299655588,4511008.6273770025
2016-01-22,0.0,0,-29975.224134446005,-29975.224134446005,4481033.403242556
2016-01-25,0.0,0,19950.509423039537,19950.509423039537,4500983.912665596
2016-01-26,0.0,0,19983.482756297715,19983.482756297715,4520967.395421894
2016-01-27,0.0,0,5.679647403069826e-10,5.679647403069826e-10,4520967.395421895
2016-01-28,0.0,0,19966.985907360246,19966.985907360246,4540934.381329255
2016-01-29,0.0,0,-5.674958716599646e-10,-5.674958716599646e-10,4540934.381329254
2016-02-01,0.0,0,10033.136763572076,10033.136763572076,4550967.518092826
2016-02-02,0.0,0,0.0,0.0,4550967.518092826
2016-02-03,0.0,0,29996.58640866147,29996.58640866147,4580964.104501488
2016-02-04,0.0,0,9966.89161242164,9966.89161242164,4590930.996113909
2016-02-05,-0.0,0,-9966.89161242277,-9966.89161242277,4580964.104501487
2016-02-08,0.0,0,9983.425308302312,9983.425308302312,4590947.529809789
2016-02-09,0.0,0,10066.711164672079,10066.711164672079,4601014.240974461
2016-02-10,-0.0,0,20133.422329343586,20133.422329343586,4621147.663303805
2016-02-11,0.0,0,70525.67695574561,70525.67695574561,4691673.34025955
2016-02-12,0.0,0,-30003.39926088365,-30003.39926088365,4661669.940998667
2016-02-15,0.0,0,0.0,0.0,4661669.940998667
2016-02-16,0.0,0,-9933.676889780327,-9933.676889780327,4651736.264108887
2016-02-17,0.0,0,29996.260023725907,29996.260023725907,4681732.524132613
2016-02-18,0.0,0,5.656158369665244e-10,5.656158369665244e-10,4681732.524132614
2016-02-19,-0.0,0,-59999.99999999943,-59999.99999999943,4621732.524132615
2016-02-22,0.0,0,10041.599832476048,10041.599832476048,4631774.123965091
2016-02-23,0.0,0,10024.928959406338,10024.928959406338,4641799.052924497
2016-02-24,0.0,0,-20083.19966495381,-20083.19966495381,4621715.853259543
2016-02-25,0.0,0,0.0,0.0,4621715.853259543
2016-02-26,0.0,0,-3.40069699660558,-3.40069699660558,4621712.452562546
2016-02-29,0.0,0,-9958.487892285173,-9958.487892285173,4611753.964670261
2016-03-01,0.0,0,-9983.364244524448,-9983.364244524448,4601770.600425737
2016-03-02,-0.0,0,-40003.40069699774,-40003.40069699774,4561767.199728739
2016-03-03,0.0,0,-30074.786878219013,-30074.786878219013,4531692.412850521
2016-03-04,0.0,0,-40233.248407795894,-40233.248407795894,4491459.164442725
2016-03-07,0.0,0,-40199.803139940115,-40199.803139940115,4451259.361302785
2016-03-08,0.0,0,-10058.312101948402,-10058.312101948402,4441201.049200837
2016-03-09,0.0,0,-20005.434211531585,-20005.434211531585,4421195.614989305
2016-03-10,0.0,0,-59750.317092900295,-59750.317092900295,4361445.297896405
2016-03-11,0.0,0,-39933.29375819533,-39933.29375819533,4321512.00413821
2016-03-14,-0.0,0,-39900.00276535475,-39900.00276535475,4281612.001372855
2016-03-15,-0.0,0,-30050.154245571415,-30050.154245571415,4251561.847127284
2016-03-16,0.0,0,30125.619983253848,30125.619983253848,4281687.467110538
2016-03-17,0.0,0,-20083.746655502946,-20083.746655502946,4261603.720455035
2016-03-18,0.0,0,-30003.37763799343,-30003.37763799343,4231600.342817041
2016-03-21,0.0,0,-20100.97093527358,-20100.97093527358,4211499.371881767
2016-03-22,0.0,0,-50168.07489039578,-50168.07489039578,4161331.2969913715
2016-03-23,0.0,0,-30176.809552066945,-30176.809552066945,4131154.4874393046
2016-03-24,0.0,0,-402.06098443772737,-402.06098443772737,4130752.426454867
2016-03-25,0.0,0,0.0,0.0,4130752.426454867
2016-03-28,0.0,0,-0.0,0.0,4130752.426454867
2016-03-29,0.0,0,0.0,0.0,4130752.426454867
2016-03-30,0.0,0,0.0,0.0,4130752.426454867
2016-03-31,0.0,0,0.0,0.0,4130752.426454867
2016-04-01,0.0,0,-0.0,0.0,4130752.426454867
2016-04-04,0.0,0,0.0,0.0,4130752.426454867
2016-04-05,0.0,0,-0.0,0.0,4130752.426454867
2016-04-06,0.0,0,0.0,0.0,4130752.426454867
2016-04-07,0.0,0,-0.0,0.0,4130752.426454867
2016-04-08,0.0,0,0.0,0.0,4130752.426454867
2016-04-11,0.0,0,-0.0,0.0,4130752.426454867
2016-04-12,0.0,0,-0.0,0.0,4130752.426454867
2016-04-13,-0.0,0,-0.0,-0.0,4130752.426454867
2016-04-14,0.0,0,-0.0,0.0,4130752.426454867
2016-04-15,0.0,0,0.0,0.0,4130752.426454867
2016-04-18,0.0,0,-0.0,0.0,4130752.426454867
2016-04-19,0.0,0,-0.0,0.0,4130752.426454867
2016-04-20,0.0,0,-0.0,0.0,4130752.426454867
2016-04-21,0.0,0,-0.0,0.0,4130752.426454867
2016-04-22,0.0,0,-0.0,0.0,4130752.426454867
2016-04-25,0.0,0,-0.0,0.0,4130752.426454867
2016-04-26,0.0,0,-0.0,0.0,4130752.426454867
2016-04-27,0.0,0,0.0,0.0,4130752.426454867
2016-04-28,0.0,0,0.0,0.0,4130752.426454867
2016-04-29,-0.0,0,-0.0,-0.0,4130752.426454867
2016-05-02,0.0,0,0.0,0.0,4130752.426454867
2016-05-03,0.0,0,-0.0,0.0,4130752.426454867
2016-05-04,0.0,0,-0.0,0.0,4130752.426454867
2016-05-05,0.0,0,0.0,0.0,4130752.426454867
2016-05-06,0.0,0,0.0,0.0,4130752.426454867
2016-05-09,0.0,0,0.0,0.0,4130752.426454867
2016-05-10,0.0,0,0.0,0.0,4130752.426454867
2016-05-11,-0.0,0,0.0,0.0,4130752.426454867
2016-05-12,0.0,0,0.0,0.0,4130752.426454867
2016-05-13,0.0,0,-0.0,0.0,4130752.426454867
2016-05-16,0.0,0,0.0,0.0,4130752.426454867
2016-05-17,0.0,0,-0.0,0.0,4130752.426454867
2016-05-18,0.0,0,-0.0,0.0,4130752.426454867
2016-05-19,0.0,0,-0.0,0.0,4130752.426454867
2016-05-20,-0.0,1,0.0,0.0,4130752.426454867
2016-05-23,-1280.3545901515267,1,0.0,-1280.3545901515267,4129472.0718647153
2016-05-24,-10000.000000000007,1,-0.0,-10000.000000000007,4119472.0718647153
2016-05-25,29939.444008222476,1,0.0,29939.444008222476,4149411.5158729376
2016-05-26,19998.164931022795,1,-0.0,19998.164931022795,4169409.68080396
2016-05-27,-30014.66634793431,1,-0.0,-30014.66634793431,4139395.014456026
2016-05-30,0.0,1,0.0,0.0,4139395.014456026
2016-05-31,9979.14180742569,1,-0.0,9979.14180742569,4149374.1562634516
2016-06-01,-30055.656803934886,1,-0.0,-30055.656803934886,4119318.4994595167
2016-06-02,-20001.554386253843,1,0.0,-20001.554386253843,4099316.945073263
2016-06-03,69997.5711843176,1,0.0,69997.5711843176,4169314.5162575804
2016-06-06,9994.459262862238,1,-0.0,9994.459262862238,4179308.9755204427
2016-06-07,10028.728151757008,1,0.0,10028.728151757008,4189337.7036721995
2016-06-08,-29920.812355002654,1,-0.0,-29920.812355002654,4159416.8913171967
2016-06-09,-20039.707356907522,1,0.0,-20039.707356907522,4139377.183960289
2016-06-10,9998.46018141956,1,0.0,9998.46018141956,4149375.644141709
2016-06-13,19997.344394592845,1,0.0,19997.344394592845,4169372.988536302
2016-06-14,-10008.135090113346,1,0.0,-10008.135090113346,4159364.853446189
2016-06-15,50027.11159773938,1,0.0,50027.11159773938,4209391.9650439285
2016-06-16,-40053.19228857724,1,-0.0,-40053.19228857724,4169338.7727553514
2016-06-17,9996.477519677053,1,-0.0,9996.477519677053,4179335.2502750284
2016-06-20,-2.0901527915404645,1,-0.0,-2.0901527915404645,4179333.1601222367
2016-06-21,-20002.374032198662,1,-0.0,-20002.374032198662,4159330.7860900383
2016-06-22,19972.925938981352,1,-0.0,19972.925938981352,4179303.7120290194
2016-06-23,-157.7334441082494,1,-0.0,-157.7334441082494,4179145.978584911
2016-06-24,39995.23882215624,1,0.0,39995.23882215624,4219141.217407067
2016-06-27,-60008.846107447935,1,-0.0,-60008.846107447935,4159132.3712996193
2016-06-28,-10006.594502654652,1,-0.0,-10006.594502654652,4149125.7767969645
2016-06-29,40.269449684012216,1,-0.0,40.269449684012216,4149166.0462466483
2016-06-30,19983.714599129435,1,0.0,19983.714599129435,4169149.7608457776
2016-07-01,-49842.10173766335,1,-0.0,-49842.10173766335,4119307.6591081144
2016-07-04,-1.2373712785789743,1,0.0,-1.2373712785789743,4119306.421736836
2016-07-05,-40000.00000000004,1,-0.0,-40000.00000000004,4079306.421736836
2016-07-06,-10004.750874613366,1,0.0,-10004.750874613366,4069301.6708622226
2016-07-07,-19994.565308923407,1,-0.0,-19994.565308923407,4049307.105553299
2016-07-08,-10016.297607903838,1,-0.0,-10016.297607903838,4039290.8079453954
2016-07-11,-49856.22707600391,1,-0.0,-49856.22707600391,3989434.5808693916
2016-07-12,30170.921487837913,1,-0.0,30170.921487837913,4019605.5023572296
2016-07-13,-30007.544013246836,1,-0.0,-30007.544013246836,3989597.9583439827
2016-07-14,39997.31262706479,1,0.0,39997.31262706479,4029595.2709710477
2016-07-15,-2.996363380456576,1,-0.0,-2.996363380456576,4029592.2746076672
2016-07-18,9997.053421877801,1,0.0,9997.053421877801,4039589.328029545
2016-07-19,-9994.577399176596,1,0.0,-9994.577399176596,4029594.7506303685
2016-07-20,96.4885006860568,1,-0.0,96.4885006860568,4029691.2391310544
2016-07-21,30000.000000000022,1,0.0,30000.000000000022,4059691.2391310544
2016-07-22,-20021.70329509889,1,-0.0,-20021.70329509889,4039669.5358359553
2016-07-25,-20010.847349587915,1,-0.0,-20010.847349587915,4019658.6884863675
2016-07-26,-10013.407478892008,1,-0.0,-10013.407478892008,4009645.2810074757
2016-07-27,-134.20389277407958,1,0.0,-134.20389277407958,4009511.0771147017
2016-07-28,9996.435676086767,1,0.0,9996.435676086767,4019507.5127907884
2016-07-29,10016.277968056289,1,0.0,10016.277968056289,4029523.790758845
2016-08-01,29996.50412691149,1,0.0,29996.50412691149,4059520.2948857564
2016-08-02,39997.31311799898,1,0.0,39997.31311799898,4099517.6080037556
2016-08-03,-1.8266762667618228,1,0.0,-1.8266762667618228,4099515.781327489
2016-08-04,0.0,1,0.0,0.0,4099515.781327489
2016-08-05,-30002.35556607316,1,-0.0,-30002.35556607316,4069513.4257614156
2016-08-08,-40004.963872595166,1,-0.0,-40004.963872595166,4029508.4618888204
2016-08-09,-10155.729988969164,1,-0.0,-10155.729988969164,4019352.731899851
2016-08-10,19997.271292955866,1,0.0,19997.271292955866,4039350.003192807
2016-08-11,-39963.117218657564,1,-0.0,-39963.117218657564,3999386.8859741497
2016-08-12,10119.64184429028,1,0.0,10119.64184429028,4009506.52781844
2016-08-15,96.82653724667034,1,-0.0,96.82653724667034,4009603.354355687
2016-08-16,-37.368490154833125,1,-0.0,-37.368490154833125,4009565.985865532
2016-08-17,-10002.636618284658,1,-0.0,-10002.636618284658,3999563.3492472474
2016-08-18,19981.27641449357,1,0.0,19981.27641449357,4019544.625661741
2016-08-19,-19933.280864353157,1,-0.0,-19933.280864353157,3999611.3447973877
2016-08-22,-30005.41977693611,1,-0.0,-30005.41977693611,3969605.9250204517
2016-08-23,-1.8270443348390517,1,-0.0,-1.8270443348390517,3969604.097976117
2016-08-24,20000.00000000002,1,-0.0,20000.00000000002,3989604.097976117
2016-08-25,-16.2710243820693,1,-0.0,-16.2710243820693,3989587.8269517347
2016-08-26,-50061.445165018085,1,0.0,-50061.445165018085,3939526.3817867166
2016-08-29,-20003.786392000264,1,-0.0,-20003.786392000264,3919522.5953947166
2016-08-30,9996.435685100707,1,0.0,9996.435685100707,3929519.031079817
2016-08-31,-10000.00000000001,1,-0.0,-10000.00000000001,3919519.031079817
2016-09-01,9997.290788382239,1,0.0,9997.290788382239,3929516.3218681994
2016-09-02,29932.77863525142,1,0.0,29932.77863525142,3959449.1005034507
2016-09-05,-2.4144195219522344,1,0.0,-2.4144195219522344,3959446.6860839287
2016-09-06,30000.000000000466,1,0.0,30000.000000000466,3989446.686083929
2016-09-07,-3.1958606012237842,1,0.0,-3.1958606012237842,3989443.490223328
2016-09-08,20102.10685743697,1,0.0,20102.10685743697,4009545.5970807653
2016-09-09,29995.842920422205,1,0.0,29995.842920422205,4039541.4400011874
2016-09-12,29996.699144705297,1,0.0,29996.699144705297,4069538.1391458926
2016-09-13,19879.7279706927,1,0.0,19879.7279706927,4089417.8671165854
2016-09-14,19996.653112432075,1,0.0,19996.653112432075,4109414.5202290174
2016-09-15,50173.150232894055,1,0.0,50173.150232894055,4159587.6704619112
2016-09-16,-49963.26422463857,1,-0.0,-49963.26422463857,4109624.4062372725
2016-09-19,26.351802584445977,1,-0.0,26.351802584445977,4109650.758039857
2016-09-20,-31.476145594144327,1,0.0,-31.476145594144327,4109619.281894263
2016-09-21,-40002.93543969612,1,0.0,-40002.93543969612,4069616.346454567
2016-09-22,-30001.251413508126,1,-0.0,-30001.251413508126,4039615.0950410585
2016-09-23,19997.881213000313,1,-0.0,19997.881213000313,4059612.976254059
2016-09-26,10016.264926174623,1,0.0,10016.264926174623,4069629.2411802337
2016-09-27,-30093.550088491706,1,-0.0,-30093.550088491706,4039535.691091742
2016-09-28,-3.5414316131068277,1,-0.0,-3.5414316131068277,4039532.1496601286
2016-09-29,10.686097457293727,1,-0.0,10.686097457293727,4039542.8357575857
2016-09-30,20000.00000000024,1,0.0,20000.00000000024,4059542.835757586
2016-10-03,-20001.800407994124,1,-0.0,-20001.800407994124,4039541.035349592
2016-10-04,19883.104017399048,1,-0.0,19883.104017399048,4059424.1393669914
2016-10-05,-4.73225039402633,1,-0.0,-4.73225039402633,4059419.4071165975
2016-10-06,-2.3727087623042054,1,-0.0,-2.3727087623042054,4059417.034407835
2016-10-07,19989.17611689867,1,0.0,19989.17611689867,4079406.2105247336
2016-10-10,0.0,1,0.0,0.0,4079406.2105247336
2016-10-11,-106.07958751467231,1,-0.0,-106.07958751467231,4079300.130937219
2016-10-12,-3.0065179861405693,1,-0.0,-3.0065179861405693,4079297.124419233
2016-10-13,10028.857521390615,1,-0.0,10028.857521390615,4089325.9819406234
2016-10-14,60177.57435636224,1,0.0,60177.57435636224,4149503.5562969856
2016-10-17,-10002.138225820516,1,-0.0,-10002.138225820516,4139501.418071165
2016-10-18,9971.116563674468,1,0.0,9971.116563674468,4149472.5346348397
2016-10-19,-2.383262127489923,1,0.0,-2.383262127489923,4149470.151372712
2016-10-20,-29999.999999999804,1,-0.0,-29999.999999999804,4119470.151372712
2016-10-21,-10031.900417605393,1,0.0,-10031.900417605393,4109438.2509551067
2016-10-24,20164.641280917378,1,-0.0,20164.641280917378,4129602.892236024
2016-10-25,-39957.32675110627,1,-0.0,-39957.32675110627,4089645.5654849177
2016-10-26,20053.255893321886,1,0.0,20053.255893321886,4109698.8213782394
2016-10-27,39863.801564258,1,-0.0,39863.801564258,4149562.6229424975
2016-10-28,19994.631532796553,0,0.0,19994.631532796553,4169557.254475294
2016-10-31,-1277.9989620962122,0,0.0,-1277.9989620962122,4168279.2555131977
2016-11-01,0.0,0,0.0,0.0,4168279.2555131977
2016-11-02,0.0,0,0.0,0.0,4168279.2555131977
2016-11-03,0.0,0,0.0,0.0,4168279.2555131977
2016-11-04,0.0,0,0.0,0.0,4168279.2555131977
2016-11-07,0.0,0,-0.0,0.0,4168279.2555131977
2016-11-08,0.0,0,-0.0,0.0,4168279.2555131977
2016-11-09,0.0,0,0.0,0.0,4168279.2555131977
2016-11-10,0.0,0,-0.0,0.0,4168279.2555131977
2016-11-11,0.0,0,0.0,0.0,4168279.2555131977
2016-11-14,0.0,0,0.0,0.0,4168279.2555131977
2016-11-15,-0.0,0,-0.0,-0.0,4168279.2555131977
2016-11-16,-0.0,0,-0.0,-0.0,4168279.2555131977
2016-11-17,0.0,0,-0.0,0.0,4168279.2555131977
2016-11-18,0.0,0,-0.0,0.0,4168279.2555131977
2016-11-21,0.0,0,-0.0,0.0,4168279.2555131977
2016-11-22,0.0,0,0.0,0.0,4168279.2555131977
2016-11-23,0.0,0,-0.0,0.0,4168279.2555131977
2016-11-24,0.0,0,0.0,0.0,4168279.2555131977
2016-11-25,-0.0,0,-0.0,-0.0,4168279.2555131977
2016-11-28,0.0,0,-0.0,0.0,4168279.2555131977
2016-11-29,0.0,0,-0.0,0.0,4168279.2555131977
2016-11-30,0.0,0,-0.0,0.0,4168279.2555131977
2016-12-01,0.0,0,-0.0,0.0,4168279.2555131977
2016-12-02,0.0,0,0.0,0.0,4168279.2555131977
2016-12-05,-0.0,0,-0.0,-0.0,4168279.2555131977
2016-12-06,0.0,0,0.0,0.0,4168279.2555131977
2016-12-07,0.0,0,0.0,0.0,4168279.2555131977
2016-12-08,0.0,0,-0.0,0.0,4168279.2555131977
2016-12-09,0.0,0,0.0,0.0,4168279.2555131977
2016-12-12,0.0,0,-0.0,0.0,4168279.2555131977
2016-12-13,-0.0,0,-0.0,-0.0,4168279.2555131977
2016-12-14,0.0,1,-0.0,0.0,4168279.2555131977
2016-12-15,-61314.91314303731,1,-0.0,-61314.91314303731,4106964.3423701604
2016-12-16,59859.4056815393,1,0.0,59859.4056815393,4166823.7480516997
2016-12-19,-30003.067372577763,1,0.0,-30003.067372577763,4136820.680679122
2016-12-20,-3.4427306840494394,1,-0.0,-3.4427306840494394,4136817.237948438
2016-12-21,-9901.538079696093,1,-0.0,-9901.538079696093,4126915.699868742
2016-12-22,0.0,1,0.0,0.0,4126915.699868742
2016-12-23,0.0,1,-0.0,0.0,4126915.699868742
2016-12-26,0.0,1,0.0,0.0,4126915.699868742
2016-12-27,-9991.958172335806,1,0.0,-9991.958172335806,4116923.741696406
2016-12-28,73.80421180350095,1,0.0,73.80421180350095,4116997.54590821
2016-12-29,49977.695283771696,1,0.0,49977.695283771696,4166975.2411919814
2016-12-30,9953.89950822734,1,0.0,9953.89950822734,4176929.1407002085
2017-01-02,-4.801599395699706,1,0.0,-4.801599395699706,4176924.3391008126
2017-01-03,-30000.00000000003,1,-0.0,-30000.00000000003,4146924.3391008126
2017-01-04,10025.664000279508,1,-0.0,10025.664000279508,4156950.0031010923
2017-01-05,-10136.851348515105,1,0.0,-10136.851348515105,4146813.151752577
2017-01-06,-20005.245556194433,1,-0.0,-20005.245556194433,4126807.906196383
2017-01-09,-3.000222335696005,1,0.0,-3.000222335696005,4126804.9059740473
2017-01-10,0.0,1,0.0,0.0,4126804.9059740473
2017-01-11,-10038.669942401015,1,-0.0,-10038.669942401015,4116766.2360316464
2017-01-12,69997.84781224109,1,0.0,69997.84781224109,4186764.0838438873
2017-01-13,-50002.1956961813,1,-0.0,-50002.1956961813,4136761.888147706
2017-01-16,0.0,1,0.0,0.0,4136761.888147706
2017-01-17,-202.77093812393286,1,0.0,-202.77093812393286,4136559.117209582
2017-01-18,-20003.453554407344,1,-0.0,-20003.453554407344,4116555.663655175
2017-01-19,-4.823721395379445,1,-0.0,-4.823721395379445,4116550.8399337796
2017-01-20,29997.56066811599,1,0.0,29997.56066811599,4146548.4006018955
2017-01-23,10114.44574394195,1,-0.0,10114.44574394195,4156662.8463458377
2017-01-24,-4.179618278229248,1,0.0,-4.179618278229248,4156658.6667275596
2017-01-25,-3.6580221915678703,1,-0.0,-3.6580221915678703,4156655.0087053683
2017-01-26,19996.944338914724,1,-0.0,19996.944338914724,4176651.953044283
2017-01-27,-10040.467599656202,1,-0.0,-10040.467599656202,4166611.485444627
2017-01-30,20102.604147829068,1,0.0,20102.604147829068,4186714.089592456
2017-01-31,9976.893357641424,1,0.0,9976.893357641424,4196690.982950097
2017-02-01,-4.187105257373647,1,0.0,-4.187105257373647,4196686.79584484
2017-02-02,19953.60952902062,1,0.0,19953.60952902062,4216640.40537386
2017-02-03,9903.22786518039,1,0.0,9903.22786518039,4226543.63323904
2017-02-06,9997.182273571407,1,0.0,9997.182273571407,4236540.8155126115
2017-02-07,-20003.948520475024,1,-0.0,-20003.948520475024,4216536.866992136
2017-02-08,-20220.581155929656,1,0.0,-20220.581155929656,4196316.285836207
2017-02-09,-10004.351179260802,1,-0.0,-10004.351179260802,4186311.934656946
2017-02-10,-20003.934930254614,1,-0.0,-20003.934930254614,4166307.9997266913
2017-02-13,-9966.242135447716,1,0.0,-9966.242135447716,4156341.7575912434
2017-02-14,-19986.888318692458,1,-0.0,-19986.888318692458,4136354.869272551
2017-02-15,-10004.466083663341,1,-0.0,-10004.466083663341,4126350.4031888875
2017-02-16,20053.948911650434,1,0.0,20053.948911650434,4146404.352100538
2017-02-17,9972.862068390605,1,0.0,9972.862068390605,4156377.2141689286
2017-02-20,-3.0080016284568236,1,0.0,-3.0080016284568236,4156374.2061673
2017-02-21,2.219167072325945e-10,1,-0.0,2.219167072325945e-10,4156374.2061673
2017-02-22,9997.315707288662,1,0.0,9997.315707288662,4166371.521874589
2017-02-23,30025.63752928756,1,0.0,30025.63752928756,4196397.159403876
2017-02-24,4.161261368586565,1,-0.0,4.161261368586565,4196401.320665245
2017-02-27,-40006.000787270525,1,-0.0,-40006.000787270525,4156395.319877974
2017-02-28,-29923.841343364198,1,-0.0,-29923.841343364198,4126471.47853461
2017-03-01,-9990.04931935064,1,-0.0,-9990.04931935064,4116481.4292152594
2017-03-02,-10008.964050267126,1,-0.0,-10008.964050267126,4106472.465164992
2017-03-03,27.59453893200407,1,0.0,27.59453893200407,4106500.059703924
2017-03-06,19948.864131481492,1,0.0,19948.864131481492,4126448.9238354056
2017-03-07,-20026.912178682112,1,-0.0,-20026.912178682112,4106422.0116567235
2017-03-08,9996.658831664863,1,0.0,9996.658831664863,4116418.6704883883
2017-03-09,-10163.37278170418,1,0.0,-10163.37278170418,4106255.297706684
2017-03-10,-10004.90657117989,1,0.0,-10004.90657117989,4096250.391135504
2017-03-13,10136.865838493293,1,-0.0,10136.865838493293,4106387.256973997
2017-03-14,-19964.585108721218,1,0.0,-19964.585108721218,4086422.671865276
2017-03-15,49847.20398848286,1,0.0,49847.20398848286,4136269.875853759
2017-03-16,-5.756555234412185,1,0.0,-5.756555234412185,4136264.119298524
2017-03-17,-9901.472023658025,1,0.0,-9901.472023658025,4126362.6472748662
2017-03-20,-8.042831589373236,1,0.0,-8.042831589373236,4126354.6044432768
2017-03-21,-132.21012813650304,1,0.0,-132.21012813650304,4126222.3943151403
2017-03-22,-10003.995489828296,1,0.0,-10003.995489828296,4116218.398825312
2017-03-23,0.0,1,0.0,0.0,4116218.398825312
2017-03-24,-46.0210851178781,1,-0.0,-46.0210851178781,4116172.377740194
2017-03-27,-20002.156288055885,1,0.0,-20002.156288055885,4096170.2214521384
2017-03-28,103.02288335055346,1,-0.0,103.02288335055346,4096273.244335489
2017-03-29,10034.059343835066,1,0.0,10034.059343835066,4106307.3036793238
2017-03-30,10051.463031823023,1,0.0,10051.463031823023,4116358.7667111466
2017-03-31,20014.306457538616,1,0.0,20014.306457538616,4136373.073168685
2017-04-03,10102.636461997427,1,0.0,10102.636461997427,4146475.7096306826
2017-04-04,10025.75572083787,1,0.0,10025.75572083787,4156501.4653515206
2017-04-05,20027.44114882152,1,0.0,20027.44114882152,4176528.9065003423
2017-04-06,-10017.263705589785,1,-0.0,-10017.263705589785,4166511.6427947525
2017-04-07,-40067.763920842364,1,-0.0,-40067.763920842364,4126443.8788739103
2017-04-10,2.68501344777178,1,0.0,2.68501344777178,4126446.563887358
2017-04-11,9960.403034820592,1,-0.0,9960.403034820592,4136406.966922179
2017-04-12,19995.176278604416,1,0.0,19995.176278604416,4156402.143200783
2017-04-13,9993.511150797309,1,-0.0,9993.511150797309,4166395.6543515804
2017-04-14,-3.2741998247098647,1,0.0,-3.2741998247098647,4166392.3801517556
2017-04-17,9999.999999999785,1,0.0,9999.999999999785,4176392.3801517556
2017-04-18,266.6094022535399,1,-0.0,266.6094022535399,4176658.9895540094
2017-04-19,-3.3094667010360572,1,0.0,-3.3094667010360572,4176655.6800873084
2017-04-20,-20045.35320613322,1,-0.0,-20045.35320613322,4156610.3268811754
2017-04-21,9996.40826168796,1,0.0,9996.40826168796,4166606.7351428634
2017-04-24,-10.760190822096774,1,-0.0,-10.760190822096774,4166595.974952041
2017-04-25,-2.1445033837579657,1,-0.0,-2.1445033837579657,4166593.8304486573
2017-04-26,9996.35181836202,1,0.0,9996.35181836202,4176590.1822670195
2017-04-27,19998.421726137036,1,0.0,19998.421726137036,4196588.603993157
2017-04-28,0.0,1,0.0,0.0,4196588.603993157
2017-05-01,10106.357655628497,1,0.0,10106.357655628497,4206694.9616487855
2017-05-02,62.740433557799406,1,0.0,62.740433557799406,4206757.702082343
2017-05-03,-50080.690155149896,1,-0.0,-50080.690155149896,4156677.0119271935
2017-05-04,10071.939032278711,1,0.0,10071.939032278711,4166748.950959472
2017-05-05,-19984.46480475666,1,-0.0,-19984.46480475666,4146764.4861547155
2017-05-08,10010.741761850131,1,-0.0,10010.741761850131,4156775.2279165657
2017-05-09,-10044.73813218456,1,-0.0,-10044.73813218456,4146730.4897843814
2017-05-10,-10003.613286828466,1,0.0,-10003.613286828466,4136726.8764975527
2017-05-11,10000.00000000001,1,0.0,10000.00000000001,4146726.8764975527
2017-05-12,29957.301336433724,1,0.0,29957.301336433724,4176684.1778339865
2017-05-15,9995.495418752362,1,0.0,9995.495418752362,4186679.673252739
2017-05-16,-9974.310444464232,1,-0.0,-9974.310444464232,4176705.3628082746
2017-05-17,20075.988397798676,1,0.0,20075.988397798676,4196781.351206074
2017-05-18,-30004.817624877276,1,0.0,-30004.817624877276,4166776.5335811963
2017-05-19,-9994.621739017723,1,0.0,-9994.621739017723,4156781.9118421786
2017-05-22,21.0004463158657,1,-0.0,21.0004463158657,4156802.9122884944
2017-05-23,43.00914997582004,1,-0.0,43.00914997582004,4156845.92143847
2017-05-24,19996.44175432762,1,0.0,19996.44175432762,4176842.3631927976
2017-05-25,10013.450752613538,1,-0.0,10013.450752613538,4186855.8139454112
2017-05-26,-10016.144082256766,1,0.0,-10016.144082256766,4176839.6698631546
2017-05-29,0.0,1,0.0,0.0,4176839.6698631546
2017-05-30,-10114.78775709397,1,0.0,-10114.78775709397,4166724.8821060606
2017-05-31,-4.530307254766924,1,-0.0,-4.530307254766924,4166720.351798806
2017-06-01,-10002.690719691947,1,0.0,-10002.690719691947,4156717.661079114
2017-06-02,-20090.703595516738,1,-0.0,-20090.703595516738,4136626.957483597
2017-06-05,9996.007306029102,1,0.0,9996.007306029102,4146622.964789626
2017-06-06,-2.135456090473448,1,0.0,-2.135456090473448,4146620.829333536
2017-06-07,92.8846326859748,1,-0.0,92.8846326859748,4146713.713966222
2017-06-08,2.219167072325945e-10,1,0.0,2.219167072325945e-10,4146713.713966222
2017-06-09,-10007.583204131319,1,-0.0,-10007.583204131319,4136706.130762091
2017-06-12,-9991.932182916646,1,0.0,-9991.932182916646,4126714.1985791745
2017-06-13,-15.148304762728003,1,-0.0,-15.148304762728003,4126699.0502744117
2017-06-14,-29756.65909608564,1,-0.0,-29756.65909608564,4096942.391178326
2017-06-15,-30001.61099365625,1,-0.0,-30001.61099365625,4066940.78018467
2017-06-16,9994.620396040682,1,0.0,9994.620396040682,4076935.4005807107
2017-06-19,-39973.52149059278,1,-0.0,-39973.52149059278,4036961.8790901178
2017-06-20,-20048.378321445136,1,-0.0,-20048.378321445136,4016913.5007686727
2017-06-21,-20002.451850622318,1,-0.0,-20002.451850622318,3996911.0489180502
2017-06-22,9981.555961108486,1,0.0,9981.555961108486,4006892.6048791585
2017-06-23,-20028.845961270825,1,-0.0,-20028.845961270825,3986863.7589178877
2017-06-26,-10039.270617084783,1,0.0,-10039.270617084783,3976824.488300803
2017-06-27,-10001.280099280137,1,-0.0,-10001.280099280137,3966823.208201523
2017-06-28,39996.705062916095,1,0.0,39996.705062916095,4006819.913264439
2017-06-29,9848.282555165344,1,-0.0,9848.282555165344,4016668.195819604
2017-06-30,-20002.815665178892,1,-0.0,-20002.815665178892,3996665.3801544253
2017-07-03,-20008.90692710166,1,-0.0,-20008.90692710166,3976656.4732273235
2017-07-04,-3.552988964417437,1,0.0,-3.552988964417437,3976652.920238359
2017-07-05,2.219167072325945e-10,1,0.0,2.219167072325945e-10,3976652.920238359
2017-07-06,30059.49503860698,1,-0.0,30059.49503860698,4006712.415276966
2017-07-07,19998.422359807988,1,0.0,19998.422359807988,4026710.837636774
2017-07-10,19994.63275482293,1,0.0,19994.63275482293,4046705.4703915967
2017-07-11,41.365565368145326,1,0.0,41.365565368145326,4046746.8359569646
2017-07-12,10098.916285497486,1,0.0,10098.916285497486,4056845.7522424622
2017-07-13,20022.703013151287,1,0.0,20022.703013151287,4076868.4552556137
2017-07-14,10052.679459266594,1,-0.0,10052.679459266594,4086921.13471488
2017-07-17,-9955.34918848798,1,0.0,-9955.34918848798,4076965.785526392
2017-07-18,34.25885399115941,1,-0.0,34.25885399115941,4077000.044380383
2017-07-19,-10005.010210889333,1,-0.0,-10005.010210889333,4066995.0341694937
2017-07-20,-10002.687645975513,1,-0.0,-10002.687645975513,4056992.346523518
2017-07-21,-10051.97187313991,1,-0.0,-10051.97187313991,4046940.3746503782
2017-07-24,-1.572598211660795,1,0.0,-1.572598211660795,4046938.802052167
2017-07-25,9830.030590633483,1,-0.0,9830.030590633483,4056768.8326428
2017-07-26,49994.22438737246,1,0.0,49994.22438737246,4106763.0570301726
2017-07-27,30084.750427714505,1,-0.0,30084.750427714505,4136847.807457887
2017-07-28,-29880.68291177152,1,-0.0,-29880.68291177152,4106967.1245461158
2017-07-31,-10018.824351335352,1,0.0,-10018.824351335352,4096948.3001947803
2017-08-01,9986.846844503118,1,0.0,9986.846844503118,4106935.1470392835
2017-08-02,-30004.44473156693,1,-0.0,-30004.44473156693,4076930.7023077165
2017-08-03,-10068.01878066661,1,-0.0,-10068.01878066661,4066862.68352705
2017-08-04,-1.8956276360609394,1,0.0,-1.8956276360609394,4066860.787899414
2017-08-07,9991.937216401226,1,0.0,9991.937216401226,4076852.725115815
2017-08-08,-10061.645440788965,1,0.0,-10061.645440788965,4066791.0796750262
2017-08-09,-10003.025446087173,1,0.0,-10003.025446087173,4056788.054228939
2017-08-10,-2.1385006515159914,1,0.0,-2.1385006515159914,4056785.915728288
2017-08-11,40032.2811909978,1,0.0,40032.2811909978,4096818.1969192857
2017-08-14,-9978.366258887458,1,-0.0,-9978.366258887458,4086839.830660398
2017-08-15,-30025.5638172236,1,-0.0,-30025.5638172236,4056814.2668431746
2017-08-16,10056.302075474367,1,0.0,10056.302075474367,4066870.568918649
2017-08-17,-22.873863785440335,1,0.0,-22.873863785440335,4066847.6950548636
2017-08-18,-10002.698986555273,1,0.0,-10002.698986555273,4056844.996068308
2017-08-21,-2.6896600544005196,1,0.0,-2.6896600544005196,4056842.3064082535
2017-08-22,-19973.930894159566,1,-0.0,-19973.930894159566,4036868.375514094
2017-08-23,9.030461068243312,1,0.0,9.030461068243312,4036877.405975162
2017-08-24,78.35565876360852,1,-0.0,78.35565876360852,4036955.7616339256
2017-08-25,-10031.447366822747,1,0.0,-10031.447366822747,4026924.3142671026
2017-08-28,40031.10884921775,1,0.0,40031.10884921775,4066955.4231163203
2017-08-29,19969.342376120316,1,0.0,19969.342376120316,4086924.7654924407
2017-08-30,-10002.976297477042,1,-0.0,-10002.976297477042,4076921.7891949634
2017-08-31,15.316715551613015,1,-0.0,15.316715551613015,4076937.105910515
2017-09-01,10052.261561451236,1,0.0,10052.261561451236,4086989.367471966
2017-09-04,0.0,1,0.0,0.0,4086989.367471966
2017-09-05,247.80876398614782,1,0.0,247.80876398614782,4087237.176235952
2017-09-06,-10003.008873620385,1,0.0,-10003.008873620385,4077234.1673623314
2017-09-07,170.37614772047527,1,0.0,170.37614772047527,4077404.543510052
2017-09-08,33.99689062953257,1,0.0,33.99689062953257,4077438.5404006816
2017-09-11,10191.002361163948,1,-0.0,10191.002361163948,4087629.5427618455
2017-09-12,-10003.611458526779,1,0.0,-10003.611458526779,4077625.9313033186
2017-09-13,-20006.747940518668,1,-0.0,-20006.747940518668,4057619.1833627997
2017-09-14,-30003.259728702928,1,-0.0,-30003.259728702928,4027615.923634097
2017-09-15,-19994.622022963926,1,-0.0,-19994.622022963926,4007621.301611133
2017-09-18,10094.362730274759,1,0.0,10094.362730274759,4017715.664341408
2017-09-19,0.43213767134875525,1,-0.0,0.43213767134875525,4017716.096479079
2017-09-20,-39945.389568311046,1,-0.0,-39945.389568311046,3977770.706910768
2017-09-21,-19922.13398641476,1,-0.0,-19922.13398641476,3957848.572924353
2017-09-22,9970.479269625965,1,-0.0,9970.479269625965,3967819.0521939793
2017-09-25,-10028.518024300334,1,0.0,-10028.518024300334,3957790.534169679
2017-09-26,115.91071759869737,1,-0.0,115.91071759869737,3957906.4448872777
2017-09-27,40200.86611259789,1,0.0,40200.86611259789,3998107.3109998754
2017-09-28,29994.06978161766,1,-0.0,29994.06978161766,4028101.380781493
2017-09-29,-40003.16872981403,1,-0.0,-40003.16872981403,3988098.212051679
2017-10-02,-9994.63074432223,1,-0.0,-9994.63074432223,3978103.5813073567
2017-10-03,19983.898566514075,1,0.0,19983.898566514075,3998087.479873871
2017-10-04,0.0,1,0.0,0.0,3998087.479873871
2017-10-05,-20.527834634496685,1,-0.0,-20.527834634496685,3998066.9520392367
2017-10-06,-10053.392747693873,1,-0.0,-10053.392747693873,3988013.559291543
2017-10-09,-3.316619623616431,1,-0.0,-3.316619623616431,3988010.2426719195
2017-10-10,-10000.00000000023,1,0.0,-10000.00000000023,3978010.2426719195
2017-10-11,0.0,1,0.0,0.0,3978010.2426719195
2017-10-12,-20077.754419068206,1,-0.0,-20077.754419068206,3957932.488252851
2017-10-13,-10002.185012953738,1,0.0,-10002.185012953738,3947930.3032398974
2017-10-16,-30002.74488135132,1,-0.0,-30002.74488135132,3917927.558358546
2017-10-17,-39952.56189719128,1,-0.0,-39952.56189719128,3877974.9964613547
2017-10-18,30097.241153054787,1,0.0,30097.241153054787,3908072.2376144095
2017-10-19,-10003.554027119764,1,-0.0,-10003.554027119764,3898068.68358729
2017-10-20,10142.500606770162,1,0.0,10142.500606770162,3908211.18419406
2017-10-23,19997.57328544718,1,0.0,19997.57328544718,3928208.757479507
2017-10-24,-10021.457518763265,1,-0.0,-10021.457518763265,3918187.2999607436
2017-10-25,19889.248870643678,1,0.0,19889.248870643678,3938076.5488313874
2017-10-26,-2.797633517562086,1,-0.0,-2.797633517562086,3938073.75119787
2017-10-27,10027.920781255958,1,0.0,10027.920781255958,3948101.671979126
2017-10-30,-20105.026167083834,1,-0.0,-20105.026167083834,3927996.645812042
2017-10-31,-10003.971167343481,1,-0.0,-10003.971167343481,3917992.6746446984
2017-11-01,-29999.999999999804,1,0.0,-29999.999999999804,3887992.6746446984
2017-11-02,-10080.574522752757,1,-0.0,-10080.574522752757,3877912.1001219456
2017-11-03,-1.6155531223588915,1,0.0,-1.6155531223588915,3877910.484568823
2017-11-06,-20025.992138646747,1,0.0,-20025.992138646747,3857884.4924301766
2017-11-07,-30117.186106050864,1,-0.0,-30117.186106050864,3827767.3063241257
2017-11-08,-2.2143027297635274,1,0.0,-2.2143027297635274,3827765.092021396
2017-11-09,19947.978895821077,1,0.0,19947.978895821077,3847713.070917217
2017-11-10,19998.147116912998,1,-0.0,19998.147116912998,3867711.21803413
2017-11-13,-30003.676819088763,1,0.0,-30003.676819088763,3837707.541215041
2017-11-14,-10049.589286938102,1,-0.0,-10049.589286938102,3827657.951928103
2017-11-15,-50001.29289805645,1,0.0,-50001.29289805645,3777656.6590300463
2017-11-16,9997.179430058759,1,-0.0,9997.179430058759,3787653.838460105
2017-11-17,-20002.136738753925,1,0.0,-20002.136738753925,3767651.701721351
2017-11-20,-30008.04097134248,1,-0.0,-30008.04097134248,3737643.6607500087
2017-11-21,-40067.50167488688,1,-0.0,-40067.50167488688,3697576.159075122
2017-11-22,49997.25822792981,1,0.0,49997.25822792981,3747573.417303052
2017-11-23,0.0,1,0.0,0.0,3747573.417303052
2017-11-24,-10019.129448727475,1,-0.0,-10019.129448727475,3737554.287854324
2017-11-27,10010.72225767804,1,0.0,10010.72225767804,3747565.010112002
2017-11-28,-13.405455370926575,1,-0.0,-13.405455370926575,3747551.604656631
2017-11-29,19926.454403892276,1,0.0,19926.454403892276,3767478.0590605233
2017-11-30,-30002.17475082062,1,-0.0,-30002.17475082062,3737475.8843097026
2017-12-01,-59831.73797233287,0,-0.0,-59831.73797233287,3677644.1463373695
2017-12-04,-1306.1446882767386,1,0.0,-1306.1446882767386,3676338.001649093
2017-12-05,-41306.560214350946,1,-0.0,-41306.560214350946,3635031.441434742
2017-12-06,19998.717149713593,1,0.0,19998.717149713593,3655030.1585844555
2017-12-07,20098.704460570534,1,0.0,20098.704460570534,3675128.863045026
2017-12-08,9960.92904635758,1,-0.0,9960.92904635758,3685089.7920913836
2017-12-11,-20001.566624553725,1,-0.0,-20001.566624553725,3665088.2254668297
2017-12-12,10.705623046120309,1,-0.0,10.705623046120309,3665098.9310898758
2017-12-13,10065.844224933542,1,-0.0,10065.844224933542,3675164.7753148093
2017-12-14,-50128.317072966594,1,-0.0,-50128.317072966594,3625036.4582418427
2017-12-15,-50001.9229000519,1,-0.0,-50001.9229000519,3575034.535341791
2017-12-18,50241.394588794545,1,0.0,50241.394588794545,3625275.9299305854
2017-12-19,19735.22983353083,1,-0.0,19735.22983353083,3645011.159764116
2017-12-20,49993.9129620663,1,0.0,49993.9129620663,3695005.0727261826
2017-12-21,-60002.22211921895,1,-0.0,-60002.22211921895,3635002.8506069635
2017-12-22,-10001.861297742375,1,0.0,-10001.861297742375,3625000.989309221
2017-12-25,0.0,1,0.0,0.0,3625000.989309221
2017-12-26,-12.98838107897609,1,-0.0,-12.98838107897609,3624988.000928142
2017-12-27,-40173.98739210595,1,-0.0,-40173.98739210595,3584814.013536036
2017-12-28,-10004.03231272237,1,0.0,-10004.03231272237,3574809.9812233136
2017-12-29,19991.9772217853,1,0.0,19991.9772217853,3594801.9584450987
2018-01-01,0.0,1,0.0,0.0,3594801.9584450987
2018-01-02,20064.64540098299,1,0.0,20064.64540098299,3614866.6038460815
2018-01-03,-30002.7808116709,1,-0.0,-30002.7808116709,3584863.823034411
2018-01-04,-9960.89167254864,1,-0.0,-9960.89167254864,3574902.931361862
2018-01-05,62.78602696332018,1,0.0,62.78602696332018,3574965.7173888255
2018-01-08,0.0,1,-0.0,0.0,3574965.7173888255
2018-01-09,30042.74698409024,1,0.0,30042.74698409024,3605008.4643729157
2018-01-10,9995.464926122546,1,-0.0,9995.464926122546,3615003.9292990384
2018-01-11,30000.000000000247,1,-0.0,30000.000000000247,3645003.929299039
2018-01-12,-89775.65500536303,1,-0.0,-89775.65500536303,3555228.274293676
2018-01-15,0.0,1,0.0,0.0,3555228.274293676
2018-01-16,-30072.552774924603,1,-0.0,-30072.552774924603,3525155.7215187512
2018-01-17,-20002.469306800987,1,0.0,-20002.469306800987,3505153.2522119503
2018-01-18,19954.193343670748,1,-0.0,19954.193343670748,3525107.445555621
2018-01-19,-10004.256875382049,1,0.0,-10004.256875382049,3515103.1886802386
2018-01-22,9979.497606952213,1,-0.0,9979.497606952213,3525082.6862871908
2018-01-23,92.04672031792143,1,0.0,92.04672031792143,3525174.733007509
2018-01-24,30000.000000000247,1,0.0,30000.000000000247,3555174.7330075093
2018-01-25,-19845.276451262154,1,-0.0,-19845.276451262154,3535329.456556247
2018-01-26,-40006.1413008825,1,-0.0,-40006.1413008825,3495323.3152553644
2018-01-29,9982.571749103303,1,-0.0,9982.571749103303,3505305.8870044677
2018-01-30,19996.991348672924,1,0.0,19996.991348672924,3525302.878353141
2018-01-31,-40001.87240101162,1,-0.0,-40001.87240101162,3485301.005952129
2018-02-01,20242.954037309093,1,0.0,20242.954037309093,3505543.9599894383
2018-02-02,49757.137935746905,1,0.0,49757.137935746905,3555301.097925185
2018-02-05,39994.73149520781,1,0.0,39994.73149520781,3595295.829420393
2018-02-06,-3.5939904655201826,1,-0.0,-3.5939904655201826,3595292.2354299272
2018-02-07,9873.054265943909,1,0.0,9873.054265943909,3605165.289695871
2018-02-08,19995.376924286233,1,0.0,19995.376924286233,3625160.666620157
2018-02-09,49999.999999999825,1,0.0,49999.999999999825,3675160.666620157
2018-02-12,-40053.31461471058,1,-0.0,-40053.31461471058,3635107.352005447
2018-02-13,-9918.241820359206,1,0.0,-9918.241820359206,3625189.1101850877
2018-02-14,-39998.51475039247,1,-0.0,-39998.51475039247,3585190.595434695
2018-02-15,-30004.26387065828,1,-0.0,-30004.26387065828,3555186.3315640367
2018-02-16,-76.51509843630993,1,0.0,-76.51509843630993,3555109.8164656004
2018-02-19,-2.2209659025737087,1,0.0,-2.2209659025737087,3555107.5954996976
2018-02-20,0.0,1,0.0,0.0,3555107.5954996976
2018-02-21,29843.047981789,1,0.0,29843.047981789,3584950.6434814865
2018-02-22,19995.31189067267,1,0.0,19995.31189067267,3604945.9553721594
2018-02-23,-10031.563468126624,1,0.0,-10031.563468126624,3594914.391904033
2018-02-26,9996.015149932633,1,0.0,9996.015149932633,3604910.4070539656
2018-02-27,-50011.78730145848,1,-0.0,-50011.78730145848,3554898.619752507
2018-02-28,-19975.708297894198,1,-0.0,-19975.708297894198,3534922.911454613
2018-03-01,29790.929113636157,1,0.0,29790.929113636157,3564713.840568249
2018-03-02,-3.44693601584913,1,0.0,-3.44693601584913,3564710.393632233
2018-03-05,-3.0731115410996135,1,-0.0,-3.0731115410996135,3564707.320520692
2018-03-06,-19949.10662808267,1,0.0,-19949.10662808267,3544758.2138926093
2018-03-07,9999.999999999787,1,0.0,9999.999999999787,3554758.2138926093
2018-03-08,14.830104897737328,1,0.0,14.830104897737328,3554773.043997507
2018-03-09,10038.27721883337,1,-0.0,10038.27721883337,3564811.3212163406
2018-03-12,-19928.980125099264,1,0.0,-19928.980125099264,3544882.341091241
2018-03-13,-10043.598441559516,1,0.0,-10043.598441559516,3534838.742649682
2018-03-14,-40253.23757414622,1,0.0,-40253.23757414622,3494585.5050755357
2018-03-15,-10003.528229249632,1,0.0,-10003.528229249632,3484581.976846286
2018-03-16,7.983826215848239,1,-0.0,7.983826215848239,3484589.960672502
2018-03-19,9961.661250607023,1,0.0,9961.661250607023,3494551.621923109
2018-03-20,-10110.656057480577,1,-0.0,-10110.656057480577,3484440.9658656283
2018-03-21,-4.584731422221847,1,0.0,-4.584731422221847,3484436.381134206
2018-03-22,0.0,1,0.0,0.0,3484436.381134206
2018-03-23,19996.314300156104,1,0.0,19996.314300156104,3504432.695434362
2018-03-26,-10015.973031917743,1,-0.0,-10015.973031917743,3494416.7224024446
2018-03-27,10111.876003116326,1,0.0,10111.876003116326,3504528.598405561
2018-03-28,-30090.382987296085,1,0.0,-30090.382987296085,3474438.2154182647
2018-03-29,-10002.778565039243,1,-0.0,-10002.778565039243,3464435.4368532253
2018-03-30,-2.1612355070065243,1,0.0,-2.1612355070065243,3464433.275617718
2018-04-02,10000.000000000231,1,0.0,10000.000000000231,3474433.275617718
2018-04-03,-13.31989037625317,1,-0.0,-13.31989037625317,3474419.955727342
2018-04-04,-2.773568349827733,1,0.0,-2.773568349827733,3474417.182158992
2018-04-05,9956.679319494444,1,-0.0,9956.679319494444,3484373.8614784866
2018-04-06,-2.7798528910355644,1,0.0,-2.7798528910355644,3484371.0816255957
2018-04-09,-10003.677740815197,1,-0.0,-10003.677740815197,3474367.4038847806
2018-04-10,-19989.352994519937,1,-0.0,-19989.352994519937,3454378.050890261
2018-04-11,-29961.498030749,1,0.0,-29961.498030749,3424416.5528595117
2018-04-12,10207.65673690851,1,-0.0,10207.65673690851,3434624.20959642
2018-04-13,-20003.87975176765,1,0.0,-20003.87975176765,3414620.3298446527
2018-04-16,-20000.00000000002,1,-0.0,-20000.00000000002,3394620.3298446527
2018-04-17,-20082.355345871,1,-0.0,-20082.355345871,3374537.974498782
2018-04-18,9998.079267674837,1,-0.0,9998.079267674837,3384536.053766457
2018-04-19,9996.607349581798,1,0.0,9996.607349581798,3394532.661116039
2018-04-20,-2.78645012741735,1,0.0,-2.78645012741735,3394529.8746659113
2018-04-23,-20014.308056834507,1,-0.0,-20014.308056834507,3374515.5666090767
2018-04-24,29847.332928106985,1,0.0,29847.332928106985,3404362.899537184
2018-04-25,19995.97385444623,1,0.0,19995.97385444623,3424358.87339163
2018-04-26,-9891.176522604008,1,-0.0,-9891.176522604008,3414467.696869026
2018-04-27,-29994.68996708335,1,0.0,-29994.68996708335,3384473.0069019427
2018-04-30,-10002.50886129668,1,-0.0,-10002.50886129668,3374470.498040646
2018-05-01,-9956.853509977042,1,0.0,-9956.853509977042,3364513.644530669
2018-05-02,29989.382175592393,1,0.0,29989.382175592393,3394503.026706261
2018-05-03,25.485628589340195,1,0.0,25.485628589340195,3394528.5123348506
2018-05-04,0.0,1,-0.0,0.0,3394528.5123348506
2018-05-07,0.0,1,0.0,0.0,3394528.5123348506
2018-05-08,-20003.172500525245,1,-0.0,-20003.172500525245,3374525.3398343255
2018-05-09,7.964922319682955,1,-0.0,7.964922319682955,3374533.304756645
2018-05-10,-29857.985386295906,1,-0.0,-29857.985386295906,3344675.3193703494
2018-05-11,-30017.57153347861,1,-0.0,-30017.57153347861,3314657.7478368706
2018-05-14,20125.729122343822,1,-0.0,20125.729122343822,3334783.4769592145
2018-05-15,92.85160773250391,1,0.0,92.85160773250391,3334876.328566947
2018-05-16,-10005.750716047482,1,-0.0,-10005.750716047482,3324870.5778508997
2018-05-17,39949.240702259056,1,0.0,39949.240702259056,3364819.8185531585
2018-05-18,-10002.231116804725,1,0.0,-10002.231116804725,3354817.587436354
2018-05-21,-2.8048490235839507,1,0.0,-2.8048490235839507,3354814.7825873303
2018-05-22,9999.999999999787,1,0.0,9999.999999999787,3364814.7825873303
2018-05-23,30050.759297740784,1,0.0,30050.759297740784,3394865.541885071
2018-05-24,-30134.25698991659,1,0.0,-30134.25698991659,3364731.284895154
2018-05-25,19995.395942397474,1,0.0,19995.395942397474,3384726.6808375516
2018-05-28,0.0,1,0.0,0.0,3384726.6808375516
2018-05-29,49621.32261400788,1,0.0,49621.32261400788,3434348.0034515597
2018-05-30,-40012.430466642625,1,-0.0,-40012.430466642625,3394335.572984917
2018-05-31,-20004.20174880546,1,-0.0,-20004.20174880546,3374331.3712361115
2018-06-01,-19932.611822980827,1,0.0,-19932.611822980827,3354398.7594131306
2018-06-04,-79.34643484524713,1,-0.0,-79.34643484524713,3354319.4129782855
2018-06-05,9994.56078401484,1,0.0,9994.56078401484,3364313.9737623003
2018-06-06,10050.256423767365,1,0.0,10050.256423767365,3374364.2301860675
2018-06-07,-10002.503018580308,1,-0.0,-10002.503018580308,3364361.727167487
2018-06-08,-2.7893405616918114,1,0.0,-2.7893405616918114,3364358.9378269254
2018-06-11,-9999.999999999785,1,-0.0,-9999.999999999785,3354358.9378269254
2018-06-12,-19966.49761848894,1,-0.0,-19966.49761848894,3334392.4402084365
2018-06-13,-29970.31013706198,1,-0.0,-29970.31013706198,3304422.1300713746
2018-06-14,-9957.187044589402,1,0.0,-9957.187044589402,3294464.9430267853
2018-06-15,0.0,1,-0.0,0.0,3294464.9430267853
2018-06-18,9989.382346054888,1,0.0,9989.382346054888,3304454.3253728403
2018-06-19,-139.35328658740036,1,0.0,-139.35328658740036,3304314.9720862526
2018-06-20,9998.034844362917,1,0.0,9998.034844362917,3314313.0069306158
2018-06-21,9997.831709641692,1,0.0,9997.831709641692,3324310.8386402573
2018-06-22,0.0,1,0.0,0.0,3324310.8386402573
2018-06-25,-35.38571391331061,1,0.0,-35.38571391331061,3324275.452926344
2018-06-26,9997.259186677233,1,0.0,9997.259186677233,3334272.712113021
2018-06-27,-19923.04174552754,1,-0.0,-19923.04174552754,3314349.6703674933
2018-06-28,-20002.77599066566,1,0.0,-20002.77599066566,3294346.8943768274
2018-06-29,9999.999999999787,1,-0.0,9999.999999999787,3304346.8943768274
2018-07-02,-10002.234722872643,1,-0.0,-10002.234722872643,3294344.6596539547
2018-07-03,45.237546968008246,1,0.0,45.237546968008246,3294389.8972009225
2018-07-04,0.0,1,0.0,0.0,3294389.8972009225
2018-07-05,-30007.572779718,1,-0.0,-30007.572779718,3264382.3244212046
2018-07-06,19950.286067841334,1,0.0,19950.286067841334,3284332.6104890457
2018-07-09,-19922.522094007727,1,-0.0,-19922.522094007727,3264410.088395038
2018-07-10,-9965.860102633314,1,-0.0,-9965.860102633314,3254444.2282924047
2018-07-11,9952.203454560964,1,-0.0,9952.203454560964,3264396.4317469657
2018-07-12,-9992.029242606384,1,-0.0,-9992.029242606384,3254404.4025043594
2018-07-13,9952.947136281937,1,0.0,9952.947136281937,3264357.3496406414
2018-07-16,88.10765783296301,1,0.0,88.10765783296301,3264445.4572984744
2018-07-17,23.514295497227067,1,-0.0,23.514295497227067,3264468.971593972
2018-07-18,10013.279409844152,1,-0.0,10013.279409844152,3274482.251003816
2018-07-19,29.317807138253556,1,0.0,29.317807138253556,3274511.568810954
2018-07-20,40114.13312756989,1,0.0,40114.13312756989,3314625.701938524
2018-07-23,9996.324523471798,1,0.0,9996.324523471798,3324622.0264619957
2018-07-24,-20004.01358055045,1,-0.0,-20004.01358055045,3304618.012881445
2018-07-25,-10051.205941699669,1,-0.0,-10051.205941699669,3294566.806939746
2018-07-26,194.58822982430138,1,-0.0,194.58822982430138,3294761.39516957
2018-07-27,9984.082327423048,1,-0.0,9984.082327423048,3304745.4774969933
2018-07-30,10028.232971578438,1,0.0,10028.232971578438,3314773.7104685716
2018-07-31,-29961.703294191095,1,-0.0,-29961.703294191095,3284812.0071743806
2018-08-01,30138.628706007392,1,0.0,30138.628706007392,3314950.635880388
2018-08-02,10017.00571187786,1,0.0,10017.00571187786,3324967.6415922656
2018-08-03,60.601011973791174,1,-0.0,60.601011973791174,3325028.2426042394
2018-08-06,9992.520537434984,1,-0.0,9992.520537434984,3335020.7631416745
2018-08-07,70.53924784786795,1,0.0,70.53924784786795,3335091.3023895225
2018-08-08,9997.346019385428,1,0.0,9997.346019385428,3345088.648408908
2018-08-09,-9897.97094718564,1,0.0,-9897.97094718564,3335190.6774617224
2018-08-10,-88.17405981028423,1,0.0,-88.17405981028423,3335102.5034019123
2018-08-13,19995.413896485126,1,0.0,19995.413896485126,3355097.9172983975
2018-08-14,-10025.613498774077,1,-0.0,-10025.613498774077,3345072.3037996236
2018-08-15,10093.90386870084,1,0.0,10093.90386870084,3355166.2076683245
2018-08-16,-20010.63274983538,1,-0.0,-20010.63274983538,3335155.574918489
2018-08-17,0.0,1,0.0,0.0,3335155.574918489
2018-08-20,10000.000000000233,1,0.0,10000.000000000233,3345155.574918489
2018-08-21,-20002.73709928988,1,-0.0,-20002.73709928988,3325152.837819199
2018-08-22,19988.933971427756,1,0.0,19988.933971427756,3345141.771790627
2018-08-23,-40000.00000000004,1,-0.0,-40000.00000000004,3305141.771790627
2018-08-24,0.0,1,0.0,0.0,3305141.771790627
2018-08-27,10087.944162181044,1,-0.0,10087.944162181044,3315229.715952808
2018-08-28,-6.666897942606738,1,0.0,-6.666897942606738,3315223.0490548653
2018-08-29,-20003.3096222539,1,-0.0,-20003.3096222539,3295219.7394326115
2018-08-30,9966.346399088277,1,0.0,9966.346399088277,3305186.0858317
2018-08-31,30082.517069462137,1,0.0,30082.517069462137,3335268.602901162
2018-09-03,0.0,1,0.0,0.0,3335268.602901162
2018-09-04,10032.317726539928,1,0.0,10032.317726539928,3345300.920627702
2018-09-05,19998.403573808697,1,0.0,19998.403573808697,3365299.3242015108
2018-09-06,-9971.766627679937,1,-0.0,-9971.766627679937,3355327.5575738307
2018-09-07,-9967.824590740405,1,0.0,-9967.824590740405,3345359.7329830904
2018-09-10,-29887.36374389685,1,-0.0,-29887.36374389685,3315472.3692391934
2018-09-11,-49.139735986645974,1,-0.0,-49.139735986645974,3315423.229503207
2018-09-12,-20004.550611375656,1,-0.0,-20004.550611375656,3295418.678891831
2018-09-13,0.0,1,-0.0,0.0,3295418.678891831
2018-09-14,-9948.88547814692,1,0.0,-9948.88547814692,3285469.7934136842
2018-09-17,9992.045133201449,1,0.0,9992.045133201449,3295461.8385468856
2018-09-18,20026.521393372866,1,0.0,20026.521393372866,3315488.3599402583
2018-09-19,9995.681337841137,1,0.0,9995.681337841137,3325484.0412780996
2018-09-20,-19924.00285905818,1,-0.0,-19924.00285905818,3305560.0384190413
2018-09-21,7.390174990217929,1,-0.0,7.390174990217929,3305567.4285940314
2018-09-24,2.6503411907233385,1,0.0,2.6503411907233385,3305570.0789352222
2018-09-25,-10009.480700535638,1,-0.0,-10009.480700535638,3295560.5982346865
2018-09-26,-9887.729862660588,1,0.0,-9887.729862660588,3285672.868372026
2018-09-27,0.0,1,-0.0,0.0,3285672.868372026
2018-09-28,19989.400701109964,1,0.0,19989.400701109964,3305662.2690731357
2018-10-01,30063.56764179683,1,-0.0,30063.56764179683,3335725.8367149327
2018-10-02,-19808.128913997676,1,0.0,-19808.128913997676,3315917.707800935
2018-10-03,19999.999999999578,1,-0.0,19999.999999999578,3335917.7078009346
2018-10-04,19994.38281021405,1,0.0,19994.38281021405,3355912.0906111486
2018-10-05,29997.469568298406,1,0.0,29997.469568298406,3385909.560179447
2018-10-08,-2.2487868346814066,1,0.0,-2.2487868346814066,3385907.3113926123
2018-10-09,-9999.999999999785,1,-0.0,-9999.999999999785,3375907.3113926123
2018-10-10,20075.514969555923,1,0.0,20075.514969555923,3395982.8263621684
2018-10-11,-20061.461552498768,1,0.0,-20061.461552498768,3375921.3648096696
2018-10-12,-4.6870905299879615,1,0.0,-4.6870905299879615,3375916.6777191395
2018-10-15,10000.000000000231,1,0.0,10000.000000000231,3385916.6777191395
2018-10-16,-29947.00111332623,1,-0.0,-29947.00111332623,3355969.676605813
2018-10-17,10010.59136991034,1,0.0,10010.59136991034,3365980.2679757234
2018-10-18,19951.684887086994,1,0.0,19951.684887086994,3385931.9528628103
2018-10-19,-84.63041258189332,1,0.0,-84.63041258189332,3385847.3224502285
2018-10-22,-3.4419502244575884,1,0.0,-3.4419502244575884,3385843.880500004
2018-10-23,30000.000000000247,1,0.0,30000.000000000247,3415843.8805000046
2018-10-24,30023.869821275686,1,0.0,30023.869821275686,3445867.75032128
2018-10-25,-20004.830931746157,1,-10401.387194597384,-30406.21812634354,3415461.5321949366
2018-10-26,40001.31454293516,0,39899.51222054895,79900.8267634841,3495362.358958421
2018-10-29,-1347.446698617124,0,0.0,-1347.446698617124,3494014.9122598036
2018-10-30,0.0,0,9991.61557744039,9991.61557744039,3504006.527837244
2018-10-31,0.0,0,-5.655834824019832e-10,-5.655834824019832e-10,3504006.5278372434
2018-11-01,0.0,0,9924.91495535807,9924.91495535807,3513931.4427926014
2018-11-02,0.0,0,-19849.829910715856,-19849.829910715856,3494081.6128818854
2018-11-05,0.0,0,-5.067536562450303,-5.067536562450303,3494076.5453453227
2018-11-06,0.0,0,-40066.79035514336,-40066.79035514336,3454009.7549901796
2018-11-07,0.0,0,-20066.87348248186,-20066.87348248186,3433942.8815076975
2018-11-08,0.0,0,8.569330914038465e-10,8.569330914038465e-10,3433942.8815076984
2018-11-09,0.0,0,20066.873482481005,20066.873482481005,3454009.7549901796
2018-11-12,0.0,0,0.0,0.0,3454009.7549901796
2018-11-13,0.0,0,60351.742035018695,60351.742035018695,3514361.4970251983
2018-11-14,0.0,0,50251.08790531032,50251.08790531032,3564612.5849305084
2018-11-15,0.0,0,40100.24784733277,40100.24784733277,3604712.832777841
2018-11-16,0.0,0,-2.842170943040401e-10,-2.842170943040401e-10,3604712.8327778406
2018-11-19,0.0,0,30075.185885499082,30075.185885499082,3634788.01866334
2018-11-20,-0.0,0,10016.697588786623,10016.697588786623,3644804.7162521263
2018-11-21,0.0,0,0.0,0.0,3644804.7162521263
2018-11-22,0.0,0,0.0,0.0,3644804.7162521263
2018-11-23,0.0,0,10008.343606650227,10008.343606650227,3654813.0598587766
2018-11-26,0.0,0,-20016.687213299316,-20016.687213299316,3634796.3726454773
2018-11-27,0.0,0,40033.3744265975,40033.3744265975,3674829.7470720746
2018-11-28,0.0,0,19966.68770318416,19966.68770318416,3694796.434775259
2018-11-29,0.0,0,39866.91608271024,39866.91608271024,3734663.350857969
2018-11-30,0.0,0,9958.43706099089,9958.43706099089,3744621.7879189597
2018-12-03,0.0,0,-9966.729020678125,-9966.729020678125,3734655.058898282
2018-12-04,0.0,0,-10000.000000000284,-10000.000000000284,3724655.0588982813
2018-12-05,0.0,0,0.0,0.0,3724655.0588982813
2018-12-06,0.0,0,40268.16092943515,40268.16092943515,3764923.2198277162
2018-12-07,0.0,0,20134.080464717576,20134.080464717576,3785057.3002924337
2018-12-10,-0.0,0,0.0,0.0,3785057.3002924337
2018-12-11,0.0,0,-50335.20116179365,-50335.20116179365,3734722.0991306403
2018-12-12,0.0,0,-20150.934552413102,-20150.934552413102,3714571.1645782273
2018-12-13,0.0,0,10075.467276206266,10075.467276206266,3724646.6318544336
2018-12-14,0.0,0,-8.583674769248649e-10,-8.583674769248649e-10,3724646.6318544326
2018-12-17,0.0,0,-3.381974692005474,-3.381974692005474,3724643.2498797406
2018-12-18,0.0,0,10025.164640862105,10025.164640862105,3734668.4145206027
2018-12-19,0.0,0,10050.423551331382,10050.423551331382,3744718.838071934
2018-12-20,0.0,0,9996.632504368232,9996.632504368232,3754715.470576302
2018-12-21,0.0,0,29924.48046799051,29924.48046799051,3784639.9510442927
2018-12-24,0.0,0,39798.990742906426,39798.990742906426,3824438.941787199
2018-12-25,0.0,0,0.0,0.0,3824438.941787199
2018-12-26,0.0,0,-19916.1939500411,-19916.1939500411,3804522.747837158
2018-12-27,0.0,0,29996.63250436823,29996.63250436823,3834519.380341526
2018-12-28,0.0,0,80067.02212144743,80067.02212144743,3914586.4024629737
2018-12-31,0.0,-1,9983.275737332699,9983.275737332699,3924569.6782003064
2019-01-01,-1324.9034948478748,-1,0.0,-1324.9034948478748,3923244.7747054584
2019-01-02,30000.00000000025,-1,5.684341886080801e-10,30000.00000000082,3953244.7747054594
2019-01-03,-70002.20185199604,-1,30075.49392258774,-39926.7079294083,3913318.066776051
2019-01-04,59994.955084257774,-1,-30003.36749563177,29991.587588626004,3943309.654364677
2019-01-07,29994.62925036074,-1,-29799.240896119216,195.3883542415242,3943505.0427189185
2019-01-08,39959.582857493864,-1,-29799.240896118932,10160.341961374932,3953665.3846802935
2019-01-09,-39898.98146376373,-1,-2.823151219987014e-10,-39898.981463764016,3913766.4032165296
2019-01-10,-40003.915220539115,-1,29774.28651018565,-10229.628710353463,3903536.7745061764
2019-01-11,-20087.42309350269,-1,-4.042734384383214,-20091.465827887074,3883445.3086782894
2019-01-14,-9961.033817034842,-1,40100.5763178676,30139.54250083276,3913584.851179122
2019-01-15,-19923.231488861955,-1,-8.519384228864358e-10,-19923.231488862806,3893661.619690259
2019-01-16,19997.220152580645,-1,-9983.28937710681,10013.930775473835,3903675.550465733
2019-01-17,39989.34426667288,-1,-19966.578754214755,20022.765512458125,3923698.315978191
2019-01-18,19921.15354285996,-1,-49916.44688553661,-29995.293342676647,3893703.0226355144
2019-01-21,-0.0,-1,0.0,0.0,3893703.0226355144
2019-01-22,-19918.652602233164,-1,0.0,-19918.652602233164,3873784.3700332814
2019-01-23,9953.067559125702,-1,-10033.54634006559,-80.47878093988766,3873703.8912523417
2019-01-24,-9897.713904317807,-1,-2.849317320245433e-10,-9897.713904318092,3863806.1773480237
2019-01-25,19998.118249033414,-1,-30176.448126795374,-10178.32987776196,3853627.8474702616
2019-01-28,-9989.35317277168,-1,20100.7646116989,10111.411438927222,3863739.2589091887
2019-01-29,-10027.236564472929,-1,-2.854096429982798e-10,-10027.236564473214,3853712.0223447154
2019-01-30,-79999.99999999962,-1,10067.26030189428,-69932.73969810535,3783779.28264661
2019-01-31,9724.802798441531,-1,10075.715100416555,19800.51789885809,3803579.800545468
2019-02-01,39994.94426020497,-1,-70005.0501497057,-30010.10588950073,3773569.6946559674
2019-02-04,-10003.58722011702,-1,-9999.999999999432,-20003.587220116453,3753566.107435851
2019-02-05,9895.503541500995,-1,-29949.56062071618,-20054.057079215185,3733512.050356636
2019-02-06,-9999.999999999787,-1,10025.298600283286,25.298600283498672,3733537.3489569193
2019-02-07,-10010.662564619532,-1,30075.895800851282,20065.23323623175,3753602.582193151
2019-02-08,10089.125742664983,-1,-10042.21712426185,46.908618403133005,3753649.4908115542
2019-02-11,-3.9541652363592177,-1,5.722810335298572e-10,-3.954165235786937,3753645.5366463186
2019-02-12,61.04666549443209,-1,0.0,61.04666549443209,3753706.583311813
2019-02-13,19996.943220830264,-1,-30075.895800850994,-10078.95258002073,3743627.630731792
2019-02-14,-20023.61210403299,-1,30075.895800850427,10052.283696817438,3753679.9144286094
2019-02-15,20015.51678874086,-1,-20084.434248522557,-68.91745978169638,3753610.9969688277
2019-02-18,-0.0,-1,0.0,0.0,3753610.9969688277
2019-02-19,-9974.274876108359,-1,-5.717980700319212e-10,-9974.27487610893,3743636.722092719
2019-02-20,-10038.623979169259,-1,-50338.37205773931,-60376.99603690857,3683259.72605581
2019-02-21,-10107.290990521811,-1,-4.350295670569548,-10111.64128619238,3673148.0847696178
2019-02-22,-10093.90312962473,-1,19932.475213699763,9838.572084075033,3682986.6568536926
2019-02-25,5.333657234445127,-1,-19966.19531253834,-19960.861655303896,3663025.795198389
2019-02-26,-10033.651671575728,-1,9983.097656268035,-50.55401530769268,3662975.241183081
2019-02-27,-20034.41692489304,-1,10000.000000001137,-10034.416924891904,3652940.824258189
2019-02-28,9998.362932891296,-1,-29848.25917684589,-19849.896243954594,3633090.9280142346
2019-03-01,70.24038285960705,-1,5.650819365864343e-10,70.24038286017213,3633161.1683970946
2019-03-04,9996.030912358981,-1,-3.3441912317780327,9992.686721127204,3643153.8551182216
2019-03-05,10051.21038442614,-1,0.0,10051.21038442614,3653205.065502648
2019-03-06,-20002.499991082383,-1,30101.381800902,10098.881809819617,3663303.9473124673
2019-03-07,-19976.43039328471,-1,-1.7110654539977434e-09,-19976.43039328642,3643327.5169191808
2019-03-08,9995.795448889396,-1,20152.549929204168,30148.345378093563,3673475.862297274
2019-03-11,-10105.12905705956,-1,8.591548775543246e-10,-10105.1290570587,3663370.7332402156
2019-03-12,-0.0,-1,-20118.50125219336,-20118.50125219336,3643252.231988022
2019-03-13,-10069.194972179748,-1,9995.988726483702,-73.20624569604661,3643179.025742326
2019-03-14,-10020.34870934435,-1,9991.53664812518,-28.812061219168754,3643150.213681107
2019-03-15,-10033.641443238714,-1,9966.210147790824,-67.43129544789008,3643082.782385659
2019-03-18,30034.19916243587,-1,-9991.536648124897,20042.662514310974,3663125.4448999697
2019-03-19,-10025.709834190693,-1,0.0,-10025.709834190693,3653099.735065779
2019-03-20,-39991.32450682766,-1,19966.167798694878,-20025.15670813278,3633074.5783576462
2019-03-21,19995.519775454286,-1,-10025.453832917203,9970.065942537083,3643044.6443001833
2019-03-22,-19793.709271088024,-1,20067.91951203916,274.21024095113535,3643318.8545411346
2019-03-25,-20006.091762505133,-1,-20003.990158421544,-40010.08192092668,3603308.772620208
2019-03-26,-20011.1235570067,-1,20051.15705343835,40.03349643164984,3603348.8061166396
2019-03-27,30077.81936973726,-1,-20051.15705343835,10026.662316298909,3613375.4684329387
2019-03-28,39996.68022032435,-1,-10059.83380351106,29936.846416813292,3643312.314849752
2019-03-29,29983.949579871412,-1,-10068.424618653293,19915.52496121812,3663227.8398109702
2019-04-01,-315.07369346613996,-1,-20119.66760702212,-20434.74130048826,3642793.098510482
2019-04-02,-20005.633680745457,-1,-5.689182360384705e-10,-20005.633680746025,3622787.464829736
2019-04-03,-10032.669682441854,-1,-10017.041622667359,-20049.711305109213,3602737.7535246266
2019-04-04,9998.41809237165,-1,-9991.495249278509,6.922843093141637,3602744.6763677197
2019-04-05,12.919315036993794,-1,-1.137836472076941e-09,12.919315035855957,3602757.5956827556
2019-04-08,-46.38204499253334,-1,-10017.041622667075,-10063.423667659608,3592694.172015096
2019-04-09,-9994.658152421614,-1,-20017.030904899497,-30011.689057321113,3562682.482957775
2019-04-10,-9982.177282639288,-1,20068.25236139361,10086.075078754322,3572768.558036529
2019-04-11,-10123.24184313271,-1,-10042.684600719547,-20165.92644385226,3552602.6315926765
2019-04-12,40057.388813641024,-1,-50127.89263359616,-10070.503819955135,3542532.1277727215
2019-04-15,-3.0087010084228942,-1,2.849440797581103e-10,-3.00870100813795,3542529.119071713
2019-04-16,9972.01380038658,-1,-30102.378542090984,-20130.364741704405,3522398.7543300088
2019-04-17,-9991.996361742551,-1,10017.04162266793,25.045260925378898,3522423.799590934
2019-04-18,9933.559254995725,-1,-10017.04162266679,-83.48236767106391,3522340.317223263
2019-04-19,-0.0,-1,0.0,0.0,3522340.317223263
2019-04-22,-20038.666080881296,-1,20085.369201439094,46.703120557798684,3522387.0203438206
2019-04-23,-20017.698010589622,-1,-8.533773540577057e-10,-20017.698010590477,3502369.32233323
2019-04-24,-72.82184652746946,-1,0.0,-72.82184652746946,3502296.5004867027
2019-04-25,10016.035526199612,-1,-2.859176732815554e-10,10016.035526199326,3512312.536012902
2019-04-26,-19975.963371781545,-1,-10051.253802933203,-30027.217174714748,3482285.318838187
2019-04-29,-10004.186670402236,-1,-3.308922192280274,-10007.495592594516,3472277.8232455924
2019-04-30,-10002.153433936568,-1,9974.414159906335,-27.73927403023299,3472250.0839715623
2019-05-01,40070.84448800562,-1,-29974.381911201133,10096.462576804486,3482346.546548367
2019-05-02,9998.41537079272,-1,10008.550134016083,20006.965504808803,3502353.512053176
2019-05-03,-17.770382052478453,-1,-9974.4141599052,-9992.184541957678,3492361.3275112184
2019-05-06,-10009.780888998685,-1,29974.38191120085,19964.601022202165,3512325.9285334204
2019-05-07,51.27336552016641,-1,29974.38191119943,30025.655276719597,3542351.58381014
2019-05-08,-3.6493687760976727,-1,0.0,-3.6493687760976727,3542347.934441364
2019-05-09,-10053.495005624103,-1,39931.728116295526,29878.233110671423,3572226.1675520353
2019-05-10,-9974.102909688178,-1,-9982.932029074165,-19957.034938762343,3552269.132613273
2019-05-13,-20211.248627709756,-1,49872.070799528556,29660.8221718188,3581929.954785092
2019-05-14,-10079.493586141725,-1,-9991.460637067328,-20070.954223209053,3561859.0005618827
2019-05-15,-10066.910157186889,-1,19965.864058147195,9898.953900960307,3571757.954462843
2019-05-16,9995.868951966017,-1,-20017.100268032165,-10021.231316066149,3561736.7231467767
2019-05-17,9956.158842978884,-1,0.0,9956.158842978884,3571692.8819897557
2019-05-20,29978.591425916697,-1,5.689202074572724e-10,29978.591425917264,3601671.473415673
2019-05-21,9980.891529697123,-1,-9991.460637067044,-10.569107369921767,3601660.904308303
2019-05-22,-19966.334226102477,-1,29948.796087221926,9982.46186111945,3611643.3661694224
2019-05-23,-9914.399300221761,-1,19982.921274132954,10068.521973911193,3621711.8881433336
2019-05-24,9996.61455292619,-1,30128.57611411182,40125.19066703801,3661837.0788103715
2019-05-27,-0.0,-1,0.0,0.0,3661837.0788103715
2019-05-28,-9983.93239795811,-1,10008.550134016366,24.617736058256924,3661861.69654643
2019-05-29,-3.0183519208330662,-1,10051.462937216107,10048.444585295274,3671910.141131725
2019-05-30,20047.023772757948,-1,-2.856797589520395e-10,20047.02377275766,3691957.1649044827
2019-05-31,-30002.445060947655,-1,39997.034625624285,9994.58956467663,3701951.754469159
2019-06-03,-50005.054307938095,-1,50171.95452948913,166.9002215510336,3702118.65469071
2019-06-04,-10004.408095740075,-1,-2.85685123574966e-10,-10004.40809574036,3692114.2465949696
2019-06-05,-60003.91087739934,-1,30025.744305096327,-29978.166572303016,3662136.0800226666
2019-06-06,29976.75361884594,-1,-9982.869615054597,19993.884003791347,3682129.964026458
2019-06-07,19860.579899975266,-1,-19982.85879752044,-122.2788975451731,3682007.685128913
2019-06-10,9866.528452898958,-1,-30103.172717693134,-20236.644264794177,3661771.040864119
2019-06-11,9994.630459755295,-1,-10008.58143503173,-13.950975276435202,3661757.0898888423
2019-06-12,-39967.78909375295,-1,30051.521160433356,-9916.267933319596,3651840.8219555225
2019-06-13,-30037.017626812198,-1,10008.581435031161,-20028.43619178104,3631812.3857637416
2019-06-14,29987.145137513,-1,8.548491511805055e-10,29987.145137513853,3661799.5309012556
2019-06-17,10013.17367078106,-1,-10034.390905897711,-21.217235116651864,3661778.313666139
2019-06-18,10057.613853351679,-1,-10043.015839249836,14.598014101842637,3661792.9116802406
2019-06-19,-50003.27912757511,-1,9997.046662591212,-40006.2324649839,3621786.6792152566
2019-06-20,-20035.225827280534,-1,-30051.709650401448,-50086.93547768198,3571699.7437375747
2019-06-21,-13.300273105960514,-1,-30181.55844707069,-30194.85872017665,3541504.885017398
2019-06-24,-10002.113579903855,-1,-20069.03363754117,-30071.147217445025,3511433.7377999527
2019-06-25,-2.677635090639908,-1,9996.406777806735,9993.729142716094,3521427.466942669
2019-06-26,29931.881482121244,-1,-20017.30257427526,9914.578907845982,3531342.045850515
2019-06-27,9922.010246601021,-1,-9982.730331602515,-60.720085001494226,3531281.3257655133
2019-06-28,-0.0,-1,-1.1398227400214195e-09,-1.1398227400214195e-09,3531281.3257655124
2019-07-01,-127.20952893073627,-1,-20069.342318051218,-20196.551846981954,3511084.7739185304
2019-07-02,43.014517935218464,-1,-1.1398227400214195e-09,43.01451793407864,3511127.7884364645
2019-07-03,29998.73742743232,-1,-30208.556900427728,-209.81947299540843,3510917.968963469
2019-07-04,-1.5410099947696552,-1,-4.223154602572648,-5.764164597342303,3510912.2047988717
2019-07-05,30000.000000000262,-1,0.0,30000.000000000262,3540912.204798872
2019-07-08,29994.97123168778,-1,-29792.46518693313,202.50604475465298,3541114.710843627
2019-07-09,9976.033974052394,-1,-9948.050366141404,27.98360791099003,3541142.694451538
2019-07-10,-89935.55065242521,-1,29818.291718015178,-60117.258934410034,3481025.435517128
2019-07-11,-19651.65938673303,-1,-3.246328071382295,-19654.905714804412,3461370.529802324
2019-07-12,-10004.619081234374,-1,0.0,-10004.619081234374,3451365.910721089
2019-07-15,10028.655935238534,-1,0.0,10028.655935238534,3461394.566656328
2019-07-16,19997.59771185087,-1,-19965.4187399638,32.178971887071384,3461426.745628215
2019-07-17,9896.167158194417,-1,9965.462588791996,19861.629746986415,3481288.3753752015
2019-07-18,-40001.550642001115,-1,30052.003833772727,-9949.546808228388,3471338.828566973
2019-07-19,10013.707923205713,-1,-10008.661799680247,5.0461235254661005,3471343.8746904987
2019-07-22,-10000.000000000231,-1,-20017.323599361065,-30017.323599361298,3441326.5510911373
2019-07-23,63.720277470652945,-1,-10026.01845135259,-9962.298173881936,3431364.2529172553
2019-07-24,19998.731873600038,-1,-80069.2943974454,-60070.56252384536,3371293.6903934097
2019-07-25,9928.91890232333,-1,-375.89262643318466,9553.026275890146,3380846.7166692996
2019-07-26,10013.165918619476,-1,-0.0,10013.165918619476,3390859.882587919
2019-07-29,-9994.626436654285,-1,0.0,-9994.626436654285,3380865.2561512645
2019-07-30,10026.356933748046,-1,0.0,10026.356933748046,3390891.6130850124
2019-07-31,50197.86550804537,-1,-0.0,50197.86550804537,3441089.478593058
2019-08-01,-70002.81506777383,-1,0.0,-70002.81506777383,3371086.6635252843
2019-08-02,29992.65324323311,-1,0.0,29992.65324323311,3401079.3167685173
2019-08-05,-20002.128538220313,-1,0.0,-20002.128538220313,3381077.188230297
2019-08-06,29994.10060947803,-1,0.0,29994.10060947803,3411071.288839775
2019-08-07,19997.88889551189,-1,-0.0,19997.88889551189,3431069.177735287
2019-08-08,-10115.856785251144,-1,0.0,-10115.856785251144,3420953.320950036
2019-08-09,19991.907813682214,-1,-0.0,19991.907813682214,3440945.228763718
2019-08-12,39925.216041598294,-1,-0.0,39925.216041598294,3480870.4448053166
2019-08-13,69995.48928343924,-1,-0.0,69995.48928343924,3550865.934088756
2019-08-14,59967.2769971659,0,0.0,59967.2769971659,3610833.2110859216
2019-08-15,-1268.1436698312975,0,0.0,-1268.1436698312975,3609565.0674160905
2019-08-16,0.0,0,-0.0,0.0,3609565.0674160905
2019-08-19,0.0,0,0.0,0.0,3609565.0674160905
2019-08-20,0.0,0,0.0,0.0,3609565.0674160905
2019-08-21,0.0,0,-0.0,0.0,3609565.0674160905
2019-08-22,0.0,0,0.0,0.0,3609565.0674160905
2019-08-23,0.0,0,0.0,0.0,3609565.0674160905
2019-08-26,0.0,0,0.0,0.0,3609565.0674160905
2019-08-27,0.0,0,-0.0,0.0,3609565.0674160905
2019-08-28,0.0,0,0.0,0.0,3609565.0674160905
2019-08-29,0.0,0,0.0,0.0,3609565.0674160905
2019-08-30,0.0,0,-0.0,0.0,3609565.0674160905
2019-09-02,0.0,0,0.0,0.0,3609565.0674160905
2019-09-03,0.0,0,0.0,0.0,3609565.0674160905
2019-09-04,0.0,0,0.0,0.0,3609565.0674160905
2019-09-05,0.0,0,-0.0,0.0,3609565.0674160905
2019-09-06,0.0,0,-0.0,0.0,3609565.0674160905
2019-09-09,0.0,0,-0.0,0.0,3609565.0674160905
2019-09-10,0.0,0,-0.0,0.0,3609565.0674160905
2019-09-11,0.0,0,0.0,0.0,3609565.0674160905
2019-09-12,0.0,0,-0.0,0.0,3609565.0674160905
2019-09-13,0.0,0,-0.0,0.0,3609565.0674160905
2019-09-16,0.0,0,-0.0,0.0,3609565.0674160905
2019-09-17,0.0,0,0.0,0.0,3609565.0674160905
2019-09-18,-0.0,0,-0.0,-0.0,3609565.0674160905
2019-09-19,0.0,0,-0.0,0.0,3609565.0674160905
2019-09-20,0.0,0,0.0,0.0,3609565.0674160905
2019-09-23,0.0,0,-0.0,0.0,3609565.0674160905
2019-09-24,0.0,0,0.0,0.0,3609565.0674160905
2019-09-25,0.0,0,0.0,0.0,3609565.0674160905
2019-09-26,0.0,0,-0.0,0.0,3609565.0674160905
2019-09-27,0.0,0,0.0,0.0,3609565.0674160905
2019-09-30,0.0,0,0.0,0.0,3609565.0674160905
2019-10-01,0.0,0,0.0,0.0,3609565.0674160905
2019-10-02,0.0,0,0.0,0.0,3609565.0674160905
2019-10-03,0.0,0,0.0,0.0,3609565.0674160905
2019-10-04,-0.0,0,0.0,0.0,3609565.0674160905
2019-10-07,0.0,0,-0.0,0.0,3609565.0674160905
2019-10-08,0.0,0,0.0,0.0,3609565.0674160905
2019-10-09,0.0,0,-0.0,0.0,3609565.0674160905
2019-10-10,0.0,0,-0.0,0.0,3609565.0674160905
2019-10-11,0.0,0,-0.0,0.0,3609565.0674160905
2019-10-14,0.0,0,0.0,0.0,3609565.0674160905
2019-10-15,0.0,0,-0.0,0.0,3609565.0674160905
2019-10-16,0.0,0,0.0,0.0,3609565.0674160905
2019-10-17,0.0,0,-0.0,0.0,3609565.0674160905
2019-10-18,0.0,0,0.0,0.0,3609565.0674160905
2019-10-21,0.0,0,-0.0,0.0,3609565.0674160905
2019-10-22,0.0,0,-0.0,0.0,3609565.0674160905
2019-10-23,0.0,0,0.0,0.0,3609565.0674160905
2019-10-24,0.0,0,-0.0,0.0,3609565.0674160905
2019-10-25,0.0,0,-0.0,0.0,3609565.0674160905
2019-10-28,0.0,0,-0.0,0.0,3609565.0674160905
2019-10-29,-0.0,0,-0.0,-0.0,3609565.0674160905
2019-10-30,0.0,0,0.0,0.0,3609565.0674160905
2019-10-31,0.0,0,0.0,0.0,3609565.0674160905
2019-11-01,0.0,0,-0.0,0.0,3609565.0674160905
2019-11-04,0.0,0,0.0,0.0,3609565.0674160905
2019-11-05,0.0,0,-0.0,0.0,3609565.0674160905
2019-11-06,0.0,0,-0.0,0.0,3609565.0674160905
2019-11-07,0.0,0,-0.0,0.0,3609565.0674160905
2019-11-08,0.0,0,-0.0,0.0,3609565.0674160905
2019-11-11,0.0,0,0.0,0.0,3609565.0674160905
2019-11-12,0.0,0,-0.0,0.0,3609565.0674160905
2019-11-13,0.0,0,0.0,0.0,3609565.0674160905
2019-11-14,0.0,0,0.0,0.0,3609565.0674160905
2019-11-15,0.0,0,0.0,0.0,3609565.0674160905
2019-11-18,0.0,0,0.0,0.0,3609565.0674160905
2019-11-19,-0.0,0,-0.0,-0.0,3609565.0674160905
2019-11-20,0.0,0,0.0,0.0,3609565.0674160905
2019-11-21,0.0,0,-0.0,0.0,3609565.0674160905
2019-11-22,-0.0,0,-0.0,-0.0,3609565.0674160905
2019-11-25,-0.0,0,-0.0,-0.0,3609565.0674160905
2019-11-26,0.0,0,-0.0,0.0,3609565.0674160905
2019-11-27,0.0,0,-0.0,0.0,3609565.0674160905
2019-11-28,0.0,0,0.0,0.0,3609565.0674160905
2019-11-29,0.0,0,-0.0,0.0,3609565.0674160905
2019-12-02,0.0,0,0.0,0.0,3609565.0674160905
2019-12-03,0.0,0,0.0,0.0,3609565.0674160905
2019-12-04,0.0,0,-0.0,0.0,3609565.0674160905
2019-12-05,0.0,0,-0.0,0.0,3609565.0674160905
2019-12-06,0.0,0,-0.0,0.0,3609565.0674160905
2019-12-09,-0.0,0,-0.0,-0.0,3609565.0674160905
2019-12-10,-0.0,0,-0.0,-0.0,3609565.0674160905
2019-12-11,0.0,0,0.0,0.0,3609565.0674160905
2019-12-12,0.0,0,-0.0,0.0,3609565.0674160905
2019-12-13,0.0,0,-0.0,0.0,3609565.0674160905
2019-12-16,0.0,0,-0.0,0.0,3609565.0674160905
2019-12-17,0.0,0,-0.0,0.0,3609565.0674160905
2019-12-18,0.0,0,-0.0,0.0,3609565.0674160905
2019-12-19,0.0,0,-0.0,0.0,3609565.0674160905
2019-12-20,-0.0,0,0.0,0.0,3609565.0674160905
2019-12-23,0.0,0,0.0,0.0,3609565.0674160905
2019-12-24,0.0,0,0.0,0.0,3609565.0674160905
2019-12-25,0.0,0,0.0,0.0,3609565.0674160905
2019-12-26,0.0,0,0.0,0.0,3609565.0674160905
2019-12-27,0.0,0,-0.0,0.0,3609565.0674160905
2019-12-30,0.0,0,0.0,0.0,3609565.0674160905
2019-12-31,0.0,0,0.0,0.0,3609565.0674160905
2020-01-01,0.0,0,0.0,0.0,3609565.0674160905
2020-01-02,0.0,0,0.0,0.0,3609565.0674160905
2020-01-03,0.0,0,0.0,0.0,3609565.0674160905
2020-01-06,0.0,0,0.0,0.0,3609565.0674160905
2020-01-07,0.0,0,0.0,0.0,3609565.0674160905
2020-01-08,0.0,0,0.0,0.0,3609565.0674160905
2020-01-09,0.0,0,-0.0,0.0,3609565.0674160905
2020-01-10,0.0,0,-0.0,0.0,3609565.0674160905
2020-01-13,0.0,0,0.0,0.0,3609565.0674160905
2020-01-14,0.0,0,0.0,0.0,3609565.0674160905
2020-01-15,0.0,0,0.0,0.0,3609565.0674160905
2020-01-16,0.0,0,-0.0,0.0,3609565.0674160905
2020-01-17,0.0,0,-0.0,0.0,3609565.0674160905
2020-01-20,0.0,0,0.0,0.0,3609565.0674160905
2020-01-21,0.0,0,-0.0,0.0,3609565.0674160905
2020-01-22,-0.0,0,0.0,0.0,3609565.0674160905
2020-01-23,0.0,0,0.0,0.0,3609565.0674160905
2020-01-24,0.0,0,0.0,0.0,3609565.0674160905
2020-01-27,0.0,0,0.0,0.0,3609565.0674160905
2020-01-28,0.0,0,0.0,0.0,3609565.0674160905
2020-01-29,0.0,0,0.0,0.0,3609565.0674160905
2020-01-30,0.0,0,0.0,0.0,3609565.0674160905
2020-01-31,0.0,0,0.0,0.0,3609565.0674160905
2020-02-03,0.0,0,-0.0,0.0,3609565.0674160905
2020-02-04,0.0,0,-0.0,0.0,3609565.0674160905
2020-02-05,0.0,0,-0.0,0.0,3609565.0674160905
2020-02-06,0.0,0,-0.0,0.0,3609565.0674160905
2020-02-07,0.0,0,-0.0,0.0,3609565.0674160905
2020-02-10,0.0,0,0.0,0.0,3609565.0674160905
2020-02-11,0.0,0,-0.0,0.0,3609565.0674160905
2020-02-12,0.0,0,0.0,0.0,3609565.0674160905
2020-02-13,0.0,0,-0.0,0.0,3609565.0674160905
2020-02-14,0.0,0,-0.0,0.0,3609565.0674160905
2020-02-17,0.0,0,0.0,0.0,3609565.0674160905
2020-02-18,0.0,0,0.0,0.0,3609565.0674160905
2020-02-19,0.0,0,0.0,0.0,3609565.0674160905
2020-02-20,0.0,0,0.0,0.0,3609565.0674160905
2020-02-21,0.0,0,0.0,0.0,3609565.0674160905
2020-02-24,0.0,0,0.0,0.0,3609565.0674160905
2020-02-25,0.0,0,0.0,0.0,3609565.0674160905
2020-02-26,0.0,0,0.0,0.0,3609565.0674160905
2020-02-27,0.0,0,0.0,0.0,3609565.0674160905
2020-02-28,0.0,-1,0.0,0.0,3609565.0674160905
2020-03-02,-21236.61674364441,-1,59649.96612514601,38413.349381501605,3647978.4167975923
2020-03-03,-90057.71033035326,-1,39892.889986118644,-50164.82034423462,3597813.5964533575
2020-03-04,-50107.19115665092,-1,-10008.94896760801,-60116.140124258935,3537697.4563290984
2020-03-05,29389.17960110202,-1,50089.547656282564,79478.72725738458,3617176.183586483
2020-03-06,219991.23578870445,-1,30188.66073545812,250179.89652416256,3867356.0801106454
2020-03-09,139988.546234719,0,379993.1506039621,519981.69683868106,4387337.7769493265
2020-03-10,-1216.3987670677636,0,-5.598467945342418,-1221.997235013106,4386115.779714313
2020-03-11,0.0,0,59993.08932723914,59993.08932723914,4446108.869041553
2020-03-12,0.0,-1,209996.19915843144,209996.19915843144,4656105.068199984
2020-03-13,-31225.532167398243,-1,99991.36770468637,68765.83553728813,4724870.903737272
2020-03-16,9996.846180219434,-1,79994.83239547058,89991.67857569002,4814862.582312962
2020-03-17,-120012.20609693417,-1,109995.79837536422,-10016.40772156995,4804846.174591392
2020-03-18,-10013.149379586228,-1,319986.9908068809,309973.84142729465,5114820.016018687
2020-03-19,-140007.75813380998,-1,199984.0749659617,59976.31683215173,5174796.332850838
2020-03-20,89185.75598409254,-1,219995.29160921415,309181.0475933067,5483977.380444145
2020-03-23,79986.01086656666,-1,79866.15131424188,159852.16218080855,5643829.542624953
2020-03-24,79989.74972343161,-1,-120605.33020431976,-40615.58048088815,5603213.962144065
2020-03-25,-20005.602740610382,-1,-60003.36604406051,-80008.9687846709,5523204.993359393
2020-03-26,-20002.844441728954,-1,-90151.57297941633,-110154.41742114529,5413050.575938248
2020-03-27,29997.74512003796,-1,-60005.35537476695,-30007.610254728992,5383042.965683519
2020-03-30,-40006.50874940162,-1,-90005.64896758688,-130012.1577169885,5253030.80796653
2020-03-31,-59897.5999347702,-1,39996.3675055684,-19901.232429201802,5233129.575537329
2020-04-01,79997.17262091611,-1,39863.351375553284,119860.52399646939,5352990.099533798
2020-04-02,29997.707345490795,-1,-50000.0,-20002.292654509205,5332987.8068792885
2020-04-03,20028.45387620868,-1,0.0,20028.45387620868,5353016.260755497
2020-04-06,19998.59114848348,-1,-10042.945950286901,9955.645198196578,5362971.905953693
2020-04-07,-10002.23926695429,-1,-120102.81015912551,-130105.0494260798,5232866.8565276135
2020-04-08,-60002.53865806084,-1,-40171.78380114817,-100174.32245920901,5132692.534068405
2020-04-09,-40001.71412852621,-1,-140842.80598536815,-180844.52011389437,4951848.01395451
2020-04-10,-0.0,-1,-8.188779194016755,-8.188779194016755,4951839.825175316
2020-04-13,-10064.01413545545,-1,-200000.0,-210064.01413545545,4741775.81103986
2020-04-14,-39959.995695896694,-1,-50005.514915377214,-89965.5106112739,4651810.300428586
2020-04-15,59997.46171978511,-1,-30131.051511165777,29866.410208619334,4681676.710637205
2020-04-16,69993.76510657312,-1,-50006.75229602605,19987.012810547072,4701663.723447752
2020-04-17,-50001.985665088025,-1,-10061.757765396784,-60063.74343048481,4641599.980017267
2020-04-20,29998.014293771474,-1,10035.222264686257,40033.236558457735,4681633.216575725
2020-04-21,49998.58306462964,-1,10044.056088460897,60042.63915309054,4741675.855728815
2020-04-22,-20001.979799754976,-1,9997.126666795557,-10004.853132959419,4731671.002595856
2020-04-23,39997.751741905464,-1,-39789.254852959246,208.49688894621795,4731879.499484802
2020-04-24,-1.1355858898450621,-1,-10000.0,-10001.135585889846,4721878.3638989115
2020-04-27,-30100.70783473095,-1,-10017.652444638476,-40118.36027936943,4681760.003619542
2020-04-28,9996.903732841081,-1,9964.830771348808,19961.734504189888,4701721.738123733
2020-04-29,-50002.52896327676,-1,-10000.0,-60002.52896327676,4641719.2091604555
2020-04-30,-40001.414045124315,-1,-10000.0,-50001.414045124315,4591717.795115331
2020-05-01,9998.858550492208,-1,20000.0,29998.85855049221,4621716.653665824
2020-05-04,-20028.437740009842,-1,29947.17846398873,9918.740723978888,4631635.394389803
2020-05-05,-29957.428086375898,-1,0.0,-29957.428086375898,4601677.966303427
2020-05-06,-80001.14535277724,-1,29815.71604052215,-50185.42931225509,4551492.536991172
2020-05-07,19997.132206233648,-1,29994.883329958964,49992.015536192615,4601484.552527364
2020-05-08,-40005.08887045898,-1,30158.255723390044,-9846.833147068937,4591637.719380296
2020-05-11,-10003.405558083072,-1,39895.10198530098,29891.696427217907,4621529.4158075135
2020-05-12,29998.014674311573,-1,-10003.540257999304,19994.474416312267,4641523.890223825
2020-05-13,-1.997353425546369,-1,30131.21064730158,30129.213293876033,4671653.103517702
2020-05-14,49998.30721895971,-1,-20122.61993770771,29875.687281251998,4701528.790798954
2020-05-15,-20001.434737241216,-1,-3.21917389152758,-20004.653911132744,4681524.136887821
2020-05-18,-49660.14803284926,-1,-29973.75253968914,-79633.9005725384,4601890.236315283
2020-05-19,-20005.967542620063,-1,-79511.92048341085,-99517.88802603091,4502372.348289252
2020-05-20,20034.05435026903,-1,-60210.652362309454,-40176.59801204043,4462195.750277212
2020-05-21,9997.737034511762,-1,-60003.84298183412,-50006.10594732236,4412189.64432989
2020-05-22,20002.737792360866,-1,0.0,20002.737792360866,4432192.38212225
2020-05-25,-0.8652235177333467,-1,0.0,-0.8652235177333467,4432191.516898733
2020-05-26,-49999.99999999988,-1,-40282.9593674601,-90282.95936745999,4341908.557531273
2020-05-27,-20002.009055679748,-1,-30002.867842697146,-50004.8768983769,4291903.680632896
2020-05-28,-29957.78930304076,-1,-10035.407295277852,-39993.19659831861,4251910.484034577
2020-05-29,19998.563631992114,-1,-20053.076785853973,-54.51315386185888,4251855.970880715
2020-06-01,-40002.8437372178,-1,19996.82803363739,-20006.01570358041,4231849.955177135
2020-06-02,-10001.724369667001,-1,-19946.914790136856,-29948.639159803857,4201901.316017331
2020-06-03,-19791.91538616254,-1,-59840.74437041,-79632.65975657254,4122268.656260758
2020-06-04,-30004.849356804192,-1,-29841.05124716011,-59845.9006039643,4062422.7556567937
2020-06-05,-2.0194870023066644,-1,-129082.80848043924,-129084.82796744155,3933337.927689352
2020-06-08,9995.99954375467,-1,-49823.16307375812,-39827.163530003454,3893510.764159349
2020-06-09,10223.303490407197,-1,-10035.55007063301,187.75341977418793,3893698.517579123
2020-06-10,-10004.58769046394,-1,59997.158347792894,49992.57065732895,3943691.088236452
2020-06-11,109996.30857075597,-1,50133.70942659851,160130.01799735447,4103821.1062338063
2020-06-12,-30003.76199550156,-1,5.719902741239297e-10,-30003.76199550099,4073817.3442383055
2020-06-15,-1.4343439242510125,-1,20035.632822091935,20034.198478167684,4093851.5427164733
2020-06-16,-80000.00000000006,-1,-40000.0,-120000.00000000006,3973851.5427164733
2020-06-17,19997.10392203304,-1,-20000.0,-2.8960779669614567,3973848.6466385066
2020-06-18,50140.2364738507,-1,-10026.741885319816,40113.494588530884,4013962.1412270376
2020-06-19,-10002.039239182814,-1,10062.559317984678,60.520078801864656,4014022.6613058397
2020-06-22,20002.73888444157,-1,-10062.559317984678,9940.17956645689,4023962.8408722966
2020-06-23,-40042.197892402735,-1,10062.559317984678,-29979.63857441806,3993983.2022978785
2020-06-24,49859.75646576153,-1,20089.254918546056,69949.01138430758,4063932.213682186
2020-06-25,-1.146704186250875,-1,30160.762782608632,30159.61607842238,4094091.8297606083
2020-06-26,40079.061890519944,-1,0.0,40079.061890519944,4134170.8916511284
2020-06-29,-40002.851150575705,-1,19997.48455323159,-20005.366597344117,4114165.5250537843
2020-06-30,-9938.100929200526,-1,-9982.17248862227,-19920.273417822795,4094245.2516359612
2020-07-01,-1.4303330659342697,-1,-39893.10400606896,-39894.534339134894,4054350.717296826
2020-07-02,-19989.04417142917,-1,-19964.344977245106,-39953.38914867428,4014397.3281481517
2020-07-03,-0.0,-1,0.0,0.0,4014397.3281481517
2020-07-06,56.28934755611408,-1,-40035.72423780069,-39979.43489024458,3974417.893257907
2020-07-07,49998.28952285773,-1,-20071.587329074475,29926.702193783258,4004344.5954516903
2020-07-08,-2.576430019339826,-1,-40003.13041214976,-40005.7068421691,3964338.888609521
2020-07-09,49906.706791995355,-1,-40071.78172375487,9834.925068240482,3974173.8136777617
2020-07-10,9997.99848829933,-1,9996.57443967099,19994.572927970323,3994168.386605732
2020-07-13,-0.0,-1,0.0,0.0,3994168.386605732
2020-07-14,9968.481742442349,-1,-29919.152448011744,-19950.670705569395,3974217.7159001627
2020-07-15,-30085.204298859157,-1,0.0,-30085.204298859157,3944132.5116013037
2020-07-16,19971.6830299269,-1,-20000.0,-28.316970073101402,3944104.1946312306
2020-07-17,-10028.373235470346,-1,-10036.096074821993,-20064.46931029234,3924039.725320938
2020-07-20,9985.84151496345,-1,-20054.10889824529,-10068.26738328184,3913971.457937656
2020-07-21,-9994.52030827931,-1,-30189.87489656057,-40184.39520483988,3873787.062732816
2020-07-22,20028.3732354703,-1,-20003.406747776076,24.96648769422245,3873812.0292205103
2020-07-23,49998.86448647076,-1,-30081.520856929477,19917.343629541283,3893729.3728500516
2020-07-24,9998.5725780449,-1,0.0,9998.5725780449,3903727.9454280967
2020-07-27,9971.497691226465,-1,-20127.141685878938,-10155.643994652473,3893572.301433444
2020-07-28,-10009.799324656753,-1,-341.63829362196213,-10351.437618278715,3883220.863815165
2020-07-29,-30059.802693756115,-1,0.0,-30059.802693756115,3853161.061121409
2020-07-30,19989.032683630478,-1,-0.0,19989.032683630478,3873150.0938050393
2020-07-31,-20002.241662680786,-1,0.0,-20002.241662680786,3853147.8521423587
2020-08-03,-19994.513598885587,-1,0.0,-19994.513598885587,3833153.3385434733
2020-08-04,9998.871283029845,-1,-0.0,9998.871283029845,3843152.209826503
2020-08-05,-1.964098787476629,-1,-0.0,-1.964098787476629,3843150.2457277155
2020-08-06,9998.320408836464,-1,-0.0,9998.320408836464,3853148.566136552
2020-08-07,-10080.203200806733,-1,0.0,-10080.203200806733,3843068.362935745
2020-08-10,-9974.264047282531,-1,-0.0,-9974.264047282531,3833094.0988884624
2020-08-11,-40001.40615161028,-1,0.0,-40001.40615161028,3793092.692736852
2020-08-12,-20002.82995868691,-1,-0.0,-20002.82995868691,3773089.862778165
2020-08-13,-30002.26569575371,-1,0.0,-30002.26569575371,3743087.5970824114
2020-08-14,-60001.995809043416,-1,0.0,-60001.995809043416,3683085.601273368
2020-08-17,19998.30236201605,-1,0.0,19998.30236201605,3703083.903635384
2020-08-18,10084.575769557377,-1,0.0,10084.575769557377,3713168.479404941
2020-08-19,-1.999206530750607,-1,0.0,-1.999206530750607,3713166.4801984103
2020-08-20,9903.795118945916,-1,0.0,9903.795118945916,3723070.2753173565
2020-08-21,40087.55854421186,-1,-0.0,40087.55854421186,3763157.8338615685
2020-08-24,9998.559177050514,-1,-0.0,9998.559177050514,3773156.393038619
2020-08-25,-20005.480376528936,-1,0.0,-20005.480376528936,3753150.91266209
2020-08-26,-40001.98069504713,-1,0.0,-40001.98069504713,3713148.931967043
2020-08-27,-59729.964931133974,-1,0.0,-59729.964931133974,3653418.9670359087
2020-08-28,-50003.46477168499,-1,0.0,-50003.46477168499,3603415.5022642235
2020-08-31,29915.99766034693,-1,-0.0,29915.99766034693,3633331.4999245703
2020-09-01,40067.805308780225,-1,0.0,40067.805308780225,3673399.3052333505
2020-09-02,49996.58667507358,-1,-0.0,49996.58667507358,3723395.891908424
2020-09-03,19998.55553025979,-1,0.0,19998.55553025979,3743394.447438684
2020-09-04,-60001.703259266294,-1,0.0,-60001.703259266294,3683392.7441794174
2020-09-07,-5.12194024859299,-1,0.0,-5.12194024859299,3683387.6222391687
2020-09-08,10000.000000000062,-1,-0.0,10000.000000000062,3693387.6222391687
2020-09-09,-20001.42198600952,-1,0.0,-20001.42198600952,3673386.2002531593
2020-09-10,-56.225336335235625,-1,0.0,-56.225336335235625,3673329.974916824
2020-09-11,10000.00000000001,-1,0.0,10000.00000000001,3683329.974916824
2020-09-14,10005.482972675758,-1,-0.0,10005.482972675758,3693335.4578895
2020-09-15,-10014.098092641529,-1,0.0,-10014.098092641529,3683321.3597968584
2020-09-16,-9997.259060666485,-1,-0.0,-9997.259060666485,3673324.100736192
2020-09-17,19943.774663664783,-1,-0.0,19943.774663664783,3693267.875399857
2020-09-18,-10000.000000000065,-1,0.0,-10000.000000000065,3683267.875399857
2020-09-21,-50.745644614537014,-1,-0.0,-50.745644614537014,3683217.1297552423
2020-09-22,10000.00000000001,-1,0.0,10000.00000000001,3693217.1297552423
2020-09-23,10002.740939333533,-1,0.0,10002.740939333533,3703219.870694576
2020-09-24,10028.196185283048,-1,0.0,10028.196185283048,3713248.0668798587
2020-09-25,-10001.143544088878,-1,0.0,-10001.143544088878,3703246.9233357697
2020-09-28,-20000.00000000002,-1,0.0,-20000.00000000002,3683246.9233357697
2020-09-29,-10033.643246727115,-1,-0.0,-10033.643246727115,3673213.2800890426
2020-09-30,-9896.620100390595,-1,0.0,-9896.620100390595,3663316.659988652
2020-10-01,-2.013140214792546,-1,0.0,-2.013140214792546,3663314.6468484374
2020-10-02,-20039.481039961596,-1,0.0,-20039.481039961596,3643275.1658084756
2020-10-05,-39747.41778179928,-1,-0.0,-39747.41778179928,3603527.7480266765
2020-10-06,-4.588463036225294,-1,-0.0,-4.588463036225294,3603523.15956364
2020-10-07,-10047.725487265092,-1,-0.0,-10047.725487265092,3593475.434076375
2020-10-08,9885.572759835119,-1,-0.0,9885.572759835119,3603361.00683621
2020-10-09,-0.0,-1,-0.0,-0.0,3603361.00683621
2020-10-12,-0.0,-1,0.0,0.0,3603361.00683621
2020-10-13,29924.464747525893,-1,-0.0,29924.464747525893,3633285.4715837357
2020-10-14,9997.985922782857,-1,-0.0,9997.985922782857,3643283.4575065183
2020-10-15,-50.67898543680349,-1,0.0,-50.67898543680349,3643232.7785210814
2020-10-16,-0.0,-1,-0.0,-0.0,3643232.7785210814
2020-10-19,-10005.477637817363,-1,-0.0,-10005.477637817363,3633227.3008832643
2020-10-20,-50001.70515564131,-1,0.0,-50001.70515564131,3583225.595727623
2020-10-21,-1.4650664210388322,-1,-0.0,-1.4650664210388322,3583224.130661202
2020-10-22,-29871.742485797033,-1,-0.0,-29871.742485797033,3553352.388175405
2020-10-23,19996.832839067913,-1,-0.0,19996.832839067913,3573349.221014473
2020-10-26,30203.52284810789,-1,0.0,30203.52284810789,3603552.743862581
2020-10-27,9996.81576392737,-1,0.0,9996.81576392737,3613549.5596265085
2020-10-28,10027.967096645447,-1,0.0,10027.967096645447,3623577.526723154
2020-10-29,-20240.99784815895,-1,-0.0,-20240.99784815895,3603336.5288749947
2020-10-30,-29874.765601950512,-1,0.0,-29874.765601950512,3573461.763273044
2020-11-02,19997.405891720766,-1,-0.0,19997.405891720766,3593459.1691647647
2020-11-03,-20083.613011335336,-1,-0.0,-20083.613011335336,3573375.556153429
2020-11-04,49863.57915317011,-1,0.0,49863.57915317011,3623239.1353065995
2020-11-05,9995.68152031197,-1,-0.0,9995.68152031197,3633234.8168269116
2020-11-06,-30084.010854890697,-1,-0.0,-30084.010854890697,3603150.805972021
2020-11-09,-50002.29433023456,-1,-0.0,-50002.29433023456,3553148.5116417864
2020-11-10,-6.050568201505486,-1,-0.0,-6.050568201505486,3553142.461073585
2020-11-11,-0.0,-1,0.0,0.0,3553142.461073585
2020-11-12,49728.82504117591,-1,0.0,49728.82504117591,3602871.2861147607
2020-11-13,-3.7679084946381365,-1,-0.0,-3.7679084946381365,3602867.518206266
2020-11-16,-9986.097544230819,-1,-0.0,-9986.097544230819,3592881.4206620352
2020-11-17,19894.360964014417,-1,0.0,19894.360964014417,3612775.7816260494
2020-11-18,10002.73683115604,-1,-0.0,10002.73683115604,3622778.5184572055
2020-11-19,30111.548032742357,-1,-0.0,30111.548032742357,3652890.066489948
2020-11-20,39997.960222997746,-1,0.0,39997.960222997746,3692888.0267129457
2020-11-23,-20001.73923531652,-1,-0.0,-20001.73923531652,3672886.2874776293
2020-11-24,-40001.15345022734,-1,-0.0,-40001.15345022734,3632885.134027402
2020-11-25,-20001.172536436345,-1,0.0,-20001.172536436345,3612883.9614909654
2020-11-26,-0.0,-1,0.0,0.0,3612883.9614909654
2020-11-27,29860.79349945734,-1,0.0,29860.79349945734,3642744.7549904226
2020-11-30,-20047.44336409048,-1,-0.0,-20047.44336409048,3622697.3116263323
2020-12-01,-20174.319793072398,-1,-0.0,-20174.319793072398,3602522.99183326
2020-12-02,-40002.59604888514,-1,-0.0,-40002.59604888514,3562520.395784375
2020-12-03,9998.817818363,-1,-0.0,9998.817818363,3572519.213602738
2020-12-04,-40239.41838818726,-1,0.0,-40239.41838818726,3532279.7952145506
2020-12-07,19834.069042428615,-1,-0.0,19834.069042428615,3552113.864256979
2020-12-08,10022.290403282595,-1,0.0,10022.290403282595,3562136.1546602617
2020-12-09,-67.0316245681206,-1,0.0,-67.0316245681206,3562069.1230356935
2020-12-10,20050.055282248493,-1,-0.0,20050.055282248493,3582119.178317942
2020-12-11,-2.3071293043593877,-1,0.0,-2.3071293043593877,3582116.871188638
2020-12-14,-0.0,-1,0.0,0.0,3582116.871188638
2020-12-15,-20055.742007556895,-1,0.0,-20055.742007556895,3562061.129181081
2020-12-16,-10000.00000000001,-1,-0.0,-10000.00000000001,3552061.129181081
2020-12-17,-9966.735581601602,-1,-0.0,-9966.735581601602,3542094.3935994795
2020-12-18,-9914.059308944219,-1,0.0,-9914.059308944219,3532180.334290535
2020-12-21,19998.52287490002,-1,-0.0,19998.52287490002,3552178.8571654353
2020-12-22,10083.37314636643,-1,-0.0,10083.37314636643,3562262.2303118017
2020-12-23,-40002.03025560118,-1,0.0,-40002.03025560118,3522260.2000562004
2020-12-24,29998.246330215137,-1,-0.0,29998.246330215137,3552258.4463864155
2020-12-25,-1.4587263219674584,-1,0.0,-1.4587263219674584,3552256.9876600937
2020-12-28,-0.0,-1,-0.0,-0.0,3552256.9876600937
2020-12-29,-9997.263233787855,-1,0.0,-9997.263233787855,3542259.724426306
2020-12-30,9986.113473135134,-1,-0.0,9986.113473135134,3552245.837899441
2020-12-31,-0.0,-1,-0.0,-0.0,3552245.837899441
2021-01-01,-0.0,-1,0.0,0.0,3552245.837899441
2021-01-04,-10013.913822760936,-1,0.0,-10013.913822760936,3542231.92407668
2021-01-05,-19994.524284801562,-1,0.0,-19994.524284801562,3522237.3997918786
2021-01-06,-60001.458726322104,0,0.0,-60001.458726322104,3462235.9410655564
2021-01-07,-1223.9356200156062,0,-0.0,-1223.9356200156062,3461012.005445541
2021-01-08,0.0,0,-0.0,0.0,3461012.005445541
2021-01-11,0.0,0,-0.0,0.0,3461012.005445541
2021-01-12,0.0,0,0.0,0.0,3461012.005445541
2021-01-13,0.0,0,-0.0,0.0,3461012.005445541
2021-01-14,0.0,0,-0.0,0.0,3461012.005445541
2021-01-15,0.0,0,0.0,0.0,3461012.005445541
2021-01-18,0.0,0,0.0,0.0,3461012.005445541
2021-01-19,0.0,0,-0.0,0.0,3461012.005445541
2021-01-20,0.0,0,0.0,0.0,3461012.005445541
2021-01-21,0.0,0,0.0,0.0,3461012.005445541
2021-01-22,0.0,0,0.0,0.0,3461012.005445541
2021-01-25,0.0,0,0.0,0.0,3461012.005445541
2021-01-26,0.0,0,0.0,0.0,3461012.005445541
2021-01-27,0.0,0,0.0,0.0,3461012.005445541
2021-01-28,0.0,0,0.0,0.0,3461012.005445541
2021-01-29,0.0,0,0.0,0.0,3461012.005445541
2021-02-01,0.0,0,0.0,0.0,3461012.005445541
2021-02-02,0.0,0,-0.0,0.0,3461012.005445541
2021-02-03,0.0,0,-0.0,0.0,3461012.005445541
2021-02-04,0.0,0,0.0,0.0,3461012.005445541
2021-02-05,0.0,0,-0.0,0.0,3461012.005445541
2021-02-08,-0.0,0,-0.0,-0.0,3461012.005445541
2021-02-09,-0.0,0,0.0,0.0,3461012.005445541
2021-02-10,0.0,0,0.0,0.0,3461012.005445541
2021-02-11,0.0,0,0.0,0.0,3461012.005445541
2021-02-12,0.0,0,0.0,0.0,3461012.005445541
2021-02-15,0.0,0,0.0,0.0,3461012.005445541
2021-02-16,0.0,0,-0.0,0.0,3461012.005445541
2021-02-17,-0.0,0,-0.0,-0.0,3461012.005445541
2021-02-18,0.0,0,0.0,0.0,3461012.005445541
2021-02-19,0.0,0,0.0,0.0,3461012.005445541
2021-02-22,0.0,0,0.0,0.0,3461012.005445541
2021-02-23,0.0,0,0.0,0.0,3461012.005445541
2021-02-24,0.0,0,0.0,0.0,3461012.005445541
2021-02-25,0.0,0,-0.0,0.0,3461012.005445541
2021-02-26,0.0,0,0.0,0.0,3461012.005445541
2021-03-01,0.0,0,0.0,0.0,3461012.005445541
2021-03-02,0.0,0,0.0,0.0,3461012.005445541
2021-03-03,0.0,0,-0.0,0.0,3461012.005445541
2021-03-04,0.0,0,-0.0,0.0,3461012.005445541
2021-03-05,-0.0,0,0.0,0.0,3461012.005445541
2021-03-08,0.0,0,0.0,0.0,3461012.005445541
2021-03-09,0.0,0,0.0,0.0,3461012.005445541
2021-03-10,0.0,0,0.0,0.0,3461012.005445541
2021-03-11,0.0,0,0.0,0.0,3461012.005445541
2021-03-12,0.0,0,0.0,0.0,3461012.005445541
2021-03-15,0.0,0,-0.0,0.0,3461012.005445541
2021-03-16,0.0,0,0.0,0.0,3461012.005445541
2021-03-17,0.0,0,0.0,0.0,3461012.005445541
2021-03-18,0.0,0,-0.0,0.0,3461012.005445541
2021-03-19,0.0,0,-0.0,0.0,3461012.005445541
2021-03-22,0.0,0,-0.0,0.0,3461012.005445541
2021-03-23,0.0,0,0.0,0.0,3461012.005445541
2021-03-24,-0.0,0,-0.0,-0.0,3461012.005445541
2021-03-25,0.0,0,0.0,0.0,3461012.005445541
2021-03-26,0.0,0,-0.0,0.0,3461012.005445541
2021-03-29,0.0,0,-0.0,0.0,3461012.005445541
2021-03-30,-0.0,0,-0.0,-0.0,3461012.005445541
2021-03-31,0.0,0,-0.0,0.0,3461012.005445541
2021-04-01,0.0,0,-0.0,0.0,3461012.005445541
2021-04-02,0.0,0,-0.0,0.0,3461012.005445541
2021-04-05,0.0,0,-0.0,0.0,3461012.005445541
2021-04-06,0.0,0,0.0,0.0,3461012.005445541
2021-04-07,0.0,0,0.0,0.0,3461012.005445541
2021-04-08,0.0,0,0.0,0.0,3461012.005445541
2021-04-09,0.0,0,-0.0,0.0,3461012.005445541
2021-04-12,0.0,0,-0.0,0.0,3461012.005445541
2021-04-13,0.0,0,0.0,0.0,3461012.005445541
2021-04-14,0.0,0,0.0,0.0,3461012.005445541
2021-04-15,0.0,0,-0.0,0.0,3461012.005445541
2021-04-16,0.0,0,0.0,0.0,3461012.005445541
2021-04-19,0.0,0,0.0,0.0,3461012.005445541
2021-04-20,0.0,0,0.0,0.0,3461012.005445541
2021-04-21,-0.0,0,0.0,0.0,3461012.005445541
2021-04-22,-0.0,0,-0.0,-0.0,3461012.005445541
2021-04-23,0.0,0,-0.0,0.0,3461012.005445541
2021-04-26,-0.0,0,-0.0,-0.0,3461012.005445541
2021-04-27,0.0,0,-0.0,0.0,3461012.005445541
2021-04-28,0.0,0,0.0,0.0,3461012.005445541
2021-04-29,0.0,0,-0.0,0.0,3461012.005445541
2021-04-30,-0.0,0,-0.0,-0.0,3461012.005445541
2021-05-03,0.0,0,0.0,0.0,3461012.005445541
2021-05-04,0.0,0,0.0,0.0,3461012.005445541
2021-05-05,0.0,0,0.0,0.0,3461012.005445541
2021-05-06,-0.0,0,-0.0,-0.0,3461012.005445541
2021-05-07,0.0,0,0.0,0.0,3461012.005445541
2021-05-10,0.0,-1,0.0,0.0,3461012.005445541
2021-05-11,-31254.399699963527,-1,0.0,-31254.399699963527,3429757.6057455773
2021-05-12,20200.10695825486,-1,0.0,20200.10695825486,3449957.712703832
2021-05-13,-20004.44252034577,-1,0.0,-20004.44252034577,3429953.2701834864
2021-05-14,20036.985816950306,-1,-0.0,20036.985816950306,3449990.256000437
2021-05-17,9997.047445501077,-1,-0.0,9997.047445501077,3459987.303445938
2021-05-18,-19981.21553508997,-1,0.0,-19981.21553508997,3440006.087910848
2021-05-19,30015.77412640451,-1,-0.0,30015.77412640451,3470021.8620372526
2021-05-20,-105.42034908691858,-1,-0.0,-105.42034908691858,3469916.4416881655
2021-05-21,20010.64692438052,-1,-0.0,20010.64692438052,3489927.088612546
2021-05-24,64.40831936859104,-1,-0.0,64.40831936859104,3489991.4969319147
2021-05-25,19998.756063017623,-1,0.0,19998.756063017623,3509990.2529949322
2021-05-26,-2.3845795144651376,-1,-0.0,-2.3845795144651376,3509987.8684154176
2021-05-27,-9975.896493651404,-1,-0.0,-9975.896493651404,3500011.971921766
2021-05-28,9890.402851502651,-1,0.0,9890.402851502651,3509902.374773269
2021-05-31,-0.0,-1,0.0,0.0,3509902.374773269
2021-06-01,-20000.00000000002,-1,-0.0,-20000.00000000002,3489902.374773269
2021-06-02,9998.204170657971,-1,0.0,9998.204170657971,3499900.578943927
2021-06-03,19957.20981619008,-1,-0.0,19957.20981619008,3519857.788760117
2021-06-04,48.97226807928382,-1,0.0,48.97226807928382,3519906.761028196
2021-06-07,-2.6922736815643207,-1,-0.0,-2.6922736815643207,3519904.0687545147
2021-06-08,19951.731090464702,-1,0.0,19951.731090464702,3539855.7998449793
2021-06-09,20156.318327283716,-1,-0.0,20156.318327283716,3560012.118172263
2021-06-10,-2.9907835465453565,-1,0.0,-2.9907835465453565,3560009.127388716
2021-06-11,30016.352563293505,-1,-0.0,30016.352563293505,3590025.47995201
2021-06-14,-119.0759055683011,-1,-0.0,-119.0759055683011,3589906.4040464414
2021-06-15,-19959.45090549485,-1,0.0,-19959.45090549485,3569946.9531409466
2021-06-16,99891.11278271118,-1,-0.0,99891.11278271118,3669838.0659236577
2021-06-17,99598.61357229225,0,-0.0,99598.61357229225,3769436.6794959498
2021-06-18,-1248.3739214263867,0,0.0,-1248.3739214263867,3768188.3055745233
2021-06-21,0.0,0,0.0,0.0,3768188.3055745233
2021-06-22,0.0,0,0.0,0.0,3768188.3055745233
2021-06-23,0.0,0,-0.0,0.0,3768188.3055745233
2021-06-24,-0.0,0,-0.0,-0.0,3768188.3055745233
2021-06-25,0.0,0,0.0,0.0,3768188.3055745233
2021-06-28,0.0,0,-0.0,0.0,3768188.3055745233
2021-06-29,0.0,0,-0.0,0.0,3768188.3055745233
2021-06-30,0.0,0,0.0,0.0,3768188.3055745233
2021-07-01,0.0,0,-0.0,0.0,3768188.3055745233
2021-07-02,0.0,0,0.0,0.0,3768188.3055745233
2021-07-05,0.0,0,0.0,0.0,3768188.3055745233
2021-07-06,0.0,0,0.0,0.0,3768188.3055745233
2021-07-07,0.0,0,-0.0,0.0,3768188.3055745233
2021-07-08,0.0,0,0.0,0.0,3768188.3055745233
2021-07-09,0.0,0,-0.0,0.0,3768188.3055745233
2021-07-12,0.0,0,0.0,0.0,3768188.3055745233
2021-07-13,0.0,0,0.0,0.0,3768188.3055745233
2021-07-14,0.0,0,-0.0,0.0,3768188.3055745233
2021-07-15,0.0,0,0.0,0.0,3768188.3055745233
2021-07-16,0.0,0,0.0,0.0,3768188.3055745233
2021-07-19,0.0,0,0.0,0.0,3768188.3055745233
2021-07-20,0.0,0,0.0,0.0,3768188.3055745233
2021-07-21,0.0,0,-0.0,0.0,3768188.3055745233
2021-07-22,0.0,0,-0.0,0.0,3768188.3055745233
2021-07-23,0.0,0,-0.0,0.0,3768188.3055745233
2021-07-26,0.0,0,0.0,0.0,3768188.3055745233
2021-07-27,0.0,0,0.0,0.0,3768188.3055745233
2021-07-28,0.0,0,0.0,0.0,3768188.3055745233
2021-07-29,0.0,0,-0.0,0.0,3768188.3055745233
2021-07-30,0.0,0,0.0,0.0,3768188.3055745233
2021-08-02,0.0,0,0.0,0.0,3768188.3055745233
2021-08-03,0.0,0,0.0,0.0,3768188.3055745233
2021-08-04,-0.0,0,-0.0,-0.0,3768188.3055745233
2021-08-05,0.0,0,-0.0,0.0,3768188.3055745233
2021-08-06,0.0,0,-0.0,0.0,3768188.3055745233
2021-08-09,0.0,0,0.0,0.0,3768188.3055745233
2021-08-10,0.0,0,0.0,0.0,3768188.3055745233
2021-08-11,0.0,0,0.0,0.0,3768188.3055745233
2021-08-12,0.0,0,0.0,0.0,3768188.3055745233
2021-08-13,0.0,0,-0.0,0.0,3768188.3055745233
2021-08-16,0.0,0,-0.0,0.0,3768188.3055745233
2021-08-17,0.0,0,0.0,0.0,3768188.3055745233
2021-08-18,-0.0,1,-0.0,-0.0,3768188.3055745233
2021-08-19,-21241.578779851432,1,0.0,-21241.578779851432,3746946.7267946717
2021-08-20,-30046.671963614273,1,-0.0,-30046.671963614273,3716900.0548310573
2021-08-23,19998.519412223603,1,0.0,19998.519412223603,3736898.574243281
2021-08-24,19989.10510162399,1,-0.0,19989.10510162399,3756887.679344905
2021-08-25,9998.797681683172,1,-0.0,9998.797681683172,3766886.4770265883
2021-08-26,-20002.6217519101,1,-0.0,-20002.6217519101,3746883.855274678
2021-08-27,19917.868603485254,1,0.0,19917.868603485254,3766801.7238781634
2021-08-30,9997.099978630456,1,0.0,9997.099978630456,3776798.823856794
2021-08-31,20027.429734519745,1,0.0,20027.429734519745,3796826.2535913135
2021-09-01,-10005.448130058421,1,-0.0,-10005.448130058421,3786820.805461255
2021-09-02,-19972.623646177373,1,0.0,-19972.623646177373,3766848.1818150776
2021-09-03,40054.85946903949,1,-0.0,40054.85946903949,3806903.041284117
2021-09-06,0.0,1,0.0,0.0,3806903.041284117
2021-09-07,9784.1823956562,1,0.0,9784.1823956562,3816687.223679773
2021-09-08,-30003.251011224358,1,-0.0,-30003.251011224358,3786683.9726685486
2021-09-09,-30001.488296475614,1,-0.0,-30001.488296475614,3756682.484372073
2021-09-10,9997.936347628995,1,-0.0,9997.936347628995,3766680.420719702
2021-09-13,-20002.040112659724,1,-0.0,-20002.040112659724,3746678.380607042
2021-09-14,-40241.47519929775,1,0.0,-40241.47519929775,3706436.9054077445
2021-09-15,-3.541219368984783,1,-0.0,-3.541219368984783,3706433.3641883754
2021-09-16,-20011.11311637018,1,-0.0,-20011.11311637018,3686422.2510720054
2021-09-17,-10068.97444883938,1,-0.0,-10068.97444883938,3676353.276623166
2021-09-20,-10004.307945095681,1,0.0,-10004.307945095681,3666348.9686780707
2021-09-21,-3.194621287564468,1,-0.0,-3.194621287564468,3666345.774056783
2021-09-22,-39967.08653552405,1,-0.0,-39967.08653552405,3626378.687521259
2021-09-23,175.37992957868846,1,-0.0,175.37992957868846,3626554.0674508377
2021-09-24,39994.831758191336,1,-0.0,39994.831758191336,3666548.899209029
2021-09-27,-10002.951678779626,1,-0.0,-10002.951678779626,3656545.9475302496
2021-09-28,40010.86530960032,1,0.0,40010.86530960032,3696556.81283985
2021-09-29,29996.17326120442,1,0.0,29996.17326120442,3726552.986101054
2021-09-30,20035.24487315844,1,0.0,20035.24487315844,3746588.2309742128
2021-10-01,10108.59446982637,1,0.0,10108.59446982637,3756696.825444039
2021-10-04,-10008.116289714453,1,0.0,-10008.116289714453,3746688.7091543246
2021-10-05,20078.91712798,1,-0.0,20078.91712798,3766767.6262823045
2021-10-06,-29929.654670407217,1,0.0,-29929.654670407217,3736837.9716118975
2021-10-07,19907.738941960277,1,0.0,19907.738941960277,3756745.710553858
2021-10-08,-1.8334245055713867,1,-0.0,-1.8334245055713867,3756743.877129352
2021-10-11,0.0,1,0.0,0.0,3756743.877129352
2021-10-12,-89732.78039337353,1,-0.0,-89732.78039337353,3667011.0967359785
2021-10-13,-60187.23708323751,1,-0.0,-60187.23708323751,3606823.859652741
2021-10-14,9995.601987918055,1,0.0,9995.601987918055,3616819.461640659
2021-10-15,-49964.20356787172,1,-0.0,-49964.20356787172,3566855.258072787
2021-10-18,-69967.47222508198,1,-0.0,-69967.47222508198,3496887.785847705
2021-10-19,69996.82700720457,1,0.0,69996.82700720457,3566884.6128549096
2021-10-20,39997.28512532264,1,0.0,39997.28512532264,3606881.8979802323
2021-10-21,-60059.53462925408,1,-0.0,-60059.53462925408,3546822.363350978
2021-10-22,-40002.90279302747,1,-0.0,-40002.90279302747,3506819.4605579507
2021-10-25,39998.191525154885,1,0.0,39998.191525154885,3546817.6520831054
2021-10-26,-49953.91347616917,1,-0.0,-49953.91347616917,3496863.7386069363
2021-10-27,-60386.5276489203,1,-0.0,-60386.5276489203,3436477.210958016
2021-10-28,-10005.625537218193,1,-0.0,-10005.625537218193,3426471.585420798
2021-10-29,-29959.030274785455,1,0.0,-29959.030274785455,3396512.5551460125
2021-11-01,30147.80237495322,1,-0.0,30147.80237495322,3426660.357520966
2021-11-02,30027.614768334635,1,0.0,30027.614768334635,3456687.9722893005
2021-11-03,-65.4701470526561,1,-0.0,-65.4701470526561,3456622.5021422477
2021-11-04,49997.64749891263,1,0.0,49997.64749891263,3506620.1496411604
2021-11-05,-30003.72821836372,1,0.0,-30003.72821836372,3476616.421422797
2021-11-08,-70004.38695663532,1,-0.0,-70004.38695663532,3406612.0344661614
2021-11-09,-9957.457095720238,1,-0.0,-9957.457095720238,3396654.577370441
2021-11-10,-60002.31591472956,1,-0.0,-60002.31591472956,3336652.2614557114
2021-11-11,-6.898139316022722,1,0.0,-6.898139316022722,3336645.3633163953
2021-11-12,20000.000000000015,1,0.0,20000.000000000015,3356645.3633163953
2021-11-15,39759.648670932074,1,0.0,39759.648670932074,3396405.0119873276
2021-11-16,-3.561636384629336,1,0.0,-3.561636384629336,3396401.450350943
2021-11-17,10019.098969252558,1,0.0,10019.098969252558,3406420.549320196
2021-11-18,-10030.074631630443,1,-0.0,-10030.074631630443,3396390.4746885654
2021-11-19,-60002.33221047721,1,0.0,-60002.33221047721,3336388.142478088
2021-11-22,-40001.81063146976,1,-0.0,-40001.81063146976,3296386.331846618
2021-11-23,39994.80419318608,1,0.0,39994.80419318608,3336381.136039804
2021-11-24,-70001.21279846333,0,-0.0,-70001.21279846333,3266379.923241341
2021-11-25,-1259.989952361647,0,0.0,-1259.989952361647,3265119.9332889793
2021-11-26,0.0,0,0.0,0.0,3265119.9332889793
2021-11-29,0.0,0,-0.0,0.0,3265119.9332889793
2021-11-30,0.0,0,0.0,0.0,3265119.9332889793
2021-12-01,-0.0,0,0.0,0.0,3265119.9332889793
2021-12-02,-0.0,0,-0.0,-0.0,3265119.9332889793
2021-12-03,0.0,0,0.0,0.0,3265119.9332889793
2021-12-06,0.0,0,-0.0,0.0,3265119.9332889793
2021-12-07,0.0,0,-0.0,0.0,3265119.9332889793
2021-12-08,0.0,0,0.0,0.0,3265119.9332889793
2021-12-09,0.0,0,0.0,0.0,3265119.9332889793
2021-12-10,0.0,0,0.0,0.0,3265119.9332889793
2021-12-13,0.0,0,-0.0,0.0,3265119.9332889793
2021-12-14,0.0,0,-0.0,0.0,3265119.9332889793
2021-12-15,0.0,0,0.0,0.0,3265119.9332889793
2021-12-16,0.0,0,0.0,0.0,3265119.9332889793
2021-12-17,0.0,0,0.0,0.0,3265119.9332889793
2021-12-20,0.0,0,0.0,0.0,3265119.9332889793
2021-12-21,0.0,0,-0.0,0.0,3265119.9332889793
2021-12-22,0.0,0,-0.0,0.0,3265119.9332889793
2021-12-23,0.0,0,0.0,0.0,3265119.9332889793
2021-12-24,0.0,0,0.0,0.0,3265119.9332889793
2021-12-27,-0.0,0,0.0,0.0,3265119.9332889793
2021-12-28,0.0,0,0.0,0.0,3265119.9332889793
2021-12-29,0.0,0,-0.0,0.0,3265119.9332889793
2021-12-30,0.0,0,0.0,0.0,3265119.9332889793
2021-12-31,0.0,0,0.0,0.0,3265119.9332889793
2022-01-03,0.0,0,-0.0,0.0,3265119.9332889793
2022-01-04,0.0,0,0.0,0.0,3265119.9332889793
2022-01-05,0.0,0,-0.0,0.0,3265119.9332889793
2022-01-06,0.0,0,-0.0,0.0,3265119.9332889793
2022-01-07,0.0,0,0.0,0.0,3265119.9332889793
2022-01-10,0.0,0,-0.0,0.0,3265119.9332889793
2022-01-11,0.0,0,-0.0,0.0,3265119.9332889793
2022-01-12,0.0,0,0.0,0.0,3265119.9332889793
2022-01-13,0.0,0,0.0,0.0,3265119.9332889793
2022-01-14,0.0,0,-0.0,0.0,3265119.9332889793
2022-01-17,0.0,0,0.0,0.0,3265119.9332889793
2022-01-18,0.0,0,-0.0,0.0,3265119.9332889793
2022-01-19,0.0,0,-0.0,0.0,3265119.9332889793
2022-01-20,0.0,0,0.0,0.0,3265119.9332889793
2022-01-21,0.0,0,0.0,0.0,3265119.9332889793
2022-01-24,0.0,0,0.0,0.0,3265119.9332889793
2022-01-25,0.0,0,0.0,0.0,3265119.9332889793
2022-01-26,0.0,0,-0.0,0.0,3265119.9332889793
2022-01-27,-0.0,0,0.0,0.0,3265119.9332889793
2022-01-28,0.0,0,0.0,0.0,3265119.9332889793
2022-01-31,0.0,0,0.0,0.0,3265119.9332889793
2022-02-01,0.0,0,-0.0,0.0,3265119.9332889793
2022-02-02,0.0,0,-0.0,0.0,3265119.9332889793
2022-02-03,0.0,0,0.0,0.0,3265119.9332889793
2022-02-04,0.0,0,0.0,0.0,3265119.9332889793
2022-02-07,0.0,0,0.0,0.0,3265119.9332889793
2022-02-08,0.0,0,-0.0,0.0,3265119.9332889793
2022-02-09,0.0,0,0.0,0.0,3265119.9332889793
2022-02-10,0.0,0,-0.0,0.0,3265119.9332889793
2022-02-11,0.0,0,0.0,0.0,3265119.9332889793
2022-02-14,0.0,0,0.0,0.0,3265119.9332889793
2022-02-15,0.0,0,-0.0,0.0,3265119.9332889793
2022-02-16,0.0,0,0.0,0.0,3265119.9332889793
2022-02-17,0.0,0,0.0,0.0,3265119.9332889793
2022-02-18,0.0,0,9631.551401666804,9631.551401666804,3274751.484690646
2022-02-21,0.0,0,0.0,0.0,3274751.484690646
2022-02-22,0.0,0,2.8521293113557507e-10,2.8521293113557507e-10,3274751.4846906466
2022-02-23,0.0,0,-30052.489685739143,-30052.489685739143,3244698.9950049077
2022-02-24,0.0,0,140000.00000000058,140000.00000000058,3384698.995004908
2022-02-25,0.0,0,-40003.55023993772,-40003.55023993772,3344695.4447649703
2022-02-28,0.0,0,140366.03177460778,140366.03177460778,3485061.4765395783
2022-03-01,0.0,0,-90235.30614081948,-90235.30614081948,3394826.1703987587
2022-03-02,0.0,0,-10007.402334749318,-10007.402334749318,3384818.7680640095
2022-03-03,0.0,0,-4.174088128543552,-4.174088128543552,3384814.593975881
2022-03-04,0.0,0,70000.00000000057,70000.00000000057,3454814.5939758816
2022-03-07,0.0,0,10043.807679039715,10043.807679039715,3464858.4016549215
2022-03-08,0.0,1,30000.000000000568,30000.000000000568,3494858.401654922
2022-03-09,-21279.954640639076,1,-30003.551901325987,-51283.506541965064,3443574.895112957
2022-03-10,39996.47508982021,1,59739.98190852954,99736.45699834975,3543311.3521113065
2022-03-11,-60004.21370609276,1,-30004.87286858754,-90009.0865746803,3453302.2655366263
2022-03-14,-29555.898527504993,1,-20017.29556991996,-49573.19409742495,3403729.0714392015
2022-03-15,19992.08309872738,1,29996.405133633132,49988.48823236051,3453717.559671562
2022-03-16,-109920.57994525299,1,-129553.72852045792,-239474.3084657109,3214243.2512058513
2022-03-17,50031.7020493709,1,-60258.93517680996,-10227.23312743906,3204016.0180784124
2022-03-18,-49738.80045920625,1,-30003.268807992365,-79742.06926719862,3124273.948811214
2022-03-21,-60002.70303532938,1,-70002.92912833685,-130005.63216366623,2994268.3166475478
2022-03-22,-10009.48841814329,1,-20003.581694170618,-30013.070112313908,2964255.2465352337
2022-03-23,-30003.29129586866,1,-19931.120314401385,-49934.41161027005,2914320.834924964
2022-03-24,-40003.95402893173,1,-20069.229957339485,-60073.183986271215,2854247.6509386925
2022-03-25,-89736.74052489994,1,-50173.074893348145,-139909.8154182481,2714337.8355204444
2022-03-28,-20008.51547299054,1,-19913.954876188513,-39922.47034917906,2674415.3651712653
2022-03-29,9854.935842579165,1,-29974.12098452974,-20119.185141950577,2654296.180029315
2022-03-30,-3.9269286144616435,1,-378.17398577279454,-382.1009143872562,2653914.079114928
2022-03-31,-20003.00066683214,1,0.0,-20003.00066683214,2633911.078448096
2022-04-01,-130001.82592837546,0,-0.0,-130001.82592837546,2503909.2525197202
2022-04-04,-1303.7641401560852,0,0.0,-1303.7641401560852,2502605.488379564
2022-04-05,0.0,0,-0.0,0.0,2502605.488379564
2022-04-06,0.0,0,0.0,0.0,2502605.488379564
2022-04-07,0.0,0,0.0,0.0,2502605.488379564
2022-04-08,0.0,0,-0.0,0.0,2502605.488379564
2022-04-11,0.0,0,0.0,0.0,2502605.488379564
2022-04-12,0.0,0,0.0,0.0,2502605.488379564
2022-04-13,-0.0,0,0.0,0.0,2502605.488379564
2022-04-14,0.0,0,-0.0,0.0,2502605.488379564
2022-04-15,0.0,0,0.0,0.0,2502605.488379564
2022-04-18,0.0,0,0.0,0.0,2502605.488379564
2022-04-19,0.0,0,-0.0,0.0,2502605.488379564
2022-04-20,0.0,0,0.0,0.0,2502605.488379564
2022-04-21,0.0,0,0.0,0.0,2502605.488379564
2022-04-22,0.0,0,0.0,0.0,2502605.488379564
2022-04-25,0.0,0,0.0,0.0,2502605.488379564
2022-04-26,0.0,0,0.0,0.0,2502605.488379564
2022-04-27,0.0,0,-0.0,0.0,2502605.488379564
2022-04-28,0.0,0,0.0,0.0,2502605.488379564
2022-04-29,0.0,0,-0.0,0.0,2502605.488379564
2022-05-02,0.0,0,0.0,0.0,2502605.488379564
2022-05-03,-0.0,0,-0.0,-0.0,2502605.488379564
2022-05-04,0.0,0,0.0,0.0,2502605.488379564
2022-05-05,0.0,0,0.0,0.0,2502605.488379564
2022-05-06,0.0,0,-0.0,0.0,2502605.488379564
2022-05-09,0.0,0,0.0,0.0,2502605.488379564
2022-05-10,0.0,0,-10405.777181108373,-10405.777181108373,2492199.7111984557
2022-05-11,0.0,0,10058.671719795446,10058.671719795446,2502258.382918251
2022-05-12,0.0,0,29995.27333622274,29995.27333622274,2532253.656254474
2022-05-13,0.0,0,40134.62484777102,40134.62484777102,2572388.281102245
2022-05-16,0.0,0,49624.42208493918,49624.42208493918,2622012.7031871844
2022-05-17,0.0,0,-19849.76883397556,-19849.76883397556,2602162.9343532086
2022-05-18,0.0,0,39994.25679493272,39994.25679493272,2642157.1911481414
2022-05-19,0.0,0,60250.8289487598,60250.8289487598,2702408.0200969013
2022-05-20,0.0,0,-10033.423060655201,-10033.423060655201,2692374.597036246
2022-05-23,0.0,0,-30003.7209659317,-30003.7209659317,2662370.8760703146
2022-05-24,0.0,0,9958.26728046288,9958.26728046288,2672329.143350777
2022-05-25,0.0,0,-50167.86891245304,-50167.86891245304,2622161.2744383244
2022-05-26,0.0,0,-40003.367495632054,-40003.367495632054,2582157.906942692
2022-05-27,-0.0,0,10033.711249839165,10033.711249839165,2592191.618192531
2022-05-30,0.0,0,0.0,0.0,2592191.618192531
2022-05-31,0.0,0,-80269.68999871504,-80269.68999871504,2511921.928193816
2022-06-01,0.0,0,-100084.12029720718,-100084.12029720718,2411837.807896609
2022-06-02,0.0,0,20033.669141621973,20033.669141621973,2431871.4770382307
2022-06-03,0.0,0,-10016.8345708107,-10016.8345708107,2421854.64246742
2022-06-06,0.0,0,-9991.598465996887,-9991.598465996887,2411863.0440014233
2022-06-07,0.0,0,-9933.080298706593,-9933.080298706593,2401929.963702717
2022-06-08,0.0,0,0.0,0.0,2401929.963702717
2022-06-09,0.0,0,5.655776752591127e-10,5.655776752591127e-10,2401929.9637027173
2022-06-10,0.0,1,-29824.22639633678,-29824.22639633678,2372105.7373063806
2022-06-13,-91352.04229010873,1,-60005.05667727711,-151357.09896738583,2220748.6383389947
2022-06-14,-20016.287779535523,1,9992.524810901916,-10023.762968633608,2210724.875370361
2022-06-15,169922.81238609643,1,109365.14117200291,279287.95355809934,2490012.8289284604
2022-06-16,-10008.308273247589,1,29950.377473435867,19942.069200188278,2509954.8981286488
2022-06-17,-40008.415106252825,1,-2.842170943040401e-10,-40008.41510625311,2469946.4830223955
2022-06-20,-1.9569386318575126,1,0.0,-1.9569386318575126,2469944.5260837637
2022-06-21,50000.00000000027,1,2.849244579415453e-10,50000.00000000055,2519944.526083764
2022-06-22,19995.838339087342,1,39900.8162706566,59896.65460974394,2579841.180693508
2022-06-23,39990.71530774692,1,30199.723266432648,70190.43857417957,2650031.6192676877
2022-06-24,10169.560201958222,1,19995.91399999122,30165.47420194944,2680197.093469637
2022-06-27,-10126.708415267101,1,-29850.7707456794,-39977.4791609465,2640219.6143086907
2022-06-28,-20002.572311030075,1,29996.596432814888,9994.024121784812,2650213.6384304753
2022-06-29,19872.553088448112,1,19950.36757522943,39822.92066367754,2690036.559094153
2022-06-30,59994.41687913101,1,70290.96019889074,130285.37707802175,2820321.9361721748
2022-07-01,99993.33076814075,1,109996.59643281432,209989.92720095505,3030311.8633731296
2022-07-04,0.0,1,0.0,0.0,3030311.8633731296
2022-07-05,-22.982982444416848,1,-9991.683759045882,-10014.666741490299,3020297.1966316393
2022-07-06,-50008.40767409779,1,-20100.2296753077,-70108.63734940549,2950188.559282234
2022-07-07,-30006.971833494998,1,-59850.49317065545,-89857.46500415045,2860331.0942780836
2022-07-08,-10004.56654318581,1,-19917.043506710117,-29921.610049895928,2830409.4842281877
2022-07-11,-10004.622395141707,1,9996.255287917054,-8.3671072246525,2830401.117120963
2022-07-12,-10005.283724086987,1,-10074.973498225469,-20080.257222312455,2810320.8598986506
2022-07-13,-60002.79880842257,1,9995.576297684413,-50007.22251073816,2760313.6373879123
2022-07-14,-10001.931099557587,1,-10033.39571235995,-20035.326811917537,2740278.3105759947
2022-07-15,27.68594991653117,1,-9999.999999999432,-9972.314050082901,2730305.9965259116
2022-07-18,29905.7896517923,1,-20066.79142471876,9838.998227073542,2740144.994752985
2022-07-19,-50003.12280335563,1,-20050.06244128821,-70053.18524464384,2670091.809508341
2022-07-20,-39915.43122194986,1,-59999.99999999943,-99915.43122194929,2570176.3782863915
2022-07-21,89772.81427903024,1,30075.093661930317,119847.90794096055,2690024.286227352
2022-07-22,49996.30265914317,1,49995.60061950112,99991.90327864428,2790016.189505996
2022-07-25,19993.65102717481,1,30227.3314600981,50220.98248727291,2840237.171993269
2022-07-26,-10001.880890755767,1,-20033.531947236872,-30035.41283799264,2810201.7591552767
2022-07-27,70000.00000000029,1,10033.57378249118,80033.57378249147,2890235.332937768
2022-07-28,120228.8732379552,1,120605.08261597886,240833.95585393405,3131069.288791702
2022-07-29,-30104.646906258233,1,-60201.44269494251,-90306.08960120074,3040763.1991905016
2022-08-01,-40006.74904929,1,19996.29655371727,-20010.452495572732,3020752.746694929
2022-08-02,-110003.74770830855,1,-90379.64384039334,-200383.3915487019,2820369.355146227
2022-08-03,-50008.04253753203,1,-2.8397821098895416e-10,-50008.04253753231,2770361.3126086947
2022-08-04,109998.40956803966,1,30025.24638593609,140023.65595397574,2910384.9685626705
2022-08-05,-120674.17366116273,1,-30075.83386868037,-150750.0075298431,2759634.9610328274
2022-08-08,-6.421988513673889,1,-29774.19475499987,-29780.616743513543,2729854.344289314
2022-08-09,-50003.68437410709,1,-5.684341886080801e-10,-50003.68437410766,2679850.6599152065
2022-08-10,69897.9051586255,1,29924.449700230718,99822.35485885621,2779673.0147740627
2022-08-11,59998.118786960884,1,-8.497900428074007e-10,59998.11878696003,2839671.1335610226
2022-08-12,-20005.049145285062,1,-20004.37868503421,-40009.42783031927,2799661.705730703
2022-08-15,39939.24814828289,1,-1.7124578579896788e-09,39939.24814828118,2839600.9538789843
2022-08-16,-30003.65510254441,1,-3.370396781436049,-30007.025499325846,2809593.9283796586
2022-08-17,-49955.670074311965,1,-29924.541975255634,-79880.2120495676,2729713.716330091
2022-08-18,9994.621284980716,1,5.651063729716722e-10,9994.621284981282,2739708.3376150723
2022-08-19,-9945.662720248205,1,9949.788568634369,4.125848386163852,2739712.463463458
2022-08-22,-40004.32658004224,1,-10005.738285605745,-50010.06486564798,2689702.3985978104
2022-08-23,9965.201303661472,1,5.66542180637677e-10,9965.201303662037,2699667.5999014727
2022-08-24,39733.63853350983,1,-9950.135059685706,29783.503473824123,2729451.103375297
2022-08-25,-20005.915117632016,1,-20003.735233734493,-40009.65035136651,2689441.4530239305
2022-08-26,-90003.7691095564,1,-20003.396386615714,-110007.1654961721,2579434.2875277586
2022-08-29,-29704.173843132143,1,-1.137816935471353e-09,-29704.17384313328,2549730.1136846254
2022-08-30,-20000.00000000002,1,-19883.767953590388,-39883.7679535904,2509846.345731035
2022-08-31,10196.459232054873,1,9966.72902067756,20163.188252732434,2530009.5339837675
2022-09-01,10103.084419845763,1,39701.487618621,49804.572038466766,2579814.106022234
2022-09-02,69989.08048429678,1,19991.82458935166,89980.90507364844,2669795.0110958824
2022-09-05,0.0,1,0.0,0.0,2669795.0110958824
2022-09-06,10043.75540115546,1,30099.32879025757,40143.08419141303,2709938.0952872955
2022-09-07,-10005.18725845265,1,-30004.118540373,-40009.30579882565,2669928.7894884697
2022-09-08,9995.911281961657,1,10074.359813875817,20070.271095837474,2689999.060584307
2022-09-09,-40043.378712121405,1,-50247.407295800316,-90290.78600792172,2599708.2745763855
2022-09-12,39996.00744494294,1,0.0,39996.00744494294,2639704.2820213283
2022-09-13,-130002.60324307781,1,-20049.389979954478,-150051.9932230323,2489652.288798296
2022-09-14,-60042.00083721332,1,-30000.000000000568,-90042.00083721388,2399610.287961082
2022-09-15,-50005.78698791612,1,-30098.8408859718,-80104.62787388792,2319505.6600871943
2022-09-16,79887.02702387812,1,60148.16993986144,140035.19696373955,2459540.857050934
2022-09-19,-70002.26638306255,1,-29926.18825471053,-99928.45463777309,2359612.402413161
2022-09-20,10110.246162595242,1,-19934.429898272287,-9824.183735677045,2349788.218677484
2022-09-21,-80006.14071433875,1,-9918.33887343588,-89924.47958777462,2259863.7390897092
2022-09-22,-20003.33669636341,1,-39901.584339613284,-59904.921035976695,2199958.8180537326
2022-09-23,-90010.02638128375,1,9993.78398269173,-80016.24239859202,2119942.5756551404
2022-09-26,-79205.41225485712,1,-80000.00000000057,-159205.41225485769,1960737.1634002829
2022-09-27,89990.61672603086,1,-424.96469948915797,89565.6520265417,2050302.8154268246
2022-09-28,119993.08975920259,1,0.0,119993.08975920259,2170295.9051860273
2022-09-29,-50014.29601645367,1,0.0,-50014.29601645367,2120281.6091695735
2022-09-30,27.024641838594107,1,-0.0,27.024641838594107,2120308.633811412
2022-10-03,99992.83780004339,1,0.0,99992.83780004339,2220301.471611455
2022-10-04,29993.28259879234,1,-0.0,29993.28259879234,2250294.754210247
2022-10-05,-39892.6823958249,1,-0.0,-39892.6823958249,2210402.0718144225
2022-10-06,-60003.46095943451,1,-0.0,-60003.46095943451,2150398.610854988
2022-10-07,-39971.874798461344,1,0.0,-39971.874798461344,2110426.7360565267
2022-10-10,-8.001328898969572,1,0.0,-8.001328898969572,2110418.7347276276
2022-10-11,60000.00000000005,1,-0.0,60000.00000000005,2170418.7347276276
2022-10-12,-2.0755890485103827,1,0.0,-2.0755890485103827,2170416.659138579
2022-10-13,-19876.41024000867,1,0.0,-19876.41024000867,2150540.2488985704
2022-10-14,-20003.779028260138,1,0.0,-20003.779028260138,2130536.4698703103
2022-10-17,59868.51222902503,1,0.0,59868.51222902503,2190404.982099335
2022-10-18,29996.685026466104,1,0.0,29996.685026466104,2220401.667125801
2022-10-19,-30109.60917533937,1,-0.0,-30109.60917533937,2190292.0579504617
2022-10-20,-10007.069376731435,1,-0.0,-10007.069376731435,2180284.9885737305
2022-10-21,199993.90059098805,1,0.0,199993.90059098805,2380278.8891647183
2022-10-24,49993.59119962841,1,-0.0,49993.59119962841,2430272.480364347
2022-10-25,-30003.076271036218,1,0.0,-30003.076271036218,2400269.4040933107
2022-10-26,-20008.188898391276,1,-0.0,-20008.188898391276,2380261.2151949196
2022-10-27,39996.06854311891,1,0.0,39996.06854311891,2420257.2837380385
2022-10-28,-70005.6705522174,1,-0.0,-70005.6705522174,2350251.613185821
2022-10-31,-10043.056198129067,1,-0.0,-10043.056198129067,2340208.556987692
2022-11-01,-80008.77342269833,1,-0.0,-80008.77342269833,2260199.7835649936
2022-11-02,-20002.81628658404,1,-0.0,-20002.81628658404,2240196.9672784097
2022-11-03,-29989.075356612426,1,0.0,-29989.075356612426,2210207.8919217973
2022-11-04,119499.14570630528,1,0.0,119499.14570630528,2329707.0376281026
2022-11-07,9993.662202655632,1,0.0,9993.662202655632,2339700.6998307584
2022-11-08,19995.76160977394,1,0.0,19995.76160977394,2359696.4614405325
2022-11-09,69995.53059643705,1,0.0,69995.53059643705,2429691.9920369694
2022-11-10,41330.92549020937,1,0.0,41330.92549020937,2471022.917527179
2022-11-11,-19.290901725954377,1,0.0,-19.290901725954377,2471003.6266254527
2022-11-14,-9999.999999999789,1,-0.0,-9999.999999999789,2461003.6266254527
2022-11-15,-19658.079621258017,1,-0.0,-19658.079621258017,2441345.5470041945
2022-11-16,-30002.32383412087,1,0.0,-30002.32383412087,2411343.2231700737
2022-11-17,-60007.41157322374,1,-0.0,-60007.41157322374,2351335.81159685
2022-11-18,-29989.06746433334,1,-0.0,-29989.06746433334,2321346.7441325164
2022-11-21,9992.925204637457,1,-0.0,9992.925204637457,2331339.669337154
2022-11-22,-40076.46624984105,1,-0.0,-40076.46624984105,2291263.2030873126
2022-11-23,-40004.856961638405,1,-0.0,-40004.856961638405,2251258.3461256744
2022-11-24,-4.547475281135226,1,0.0,-4.547475281135226,2251253.7986503933
2022-11-25,29999.999999999804,1,0.0,29999.999999999804,2281253.7986503933
2022-11-28,-30023.593351855237,1,-0.0,-30023.593351855237,2251230.205298538
2022-11-29,29999.999999999804,1,0.0,29999.999999999804,2281230.205298538
2022-11-30,89996.43233741763,1,0.0,89996.43233741763,2371226.6376359556
2022-12-01,-19828.786717400013,1,-0.0,-19828.786717400013,2351397.8509185556
2022-12-02,-70012.79124170294,1,-0.0,-70012.79124170294,2281385.0596768525
2022-12-05,-70003.00749697897,1,-0.0,-70003.00749697897,2211382.0521798735
2022-12-06,-30005.809169542958,1,-0.0,-30005.809169542958,2181376.2430103305
2022-12-07,9994.577497385046,1,-0.0,9994.577497385046,2191370.8205077155
2022-12-08,-70006.55788695379,1,-0.0,-70006.55788695379,2121364.2626207615
2022-12-09,79794.15631133493,1,-0.0,79794.15631133493,2201158.4189320966
2022-12-12,-40008.49183738665,1,-0.0,-40008.49183738665,2161149.92709471
2022-12-13,99866.16130742934,1,0.0,99866.16130742934,2261016.0884021395
2022-12-14,10009.921613509816,1,0.0,10009.921613509816,2271026.0100156493
2022-12-15,-20141.77706328432,1,0.0,-20141.77706328432,2250884.2329523647
2022-12-16,59993.52667984374,1,0.0,59993.52667984374,2310877.7596322084
2022-12-19,-1.9778197472213768,1,0.0,-1.9778197472213768,2310875.781812461
2022-12-20,29994.33892433788,1,0.0,29994.33892433788,2340870.120736799
2022-12-21,9993.290913532224,1,0.0,9993.290913532224,2350863.411650331
2022-12-22,-20002.62341209536,1,-0.0,-20002.62341209536,2330860.7882382357
2022-12-23,20110.777319773275,1,0.0,20110.777319773275,2350971.565558009
2022-12-26,-4.782406309975265,1,0.0,-4.782406309975265,2350966.7831516988
2022-12-27,30000.000000000247,1,0.0,30000.000000000247,2380966.783151699
2022-12-28,19993.871581676813,1,-0.0,19993.871581676813,2400960.654733376
2022-12-29,-30002.609725155748,1,0.0,-30002.609725155748,2370958.0450082202
2022-12-30,-2.9564007460892667,1,-0.0,-2.9564007460892667,2370955.088607474
2023-01-02,-3.190977176532615,1,0.0,-3.190977176532615,2370951.8976302976
2023-01-03,-40000.00000000004,1,0.0,-40000.00000000004,2330951.8976302976
2023-01-04,19995.424445365166,1,0.0,19995.424445365166,2350947.3220756627
2023-01-05,-80005.03215327884,1,-0.0,-80005.03215327884,2270942.2899223836
2023-01-06,99319.85277538313,1,0.0,99319.85277538313,2370262.142697767
2023-01-09,19990.556834804323,1,-0.0,19990.556834804323,2390252.6995325712
2023-01-10,20051.58587941972,1,0.0,20051.58587941972,2410304.285411991
2023-01-11,-10003.263947154352,1,-0.0,-10003.263947154352,2400301.021464837
2023-01-12,19995.86624130803,1,-0.0,19995.86624130803,2420296.8877061447
2023-01-13,-20007.50524452871,1,-0.0,-20007.50524452871,2400289.382461616
2023-01-16,-3.7233240143062085,1,0.0,-3.7233240143062085,2400285.6591376015
2023-01-17,30000.000000000247,1,-0.0,30000.000000000247,2430285.659137602
2023-01-18,70370.79094136173,0,0.0,70370.79094136173,2500656.450078964
2023-01-19,-1375.9072776007686,0,0.0,-1375.9072776007686,2499280.542801363
2023-01-20,0.0,0,-0.0,0.0,2499280.542801363
2023-01-23,0.0,0,-0.0,0.0,2499280.542801363
2023-01-24,0.0,0,-0.0,0.0,2499280.542801363
2023-01-25,0.0,0,0.0,0.0,2499280.542801363
2023-01-26,0.0,0,-0.0,0.0,2499280.542801363
2023-01-27,0.0,0,-0.0,0.0,2499280.542801363
2023-01-30,0.0,0,-0.0,0.0,2499280.542801363
2023-01-31,0.0,0,0.0,0.0,2499280.542801363
2023-02-01,0.0,0,0.0,0.0,2499280.542801363
2023-02-02,0.0,0,-0.0,0.0,2499280.542801363
2023-02-03,0.0,0,-0.0,0.0,2499280.542801363
2023-02-06,0.0,0,-0.0,0.0,2499280.542801363
2023-02-07,0.0,0,0.0,0.0,2499280.542801363
2023-02-08,0.0,0,0.0,0.0,2499280.542801363
2023-02-09,0.0,0,0.0,0.0,2499280.542801363
2023-02-10,0.0,0,0.0,0.0,2499280.542801363
2023-02-13,-0.0,0,-0.0,-0.0,2499280.542801363
2023-02-14,0.0,0,-0.0,0.0,2499280.542801363
2023-02-15,0.0,0,0.0,0.0,2499280.542801363
2023-02-16,0.0,0,0.0,0.0,2499280.542801363
2023-02-17,0.0,0,0.0,0.0,2499280.542801363
2023-02-20,0.0,0,0.0,0.0,2499280.542801363
2023-02-21,0.0,0,-0.0,0.0,2499280.542801363
2023-02-22,0.0,0,-0.0,0.0,2499280.542801363
2023-02-23,0.0,0,0.0,0.0,2499280.542801363
2023-02-24,0.0,1,-0.0,0.0,2499280.542801363
2023-02-27,18595.947055663433,1,0.0,18595.947055663433,2517876.4898570264
2023-02-28,-10005.221732049476,1,0.0,-10005.221732049476,2507871.268124977
2023-03-01,-50023.49326330171,1,-0.0,-50023.49326330171,2457847.774861675
2023-03-02,9813.51848305099,1,-0.0,9813.51848305099,2467661.2933447263
2023-03-03,-70007.27766646096,1,-0.0,-70007.27766646096,2397654.015678265
2023-03-06,9993.727867483207,1,0.0,9993.727867483207,2407647.7435457483
2023-03-07,-79892.31463872766,1,0.0,-79892.31463872766,2327755.4289070205
2023-03-08,-29960.923900678168,1,0.0,-29960.923900678168,2297794.505006342
2023-03-09,119750.05737436896,1,0.0,119750.05737436896,2417544.562380711
2023-03-10,79832.14386551184,1,0.0,79832.14386551184,2497376.706246223
2023-03-13,279984.3696332571,0,0.0,279984.3696332571,2777361.0758794798
2023-03-14,-1389.4281115384595,0,-0.0,-1389.4281115384595,2775971.6477679415
2023-03-15,0.0,0,0.0,0.0,2775971.6477679415
2023-03-16,0.0,0,-0.0,0.0,2775971.6477679415
2023-03-17,0.0,0,0.0,0.0,2775971.6477679415
2023-03-20,0.0,0,-0.0,0.0,2775971.6477679415
2023-03-21,0.0,0,-0.0,0.0,2775971.6477679415
2023-03-22,0.0,0,0.0,0.0,2775971.6477679415
2023-03-23,0.0,-1,0.0,0.0,2775971.6477679415
2023-03-24,38628.46399356634,-1,-0.0,38628.46399356634,2814600.1117615076
2023-03-27,49583.276291922055,-1,-0.0,49583.276291922055,2864183.38805343
2023-03-28,39990.45205851614,-1,0.0,39990.45205851614,2904173.8401119458
2023-03-29,29957.961343023104,-1,-0.0,29957.961343023104,2934131.8014549688
2023-03-30,29971.9474412513,-1,-0.0,29971.9474412513,2964103.7488962202
2023-03-31,10368.7740754287,-1,-0.0,10368.7740754287,2974472.5229716487
2023-04-03,-50003.7125264967,-1,0.0,-50003.7125264967,2924468.810445152
2023-04-04,-90125.25380845627,-1,-0.0,-90125.25380845627,2834343.5566366958
2023-04-05,9991.543273514419,-1,0.0,9991.543273514419,2844335.0999102104
2023-04-06,30107.48918520588,-1,-0.0,30107.48918520588,2874442.589095416
2023-04-07,49997.38823295106,-1,-0.0,49997.38823295106,2924439.977328367
2023-04-10,19994.158468829184,-1,0.0,19994.158468829184,2944434.135797196
2023-04-11,19984.21278290961,-1,-0.0,19984.21278290961,2964418.3485801057
2023-04-12,-99870.02781813151,-1,0.0,-99870.02781813151,2864548.320761974
2023-04-13,224.90947836380656,-1,-0.0,224.90947836380656,2864773.2302403376
2023-04-14,39996.69529195306,-1,-0.0,39996.69529195306,2904769.9255322907
2023-04-17,19995.68397007279,-1,-0.0,19995.68397007279,2924765.6095023635
2023-04-18,19994.98732876466,-1,-0.0,19994.98732876466,2944760.596831128
2023-04-19,20000.00000000002,-1,0.0,20000.00000000002,2964760.596831128
2023-04-20,-39859.85355953621,-1,0.0,-39859.85355953621,2924900.7432715916
2023-04-21,-3.8007503076074998,-1,-0.0,-3.8007503076074998,2924896.942521284
2023-04-24,-10136.564460336303,-1,-0.0,-10136.564460336303,2914760.3780609476
2023-04-25,-89937.11390939335,-1,0.0,-89937.11390939335,2824823.264151554
2023-04-26,-20009.205730620615,-1,0.0,-20009.205730620615,2804814.0584209333
2023-04-27,79997.42634973746,-1,-0.0,79997.42634973746,2884811.484770671
2023-04-28,-6.106033802226396,-1,0.0,-6.106033802226396,2884805.378736869
2023-05-01,-40005.68476146849,-1,-0.0,-40005.68476146849,2844799.6939754006
2023-05-02,-60009.595707945766,-1,0.0,-60009.595707945766,2784790.0982674547
2023-05-03,-70009.33282818747,-1,0.0,-70009.33282818747,2714780.7654392673
2023-05-04,-110263.96783504458,-1,0.0,-110263.96783504458,2604516.797604223
2023-05-05,90575.95842932459,-1,-0.0,90575.95842932459,2695092.756033547
2023-05-08,497.9991294061474,-1,0.0,497.9991294061474,2695590.7551629534
2023-05-09,9995.009624683646,-1,0.0,9995.009624683646,2705585.764787637
2023-05-10,-89987.37353763606,-1,0.0,-89987.37353763606,2615598.3912500013
2023-05-11,60311.84319935995,-1,-0.0,60311.84319935995,2675910.2344493615
2023-05-12,39992.46326673703,-1,-0.0,39992.46326673703,2715902.6977160983
2023-05-15,-50004.31492367168,-1,0.0,-50004.31492367168,2665898.3827924267
2023-05-16,29997.645599388263,-1,0.0,29997.645599388263,2695896.028391815
2023-05-17,49941.86654288202,-1,-0.0,49941.86654288202,2745837.8949346966
2023-05-18,79799.30444504258,-1,-0.0,79799.30444504258,2825637.1993797394
2023-05-19,29990.921368017265,-1,-0.0,29990.921368017265,2855628.1207477567
2023-05-22,-9921.33647926544,-1,0.0,-9921.33647926544,2845706.7842684914
2023-05-23,-4.403218577146577,-1,-0.0,-4.403218577146577,2845702.3810499143
2023-05-24,-20014.762995878806,-1,-0.0,-20014.762995878806,2825687.6180540356
2023-05-25,110078.73723028338,-1,-0.0,110078.73723028338,2935766.355284319
2023-05-26,69690.27960311604,-1,0.0,69690.27960311604,3005456.634887435
2023-05-29,-0.0,-1,0.0,0.0,3005456.634887435
2023-05-30,-49495.532828600575,-1,0.0,-49495.532828600575,2955961.1020588344
2023-05-31,-20003.58980017522,-1,0.0,-20003.58980017522,2935957.512258659
2023-06-01,-30003.760420345836,-1,-0.0,-30003.760420345836,2905953.7518383134
2023-06-02,100098.17917990606,-1,-0.0,100098.17917990606,3006051.9310182193
2023-06-05,-29911.062493396483,-1,-0.0,-29911.062493396483,2976140.868524823
2023-06-06,49839.73543785635,-1,-0.0,49839.73543785635,3025980.6039626794
2023-06-07,-35.3674766941258,-1,-0.0,-35.3674766941258,3025945.236485985
2023-06-08,-8.982396478167596,-1,0.0,-8.982396478167596,3025936.254089507
2023-06-09,49996.17556641199,0,-0.0,49996.17556641199,3075932.429655919
2023-06-12,-1393.3441590375294,0,0.0,-1393.3441590375294,3074539.0854968815
2023-06-13,0.0,0,-0.0,0.0,3074539.0854968815
2023-06-14,-0.0,0,-0.0,-0.0,3074539.0854968815
2023-06-15,0.0,0,0.0,0.0,3074539.0854968815
2023-06-16,0.0,0,-0.0,0.0,3074539.0854968815
2023-06-19,0.0,0,0.0,0.0,3074539.0854968815
2023-06-20,0.0,0,-0.0,0.0,3074539.0854968815
2023-06-21,0.0,0,0.0,0.0,3074539.0854968815
2023-06-22,0.0,0,-0.0,0.0,3074539.0854968815
2023-06-23,0.0,0,0.0,0.0,3074539.0854968815
2023-06-26,0.0,0,0.0,0.0,3074539.0854968815
2023-06-27,0.0,0,-0.0,0.0,3074539.0854968815
2023-06-28,0.0,0,0.0,0.0,3074539.0854968815
2023-06-29,0.0,0,-0.0,0.0,3074539.0854968815
2023-06-30,0.0,1,-0.0,0.0,3074539.0854968815
2023-07-03,-41399.53425488437,1,-0.0,-41399.53425488437,3033139.551241997
2023-07-04,0.0,1,0.0,0.0,3033139.551241997
2023-07-05,19898.81535201954,1,-0.0,19898.81535201954,3053038.3665940166
2023-07-06,-60006.965349224614,1,-0.0,-60006.965349224614,2993031.401244792
2023-07-07,59994.40331647383,1,0.0,59994.40331647383,3053025.804561266
2023-07-10,100052.10029172887,1,0.0,100052.10029172887,3153077.904852995
2023-07-11,-9872.24084574663,1,-0.0,-9872.24084574663,3143205.6640072484
2023-07-12,100746.00344604132,1,0.0,100746.00344604132,3243951.6674532895
2023-07-13,79989.49691236223,1,0.0,79989.49691236223,3323941.1643656516
2023-07-14,-80006.15798453381,1,-0.0,-80006.15798453381,3243935.0063811177
2023-07-17,29906.08072597018,1,0.0,29906.08072597018,3273841.087107088
2023-07-18,-9901.427611831801,1,-0.0,-9901.427611831801,3263939.6594952564
2023-07-19,-49951.429714079684,1,-0.0,-49951.429714079684,3213988.229781177
2023-07-20,-30003.52831306303,1,-0.0,-30003.52831306303,3183984.701468114
2023-07-21,-10005.332834951942,1,0.0,-10005.332834951942,3173979.3686331618
2023-07-24,-29989.548257997856,1,-0.0,-29989.548257997856,3143989.820375164
2023-07-25,9989.626622899355,1,-0.0,9989.626622899355,3153979.4469980635
2023-07-26,49938.894583571804,1,0.0,49938.894583571804,3203918.341581635
2023-07-27,-30397.80129605574,1,-0.0,-30397.80129605574,3173520.5402855794
2023-07-28,29990.110858455417,1,0.0,29990.110858455417,3203510.6511440347
2023-07-31,-10036.284772579671,1,-0.0,-10036.284772579671,3193474.366371455
2023-08-01,30341.807440800534,1,0.0,30341.807440800534,3223816.1738122557
2023-08-02,59998.24974410818,1,0.0,59998.24974410818,3283814.423556364
2023-08-03,89997.89278773998,0,0.0,89997.89278773998,3373812.3163441042
2023-08-04,-1413.8969061398595,0,0.0,-1413.8969061398595,3372398.4194379644
2023-08-07,0.0,0,0.0,0.0,3372398.4194379644
2023-08-08,0.0,0,0.0,0.0,3372398.4194379644
2023-08-09,-0.0,0,-0.0,-0.0,3372398.4194379644
2023-08-10,0.0,0,-0.0,0.0,3372398.4194379644
2023-08-11,0.0,0,-0.0,0.0,3372398.4194379644
2023-08-14,0.0,0,-0.0,0.0,3372398.4194379644
2023-08-15,0.0,0,0.0,0.0,3372398.4194379644
2023-08-16,0.0,0,-0.0,0.0,3372398.4194379644
2023-08-17,0.0,0,0.0,0.0,3372398.4194379644
2023-08-18,0.0,0,0.0,0.0,3372398.4194379644
2023-08-21,0.0,0,-0.0,0.0,3372398.4194379644
2023-08-22,-0.0,0,-0.0,-0.0,3372398.4194379644
2023-08-23,0.0,0,0.0,0.0,3372398.4194379644
2023-08-24,0.0,0,-0.0,0.0,3372398.4194379644
2023-08-25,0.0,0,-0.0,0.0,3372398.4194379644
2023-08-28,0.0,0,0.0,0.0,3372398.4194379644
2023-08-29,0.0,0,0.0,0.0,3372398.4194379644
2023-08-30,0.0,0,-0.0,0.0,3372398.4194379644
2023-08-31,0.0,0,0.0,0.0,3372398.4194379644
2023-09-01,0.0,0,-0.0,0.0,3372398.4194379644
2023-09-04,0.0,0,0.0,0.0,3372398.4194379644
2023-09-05,0.0,0,0.0,0.0,3372398.4194379644
2023-09-06,-0.0,0,-0.0,-0.0,3372398.4194379644
2023-09-07,0.0,0,0.0,0.0,3372398.4194379644
2023-09-08,-0.0,0,-0.0,-0.0,3372398.4194379644
2023-09-11,0.0,0,0.0,0.0,3372398.4194379644
2023-09-12,-0.0,0,-0.0,-0.0,3372398.4194379644
2023-09-13,0.0,0,0.0,0.0,3372398.4194379644
2023-09-14,0.0,0,-0.0,0.0,3372398.4194379644
2023-09-15,0.0,0,-0.0,0.0,3372398.4194379644
2023-09-18,-0.0,0,-0.0,-0.0,3372398.4194379644
2023-09-19,0.0,0,-0.0,0.0,3372398.4194379644
2023-09-20,-0.0,0,-0.0,-0.0,3372398.4194379644
2023-09-21,0.0,0,-0.0,0.0,3372398.4194379644
2023-09-22,0.0,0,0.0,0.0,3372398.4194379644
2023-09-25,0.0,0,0.0,0.0,3372398.4194379644
2023-09-26,0.0,0,0.0,0.0,3372398.4194379644
2023-09-27,0.0,0,-0.0,0.0,3372398.4194379644
2023-09-28,0.0,0,0.0,0.0,3372398.4194379644
2023-09-29,0.0,0,-0.0,0.0,3372398.4194379644
2023-10-02,0.0,0,-0.0,0.0,3372398.4194379644
2023-10-03,0.0,0,0.0,0.0,3372398.4194379644
2023-10-04,0.0,0,0.0,0.0,3372398.4194379644
2023-10-05,0.0,0,0.0,0.0,3372398.4194379644
2023-10-06,0.0,0,-0.0,0.0,3372398.4194379644
2023-10-09,0.0,0,0.0,0.0,3372398.4194379644
2023-10-10,0.0,-1,-0.0,0.0,3372398.4194379644
2023-10-11,88550.57383475764,-1,-0.0,88550.57383475764,3460948.9932727222
2023-10-12,-30005.254008646658,-1,0.0,-30005.254008646658,3430943.7392640756
2023-10-13,39992.323404098,-1,-0.0,39992.323404098,3470936.0626681736
2023-10-16,-20004.09573482278,-1,0.0,-20004.09573482278,3450931.966933351
2023-10-17,69994.65624667978,-1,-0.0,69994.65624667978,3520926.623180031
2023-10-18,-6.688067772414117,-1,-0.0,-6.688067772414117,3520919.9351122584
2023-10-19,-80003.97637394673,-1,0.0,-80003.97637394673,3440915.9587383117
2023-10-20,-70004.95052254768,-1,0.0,-70004.95052254768,3370911.008215764
2023-10-23,30064.81317744655,-1,-0.0,30064.81317744655,3400975.8213932104
2023-10-24,59992.1767292925,-1,-0.0,59992.1767292925,3460967.998122503
2023-10-25,-60761.34623117394,-1,-0.0,-60761.34623117394,3400206.6518913293
2023-10-26,-20005.31298431138,-1,-0.0,-20005.31298431138,3380201.338907018
2023-10-27,-50005.901813080956,-1,0.0,-50005.901813080956,3330195.437093937
2023-10-30,30053.831510472213,-1,-0.0,30053.831510472213,3360249.268604409
2023-10-31,19994.820149373314,-1,-0.0,19994.820149373314,3380244.088753782
2023-11-01,-70156.00235849066,-1,0.0,-70156.00235849066,3310088.0863952916
2023-11-02,120738.07864621411,-1,-0.0,120738.07864621411,3430826.165041506
2023-11-03,-110011.08812866776,-1,0.0,-110011.08812866776,3320815.076912838
2023-11-06,40053.231212932544,-1,-0.0,40053.231212932544,3360868.3081257707
2023-11-07,19702.14452436191,-1,-0.0,19702.14452436191,3380570.4526501326
2023-11-08,89993.92673600634,-1,0.0,89993.92673600634,3470564.379386139
2023-11-09,9995.425496054051,-1,-0.0,9995.425496054051,3480559.804882193
2023-11-10,39991.174849101255,-1,-0.0,39991.174849101255,3520550.9797312943
2023-11-13,-10092.746972967745,-1,-0.0,-10092.746972967745,3510458.2327583265
2023-11-14,-99613.69255737416,-1,0.0,-99613.69255737416,3410844.5402009524
2023-11-15,29987.45366690786,-1,-0.0,29987.45366690786,3440831.99386786
2023-11-16,-40005.461815666175,-1,0.0,-40005.461815666175,3400826.532052194
2023-11-17,60280.22016215533,-1,-0.0,60280.22016215533,3461106.752214349
2023-11-20,9994.695818545346,-1,-0.0,9994.695818545346,3471101.448032894
2023-11-21,-30007.805753424862,-1,0.0,-30007.805753424862,3441093.6422794694
2023-11-22,50078.044227166465,-1,-0.0,50078.044227166465,3491171.686506636
2023-11-23,-0.0,-1,0.0,0.0,3491171.686506636
2023-11-24,-221.42331024306623,-1,0.0,-221.42331024306623,3490950.263196393
2023-11-27,-39967.3130950358,-1,-0.0,-39967.3130950358,3450982.950101357
2023-11-28,-80004.20917519704,-1,0.0,-80004.20917519704,3370978.74092616
2023-11-29,9929.548923905124,-1,-0.0,9929.548923905124,3380908.289850065
2023-11-30,-10007.903658682842,-1,-0.0,-10007.903658682842,3370900.386191382
2023-12-01,-30006.214715779177,-1,0.0,-30006.214715779177,3340894.171475603
2023-12-04,59990.021722606136,-1,-0.0,59990.021722606136,3400884.1931982087
2023-12-05,39751.57902214241,-1,-0.0,39751.57902214241,3440635.7722203513
2023-12-06,59996.44449271479,-1,-0.0,59996.44449271479,3500632.216713066
2023-12-07,-40003.413074757365,-1,0.0,-40003.413074757365,3460628.803638309
2023-12-08,70248.40783799291,-1,-0.0,70248.40783799291,3530877.211476302
2023-12-11,-6.687626283894503,-1,0.0,-6.687626283894503,3530870.5238500177
2023-12-12,-18.524550481844926,-1,-0.0,-18.524550481844926,3530851.999299536
2023-12-13,-119929.19624241613,-1,0.0,-119929.19624241613,3410922.8030571197
2023-12-14,59988.757009369605,-1,-0.0,59988.757009369605,3470911.5600664895
2023-12-15,39991.4804663984,-1,0.0,39991.4804663984,3510903.040532888
2023-12-18,-20189.610355330937,-1,0.0,-20189.610355330937,3490713.430177557
2023-12-19,19951.75154927909,-1,-0.0,19951.75154927909,3510665.181726836
2023-12-20,-29916.246841097884,-1,0.0,-29916.246841097884,3480748.9348857384
2023-12-21,-40002.90486814666,-1,0.0,-40002.90486814666,3440746.0300175915
2023-12-22,-20002.032538648804,-1,0.0,-20002.032538648804,3420743.997478943
2023-12-25,-0.0,-1,0.0,0.0,3420743.997478943
2023-12-26,29975.875774639564,-1,-0.0,29975.875774639564,3450719.8732535825
2023-12-27,-20051.03330626058,-1,-0.0,-20051.03330626058,3430668.839947322
2023-12-28,19994.600756482323,-1,-0.0,19994.600756482323,3450663.440703804
2023-12-29,-39831.460687616265,-1,-0.0,-39831.460687616265,3410831.9800161878
2024-01-01,-4.527273431289755,-1,0.0,-4.527273431289755,3410827.4527427563
2024-01-02,40000.00000000048,-1,0.0,40000.00000000048,3450827.452742757
2024-01-03,-4.364095087421825,-1,0.0,-4.364095087421825,3450823.088647669
2024-01-04,-10234.90965826642,-1,-0.0,-10234.90965826642,3440588.178989403
2024-01-05,-30002.916495168236,-1,0.0,-30002.916495168236,3410585.262494235
2024-01-08,-10004.270698056102,-1,0.0,-10004.270698056102,3400580.9917961787
2024-01-09,-10047.98469325948,-1,-0.0,-10047.98469325948,3390533.0071029193
2024-01-10,-45.73288581391171,-1,-0.0,-45.73288581391171,3390487.2742171055
2024-01-11,-70046.72908408513,-1,0.0,-70046.72908408513,3320440.5451330203
2024-01-12,-80260.65770711796,-1,0.0,-80260.65770711796,3240179.8874259023
2024-01-15,-0.0,-1,0.0,0.0,3240179.8874259023
2024-01-16,10400.01567546367,-1,0.0,10400.01567546367,3250579.903101366
2024-01-17,59994.779439516446,-1,-0.0,59994.779439516446,3310574.6825408824
2024-01-18,-39965.33471020763,-1,-0.0,-39965.33471020763,3270609.3478306746
2024-01-19,49994.89236078996,-1,-0.0,49994.89236078996,3320604.240191465
2024-01-22,-9900.35330110797,-1,0.0,-9900.35330110797,3310703.886890357
2024-01-23,-30348.87359326126,-1,0.0,-30348.87359326126,3280355.0132970954
2024-01-24,-29964.51947267457,-1,-0.0,-29964.51947267457,3250390.493824421
2024-01-25,-20115.40441876065,-1,-0.0,-20115.40441876065,3230275.0894056605
2024-01-26,30023.546323906794,-1,-0.0,30023.546323906794,3260298.635729567
2024-01-29,-82.78789709279954,-1,0.0,-82.78789709279954,3260215.8478324744
2024-01-30,59995.82913807721,-1,-0.0,59995.82913807721,3320211.6769705517
2024-01-31,-29714.95216391598,-1,0.0,-29714.95216391598,3290496.7248066356
2024-02-01,9995.069830688879,-1,0.0,9995.069830688879,3300491.7946373243
2024-02-02,69992.58335307187,-1,-0.0,69992.58335307187,3370484.377990396
2024-02-05,9990.255065463292,-1,-0.0,9990.255065463292,3380474.6330558597
2024-02-06,-40008.68539921265,-1,0.0,-40008.68539921265,3340465.947656647
2024-02-07,9994.95485017093,-1,0.0,9994.95485017093,3350460.9025068176
2024-02-08,10071.69360012086,-1,-0.0,10071.69360012086,3360532.5961069386
2024-02-09,9994.890929822523,-1,-0.0,9994.890929822523,3370527.487036761
2024-02-12,-9994.77774076288,-1,-0.0,-9994.77774076288,3360532.709295998
2024-02-13,90059.49685101652,-1,-0.0,90059.49685101652,3450592.206147014
2024-02-14,-50009.11754920616,-1,0.0,-50009.11754920616,3400583.088597808
2024-02-15,-11.61147445831375,-1,0.0,-11.61147445831375,3400571.47712335
2024-02-16,40022.680453520385,-1,-0.0,40022.680453520385,3440594.15757687
2024-02-19,-0.0,-1,0.0,0.0,3440594.15757687
2024-02-20,-30009.072357223587,-1,0.0,-30009.072357223587,3410585.085219647
2024-02-21,-39.669636651284236,-1,-0.0,-39.669636651284236,3410545.4155829954
2024-02-22,49937.371194781925,-1,-0.0,49937.371194781925,3460482.786777777
2024-02-23,49908.42627998627,0,0.0,49908.42627998627,3510391.2130577634
2024-02-26,-1426.233170894544,0,0.0,-1426.233170894544,3508964.979886869
2024-02-27,0.0,0,0.0,0.0,3508964.979886869
2024-02-28,0.0,0,0.0,0.0,3508964.979886869
2024-02-29,-0.0,0,-0.0,-0.0,3508964.979886869
2024-03-01,0.0,0,0.0,0.0,3508964.979886869
2024-03-04,0.0,0,0.0,0.0,3508964.979886869
2024-03-05,0.0,0,0.0,0.0,3508964.979886869
2024-03-06,0.0,0,-0.0,0.0,3508964.979886869
2024-03-07,0.0,0,0.0,0.0,3508964.979886869
2024-03-08,0.0,0,0.0,0.0,3508964.979886869
2024-03-11,0.0,0,0.0,0.0,3508964.979886869
2024-03-12,0.0,0,-0.0,0.0,3508964.979886869
2024-03-13,0.0,0,0.0,0.0,3508964.979886869
2024-03-14,0.0,0,-0.0,0.0,3508964.979886869
2024-03-15,-0.0,0,-0.0,-0.0,3508964.979886869
2024-03-18,0.0,0,0.0,0.0,3508964.979886869
2024-03-19,0.0,0,0.0,0.0,3508964.979886869
2024-03-20,0.0,0,0.0,0.0,3508964.979886869
2024-03-21,-0.0,0,-0.0,-0.0,3508964.979886869
2024-03-22,0.0,0,0.0,0.0,3508964.979886869
2024-03-25,0.0,0,0.0,0.0,3508964.979886869
2024-03-26,0.0,0,-0.0,0.0,3508964.979886869
2024-03-27,0.0,0,0.0,0.0,3508964.979886869
2024-03-28,-0.0,0,-0.0,-0.0,3508964.979886869
2024-03-29,0.0,0,0.0,0.0,3508964.979886869
2024-04-01,0.0,0,-0.0,0.0,3508964.979886869
2024-04-02,0.0,0,0.0,0.0,3508964.979886869
2024-04-03,0.0,0,-0.0,0.0,3508964.979886869
2024-04-04,0.0,0,0.0,0.0,3508964.979886869
2024-04-05,0.0,0,-0.0,0.0,3508964.979886869
2024-04-08,0.0,0,-0.0,0.0,3508964.979886869
2024-04-09,0.0,0,-0.0,0.0,3508964.979886869
2024-04-10,0.0,0,-0.0,0.0,3508964.979886869
2024-04-11,0.0,0,0.0,0.0,3508964.979886869
2024-04-12,0.0,0,0.0,0.0,3508964.979886869
2024-04-15,0.0,0,0.0,0.0,3508964.979886869
2024-04-16,0.0,0,0.0,0.0,3508964.979886869
2024-04-17,0.0,0,0.0,0.0,3508964.979886869
2024-04-18,0.0,0,-0.0,0.0,3508964.979886869
2024-04-19,0.0,0,-0.0,0.0,3508964.979886869
2024-04-22,0.0,0,0.0,0.0,3508964.979886869
2024-04-23,0.0,0,0.0,0.0,3508964.979886869
2024-04-24,0.0,0,0.0,0.0,3508964.979886869
2024-04-25,0.0,0,-0.0,0.0,3508964.979886869
2024-04-26,0.0,0,-0.0,0.0,3508964.979886869
2024-04-29,0.0,0,0.0,0.0,3508964.979886869
2024-04-30,0.0,0,-0.0,0.0,3508964.979886869
2024-05-01,0.0,0,-0.0,0.0,3508964.979886869
2024-05-02,0.0,0,0.0,0.0,3508964.979886869
2024-05-03,0.0,0,0.0,0.0,3508964.979886869
2024-05-06,-0.0,0,-0.0,-0.0,3508964.979886869
2024-05-07,-0.0,0,-0.0,-0.0,3508964.979886869
2024-05-08,0.0,0,0.0,0.0,3508964.979886869
2024-05-09,0.0,0,0.0,0.0,3508964.979886869
2024-05-10,0.0,0,0.0,0.0,3508964.979886869
2024-05-13,0.0,0,-0.0,0.0,3508964.979886869
2024-05-14,0.0,0,0.0,0.0,3508964.979886869
2024-05-15,0.0,0,0.0,0.0,3508964.979886869
2024-05-16,0.0,0,-0.0,0.0,3508964.979886869
2024-05-17,0.0,0,0.0,0.0,3508964.979886869
2024-05-20,0.0,0,-0.0,0.0,3508964.979886869
2024-05-21,0.0,0,0.0,0.0,3508964.979886869
2024-05-22,0.0,0,-0.0,0.0,3508964.979886869
2024-05-23,0.0,0,-0.0,0.0,3508964.979886869
2024-05-24,-0.0,0,0.0,0.0,3508964.979886869
2024-05-27,0.0,0,0.0,0.0,3508964.979886869
2024-05-28,0.0,0,-0.0,0.0,3508964.979886869
2024-05-29,0.0,0,0.0,0.0,3508964.979886869
2024-05-30,0.0,0,-0.0,0.0,3508964.979886869
2024-05-31,0.0,0,0.0,0.0,3508964.979886869
2024-06-03,0.0,0,0.0,0.0,3508964.979886869
2024-06-04,0.0,0,0.0,0.0,3508964.979886869
2024-06-05,0.0,0,0.0,0.0,3508964.979886869
2024-06-06,0.0,0,-0.0,0.0,3508964.979886869
2024-06-07,0.0,0,-0.0,0.0,3508964.979886869
2024-06-10,0.0,0,0.0,0.0,3508964.979886869
2024-06-11,0.0,0,0.0,0.0,3508964.979886869
2024-06-12,0.0,0,0.0,0.0,3508964.979886869
2024-06-13,0.0,0,0.0,0.0,3508964.979886869
2024-06-14,0.0,0,0.0,0.0,3508964.979886869
2024-06-17,0.0,0,-0.0,0.0,3508964.979886869
2024-06-18,0.0,0,0.0,0.0,3508964.979886869
2024-06-19,0.0,0,0.0,0.0,3508964.979886869
2024-06-20,0.0,0,0.0,0.0,3508964.979886869
2024-06-21,0.0,0,0.0,0.0,3508964.979886869
2024-06-24,-0.0,0,-0.0,-0.0,3508964.979886869
2024-06-25,0.0,0,0.0,0.0,3508964.979886869
2024-06-26,0.0,0,0.0,0.0,3508964.979886869
2024-06-27,0.0,0,0.0,0.0,3508964.979886869
2024-06-28,0.0,0,0.0,0.0,3508964.979886869
2024-07-01,0.0,0,0.0,0.0,3508964.979886869
2024-07-02,0.0,0,0.0,0.0,3508964.979886869
2024-07-03,0.0,0,-0.0,0.0,3508964.979886869
2024-07-04,0.0,0,0.0,0.0,3508964.979886869
2024-07-05,0.0,0,0.0,0.0,3508964.979886869
2024-07-08,-0.0,0,-0.0,-0.0,3508964.979886869
2024-07-09,0.0,0,0.0,0.0,3508964.979886869
2024-07-10,-0.0,0,-0.0,-0.0,3508964.979886869
2024-07-11,0.0,0,0.0,0.0,3508964.979886869
2024-07-12,0.0,-1,0.0,0.0,3508964.979886869
2024-07-15,-41417.60046656322,-1,-0.0,-41417.60046656322,3467547.3794203056
2024-07-16,39996.62531152932,-1,-0.0,39996.62531152932,3507544.004731835
2024-07-17,-10004.022571861153,-1,-0.0,-10004.022571861153,3497539.9821599736
2024-07-18,-26.450402285860036,-1,0.0,-26.450402285860036,3497513.5317576877
2024-07-19,10115.46136139278,-1,0.0,10115.46136139278,3507628.9931190806
2024-07-22,-20004.540313433114,-1,0.0,-20004.540313433114,3487624.4528056476
2024-07-23,-19994.779336307798,-1,0.0,-19994.779336307798,3467629.67346934
2024-07-24,-89796.36103179303,-1,0.0,-89796.36103179303,3377833.312437547
2024-07-25,49995.60622523376,-1,-0.0,49995.60622523376,3427828.918662781
2024-07-26,-19746.5689693225,-1,0.0,-19746.5689693225,3408082.3496934585
2024-07-29,19995.023833598392,-1,0.0,19995.023833598392,3428077.373527057
2024-07-30,65.6405829471405,-1,-0.0,65.6405829471405,3428143.014110004
2024-07-31,-9751.261075102331,-1,0.0,-9751.261075102331,3418391.753034902
2024-08-01,-50006.187412333085,-1,0.0,-50006.187412333085,3368385.5656225686
2024-08-02,-60006.61895754878,-1,0.0,-60006.61895754878,3308378.9466650197
2024-08-05,49987.98066245481,-1,0.0,49987.98066245481,3358366.9273274746
2024-08-06,-10001.750255891659,-1,-70419.78150904166,-80421.53176493332,3277945.395562541
2024-08-07,-20007.39870908459,-1,19918.18825426147,-89.21045482312184,3277856.185107718
2024-08-08,19995.435399937214,-1,-20004.4902682334,-9.054868296185305,3277847.130239422
2024-08-09,19912.496746331293,-1,-9991.842297206478,9920.654449124815,3287767.784688547
2024-08-12,-9843.500061278515,-1,10040.93901760299,197.43895632447493,3287965.2236448713
2024-08-13,-40003.632065462676,-1,20131.246728856455,-19872.38533660622,3268092.838308265
2024-08-14,30125.604597212317,-1,-60003.80100968776,-29878.196412475445,3238214.6418957897
2024-08-15,59995.2187776495,-1,-60395.52662434784,-400.3078466983425,3237814.334049091
2024-08-16,9994.409649677104,-1,10041.124557028847,20035.53420670595,3257849.8682557973
2024-08-19,20133.590779484737,-1,-10057.645402314505,10075.945377170232,3267925.8136329674
2024-08-20,-10003.620412692053,-1,9996.216087234678,-7.4043254573753075,3267918.40930751
2024-08-21,-50030.52566474758,-1,2.849206981384284e-10,-50030.5256647473,3217887.883642763
2024-08-22,9995.05955526813,-1,10049.603557658362,20044.663112926493,3237932.546755689
2024-08-23,-40004.77148188309,-1,0.0,-40004.77148188309,3197927.775273806
2024-08-26,-17.729793352860725,-1,0.0,-17.729793352860725,3197910.045480453
2024-08-27,-20048.131222180607,-1,10016.493721800325,-10031.637500380282,3187878.407980073
2024-08-28,-30047.308444920473,-1,0.0,-30047.308444920473,3157831.0995351523
2024-08-29,10071.003932388841,-1,-19983.536770878054,-9912.532838489213,3147918.566696663
2024-08-30,198.74142579873296,-1,0.0,198.74142579873296,3148117.3081224617
2024-09-02,-2.752161613118649,-1,0.0,-2.752161613118649,3148114.5559608485
2024-09-03,10000.00000000024,-1,39803.048707096284,49803.048707096525,3197917.604667945
2024-09-04,-20004.201807504378,-1,-5.670321783097527e-10,-20004.201807504945,3177913.40286044
2024-09-05,19994.941262182252,-1,0.0,19994.941262182252,3197908.344122622
2024-09-06,-50069.475273418866,-1,0.0,-50069.475273418866,3147838.8688492035
2024-09-09,20093.053318631042,-1,-5.726714962280626e-10,20093.05331863047,3167931.922167834
2024-09-10,-30004.118728476435,-1,9996.233277060532,-20007.885451415903,3147924.036716418
2024-09-11,30068.046513324538,-1,10033.177546386341,40101.224059710876,3188025.2607761286
2024-09-12,-20173.321894829052,-1,-10024.867757891818,-30198.18965272087,3157827.0711234077
2024-09-13,-20021.070048418984,-1,-20016.557999792898,-40037.62804821188,3117789.443075196
2024-09-16,20065.39388779347,-1,-20082.995256367878,-17.601368574407388,3117771.8417066215
2024-09-17,9995.601937700498,-1,-20003.409299377356,-10007.807361676858,3107764.0343449446
2024-09-18,-39853.914767951115,-1,-10000.000000000284,-49853.9147679514,3057910.1195769934
2024-09-19,-10004.86548781282,-1,2.832749436800853e-10,-10004.865487812536,3047905.254089181
2024-09-20,-19958.58167100422,-1,0.0,-19958.58167100422,3027946.6724181767
2024-09-23,10088.42373118941,-1,-19884.193694174544,-9795.769962985134,3018150.9024551916
2024-09-24,-40003.25394379458,-1,9942.09684708699,-30061.15709670759,2988089.745358484
2024-09-25,52.68242118447233,-1,-9942.09684708699,-9889.414425902518,2978200.3309325813
2024-09-26,49997.957305538686,-1,-3.751015986789903,49994.2062895519,3028194.537222133
2024-09-27,-29912.444669472385,-1,9999.999999999716,-19912.44466947267,3008282.0925526605
2024-09-30,39849.36775343176,-1,-30074.572706986706,9774.795046445055,3018056.8875991055
2024-10-01,-9889.595017193162,-1,19999.99999999915,10110.404982805987,3028167.2925819117
2024-10-02,-20002.39274579949,-1,-10041.480613124479,-30043.87335892397,2998123.4192229877
2024-10-03,29996.73912399342,-1,-20016.551220589674,9980.187903403745,3008103.6071263915
2024-10-04,110033.32054358028,-1,-49876.17231816618,60157.1482254141,3068260.7553518056
2024-10-07,9988.2317004654,-1,-413.26184849134654,9574.969851974052,3077835.7252037795
2024-10-08,-19905.007711251263,-1,0.0,-19905.007711251263,3057930.7174925283
2024-10-09,29996.42122021776,-1,-0.0,29996.42122021776,3087927.138712746
2024-10-10,-39905.18262271574,-1,0.0,-39905.18262271574,3048021.9560900303
2024-10-11,-40003.587189511054,-1,0.0,-40003.587189511054,3008018.3689005193
2024-10-14,-0.0,-1,0.0,0.0,3008018.3689005193
2024-10-15,49901.539359358765,-1,-0.0,49901.539359358765,3057919.908259878
2024-10-16,-3.5871895105713865,-1,-0.0,-3.5871895105713865,3057916.3210703675
2024-10-17,-30182.64665710502,-1,0.0,-30182.64665710502,3027733.6744132624
2024-10-18,-10003.65260235761,-1,0.0,-10003.65260235761,3017730.0218109046
2024-10-21,-10077.763660172437,-1,0.0,-10077.763660172437,3007652.258150732
2024-10-22,19994.098108397688,-1,0.0,19994.098108397688,3027646.35625913
2024-10-23,29973.843112139166,-1,-0.0,29973.843112139166,3057620.199371269
2024-10-24,19942.74090181523,-1,-0.0,19942.74090181523,3077562.940273084
2024-10-25,-146.46228615753353,-1,-0.0,-146.46228615753353,3077416.4779869267
2024-10-28,19952.884059543627,-1,0.0,19952.884059543627,3097369.3620464704
2024-10-29,9953.161784644732,-1,-0.0,9953.161784644732,3107322.523831115
2024-10-30,59792.72461601792,-1,-0.0,59792.72461601792,3167115.248447133
2024-10-31,29958.26187753227,-1,0.0,29958.26187753227,3197073.5103246653
2024-11-01,-30545.814459282963,-1,0.0,-30545.814459282963,3166527.6958653824
2024-11-04,19990.127018497064,-1,0.0,19990.127018497064,3186517.8228838793
2024-11-05,49996.02468438927,-1,-0.0,49996.02468438927,3236513.8475682684
2024-11-06,-50002.43991482918,-1,-0.0,-50002.43991482918,3186511.4076534393
2024-11-07,-20008.95728226976,-1,0.0,-20008.95728226976,3166502.4503711695
2024-11-08,79994.20026450696,-1,-0.0,79994.20026450696,3246496.6506356765
2024-11-11,-0.0,-1,0.0,0.0,3246496.6506356765
2024-11-12,9258.046380653468,0,-0.0,9258.046380653468,3255754.69701633
2024-11-13,-1424.2929484516308,0,0.0,-1424.2929484516308,3254330.404067878
2024-11-14,-0.0,0,-0.0,-0.0,3254330.404067878
2024-11-15,0.0,0,0.0,0.0,3254330.404067878
2024-11-18,0.0,0,0.0,0.0,3254330.404067878
2024-11-19,0.0,0,0.0,0.0,3254330.404067878
2024-11-20,0.0,0,0.0,0.0,3254330.404067878
2024-11-21,0.0,0,0.0,0.0,3254330.404067878
2024-11-22,-0.0,0,-0.0,-0.0,3254330.404067878
2024-11-25,0.0,0,-0.0,0.0,3254330.404067878
2024-11-26,0.0,0,0.0,0.0,3254330.404067878
2024-11-27,0.0,0,-0.0,0.0,3254330.404067878
2024-11-28,0.0,0,0.0,0.0,3254330.404067878
2024-11-29,0.0,0,0.0,0.0,3254330.404067878
2024-12-02,0.0,0,-0.0,0.0,3254330.404067878
2024-12-03,0.0,0,-0.0,0.0,3254330.404067878
2024-12-04,0.0,0,-0.0,0.0,3254330.404067878
2024-12-05,-0.0,0,0.0,0.0,3254330.404067878
2024-12-06,0.0,0,0.0,0.0,3254330.404067878
2024-12-09,0.0,0,0.0,0.0,3254330.404067878
2024-12-10,0.0,0,-0.0,0.0,3254330.404067878
2024-12-11,0.0,0,0.0,0.0,3254330.404067878
2024-12-12,0.0,0,0.0,0.0,3254330.404067878
2024-12-13,0.0,0,-0.0,0.0,3254330.404067878
2024-12-16,-0.0,0,0.0,0.0,3254330.404067878
2024-12-17,-0.0,0,-0.0,-0.0,3254330.404067878
2024-12-18,0.0,0,-0.0,0.0,3254330.404067878
2024-12-19,0.0,0,0.0,0.0,3254330.404067878
2024-12-20,0.0,0,0.0,0.0,3254330.404067878
2024-12-23,0.0,0,-0.0,0.0,3254330.404067878
2024-12-24,0.0,0,-0.0,0.0,3254330.404067878
2024-12-25,0.0,0,0.0,0.0,3254330.404067878
2024-12-26,0.0,0,0.0,0.0,3254330.404067878
2024-12-27,0.0,0,-0.0,0.0,3254330.404067878
2024-12-30,0.0,0,0.0,0.0,3254330.404067878
2024-12-31,0.0,0,-0.0,0.0,3254330.404067878
2025-01-01,0.0,0,0.0,0.0,3254330.404067878
2025-01-02,0.0,0,0.0,0.0,3254330.404067878
2025-01-03,0.0,0,-0.0,0.0,3254330.404067878
2025-01-06,0.0,0,-0.0,0.0,3254330.404067878
2025-01-07,0.0,0,0.0,0.0,3254330.404067878
2025-01-08,0.0,0,0.0,0.0,3254330.404067878
2025-01-09,0.0,0,-0.0,0.0,3254330.404067878
2025-01-10,0.0,0,-0.0,0.0,3254330.404067878
2025-01-13,0.0,0,0.0,0.0,3254330.404067878
2025-01-14,0.0,0,-0.0,0.0,3254330.404067878
2025-01-15,0.0,0,0.0,0.0,3254330.404067878
2025-01-16,0.0,0,0.0,0.0,3254330.404067878
2025-01-17,0.0,0,0.0,0.0,3254330.404067878
2025-01-20,0.0,0,0.0,0.0,3254330.404067878
2025-01-21,0.0,0,0.0,0.0,3254330.404067878
2025-01-22,0.0,0,-0.0,0.0,3254330.404067878
2025-01-23,0.0,0,-0.0,0.0,3254330.404067878
2025-01-24,0.0,0,0.0,0.0,3254330.404067878
2025-01-27,0.0,0,0.0,0.0,3254330.404067878
2025-01-28,0.0,0,0.0,0.0,3254330.404067878
2025-01-29,0.0,0,0.0,0.0,3254330.404067878
2025-01-30,0.0,0,0.0,0.0,3254330.404067878
2025-01-31,0.0,0,0.0,0.0,3254330.404067878
2025-02-03,0.0,0,0.0,0.0,3254330.404067878
2025-02-04,0.0,0,0.0,0.0,3254330.404067878
2025-02-05,0.0,0,-0.0,0.0,3254330.404067878
2025-02-06,0.0,0,-0.0,0.0,3254330.404067878
2025-02-07,0.0,0,0.0,0.0,3254330.404067878
2025-02-10,0.0,0,0.0,0.0,3254330.404067878
2025-02-11,0.0,0,0.0,0.0,3254330.404067878
2025-02-12,0.0,0,-0.0,0.0,3254330.404067878
2025-02-13,0.0,0,-0.0,0.0,3254330.404067878
2025-02-14,0.0,0,0.0,0.0,3254330.404067878
2025-02-17,0.0,0,0.0,0.0,3254330.404067878
2025-02-18,0.0,0,-0.0,0.0,3254330.404067878
2025-02-19,0.0,0,0.0,0.0,3254330.404067878
2025-02-20,0.0,0,0.0,0.0,3254330.404067878
2025-02-21,0.0,0,0.0,0.0,3254330.404067878
2025-02-24,0.0,0,-0.0,0.0,3254330.404067878
2025-02-25,0.0,0,0.0,0.0,3254330.404067878
2025-02-26,0.0,0,0.0,0.0,3254330.404067878
2025-02-27,0.0,0,0.0,0.0,3254330.404067878
2025-02-28,0.0,0,0.0,0.0,3254330.404067878
2025-03-03,0.0,0,0.0,0.0,3254330.404067878
2025-03-04,0.0,0,0.0,0.0,3254330.404067878
2025-03-05,0.0,0,-0.0,0.0,3254330.404067878
2025-03-06,0.0,0,0.0,0.0,3254330.404067878
2025-03-07,0.0,0,0.0,0.0,3254330.404067878
2025-03-10,0.0,-1,0.0,0.0,3254330.404067878
2025-03-11,-1419.4722363686872,-1,0.0,-1419.4722363686872,3252910.9318315093
2025-03-12,20154.84821952053,-1,-0.0,20154.84821952053,3273065.7800510298
2025-03-13,-30006.44810282789,-1,0.0,-30006.44810282789,3243059.3319482016
2025-03-14,39987.8992583135,-1,-50431.575385940756,-10443.67612762726,3232615.6558205746
2025-03-17,40023.32382057065,-1,-20016.195044408152,20007.1287761625,3252622.784596737
2025-03-18,-19909.007259340637,-1,-8.54725123082819e-10,-19909.00725934149,3232713.7773373956
2025-03-19,-19903.878515222514,-1,10040.58666839284,-9863.291846829674,3222850.485490566
2025-03-20,-10004.272575146897,-1,0.0,-10004.272575146897,3212846.212915419
2025-03-21,-50052.07933043245,-1,40292.940024529555,-9759.139305902892,3203087.073609516
2025-03-24,20315.722218200448,-1,-40129.797976572634,-19814.075758372186,3183272.997851144
2025-03-25,-10005.357185692279,-1,19983.824708990334,9978.467523298055,3193251.4653744423
2025-03-26,-30041.33409260498,-1,0.0,-30041.33409260498,3163210.1312818374
2025-03-27,-29858.193533515925,-1,19935.41706705428,-9922.776466461644,3153287.3548153755
2025-03-28,-20002.53775494285,-1,49637.82509677124,29635.28734182839,3182922.642157204
2025-03-31,29993.53384592286,-1,29927.29990710141,59920.83375302427,3242843.475910228
2025-04-01,20383.193199311994,-1,-29951.50371363965,-9568.310514327655,3233275.1653959006
2025-04-02,19993.640131711163,-1,-1.1433361214402161e-09,19993.64013171002,3253268.8055276107
2025-04-03,-149907.73363638765,-1,160519.1919062954,10611.458269907744,3263880.2637975183
2025-04-04,50156.17109417471,-1,50081.02467804599,100237.1957722207,3364117.459569739
2025-04-07,-70009.45635480373,-1,80129.63948487336,10120.183130069636,3374237.642699809
2025-04-08,-70008.99783621154,-1,-20007.012825990303,-90016.01066220184,3284221.632037607
2025-04-09,169993.5562154573,-1,19856.313593666633,189849.86980912392,3474071.5018467307
2025-04-10,-159743.82431644958,-1,-50006.713163110304,-209750.5374795599,3264320.964367171
2025-04-11,119989.87792588343,-1,-69944.28812057362,50045.589805309806,3314366.5541724805
2025-04-14,-79569.38827543272,-1,1.1350598392839758e-09,-79569.38827543159,3234797.165897049
2025-04-15,-30002.77399794203,-1,0.0,-30002.77399794203,3204794.391899107
2025-04-16,-20015.580231417815,-1,20176.37130574956,160.7910743317443,3204955.182973439
2025-04-17,-20005.38622321028,-1,-5.303975863106084,-20010.690199073386,3184944.4927743655
2025-04-18,-3.3479940244019497,-1,0.0,-3.3479940244019497,3184941.144780341
2025-04-21,-90000.0000000003,-1,39840.2241592008,-50159.775840799506,3134781.3689395417
2025-04-22,39995.39507680369,-1,-30006.013493018472,9989.381583785216,3144770.750523327
2025-04-23,70167.03133620432,-1,-70223.33776486375,-56.30642865943082,3144714.4440946677
2025-04-24,-30003.801541841178,-1,-4.248920757695008,-30008.050462598872,3114706.3936320688
2025-04-25,-4.807236402778491,-1,-20128.567317782916,-20133.374554185695,3094573.019077883
2025-04-28,-19881.283752122596,-1,29995.41925437948,10114.135502256886,3104687.15458014
2025-04-29,9994.187364215464,-1,10024.162485525334,20018.3498497408,3124705.504429881
2025-04-30,-70169.09147664084,-1,80387.30653602234,10218.215059381502,3134923.7194892624
2025-05-01,9933.414813282376,-1,-9999.999999999716,-66.58518671734055,3134857.134302545
2025-05-02,60288.94466598231,-1,-49719.81132177217,10569.133344210139,3145426.267646755
2025-05-05,-10006.831985331799,-1,9920.091480941783,-86.74050439001621,3145339.527142365
2025-05-06,-30052.72488091668,-1,39995.06592890315,9942.341047986465,3155281.8681903514
2025-05-07,9892.137811879544,-1,0.0,9892.137811879544,3165174.006002231
2025-05-08,70031.6724121815,-1,-60288.8059442314,9742.866467950109,3174916.872470181
2025-05-09,-0.0,-1,0.0,0.0,3174916.872470181
2025-05-12,30087.693747224854,-1,-70055.98667400471,-39968.29292677986,3134948.579543401
2025-05-13,-20008.60545364187,-1,0.0,-20008.60545364187,3114939.974089759
2025-05-14,20132.09337839003,-1,-19936.208614777275,195.8847636127539,3115135.858853372
2025-05-15,-40005.27145172258,-1,29856.64283839528,-10148.628613327302,3104987.2302400446
2025-05-16,9994.878621602798,-1,-9992.011587076893,2.867034525905183,3104990.0972745707
2025-05-19,-20066.230894455108,-1,20032.01178016094,-34.2191142941665,3104955.8781602765
2025-05-20,-39954.224053332495,-1,-19952.12750971825,-59906.351563050746,3045049.5265972256
2025-05-21,-39315.76547217867,-1,29928.191264576668,-9387.574207602,3035661.9523896235
2025-05-22,-10008.596922740822,-1,19994.32823271224,9985.731309971417,3045647.683699595
2025-05-23,-19997.262409152652,-1,10015.900562379646,-9981.361846773007,3035666.321852822
2025-05-26,-0.0,-1,0.0,0.0,3035666.321852822
2025-05-27,60381.795934944836,-1,-40127.3582504183,20254.437684526536,3055920.7595373485
2025-05-28,-20008.37004559987,-1,-10005.671767288046,-30014.041812887917,3025906.7177244606
2025-05-29,-157.9739578224544,-1,-19952.12750971655,-20110.101467539003,3005796.6162569216
2025-05-30,-40041.86821712257,-1,30072.070186650966,-9969.7980304716,2995826.81822645
2025-06-02,-20055.59246419525,-1,0.0,-20055.59246419525,2975771.225762255
2025-06-03,39966.631035153114,-1,-29928.191264576384,10038.43977057673,2985809.6655328316
2025-06-04,-20410.14896579807,-1,-10000.0,-30410.14896579807,2955399.5165670337
2025-06-05,70230.35709072124,-1,-30241.25716712787,39989.09992359337,2995388.616490627
2025-06-06,49996.342803218904,-1,-40321.67622283563,9674.666580383273,3005063.2830710104
2025-06-09,-20007.38436477212,-1,-10024.023395551461,-30031.40776032358,2975031.875310687
2025-06-10,10035.273142183933,-1,-10048.134324038185,-12.861181854252209,2975019.0141288326
2025-06-11,-39986.81234219705,-1,30216.999509602905,-9769.812832594147,2965249.2012962387
2025-06-12,19994.58888043367,-1,-10004.23085347626,9990.358026957409,2975239.5593231963
2025-06-13,-10004.018779022885,-1,20096.7467586598,10092.727979636915,2985332.287302833
2025-06-16,-40003.652089950425,-1,-9991.972014725396,-49995.62410467582,2935336.663198157
2025-06-17,29997.214221659793,-1,0.0,29997.214221659793,2965333.877419817
2025-06-18,-10004.392334474613,-1,30048.255797439757,20043.863462965142,2985377.740882782
2025-06-19,-0.0,-1,0.0,0.0,2985377.740882782
2025-06-20,-30005.233757231334,-1,-10000.000000000853,-40005.233757232185,2945372.5071255495
2025-06-23,-30062.198322694934,-1,10008.037745601254,-20054.16057709368,2925318.346548456
2025-06-24,-10058.876160245789,-1,10032.209687336946,-26.66647290884248,2925291.6800755467
2025-06-25,-30102.29528673332,-1,10056.469987715454,-20045.825299017866,2905245.8547765287
2025-06-26,-20052.70958095166,-1,10056.469987715454,-9996.239593236207,2895249.6151832924
2025-06-27,-8.374499155618576,-1,-10072.692801402272,-10081.06730055789,2885168.5478827343
2025-06-30,29720.389341781236,-1,-40225.87995086296,-10505.490609081724,2874663.0572736524
2025-07-01,49999.999999999825,-1,-30005.610267759737,19994.389732240088,2894657.4470058926
2025-07-02,-10177.963282212713,-1,-20016.181725016522,-30194.145007229235,2864463.301998663
2025-07-03,29899.400860133457,-1,-29975.75700361888,-76.35614348542367,2864386.945855178
2025-07-04,-0.0,-1,0.0,0.0,2864386.945855178
2025-07-07,-39734.25004030203,-1,39903.146147888765,168.8961075867337,2864555.8419627645
2025-07-08,9991.032544025911,-1,-4.204383966737334,9986.828160059174,2874542.6701228237
2025-07-09,-105.0449331481068,-1,19967.85469597163,19862.809762823523,2894405.479885647
2025-07-10,20067.964892825803,-1,-30096.788555846142,-10028.82366302034,2884376.6562226266
2025-07-11,-40003.071416597115,-1,20096.906563570297,-19906.164853026818,2864470.4913696
2025-07-14,-20005.41431794801,-1,9967.893725967582,-10037.520591980427,2854432.9707776196
2025-07-15,30063.954381547243,-1,-29879.674546688613,184.27983485862933,2854617.2506124782
2025-07-16,-59905.91961396158,-1,29783.93903952759,-30121.98057443399,2824495.270038044
2025-07-17,19999.999999999574,-1,-19871.886232459125,128.11376754044977,2824623.3838055846
2025-07-18,-40030.69224557541,-1,19887.832449751382,-20142.859795824028,2804480.5240097605
2025-07-21,9687.6326637007,-1,1.1313999289007187e-09,9687.632663701832,2814168.156673462
2025-07-22,10028.622841502995,-1,0.0,10028.622841502995,2824196.779514965
2025-07-23,9994.596194936019,-1,-20048.364819187173,-10053.768624251154,2814143.010890714
2025-07-24,29994.248081787988,-1,-29999.999999999425,-5.751918211437442,2814137.2589725023
2025-07-25,9994.887370541483,-1,9999.999999998861,19994.887370540346,2834132.1463430426
2025-07-28,-30175.493020125286,-1,8.540250572991624e-10,-30175.49302012443,2803956.6533229183
2025-07-29,39968.58747331319,-1,9999.999999999998,49968.58747331319,2853925.2407962317
2025-07-30,29994.00416884979,-1,-10056.563298145034,19937.440870704755,2873862.6816669363
2025-07-31,-0.0,-1,-20064.52570389752,-20064.52570389752,2853798.1559630386
2025-08-01,-109976.75677811378,-1,80452.50638516028,-29524.2503929535,2824273.905570085
2025-08-04,-10010.574323772069,-1,-10004.553848311782,-20015.128172083852,2804258.7773980014
2025-08-05,39993.450659833296,-1,-20032.396536587887,19961.05412324541,2824219.8315212466
2025-08-06,-30069.31006388668,-1,30097.308400316346,27.99833642966405,2824247.8298576763
2025-08-07,19989.50721045019,-1,-10008.09419180051,9981.413018649679,2834229.242876326
2025-08-08,9993.640926807042,-1,8.533414352143558e-10,9993.640926807895,2844222.8838031343
2025-08-11,-33.8263416595255,-1,-19951.55317598954,-19985.379517649064,2824237.5042854855
2025-08-12,-39816.14814625369,-1,9991.915678404195,-29824.232467849495,2794413.271817636
2025-08-13,-10005.24646840148,-1,-19935.443580638883,-29940.690049040364,2764472.5817685956
2025-08-14,-209.40343161483906,-1,0.0,-209.40343161483906,2764263.1783369808
2025-08-15,-9992.133687994592,0,-19967.682425102237,-29959.81611309683,2734303.362223884
2025-08-18,-1427.4455303601112,0,9967.721790320575,8540.276259960463,2742843.6384838447
2025-08-19,0.0,0,9951.641618057227,9951.641618057227,2752795.280101902
2025-08-20,0.0,0,19951.553175989255,19951.553175989255,2772746.833277891
2025-08-21,0.0,0,-9967.721790319441,-9967.721790319441,2762779.1114875716
2025-08-22,0.0,0,9943.616214753183,9943.616214753183,2772722.7277023247
2025-08-25,0.0,0,-29975.747035216275,-29975.747035216275,2742746.9806671087
2025-08-26,0.0,0,49999.999999999716,49999.999999999716,2792746.980667108
2025-08-27,0.0,0,19951.553175989255,19951.553175989255,2812698.5338430973
2025-08-28,-0.0,0,-19951.553175989255,-19951.553175989255,2792746.980667108
2025-08-29,0.0,0,50040.470958999416,50040.470958999416,2842787.4516261076
2025-09-01,0.0,0,0.0,0.0,2842787.4516261076
2025-09-02,0.0,0,9959.676805130843,9959.676805130843,2852747.1284312382
2025-09-03,0.0,0,-30003.851734174903,-30003.851734174903,2822743.2766970634
2025-09-04,0.0,0,20145.746339443533,20145.746339443533,2842889.023036507
2025-09-05,0.0,0,-20004.201059569896,-20004.201059569896,2822884.821976937
2025-09-08,0.0,0,-20146.47001226535,-20146.47001226535,2802738.3519646716
2025-09-09,0.0,0,-10005.570250452958,-10005.570250452958,2792732.7817142187
2025-09-10,0.0,0,0.0,0.0,2792732.7817142187
2025-09-11,-0.0,0,-10016.311914793676,-10016.311914793676,2782716.469799425
2025-09-12,0.0,0,-40196.22395353733,-40196.22395353733,2742520.245845888
2025-09-15,0.0,0,-20081.709805170958,-20081.709805170958,2722438.536040717
2025-09-16,0.0,0,10065.488383636623,10065.488383636623,2732504.0244243536
2025-09-17,0.0,0,10065.488383636908,10065.488383636908,2742569.5128079904
2025-09-18,0.0,0,-20081.709805171813,-20081.709805171813,2722487.8030028185
2025-09-19,0.0,0,8.540421204197027e-10,8.540421204197027e-10,2722487.8030028194
2025-09-22,0.0,0,-9991.859021569704,-9991.859021569704,2712495.94398125
2025-09-23,0.0,0,19983.718043137706,19983.718043137706,2732479.6620243876
2025-09-24,0.0,0,-9999.999999999718,-9999.999999999718,2722479.662024388
2025-09-25,-0.0,0,-9975.60694929045,-9975.60694929045,2712504.055075098
2025-09-26,0.0,0,-19934.991652351917,-19934.991652351917,2692569.063422746
2025-09-29,0.0,0,-9967.49582617539,-9967.49582617539,2682601.5675965706
2025-09-30,0.0,0,30048.93574438217,30048.93574438217,2712650.5033409526
2025-10-01,0.0,0,19967.45601909542,19967.45601909542,2732617.959360048
2025-10-02,0.0,0,-9999.999999998865,-9999.999999998865,2722617.959360049
2025-10-03,0.0,0,-20048.965761138392,-20048.965761138392,2702568.9935989105
2025-10-06,0.0,0,-10016.311914793676,-10016.311914793676,2692552.681684117
2025-10-07,0.0,0,19967.456019095705,19967.456019095705,2712520.1377032124
2025-10-08,-0.0,0,9999.999999999718,9999.999999999718,2722520.137703212
2025-10-09,0.0,0,10000.000000000571,10000.000000000571,2732520.1377032124
2025-10-10,0.0,0,29951.184028643416,29951.184028643416,2762471.321731856
2025-10-13,0.0,0,0.0,0.0,2762471.321731856
2025-10-14,0.0,0,-10032.663871577088,-10032.663871577088,2752438.657860279
2025-10-15,0.0,0,-30171.80143136441,-30171.80143136441,2722266.8564289147
2025-10-16,0.0,0,30196.465150910153,30196.465150910153,2752463.3215798247
2025-10-17,0.0,0,-10003.808750060089,-10003.808750060089,2742459.5128297647
2025-10-20,0.0,0,-19967.30884430541,-19967.30884430541,2722492.203985459
2025-10-21,0.0,0,-10016.385791277735,-10016.385791277735,2712475.8181941817
2025-10-22,-0.0,0,20082.080276369317,20082.080276369317,2732557.898470551
2025-10-23,0.0,0,-30098.43574412149,-30098.43574412149,2702459.462726429
2025-10-24,0.0,0,-10024.593804038417,-10024.593804038417,2692434.8689223905
2025-10-27,-0.0,0,-422.1963854271448,-422.1963854271448,2692012.6725369636
2025-10-28,0.0,0,0.0,0.0,2692012.6725369636
2025-10-29,0.0,0,-0.0,0.0,2692012.6725369636
2025-10-30,0.0,0,0.0,0.0,2692012.6725369636
2025-10-31,0.0,0,0.0,0.0,2692012.6725369636
2025-11-03,0.0,0,0.0,0.0,2692012.6725369636
2025-11-04,0.0,0,0.0,0.0,2692012.6725369636
2025-11-05,0.0,0,-0.0,0.0,2692012.6725369636
2025-11-06,0.0,0,0.0,0.0,2692012.6725369636
2025-11-07,0.0,0,0.0,0.0,2692012.6725369636
2025-11-10,0.0,0,-0.0,0.0,2692012.6725369636
2025-11-11,0.0,0,0.0,0.0,2692012.6725369636
2025-11-12,0.0,0,0.0,0.0,2692012.6725369636
2025-11-13,0.0,0,0.0,0.0,2692012.6725369636
2025-11-14,0.0,0,0.0,0.0,2692012.6725369636
2025-11-17,0.0,0,0.0,0.0,2692012.6725369636
2025-11-18,0.0,0,0.0,0.0,2692012.6725369636
2025-11-19,0.0,0,0.0,0.0,2692012.6725369636
2025-11-20,0.0,0,0.0,0.0,2692012.6725369636
2025-11-21,0.0,0,0.0,0.0,2692012.6725369636
2025-11-24,0.0,0,-0.0,0.0,2692012.6725369636
2025-11-25,0.0,0,-0.0,0.0,2692012.6725369636
2025-11-26,-0.0,0,-0.0,-0.0,2692012.6725369636
2025-11-27,0.0,0,0.0,0.0,2692012.6725369636
2025-11-28,0.0,0,0.0,0.0,2692012.6725369636
2025-12-01,0.0,0,0.0,0.0,2692012.6725369636
2025-12-02,0.0,0,-0.0,0.0,2692012.6725369636
2025-12-03,0.0,0,0.0,0.0,2692012.6725369636
2025-12-04,0.0,0,-0.0,0.0,2692012.6725369636
2025-12-05,0.0,0,-0.0,0.0,2692012.6725369636
2025-12-08,0.0,0,-0.0,0.0,2692012.6725369636
2025-12-09,-0.0,0,0.0,0.0,2692012.6725369636
2025-12-10,0.0,0,0.0,0.0,2692012.6725369636
2025-12-11,0.0,0,-0.0,0.0,2692012.6725369636
2025-12-12,0.0,0,0.0,0.0,2692012.6725369636
2025-12-15,0.0,0,0.0,0.0,2692012.6725369636
2025-12-16,0.0,0,0.0,0.0,2692012.6725369636
2025-12-17,0.0,0,0.0,0.0,2692012.6725369636
2025-12-18,0.0,0,0.0,0.0,2692012.6725369636
2025-12-19,0.0,0,-0.0,0.0,2692012.6725369636
2025-12-22,0.0,0,0.0,0.0,2692012.6725369636
2025-12-23,-0.0,0,-0.0,-0.0,2692012.6725369636
2025-12-24,0.0,0,-0.0,0.0,2692012.6725369636
2025-12-25,0.0,0,0.0,0.0,2692012.6725369636
2025-12-26,0.0,0,0.0,0.0,2692012.6725369636
2025-12-29,0.0,0,0.0,0.0,2692012.6725369636
2025-12-30,0.0,0,-0.0,0.0,2692012.6725369636
2025-12-31,0.0,0,-0.0,0.0,2692012.6725369636
2026-01-01,0.0,0,0.0,0.0,2692012.6725369636
2026-01-02,0.0,0,0.0,0.0,2692012.6725369636
2026-01-05,0.0,0,0.0,0.0,2692012.6725369636
2026-01-06,0.0,0,-0.0,0.0,2692012.6725369636
2026-01-07,0.0,0,-0.0,0.0,2692012.6725369636
2026-01-08,0.0,0,0.0,0.0,2692012.6725369636
2026-01-09,-0.0,0,-0.0,-0.0,2692012.6725369636
2026-01-12,0.0,0,-0.0,0.0,2692012.6725369636
2026-01-13,0.0,0,-0.0,0.0,2692012.6725369636
2026-01-14,0.0,0,-0.0,0.0,2692012.6725369636
2026-01-15,0.0,0,-0.0,0.0,2692012.6725369636
2026-01-16,0.0,0,-0.0,0.0,2692012.6725369636
2026-01-19,0.0,0,0.0,0.0,2692012.6725369636
2026-01-20,0.0,0,0.0,0.0,2692012.6725369636
2026-01-21,0.0,0,-0.0,0.0,2692012.6725369636
2026-01-22,-0.0,0,-0.0,-0.0,2692012.6725369636
2026-01-23,0.0,0,0.0,0.0,2692012.6725369636
2026-01-26,0.0,0,0.0,0.0,2692012.6725369636
2026-01-27,0.0,0,-0.0,0.0,2692012.6725369636
2026-01-28,0.0,0,0.0,0.0,2692012.6725369636
2026-01-29,0.0,0,0.0,0.0,2692012.6725369636
2026-01-30,0.0,0,-0.0,0.0,2692012.6725369636
2026-02-02,0.0,0,-0.0,0.0,2692012.6725369636
2026-02-03,0.0,0,0.0,0.0,2692012.6725369636
2026-02-04,0.0,0,0.0,0.0,2692012.6725369636
2026-02-05,0.0,0,0.0,0.0,2692012.6725369636
2026-02-06,0.0,0,-0.0,0.0,2692012.6725369636
2026-02-09,0.0,0,-0.0,0.0,2692012.6725369636
2026-02-10,0.0,0,0.0,0.0,2692012.6725369636
2026-02-11,0.0,0,0.0,0.0,2692012.6725369636
2026-02-12,0.0,0,0.0,0.0,2692012.6725369636
2026-02-13,0.0,0,0.0,0.0,2692012.6725369636
2026-02-16,0.0,0,0.0,0.0,2692012.6725369636
2026-02-17,-0.0,0,-0.0,-0.0,2692012.6725369636
2026-02-18,0.0,0,-0.0,0.0,2692012.6725369636
2026-02-19,0.0,0,0.0,0.0,2692012.6725369636
2026-02-20,0.0,0,0.0,0.0,2692012.6725369636
2026-02-23,0.0,0,0.0,0.0,2692012.6725369636
2026-02-24,0.0,0,0.0,0.0,2692012.6725369636
2026-02-25,0.0,0,0.0,0.0,2692012.6725369636
2026-02-26,0.0,0,0.0,0.0,2692012.6725369636
2026-02-27,0.0,0,0.0,0.0,2692012.6725369636
2026-03-02,0.0,0,-0.0,0.0,2692012.6725369636
2026-03-03,0.0,0,0.0,0.0,2692012.6725369636
2026-03-04,0.0,0,-0.0,0.0,2692012.6725369636
2026-03-05,0.0,0,0.0,0.0,2692012.6725369636
2026-03-06,0.0,0,-0.0,0.0,2692012.6725369636
2026-03-09,0.0,0,0.0,0.0,2692012.6725369636
2026-03-10,0.0,0,-0.0,0.0,2692012.6725369636
2026-03-11,0.0,0,0.0,0.0,2692012.6725369636
2026-03-12,0.0,0,0.0,0.0,2692012.6725369636
2026-03-13,0.0,0,-0.0,0.0,2692012.6725369636
2026-03-16,0.0,0,0.0,0.0,2692012.6725369636
2026-03-17,0.0,0,0.0,0.0,2692012.6725369636
2026-03-18,0.0,0,-0.0,0.0,2692012.6725369636
2026-03-19,-0.0,0,-0.0,-0.0,2692012.6725369636
2026-03-20,0.0,0,-0.0,0.0,2692012.6725369636
2026-03-23,0.0,0,0.0,0.0,2692012.6725369636
2026-03-24,0.0,0,-0.0,0.0,2692012.6725369636
2026-03-25,0.0,0,0.0,0.0,2692012.6725369636
2026-03-26,0.0,1,-0.0,0.0,2692012.6725369636
2026-03-27,68563.44462974784,1,0.0,68563.44462974784,2760576.1171667115
2026-03-30,20445.7102386803,1,0.0,20445.7102386803,2781021.8274053917
2026-03-31,20075.283946814197,1,0.0,20075.283946814197,2801097.1113522057
2026-04-01,-20037.36596897724,1,-0.0,-20037.36596897724,2781059.7453832286
2026-04-02,17.666001094479725,1,-0.0,17.666001094479725,2781077.411384323
2026-04-03,-20011.07971991317,1,-0.0,-20011.07971991317,2761066.33166441
2026-04-06,-10022.278741271946,1,0.0,-10022.278741271946,2751044.052923138
2026-04-07,40124.47603699429,1,0.0,40124.47603699429,2791168.528960132
2026-04-08,20067.769701527257,1,-0.0,20067.769701527257,2811236.2986616595
2026-04-09,20087.86577510755,1,0.0,20087.86577510755,2831324.164436767
2026-04-10,-20099.31320329297,1,-0.0,-20099.31320329297,2811224.851233474
2026-04-13,10050.45415991024,1,-0.0,10050.45415991024,2821275.3053933843
2026-04-14,20106.4903355212,1,-0.0,20106.4903355212,2841381.7957289056
2026-04-15,-10008.31339356904,1,-0.0,-10008.31339356904,2831373.4823353365
2026-04-16,29916.160998647072,0,0.0,29916.160998647072,2861289.6433339836
2026-04-17,-1428.2419766845278,0,0.0,-1428.2419766845278,2859861.401357299
2026-04-20,0.0,0,0.0,0.0,2859861.401357299
2026-04-21,0.0,0,-0.0,0.0,2859861.401357299
2026-04-22,0.0,0,-0.0,0.0,2859861.401357299
2026-04-23,0.0,0,-0.0,0.0,2859861.401357299
2026-04-24,0.0,0,0.0,0.0,2859861.401357299
2026-04-27,0.0,0,0.0,0.0,2859861.401357299
2026-04-28,0.0,0,-0.0,0.0,2859861.401357299
2026-04-29,0.0,0,-0.0,0.0,2859861.401357299
2026-04-30,0.0,0,0.0,0.0,2859861.401357299
2026-05-01,-0.0,0,-0.0,-0.0,2859861.401357299
2026-05-04,0.0,0,-0.0,0.0,2859861.401357299
2026-05-05,-0.0,1,-0.0,-0.0,2859861.401357299
2026-05-06,48561.60629859823,1,0.0,48561.60629859823,2908423.007655897
2026-05-07,-19980.467132556532,1,-0.0,-19980.467132556532,2888442.5405233405
2026-05-08,-1.9065283090931189,1,0.0,-1.9065283090931189,2888440.6339950315
2026-05-11,-19975.577789561266,1,0.0,-19975.577789561266,2868465.05620547
2026-05-12,-13.069721227060654,1,0.0,-13.069721227060654,2868451.986484243
2026-05-13,0.0,1,0.0,0.0,2868451.986484243
2026-05-14,-19932.777775179602,1,-0.0,-19932.777775179602,2848519.2087090635
2026-05-15,-30284.8996606085,1,0.0,-30284.8996606085,2818234.309048455
2026-05-18,9989.572430024831,1,-0.0,9989.572430024831,2828223.88147848
2026-05-19,-10077.26901806936,1,-0.0,-10077.26901806936,2818146.6124604107
2026-05-20,29996.01704229419,1,0.0,29996.01704229419,2848142.629502705
2026-05-21,-40005.52248860634,1,0.0,-40005.52248860634,2808137.1070140987
2026-05-22,-50018.32938097073,1,-0.0,-50018.32938097073,2758118.7776331278
2026-05-25,0.0,1,0.0,0.0,2758118.7776331278
2026-05-26,39714.07712361463,1,-0.0,39714.07712361463,2797832.8547567423
2026-05-27,-3.835334135680972,1,0.0,-3.835334135680972,2797829.0194226066
2026-05-28,-10057.897517772075,1,0.0,-10057.897517772075,2787771.1219048346
2026-05-29,30077.995715622405,1,0.0,30077.995715622405,2817849.117620457
2026-06-01,-50078.386440686074,1,-0.0,-50078.386440686074,2767770.731179771
2026-06-02,-10088.670738128007,1,0.0,-10088.670738128007,2757682.060441643
2026-06-03,-20002.795157592034,1,0.0,-20002.795157592034,2737679.265284051
2026-06-04,10014.266432212968,1,0.0,10014.266432212968,2747693.5317162643
2026-06-05,-69971.28992756433,1,-0.0,-69971.28992756433,2677722.2417887
2026-06-08,19909.022570829417,1,0.0,19909.022570829417,2697631.2643595296
2026-06-09,9994.28292611844,1,0.0,9994.28292611844,2707625.547285648
2026-06-10,10037.736306549206,1,0.0,10037.736306549206,2717663.283592197
2026-06-11,10046.937042692705,1,0.0,10046.937042692705,2727710.22063489
2026-06-12,-10006.160668749444,1,-0.0,-10006.160668749444,2717704.0599661404
2026-06-15,29976.521921458043,1,0.0,29976.521921458043,2747680.5818875986
2026-06-16,-19908.75172159298,1,0.0,-19908.75172159298,2727771.8301660055
2026-06-17,-110057.44621341227,1,-0.0,-110057.44621341227,2617714.3839525934
2026-06-18,9837.519437260886,1,0.0,9837.519437260886,2627551.9033898544
2026-06-19,0.0,1,0.0,0.0,2627551.9033898544
2026-06-22,-9634.861304631231,1,0.0,-9634.861304631231,2617917.042085223
2026-06-23,9942.697527685204,1,0.0,9942.697527685204,2627859.739612908
2026-06-24,19674.001828875553,1,0.0,19674.001828875553,2647533.7414417835
2026-06-25,19996.407870723375,1,0.0,19996.407870723375,2667530.149312507
2026-06-26,40015.6691023378,1,0.0,40015.6691023378,2707545.8184148446
2026-06-29,-30014.651284665808,1,-0.0,-30014.651284665808,2677531.167130179
2026-06-30,-39.18031296644767,1,-0.0,-39.18031296644767,2677491.9868172123
2026-07-01,9682.933092093655,1,0.0,9682.933092093655,2687174.919909306
2026-07-02,19993.919909589426,1,0.0,19993.919909589426,2707168.8398188953
2026-07-03,0.0,1,0.0,0.0,2707168.8398188953
2026-07-06,29993.81538982129,1,0.0,29993.81538982129,2737162.6552087166
2026-07-07,-183.68056901005184,1,-0.0,-183.68056901005184,2736978.974639707
2026-07-08,-30003.826641568463,1,0.0,-30003.826641568463,2706975.1479981383
2026-07-09,29969.66240380034,1,-0.0,29969.66240380034,2736944.810401939
2026-07-10,-20000.00000000046,1,0.0,-20000.00000000046,2716944.8104019384
2026-07-13,-29990.66484999376,1,-0.0,-29990.66484999376,2686954.1455519446
2026-07-14,39956.9341944631,1,0.0,39956.9341944631,2726911.079746408
2026-07-15,49947.89498957526,1,0.0,49947.89498957526,2776858.974735983
2026-07-16,-10039.195373834304,1,-0.0,-10039.195373834304,2766819.779362149
2026-07-17,-29864.199112003582,1,0.0,-29864.199112003582,2736955.5802501454
2026-07-20,-43.698278848554764,1,0.0,-43.698278848554764,2736911.881971297
2026-07-21,-20003.975123713026,1,-0.0,-20003.975123713026,2716907.906847584
2026-07-22,-20003.52698676491,1,-0.0,-20003.52698676491,2696904.3798608193
2026-07-23,-29986.15044821511,1,0.0,-29986.15044821511,2666918.229412604
2026-07-24,19993.966031489657,1,0.0,19993.966031489657,2686912.1954440936
2026-07-27,-10021.708481091318,1,0.0,-10021.708481091318,2676890.486963002
2026-07-28,19908.287503408963,1,0.0,19908.287503408963,2696798.7744664107
2026-07-29,89993.81025874708,1,-0.0,89993.81025874708,2786792.584725158
2026-07-30,-4.670069768815069,1,0.0,-4.670069768815069,2786787.914655389
2026-07-31,-10049.231347572451,1,-0.0,-10049.231347572451,2776738.6833078163
2026-08-03,9995.04565531819,1,-0.0,9995.04565531819,2786733.7289631343
2026-08-04,19866.273570948862,1,0.0,19866.273570948862,2806600.002534083
