date,curve_net_pnl,position,hedge_net_pnl,net_pnl,cumulative_pnl
2001-08-06,0.0,0,0.0,0.0,0.0
2001-08-07,0.0,0,-0.0,0.0,0.0
2001-08-08,0.0,0,0.0,0.0,0.0
2001-08-09,0.0,0,-0.0,0.0,0.0
2001-08-10,0.0,0,0.0,0.0,0.0
2001-08-13,0.0,0,0.0,0.0,0.0
2001-08-14,0.0,0,0.0,0.0,0.0
2001-08-15,0.0,0,-0.0,0.0,0.0
2001-08-16,0.0,0,0.0,0.0,0.0
2001-08-17,0.0,0,0.0,0.0,0.0
2001-08-20,0.0,0,-0.0,0.0,0.0
2001-08-21,0.0,0,0.0,0.0,0.0
2001-08-22,0.0,0,-0.0,0.0,0.0
2001-08-23,0.0,0,-0.0,0.0,0.0
2001-08-24,0.0,0,-0.0,0.0,0.0
2001-08-27,0.0,0,-0.0,0.0,0.0
2001-08-28,0.0,0,0.0,0.0,0.0
2001-08-29,0.0,0,0.0,0.0,0.0
2001-08-30,0.0,0,0.0,0.0,0.0
2001-08-31,0.0,0,-0.0,0.0,0.0
2001-09-03,0.0,0,0.0,0.0,0.0
2001-09-04,0.0,0,-0.0,0.0,0.0
2001-09-05,0.0,0,0.0,0.0,0.0
2001-09-06,0.0,0,0.0,0.0,0.0
2001-09-07,0.0,0,0.0,0.0,0.0
2001-09-10,0.0,0,0.0,0.0,0.0
2001-09-11,0.0,0,0.0,0.0,0.0
2001-09-12,0.0,0,0.0,0.0,0.0
2001-09-13,0.0,0,0.0,0.0,0.0
2001-09-14,0.0,0,0.0,0.0,0.0
2001-09-17,0.0,0,0.0,0.0,0.0
2001-09-18,0.0,0,0.0,0.0,0.0
2001-09-19,0.0,0,0.0,0.0,0.0
2001-09-20,0.0,0,-0.0,0.0,0.0
2001-09-21,-0.0,0,0.0,0.0,0.0
2001-09-24,0.0,0,-0.0,0.0,0.0
2001-09-25,0.0,0,-0.0,0.0,0.0
2001-09-26,0.0,0,-0.0,0.0,0.0
2001-09-27,0.0,0,0.0,0.0,0.0
2001-09-28,0.0,0,-0.0,0.0,0.0
2001-10-01,0.0,0,0.0,0.0,0.0
2001-10-02,0.0,0,-0.0,0.0,0.0
2001-10-03,-0.0,0,0.0,0.0,0.0
2001-10-04,0.0,0,-0.0,0.0,0.0
2001-10-05,0.0,0,0.0,0.0,0.0
2001-10-08,0.0,0,0.0,0.0,0.0
2001-10-09,0.0,0,-0.0,0.0,0.0
2001-10-10,-0.0,0,-0.0,-0.0,0.0
2001-10-11,0.0,0,-0.0,0.0,0.0
2001-10-12,0.0,0,0.0,0.0,0.0
2001-10-15,0.0,0,0.0,0.0,0.0
2001-10-16,0.0,0,-0.0,0.0,0.0
2001-10-17,0.0,0,-0.0,0.0,0.0
2001-10-18,0.0,0,-0.0,0.0,0.0
2001-10-19,0.0,0,-0.0,0.0,0.0
2001-10-22,0.0,0,-0.0,0.0,0.0
2001-10-23,0.0,0,0.0,0.0,0.0
2001-10-24,0.0,0,-0.0,0.0,0.0
2001-10-25,0.0,0,0.0,0.0,0.0
2001-10-26,-0.0,0,0.0,0.0,0.0
2001-10-29,0.0,0,0.0,0.0,0.0
2001-10-30,0.0,0,0.0,0.0,0.0
2001-10-31,0.0,0,0.0,0.0,0.0
2001-11-01,-0.0,0,-0.0,-0.0,0.0
2001-11-02,0.0,0,0.0,0.0,0.0
2001-11-05,0.0,0,-0.0,0.0,0.0
2001-11-06,0.0,0,0.0,0.0,0.0
2001-11-07,0.0,0,-0.0,0.0,0.0
2001-11-08,0.0,0,-0.0,0.0,0.0
2001-11-09,0.0,0,-0.0,0.0,0.0
2001-11-12,0.0,0,0.0,0.0,0.0
2001-11-13,0.0,0,-0.0,0.0,0.0
2001-11-14,0.0,0,-0.0,0.0,0.0
2001-11-15,0.0,0,-0.0,0.0,0.0
2001-11-16,0.0,0,-0.0,0.0,0.0
2001-11-19,0.0,0,0.0,0.0,0.0
2001-11-20,0.0,0,0.0,0.0,0.0
2001-11-21,0.0,0,-0.0,0.0,0.0
2001-11-22,0.0,0,0.0,0.0,0.0
2001-11-23,0.0,0,-0.0,0.0,0.0
2001-11-26,0.0,0,-0.0,0.0,0.0
2001-11-27,0.0,0,0.0,0.0,0.0
2001-11-28,0.0,0,0.0,0.0,0.0
2001-11-29,0.0,0,0.0,0.0,0.0
2001-11-30,0.0,0,0.0,0.0,0.0
2001-12-03,0.0,0,0.0,0.0,0.0
2001-12-04,0.0,0,0.0,0.0,0.0
2001-12-05,0.0,0,-0.0,0.0,0.0
2001-12-06,0.0,0,-0.0,0.0,0.0
2001-12-07,0.0,0,-0.0,0.0,0.0
2001-12-10,0.0,0,0.0,0.0,0.0
2001-12-11,0.0,0,0.0,0.0,0.0
2001-12-12,0.0,0,0.0,0.0,0.0
2001-12-13,0.0,0,-0.0,0.0,0.0
2001-12-14,0.0,0,-0.0,0.0,0.0
2001-12-17,0.0,0,0.0,0.0,0.0
2001-12-18,0.0,0,-0.0,0.0,0.0
2001-12-19,0.0,0,0.0,0.0,0.0
2001-12-20,0.0,0,-0.0,0.0,0.0
2001-12-21,0.0,0,-0.0,0.0,0.0
2001-12-24,0.0,0,-0.0,0.0,0.0
2001-12-25,0.0,0,0.0,0.0,0.0
2001-12-26,0.0,0,0.0,0.0,0.0
2001-12-27,0.0,0,0.0,0.0,0.0
2001-12-28,0.0,0,-0.0,0.0,0.0
2001-12-31,0.0,0,-0.0,0.0,0.0
2002-01-01,0.0,0,0.0,0.0,0.0
2002-01-02,0.0,0,-0.0,0.0,0.0
2002-01-03,0.0,0,0.0,0.0,0.0
2002-01-04,0.0,0,-0.0,0.0,0.0
2002-01-07,0.0,0,0.0,0.0,0.0
2002-01-08,0.0,0,0.0,0.0,0.0
2002-01-09,0.0,0,-0.0,0.0,0.0
2002-01-10,0.0,0,0.0,0.0,0.0
2002-01-11,0.0,0,0.0,0.0,0.0
2002-01-14,-0.0,0,0.0,0.0,0.0
2002-01-15,-0.0,0,-0.0,-0.0,0.0
2002-01-16,0.0,0,0.0,0.0,0.0
2002-01-17,0.0,0,-0.0,0.0,0.0
2002-01-18,0.0,0,0.0,0.0,0.0
2002-01-21,0.0,0,0.0,0.0,0.0
2002-01-22,0.0,0,-0.0,0.0,0.0
2002-01-23,0.0,0,0.0,0.0,0.0
2002-01-24,0.0,0,-0.0,0.0,0.0
2002-01-25,0.0,0,-0.0,0.0,0.0
2002-01-28,0.0,0,-0.0,0.0,0.0
2002-01-29,0.0,0,0.0,0.0,0.0
2002-01-30,0.0,0,0.0,0.0,0.0
2002-01-31,0.0,0,-0.0,0.0,0.0
2002-02-01,0.0,0,0.0,0.0,0.0
2002-02-04,0.0,0,0.0,0.0,0.0
2002-02-05,-0.0,0,0.0,0.0,0.0
2002-02-06,0.0,0,0.0,0.0,0.0
2002-02-07,0.0,0,0.0,0.0,0.0
2002-02-08,0.0,0,-0.0,0.0,0.0
2002-02-11,0.0,0,-0.0,0.0,0.0
2002-02-12,0.0,0,-0.0,0.0,0.0
2002-02-13,0.0,0,-0.0,0.0,0.0
2002-02-14,0.0,0,0.0,0.0,0.0
2002-02-15,0.0,0,0.0,0.0,0.0
2002-02-18,0.0,0,0.0,0.0,0.0
2002-02-19,0.0,0,0.0,0.0,0.0
2002-02-20,0.0,0,0.0,0.0,0.0
2002-02-21,0.0,0,-0.0,0.0,0.0
2002-02-22,0.0,0,0.0,0.0,0.0
2002-02-25,0.0,0,-0.0,0.0,0.0
2002-02-26,0.0,0,-0.0,0.0,0.0
2002-02-27,-0.0,0,0.0,0.0,0.0
2002-02-28,0.0,0,-0.0,0.0,0.0
2002-03-01,0.0,0,-0.0,0.0,0.0
2002-03-04,0.0,0,-0.0,0.0,0.0
2002-03-05,0.0,0,-0.0,0.0,0.0
2002-03-06,0.0,0,0.0,0.0,0.0
2002-03-07,0.0,0,-0.0,0.0,0.0
2002-03-08,0.0,0,-0.0,0.0,0.0
2002-03-11,0.0,0,-0.0,0.0,0.0
2002-03-12,0.0,0,0.0,0.0,0.0
2002-03-13,0.0,0,0.0,0.0,0.0
2002-03-14,0.0,0,-0.0,0.0,0.0
2002-03-15,-0.0,0,0.0,0.0,0.0
2002-03-18,-0.0,0,-0.0,-0.0,0.0
2002-03-19,0.0,0,0.0,0.0,0.0
2002-03-20,0.0,0,-0.0,0.0,0.0
2002-03-21,-0.0,0,-0.0,-0.0,0.0
2002-03-22,0.0,0,-0.0,0.0,0.0
2002-03-25,0.0,0,-0.0,0.0,0.0
2002-03-26,0.0,0,0.0,0.0,0.0
2002-03-27,0.0,0,0.0,0.0,0.0
2002-03-28,0.0,0,0.0,0.0,0.0
2002-03-29,0.0,0,0.0,0.0,0.0
2002-04-01,0.0,0,-0.0,0.0,0.0
2002-04-02,0.0,0,0.0,0.0,0.0
2002-04-03,0.0,0,0.0,0.0,0.0
2002-04-04,-0.0,0,0.0,0.0,0.0
2002-04-05,0.0,0,0.0,0.0,0.0
2002-04-08,0.0,0,-0.0,0.0,0.0
2002-04-09,0.0,0,0.0,0.0,0.0
2002-04-10,0.0,0,-0.0,0.0,0.0
2002-04-11,0.0,0,-0.0,0.0,0.0
2002-04-12,0.0,0,0.0,0.0,0.0
2002-04-15,0.0,0,-0.0,0.0,0.0
2002-04-16,0.0,0,-0.0,0.0,0.0
2002-04-17,0.0,0,-0.0,0.0,0.0
2002-04-18,0.0,0,0.0,0.0,0.0
2002-04-19,0.0,0,-0.0,0.0,0.0
2002-04-22,-0.0,0,-0.0,-0.0,0.0
2002-04-23,-0.0,0,0.0,0.0,0.0
2002-04-24,0.0,0,0.0,0.0,0.0
2002-04-25,0.0,0,0.0,0.0,0.0
2002-04-26,0.0,0,0.0,0.0,0.0
2002-04-29,0.0,0,-0.0,0.0,0.0
2002-04-30,0.0,0,0.0,0.0,0.0
2002-05-01,0.0,0,0.0,0.0,0.0
2002-05-02,0.0,0,-0.0,0.0,0.0
2002-05-03,0.0,0,0.0,0.0,0.0
2002-05-06,0.0,0,-0.0,0.0,0.0
2002-05-07,0.0,0,0.0,0.0,0.0
2002-05-08,0.0,0,-0.0,0.0,0.0
2002-05-09,0.0,0,0.0,0.0,0.0
2002-05-10,0.0,0,0.0,0.0,0.0
2002-05-13,0.0,0,-0.0,0.0,0.0
2002-05-14,0.0,0,-0.0,0.0,0.0
2002-05-15,0.0,0,0.0,0.0,0.0
2002-05-16,0.0,0,0.0,0.0,0.0
2002-05-17,0.0,0,-0.0,0.0,0.0
2002-05-20,0.0,0,0.0,0.0,0.0
2002-05-21,0.0,0,-0.0,0.0,0.0
2002-05-22,0.0,0,0.0,0.0,0.0
2002-05-23,0.0,0,-0.0,0.0,0.0
2002-05-24,0.0,0,-0.0,0.0,0.0
2002-05-27,0.0,0,0.0,0.0,0.0
2002-05-28,0.0,0,-0.0,0.0,0.0
2002-05-29,0.0,0,0.0,0.0,0.0
2002-05-30,0.0,0,0.0,0.0,0.0
2002-05-31,0.0,0,-0.0,0.0,0.0
2002-06-03,0.0,0,0.0,0.0,0.0
2002-06-04,0.0,0,0.0,0.0,0.0
2002-06-05,0.0,0,-0.0,0.0,0.0
2002-06-06,0.0,0,-0.0,0.0,0.0
2002-06-07,0.0,0,-0.0,0.0,0.0
2002-06-10,0.0,0,-0.0,0.0,0.0
2002-06-11,0.0,0,0.0,0.0,0.0
2002-06-12,0.0,0,0.0,0.0,0.0
2002-06-13,0.0,0,0.0,0.0,0.0
2002-06-14,0.0,0,0.0,0.0,0.0
2002-06-17,0.0,0,-0.0,0.0,0.0
2002-06-18,0.0,0,0.0,0.0,0.0
2002-06-19,0.0,0,0.0,0.0,0.0
2002-06-20,0.0,0,-0.0,0.0,0.0
2002-06-21,0.0,0,-0.0,0.0,0.0
2002-06-24,0.0,0,-0.0,0.0,0.0
2002-06-25,0.0,0,0.0,0.0,0.0
2002-06-26,0.0,0,0.0,0.0,0.0
2002-06-27,0.0,0,0.0,0.0,0.0
2002-06-28,0.0,0,-0.0,0.0,0.0
2002-07-01,0.0,0,0.0,0.0,0.0
2002-07-02,0.0,0,0.0,0.0,0.0
2002-07-03,0.0,0,-0.0,0.0,0.0
2002-07-04,0.0,0,0.0,0.0,0.0
2002-07-05,0.0,0,-0.0,0.0,0.0
2002-07-08,0.0,0,0.0,0.0,0.0
2002-07-09,0.0,0,0.0,0.0,0.0
2002-07-10,0.0,0,0.0,0.0,0.0
2002-07-11,0.0,0,0.0,0.0,0.0
2002-07-12,0.0,0,0.0,0.0,0.0
2002-07-15,0.0,0,0.0,0.0,0.0
2002-07-16,0.0,0,-0.0,0.0,0.0
2002-07-17,0.0,0,0.0,0.0,0.0
2002-07-18,0.0,0,0.0,0.0,0.0
2002-07-19,0.0,0,-0.0,0.0,0.0
2002-07-22,0.0,0,0.0,0.0,0.0
2002-07-23,0.0,0,0.0,0.0,0.0
2002-07-24,0.0,0,19502.25883802919,19502.25883802919,19502.25883802919
2002-07-25,0.0,0,1.1334644745354094e-09,1.1334644745354094e-09,19502.258838030324
2002-07-26,0.0,-1,-10015.022945485076,-10015.022945485076,9487.235892545248
2002-07-29,16806.544636938557,-1,-90202.9281078772,-73396.38347093864,-63909.14757839339
2002-07-30,193.4304428044852,-1,-39790.77808937327,-39597.347646568785,-103506.49522496219
2002-07-31,-70843.14794510766,-1,39820.56263202697,-31022.585313080686,-134529.08053804288
2002-08-01,-40123.06821811453,-1,20060.161944884538,-20062.906273229994,-154591.98681127286
2002-08-02,-20365.787569846318,-1,70316.21926551401,49950.43169566769,-104641.55511560517
2002-08-05,-19963.35085146803,-1,20196.557826958095,233.20697549006582,-104408.3481401151
2002-08-06,49724.81947893498,-1,-60005.587503323026,-10280.768024388046,-114689.11616450314
2002-08-07,-60110.516472715695,-1,49736.842608300205,-10373.67386441549,-125062.79002891862
2002-08-08,70133.55797490735,-1,-19924.724336828953,50208.8336380784,-74853.95639084022
2002-08-09,130186.6541574407,-1,29819.654471627255,160006.30862906796,85152.35223822774
2002-08-12,50384.60936496836,-1,-30045.350645457365,20339.258719510995,105491.61095773874
2002-08-13,888.2688590226171,-1,60455.638718223156,61343.90757724577,166835.5185349845
2002-08-14,179984.46954883356,-1,-20005.189378179246,159979.2801706543,326814.7987056388
2002-08-15,-10465.90890399125,-1,-20122.070376848165,-30587.979280839416,296226.81942479935
2002-08-16,-89801.86715091992,-1,-29977.232587410428,-119779.09973833035,176447.719686469
2002-08-19,-183.61505841914914,-1,-4.817885062180598,-188.43294348132974,176259.28674298766
2002-08-20,-10576.799957645868,-1,40090.79214479261,29513.992187146745,205773.2789301344
2002-08-21,-29927.93321775009,-1,-40334.47073045936,-70262.40394820945,135510.87498192495
2002-08-22,236.35535679738678,-1,-40365.09164980859,-40128.73629301121,95382.13868891375
2002-08-23,19650.643427293035,-1,-10045.475971638245,9605.16745565479,104987.30614456855
2002-08-26,29813.145370665676,-1,20182.54582490516,49995.691195570835,154982.99734013938
2002-08-27,172.25073842675192,-1,-10004.817885062748,-9832.567146635996,145150.4301935034
2002-08-28,39526.451316092076,-1,19909.196972360143,59435.64828845222,204586.0784819556
2002-08-29,-30033.431995223902,-1,29977.232587410428,-56.199407813473954,204529.87907414214
2002-08-30,19961.55104193469,-1,-10015.20503903487,9946.34600289982,214476.22507704195
2002-09-02,-0.0,-1,0.0,0.0,214476.22507704195
2002-09-03,30069.91474395839,-1,70266.55789342974,100336.47263738813,314812.69771443005
2002-09-04,30134.18490711252,-1,9994.835584977991,40129.02049209051,354941.71820652054
2002-09-05,-19595.58958830662,-1,70053.49626468057,50457.90667637395,405399.6248828945
2002-09-06,-11345.259694361317,-1,-49961.83338712204,-61307.093081483355,344092.5318014112
2002-09-09,49950.78023041358,0,-9924.069698711022,40026.710531702556,384119.24233311374
2002-09-10,-3177.9249118940056,0,19863.24517966788,16685.320267773874,400804.5626008876
2002-09-11,0.0,0,-9954.334628744498,-9954.334628744498,390850.2279721431
2002-09-12,0.0,0,29726.97156911339,29726.97156911339,420577.1995412565
2002-09-13,0.0,0,-9954.334628743933,-9954.334628743933,410622.86491251254
2002-09-16,-0.0,0,30022.926970577057,30022.926970577057,440645.7918830896
2002-09-17,0.0,0,40000.0,40000.0,480645.7918830896
2002-09-18,0.0,0,0.0,0.0,480645.7918830896
2002-09-19,0.0,0,40000.0,40000.0,520645.7918830896
2002-09-20,0.0,0,40091.8161001993,40091.8161001993,560737.6079832888
2002-09-23,0.0,0,39969.46670969763,39969.46670969763,600707.0746929864
2002-09-24,-0.0,0,20061.24685782087,20061.24685782087,620768.3215508073
2002-09-25,0.0,0,20045.90805010022,20045.90805010022,640814.2296009075
2002-09-26,0.0,0,-29840.265126377406,-29840.265126377406,610973.9644745301
2002-09-27,0.0,0,69680.34240121262,69680.34240121262,680654.3068757427
2002-09-30,0.0,0,49885.63491813535,49885.63491813535,730539.9417938781
2002-10-01,0.0,0,-19969.48468583947,-19969.48468583947,710570.4571080386
2002-10-02,0.0,0,-9931.622589833376,-9931.622589833376,700638.8345182053
2002-10-03,-0.0,0,29840.26512637571,29840.26512637571,730479.099644581
2002-10-04,-0.0,0,19863.24517966788,19863.24517966788,750342.3448242488
2002-10-07,0.0,0,79392.55758968818,79392.55758968818,829734.902413937
2002-10-08,0.0,0,29995.20530218366,29995.20530218366,859730.1077161207
2002-10-09,0.0,0,9969.684267198501,9969.684267198501,869699.7919833192
2002-10-10,0.0,0,0.0,0.0,869699.7919833192
2002-10-11,0.0,0,-19879.02098035702,-19879.02098035702,849820.7710029621
2002-10-14,0.0,0,-7.790702734627017,-7.790702734627017,849812.9803002275
2002-10-15,0.0,0,-140000.00000000058,-140000.00000000058,709812.980300227
2002-10-16,0.0,0,29775.389084622315,29775.389084622315,739588.3693848492
2002-10-17,0.0,0,-39641.04047957648,-39641.04047957648,699947.3289052728
2002-10-18,0.0,0,29993.27807762326,29993.27807762326,729940.606982896
2002-10-21,0.0,0,-59955.17774693306,-59955.17774693306,669985.4292359629
2002-10-22,0.0,0,9962.734804114509,9962.734804114509,679948.1640400775
2002-10-23,0.0,0,19866.15617170002,19866.15617170002,699814.3202117775
2002-10-24,0.0,0,39702.74157257121,39702.74157257121,739517.0617843487
2002-10-25,0.0,-1,9970.170531529513,9970.170531529513,749487.2323158782
2002-10-28,-83177.29373948723,-1,29977.588873466815,-53199.70486602042,696287.5274498577
2002-10-29,40014.26169942645,-1,39940.271717760785,79954.53341718724,776242.060867045
2002-10-30,-70262.36607645711,-1,-20105.073438705873,-90367.43951516299,685874.621351882
2002-10-31,199.32072948363202,-1,-10052.536719352936,-9853.215989869304,676021.4053620127
2002-11-01,-439.92482393390674,-1,-60005.23166743939,-60445.156491373295,615576.2488706394
2002-11-04,-30237.39628318176,-1,-39939.92360588599,-70177.31988906774,545398.9289815716
2002-11-05,-1.981538621137588,-1,5.667287042941613e-10,-1.9815386205708594,545396.947442951
2002-11-06,60108.32020659877,-1,-5.654548011519542e-10,60108.320206598204,605505.2676495493
2002-11-07,200289.95970398074,-1,9955.047604165296,210245.00730814604,815750.2749576953
2002-11-08,40364.226929019256,-1,-70005.20707641676,-29640.980147397502,786109.2948102978
2002-11-11,-11.434539505907894,-1,0.0,-11.434539505907894,786097.8602707919
2002-11-12,-69999.99999999984,-1,20152.132885299572,-49847.86711470027,736249.9931560917
2002-11-13,-30029.60720584339,-1,-10068.419577250173,-40098.02678309356,696151.9663729981
2002-11-14,-59915.541441281195,-1,-90684.59798384551,-150600.13942512672,545551.8269478714
2002-11-15,168.24374650948448,-1,-40000.0,-39831.756253490516,505720.07069438085
2002-11-18,29711.578039666885,-1,-20030.284044132175,9681.29399553471,515401.36468991556
2002-11-19,29754.585777551485,-1,-20106.3054997718,9648.280277779686,525049.6449676952
2002-11-20,-19427.55087638741,-1,-20182.774282015263,-39610.32515840267,485439.31980929256
2002-11-21,10567.868566927813,-1,-20075.843417011634,-9507.974850083821,475931.34495920874
2002-11-22,9985.763845143554,-1,-30022.69972777448,-20036.935882630925,455894.4090765778
2002-11-25,-19974.63171237993,-1,-10000.000000000568,-29974.6317123805,425919.7773641973
2002-11-26,-10205.067122326684,-1,30000.0,19794.932877673316,445714.7102418706
2002-11-27,-20362.95117881536,-1,-60364.69010358147,-80727.64128239683,364987.06895947375
2002-11-28,-0.0,-1,0.0,0.0,364987.06895947375
2002-11-29,-10180.755208546449,-1,-9969.82214594099,-20150.57735448744,344836.4916049863
2002-12-02,-9996.30806745519,-1,-10007.566575925017,-20003.874643380208,324832.6169616061
2002-12-03,-9925.702971023604,-1,-20030.28404413331,-29955.987015156912,294876.6299464492
2002-12-04,-265.4935272202274,-1,30045.42606619968,29779.932538979454,324656.56248542864
2002-12-05,-114.5520077261026,-1,0.0,-114.5520077261026,324542.01047770254
2002-12-06,-40059.59716346063,-1,40304.265770598,244.6686071373697,324786.6790848399
2002-12-09,20052.559350991465,-1,5.727580652688573e-10,20052.559350992036,344839.2384358319
2002-12-10,20041.924649772584,-1,-20004.81293326438,37.111716508203244,344876.35015234014
2002-12-11,100.50302287012164,-1,0.0,100.50302287012164,344976.85317521024
2002-12-12,-0.0,-1,20106.882002315222,20106.882002315222,365083.73517752544
2002-12-13,-40327.60046696679,-1,0.0,-40327.60046696679,324756.13471055863
2002-12-16,-10114.674698977818,-1,-49962.00706842725,-60076.68176740507,264679.45294315356
2002-12-17,-30077.397231211085,-1,5.667095102349207e-10,-30077.397231210518,234602.05571194305
2002-12-18,-10124.131459257085,-1,29954.435248808077,19830.30378955099,254432.35950149404
2002-12-19,30178.63064033001,-1,40060.89596154813,70239.52660187814,324671.8861033722
2002-12-20,9989.419378954643,-1,-20122.222852859573,-10132.80347390493,314539.0826294673
2002-12-23,20025.137427586185,-1,20137.58177903492,40162.71920662111,354701.8018360884
2002-12-24,-29960.326956517623,-1,-5.710364576303718e-10,-29960.326956518194,324741.47487957025
2002-12-25,-0.0,-1,0.0,0.0,324741.47487957025
2002-12-26,-9934.53039805856,-1,10068.790889517748,134.26049145918842,324875.7353710294
2002-12-27,585.3203193256631,-1,40305.91761347153,40891.237932797194,365766.9733038266
2002-12-30,19976.665992315855,-1,-10005.893988934116,9970.772003381739,375737.74530720833
2002-12-31,-10004.844349217958,-1,-5.693053380917976e-10,-10004.844349218527,365732.9009579898
2003-01-01,-0.0,-1,0.0,0.0,365732.9009579898
2003-01-02,-50023.465315293695,-1,-110084.24008871999,-160107.7054040137,205625.1955539761
2003-01-03,9794.138722850239,-1,19817.604920901038,29611.743643751277,235236.9391977274
2003-01-06,10305.78686532341,-1,-9908.802460450801,396.98440487260996,235633.9236026
2003-01-07,-20015.228140909145,-1,9994.475345708594,-10020.752795200551,225613.17080739944
2003-01-08,-19955.33384480291,-1,-40121.985963228,-60077.31980803091,165535.85099936853
2003-01-09,-30569.317595248925,-1,-60551.53156896675,-91120.84916421567,74415.00183515286
2003-01-10,-50114.39415938889,-1,19984.796523462806,-30129.597635926082,44285.404199226774
2003-01-13,29978.70610196166,-1,-19999.999999999432,9978.706101962227,54264.110301189
2003-01-14,-162.67521087191562,-1,20045.717823641713,19883.042612769797,74147.1529139588
2003-01-15,-10009.87127379532,-1,-20091.597276879016,-30101.468550674334,44045.68436328446
2003-01-16,-0.0,-1,0.0,0.0,44045.68436328446
2003-01-17,-79.60245196169126,-1,0.0,-79.60245196169126,43966.08191132277
2003-01-20,-0.0,-1,-4.78970305571137,-4.78970305571137,43961.292208267056
2003-01-21,10025.306368715403,-1,20000.000000000568,30025.30636871597,73986.59857698303
2003-01-22,50210.811224044184,-1,20030.62542311978,70241.43664716397,144228.035224147
2003-01-23,-136.55780024627165,-1,-5.710516448623114e-10,-136.5578002468427,144091.47742390016
2003-01-24,10157.14685029619,-1,0.0,10157.14685029619,154248.62427419634
2003-01-27,-201.5358912045558,-1,-60322.51802147009,-60524.053912674644,93724.57036152169
2003-01-28,-20106.355618485966,-1,-40276.77119589936,-60383.12681438532,33341.44354713637
2003-01-29,9860.121950584326,-1,-480.69647355585494,9379.425477028472,42720.869024164844
2003-01-30,-9973.67925581208,-1,0.0,-9973.67925581208,32747.189768352764
2003-01-31,20034.569974679696,-1,-0.0,20034.569974679696,52781.75974303246
2003-02-03,-10043.478826798952,-1,-0.0,-10043.478826798952,42738.28091623351
2003-02-04,10133.920889226269,-1,-0.0,10133.920889226269,52872.20180545978
2003-02-05,-10278.55090443114,-1,-0.0,-10278.55090443114,42593.65090102864
2003-02-06,101.08151062681281,-1,0.0,101.08151062681281,42694.73241165545
2003-02-07,-40040.75854366777,-1,-0.0,-40040.75854366777,2653.9738679876828
2003-02-10,19941.056358647234,-1,-0.0,19941.056358647234,22595.030226634917
2003-02-11,-20010.947914922617,-1,0.0,-20010.947914922617,2584.0823117123
2003-02-12,20195.479617109286,-1,0.0,20195.479617109286,22779.561928821586
2003-02-13,-9825.980519165008,-1,0.0,-9825.980519165008,12953.581409656577
2003-02-14,-10415.05314763492,-1,-0.0,-10415.05314763492,2538.5282620216567
2003-02-17,-0.0,-1,0.0,0.0,2538.5282620216567
2003-02-18,50176.48619196094,-1,-0.0,50176.48619196094,52715.0144539826
2003-02-19,10324.536192322012,-1,0.0,10324.536192322012,63039.55064630461
2003-02-20,10248.783334504435,-1,0.0,10248.783334504435,73288.33398080905
2003-02-21,-10459.158873375462,-1,-0.0,-10459.158873375462,62829.17510743359
2003-02-24,10290.599918218417,-1,0.0,10290.599918218417,73119.77502565201
2003-02-25,30498.95955008172,-1,0.0,30498.95955008172,103618.73457573373
2003-02-26,19983.554604370856,-1,0.0,19983.554604370856,123602.28918010459
2003-02-27,30030.334235611794,-1,0.0,30030.334235611794,153632.6234157164
2003-02-28,121.329637754352,-1,0.0,121.329637754352,153753.95305347076
2003-03-03,20139.67041858525,-1,0.0,20139.67041858525,173893.623472056
2003-03-04,167.55506206197606,-1,0.0,167.55506206197606,174061.178534118
2003-03-05,-9877.483244275209,-1,-0.0,-9877.483244275209,164183.69528984278
2003-03-06,-30336.179630099017,-1,-0.0,-30336.179630099017,133847.51565974377
2003-03-07,-39836.19238931152,-1,0.0,-39836.19238931152,94011.32327043224
2003-03-10,256.95967002417456,-1,0.0,256.95967002417456,94268.28294045641
2003-03-11,19978.02497514781,-1,-0.0,19978.02497514781,114246.30791560422
2003-03-12,70173.28830857549,-1,-0.0,70173.28830857549,184419.59622417972
2003-03-13,-1209.7244172239152,-1,-0.0,-1209.7244172239152,183209.8718069558
2003-03-14,-9928.302328718935,-1,0.0,-9928.302328718935,173281.56947823687
2003-03-17,-30420.09944542915,-1,-0.0,-30420.09944542915,142861.47003280773
2003-03-18,-11.974702927880571,-1,-0.0,-11.974702927880571,142849.49532987986
2003-03-19,-69662.04886811554,-1,-0.0,-69662.04886811554,73187.44646176432
2003-03-20,193.81103988918767,-1,0.0,193.81103988918767,73381.25750165351
2003-03-21,-49142.60299104262,-1,-0.0,-49142.60299104262,24238.65451061089
2003-03-24,39984.224135028584,-1,0.0,39984.224135028584,64222.878645639474
2003-03-25,-9959.355793696182,-1,0.0,-9959.355793696182,54263.52285194329
2003-03-26,54.14154524318474,-1,-0.0,54.14154524318474,54317.664397186476
2003-03-27,-50016.31788177356,-1,-0.0,-50016.31788177356,4301.346515412915
2003-03-28,-29901.08018574268,-1,0.0,-29901.08018574268,-25599.733670329766
2003-03-31,40680.27837401903,-1,0.0,40680.27837401903,15080.544703689262
2003-04-01,-20017.3928500266,-1,-0.0,-20017.3928500266,-4936.848146337339
2003-04-02,60.7706187965523,-1,-0.0,60.7706187965523,-4876.077527540787
2003-04-03,-39997.49656822475,-1,0.0,-39997.49656822475,-44873.574095765536
2003-04-04,-29855.225389950116,-1,-0.0,-29855.225389950116,-74728.79948571566
2003-04-07,30389.27245866008,-1,-0.0,30389.27245866008,-44339.52702705558
2003-04-08,19334.22570983111,-1,0.0,19334.22570983111,-25005.30131722447
2003-04-09,-20076.21948793886,-1,0.0,-20076.21948793886,-45081.52080516332
2003-04-10,30071.806848555912,-1,-0.0,30071.806848555912,-15009.713956607411
2003-04-11,233.77882457058877,-1,-0.0,233.77882457058877,-14775.935132036822
2003-04-14,50171.84178557708,-1,-0.0,50171.84178557708,35395.90665354026
2003-04-15,9536.080175879011,-1,0.0,9536.080175879011,44931.98682941927
2003-04-16,-100.10744641473138,-1,-0.0,-100.10744641473138,44831.87938300454
2003-04-17,20046.363734459068,-1,-0.0,20046.363734459068,64878.24311746361
2003-04-18,-0.0,-1,0.0,0.0,64878.24311746361
2003-04-21,-19855.476940790308,-1,-0.0,-19855.476940790308,45022.7661766733
2003-04-22,-19893.490048815205,-1,-0.0,-19893.490048815205,25129.276127858095
2003-04-23,-9913.376522827264,-1,-0.0,-9913.376522827264,15215.89960503083
2003-04-24,9364.876821892918,-1,0.0,9364.876821892918,24580.77642692375
2003-04-25,-30028.61219969399,-1,0.0,-30028.61219969399,-5447.835772770242
2003-04-28,10023.810647840499,-1,-0.0,10023.810647840499,4575.9748750702565
2003-04-29,-9855.849723372521,-1,-0.0,-9855.849723372521,-5279.874848302265
2003-04-30,-40289.30231953577,-1,-0.0,-40289.30231953577,-45569.17716783803
2003-05-01,-28.9952703976287,-1,0.0,-28.9952703976287,-45598.17243823566
2003-05-02,152.44339692655194,-1,-0.0,152.44339692655194,-45445.72904130911
2003-05-05,9900.045665366688,-1,-0.0,9900.045665366688,-35545.68337594242
2003-05-06,-20298.160892601547,-1,0.0,-20298.160892601547,-55843.844268543966
2003-05-07,119941.90833678433,-1,0.0,119941.90833678433,64098.06406824036
2003-05-08,60136.62928161006,-1,-0.0,60136.62928161006,124234.69334985042
2003-05-09,-29946.64870731654,-1,0.0,-29946.64870731654,94288.04464253387
2003-05-12,60348.06772625333,-1,0.0,60348.06772625333,154636.1123687872
2003-05-13,20098.806262171314,-1,0.0,20098.806262171314,174734.9186309585
2003-05-14,40945.6491834628,0,0.0,40945.6491834628,215680.56781442132
2003-05-15,-3153.927107378389,0,0.0,-3153.927107378389,212526.64070704294
2003-05-16,0.0,0,0.0,0.0,212526.64070704294
2003-05-19,0.0,0,0.0,0.0,212526.64070704294
2003-05-20,0.0,0,0.0,0.0,212526.64070704294
2003-05-21,0.0,0,-0.0,0.0,212526.64070704294
2003-05-22,0.0,0,-0.0,0.0,212526.64070704294
2003-05-23,0.0,0,-0.0,0.0,212526.64070704294
2003-05-26,0.0,0,0.0,0.0,212526.64070704294
2003-05-27,0.0,0,0.0,0.0,212526.64070704294
2003-05-28,0.0,0,-0.0,0.0,212526.64070704294
2003-05-29,0.0,0,0.0,0.0,212526.64070704294
2003-05-30,0.0,0,-0.0,0.0,212526.64070704294
2003-06-02,0.0,0,0.0,0.0,212526.64070704294
2003-06-03,0.0,0,0.0,0.0,212526.64070704294
2003-06-04,-0.0,0,-0.0,-0.0,212526.64070704294
2003-06-05,0.0,0,0.0,0.0,212526.64070704294
2003-06-06,0.0,0,-0.0,0.0,212526.64070704294
2003-06-09,0.0,0,0.0,0.0,212526.64070704294
2003-06-10,0.0,0,0.0,0.0,212526.64070704294
2003-06-11,0.0,0,-0.0,0.0,212526.64070704294
2003-06-12,0.0,0,0.0,0.0,212526.64070704294
2003-06-13,0.0,0,0.0,0.0,212526.64070704294
2003-06-16,0.0,0,-0.0,0.0,212526.64070704294
2003-06-17,0.0,0,-0.0,0.0,212526.64070704294
2003-06-18,0.0,0,-0.0,0.0,212526.64070704294
2003-06-19,0.0,0,0.0,0.0,212526.64070704294
2003-06-20,0.0,0,-0.0,0.0,212526.64070704294
2003-06-23,0.0,0,0.0,0.0,212526.64070704294
2003-06-24,0.0,0,-0.0,0.0,212526.64070704294
2003-06-25,0.0,0,-0.0,0.0,212526.64070704294
2003-06-26,0.0,0,-0.0,0.0,212526.64070704294
2003-06-27,0.0,0,0.0,0.0,212526.64070704294
2003-06-30,0.0,0,0.0,0.0,212526.64070704294
2003-07-01,0.0,0,0.0,0.0,212526.64070704294
2003-07-02,0.0,0,-0.0,0.0,212526.64070704294
2003-07-03,0.0,0,-0.0,0.0,212526.64070704294
2003-07-04,0.0,0,0.0,0.0,212526.64070704294
2003-07-07,0.0,0,-0.0,0.0,212526.64070704294
2003-07-08,0.0,0,-0.0,0.0,212526.64070704294
2003-07-09,0.0,0,0.0,0.0,212526.64070704294
2003-07-10,0.0,0,0.0,0.0,212526.64070704294
2003-07-11,0.0,0,0.0,0.0,212526.64070704294
2003-07-14,0.0,0,-0.0,0.0,212526.64070704294
2003-07-15,0.0,-1,-0.0,0.0,212526.64070704294
2003-07-16,6844.725763285454,-1,-0.0,6844.725763285454,219371.3664703284
2003-07-17,-29975.632933900833,-1,-0.0,-29975.632933900833,189395.73353642755
2003-07-18,20028.706559798615,-1,0.0,20028.706559798615,209424.44009622617
2003-07-21,-89524.52575190052,-1,-0.0,-89524.52575190052,119899.91434432565
2003-07-22,-20160.465519384263,-1,-0.0,-20160.465519384263,99739.44882494138
2003-07-23,19493.281744076496,-1,0.0,19493.281744076496,119232.73056901788
2003-07-24,-79308.6290841922,-1,-0.0,-79308.6290841922,39924.101484825675
2003-07-25,-40010.52017704792,-1,0.0,-40010.52017704792,-86.41869222224341
2003-07-28,108.66943501170317,-1,0.0,108.66943501170317,22.250742789459764
2003-07-29,-49472.72023848714,-1,-0.0,-49472.72023848714,-49450.46949569768
2003-07-30,49208.938746099695,-1,0.0,49208.938746099695,-241.53074959798687
2003-07-31,10806.565908227174,-1,0.0,10806.565908227174,10565.035158629187
2003-08-01,99983.1707259896,-1,-0.0,99983.1707259896,110548.2058846188
2003-08-04,-49698.468814319625,-1,0.0,-49698.468814319625,60849.737070299176
2003-08-05,49382.78137930296,-1,0.0,49382.78137930296,110232.51844960214
2003-08-06,50241.93243273835,-1,0.0,50241.93243273835,160474.4508823405
2003-08-07,-19846.562994129246,-1,0.0,-19846.562994129246,140627.88788821123
2003-08-08,10259.158266045539,-1,0.0,10259.158266045539,150887.04615425676
2003-08-11,-21075.50056203181,-1,-0.0,-21075.50056203181,129811.54559222495
2003-08-12,-89934.94389621055,-1,0.0,-89934.94389621055,39876.601696014404
2003-08-13,-61041.64085615025,-1,-0.0,-61041.64085615025,-21165.039160135842
2003-08-14,29871.477486493673,-1,0.0,29871.477486493673,8706.438326357831
2003-08-15,-9992.604584614295,-1,-0.0,-9992.604584614295,-1286.166258256464
2003-08-18,79816.13222653807,-1,0.0,79816.13222653807,78529.96596828161
2003-08-19,50051.762791333655,-1,0.0,50051.762791333655,128581.72875961527
2003-08-20,-40372.76975773263,-1,-0.0,-40372.76975773263,88208.95900188264
2003-08-21,59777.95386576907,-1,-0.0,59777.95386576907,147986.91286765173
2003-08-22,39926.793643780766,-1,-0.0,39926.793643780766,187913.70651143248
2003-08-25,-128.5373880945699,-1,0.0,-128.5373880945699,187785.1691233379
2003-08-26,-29894.77759683338,-1,-0.0,-29894.77759683338,157890.3915265045
2003-08-27,49841.77835319107,-1,-0.0,49841.77835319107,207732.16987969558
2003-08-28,83.07732168817893,-1,0.0,83.07732168817893,207815.24720138375
2003-08-29,-10132.54083228645,-1,-0.0,-10132.54083228645,197682.70636909732
2003-09-01,-0.0,-1,0.0,0.0,197682.70636909732
2003-09-02,-70472.26615962961,-1,-0.0,-70472.26615962961,127210.4402094677
2003-09-03,-9998.003817300121,-1,0.0,-9998.003817300121,117212.43639216758
2003-09-04,-30120.788626083173,-1,0.0,-30120.788626083173,87091.64776608441
2003-09-05,-19985.78839846092,-1,0.0,-19985.78839846092,67105.85936762349
2003-09-08,-30373.418191146247,-1,-0.0,-30373.418191146247,36732.44117647724
2003-09-09,128.5423494205752,-1,0.0,128.5423494205752,36860.98352589781
2003-09-10,20440.06917186323,-1,0.0,20440.06917186323,57301.05269776104
2003-09-11,-568.6876771517273,-1,-0.0,-568.6876771517273,56732.365020609315
2003-09-12,30481.83982569282,-1,0.0,30481.83982569282,87214.20484630213
2003-09-15,-40157.72210311142,-1,-0.0,-40157.72210311142,47056.48274319072
2003-09-16,-10101.005169991295,-1,0.0,-10101.005169991295,36955.47757319942
2003-09-17,90865.45815144674,-1,-0.0,90865.45815144674,127820.93572464617
2003-09-18,59986.00538268076,-1,-0.0,59986.00538268076,187806.94110732694
2003-09-19,39997.269990336485,-1,-0.0,39997.269990336485,227804.21109766344
2003-09-22,-90129.85900376835,-1,0.0,-90129.85900376835,137674.35209389508
2003-09-23,-40.25910447833303,-1,-0.0,-40.25910447833303,137634.09298941673
2003-09-24,59858.808884374914,-1,0.0,59858.808884374914,197492.90187379165
2003-09-25,30080.68369793157,-1,0.0,30080.68369793157,227573.58557172323
2003-09-26,30320.695219886635,-1,0.0,30320.695219886635,257894.28079160987
2003-09-29,-40382.80465705014,-1,0.0,-40382.80465705014,217511.47613455972
2003-09-30,20662.513970010215,-1,0.0,20662.513970010215,238173.99010456994
2003-10-01,-30048.221696445624,-1,-0.0,-30048.221696445624,208125.7684081243
2003-10-02,-60794.14809154776,-1,-0.0,-60794.14809154776,147331.62031657656
2003-10-03,-11163.558682109695,-1,-0.0,-11163.558682109695,136168.06163446687
2003-10-06,-10006.865498037332,-1,-0.0,-10006.865498037332,126161.19613642953
2003-10-07,-30118.347958910468,-1,-0.0,-30118.347958910468,96042.84817751906
2003-10-08,-19990.125007428425,-1,0.0,-19990.125007428425,76052.72317009064
2003-10-09,-9842.124051888663,-1,-0.0,-9842.124051888663,66210.59911820198
2003-10-10,-10142.628205484616,-1,-0.0,-10142.628205484616,56067.97091271736
2003-10-13,-0.0,-1,0.0,0.0,56067.97091271736
2003-10-14,325.09876697009895,-1,0.0,325.09876697009895,56393.06967968746
2003-10-15,413.17211846595455,-1,-0.0,413.17211846595455,56806.241798153416
2003-10-16,130103.1652054581,-1,-0.0,130103.1652054581,186909.40700361153
2003-10-17,-18.443508920955345,-1,-0.0,-18.443508920955345,186890.96349469057
2003-10-20,-20014.790762419772,-1,-0.0,-20014.790762419772,166876.1727322708
2003-10-21,40096.026260621045,-1,0.0,40096.026260621045,206972.19899289182
2003-10-22,310.4809255473083,-1,0.0,310.4809255473083,207282.67991843913
2003-10-23,-10353.652435448552,-1,-0.0,-10353.652435448552,196929.02748299058
2003-10-24,20505.40863474917,-1,0.0,20505.40863474917,217434.43611773977
2003-10-27,9508.303139207725,-1,-0.0,9508.303139207725,226942.73925694748
2003-10-28,-49620.59890772088,-1,0.0,-49620.59890772088,177322.1403492266
2003-10-29,-677.859374073887,-1,-0.0,-677.859374073887,176644.2809751527
2003-10-30,19762.555155696857,-1,-0.0,19762.555155696857,196406.83613084955
2003-10-31,20145.910248445995,-1,0.0,20145.910248445995,216552.74637929554
2003-11-03,-20402.591504761942,-1,-0.0,-20402.591504761942,196150.1548745336
2003-11-04,30205.056710916222,-1,0.0,30205.056710916222,226355.2115854498
2003-11-05,29762.63263949565,-1,-0.0,29762.63263949565,256117.84422494547
2003-11-06,-284.63767687176005,-1,-0.0,-284.63767687176005,255833.2065480737
2003-11-07,-47.14991529737745,-1,-0.0,-47.14991529737745,255786.05663277634
2003-11-10,9985.081538270004,-1,0.0,9985.081538270004,265771.13817104633
2003-11-11,-0.0,-1,0.0,0.0,265771.13817104633
2003-11-12,39964.56966295786,-1,-0.0,39964.56966295786,305735.7078340042
2003-11-13,10344.836684425929,-1,0.0,10344.836684425929,316080.54451843014
2003-11-14,614.0675988123112,-1,0.0,614.0675988123112,316694.6121172424
2003-11-17,422.6545339808072,-1,0.0,422.6545339808072,317117.26665122324
2003-11-18,39986.32105935131,0,-0.0,39986.32105935131,357103.58771057456
2003-11-19,-3173.3936387258527,0,-0.0,-3173.3936387258527,353930.1940718487
2003-11-20,0.0,0,0.0,0.0,353930.1940718487
2003-11-21,-0.0,0,-0.0,-0.0,353930.1940718487
2003-11-24,0.0,0,-0.0,0.0,353930.1940718487
2003-11-25,0.0,0,0.0,0.0,353930.1940718487
2003-11-26,0.0,0,-0.0,0.0,353930.1940718487
2003-11-27,0.0,0,0.0,0.0,353930.1940718487
2003-11-28,0.0,0,-0.0,0.0,353930.1940718487
2003-12-01,0.0,0,-0.0,0.0,353930.1940718487
2003-12-02,0.0,0,0.0,0.0,353930.1940718487
2003-12-03,0.0,0,-0.0,0.0,353930.1940718487
2003-12-04,0.0,0,0.0,0.0,353930.1940718487
2003-12-05,0.0,0,0.0,0.0,353930.1940718487
2003-12-08,0.0,0,0.0,0.0,353930.1940718487
2003-12-09,0.0,0,0.0,0.0,353930.1940718487
2003-12-10,0.0,0,0.0,0.0,353930.1940718487
2003-12-11,0.0,0,0.0,0.0,353930.1940718487
2003-12-12,-0.0,0,-0.0,-0.0,353930.1940718487
2003-12-15,0.0,0,0.0,0.0,353930.1940718487
2003-12-16,0.0,0,0.0,0.0,353930.1940718487
2003-12-17,-0.0,0,0.0,0.0,353930.1940718487
2003-12-18,-0.0,0,-0.0,-0.0,353930.1940718487
2003-12-19,0.0,0,0.0,0.0,353930.1940718487
2003-12-22,0.0,0,0.0,0.0,353930.1940718487
2003-12-23,0.0,0,-0.0,0.0,353930.1940718487
2003-12-24,0.0,0,0.0,0.0,353930.1940718487
2003-12-25,0.0,0,0.0,0.0,353930.1940718487
2003-12-26,0.0,0,-0.0,0.0,353930.1940718487
2003-12-29,0.0,0,0.0,0.0,353930.1940718487
2003-12-30,0.0,0,0.0,0.0,353930.1940718487
2003-12-31,0.0,0,0.0,0.0,353930.1940718487
2004-01-01,0.0,0,0.0,0.0,353930.1940718487
2004-01-02,0.0,0,-0.0,0.0,353930.1940718487
2004-01-05,0.0,0,-0.0,0.0,353930.1940718487
2004-01-06,0.0,0,0.0,0.0,353930.1940718487
2004-01-07,-0.0,0,-0.0,-0.0,353930.1940718487
2004-01-08,0.0,0,-0.0,0.0,353930.1940718487
2004-01-09,0.0,0,0.0,0.0,353930.1940718487
2004-01-12,0.0,0,0.0,0.0,353930.1940718487
2004-01-13,0.0,0,0.0,0.0,353930.1940718487
2004-01-14,-0.0,0,-0.0,-0.0,353930.1940718487
2004-01-15,-0.0,0,0.0,0.0,353930.1940718487
2004-01-16,0.0,0,-0.0,0.0,353930.1940718487
2004-01-19,0.0,0,0.0,0.0,353930.1940718487
2004-01-20,0.0,0,0.0,0.0,353930.1940718487
2004-01-21,-0.0,0,0.0,0.0,353930.1940718487
2004-01-22,0.0,0,0.0,0.0,353930.1940718487
2004-01-23,0.0,0,-0.0,0.0,353930.1940718487
2004-01-26,0.0,0,-0.0,0.0,353930.1940718487
2004-01-27,0.0,0,-0.0,0.0,353930.1940718487
2004-01-28,0.0,0,-0.0,0.0,353930.1940718487
2004-01-29,0.0,0,-0.0,0.0,353930.1940718487
2004-01-30,0.0,0,-0.0,0.0,353930.1940718487
2004-02-02,0.0,0,-0.0,0.0,353930.1940718487
2004-02-03,0.0,0,0.0,0.0,353930.1940718487
2004-02-04,0.0,0,-0.0,0.0,353930.1940718487
2004-02-05,0.0,0,-0.0,0.0,353930.1940718487
2004-02-06,0.0,0,0.0,0.0,353930.1940718487
2004-02-09,0.0,0,0.0,0.0,353930.1940718487
2004-02-10,0.0,0,-0.0,0.0,353930.1940718487
2004-02-11,0.0,0,0.0,0.0,353930.1940718487
2004-02-12,0.0,0,-0.0,0.0,353930.1940718487
2004-02-13,0.0,0,0.0,0.0,353930.1940718487
2004-02-16,0.0,0,0.0,0.0,353930.1940718487
2004-02-17,0.0,0,-0.0,0.0,353930.1940718487
2004-02-18,0.0,0,0.0,0.0,353930.1940718487
2004-02-19,0.0,0,0.0,0.0,353930.1940718487
2004-02-20,0.0,0,-0.0,0.0,353930.1940718487
2004-02-23,0.0,0,0.0,0.0,353930.1940718487
2004-02-24,-0.0,0,-0.0,-0.0,353930.1940718487
2004-02-25,0.0,0,0.0,0.0,353930.1940718487
2004-02-26,0.0,0,-0.0,0.0,353930.1940718487
2004-02-27,0.0,0,0.0,0.0,353930.1940718487
2004-03-01,0.0,0,-0.0,0.0,353930.1940718487
2004-03-02,0.0,0,-0.0,0.0,353930.1940718487
2004-03-03,0.0,0,-0.0,0.0,353930.1940718487
2004-03-04,0.0,0,0.0,0.0,353930.1940718487
2004-03-05,0.0,0,0.0,0.0,353930.1940718487
2004-03-08,0.0,0,0.0,0.0,353930.1940718487
2004-03-09,0.0,0,0.0,0.0,353930.1940718487
2004-03-10,0.0,0,0.0,0.0,353930.1940718487
2004-03-11,0.0,0,0.0,0.0,353930.1940718487
2004-03-12,0.0,0,-0.0,0.0,353930.1940718487
2004-03-15,0.0,0,0.0,0.0,353930.1940718487
2004-03-16,0.0,0,0.0,0.0,353930.1940718487
2004-03-17,0.0,0,-0.0,0.0,353930.1940718487
2004-03-18,0.0,0,-0.0,0.0,353930.1940718487
2004-03-19,0.0,0,-0.0,0.0,353930.1940718487
2004-03-22,0.0,0,0.0,0.0,353930.1940718487
2004-03-23,-0.0,0,0.0,0.0,353930.1940718487
2004-03-24,0.0,0,0.0,0.0,353930.1940718487
2004-03-25,0.0,0,0.0,0.0,353930.1940718487
2004-03-26,0.0,0,-0.0,0.0,353930.1940718487
2004-03-29,0.0,0,-0.0,0.0,353930.1940718487
2004-03-30,0.0,0,0.0,0.0,353930.1940718487
2004-03-31,0.0,0,0.0,0.0,353930.1940718487
2004-04-01,0.0,0,-0.0,0.0,353930.1940718487
2004-04-02,0.0,0,-0.0,0.0,353930.1940718487
2004-04-05,0.0,0,-0.0,0.0,353930.1940718487
2004-04-06,0.0,0,0.0,0.0,353930.1940718487
2004-04-07,0.0,0,-0.0,0.0,353930.1940718487
2004-04-08,0.0,0,0.0,0.0,353930.1940718487
2004-04-09,0.0,0,0.0,0.0,353930.1940718487
2004-04-12,0.0,0,-0.0,0.0,353930.1940718487
2004-04-13,0.0,0,-0.0,0.0,353930.1940718487
2004-04-14,0.0,0,-0.0,0.0,353930.1940718487
2004-04-15,0.0,0,0.0,0.0,353930.1940718487
2004-04-16,0.0,0,0.0,0.0,353930.1940718487
2004-04-19,0.0,0,0.0,0.0,353930.1940718487
2004-04-20,0.0,0,-0.0,0.0,353930.1940718487
2004-04-21,0.0,0,-0.0,0.0,353930.1940718487
2004-04-22,0.0,0,0.0,0.0,353930.1940718487
2004-04-23,0.0,0,-0.0,0.0,353930.1940718487
2004-04-26,0.0,0,-0.0,0.0,353930.1940718487
2004-04-27,0.0,0,0.0,0.0,353930.1940718487
2004-04-28,0.0,0,-0.0,0.0,353930.1940718487
2004-04-29,0.0,0,0.0,0.0,353930.1940718487
2004-04-30,0.0,0,-0.0,0.0,353930.1940718487
2004-05-03,0.0,0,0.0,0.0,353930.1940718487
2004-05-04,0.0,0,0.0,0.0,353930.1940718487
2004-05-05,0.0,0,-0.0,0.0,353930.1940718487
2004-05-06,0.0,0,0.0,0.0,353930.1940718487
2004-05-07,0.0,0,-0.0,0.0,353930.1940718487
2004-05-10,0.0,0,0.0,0.0,353930.1940718487
2004-05-11,-0.0,0,0.0,0.0,353930.1940718487
2004-05-12,0.0,0,0.0,0.0,353930.1940718487
2004-05-13,0.0,0,0.0,0.0,353930.1940718487
2004-05-14,0.0,0,0.0,0.0,353930.1940718487
2004-05-17,0.0,0,0.0,0.0,353930.1940718487
2004-05-18,0.0,0,-0.0,0.0,353930.1940718487
2004-05-19,0.0,0,-0.0,0.0,353930.1940718487
2004-05-20,0.0,0,0.0,0.0,353930.1940718487
2004-05-21,0.0,0,-0.0,0.0,353930.1940718487
2004-05-24,0.0,0,-0.0,0.0,353930.1940718487
2004-05-25,0.0,0,0.0,0.0,353930.1940718487
2004-05-26,0.0,0,0.0,0.0,353930.1940718487
2004-05-27,0.0,1,0.0,0.0,353930.1940718487
2004-05-28,-23206.759987296035,1,-0.0,-23206.759987296035,330723.4340845527
2004-05-31,0.0,1,0.0,0.0,330723.4340845527
2004-06-01,-10083.752972228933,1,0.0,-10083.752972228933,320639.6811123238
2004-06-02,-20070.81659226693,1,0.0,-20070.81659226693,300568.8645200569
2004-06-03,-9847.436928542564,1,0.0,-9847.436928542564,290721.4275915143
2004-06-04,-219.61554318573326,1,-0.0,-219.61554318573326,290501.8120483286
2004-06-07,29911.845385917895,1,-0.0,29911.845385917895,320413.65743424644
2004-06-08,-59845.683915907335,1,-0.0,-59845.683915907335,260567.9735183391
2004-06-09,-20142.576086455425,1,-0.0,-20142.576086455425,240425.39743188367
2004-06-10,-29815.252804912332,1,0.0,-29815.252804912332,210610.14462697133
2004-06-11,0.0,1,0.0,0.0,210610.14462697133
2004-06-14,-80109.6267291117,1,-0.0,-80109.6267291117,130500.51789785964
2004-06-15,-24.87987035228405,1,0.0,-24.87987035228405,130475.63802750736
2004-06-16,-19694.810508492723,1,-0.0,-19694.810508492723,110780.82751901464
2004-06-17,-166.39925741541083,1,-0.0,-166.39925741541083,110614.42826159923
2004-06-18,10085.745812559591,1,0.0,10085.745812559591,120700.17407415881
2004-06-21,-10142.315567149353,1,0.0,-10142.315567149353,110557.85850700946
2004-06-22,20181.081417388312,1,0.0,20181.081417388312,130738.93992439777
2004-06-23,9960.6847279664,1,0.0,9960.6847279664,140699.62465236417
2004-06-24,-10335.635466030137,1,0.0,-10335.635466030137,130363.98918633405
2004-06-25,0.0,1,0.0,0.0,130363.98918633405
2004-06-28,-19240.675884605807,1,-0.0,-19240.675884605807,111123.31330172824
2004-06-29,-30330.534553189438,1,0.0,-30330.534553189438,80792.7787485388
2004-06-30,49498.49946005165,1,0.0,49498.49946005165,130291.27820859045
2004-07-01,9983.315769839444,1,0.0,9983.315769839444,140274.59397842988
2004-07-02,9858.903648132822,1,0.0,9858.903648132822,150133.49762656272
2004-07-05,0.0,1,0.0,0.0,150133.49762656272
2004-07-06,-9972.277934965072,1,0.0,-9972.277934965072,140161.21969159765
2004-07-07,10062.180153796493,1,-0.0,10062.180153796493,150223.39984539413
2004-07-08,-40.202441950246794,1,0.0,-40.202441950246794,150183.1974034439
2004-07-09,0.0,1,0.0,0.0,150183.1974034439
2004-07-12,-10149.733756551854,1,0.0,-10149.733756551854,140033.46364689205
2004-07-13,-9797.870543932222,1,-0.0,-9797.870543932222,130235.59310295983
2004-07-14,-40058.873339726866,1,-0.0,-40058.873339726866,90176.71976323296
2004-07-15,-20019.61672323236,1,0.0,-20019.61672323236,70157.1030400006
2004-07-16,-20614.978322646246,1,0.0,-20614.978322646246,49542.12471735435
2004-07-19,-20039.264350497237,1,-0.0,-20039.264350497237,29502.860366857116
2004-07-20,-19151.831679774477,1,-0.0,-19151.831679774477,10351.028687082638
2004-07-21,-9799.317303311109,1,0.0,-9799.317303311109,551.7113837715297
2004-07-22,-117.2043474770835,1,0.0,-117.2043474770835,434.50703629444615
2004-07-23,-30200.959246597387,1,0.0,-30200.959246597387,-29766.45221030294
2004-07-26,-19681.650582384413,1,-0.0,-19681.650582384413,-49448.10279268735
2004-07-27,60851.198753665,1,-0.0,60851.198753665,11403.095960977647
2004-07-28,29941.26544115773,1,0.0,29941.26544115773,41344.36140213538
2004-07-29,19965.857878367206,1,-0.0,19965.857878367206,61310.219280502584
2004-07-30,-30138.155581891682,1,0.0,-30138.155581891682,31172.063698610902
2004-08-02,-109.85313978105842,1,0.0,-109.85313978105842,31062.210558829844
2004-08-03,-30200.959246597387,1,0.0,-30200.959246597387,861.2513122324563
2004-08-04,0.0,1,0.0,0.0,861.2513122324563
2004-08-05,-153.04580998704841,1,0.0,-153.04580998704841,708.2055022454078
2004-08-06,48446.230601053365,1,0.0,48446.230601053365,49154.43610329877
2004-08-09,-10020.836141470492,1,-0.0,-10020.836141470492,39133.59996182828
2004-08-10,-60015.34100063448,1,-0.0,-60015.34100063448,-20881.741038806198
2004-08-11,-9941.794849245289,1,-0.0,-9941.794849245289,-30823.535888051487
2004-08-12,-9948.10212178819,1,0.0,-9948.10212178819,-40771.63800983968
2004-08-13,-1.6492456881096587,1,0.0,-1.6492456881096587,-40773.287255527786
2004-08-16,72.78555322124885,1,0.0,72.78555322124885,-40700.50170230654
2004-08-17,19953.532469281337,1,0.0,19953.532469281337,-20746.9692330252
2004-08-18,20028.832902852457,1,-0.0,20028.832902852457,-718.1363301727433
2004-08-19,-9.71146062812113,1,0.0,-9.71146062812113,-727.8477908008645
2004-08-20,-9969.737697437002,1,-0.0,-9969.737697437002,-10697.585488237866
2004-08-23,29.45005949242477,1,0.0,29.45005949242477,-10668.135428745441
2004-08-24,0.0,1,-0.0,0.0,-10668.135428745441
2004-08-25,-29949.383306882664,1,0.0,-29949.383306882664,-40617.51873562811
2004-08-26,-10002.096642577228,1,0.0,-10002.096642577228,-50619.61537820534
2004-08-27,10009.607633406245,1,-0.0,10009.607633406245,-40610.00774479909
2004-08-30,-30029.023355505284,1,0.0,-30029.023355505284,-70639.03110030438
2004-08-31,-195.7971528235139,1,0.0,-195.7971528235139,-70834.8282531279
2004-09-01,0.0,1,0.0,0.0,-70834.8282531279
2004-09-02,20377.190195985517,1,-0.0,20377.190195985517,-50457.63805714238
2004-09-03,-49697.276203525515,1,-0.0,-49697.276203525515,-100154.9142606679
2004-09-06,0.0,1,0.0,0.0,-100154.9142606679
2004-09-07,-9962.220053333513,1,-0.0,-9962.220053333513,-110117.1343140014
2004-09-08,-99.73724724870408,1,0.0,-99.73724724870408,-110216.87156125011
2004-09-09,40115.45177556252,1,0.0,40115.45177556252,-70101.41978568758
2004-09-10,-30028.822900216073,1,0.0,-30028.822900216073,-100130.24268590365
2004-09-13,-30072.132311712892,1,-0.0,-30072.132311712892,-130202.37499761654
2004-09-14,19924.69125586492,1,0.0,19924.69125586492,-110277.68374175162
2004-09-15,-9835.626324207009,1,-0.0,-9835.626324207009,-120113.31006595863
2004-09-16,-30383.068544285125,0,0.0,-30383.068544285125,-150496.37861024376
2004-09-17,-3194.119486018575,0,-0.0,-3194.119486018575,-153690.49809626234
2004-09-20,0.0,0,0.0,0.0,-153690.49809626234
2004-09-21,-0.0,0,0.0,0.0,-153690.49809626234
2004-09-22,-0.0,0,-0.0,-0.0,-153690.49809626234
2004-09-23,0.0,0,0.0,0.0,-153690.49809626234
2004-09-24,0.0,0,-0.0,0.0,-153690.49809626234
2004-09-27,0.0,0,0.0,0.0,-153690.49809626234
2004-09-28,0.0,0,0.0,0.0,-153690.49809626234
2004-09-29,0.0,0,-0.0,0.0,-153690.49809626234
2004-09-30,0.0,0,-0.0,0.0,-153690.49809626234
2004-10-01,0.0,0,-0.0,0.0,-153690.49809626234
2004-10-04,-0.0,0,0.0,0.0,-153690.49809626234
2004-10-05,-0.0,0,0.0,0.0,-153690.49809626234
2004-10-06,0.0,0,-0.0,0.0,-153690.49809626234
2004-10-07,0.0,0,0.0,0.0,-153690.49809626234
2004-10-08,0.0,0,0.0,0.0,-153690.49809626234
2004-10-11,0.0,0,0.0,0.0,-153690.49809626234
2004-10-12,0.0,0,0.0,0.0,-153690.49809626234
2004-10-13,0.0,0,0.0,0.0,-153690.49809626234
2004-10-14,0.0,0,0.0,0.0,-153690.49809626234
2004-10-15,0.0,0,-0.0,0.0,-153690.49809626234
2004-10-18,0.0,0,0.0,0.0,-153690.49809626234
2004-10-19,0.0,0,-0.0,0.0,-153690.49809626234
2004-10-20,0.0,0,0.0,0.0,-153690.49809626234
2004-10-21,0.0,0,-0.0,0.0,-153690.49809626234
2004-10-22,0.0,0,0.0,0.0,-153690.49809626234
2004-10-25,0.0,0,0.0,0.0,-153690.49809626234
2004-10-26,0.0,0,-0.0,0.0,-153690.49809626234
2004-10-27,0.0,0,-0.0,0.0,-153690.49809626234
2004-10-28,0.0,0,0.0,0.0,-153690.49809626234
2004-10-29,0.0,0,-0.0,0.0,-153690.49809626234
2004-11-01,0.0,0,0.0,0.0,-153690.49809626234
2004-11-02,0.0,0,0.0,0.0,-153690.49809626234
2004-11-03,-0.0,0,-0.0,-0.0,-153690.49809626234
2004-11-04,0.0,0,-0.0,0.0,-153690.49809626234
2004-11-05,0.0,0,-0.0,0.0,-153690.49809626234
2004-11-08,0.0,0,0.0,0.0,-153690.49809626234
2004-11-09,0.0,0,0.0,0.0,-153690.49809626234
2004-11-10,0.0,0,0.0,0.0,-153690.49809626234
2004-11-11,0.0,0,0.0,0.0,-153690.49809626234
2004-11-12,-0.0,0,-0.0,-0.0,-153690.49809626234
2004-11-15,0.0,0,-0.0,0.0,-153690.49809626234
2004-11-16,0.0,0,-0.0,0.0,-153690.49809626234
2004-11-17,0.0,0,0.0,0.0,-153690.49809626234
2004-11-18,-0.0,0,-0.0,-0.0,-153690.49809626234
2004-11-19,0.0,0,-0.0,0.0,-153690.49809626234
2004-11-22,-0.0,0,-0.0,-0.0,-153690.49809626234
2004-11-23,0.0,0,0.0,0.0,-153690.49809626234
2004-11-24,0.0,0,-0.0,0.0,-153690.49809626234
2004-11-25,0.0,0,0.0,0.0,-153690.49809626234
2004-11-26,0.0,0,0.0,0.0,-153690.49809626234
2004-11-29,0.0,0,-0.0,0.0,-153690.49809626234
2004-11-30,0.0,0,0.0,0.0,-153690.49809626234
2004-12-01,0.0,0,0.0,0.0,-153690.49809626234
2004-12-02,0.0,0,-0.0,0.0,-153690.49809626234
2004-12-03,0.0,0,0.0,0.0,-153690.49809626234
2004-12-06,0.0,0,-0.0,0.0,-153690.49809626234
2004-12-07,-0.0,0,0.0,0.0,-153690.49809626234
2004-12-08,0.0,0,-0.0,0.0,-153690.49809626234
2004-12-09,0.0,0,-0.0,0.0,-153690.49809626234
2004-12-10,-0.0,0,0.0,0.0,-153690.49809626234
2004-12-13,0.0,0,-0.0,0.0,-153690.49809626234
2004-12-14,-0.0,0,0.0,0.0,-153690.49809626234
2004-12-15,0.0,0,-0.0,0.0,-153690.49809626234
2004-12-16,0.0,0,0.0,0.0,-153690.49809626234
2004-12-17,0.0,0,0.0,0.0,-153690.49809626234
2004-12-20,0.0,0,-0.0,0.0,-153690.49809626234
2004-12-21,0.0,0,0.0,0.0,-153690.49809626234
2004-12-22,0.0,0,0.0,0.0,-153690.49809626234
2004-12-23,0.0,0,-0.0,0.0,-153690.49809626234
2004-12-24,0.0,0,0.0,0.0,-153690.49809626234
2004-12-27,0.0,0,-0.0,0.0,-153690.49809626234
2004-12-28,0.0,0,0.0,0.0,-153690.49809626234
2004-12-29,0.0,0,-0.0,0.0,-153690.49809626234
2004-12-30,0.0,0,0.0,0.0,-153690.49809626234
2004-12-31,0.0,0,-0.0,0.0,-153690.49809626234
2005-01-03,-0.0,0,0.0,0.0,-153690.49809626234
2005-01-04,0.0,0,-0.0,0.0,-153690.49809626234
2005-01-05,0.0,0,-0.0,0.0,-153690.49809626234
2005-01-06,0.0,0,0.0,0.0,-153690.49809626234
2005-01-07,0.0,0,-0.0,0.0,-153690.49809626234
2005-01-10,0.0,0,-0.0,0.0,-153690.49809626234
2005-01-11,-0.0,0,-0.0,-0.0,-153690.49809626234
2005-01-12,0.0,0,-0.0,0.0,-153690.49809626234
2005-01-13,0.0,0,-0.0,0.0,-153690.49809626234
2005-01-14,0.0,0,-0.0,0.0,-153690.49809626234
2005-01-17,0.0,0,0.0,0.0,-153690.49809626234
2005-01-18,-0.0,0,-0.0,-0.0,-153690.49809626234
2005-01-19,-0.0,0,-0.0,-0.0,-153690.49809626234
2005-01-20,0.0,0,0.0,0.0,-153690.49809626234
2005-01-21,0.0,0,-0.0,0.0,-153690.49809626234
2005-01-24,-0.0,0,-0.0,-0.0,-153690.49809626234
2005-01-25,0.0,0,0.0,0.0,-153690.49809626234
2005-01-26,0.0,0,-0.0,0.0,-153690.49809626234
2005-01-27,0.0,0,-0.0,0.0,-153690.49809626234
2005-01-28,0.0,0,0.0,0.0,-153690.49809626234
2005-01-31,-0.0,0,0.0,0.0,-153690.49809626234
2005-02-01,0.0,0,-0.0,0.0,-153690.49809626234
2005-02-02,0.0,0,-0.0,0.0,-153690.49809626234
2005-02-03,0.0,0,-0.0,0.0,-153690.49809626234
2005-02-04,0.0,0,-0.0,0.0,-153690.49809626234
2005-02-07,-0.0,0,-0.0,-0.0,-153690.49809626234
2005-02-08,-0.0,0,-0.0,-0.0,-153690.49809626234
2005-02-09,0.0,0,0.0,0.0,-153690.49809626234
2005-02-10,0.0,0,0.0,0.0,-153690.49809626234
2005-02-11,0.0,0,-0.0,0.0,-153690.49809626234
2005-02-14,-0.0,0,-0.0,-0.0,-153690.49809626234
2005-02-15,0.0,0,0.0,0.0,-153690.49809626234
2005-02-16,0.0,0,-0.0,0.0,-153690.49809626234
2005-02-17,0.0,0,0.0,0.0,-153690.49809626234
2005-02-18,0.0,0,-0.0,0.0,-153690.49809626234
2005-02-21,0.0,0,0.0,0.0,-153690.49809626234
2005-02-22,0.0,0,0.0,0.0,-153690.49809626234
2005-02-23,-0.0,0,0.0,0.0,-153690.49809626234
2005-02-24,0.0,0,-0.0,0.0,-153690.49809626234
2005-02-25,-0.0,0,0.0,0.0,-153690.49809626234
2005-02-28,0.0,0,-0.0,0.0,-153690.49809626234
2005-03-01,0.0,0,-0.0,0.0,-153690.49809626234
2005-03-02,0.0,0,0.0,0.0,-153690.49809626234
2005-03-03,0.0,0,-0.0,0.0,-153690.49809626234
2005-03-04,0.0,0,-0.0,0.0,-153690.49809626234
2005-03-07,-0.0,0,-0.0,-0.0,-153690.49809626234
2005-03-08,0.0,0,-0.0,0.0,-153690.49809626234
2005-03-09,0.0,0,-0.0,0.0,-153690.49809626234
2005-03-10,-0.0,0,-0.0,-0.0,-153690.49809626234
2005-03-11,0.0,0,-0.0,0.0,-153690.49809626234
2005-03-14,-0.0,0,0.0,0.0,-153690.49809626234
2005-03-15,0.0,0,0.0,0.0,-153690.49809626234
2005-03-16,0.0,0,0.0,0.0,-153690.49809626234
2005-03-17,0.0,0,0.0,0.0,-153690.49809626234
2005-03-18,0.0,0,0.0,0.0,-153690.49809626234
2005-03-21,0.0,0,0.0,0.0,-153690.49809626234
2005-03-22,0.0,0,-0.0,0.0,-153690.49809626234
2005-03-23,0.0,0,0.0,0.0,-153690.49809626234
2005-03-24,-0.0,0,0.0,0.0,-153690.49809626234
2005-03-25,0.0,0,0.0,0.0,-153690.49809626234
2005-03-28,0.0,0,0.0,0.0,-153690.49809626234
2005-03-29,0.0,0,0.0,0.0,-153690.49809626234
2005-03-30,0.0,0,0.0,0.0,-153690.49809626234
2005-03-31,0.0,0,0.0,0.0,-153690.49809626234
2005-04-01,0.0,0,0.0,0.0,-153690.49809626234
2005-04-04,0.0,0,0.0,0.0,-153690.49809626234
2005-04-05,0.0,0,0.0,0.0,-153690.49809626234
2005-04-06,0.0,0,0.0,0.0,-153690.49809626234
2005-04-07,0.0,0,-0.0,0.0,-153690.49809626234
2005-04-08,0.0,0,-0.0,0.0,-153690.49809626234
2005-04-11,0.0,0,0.0,0.0,-153690.49809626234
2005-04-12,0.0,0,-0.0,0.0,-153690.49809626234
2005-04-13,0.0,0,0.0,0.0,-153690.49809626234
2005-04-14,0.0,0,0.0,0.0,-153690.49809626234
2005-04-15,0.0,0,0.0,0.0,-153690.49809626234
2005-04-18,0.0,0,-0.0,0.0,-153690.49809626234
2005-04-19,0.0,0,0.0,0.0,-153690.49809626234
2005-04-20,0.0,0,0.0,0.0,-153690.49809626234
2005-04-21,0.0,0,-0.0,0.0,-153690.49809626234
2005-04-22,0.0,0,0.0,0.0,-153690.49809626234
2005-04-25,0.0,0,-0.0,0.0,-153690.49809626234
2005-04-26,0.0,0,-0.0,0.0,-153690.49809626234
2005-04-27,0.0,0,0.0,0.0,-153690.49809626234
2005-04-28,0.0,0,0.0,0.0,-153690.49809626234
2005-04-29,0.0,0,0.0,0.0,-153690.49809626234
2005-05-02,0.0,0,0.0,0.0,-153690.49809626234
2005-05-03,0.0,0,0.0,0.0,-153690.49809626234
2005-05-04,0.0,0,0.0,0.0,-153690.49809626234
2005-05-05,0.0,0,0.0,0.0,-153690.49809626234
2005-05-06,0.0,0,-0.0,0.0,-153690.49809626234
2005-05-09,0.0,0,-0.0,0.0,-153690.49809626234
2005-05-10,0.0,0,0.0,0.0,-153690.49809626234
2005-05-11,0.0,0,-0.0,0.0,-153690.49809626234
2005-05-12,0.0,0,0.0,0.0,-153690.49809626234
2005-05-13,0.0,0,0.0,0.0,-153690.49809626234
2005-05-16,0.0,0,0.0,0.0,-153690.49809626234
2005-05-17,-0.0,0,0.0,0.0,-153690.49809626234
2005-05-18,0.0,0,0.0,0.0,-153690.49809626234
2005-05-19,0.0,0,-0.0,0.0,-153690.49809626234
2005-05-20,0.0,0,-0.0,0.0,-153690.49809626234
2005-05-23,0.0,0,0.0,0.0,-153690.49809626234
2005-05-24,0.0,0,0.0,0.0,-153690.49809626234
2005-05-25,0.0,0,0.0,0.0,-153690.49809626234
2005-05-26,0.0,0,0.0,0.0,-153690.49809626234
2005-05-27,0.0,0,0.0,0.0,-153690.49809626234
2005-05-30,0.0,0,0.0,0.0,-153690.49809626234
2005-05-31,0.0,0,-0.0,0.0,-153690.49809626234
2005-06-01,0.0,0,0.0,0.0,-153690.49809626234
2005-06-02,-0.0,0,-0.0,-0.0,-153690.49809626234
2005-06-03,0.0,0,-0.0,0.0,-153690.49809626234
2005-06-06,-0.0,0,-0.0,-0.0,-153690.49809626234
2005-06-07,0.0,0,0.0,0.0,-153690.49809626234
2005-06-08,0.0,0,-0.0,0.0,-153690.49809626234
2005-06-09,0.0,0,0.0,0.0,-153690.49809626234
2005-06-10,0.0,0,0.0,0.0,-153690.49809626234
2005-06-13,0.0,0,0.0,0.0,-153690.49809626234
2005-06-14,0.0,0,0.0,0.0,-153690.49809626234
2005-06-15,-0.0,0,0.0,0.0,-153690.49809626234
2005-06-16,0.0,0,-0.0,0.0,-153690.49809626234
2005-06-17,0.0,0,-0.0,0.0,-153690.49809626234
2005-06-20,0.0,0,-0.0,0.0,-153690.49809626234
2005-06-21,0.0,0,0.0,0.0,-153690.49809626234
2005-06-22,0.0,0,0.0,0.0,-153690.49809626234
2005-06-23,0.0,0,-0.0,0.0,-153690.49809626234
2005-06-24,0.0,0,0.0,0.0,-153690.49809626234
2005-06-27,-0.0,0,0.0,0.0,-153690.49809626234
2005-06-28,0.0,0,-0.0,0.0,-153690.49809626234
2005-06-29,0.0,0,0.0,0.0,-153690.49809626234
2005-06-30,-0.0,0,-0.0,-0.0,-153690.49809626234
2005-07-01,0.0,0,-0.0,0.0,-153690.49809626234
2005-07-04,0.0,0,0.0,0.0,-153690.49809626234
2005-07-05,0.0,0,0.0,0.0,-153690.49809626234
2005-07-06,0.0,0,0.0,0.0,-153690.49809626234
2005-07-07,0.0,0,-0.0,0.0,-153690.49809626234
2005-07-08,0.0,0,-0.0,0.0,-153690.49809626234
2005-07-11,0.0,0,-0.0,0.0,-153690.49809626234
2005-07-12,0.0,0,-0.0,0.0,-153690.49809626234
2005-07-13,0.0,0,-0.0,0.0,-153690.49809626234
2005-07-14,0.0,0,-0.0,0.0,-153690.49809626234
2005-07-15,-0.0,0,-0.0,-0.0,-153690.49809626234
2005-07-18,0.0,0,0.0,0.0,-153690.49809626234
2005-07-19,0.0,0,-0.0,0.0,-153690.49809626234
2005-07-20,-0.0,0,-0.0,-0.0,-153690.49809626234
2005-07-21,0.0,0,-0.0,0.0,-153690.49809626234
2005-07-22,0.0,0,-0.0,0.0,-153690.49809626234
2005-07-25,0.0,0,-0.0,0.0,-153690.49809626234
2005-07-26,-0.0,0,0.0,0.0,-153690.49809626234
2005-07-27,0.0,0,-0.0,0.0,-153690.49809626234
2005-07-28,0.0,0,-0.0,0.0,-153690.49809626234
2005-07-29,0.0,0,-0.0,0.0,-153690.49809626234
2005-08-01,0.0,0,0.0,0.0,-153690.49809626234
2005-08-02,0.0,0,0.0,0.0,-153690.49809626234
2005-08-03,0.0,0,0.0,0.0,-153690.49809626234
2005-08-04,0.0,0,-0.0,0.0,-153690.49809626234
2005-08-05,0.0,0,-0.0,0.0,-153690.49809626234
2005-08-08,0.0,0,0.0,0.0,-153690.49809626234
2005-08-09,0.0,0,-0.0,0.0,-153690.49809626234
2005-08-10,-0.0,0,0.0,0.0,-153690.49809626234
2005-08-11,0.0,0,0.0,0.0,-153690.49809626234
2005-08-12,0.0,0,0.0,0.0,-153690.49809626234
2005-08-15,0.0,0,0.0,0.0,-153690.49809626234
2005-08-16,0.0,0,-0.0,0.0,-153690.49809626234
2005-08-17,0.0,0,0.0,0.0,-153690.49809626234
2005-08-18,0.0,0,0.0,0.0,-153690.49809626234
2005-08-19,0.0,0,-0.0,0.0,-153690.49809626234
2005-08-22,0.0,0,0.0,0.0,-153690.49809626234
2005-08-23,0.0,0,-0.0,0.0,-153690.49809626234
2005-08-24,0.0,0,0.0,0.0,-153690.49809626234
2005-08-25,-0.0,0,-0.0,-0.0,-153690.49809626234
2005-08-26,0.0,0,-0.0,0.0,-153690.49809626234
2005-08-29,0.0,0,-0.0,0.0,-153690.49809626234
2005-08-30,0.0,0,-0.0,0.0,-153690.49809626234
2005-08-31,0.0,0,0.0,0.0,-153690.49809626234
2005-09-01,0.0,0,0.0,0.0,-153690.49809626234
2005-09-02,0.0,0,0.0,0.0,-153690.49809626234
2005-09-05,0.0,0,0.0,0.0,-153690.49809626234
2005-09-06,0.0,0,-0.0,0.0,-153690.49809626234
2005-09-07,0.0,0,0.0,0.0,-153690.49809626234
2005-09-08,0.0,0,0.0,0.0,-153690.49809626234
2005-09-09,-0.0,0,-0.0,-0.0,-153690.49809626234
2005-09-12,0.0,0,0.0,0.0,-153690.49809626234
2005-09-13,0.0,0,0.0,0.0,-153690.49809626234
2005-09-14,0.0,0,0.0,0.0,-153690.49809626234
2005-09-15,0.0,0,0.0,0.0,-153690.49809626234
2005-09-16,0.0,0,0.0,0.0,-153690.49809626234
2005-09-19,0.0,0,-0.0,0.0,-153690.49809626234
2005-09-20,0.0,0,-0.0,0.0,-153690.49809626234
2005-09-21,0.0,0,0.0,0.0,-153690.49809626234
2005-09-22,0.0,0,0.0,0.0,-153690.49809626234
2005-09-23,0.0,0,-0.0,0.0,-153690.49809626234
2005-09-26,0.0,0,0.0,0.0,-153690.49809626234
2005-09-27,0.0,0,0.0,0.0,-153690.49809626234
2005-09-28,-0.0,0,-0.0,-0.0,-153690.49809626234
2005-09-29,0.0,0,0.0,0.0,-153690.49809626234
2005-09-30,0.0,0,-0.0,0.0,-153690.49809626234
2005-10-03,0.0,0,0.0,0.0,-153690.49809626234
2005-10-04,-0.0,0,-0.0,-0.0,-153690.49809626234
2005-10-05,0.0,0,-0.0,0.0,-153690.49809626234
2005-10-06,0.0,0,0.0,0.0,-153690.49809626234
2005-10-07,0.0,0,0.0,0.0,-153690.49809626234
2005-10-10,0.0,0,0.0,0.0,-153690.49809626234
2005-10-11,0.0,0,-0.0,0.0,-153690.49809626234
2005-10-12,0.0,0,0.0,0.0,-153690.49809626234
2005-10-13,0.0,0,0.0,0.0,-153690.49809626234
2005-10-14,0.0,0,0.0,0.0,-153690.49809626234
2005-10-17,0.0,0,-0.0,0.0,-153690.49809626234
2005-10-18,0.0,0,0.0,0.0,-153690.49809626234
2005-10-19,0.0,0,0.0,0.0,-153690.49809626234
2005-10-20,-0.0,0,0.0,0.0,-153690.49809626234
2005-10-21,0.0,0,-0.0,0.0,-153690.49809626234
2005-10-24,0.0,0,-0.0,0.0,-153690.49809626234
2005-10-25,0.0,0,-0.0,0.0,-153690.49809626234
2005-10-26,0.0,0,0.0,0.0,-153690.49809626234
2005-10-27,0.0,0,-0.0,0.0,-153690.49809626234
2005-10-28,0.0,0,-0.0,0.0,-153690.49809626234
2005-10-31,-0.0,0,0.0,0.0,-153690.49809626234
2005-11-01,0.0,0,0.0,0.0,-153690.49809626234
2005-11-02,0.0,0,0.0,0.0,-153690.49809626234
2005-11-03,0.0,0,-0.0,0.0,-153690.49809626234
2005-11-04,0.0,0,0.0,0.0,-153690.49809626234
2005-11-07,-0.0,0,-0.0,-0.0,-153690.49809626234
2005-11-08,0.0,0,0.0,0.0,-153690.49809626234
2005-11-09,0.0,0,-0.0,0.0,-153690.49809626234
2005-11-10,0.0,0,0.0,0.0,-153690.49809626234
2005-11-11,0.0,0,0.0,0.0,-153690.49809626234
2005-11-14,0.0,0,-0.0,0.0,-153690.49809626234
2005-11-15,0.0,0,0.0,0.0,-153690.49809626234
2005-11-16,0.0,0,0.0,0.0,-153690.49809626234
2005-11-17,0.0,0,0.0,0.0,-153690.49809626234
2005-11-18,0.0,0,0.0,0.0,-153690.49809626234
2005-11-21,0.0,0,0.0,0.0,-153690.49809626234
2005-11-22,0.0,0,0.0,0.0,-153690.49809626234
2005-11-23,0.0,0,0.0,0.0,-153690.49809626234
2005-11-24,0.0,0,0.0,0.0,-153690.49809626234
2005-11-25,0.0,0,0.0,0.0,-153690.49809626234
2005-11-28,-0.0,0,-0.0,-0.0,-153690.49809626234
2005-11-29,0.0,0,-0.0,0.0,-153690.49809626234
2005-11-30,0.0,0,0.0,0.0,-153690.49809626234
2005-12-01,0.0,0,-0.0,0.0,-153690.49809626234
2005-12-02,0.0,0,0.0,0.0,-153690.49809626234
2005-12-05,0.0,0,-0.0,0.0,-153690.49809626234
2005-12-06,0.0,0,0.0,0.0,-153690.49809626234
2005-12-07,0.0,0,0.0,0.0,-153690.49809626234
2005-12-08,0.0,0,-0.0,0.0,-153690.49809626234
2005-12-09,0.0,0,0.0,0.0,-153690.49809626234
2005-12-12,0.0,0,-0.0,0.0,-153690.49809626234
2005-12-13,0.0,0,0.0,0.0,-153690.49809626234
2005-12-14,0.0,0,0.0,0.0,-153690.49809626234
2005-12-15,0.0,0,-0.0,0.0,-153690.49809626234
2005-12-16,-0.0,0,-0.0,-0.0,-153690.49809626234
2005-12-19,0.0,0,-0.0,0.0,-153690.49809626234
2005-12-20,0.0,0,0.0,0.0,-153690.49809626234
2005-12-21,0.0,0,0.0,0.0,-153690.49809626234
2005-12-22,0.0,0,-0.0,0.0,-153690.49809626234
2005-12-23,0.0,0,0.0,0.0,-153690.49809626234
2005-12-26,0.0,0,0.0,0.0,-153690.49809626234
2005-12-27,0.0,1,0.0,0.0,-153690.49809626234
2005-12-28,16740.95415419564,1,-0.0,16740.95415419564,-136949.5439420667
2005-12-29,-19978.445554883805,1,0.0,-19978.445554883805,-156927.9894969505
2005-12-30,-10017.822714896123,1,0.0,-10017.822714896123,-166945.8122118466
2006-01-02,0.0,1,0.0,0.0,-166945.8122118466
2006-01-03,49997.019546387586,1,0.0,49997.019546387586,-116948.79266545903
2006-01-04,20017.9868549846,1,0.0,20017.9868549846,-96930.80581047443
2006-01-05,-10004.842810366532,1,0.0,-10004.842810366532,-106935.64862084096
2006-01-06,-20033.674720826286,1,0.0,-20033.674720826286,-126969.32334166724
2006-01-09,0.0,1,0.0,0.0,-126969.32334166724
2006-01-10,-89.62170215126389,1,0.0,-89.62170215126389,-127058.9450438185
2006-01-11,-107.1629480501033,1,0.0,-107.1629480501033,-127166.1079918686
2006-01-12,10174.566444734446,1,-0.0,10174.566444734446,-116991.54154713415
2006-01-13,-9794.899241662053,1,-0.0,-9794.899241662053,-126786.4407887962
2006-01-16,0.0,1,0.0,0.0,-126786.4407887962
2006-01-17,-9979.641946735866,1,0.0,-9979.641946735866,-136766.08273553208
2006-01-18,0.0,1,0.0,0.0,-136766.08273553208
2006-01-19,-9.683734875172377,1,-0.0,-9.683734875172377,-136775.76647040725
2006-01-20,-9980.865546157382,1,-0.0,-9980.865546157382,-146756.63201656463
2006-01-23,10009.515825367307,1,0.0,10009.515825367307,-136747.11619119733
2006-01-24,19961.704591517144,1,-0.0,19961.704591517144,-116785.41159968018
2006-01-25,-236.35652188911627,1,-0.0,-236.35652188911627,-117021.7681215693
2006-01-26,9753.967355033805,1,0.0,9753.967355033805,-107267.8007665355
2006-01-27,-29875.740839362963,1,-0.0,-29875.740839362963,-137143.54160589847
2006-01-30,9847.954608196138,1,0.0,9847.954608196138,-127295.58699770234
2006-01-31,-29863.775262347997,1,-0.0,-29863.775262347997,-157159.36226005034
2006-02-01,-10246.915576229272,1,-0.0,-10246.915576229272,-167406.27783627962
2006-02-02,0.0,1,-0.0,0.0,-167406.27783627962
2006-02-03,-29672.08958372938,1,-0.0,-29672.08958372938,-197078.367420009
2006-02-06,-20008.21137458941,1,-0.0,-20008.21137458941,-217086.5787945984
2006-02-07,29767.67411238184,1,0.0,29767.67411238184,-187318.90468221655
2006-02-08,-39796.53687447064,1,0.0,-39796.53687447064,-227115.4415566872
2006-02-09,-39720.82985533025,1,-0.0,-39720.82985533025,-266836.27141201746
2006-02-10,19636.48841713924,1,-0.0,19636.48841713924,-247199.78299487822
2006-02-13,77.71418564286978,1,0.0,77.71418564286978,-247122.06880923535
2006-02-14,29583.74373468112,1,-0.0,29583.74373468112,-217538.32507455425
2006-02-15,-30019.229936910404,1,-0.0,-30019.229936910404,-247557.55501146466
2006-02-16,-14.354480834481365,1,0.0,-14.354480834481365,-247571.90949229914
2006-02-17,-20071.49879913435,1,-0.0,-20071.49879913435,-267643.4082914335
2006-02-20,0.0,1,0.0,0.0,-267643.4082914335
2006-02-21,-19903.517538871514,1,-0.0,-19903.517538871514,-287546.925830305
2006-02-22,-10102.639425738544,1,0.0,-10102.639425738544,-297649.5652560435
2006-02-23,-9875.864414738538,1,-0.0,-9875.864414738538,-307525.42967078206
2006-02-24,64.49945951981863,1,-0.0,64.49945951981863,-307460.93021126225
2006-02-27,10019.072930972432,1,0.0,10019.072930972432,-297441.8572802898
2006-02-28,9912.63545838197,1,0.0,9912.63545838197,-287529.22182190785
2006-03-01,20133.648944199882,1,0.0,20133.648944199882,-267395.57287770795
2006-03-02,40073.91274249834,1,0.0,40073.91274249834,-227321.66013520962
2006-03-03,-23.584702350497537,1,0.0,-23.584702350497537,-227345.2448375601
2006-03-06,49837.379467689214,1,0.0,49837.379467689214,-177507.8653698709
2006-03-07,0.0,1,0.0,0.0,-177507.8653698709
2006-03-08,40008.65328601455,1,0.0,40008.65328601455,-137499.21208385634
2006-03-09,9947.820010487318,1,-0.0,9947.820010487318,-127551.39207336903
2006-03-10,-106.56693985188758,1,0.0,-106.56693985188758,-127657.95901322091
2006-03-13,9933.657637276368,1,0.0,9933.657637276368,-117724.30137594455
2006-03-14,20378.075118306253,1,-0.0,20378.075118306253,-97346.2262576383
2006-03-15,-10096.312283137668,1,0.0,-10096.312283137668,-107442.53854077596
2006-03-16,-9582.560083900025,1,0.0,-9582.560083900025,-117025.09862467599
2006-03-17,-68.17913707851767,1,-0.0,-68.17913707851767,-117093.2777617545
2006-03-20,-19942.978255697388,1,0.0,-19942.978255697388,-137036.2560174519
2006-03-21,-20128.916690362894,1,0.0,-20128.916690362894,-157165.17270781478
2006-03-22,-29950.0367429252,1,-0.0,-29950.0367429252,-187115.20945074
2006-03-23,-95.8656271047912,1,0.0,-95.8656271047912,-187211.07507784478
2006-03-24,-9735.170810232827,1,0.0,-9735.170810232827,-196946.2458880776
2006-03-27,29928.698249368863,1,0.0,29928.698249368863,-167017.54763870873
2006-03-28,-309.30971491112723,1,-0.0,-309.30971491112723,-167326.85735361985
2006-03-29,9853.518602191258,1,0.0,9853.518602191258,-157473.3387514286
2006-03-30,29581.940828197003,1,-0.0,29581.940828197003,-127891.39792323159
2006-03-31,19963.83651726648,1,-0.0,19963.83651726648,-107927.56140596511
2006-04-03,-20163.983542373244,1,-0.0,-20163.983542373244,-128091.54494833836
2006-04-04,10081.722901852383,1,0.0,10081.722901852383,-118009.82204648598
2006-04-05,299.81925857023816,1,0.0,299.81925857023816,-117710.00278791574
2006-04-06,29419.613039786782,1,-0.0,29419.613039786782,-88290.38974812896
2006-04-07,19986.77226066072,1,0.0,19986.77226066072,-68303.61748746823
2006-04-10,0.0,1,0.0,0.0,-68303.61748746823
2006-04-11,-29873.815126042027,1,0.0,-29873.815126042027,-98177.43261351026
2006-04-12,19943.540037299354,1,0.0,19943.540037299354,-78233.8925762109
2006-04-13,19777.845070265757,1,-0.0,19777.845070265757,-58456.04750594514
2006-04-14,0.0,1,0.0,0.0,-58456.04750594514
2006-04-17,10210.265349467627,1,0.0,10210.265349467627,-48245.782156477515
2006-04-18,50044.69007738202,1,0.0,50044.69007738202,1798.9079209045085
2006-04-19,29787.663304657126,0,0.0,29787.663304657126,31586.571225561634
2006-04-20,-3291.5035220538193,0,0.0,-3291.5035220538193,28295.067703507815
2006-04-21,-0.0,0,0.0,0.0,28295.067703507815
2006-04-24,0.0,0,-0.0,0.0,28295.067703507815
2006-04-25,0.0,0,0.0,0.0,28295.067703507815
2006-04-26,0.0,0,-0.0,0.0,28295.067703507815
2006-04-27,0.0,0,0.0,0.0,28295.067703507815
2006-04-28,0.0,0,0.0,0.0,28295.067703507815
2006-05-01,0.0,0,-0.0,0.0,28295.067703507815
2006-05-02,0.0,0,-0.0,0.0,28295.067703507815
2006-05-03,0.0,0,-0.0,0.0,28295.067703507815
2006-05-04,0.0,0,-0.0,0.0,28295.067703507815
2006-05-05,0.0,0,0.0,0.0,28295.067703507815
2006-05-08,0.0,0,-0.0,0.0,28295.067703507815
2006-05-09,0.0,0,0.0,0.0,28295.067703507815
2006-05-10,0.0,0,-0.0,0.0,28295.067703507815
2006-05-11,0.0,0,0.0,0.0,28295.067703507815
2006-05-12,0.0,0,0.0,0.0,28295.067703507815
2006-05-15,0.0,0,0.0,0.0,28295.067703507815
2006-05-16,0.0,0,0.0,0.0,28295.067703507815
2006-05-17,0.0,0,0.0,0.0,28295.067703507815
2006-05-18,0.0,0,0.0,0.0,28295.067703507815
2006-05-19,-0.0,0,-0.0,-0.0,28295.067703507815
2006-05-22,0.0,0,0.0,0.0,28295.067703507815
2006-05-23,0.0,0,-0.0,0.0,28295.067703507815
2006-05-24,0.0,0,0.0,0.0,28295.067703507815
2006-05-25,0.0,0,-0.0,0.0,28295.067703507815
2006-05-26,0.0,0,0.0,0.0,28295.067703507815
2006-05-29,0.0,0,0.0,0.0,28295.067703507815
2006-05-30,0.0,0,-0.0,0.0,28295.067703507815
2006-05-31,0.0,0,-0.0,0.0,28295.067703507815
2006-06-01,-0.0,0,-0.0,-0.0,28295.067703507815
2006-06-02,0.0,0,0.0,0.0,28295.067703507815
2006-06-05,0.0,0,0.0,0.0,28295.067703507815
2006-06-06,-0.0,0,-0.0,-0.0,28295.067703507815
2006-06-07,0.0,0,0.0,0.0,28295.067703507815
2006-06-08,0.0,0,-0.0,0.0,28295.067703507815
2006-06-09,-0.0,0,-0.0,-0.0,28295.067703507815
2006-06-12,0.0,0,-0.0,0.0,28295.067703507815
2006-06-13,-0.0,0,0.0,0.0,28295.067703507815
2006-06-14,0.0,0,0.0,0.0,28295.067703507815
2006-06-15,0.0,0,0.0,0.0,28295.067703507815
2006-06-16,0.0,0,0.0,0.0,28295.067703507815
2006-06-19,0.0,0,0.0,0.0,28295.067703507815
2006-06-20,0.0,0,0.0,0.0,28295.067703507815
2006-06-21,0.0,0,0.0,0.0,28295.067703507815
2006-06-22,0.0,0,0.0,0.0,28295.067703507815
2006-06-23,0.0,0,0.0,0.0,28295.067703507815
2006-06-26,0.0,0,0.0,0.0,28295.067703507815
2006-06-27,0.0,0,0.0,0.0,28295.067703507815
2006-06-28,0.0,0,-0.0,0.0,28295.067703507815
2006-06-29,0.0,0,0.0,0.0,28295.067703507815
2006-06-30,0.0,0,-0.0,0.0,28295.067703507815
2006-07-03,0.0,0,0.0,0.0,28295.067703507815
2006-07-04,0.0,0,0.0,0.0,28295.067703507815
2006-07-05,0.0,0,-0.0,0.0,28295.067703507815
2006-07-06,0.0,0,-0.0,0.0,28295.067703507815
2006-07-07,0.0,0,0.0,0.0,28295.067703507815
2006-07-10,-0.0,0,0.0,0.0,28295.067703507815
2006-07-11,-0.0,0,0.0,0.0,28295.067703507815
2006-07-12,0.0,0,-0.0,0.0,28295.067703507815
2006-07-13,0.0,0,0.0,0.0,28295.067703507815
2006-07-14,0.0,0,0.0,0.0,28295.067703507815
2006-07-17,0.0,0,-0.0,0.0,28295.067703507815
2006-07-18,0.0,0,0.0,0.0,28295.067703507815
2006-07-19,0.0,0,0.0,0.0,28295.067703507815
2006-07-20,0.0,0,-0.0,0.0,28295.067703507815
2006-07-21,0.0,0,0.0,0.0,28295.067703507815
2006-07-24,0.0,0,0.0,0.0,28295.067703507815
2006-07-25,0.0,0,-0.0,0.0,28295.067703507815
2006-07-26,0.0,0,0.0,0.0,28295.067703507815
2006-07-27,0.0,0,-0.0,0.0,28295.067703507815
2006-07-28,0.0,0,0.0,0.0,28295.067703507815
2006-07-31,0.0,0,0.0,0.0,28295.067703507815
2006-08-01,0.0,0,0.0,0.0,28295.067703507815
2006-08-02,-0.0,0,0.0,0.0,28295.067703507815
2006-08-03,0.0,0,-0.0,0.0,28295.067703507815
2006-08-04,0.0,0,0.0,0.0,28295.067703507815
2006-08-07,0.0,0,-0.0,0.0,28295.067703507815
2006-08-08,0.0,0,0.0,0.0,28295.067703507815
2006-08-09,-0.0,0,0.0,0.0,28295.067703507815
2006-08-10,0.0,0,0.0,0.0,28295.067703507815
2006-08-11,0.0,0,-0.0,0.0,28295.067703507815
2006-08-14,0.0,0,-0.0,0.0,28295.067703507815
2006-08-15,0.0,0,0.0,0.0,28295.067703507815
2006-08-16,0.0,0,0.0,0.0,28295.067703507815
2006-08-17,0.0,0,0.0,0.0,28295.067703507815
2006-08-18,0.0,0,0.0,0.0,28295.067703507815
2006-08-21,0.0,0,0.0,0.0,28295.067703507815
2006-08-22,0.0,0,-0.0,0.0,28295.067703507815
2006-08-23,0.0,0,0.0,0.0,28295.067703507815
2006-08-24,-0.0,0,0.0,0.0,28295.067703507815
2006-08-25,0.0,0,0.0,0.0,28295.067703507815
2006-08-28,0.0,0,-0.0,0.0,28295.067703507815
2006-08-29,0.0,0,0.0,0.0,28295.067703507815
2006-08-30,0.0,0,0.0,0.0,28295.067703507815
2006-08-31,0.0,0,-0.0,0.0,28295.067703507815
2006-09-01,0.0,0,0.0,0.0,28295.067703507815
2006-09-04,0.0,0,0.0,0.0,28295.067703507815
2006-09-05,0.0,0,0.0,0.0,28295.067703507815
2006-09-06,0.0,0,0.0,0.0,28295.067703507815
2006-09-07,0.0,0,-0.0,0.0,28295.067703507815
2006-09-08,0.0,0,0.0,0.0,28295.067703507815
2006-09-11,0.0,0,0.0,0.0,28295.067703507815
2006-09-12,0.0,0,-0.0,0.0,28295.067703507815
2006-09-13,0.0,0,0.0,0.0,28295.067703507815
2006-09-14,0.0,0,0.0,0.0,28295.067703507815
2006-09-15,0.0,0,-0.0,0.0,28295.067703507815
2006-09-18,0.0,0,-0.0,0.0,28295.067703507815
2006-09-19,0.0,0,0.0,0.0,28295.067703507815
2006-09-20,-0.0,0,0.0,0.0,28295.067703507815
2006-09-21,0.0,0,0.0,0.0,28295.067703507815
2006-09-22,0.0,0,0.0,0.0,28295.067703507815
2006-09-25,0.0,0,0.0,0.0,28295.067703507815
2006-09-26,0.0,0,-0.0,0.0,28295.067703507815
2006-09-27,0.0,0,0.0,0.0,28295.067703507815
2006-09-28,0.0,0,0.0,0.0,28295.067703507815
2006-09-29,0.0,0,-0.0,0.0,28295.067703507815
2006-10-02,0.0,0,0.0,0.0,28295.067703507815
2006-10-03,0.0,0,-0.0,0.0,28295.067703507815
2006-10-04,0.0,0,0.0,0.0,28295.067703507815
2006-10-05,0.0,0,0.0,0.0,28295.067703507815
2006-10-06,0.0,0,-0.0,0.0,28295.067703507815
2006-10-09,0.0,0,0.0,0.0,28295.067703507815
2006-10-10,0.0,0,-0.0,0.0,28295.067703507815
2006-10-11,0.0,0,0.0,0.0,28295.067703507815
2006-10-12,0.0,0,-0.0,0.0,28295.067703507815
2006-10-13,0.0,0,0.0,0.0,28295.067703507815
2006-10-16,0.0,0,-0.0,0.0,28295.067703507815
2006-10-17,0.0,0,0.0,0.0,28295.067703507815
2006-10-18,-0.0,0,-0.0,-0.0,28295.067703507815
2006-10-19,0.0,0,0.0,0.0,28295.067703507815
2006-10-20,0.0,0,-0.0,0.0,28295.067703507815
2006-10-23,0.0,0,-0.0,0.0,28295.067703507815
2006-10-24,0.0,0,-0.0,0.0,28295.067703507815
2006-10-25,0.0,0,0.0,0.0,28295.067703507815
2006-10-26,0.0,0,-0.0,0.0,28295.067703507815
2006-10-27,0.0,0,0.0,0.0,28295.067703507815
2006-10-30,0.0,0,-0.0,0.0,28295.067703507815
2006-10-31,0.0,0,-0.0,0.0,28295.067703507815
2006-11-01,0.0,0,0.0,0.0,28295.067703507815
2006-11-02,0.0,0,0.0,0.0,28295.067703507815
2006-11-03,0.0,0,-0.0,0.0,28295.067703507815
2006-11-06,-0.0,0,0.0,0.0,28295.067703507815
2006-11-07,0.0,0,0.0,0.0,28295.067703507815
2006-11-08,0.0,0,-0.0,0.0,28295.067703507815
2006-11-09,-0.0,1,0.0,0.0,28295.067703507815
2006-11-10,-13280.194252191624,1,-0.0,-13280.194252191624,15014.87345131619
2006-11-13,-9978.64192806082,1,-0.0,-9978.64192806082,5036.23152325537
2006-11-14,-20021.46630102976,1,0.0,-20021.46630102976,-14985.234777774389
2006-11-15,-19911.84314885873,1,0.0,-19911.84314885873,-34897.07792663312
2006-11-16,53.96868430359609,1,-0.0,53.96868430359609,-34843.10924232953
2006-11-17,39986.60652251789,1,0.0,39986.60652251789,5143.497280188363
2006-11-20,-10004.763297053947,1,0.0,-10004.763297053947,-4861.266016865584
2006-11-21,-10020.266321924715,1,-0.0,-10020.266321924715,-14881.532338790299
2006-11-22,-19.072930972644826,1,0.0,-19.072930972644826,-14900.605269762944
2006-11-23,0.0,1,0.0,0.0,-14900.605269762944
2006-11-24,-10046.492007073542,1,0.0,-10046.492007073542,-24947.097276836488
2006-11-27,9971.415395761378,1,0.0,9971.415395761378,-14975.68188107511
2006-11-28,9904.718446566156,1,0.0,9904.718446566156,-5070.963434508954
2006-11-29,-9966.74419364426,1,0.0,-9966.74419364426,-15037.707628153214
2006-11-30,9764.022117663299,1,0.0,9764.022117663299,-5273.685510489915
2006-12-01,69927.23906126918,1,0.0,69927.23906126918,64653.55355077927
2006-12-04,0.0,1,0.0,0.0,64653.55355077927
2006-12-05,20182.13528115475,1,-0.0,20182.13528115475,84835.68883193402
2006-12-06,-39950.433713377715,1,0.0,-39950.433713377715,44885.255118556306
2006-12-07,20086.32322947974,1,-0.0,20086.32322947974,64971.57834803605
2006-12-08,-29770.212546866213,1,-0.0,-29770.212546866213,35201.365801169835
2006-12-11,-30106.06420563921,1,0.0,-30106.06420563921,5095.3015955306255
2006-12-12,29914.62149859078,1,0.0,29914.62149859078,35009.923094121405
2006-12-13,407.373577127335,1,-0.0,407.373577127335,35417.29667124874
2006-12-14,-9979.96303320798,1,0.0,-9979.96303320798,25437.33363804076
2006-12-15,0.0,1,0.0,0.0,25437.33363804076
2006-12-18,20004.82763181102,1,-0.0,20004.82763181102,45442.16126985178
2006-12-19,0.0,1,0.0,0.0,45442.16126985178
2006-12-20,0.0,1,0.0,0.0,45442.16126985178
2006-12-21,-23.506565482915903,1,0.0,-23.506565482915903,45418.65470436886
2006-12-22,30212.950086900608,1,-0.0,30212.950086900608,75631.60479126946
2006-12-25,0.0,1,0.0,0.0,75631.60479126946
2006-12-26,-19990.479977779287,1,-0.0,-19990.479977779287,55641.124813490176
2006-12-27,-10005.154932704398,1,0.0,-10005.154932704398,45635.96988078578
2006-12-28,-10064.0170306695,1,-0.0,-10064.0170306695,35571.95285011628
2006-12-29,9962.011690502562,1,-0.0,9962.011690502562,45533.96454061884
2007-01-01,0.0,1,0.0,0.0,45533.96454061884
2007-01-02,-9888.715563159672,1,0.0,-9888.715563159672,35645.24897745917
2007-01-03,30004.38911292156,1,-0.0,30004.38911292156,65649.63809038073
2007-01-04,112.80346901178564,1,0.0,112.80346901178564,65762.44155939252
2007-01-05,-20024.142848308722,1,-0.0,-20024.142848308722,45738.2987110838
2007-01-08,-10011.857073508832,1,-0.0,-10011.857073508832,35726.44163757497
2007-01-09,-9996.381033565018,1,0.0,-9996.381033565018,25730.060604009952
2007-01-10,9952.58857284575,1,0.0,9952.58857284575,35682.6491768557
2007-01-11,-130.07699475836125,1,0.0,-130.07699475836125,35552.57218209734
2007-01-12,9855.806389603556,1,0.0,9855.806389603556,45408.3785717009
2007-01-15,0.0,1,0.0,0.0,45408.3785717009
2007-01-16,110.77935469019212,1,-0.0,110.77935469019212,45519.1579263911
2007-01-17,-10180.203070077892,1,-0.0,-10180.203070077892,35338.954856313205
2007-01-18,-19716.651638472442,1,0.0,-19716.651638472442,15622.303217840763
2007-01-19,-10117.392503652649,1,-0.0,-10117.392503652649,5504.910714188114
2007-01-22,108.17096040238539,1,0.0,108.17096040238539,5613.0816745904995
2007-01-23,19726.118652474564,1,0.0,19726.118652474564,25339.200327065064
2007-01-24,9977.115432747998,1,0.0,9977.115432747998,35316.315759813064
2007-01-25,9569.122765799431,1,-0.0,9569.122765799431,44885.438525612495
2007-01-26,-90.3298646534513,1,0.0,-90.3298646534513,44795.10866095904
2007-01-29,19754.599540262123,1,-0.0,19754.599540262123,64549.70820122116
2007-01-30,-10016.109849501283,1,0.0,-10016.109849501283,54533.59835171988
2007-01-31,-10042.545909311862,1,0.0,-10042.545909311862,44491.052442408014
2007-02-01,-9978.839028776049,1,-0.0,-9978.839028776049,34512.213413631966
2007-02-02,9978.771510888366,1,-0.0,9978.771510888366,44490.98492452033
2007-02-05,-54.37325271366353,1,0.0,-54.37325271366353,44436.61167180666
2007-02-06,-20154.048572510474,1,-0.0,-20154.048572510474,24282.56309929619
2007-02-07,-152.87150687843678,1,0.0,-152.87150687843678,24129.691592417752
2007-02-08,-10076.149561477745,1,-0.0,-10076.149561477745,14053.542030940007
2007-02-09,10413.263934915114,1,-0.0,10413.263934915114,24466.80596585512
2007-02-12,-9964.612436252366,1,0.0,-9964.612436252366,14502.193529602755
2007-02-13,10088.964655711923,1,0.0,10088.964655711923,24591.158185314678
2007-02-14,-265.19925162039,1,0.0,-265.19925162039,24325.958933694288
2007-02-15,-246.71265733592008,1,0.0,-246.71265733592008,24079.246276358368
2007-02-16,-10095.318406167127,1,-0.0,-10095.318406167127,13983.92787019124
2007-02-19,0.0,1,0.0,0.0,13983.92787019124
2007-02-20,9938.48649692022,1,0.0,9938.48649692022,23922.41436711146
2007-02-21,83.20292427722234,1,-0.0,83.20292427722234,24005.617291388684
2007-02-22,-9702.079966910838,1,-0.0,-9702.079966910838,14303.537324477846
2007-02-23,-332.3271148103522,1,-0.0,-332.3271148103522,13971.210209667493
2007-02-26,-422.0578399756705,1,0.0,-422.0578399756705,13549.152369691823
2007-02-27,49984.82979153173,1,0.0,49984.82979153173,63533.982161223554
2007-02-28,242.47124588979932,1,0.0,242.47124588979932,63776.45340711335
2007-03-01,20028.989677594025,1,0.0,20028.989677594025,83805.44308470738
2007-03-02,29984.777213862973,1,0.0,29984.777213862973,113790.22029857035
2007-03-05,20023.59819053532,0,0.0,20023.59819053532,133813.81848910567
2007-03-06,-3281.133893223476,0,-0.0,-3281.133893223476,130532.6845958822
2007-03-07,0.0,0,0.0,0.0,130532.6845958822
2007-03-08,0.0,0,0.0,0.0,130532.6845958822
2007-03-09,0.0,0,-0.0,0.0,130532.6845958822
2007-03-12,0.0,0,0.0,0.0,130532.6845958822
2007-03-13,0.0,0,0.0,0.0,130532.6845958822
2007-03-14,0.0,0,0.0,0.0,130532.6845958822
2007-03-15,0.0,0,-0.0,0.0,130532.6845958822
2007-03-16,0.0,0,0.0,0.0,130532.6845958822
2007-03-19,0.0,0,0.0,0.0,130532.6845958822
2007-03-20,0.0,0,0.0,0.0,130532.6845958822
2007-03-21,0.0,0,0.0,0.0,130532.6845958822
2007-03-22,0.0,0,0.0,0.0,130532.6845958822
2007-03-23,0.0,0,-444.9468206849588,-444.9468206849588,130087.73777519724
2007-03-26,0.0,0,0.0,0.0,130087.73777519724
2007-03-27,0.0,0,9999.999999999714,9999.999999999714,140087.73777519696
2007-03-28,0.0,0,19952.284954030936,19952.284954030936,160040.0227292279
2007-03-29,0.0,0,-39841.14174643637,-39841.14174643637,120198.88098279154
2007-03-30,0.0,0,9976.1424770149,9976.1424770149,130175.02345980644
2007-04-02,0.0,0,-9960.285436609658,-9960.285436609658,120214.73802319678
2007-04-03,0.0,0,-9968.209168633255,-9968.209168633255,110246.52885456353
2007-04-04,0.0,0,9960.285436608809,9960.285436608809,120206.81429117234
2007-04-05,0.0,0,0.0,0.0,120206.81429117234
2007-04-06,0.0,0,-29833.399937700207,-29833.399937700207,90373.41435347214
2007-04-09,0.0,0,9995.73637668337,9995.73637668337,100369.15073015551
2007-04-10,0.0,0,0.0,0.0,100369.15073015551
2007-04-11,0.0,0,-10015.87432136396,-10015.87432136396,90353.27640879156
2007-04-12,0.0,0,0.0,0.0,90353.27640879156
2007-04-13,0.0,0,-10015.87432136396,-10015.87432136396,80337.4020874276
2007-04-16,0.0,0,-20015.864751259607,-20015.864751259607,60321.537336167996
2007-04-17,0.0,0,0.0,0.0,60321.537336167996
2007-04-18,0.0,0,-10079.756087852775,-10079.756087852775,50241.78124831522
2007-04-19,0.0,0,-4.972323215430324,-4.972323215430324,50236.808925099795
2007-04-20,0.0,0,9984.072256141353,9984.072256141353,60220.881181241144
2007-04-23,0.0,0,-8.506153918154871e-10,-8.506153918154871e-10,60220.88118124029
2007-04-24,0.0,0,0.0,0.0,60220.88118124029
2007-04-25,0.0,0,0.0,0.0,60220.88118124029
2007-04-26,0.0,0,9992.031312561747,9992.031312561747,70212.91249380204
2007-04-27,0.0,0,-9960.25273280721,-9960.25273280721,60252.65976099483
2007-04-30,0.0,0,0.0,0.0,60252.65976099483
2007-05-01,0.0,0,-10015.966324154037,-10015.966324154037,50236.6934368408
2007-05-02,0.0,0,-10015.966324155173,-10015.966324155173,40220.72711268562
2007-05-03,0.0,0,-444.2381207858747,-444.2381207858747,39776.48899189974
2007-05-04,0.0,0,-0.0,0.0,39776.48899189974
2007-05-07,-0.0,0,0.0,0.0,39776.48899189974
2007-05-08,-0.0,0,0.0,0.0,39776.48899189974
2007-05-09,0.0,0,-0.0,0.0,39776.48899189974
2007-05-10,0.0,0,0.0,0.0,39776.48899189974
2007-05-11,0.0,0,0.0,0.0,39776.48899189974
2007-05-14,0.0,0,-0.0,0.0,39776.48899189974
2007-05-15,0.0,0,0.0,0.0,39776.48899189974
2007-05-16,0.0,0,-0.0,0.0,39776.48899189974
2007-05-17,0.0,0,0.0,0.0,39776.48899189974
2007-05-18,0.0,0,-0.0,0.0,39776.48899189974
2007-05-21,0.0,0,-0.0,0.0,39776.48899189974
2007-05-22,0.0,0,0.0,0.0,39776.48899189974
2007-05-23,0.0,0,0.0,0.0,39776.48899189974
2007-05-24,0.0,0,0.0,0.0,39776.48899189974
2007-05-25,0.0,0,-0.0,0.0,39776.48899189974
2007-05-28,0.0,0,0.0,0.0,39776.48899189974
2007-05-29,0.0,0,0.0,0.0,39776.48899189974
2007-05-30,0.0,0,-0.0,0.0,39776.48899189974
2007-05-31,0.0,0,-0.0,0.0,39776.48899189974
2007-06-01,0.0,0,0.0,0.0,39776.48899189974
2007-06-04,-0.0,0,-0.0,-0.0,39776.48899189974
2007-06-05,0.0,0,-0.0,0.0,39776.48899189974
2007-06-06,0.0,0,0.0,0.0,39776.48899189974
2007-06-07,0.0,-1,-0.0,0.0,39776.48899189974
2007-06-08,-33303.94804508595,-1,0.0,-33303.94804508595,6472.540946813795
2007-06-11,-19990.579329133787,-1,-0.0,-19990.579329133787,-13518.038382319992
2007-06-12,-49813.68211960886,-1,-0.0,-49813.68211960886,-63331.72050192885
2007-06-13,59578.09605448094,-1,-0.0,59578.09605448094,-3753.62444744791
2007-06-14,-9885.20496336839,-1,-0.0,-9885.20496336839,-13638.829410816299
2007-06-15,19647.937121728748,-1,0.0,19647.937121728748,6009.107710912449
2007-06-18,-30013.887750697326,-1,0.0,-30013.887750697326,-24004.780039784877
2007-06-19,-10129.793886921834,-1,0.0,-10129.793886921834,-34134.57392670671
2007-06-20,-20014.610226587698,-1,-0.0,-20014.610226587698,-54149.18415329441
2007-06-21,-9964.527986288804,-1,0.0,-9964.527986288804,-64113.712139583215
2007-06-22,-40083.182158038304,-1,0.0,-40083.182158038304,-104196.89429762152
2007-06-25,-136.90792796752794,-1,-0.0,-136.90792796752794,-104333.80222558905
2007-06-26,20048.460666657003,-1,0.0,20048.460666657003,-84285.34155893205
2007-06-27,20020.387822991237,-1,-0.0,20020.387822991237,-64264.95373594081
2007-06-28,20044.044613325088,-1,0.0,20044.044613325088,-44220.909122615725
2007-06-29,-118.30868165151333,-1,-0.0,-118.30868165151333,-44339.21780426724
2007-07-02,20094.100585170305,-1,0.0,20094.100585170305,-24245.117219096934
2007-07-03,-20198.622190619702,-1,0.0,-20198.622190619702,-44443.73940971664
2007-07-04,-0.0,-1,0.0,0.0,-44443.73940971664
2007-07-05,-10142.813294766791,-1,-0.0,-10142.813294766791,-54586.55270448343
2007-07-06,-29929.441719889972,-1,0.0,-29929.441719889972,-84515.9944243734
2007-07-09,9877.585351691316,-1,-0.0,9877.585351691316,-74638.40907268209
2007-07-10,9607.49510929537,-1,0.0,9607.49510929537,-65030.913963386716
2007-07-11,-20139.941786502888,-1,-0.0,-20139.941786502888,-85170.8557498896
2007-07-12,10046.686578368819,-1,0.0,10046.686578368819,-75124.16917152077
2007-07-13,19981.165113647883,-1,0.0,19981.165113647883,-55143.00405787289
2007-07-16,9945.76400657431,-1,-0.0,9945.76400657431,-45197.24005129858
2007-07-17,-10051.226612970011,-1,0.0,-10051.226612970011,-55248.46666426859
2007-07-18,-10016.36759611615,-1,-0.0,-10016.36759611615,-65264.83426038474
2007-07-19,9983.688214737442,-1,0.0,9983.688214737442,-55281.1460456473
2007-07-20,110.12748525517236,-1,0.0,110.12748525517236,-55171.01856039213
2007-07-23,-42.076156231751156,-1,0.0,-42.076156231751156,-55213.09471662388
2007-07-24,115.580346311428,-1,0.0,115.580346311428,-55097.51437031245
2007-07-25,-9933.020073491189,-1,0.0,-9933.020073491189,-65030.53444380364
2007-07-26,-49458.888922209386,-1,0.0,-49458.888922209386,-114489.42336601303
2007-07-27,-10024.715874236128,-1,39545.43263286472,29520.716758628594,-84968.70660738443
2007-07-30,10009.485458951207,-1,9960.724732720464,19970.21019167167,-64998.49641571276
2007-07-31,9953.998483812611,-1,-29811.817206115513,-19857.8187223029,-84856.31513801566
2007-08-01,20009.491992073315,-1,9992.126077900339,30001.618069973654,-54854.697068042005
2007-08-02,19985.752201453564,-1,-30000.00000000028,-10014.247798546716,-64868.94486658872
2007-08-03,-69895.91607778758,-1,30047.328729301094,-39848.587348486486,-104717.5322150752
2007-08-06,-10038.059658120872,-1,30118.535434221973,20080.4757761011,-84637.0564389741
2007-08-07,49954.50010973742,-1,-60047.3003029257,-10092.800193188283,-94729.85663216238
2007-08-08,9933.53317074757,-1,40063.10497240108,49996.63814314865,-44733.21848901373
2007-08-09,-99973.51450441456,-1,39717.894727178784,-60255.61977723578,-104988.83826624951
2007-08-10,-40016.92857889712,-1,-29811.817206114385,-69828.7457850115,-174817.58405126102
2007-08-13,19960.66863952064,-1,29835.241424687894,49795.91006420854,-125021.67398705248
2007-08-14,-20060.93761925298,-1,39780.32189958414,19719.384280331156,-105302.28970672132
2007-08-15,-80132.81343732837,-1,79623.18331143423,-509.6301258941385,-105811.91983261546
2007-08-16,-100239.22227697815,-1,29765.052901880037,-70474.1693750981,-176286.08920771355
2007-08-17,19856.846487586547,-1,9968.560944874356,29825.407432460903,-146460.68177525265
2007-08-20,-30113.070562867528,-1,9995.332894496278,-20117.73766837125,-166578.41944362392
2007-08-21,-20041.55260551053,-1,10023.551594125502,-10018.001011385028,-176596.42045500895
2007-08-22,70347.12635958477,-1,-20094.375960250283,50252.75039933449,-126343.67005567446
2007-08-23,60325.03466315635,-1,-30117.89922213655,30207.1354410198,-96136.53461465467
2007-08-24,90355.40884712241,-1,-30212.72858192791,60142.6802651945,-35993.85434946016
2007-08-27,10165.995304999502,-1,-10086.771387056813,79.22391794268879,-35914.63043151747
2007-08-28,-79873.7474872568,-1,69994.61688755672,-9879.130599700075,-45793.761031217546
2007-08-29,-30445.684199332572,-1,-19999.999999999432,-50445.684199332005,-96239.44523054955
2007-08-30,325.27276050054206,-1,19968.497213362058,20293.7699738626,-75945.67525668695
2007-08-31,39976.274886407395,-1,-20031.578580862053,19944.69630554534,-56000.97895114162
2007-09-03,-0.0,-1,0.0,0.0,-56000.97895114162
2007-09-04,-39954.42704371341,-1,-10007.889901198412,-49962.31694491182,-105963.29589605343
2007-09-05,-20129.982803256004,-1,19999.999999999716,-129.9828032562873,-106093.27869930971
2007-09-06,19987.330446680382,-1,1.1422664560652821e-09,19987.330446681524,-86105.94825262818
2007-09-07,-50000.00000000025,-1,40094.792725918625,-9905.207274081622,-96011.1555267098
2007-09-10,10183.710314988904,-1,29995.715267325577,40179.42558231448,-55831.72994439532
2007-09-11,49959.28878879003,-1,-20015.858203038588,29943.43058575144,-25888.299358643882
2007-09-12,-40268.57867127117,-1,19999.999999999716,-20268.578671271454,-46156.87802991534
2007-09-13,49822.04397763056,-1,-9952.625453285304,39869.41852434525,-6287.459505570085
2007-09-14,-9980.895323494598,-1,-4.642668990616967,-9985.537992485215,-16272.9974980553
2007-09-17,19991.79907760561,-1,-20031.565531236647,-39.76645363103671,-16312.763951686336
2007-09-18,-100028.66692398187,-1,10023.688384816236,-90004.97853916563,-106317.74249085198
2007-09-19,-30014.323555491534,-1,-1.1368683772161603e-09,-30014.323555492672,-136332.06604634464
2007-09-20,-59750.28662155209,0,-69834.77779089192,-129585.06441244402,-265917.13045878866
2007-09-21,-3255.5070572567115,0,-10004.305690015348,-13259.812747272059,-279176.94320606074
2007-09-24,0.0,0,-10047.227092926529,-10047.227092926529,-289224.17029898724
2007-09-25,0.0,0,0.0,0.0,-289224.17029898724
2007-09-26,0.0,0,10063.045110643574,10063.045110643574,-279161.1251883437
2007-09-27,0.0,0,-20110.262714887922,-20110.262714887922,-299271.3879032316
2007-09-28,0.0,0,-10005.021428269285,-10005.021428269285,-309276.4093315009
2007-10-01,-0.0,0,-9999.999999999716,-9999.999999999716,-319276.4093315006
2007-10-02,0.0,0,10031.62966757961,10031.62966757961,-309244.779663921
2007-10-03,0.0,0,-10039.560889348277,-10039.560889348277,-319284.34055326926
2007-10-04,0.0,0,-20079.121778697696,-20079.121778697696,-339363.46233196696
2007-10-05,0.0,0,-30190.235724178743,-30190.235724178743,-369553.6980561457
2007-10-08,0.0,0,0.0,0.0,-369553.6980561457
2007-10-09,0.0,0,-39999.999999998865,-39999.999999998865,-409553.6980561445
2007-10-10,-0.0,0,10015.795817535849,10015.795817535849,-399537.9022386087
2007-10-11,0.0,0,-10023.707981589298,-10023.707981589298,-409561.610220198
2007-10-12,0.0,0,-30071.123944767038,-30071.123944767038,-439632.73416496505
2007-10-15,0.0,0,10015.795817536988,10015.795817536988,-429616.93834742805
2007-10-16,0.0,0,40063.18327014795,40063.18327014795,-389553.7550772801
2007-10-17,0.0,0,-10007.893161605525,-10007.893161605525,-399561.6482388856
2007-10-18,0.0,0,30262.047747515677,30262.047747515677,-369299.60049136996
2007-10-19,0.0,0,29995.360837574266,29995.360837574266,-339304.23965379567
2007-10-22,0.0,0,-10063.754129950848,-10063.754129950848,-349367.9937837465
2007-10-23,0.0,0,20127.50825990141,20127.50825990141,-329240.48552384507
2007-10-24,0.0,0,0.0,0.0,-329240.48552384507
2007-10-25,0.0,0,9995.73800674212,9995.73800674212,-319244.7475171029
2007-10-26,0.0,0,-9984.078817053954,-9984.078817053954,-329228.82633415685
2007-10-29,-0.0,0,1.6985272431235318e-09,1.6985272431235318e-09,-329228.82633415516
2007-10-30,0.0,0,9976.132648547622,9976.132648547622,-319252.6936856075
2007-10-31,0.0,0,0.0,0.0,-319252.6936856075
2007-11-01,0.0,0,19995.38195857448,19995.38195857448,-299257.31172703305
2007-11-02,0.0,0,30239.26826355947,30239.26826355947,-269018.04346347356
2007-11-05,0.0,0,-20004.26362331549,-20004.26362331549,-289022.30708678905
2007-11-06,0.0,0,9984.08537571044,9984.08537571044,-279038.2217110786
2007-11-07,0.0,0,69666.59886901696,69666.59886901696,-209371.62284206162
2007-11-08,0.0,0,59572.11596198569,59572.11596198569,-149799.50688007593
2007-11-09,0.0,0,19857.371987328563,19857.371987328563,-129942.13489274737
2007-11-12,0.0,0,0.0,0.0,-129942.13489274737
2007-11-13,0.0,0,1.1314536171769693e-09,1.1314536171769693e-09,-129942.13489274624
2007-11-14,0.0,0,-19857.371987329694,-19857.371987329694,-149799.50688007593
2007-11-15,0.0,0,59572.11596198626,59572.11596198626,-90227.39091808967
2007-11-16,0.0,0,39872.83667453755,39872.83667453755,-50354.55424355212
2007-11-19,0.0,0,39809.485068009366,39809.485068009366,-10545.069175542754
2007-11-20,0.0,0,49920.42687855617,49920.42687855617,39375.35770301342
2007-11-21,0.0,0,59714.2276020132,59714.2276020132,99089.58530502662
2007-11-22,0.0,0,0.0,0.0,99089.58530502662
2007-11-23,0.0,0,-39809.485068009366,-39809.485068009366,59280.10023701725
2007-11-26,0.0,0,29928.427431045835,29928.427431045835,89208.52766806309
2007-11-27,0.0,0,9995.75599607673,9995.75599607673,99204.28366413982
2007-11-28,0.0,0,-10004.598558279962,-10004.598558279962,89199.68510585985
2007-11-29,0.0,0,59666.93689535363,59666.93689535363,148866.6220012135
2007-11-30,0.0,0,9968.22225607967,9968.22225607967,158834.84425729315
2007-12-03,0.0,0,49682.98816613318,49682.98816613318,208517.83242342633
2007-12-04,0.0,0,9960.301780093583,9960.301780093583,218478.1342035199
2007-12-05,0.0,0,49761.95430110599,49761.95430110599,268240.0885046259
2007-12-06,0.0,0,9995.021974711783,9995.021974711783,278235.1104793377
2007-12-07,0.0,0,19826.956594079904,19826.956594079904,298062.0670734176
2007-12-10,0.0,0,-20008.235586199662,-20008.235586199662,278053.8314872179
2007-12-11,0.0,0,39968.64709056834,39968.64709056834,318022.47857778624
2007-12-12,0.0,0,-4.305690016200069,-4.305690016200069,318018.17288777005
2007-12-13,0.0,0,-49725.289215597666,-49725.289215597666,268292.8836721724
2007-12-14,0.0,0,-30005.385119088205,-30005.385119088205,238287.49855308418
2007-12-17,0.0,0,0.0,0.0,238287.49855308418
2007-12-18,0.0,0,-30023.51367225083,-30023.51367225083,208263.98488083336
2007-12-19,0.0,0,20157.605992344517,20157.605992344517,228421.5908731779
2007-12-20,0.0,0,-30005.743055405255,-30005.743055405255,198415.84781777265
2007-12-21,0.0,0,-10039.544524273522,-10039.544524273522,188376.30329349914
2007-12-24,0.0,0,-9937.220712959259,-9937.220712959259,178439.08258053986
2007-12-25,0.0,0,-4.304083337212354,-4.304083337212354,178434.77849720264
2007-12-26,0.0,0,1.1368683772161603e-09,1.1368683772161603e-09,178434.77849720378
2007-12-27,0.0,0,29835.919068423274,29835.919068423274,208270.69756562705
2007-12-28,0.0,0,-9992.158533396387,-9992.158533396387,198278.53903223068
2007-12-31,0.0,0,10078.933875540037,10078.933875540037,208357.47290777072
2008-01-01,0.0,0,-5.734484051903803,-5.734484051903803,208351.7384237188
2008-01-02,0.0,0,20000.000000000848,20000.000000000848,228351.73842371965
2008-01-03,0.0,0,30262.373889767558,30262.373889767558,258614.11231348722
2008-01-04,0.0,0,20126.981487687768,20126.981487687768,278741.093801175
2008-01-07,-0.0,0,10071.47018781867,10071.47018781867,288812.5639889937
2008-01-08,0.0,0,30238.377768857965,30238.377768857965,319050.9417578517
2008-01-09,0.0,0,40222.08364149498,40222.08364149498,359273.02539934666
2008-01-10,0.0,0,60333.125462241325,60333.125462241325,419606.15086158796
2008-01-11,0.0,0,39748.46890550511,39748.46890550511,459354.6197670931
2008-01-14,0.0,0,-9976.348092309909,-9976.348092309909,449378.2716747832
2008-01-15,0.0,0,19984.21309945014,19984.21309945014,469362.48477423337
2008-01-16,0.0,0,-10047.560673443691,-10047.560673443691,459314.92410078965
2008-01-17,0.0,0,40158.44007643884,40158.44007643884,499473.3641772285
2008-01-18,0.0,0,60428.82112691259,60428.82112691259,559902.185304141
2008-01-21,0.0,0,0.0,0.0,559902.185304141
2008-01-22,0.0,0,110261.11142835885,110261.11142835885,670163.2967324998
2008-01-23,-0.0,0,-30142.68202032936,-30142.68202032936,640020.6147121704
2008-01-24,0.0,0,0.0,0.0,640020.6147121704
2008-01-25,0.0,0,0.0,0.0,640020.6147121704
2008-01-28,0.0,0,19999.999999999996,19999.999999999996,660020.6147121704
2008-01-29,0.0,0,-29952.667755247396,-29952.667755247396,630067.946956923
2008-01-30,0.0,0,0.0,0.0,630067.946956923
2008-01-31,0.0,0,19994.265515948096,19994.265515948096,650062.2124728711
2008-02-01,0.0,0,20141.99560304278,20141.99560304278,670204.2080759138
2008-02-04,0.0,0,-4.30408333664392,-4.30408333664392,670199.9039925772
2008-02-05,0.0,0,29858.577217343867,29858.577217343867,700058.4812099211
2008-02-06,0.0,0,39936.99442672298,39936.99442672298,739995.475636644
2008-02-07,0.0,0,9952.85907244739,9952.85907244739,749948.3347090915
2008-02-08,0.0,0,29992.81584180037,29992.81584180037,779941.1505508919
2008-02-11,-0.0,0,-5.715589643065672e-10,-5.715589643065672e-10,779941.1505508913
2008-02-12,0.0,0,20141.525227145004,20141.525227145004,800082.6757780364
2008-02-13,0.0,0,0.0,0.0,800082.6757780364
2008-02-14,0.0,0,-9992.184415201937,-9992.184415201937,790090.4913628345
2008-02-15,0.0,0,39994.576970920076,39994.576970920076,830085.0683337545
2008-02-18,0.0,0,0.0,0.0,830085.0683337545
2008-02-19,0.0,0,-70272.8277468591,-70272.8277468591,759812.2405868955
2008-02-20,0.0,0,-39968.93097938574,-39968.93097938574,719843.3096075098
2008-02-21,0.0,0,69945.62921392504,69945.62921392504,789788.9388214347
2008-02-22,0.0,0,20124.944808432523,20124.944808432523,809913.8836298672
2008-02-25,0.0,0,-40124.646881546905,-40124.646881546905,769789.2367483203
2008-02-26,0.0,0,19937.972771371038,19937.972771371038,789727.2095196913
2008-02-27,0.0,0,9976.725950998536,9976.725950998536,799703.9354706898
2008-02-28,0.0,0,59953.39646907861,59953.39646907861,859657.3319397684
2008-02-29,0.0,0,50273.15360419935,50273.15360419935,909930.4855439677
2008-03-03,0.0,0,-7.224074838833604,-7.224074838833604,909923.2614691289
2008-03-04,0.0,0,-29976.504743073154,-29976.504743073154,879946.7567260558
2008-03-05,0.0,0,69617.61775811468,69617.61775811468,949564.3744841705
2008-03-06,0.0,0,89992.41333327054,89992.41333327054,1039556.787817441
2008-03-07,-0.0,0,39968.94383030778,39968.94383030778,1079525.7316477487
2008-03-10,0.0,0,40031.0931714739,40031.0931714739,1119556.8248192226
2008-03-11,0.0,0,-40218.43223477897,-40218.43223477897,1079338.3925844436
2008-03-12,0.0,0,-5.671117589124044e-10,-5.671117589124044e-10,1079338.392584443
2008-03-13,0.0,0,5.719838600138937e-10,5.719838600138937e-10,1079338.3925844436
2008-03-14,0.0,0,30023.31987860599,30023.31987860599,1109361.7124630495
2008-03-17,0.0,0,80625.21127248593,80625.21127248593,1189986.9237355355
2008-03-18,0.0,0,-110004.34239231322,-110004.34239231322,1079982.5813432222
2008-03-19,0.0,0,49883.099526601174,49883.099526601174,1129865.6808698233
2008-03-20,-0.0,0,-20031.26666035331,-20031.26666035331,1109834.41420947
2008-03-21,0.0,0,0.0,0.0,1109834.41420947
2008-03-24,0.0,0,-80502.06553521182,-80502.06553521182,1029332.3486742581
2008-03-25,0.0,0,49766.61684406425,49766.61684406425,1079098.9655183223
2008-03-26,0.0,0,19906.64673762513,19906.64673762513,1099005.6122559474
2008-03-27,0.0,0,-5.649007213845642e-10,-5.649007213845642e-10,1099005.612255947
2008-03-28,0.0,0,59995.294884154246,59995.294884154246,1159000.9071401013
2008-03-31,0.0,0,-20046.676023378714,-20046.676023378714,1138954.2311167226
2008-04-01,0.0,0,-20109.17080950768,-20109.17080950768,1118845.060307215
2008-04-02,0.0,0,-29930.23556118723,-29930.23556118723,1088914.8247460278
2008-04-03,0.0,0,-19953.490374124252,-19953.490374124252,1068961.3343719037
2008-04-04,0.0,0,19968.975138538364,19968.975138538364,1088930.309510442
2008-04-07,0.0,0,-30163.75621426152,-30163.75621426152,1058766.5532961804
2008-04-08,0.0,0,-5.697608009819167e-10,-5.697608009819167e-10,1058766.55329618
2008-04-09,0.0,0,10015.549407917946,10015.549407917946,1068782.102704098
2008-04-10,0.0,0,-30234.356859071086,-30234.356859071086,1038547.7458450269
2008-04-11,0.0,0,30163.756214260946,30163.756214260946,1068711.5020592879
2008-04-14,0.0,-1,10078.118953023886,10078.118953023886,1078789.6210123117
2008-04-15,-13153.657345251588,-1,0.0,-13153.657345251588,1065635.96366706
2008-04-16,20304.83830468096,-1,0.0,20304.83830468096,1085940.801971741
2008-04-17,119906.64817025916,-1,-50005.091908899354,69901.5562613598,1155842.3582331007
2008-04-18,39954.663432631,-1,-80123.67576061291,-40169.01232798191,1115673.3459051189
2008-04-21,29717.646432708098,-1,-40248.23496716332,-10530.588534455223,1105142.7573706636
2008-04-22,49687.2316767508,-1,-10005.091908899354,39682.13976785145,1144824.897138515
2008-04-23,-49582.23479368291,-1,-30046.648223753837,-79628.88301743675,1065196.0141210782
2008-04-24,90133.20264233758,-1,-50077.74703958973,40055.45560274785,1105251.469723826
2008-04-25,-10029.843915324038,-1,9976.745187061842,-53.098728262195436,1105198.370995564
2008-04-28,-30067.17932727148,-1,-29814.513231527082,-59881.69255879856,1045316.6784367653
2008-04-29,-1.3014055089988688,-1,0.0,-1.3014055089988688,1045315.3770312563
2008-04-30,20033.246458343667,-1,-10007.770075142502,10025.476383201165,1055340.8534144575
2008-05-01,70069.44617096613,-1,-60468.713718142746,9600.73245282338,1064941.5858672808
2008-05-02,-10431.392842052883,-1,-70005.42699560366,-80436.81983765654,984504.7660296243
2008-05-05,-39972.86048195488,-1,39875.277534373905,-97.58294758097327,984407.1830820433
2008-05-06,-89970.90536836605,-1,0.0,-89970.90536836605,894436.2777136773
2008-05-07,-10199.613288376757,-1,39995.66077999031,29796.04749161355,924232.3252052908
2008-05-08,19926.2641673911,-1,30046.706219244727,49972.970386635825,974205.2955919267
2008-05-09,20077.632851705013,-1,-10054.653391186292,10022.979460518722,984228.2750524454
2008-05-12,40049.81820094047,-1,-10078.216356448098,29971.601844492372,1014199.8768969377
2008-05-13,49705.62794034797,-1,-20156.432712895625,29549.195227452346,1043749.07212439
2008-05-14,39984.829058201205,-1,20000.0,59984.829058201205,1103733.9011825912
2008-05-15,9900.366853278902,-1,19937.94713396973,29838.31398724863,1133572.2151698398
2008-05-16,-48.58017595430283,-1,-20046.734074453383,-20095.314250407686,1113476.900919432
2008-05-19,-29943.822528266242,-1,10023.367037226692,-19920.455491039553,1093556.4454283924
2008-05-20,-29893.273495790156,-1,10031.174637659242,-19862.098858130914,1073694.3465702615
2008-05-21,39929.148609218566,-1,-1.1439736156321083e-09,39929.148609217424,1113623.495179479
2008-05-22,39679.98794334008,-1,-20077.98310896765,19602.004834372427,1133225.5000138513
2008-05-23,-29985.167724939325,-1,-5.666705400804602e-10,-29985.167724939893,1103240.3322889113
2008-05-26,-0.0,-1,0.0,0.0,1103240.3322889113
2008-05-27,9867.30928146794,-1,20046.734074452812,29914.043355920752,1133154.3756448322
2008-05-28,-29830.44491707957,-1,-49729.00244222823,-79559.4473593078,1053594.9282855242
2008-05-29,256.2892812585269,-1,9907.36191013134,10163.651191389867,1063758.5794769141
2008-05-30,9830.09948260418,-1,-40006.54437343263,-30176.444890828454,1033582.1345860857
2008-06-02,-70271.34885386407,-1,50232.34720734937,-20039.0016465147,1013543.1329395709
2008-06-03,-244.53193287304748,-1,-20139.6572243632,-20384.189157236247,993158.9437823347
2008-06-04,-39864.914501049934,-1,9993.818086737041,-29871.096414312895,963287.8473680217
2008-06-05,-29612.64633485618,-1,-29837.468570737463,-59450.11490559364,903837.732462428
2008-06-06,-934.0350695886737,-1,29722.200220101542,28788.16515051287,932625.8976129409
2008-06-09,250310.8168414607,-1,-99767.25950999104,150543.55733146967,1083169.4549444106
2008-06-10,89944.85768368735,-1,-1.1359853425399745e-09,89944.85768368622,1173114.312628097
2008-06-11,-69626.4803926911,-1,29768.225403549462,-39858.254989141635,1133256.0576389553
2008-06-12,70408.16474985608,-1,-69351.80051357139,1056.3642362846876,1134312.42187524
2008-06-13,-20030.273302220783,-1,-6.5467326105725,-20036.820034831355,1114275.6018404088
2008-06-16,-10031.027759805933,-1,19938.432664368414,9907.404904562482,1124183.0067449713
2008-06-17,-60028.97039151825,-1,19938.432664368414,-40090.53772714983,1084092.4690178214
2008-06-18,19944.957420440638,-1,9969.216332185058,29914.1737526257,1114006.642770447
2008-06-19,39969.173687735245,-1,-30046.339977578362,9922.833710156883,1123929.476480604
2008-06-20,-50024.97393892123,-1,29976.871189290967,-20048.10274963026,1103881.3737309736
2008-06-23,70082.50642033355,-1,-20030.893318385573,50051.61310194798,1153932.9868329216
2008-06-24,-19894.15338949066,-1,50038.59374933237,30144.440359841712,1184077.4271927634
2008-06-25,-70223.32497765656,-1,-20077.370951772446,-90300.69592942901,1093776.7312633344
2008-06-26,-90094.94202840977,-1,40154.74190354375,-49940.20012486602,1043836.5311384684
2008-06-27,50489.25781956782,-1,40185.80062045008,90675.05844001789,1134511.5895784863
2008-06-30,-20093.226199427376,-1,10077.601261007056,-10015.62493842032,1124495.964640066
2008-07-01,-20232.403796210278,-1,10069.799599559936,-10162.604196650342,1114333.3604434156
2008-07-02,-9934.339854238682,-1,-10046.45015511309,-19980.790009351775,1094352.570434064
2008-07-03,-60316.6342069636,-1,30209.39879867809,-30107.235408285513,1064245.3350257785
2008-07-04,-0.0,-1,0.0,0.0,1064245.3350257785
2008-07-07,-29956.392866087604,-1,20092.900310224468,-9863.492555863137,1054381.8424699153
2008-07-08,39973.9793570113,-1,10062.007203647085,50035.98656065839,1104417.8290305736
2008-07-09,116.08849374792771,-1,30256.236604038662,30372.32509778659,1134790.15412836
2008-07-10,50119.04516804088,-1,29994.904424499517,80113.94959254039,1214904.1037209006
2008-07-11,19298.555910061797,-1,-19984.491177632623,-685.9352675708251,1214218.1684533297
2008-07-14,-59852.467290184475,-1,9907.552589566561,-49944.91470061791,1164273.2537527117
2008-07-15,-49927.41940398171,-1,59675.47350253049,9748.054098548782,1174021.3078512605
2008-07-16,-50338.37593087293,-1,19845.738281693557,-30492.63764917937,1143528.670202081
2008-07-17,40148.09501094361,-1,-40008.01881573616,140.0761952074463,1143668.7463972885
2008-07-18,40123.0139599082,-1,-29862.09419410455,10260.919765803654,1153929.6661630922
2008-07-21,19846.288032405362,-1,9946.401608697946,29792.68964110331,1183722.3558041956
2008-07-22,30150.296514300702,-1,-49770.156990175194,-19619.86047587449,1164102.4953283211
2008-07-23,49951.022600832075,-1,9954.031398034473,59905.05399886655,1224007.5493271877
2008-07-24,-70477.39111130788,-1,49655.845185920654,-20821.545925387225,1203186.0034018005
2008-07-25,-9769.061859171357,-1,-19984.63179658834,-29753.693655759696,1173432.3097460407
2008-07-28,-40295.04804056797,-1,-9931.16903718413,-50226.2170777521,1123206.0926682886
2008-07-29,30070.538703793667,-1,-29976.94769488336,93.59100891030539,1123299.6836771988
2008-07-30,9887.458658845895,-1,39969.26359317781,49856.72225202371,1173156.4059292225
2008-07-31,-40211.85181395475,-1,49884.87467786773,9673.022863912978,1182829.4287931356
2008-08-01,9967.544306725438,-1,-10000.000000000568,-32.455693275129306,1182796.9730998604
2008-08-04,9999.840329998724,-1,10023.106943210487,20022.94727320921,1202819.9203730696
2008-08-05,-49920.50426603105,-1,-20015.386398668306,-69935.89066469936,1132884.0297083703
2008-08-06,69.50481997894167,-1,39907.89974229418,39977.40456227312,1172861.4342706434
2008-08-07,9402.42803563262,-1,9931.16903718413,19333.597072816752,1192195.03134346
2008-08-08,60010.273004070434,-1,-20061.655027930257,39948.61797614017,1232143.6493196003
2008-08-11,-48.69364422737999,-1,10030.827513965129,9982.133869737749,1242125.7831893382
2008-08-12,-30032.971596967298,-1,19969.281762326653,-10063.689834640645,1232062.0933546976
2008-08-13,19954.229903102685,-1,-10030.82751396456,9923.402389138126,1241985.4957438358
2008-08-14,42.562005631298234,-1,10015.395509371458,10057.957515002756,1252043.4532588385
2008-08-15,132.93764490935428,-1,10046.296118803366,10179.23376371272,1262222.6870225512
2008-08-18,-29936.30618772431,-1,-10077.343551002366,-40013.64973872667,1222209.0372838245
2008-08-19,-40107.30944424131,-1,19995.253967886332,-20112.05547635498,1202096.9818074696
2008-08-20,-29896.218171392087,-1,29930.55221199281,34.3340406007228,1202131.3158480704
2008-08-21,29827.86632297736,-1,-29953.67401013008,-125.80768715271915,1202005.5081609178
2008-08-22,59994.82550999797,-1,-9969.152608582675,50025.672901415295,1252031.181062333
2008-08-25,-9745.248751822786,-1,29861.35113138008,20116.102379557295,1272147.2834418903
2008-08-26,20034.40828061114,-1,9992.27441987382,30026.682700484962,1302173.9661423753
2008-08-27,-19903.54000450635,-1,-9984.558003376314,-29888.098007882665,1272285.8681344925
2008-08-28,39943.00904659654,-1,-10007.734756951231,29935.27428964531,1302221.1424241378
2008-08-29,-50323.15181180961,-1,0.0,-50323.15181180961,1251897.9906123283
2008-09-01,-0.0,-1,0.0,0.0,1251897.9906123283
2008-09-02,-9611.277818829854,-1,39876.61043432843,30265.332615498577,1282163.323227827
2008-09-03,30306.545842278723,-1,-10007.734756951231,20298.811085327492,1302462.1343131545
2008-09-04,10663.36958156126,-1,50193.8290885519,60857.19867011316,1363319.3329832677
2008-09-05,9982.367651755294,-1,5.715228754610406e-10,9982.367651755865,1373301.7006350236
2008-09-08,69974.18526735704,-1,0.0,69974.18526735704,1443275.8859023806
2008-09-09,-29952.881488203282,-1,-20077.53163542156,-50030.41312362484,1393245.4727787557
2008-09-10,-40025.50639877435,-1,20171.17994124083,-19854.32645753352,1373391.1463212222
2008-09-11,-29995.025448413224,-1,40186.186630001845,10191.16118158862,1383582.3075028108
2008-09-12,-49987.701206090554,-1,20046.463708455565,-29941.23749763499,1353641.070005176
2008-09-15,-181142.29284317303,-1,228408.36700285922,47266.07415968619,1400907.144164862
2008-09-16,100487.30161811273,-1,19922.927207992365,120410.2288261051,1521317.3729909672
2008-09-17,-180408.253013673,-1,159015.21926708386,-21393.03374658915,1499924.339244378
2008-09-18,9503.793790292722,-1,-50006.21076778574,-40502.41697749302,1459421.922266885
2008-09-19,140799.6171516998,-1,-19877.763867679838,120921.85328401995,1580343.775550905
2008-09-22,-79676.05969836563,-1,9988.948833855784,-69687.11086450984,1510656.664686395
2008-09-23,-39833.68015458211,-1,-9954.673621191363,-49788.353775773474,1460868.3109106217
2008-09-24,-30595.427870043743,-1,9947.150159241895,-20648.27771080185,1440220.0331998197
2008-09-25,50891.11492111483,-1,79818.3756956585,130709.49061677333,1570929.523816593
2008-09-26,-20371.77037170067,-1,19992.941653336293,-378.828718364377,1570550.6950982285
2008-09-29,-172886.85284049658,-1,130097.83580532281,-42789.01703517376,1527761.6780630548
2008-09-30,61503.13834209455,-1,-10090.89309284417,51412.24524925038,1579173.9233123052
2008-10-01,-101254.44863304064,-1,99177.92649097899,-2076.5221420616435,1577097.4011702435
2008-10-02,-91630.19897287934,-1,207962.13306957958,116331.93409670024,1693429.3352669438
2008-10-03,9827.388550838863,-1,39991.395099376496,49818.78365021536,1743248.118917159
2008-10-06,-21188.73121493068,-1,79940.43526471508,58751.7040497844,1801999.8229669435
2008-10-07,20225.156128636852,-1,120538.26661711313,140763.42274575,1942763.2457126935
2008-10-08,-39877.49577802172,-1,-59644.05799406038,-99521.5537720821,1843241.6919406115
2008-10-09,-119534.52159655368,-1,-10009.048783689777,-129543.57038024346,1713698.121560368
2008-10-10,-79721.14668699374,0,376936.3102839506,297215.1635969569,2010913.2851573247
2008-10-13,-3170.1215715635794,0,-20.61453390492294,-3190.7361054685025,2007722.5490518562
2008-10-14,0.0,0,-80000.0,-80000.0,1927722.5490518562
2008-10-15,0.0,0,158738.57358629652,158738.57358629652,2086461.1226381527
2008-10-16,0.0,0,149991.11502956253,149991.11502956253,2236452.237667715
2008-10-17,-0.0,0,357442.8600248471,357442.8600248471,2593895.0976925623
2008-10-20,-0.0,0,69982.44052211392,69982.44052211392,2663877.538214676
2008-10-21,0.0,0,80000.0,80000.0,2743877.538214676
2008-10-22,0.0,0,0.0,0.0,2743877.538214676
2008-10-23,-0.0,0,-120007.0513872611,-120007.0513872611,2623870.486827415
2008-10-24,0.0,0,60598.02851755525,60598.02851755525,2684468.5153449704
2008-10-27,0.0,0,59788.68791544803,59788.68791544803,2744257.2032604185
2008-10-28,0.0,0,-9901.882934326888,-9901.882934326888,2734355.3203260917
2008-10-29,0.0,0,-10009.016557338975,-10009.016557338975,2724346.3037687526
2008-10-30,0.0,0,-59874.27885864308,-59874.27885864308,2664472.0249101096
2008-10-31,0.0,0,9972.077532889403,9972.077532889403,2674444.102442999
2008-11-03,0.0,0,1.1321120527979152e-09,1.1321120527979152e-09,2674444.102443
2008-11-04,0.0,0,29979.023097785855,29979.023097785855,2704423.1255407855
2008-11-05,0.0,0,-30232.29889100993,-30232.29889100993,2674190.8266497757
2008-11-06,0.0,0,-30008.625772397012,-30008.625772397012,2644182.2008773787
2008-11-07,0.0,0,-50035.32269877207,-50035.32269877207,2594146.8781786067
2008-11-10,0.0,0,-49929.47341841974,-49929.47341841974,2544217.404760187
2008-11-11,0.0,0,0.0,0.0,2544217.404760187
2008-11-12,0.0,0,10028.305817225804,10028.305817225804,2554245.710577413
2008-11-13,0.0,0,130923.04975685281,130923.04975685281,2685168.760334266
2008-11-14,0.0,0,19831.681055181536,19831.681055181536,2705000.4413894475
2008-11-17,-0.0,0,19971.789367369485,19971.789367369485,2724972.230756817
2008-11-18,0.0,0,130000.00000000114,130000.00000000114,2854972.230756818
2008-11-19,0.0,0,20028.27403041526,20028.27403041526,2875000.504787233
2008-11-20,0.0,0,192029.32107972575,192029.32107972575,3067029.825866959
2008-11-21,0.0,0,-40009.34739683686,-40009.34739683686,3027020.478470122
2008-11-24,0.0,0,-19914.71143655282,-19914.71143655282,3007105.767033569
2008-11-25,0.0,0,149992.6053938599,149992.6053938599,3157098.372427429
2008-11-26,0.0,0,50320.00491370732,50320.00491370732,3207418.3773411363
2008-11-27,0.0,0,-6.229787188165542,-6.229787188165542,3207412.147553948
2008-11-28,0.0,0,40000.0,40000.0,3247412.147553948
2008-12-01,0.0,0,20028.522487813047,20028.522487813047,3267440.6700417614
2008-12-02,-0.0,0,-10008.131882311702,-10008.131882311702,3257432.5381594496
2008-12-03,0.0,0,20072.05547149061,20072.05547149061,3277504.59363094
2008-12-04,0.0,0,30086.417439554065,30086.417439554065,3307591.011070494
2008-12-05,0.0,0,-90846.89697273933,-90846.89697273933,3216744.114097755
2008-12-08,0.0,0,-50361.303685854014,-50361.303685854014,3166382.8104119007
2008-12-09,0.0,0,40144.110942978936,40144.110942978936,3206526.9213548796
2008-12-10,0.0,0,-50397.660478778314,-50397.660478778314,3156129.2608761014
2008-12-11,0.0,0,60608.375376719254,60608.375376719254,3216737.6362528205
2008-12-12,0.0,0,10094.099663637575,10094.099663637575,3226831.735916458
2008-12-15,0.0,0,19993.83877469071,19993.83877469071,3246825.574691149
2008-12-16,0.0,0,10036.268899159886,10036.268899159886,3256861.843590309
2008-12-17,-0.0,0,-90007.65902144185,-90007.65902144185,3166854.184568867
2008-12-18,0.0,0,9990.114889690805,9990.114889690805,3176844.2994585577
2008-12-19,0.0,0,-90734.56910427827,-90734.56910427827,3086109.7303542793
2008-12-22,0.0,0,-10005.66561590857,-10005.66561590857,3076104.0647383705
2008-12-23,0.0,0,9985.1791360648,9985.1791360648,3086089.2438744353
2008-12-24,0.0,0,-39852.048159989004,-39852.048159989004,3046237.1957144463
2008-12-25,0.0,0,0.0,0.0,3046237.1957144463
2008-12-26,0.0,0,0.0,0.0,3046237.1957144463
2008-12-29,0.0,0,20014.846616585146,20014.846616585146,3066252.0423310315
2008-12-30,0.0,0,-60089.13130202615,-60089.13130202615,3006162.9110290054
2008-12-31,0.0,0,-40298.4862686637,-40298.4862686637,2965864.4247603416
2009-01-01,0.0,0,0.0,0.0,2965864.4247603416
2009-01-02,0.0,0,-100000.0,-100000.0,2865864.4247603416
2009-01-05,0.0,0,99189.07773186367,99189.07773186367,2965053.5024922052
2009-01-06,0.0,0,-50009.07814668397,-50009.07814668397,2915044.4243455213
2009-01-07,0.0,0,-60132.444614897155,-60132.444614897155,2854911.9797306242
2009-01-08,-0.0,0,-2.287159568649577e-09,-2.287159568649577e-09,2854911.979730622
2009-01-09,0.0,0,10096.20788170972,10096.20788170972,2865008.1876123315
2009-01-12,0.0,0,-10006.059909061616,-10006.059909061616,2855002.12770327
2009-01-13,-0.0,0,10074.372905620012,10074.372905620012,2865076.50060889
2009-01-14,0.0,0,-40297.49162248119,-40297.49162248119,2824779.008986409
2009-01-15,-0.0,0,-8.656199139415566,-8.656199139415566,2824770.3527872693
2009-01-16,0.0,0,-130097.1067239326,-130097.1067239326,2694673.2460633367
2009-01-19,0.0,0,0.0,0.0,2694673.2460633367
2009-01-20,0.0,0,0.0,0.0,2694673.2460633367
2009-01-21,0.0,0,29932.928275809532,29932.928275809532,2724606.1743391464
2009-01-22,0.0,0,39991.72150933853,39991.72150933853,2764597.8958484847
2009-01-23,0.0,0,9926.450861232881,9926.450861232881,2774524.3467097175
2009-01-26,0.0,0,-30005.29901558796,-30005.29901558796,2744519.0476941294
2009-01-27,-0.0,0,-129809.0026569026,-129809.0026569026,2614710.0450372268
2009-01-28,0.0,0,19991.6837278079,19991.6837278079,2634701.7287650346
2009-01-29,0.0,0,-80005.28533984875,-80005.28533984875,2554696.443425186
2009-01-30,0.0,0,-29823.717732726498,-29823.717732726498,2524872.7256924594
2009-02-02,0.0,0,-49816.05532842648,-49816.05532842648,2475056.670364033
2009-02-03,0.0,0,-10081.686966742092,-10081.686966742092,2464974.983397291
2009-02-04,0.0,0,-29977.875702567777,-29977.875702567777,2434997.107694723
2009-02-05,0.0,0,-59823.311385204855,-59823.311385204855,2375173.796309518
2009-02-06,0.0,0,-100147.75084011158,-100147.75084011158,2275026.0454694065
2009-02-09,0.0,0,-40059.100336044634,-40059.100336044634,2234966.945133362
2009-02-10,0.0,0,-10029.584318131048,-10029.584318131048,2224937.3608152308
2009-02-11,-0.0,0,19991.705274843833,19991.705274843833,2244929.0660900744
2009-02-12,0.0,0,60449.41345556487,60449.41345556487,2305378.4795456394
2009-02-13,0.0,0,80418.72090919415,80418.72090919415,2385797.2004548335
2009-02-16,0.0,0,-5.649055776059348,-5.649055776059348,2385791.5513990573
2009-02-17,0.0,0,39999.999999998865,39999.999999998865,2425791.5513990563
2009-02-18,0.0,0,-70007.90090452881,-70007.90090452881,2355783.6504945275
2009-02-19,0.0,0,59865.85655162133,59865.85655162133,2415649.5070461486
2009-02-20,0.0,0,-20007.52344082525,-20007.52344082525,2395641.9836053234
2009-02-23,0.0,0,-10066.980591965317,-10066.980591965317,2385575.003013358
2009-02-24,0.0,0,-10074.466062306148,-10074.466062306148,2375500.536951052
2009-02-25,0.0,0,-50334.90295982544,-50334.90295982544,2325165.6339912266
2009-02-26,0.0,0,49963.00335491551,49963.00335491551,2375128.637346142
2009-02-27,0.0,0,-9933.712731658703,-9933.712731658703,2365194.9246144835
2009-03-02,0.0,0,69382.38671368512,69382.38671368512,2434577.3113281685
2009-03-03,0.0,0,49705.22009407681,49705.22009407681,2484282.5314222453
2009-03-04,0.0,0,-30005.674773771076,-30005.674773771076,2454276.8566484745
2009-03-05,0.0,0,29889.953445404368,29889.953445404368,2484166.810093879
2009-03-06,0.0,0,10074.001377267185,10074.001377267185,2494240.811471146
2009-03-09,0.0,0,50332.81383441483,50332.81383441483,2544573.625305561
2009-03-10,0.0,0,49926.50894620645,49926.50894620645,2594500.1342517673
2009-03-11,-0.0,0,-6.464388892339819,-6.464388892339819,2594493.669862875
2009-03-12,-0.0,0,70205.03028011112,70205.03028011112,2664698.700142986
2009-03-13,0.0,0,40087.819693803634,40087.819693803634,2704786.51983679
2009-03-16,0.0,0,9992.6984615998,9992.6984615998,2714779.2182983896
2009-03-17,0.0,0,29782.078919217663,29782.078919217663,2744561.297217607
2009-03-18,0.0,0,279993.11758532526,279993.11758532526,3024554.414802932
2009-03-19,0.0,0,-40008.78732107089,-40008.78732107089,2984545.6274818615
2009-03-20,0.0,0,19912.450487081005,19912.450487081005,3004458.0779689425
2009-03-23,0.0,0,19825.50106618256,19825.50106618256,3024283.579035125
2009-03-24,0.0,0,-80006.48889475531,-80006.48889475531,2944277.0901403697
2009-03-25,0.0,0,-10058.421599883577,-10058.421599883577,2934218.668540486
2009-03-26,0.0,0,-29912.966991954097,-29912.966991954097,2904305.701548532
2009-03-27,0.0,0,-40116.57580602596,-40116.57580602596,2864189.1257425062
2009-03-30,0.0,0,30131.298049942132,30131.298049942132,2894320.4237924484
2009-03-31,0.0,0,-10058.421599882435,-10058.421599882435,2884262.0021925657
2009-04-01,-0.0,0,-40321.872109612195,-40321.872109612195,2843940.1300829537
2009-04-02,0.0,0,-10006.869515369517,-10006.869515369517,2833933.260567584
2009-04-03,0.0,0,-9941.67627120325,-9941.67627120325,2823991.5842963806
2009-04-06,0.0,0,-8.018194341315047,-8.018194341315047,2823983.5661020395
2009-04-07,0.0,0,-9971.02514064901,-9971.02514064901,2814012.5409613904
2009-04-08,-0.0,0,-29978.23162643396,-29978.23162643396,2784034.3093349566
2009-04-09,0.0,0,-30197.039042942335,-30197.039042942335,2753837.2702920143
2009-04-10,0.0,0,0.0,0.0,2753837.2702920143
2009-04-13,0.0,0,-10014.537138057534,-10014.537138057534,2743822.733153957
2009-04-14,0.0,0,0.0,0.0,2743822.733153957
2009-04-15,0.0,0,-70007.25683278573,-70007.25683278573,2673815.476321171
2009-04-16,0.0,0,-10036.694702570672,-10036.694702570672,2663778.7816186002
2009-04-17,0.0,0,-90131.87339747595,-90131.87339747595,2573646.908221124
2009-04-20,0.0,0,-79941.49044221145,-79941.49044221145,2493705.417778913
2009-04-21,0.0,0,-50006.45617626091,-50006.45617626091,2443698.961602652
2009-04-22,0.0,0,29977.90327668509,29977.90327668509,2473676.864879337
2009-04-23,0.0,0,-29823.93689008963,-29823.93689008963,2443852.9279892477
2009-04-24,0.0,0,-49889.6435881393,-49889.6435881393,2393963.2844011085
2009-04-27,0.0,0,49816.28425670936,49816.28425670936,2443779.568657818
2009-04-28,0.0,0,-59911.66401254001,-59911.66401254001,2383867.9046452777
2009-04-29,0.0,0,-69691.53505324663,-69691.53505324663,2314176.369592031
2009-04-30,0.0,-1,-89603.40221131596,-89603.40221131596,2224572.967380715
2009-05-01,-43115.56311993006,-1,-69948.44097893396,-113064.00409886401,2111508.9632818513
2009-05-04,39948.48157935352,-1,-30022.12221213358,9926.359367219942,2121435.322649071
2009-05-05,29999.82731509275,-1,-50221.86144401064,-20222.03412891789,2101213.288520153
2009-05-06,-21.873199828056386,-1,-20148.250049243994,-20170.12324907205,2081043.165271081
2009-05-07,-69916.8256906924,-1,-10005.290476702176,-79922.11616739459,2001121.0491036864
2009-05-08,-0.0,-1,-49631.491794371985,-49631.491794371985,1951489.5573093144
2009-05-11,39326.499086683165,-1,29889.12817488786,69215.62726157103,2020705.1845708855
2009-05-12,-19997.517219217996,-1,-20059.440257476712,-40056.957476694704,1980648.227094191
2009-05-13,49969.295571368195,-1,0.0,49969.295571368195,2030617.522665559
2009-05-14,-9980.362813214766,-1,10089.575189270341,109.21237605557508,2030726.7350416146
2009-05-15,-30113.173876250185,-1,-20179.150378540682,-50292.32425479087,1980434.4107868238
2009-05-18,-30060.02215604864,-1,0.0,-30060.02215604864,1950374.3886307753
2009-05-19,-49906.801792688944,-1,-60089.057174037654,-109995.8589667266,1840378.5296640487
2009-05-20,19735.579382192984,-1,-50185.85846955194,-30450.279087358955,1809928.2505766898
2009-05-21,-139754.5273288709,-1,-40006.016786758235,-179760.54411562913,1630167.7064610608
2009-05-22,-69065.43867410174,-1,-502.60643665980325,-69568.04511076154,1560599.6613502991
2009-05-25,-8.71058442573445,-1,0.0,-8.71058442573445,1560590.9507658733
2009-05-26,-9999.999999999898,-1,-0.0,-9999.999999999898,1550590.9507658733
2009-05-27,-209488.28660921936,0,-0.0,-209488.28660921936,1341102.664156654
2009-05-28,-3124.2737043559814,0,-0.0,-3124.2737043559814,1337978.3904522979
2009-05-29,0.0,0,-0.0,0.0,1337978.3904522979
2009-06-01,0.0,0,-0.0,0.0,1337978.3904522979
2009-06-02,0.0,0,-0.0,0.0,1337978.3904522979
2009-06-03,0.0,0,-0.0,0.0,1337978.3904522979
2009-06-04,0.0,0,-0.0,0.0,1337978.3904522979
2009-06-05,0.0,0,-0.0,0.0,1337978.3904522979
2009-06-08,0.0,0,-0.0,0.0,1337978.3904522979
2009-06-09,0.0,0,0.0,0.0,1337978.3904522979
2009-06-10,0.0,0,-0.0,0.0,1337978.3904522979
2009-06-11,0.0,0,0.0,0.0,1337978.3904522979
2009-06-12,0.0,0,-0.0,0.0,1337978.3904522979
2009-06-15,0.0,0,-0.0,0.0,1337978.3904522979
2009-06-16,0.0,0,-0.0,0.0,1337978.3904522979
2009-06-17,0.0,0,-0.0,0.0,1337978.3904522979
2009-06-18,0.0,0,-0.0,0.0,1337978.3904522979
2009-06-19,0.0,0,-0.0,0.0,1337978.3904522979
2009-06-22,0.0,0,-0.0,0.0,1337978.3904522979
2009-06-23,0.0,0,0.0,0.0,1337978.3904522979
2009-06-24,0.0,0,-0.0,0.0,1337978.3904522979
2009-06-25,0.0,0,0.0,0.0,1337978.3904522979
2009-06-26,0.0,0,0.0,0.0,1337978.3904522979
2009-06-29,-0.0,0,0.0,0.0,1337978.3904522979
2009-06-30,0.0,0,-0.0,0.0,1337978.3904522979
2009-07-01,0.0,0,0.0,0.0,1337978.3904522979
2009-07-02,0.0,-1,-0.0,0.0,1337978.3904522979
2009-07-03,-3127.9032360806696,-1,0.0,-3127.9032360806696,1334850.4872162172
2009-07-06,-30000.000000000247,-1,0.0,-30000.000000000247,1304850.487216217
2009-07-07,69980.59410308341,-1,0.0,69980.59410308341,1374831.0813193005
2009-07-08,70273.42632071648,-1,0.0,70273.42632071648,1445104.507640017
2009-07-09,-80945.44311360824,-1,0.0,-80945.44311360824,1364159.0645264087
2009-07-10,90395.67477367756,-1,0.0,90395.67477367756,1454554.7393000862
2009-07-13,-50550.864223757104,-1,-0.0,-50550.864223757104,1404003.875076329
2009-07-14,-70726.84805305928,-1,-0.0,-70726.84805305928,1333277.0270232698
2009-07-15,-70055.96135601717,-1,-0.0,-70055.96135601717,1263221.0656672525
2009-07-16,9785.546716864814,-1,-0.0,9785.546716864814,1273006.6123841174
2009-07-17,-59693.78510918461,-1,-0.0,-59693.78510918461,1213312.8272749328
2009-07-20,29549.42102458517,-1,-0.0,29549.42102458517,1242862.248299518
2009-07-21,79469.2598955901,-1,0.0,79469.2598955901,1322331.508195108
2009-07-22,-60034.055421606674,-1,-0.0,-60034.055421606674,1262297.4527735014
2009-07-23,-39523.343028561154,-1,-0.0,-39523.343028561154,1222774.1097449402
2009-07-24,-10166.096375343546,-1,-0.0,-10166.096375343546,1212608.0133695966
2009-07-27,-19565.90710289853,-1,-0.0,-19565.90710289853,1193042.106266698
2009-07-28,69602.28975872672,-1,-0.0,69602.28975872672,1262644.3960254248
2009-07-29,79608.33215636769,-1,-0.0,79608.33215636769,1342252.7281817924
2009-07-30,39778.509030113404,-1,-0.0,39778.509030113404,1382031.237211906
2009-07-31,88992.36463641052,-1,-0.0,88992.36463641052,1471023.6018483164
2009-08-03,-90024.68933165184,-1,-0.0,-90024.68933165184,1380998.9125166645
2009-08-04,-19758.51988186802,-1,-0.0,-19758.51988186802,1361240.3926347964
2009-08-05,-69161.45246371476,-1,-0.0,-69161.45246371476,1292078.9401710816
2009-08-06,-16.33338864990145,-1,-0.0,-16.33338864990145,1292062.6067824317
2009-08-07,-36.0877428567037,-1,-0.0,-36.0877428567037,1292026.519039575
2009-08-10,9697.818978904645,-1,0.0,9697.818978904645,1301724.3380184798
2009-08-11,60003.7152842262,-1,0.0,60003.7152842262,1361728.053302706
2009-08-12,-40051.18186091531,-1,0.0,-40051.18186091531,1321676.8714417906
2009-08-13,70468.19331849694,-1,0.0,70468.19331849694,1392145.0647602875
2009-08-14,-9658.151834973607,-1,0.0,-9658.151834973607,1382486.912925314
2009-08-17,39987.65884184287,-1,0.0,39987.65884184287,1422474.5717671567
2009-08-18,-10095.112889960335,-1,-0.0,-10095.112889960335,1412379.4588771963
2009-08-19,10110.882137718254,-1,0.0,10110.882137718254,1422490.3410149144
2009-08-20,50161.5509920601,-1,-0.0,50161.5509920601,1472651.8920069747
2009-08-21,-40841.06391329525,-1,-0.0,-40841.06391329525,1431810.8280936794
2009-08-24,20.5266560408636,-1,-0.0,20.5266560408636,1431831.3547497203
2009-08-25,30102.555293893045,-1,-0.0,30102.555293893045,1461933.9100436133
2009-08-26,20051.367803613488,-1,-0.0,20051.367803613488,1481985.2778472267
2009-08-27,-50163.864826233774,-1,-0.0,-50163.864826233774,1431821.413020993
2009-08-28,-19972.08122492063,-1,-0.0,-19972.08122492063,1411849.3317960722
2009-08-31,20234.12009022719,-1,0.0,20234.12009022719,1432083.4518862993
2009-09-01,-29915.1439027507,-1,0.0,-29915.1439027507,1402168.3079835486
2009-09-02,60693.93015089445,-1,-0.0,60693.93015089445,1462862.238134443
2009-09-03,-20013.204475420163,-1,0.0,-20013.204475420163,1442849.033659023
2009-09-04,-89772.64383596729,-1,0.0,-89772.64383596729,1353076.3898230558
2009-09-07,-0.0,-1,0.0,0.0,1353076.3898230558
2009-09-08,-29837.914997067288,-1,-0.0,-29837.914997067288,1323238.4748259885
2009-09-09,-9912.379083593927,-1,0.0,-9912.379083593927,1313326.0957423947
2009-09-10,88905.41777788383,-1,-0.0,88905.41777788383,1402231.5135202785
2009-09-11,19931.587282299297,-1,0.0,19931.587282299297,1422163.1008025778
2009-09-14,-39809.36421767878,-1,-0.0,-39809.36421767878,1382353.736584899
2009-09-15,-29695.447605667516,-1,-0.0,-29695.447605667516,1352658.2889792316
2009-09-16,40044.19167310879,-1,-0.0,40044.19167310879,1392702.4806523405
2009-09-17,29489.909543952625,-1,-0.0,29489.909543952625,1422192.3901962931
2009-09-18,-19612.077997288114,-1,-0.0,-19612.077997288114,1402580.312199005
2009-09-21,-9982.640381865003,-1,0.0,-9982.640381865003,1392597.67181714
2009-09-22,29708.13456490957,-1,-0.0,29708.13456490957,1422305.8063820496
2009-09-23,-40068.83662327085,-1,0.0,-40068.83662327085,1382236.9697587788
2009-09-24,9733.680969547884,-1,0.0,9733.680969547884,1391970.6507283268
2009-09-25,109653.11072359196,-1,-0.0,109653.11072359196,1501623.7614519186
2009-09-28,29926.649217776507,-1,-0.0,29926.649217776507,1531550.4106696951
2009-09-29,19977.669399771443,-1,0.0,19977.669399771443,1551528.0800694665
2009-09-30,-49931.78116985889,-1,0.0,-49931.78116985889,1501596.2988996075
2009-10-01,19961.661955730815,-1,0.0,19961.661955730815,1521557.9608553383
2009-10-02,-20115.414592844845,-1,0.0,-20115.414592844845,1501442.5462624934
2009-10-05,-0.0,-1,0.0,0.0,1501442.5462624934
2009-10-06,-69.88338333032152,-1,-0.0,-69.88338333032152,1501372.662879163
2009-10-07,20068.756643693843,-1,-0.0,20068.756643693843,1521441.4195228568
2009-10-08,-30228.345292926926,-1,0.0,-30228.345292926926,1491213.0742299298
2009-10-09,-50137.38682606003,-1,0.0,-50137.38682606003,1441075.6874038698
2009-10-12,-0.0,-1,0.0,0.0,1441075.6874038698
2009-10-13,-10243.908063297458,-1,-0.0,-10243.908063297458,1430831.7793405724
2009-10-14,-59743.46165636256,-1,0.0,-59743.46165636256,1371088.31768421
2009-10-15,-29696.926665092615,-1,0.0,-29696.926665092615,1341391.3910191173
2009-10-16,59416.269129818706,-1,-0.0,59416.269129818706,1400807.660148936
2009-10-19,39843.6584163824,-1,-0.0,39843.6584163824,1440651.3185653186
2009-10-20,19698.397892984918,-1,-0.0,19698.397892984918,1460349.7164583036
2009-10-21,-19831.918614330883,-1,-0.0,-19831.918614330883,1440517.7978439727
2009-10-22,-49832.28341526291,-1,-0.0,-49832.28341526291,1390685.5144287099
2009-10-23,442.1791254737909,-1,-0.0,442.1791254737909,1391127.6935541837
2009-10-26,-59181.65545180983,-1,0.0,-59181.65545180983,1331946.038102374
2009-10-27,29985.943030723767,-1,0.0,29985.943030723767,1361931.9811330978
2009-10-28,10209.480129633776,-1,0.0,10209.480129633776,1372141.4612627316
2009-10-29,-60619.60343550761,-1,0.0,-60619.60343550761,1311521.857827224
2009-10-30,40271.764363406095,-1,-0.0,40271.764363406095,1351793.62219063
2009-11-02,-20312.92927099358,-1,-0.0,-20312.92927099358,1331480.6929196364
2009-11-03,-50342.398804036035,-1,0.0,-50342.398804036035,1281138.2941156004
2009-11-04,-80325.0050347334,-1,0.0,-80325.0050347334,1200813.289080867
2009-11-05,-10018.629609415975,-1,-0.0,-10018.629609415975,1190794.659471451
2009-11-06,-10050.268912616608,-1,0.0,-10050.268912616608,1180744.3905588344
2009-11-09,30073.611895194368,-1,0.0,30073.611895194368,1210818.0024540287
2009-11-10,21.098126079272333,-1,0.0,21.098126079272333,1210839.100580108
2009-11-11,-0.0,-1,0.0,0.0,1210839.100580108
2009-11-12,20141.436875354782,-1,0.0,20141.436875354782,1230980.5374554626
2009-11-13,20136.959521614503,-1,-0.0,20136.959521614503,1251117.496977077
2009-11-16,60663.83896648146,-1,-0.0,60663.83896648146,1311781.3359435585
2009-11-17,-16.35045391023476,-1,0.0,-16.35045391023476,1311764.9854896483
2009-11-18,-39999.99999999981,-1,0.0,-39999.99999999981,1271764.9854896485
2009-11-19,-30019.639363858638,-1,-0.0,-30019.639363858638,1241745.34612579
2009-11-20,10022.215481654863,-1,0.0,10022.215481654863,1251767.561607445
2009-11-23,10022.126537040624,-1,-0.0,10022.126537040624,1261789.6881444855
2009-11-24,9897.276340449796,-1,0.0,9897.276340449796,1271686.9644849352
2009-11-25,40019.58478956188,-1,0.0,40019.58478956188,1311706.549274497
2009-11-26,-0.0,-1,0.0,0.0,1311706.549274497
2009-11-27,20140.52436166929,-1,0.0,20140.52436166929,1331847.0736361663
2009-11-30,-10012.439584057409,-1,0.0,-10012.439584057409,1321834.634052109
2009-12-01,-70412.87385230538,-1,0.0,-70412.87385230538,1251421.7601998036
2009-12-02,9970.362901974018,-1,-0.0,9970.362901974018,1261392.1231017776
2009-12-03,-50019.35182524298,-1,-0.0,-50019.35182524298,1211372.7712765345
2009-12-04,10313.474743488929,-1,-0.0,10313.474743488929,1221686.2460200235
2009-12-07,-20247.417636388018,-1,0.0,-20247.417636388018,1201438.8283836355
2009-12-08,-10214.528052127374,-1,-0.0,-10214.528052127374,1191224.300331508
2009-12-09,-19810.46326544014,-1,-0.0,-19810.46326544014,1171413.8370660678
2009-12-10,-19761.079468206517,-1,0.0,-19761.079468206517,1151652.7575978613
2009-12-11,-9532.7573119999,-1,-0.0,-9532.7573119999,1142120.0002858615
2009-12-14,30082.00999212059,-1,-0.0,30082.00999212059,1172202.010277982
2009-12-15,-29564.494758989582,-1,0.0,-29564.494758989582,1142637.5155189924
2009-12-16,-40010.990134761385,-1,-0.0,-40010.990134761385,1102626.525384231
2009-12-17,29916.6759246296,-1,-0.0,29916.6759246296,1132543.2013088607
2009-12-18,-175.80229263815272,-1,-0.0,-175.80229263815272,1132367.3990162225
2009-12-21,-70289.06126796824,-1,-0.0,-70289.06126796824,1062078.3377482542
2009-12-22,-9701.826725192099,-1,-0.0,-9701.826725192099,1052376.511023062
2009-12-23,68.74279266371377,-1,-0.0,68.74279266371377,1052445.2538157257
2009-12-24,-9628.506016373089,-1,0.0,-9628.506016373089,1042816.7477993526
2009-12-25,-0.0,-1,0.0,0.0,1042816.7477993526
2009-12-28,60184.77517059364,-1,-0.0,60184.77517059364,1103001.5229699463
2009-12-29,29986.082793138634,-1,-0.0,29986.082793138634,1132987.605763085
2009-12-30,10029.073976665231,-1,-0.0,10029.073976665231,1143016.6797397502
2009-12-31,9886.21368398278,-1,-0.0,9886.21368398278,1152902.893423733
2010-01-01,-0.0,-1,0.0,0.0,1152902.893423733
2010-01-04,-49969.01923972624,-1,0.0,-49969.01923972624,1102933.8741840068
2010-01-05,-0.0,-1,-0.0,-0.0,1102933.8741840068
2010-01-06,-80310.66405639335,-1,-0.0,-80310.66405639335,1022623.2101276135
2010-01-07,20019.853307364647,-1,-0.0,20019.853307364647,1042643.0634349781
2010-01-08,-50052.104575073725,-1,0.0,-50052.104575073725,992590.9588599044
2010-01-11,-30035.514723145527,-1,-0.0,-30035.514723145527,962555.4441367589
2010-01-12,79947.85397625744,-1,0.0,79947.85397625744,1042503.2981130164
2010-01-13,-10215.14308452038,-1,0.0,-10215.14308452038,1032288.155028496
2010-01-14,10052.293198837462,-1,-0.0,10052.293198837462,1042340.4482273335
2010-01-15,10169.08719241601,-1,0.0,10169.08719241601,1052509.5354197496
2010-01-18,-0.0,-1,0.0,0.0,1052509.5354197496
2010-01-19,9880.41442764267,-1,0.0,9880.41442764267,1062389.9498473923
2010-01-20,40271.78569330712,-1,0.0,40271.78569330712,1102661.7355406994
2010-01-21,10391.115601616562,-1,0.0,10391.115601616562,1113052.8511423161
2010-01-22,-30082.008975981807,-1,0.0,-30082.008975981807,1082970.8421663344
2010-01-25,-20386.781831881253,-1,0.0,-20386.781831881253,1062584.0603344531
2010-01-26,20121.165451327746,-1,0.0,20121.165451327746,1082705.225785781
2010-01-27,19984.518309916362,-1,-0.0,19984.518309916362,1102689.7440956973
2010-01-28,-50255.972245434365,-1,0.0,-50255.972245434365,1052433.771850263
2010-01-29,277.218963195417,-1,0.0,277.218963195417,1052710.9908134583
2010-02-01,-10402.310966408804,-1,0.0,-10402.310966408804,1042308.6798470495
2010-02-02,10082.780117966531,-1,-0.0,10082.780117966531,1052391.459965016
2010-02-03,-40468.91778539027,-1,0.0,-40468.91778539027,1011922.5421796257
2010-02-04,30432.911196688103,-1,0.0,30432.911196688103,1042355.4533763138
2010-02-05,228.51822375721895,-1,0.0,228.51822375721895,1042583.9716000711
2010-02-08,-10017.660705287646,-1,0.0,-10017.660705287646,1032566.3108947835
2010-02-09,60.5099856491579,-1,0.0,60.5099856491579,1032626.8208804326
2010-02-10,20133.300088145013,-1,0.0,20133.300088145013,1052760.1209685777
2010-02-11,-9937.00947948231,-1,0.0,-9937.00947948231,1042823.1114890954
2010-02-12,-30149.622901529896,-1,0.0,-30149.622901529896,1012673.4885875655
2010-02-15,-0.0,-1,0.0,0.0,1012673.4885875655
2010-02-16,9871.87226529005,-1,0.0,9871.87226529005,1022545.3608528555
2010-02-17,-29759.14215294536,-1,0.0,-29759.14215294536,992786.2186999101
2010-02-18,-19674.09391751058,-1,-0.0,-19674.09391751058,973112.1247823995
2010-02-19,59822.64923333733,-1,-0.0,59822.64923333733,1032934.7740157369
2010-02-22,-59726.93612606083,-1,0.0,-59726.93612606083,973207.8378896761
2010-02-23,68953.32473403434,-1,-0.0,68953.32473403434,1042161.1626237105
2010-02-24,-9951.494996474463,-1,-0.0,-9951.494996474463,1032209.667627236
2010-02-25,9742.0575923668,-1,-0.0,9742.0575923668,1041951.7252196028
2010-02-26,19933.32629755325,-1,-0.0,19933.32629755325,1061885.051517156
2010-03-01,-9995.030724089089,-1,0.0,-9995.030724089089,1051890.0207930668
2010-03-02,-9990.271846228232,-1,-0.0,-9990.271846228232,1041899.7489468385
2010-03-03,10007.132474041617,-1,-0.0,10007.132474041617,1051906.88142088
2010-03-04,59936.27067539004,-1,-0.0,59936.27067539004,1111843.1520962701
2010-03-05,-29978.051326049113,-1,-0.0,-29978.051326049113,1081865.100770221
2010-03-08,-39837.109812602146,-1,-0.0,-39837.109812602146,1042027.9909576189
2010-03-09,-46.85482361742652,-1,0.0,-46.85482361742652,1041981.1361340015
2010-03-10,10071.642863469475,-1,-0.0,10071.642863469475,1052052.778997471
2010-03-11,49906.92794862958,-1,-0.0,49906.92794862958,1101959.7069461006
2010-03-12,19864.375430362237,-1,-0.0,19864.375430362237,1121824.0823764629
2010-03-15,-9975.193117232635,-1,0.0,-9975.193117232635,1111848.8892592303
2010-03-16,19779.879705055202,-1,-0.0,19779.879705055202,1131628.7689642855
2010-03-17,29926.304113881386,-1,-0.0,29926.304113881386,1161555.073078167
2010-03-18,20.439162229213252,-1,-0.0,20.439162229213252,1161575.512240396
2010-03-19,19983.16093925163,-1,-0.0,19983.16093925163,1181558.6731796477
2010-03-22,19870.982555176004,-1,0.0,19870.982555176004,1201429.6557348236
2010-03-23,-9952.094209420036,-1,0.0,-9952.094209420036,1191477.5615254035
2010-03-24,-89458.38416630917,-1,-0.0,-89458.38416630917,1102019.1773590944
2010-03-25,-50017.052659989226,-1,-0.0,-50017.052659989226,1052002.124699105
2010-03-26,-10154.167901881083,-1,0.0,-10154.167901881083,1041847.956797224
2010-03-29,-19980.646984795723,-1,0.0,-19980.646984795723,1021867.3098124283
2010-03-30,20009.923450060654,-1,-0.0,20009.923450060654,1041877.233262489
2010-03-31,-87.27961106786097,-1,-0.0,-87.27961106786097,1041789.9536514211
2010-04-01,-19977.667799689523,-1,-0.0,-19977.667799689523,1021812.2858517315
2010-04-02,-9808.51247554004,-1,0.0,-9808.51247554004,1012003.7733761915
2010-04-05,20263.255357894916,-1,-0.0,20263.255357894916,1032267.0287340864
2010-04-06,-10195.918029504246,-1,0.0,-10195.918029504246,1022071.1107045822
2010-04-07,9452.402688858667,-1,-0.0,9452.402688858667,1031523.5133934409
2010-04-08,10055.773103144707,-1,-0.0,10055.773103144707,1041579.2864965856
2010-04-09,-32.569026269873575,-1,0.0,-32.569026269873575,1041546.7174703158
2010-04-12,19913.032702921257,-1,-0.0,19913.032702921257,1061459.750173237
2010-04-13,29956.47088729249,-1,0.0,29956.47088729249,1091416.2210605294
2010-04-14,-40000.00000000004,-1,0.0,-40000.00000000004,1051416.2210605294
2010-04-15,-10042.39925114633,-1,0.0,-10042.39925114633,1041373.821809383
2010-04-16,9902.494096602852,-1,0.0,9902.494096602852,1051276.315905986
2010-04-19,-10059.766466702375,-1,-0.0,-10059.766466702375,1041216.5494392836
2010-04-20,50039.585747256235,-1,-0.0,50039.585747256235,1091256.1351865397
2010-04-21,30041.008212173943,-1,-0.0,30041.008212173943,1121297.1433987138
2010-04-22,9922.888275366651,-1,-0.0,9922.888275366651,1131220.0316740805
2010-04-23,-10073.854019278046,-1,-0.0,-10073.854019278046,1121146.1776548026
2010-04-26,2.4793843190291227,-1,0.0,2.4793843190291227,1121148.6570391215
2010-04-27,60065.55869058248,-1,0.0,60065.55869058248,1181214.215729704
2010-04-28,-90569.04728344736,-1,-0.0,-90569.04728344736,1090645.1684462565
2010-04-29,20065.168658958642,-1,-0.0,20065.168658958642,1110710.3371052153
2010-04-30,30237.146667229506,-1,0.0,30237.146667229506,1140947.4837724448
2010-05-03,-178.05472927215305,-1,-0.0,-178.05472927215305,1140769.4290431726
2010-05-04,50485.38125678126,-1,0.0,50485.38125678126,1191254.810299954
2010-05-05,-29607.061266707795,-1,0.0,-29607.061266707795,1161647.7490332462
2010-05-06,39986.10719306233,-1,0.0,39986.10719306233,1201633.8562263085
2010-05-07,39796.27605108895,0,0.0,39796.27605108895,1241430.1322773974
2010-05-10,-3126.803995905965,0,-0.0,-3126.803995905965,1238303.3282814915
2010-05-11,0.0,0,0.0,0.0,1238303.3282814915
2010-05-12,0.0,0,0.0,0.0,1238303.3282814915
2010-05-13,0.0,0,-0.0,0.0,1238303.3282814915
2010-05-14,0.0,0,-0.0,0.0,1238303.3282814915
2010-05-17,0.0,0,-0.0,0.0,1238303.3282814915
2010-05-18,0.0,0,0.0,0.0,1238303.3282814915
2010-05-19,-0.0,0,0.0,0.0,1238303.3282814915
2010-05-20,0.0,0,0.0,0.0,1238303.3282814915
2010-05-21,-0.0,0,0.0,0.0,1238303.3282814915
2010-05-24,0.0,0,0.0,0.0,1238303.3282814915
2010-05-25,-0.0,1,0.0,0.0,1238303.3282814915
2010-05-26,16886.998361974398,1,0.0,16886.998361974398,1255190.326643466
2010-05-27,79814.91933231191,1,0.0,79814.91933231191,1335005.245975778
2010-05-28,80152.41241618953,1,-0.0,80152.41241618953,1415157.6583919674
2010-05-31,0.0,1,0.0,0.0,1415157.6583919674
2010-06-01,-39885.349455907424,1,0.0,-39885.349455907424,1375272.30893606
2010-06-02,19662.26919310807,1,-0.0,19662.26919310807,1394934.578129168
2010-06-03,39668.099760970195,1,0.0,39668.099760970195,1434602.677890138
2010-06-04,-88067.6770303206,1,0.0,-88067.6770303206,1346535.0008598175
2010-06-07,-49992.94407150958,1,0.0,-49992.94407150958,1296542.0567883078
2010-06-08,10004.911833902517,1,-0.0,10004.911833902517,1306546.9686222104
2010-06-09,20000.00000000002,1,0.0,20000.00000000002,1326546.9686222104
2010-06-10,79828.91121307388,1,0.0,79828.91121307388,1406375.8798352843
2010-06-11,-49330.6767370546,1,0.0,-49330.6767370546,1357045.2030982296
2010-06-14,19867.48751045136,1,0.0,19867.48751045136,1376912.690608681
2010-06-15,19794.34113156455,1,-0.0,19794.34113156455,1396707.0317402454
2010-06-16,-9648.036919983904,1,0.0,-9648.036919983904,1387058.9948202616
2010-06-17,-29713.314163639567,1,-0.0,-29713.314163639567,1357345.680656622
2010-06-18,9933.4716349009,1,0.0,9933.4716349009,1367279.1522915228
2010-06-21,19941.20285969611,1,-0.0,19941.20285969611,1387220.3551512188
2010-06-22,-49660.52598346033,1,0.0,-49660.52598346033,1337559.8291677586
2010-06-23,62.18396197981201,1,0.0,62.18396197981201,1337622.0131297384
2010-06-24,5.929287258139084,1,0.0,5.929287258139084,1337627.9424169965
2010-06-25,-4.499284228615579,1,0.0,-4.499284228615579,1337623.443132768
2010-06-28,-40146.92811697052,1,0.0,-40146.92811697052,1297476.5150157975
2010-06-29,-70489.3433628102,1,0.0,-70489.3433628102,1226987.1716529871
2010-06-30,0.0,1,-0.0,0.0,1226987.1716529871
2010-07-01,-30153.675068233628,1,-0.0,-30153.675068233628,1196833.4965847535
2010-07-02,40435.453446436695,1,0.0,40435.453446436695,1237268.9500311902
2010-07-05,0.0,1,0.0,0.0,1237268.9500311902
2010-07-06,-40422.317344891744,1,0.0,-40422.317344891744,1196846.6326862983
2010-07-07,40545.608498983594,1,0.0,40545.608498983594,1237392.241185282
2010-07-08,40355.777132528485,1,-0.0,40355.777132528485,1277748.0183178103
2010-07-09,30207.24392228288,1,0.0,30207.24392228288,1307955.2622400932
2010-07-12,-9990.587361307873,1,-0.0,-9990.587361307873,1297964.6748787854
2010-07-13,50305.09820431769,1,-0.0,50305.09820431769,1348269.7730831031
2010-07-14,-30030.874770088558,1,-0.0,-30030.874770088558,1318238.8983130145
2010-07-15,-60355.89436391201,1,-0.0,-60355.89436391201,1257883.0039491025
2010-07-16,-40355.777132528485,1,0.0,-40355.777132528485,1217527.226816574
2010-07-19,30326.590084827745,1,0.0,30326.590084827745,1247853.8169014018
2010-07-20,-10093.918785774147,1,-0.0,-10093.918785774147,1237759.8981156277
2010-07-21,-50716.47926294117,1,-0.0,-50716.47926294117,1187043.4188526864
2010-07-22,39984.74011489201,1,-0.0,39984.74011489201,1227028.1589675783
2010-07-23,59822.55839895456,1,-0.0,59822.55839895456,1286850.717366533
2010-07-26,-10054.044948329962,1,-0.0,-10054.044948329962,1276796.672418203
2010-07-27,19695.337559564778,1,-0.0,19695.337559564778,1296492.0099777677
2010-07-28,-9593.090647526704,1,0.0,-9593.090647526704,1286898.919330241
2010-07-29,19992.534746508412,1,0.0,19992.534746508412,1306891.4540767493
2010-07-30,-49429.71319897224,1,-0.0,-49429.71319897224,1257461.740877777
2010-08-02,39897.61691844329,1,-0.0,39897.61691844329,1297359.3577962203
2010-08-03,-19770.963447376078,1,0.0,-19770.963447376078,1277588.3943488442
2010-08-04,9902.403404547727,1,-0.0,9902.403404547727,1287490.797753392
2010-08-05,-9834.916323442343,1,0.0,-9834.916323442343,1277655.8814299498
2010-08-06,-49823.484826418804,1,0.0,-49823.484826418804,1227832.396603531
2010-08-09,-40039.858355256314,1,0.0,-40039.858355256314,1187792.5382482747
2010-08-10,-50128.537495520955,1,0.0,-50128.537495520955,1137664.0007527538
2010-08-11,-90396.75754231954,1,-0.0,-90396.75754231954,1047267.2432104342
2010-08-12,10173.972968586962,1,0.0,10173.972968586962,1057441.2161790212
2010-08-13,-50473.135879602094,1,0.0,-50473.135879602094,1006968.0802994191
2010-08-16,-71080.21420494362,1,-0.0,-71080.21420494362,935887.8660944755
2010-08-17,49988.68690185016,1,-0.0,49988.68690185016,985876.5529963257
2010-08-18,9998.754891178673,1,-0.0,9998.754891178673,995875.3078875043
2010-08-19,-39821.35250201078,1,-0.0,-39821.35250201078,956053.9553854936
2010-08-20,40000.00000000004,1,-0.0,40000.00000000004,996053.9553854936
2010-08-23,-19960.272426159005,1,0.0,-19960.272426159005,976093.6829593346
2010-08-24,-109903.10162441162,1,0.0,-109903.10162441162,866190.5813349229
2010-08-25,10155.8519959113,1,-0.0,10155.8519959113,876346.4333308343
2010-08-26,-20084.66075700846,1,0.0,-20084.66075700846,856261.7725738258
2010-08-27,110638.35226855062,1,0.0,110638.35226855062,966900.1248423764
2010-08-30,-59561.2822293462,1,0.0,-59561.2822293462,907338.8426130302
2010-08-31,-40135.705360456355,1,0.0,-40135.705360456355,867203.1372525739
2010-09-01,80589.13702992651,1,0.0,80589.13702992651,947792.2742825004
2010-09-02,49999.999999999825,1,0.0,49999.999999999825,997792.2742825001
2010-09-03,69774.1208203379,1,-0.0,69774.1208203379,1067566.395102838
2010-09-06,0.0,1,0.0,0.0,1067566.395102838
2010-09-07,-79241.68097324345,1,-0.0,-79241.68097324345,988324.7141295946
2010-09-08,19918.01151773455,1,-0.0,19918.01151773455,1008242.7256473291
2010-09-09,59569.840741968495,1,0.0,59569.840741968495,1067812.5663892976
2010-09-10,29632.051957014533,1,-0.0,29632.051957014533,1097444.618346312
2010-09-13,-19249.38790990934,1,0.0,-19249.38790990934,1078195.2304364028
2010-09-14,-29532.758712563365,1,0.0,-29532.758712563365,1048662.4717238394
2010-09-15,59702.67540937025,1,0.0,59702.67540937025,1108365.1471332097
2010-09-16,49765.13511625443,1,0.0,49765.13511625443,1158130.2822494642
2010-09-17,-19812.292512819316,1,0.0,-19812.292512819316,1138317.9897366448
2010-09-20,-19744.161949540983,1,-0.0,-19744.161949540983,1118573.8277871038
2010-09-21,-69218.01397284988,1,0.0,-69218.01397284988,1049355.813814254
2010-09-22,-59935.45421835259,1,0.0,-59935.45421835259,989420.3595959014
2010-09-23,-10008.72271652283,1,-0.0,-10008.72271652283,979411.6368793786
2010-09-24,60059.718229177335,1,0.0,60059.718229177335,1039471.3551085559
2010-09-27,-69833.61383608311,1,-0.0,-69833.61383608311,969637.7412724728
2010-09-28,9941.53778850296,1,0.0,9941.53778850296,979579.2790609758
2010-09-29,-29922.57649724921,1,0.0,-29922.57649724921,949656.7025637266
2010-09-30,30047.346955823326,1,-0.0,30047.346955823326,979704.0495195499
2010-10-01,10024.909093173574,1,0.0,10024.909093173574,989728.9586127235
2010-10-04,-30068.46365944524,1,0.0,-30068.46365944524,959660.4949532782
2010-10-05,0.0,1,0.0,0.0,959660.4949532782
2010-10-06,-60321.67889219108,1,0.0,-60321.67889219108,899338.8160610872
2010-10-07,20032.418059078795,1,49583.313145178334,69615.73120425713,968954.5472653443
2010-10-08,10018.706459326539,1,29876.82965924468,39895.53611857122,1008850.0833839155
2010-10-11,0.0,1,0.0,0.0,1008850.0833839155
2010-10-12,10215.24732210533,1,9934.430284739465,20149.677606844794,1028999.7609907603
2010-10-13,20139.937584670897,1,-4.128754019009322,20135.808830651888,1049135.5698214122
2010-10-14,50342.1261458585,1,9983.627597558387,60325.753743416884,1109461.323564829
2010-10-15,80225.5196889844,1,29779.919971057723,110005.43966004212,1219466.7632248711
2010-10-18,-79982.65902056253,1,-6.578736656602845,-79989.23775721913,1139477.525467652
2010-10-19,-10043.594016016381,1,-10057.17289014918,-20100.76690616556,1119376.7585614864
2010-10-20,30074.812256482284,1,-20163.652262575695,9911.159993906589,1129287.918555393
2010-10-21,40169.4738818545,1,-30003.81492834909,10165.658953505412,1139453.5775088982
2010-10-22,40044.86474883108,1,-19951.073642851083,20093.79110598,1159547.3686148783
2010-10-25,-20039.911096068954,1,-49877.68410712771,-69917.59520319666,1089629.7734116816
2010-10-26,49907.8573126971,1,0.0,49907.8573126971,1139537.6307243789
2010-10-27,79643.0842255583,1,-39804.653953898924,39838.430271659374,1179376.0609960381
2010-10-28,-29454.659743112687,1,69431.63351106094,39976.97376794825,1219353.0347639865
2010-10-29,-29620.685769529584,1,-10003.814928347385,-39624.50069787697,1179728.5340661095
2010-11-01,29925.537178163086,1,-20114.345780298932,9811.191397864153,1189539.7254639736
2010-11-02,-29880.985963053485,1,-50244.876393577666,-80125.86235663114,1109413.8631073425
2010-11-03,39900.716237550485,1,79995.1475866175,119895.86382416799,1229309.7269315105
2010-11-04,-129354.19250868616,1,79995.84247167264,-49358.350037013515,1179951.376894497
2010-11-05,12.273098824480257,1,30147.04686059873,30159.31995942321,1210110.6968539204
2010-11-08,-10048.62708861812,1,-19967.482721170294,-30016.109809788413,1180094.587044132
2010-11-09,69818.4090295473,1,0.0,69818.4090295473,1249912.9960736793
2010-11-10,-49502.5977822235,1,59995.124074501946,10492.526292278446,1260405.5223659577
2010-11-11,0.0,1,10008.09752220436,10008.09752220436,1270413.619888162
2010-11-12,39556.969097030844,1,-80000.0,-40443.030902969156,1229970.5889851928
2010-11-15,138576.87230800855,1,-39903.06654280301,98673.80576520553,1328644.3947503984
2010-11-16,-50010.31899594425,1,-50005.25443782466,-100015.5734337689,1228628.8213166294
2010-11-17,50141.07672680777,1,-20004.206044861356,30136.870681946413,1258765.6919985758
2010-11-18,-9992.644968094615,1,-9983.85448858016,-19976.499456674777,1238789.192541901
2010-11-19,-20019.763080852368,1,-9983.854488579025,-30003.617569431393,1208785.5749724696
2010-11-22,-50154.48084503999,1,30024.262602987947,-20130.21824205204,1188655.3567304176
2010-11-23,9841.43118416367,1,-10048.673571477726,-207.24238731405603,1188448.1143431035
2010-11-24,81111.5009543768,1,-30243.963939115492,50867.5370152613,1239315.6513583648
2010-11-25,0.0,1,0.0,0.0,1239315.6513583648
2010-11-26,-39970.386753364495,1,-29927.389447892216,-69897.77620125671,1169417.875157108
2010-11-29,-40076.680711026,1,-30146.02071443318,-70222.70142545918,1099195.1737316488
2010-11-30,39889.88608023751,1,-10004.186056883826,29885.70002335369,1129080.8737550026
2010-12-01,80792.59924457167,1,-20065.139882588333,60727.45936198333,1189808.3331169859
2010-12-02,19901.428348382437,1,-19838.53716986166,62.89117852077834,1189871.2242955067
2010-12-03,79896.47290645668,0,29995.813943116176,109892.28684957285,1299763.5111450795
2010-12-06,-3096.747650712038,0,-5.66143961480208e-10,-3096.7476507126044,1296666.763494367
2010-12-07,0.0,0,-30072.876697653486,-30072.876697653486,1266593.8867967136
2010-12-08,0.0,0,-90004.9089868299,-90004.9089868299,1176588.9778098837
2010-12-09,-0.0,0,-39935.7886879208,-39935.7886879208,1136653.1891219628
2010-12-10,0.0,0,-70282.12267307649,-70282.12267307649,1066371.0664488862
2010-12-13,0.0,0,-437.5327657351005,-437.5327657351005,1065933.533683151
2010-12-14,0.0,0,-0.0,0.0,1065933.533683151
2010-12-15,0.0,0,-0.0,0.0,1065933.533683151
2010-12-16,0.0,0,0.0,0.0,1065933.533683151
2010-12-17,0.0,0,-0.0,0.0,1065933.533683151
2010-12-20,0.0,0,0.0,0.0,1065933.533683151
2010-12-21,-0.0,0,-0.0,-0.0,1065933.533683151
2010-12-22,0.0,0,0.0,0.0,1065933.533683151
2010-12-23,0.0,0,-0.0,0.0,1065933.533683151
2010-12-24,0.0,0,0.0,0.0,1065933.533683151
2010-12-27,-0.0,0,0.0,0.0,1065933.533683151
2010-12-28,0.0,0,-0.0,0.0,1065933.533683151
2010-12-29,0.0,0,0.0,0.0,1065933.533683151
2010-12-30,0.0,0,-0.0,0.0,1065933.533683151
2010-12-31,0.0,0,-0.0,0.0,1065933.533683151
2011-01-03,0.0,0,-0.0,0.0,1065933.533683151
2011-01-04,0.0,0,0.0,0.0,1065933.533683151
2011-01-05,0.0,0,-0.0,0.0,1065933.533683151
2011-01-06,0.0,0,0.0,0.0,1065933.533683151
2011-01-07,0.0,0,0.0,0.0,1065933.533683151
2011-01-10,0.0,0,0.0,0.0,1065933.533683151
2011-01-11,0.0,0,-0.0,0.0,1065933.533683151
2011-01-12,0.0,0,0.0,0.0,1065933.533683151
2011-01-13,0.0,0,0.0,0.0,1065933.533683151
2011-01-14,0.0,0,0.0,0.0,1065933.533683151
2011-01-17,0.0,0,0.0,0.0,1065933.533683151
2011-01-18,0.0,0,-0.0,0.0,1065933.533683151
2011-01-19,-0.0,0,-0.0,-0.0,1065933.533683151
2011-01-20,0.0,0,0.0,0.0,1065933.533683151
2011-01-21,0.0,0,-0.0,0.0,1065933.533683151
2011-01-24,-0.0,0,-0.0,-0.0,1065933.533683151
2011-01-25,0.0,0,-0.0,0.0,1065933.533683151
2011-01-26,0.0,0,0.0,0.0,1065933.533683151
2011-01-27,0.0,0,-0.0,0.0,1065933.533683151
2011-01-28,0.0,0,0.0,0.0,1065933.533683151
2011-01-31,0.0,0,-0.0,0.0,1065933.533683151
2011-02-01,0.0,0,-0.0,0.0,1065933.533683151
2011-02-02,0.0,0,-0.0,0.0,1065933.533683151
2011-02-03,0.0,0,-0.0,0.0,1065933.533683151
2011-02-04,0.0,-1,-0.0,0.0,1065933.533683151
2011-02-07,6873.726217592428,-1,-0.0,6873.726217592428,1072807.2599007434
2011-02-08,9990.058481016706,-1,-0.0,9990.058481016706,1082797.31838176
2011-02-09,49716.6353883187,-1,0.0,49716.6353883187,1132513.9537700787
2011-02-10,-10092.825972541315,-1,0.0,-10092.825972541315,1122421.1277975375
2011-02-11,59941.742779040964,-1,0.0,59941.742779040964,1182362.8705765784
2011-02-14,40019.050473216375,-1,-0.0,40019.050473216375,1222381.9210497949
2011-02-15,-19933.542489263895,-1,-0.0,-19933.542489263895,1202448.378560531
2011-02-16,9948.522258553206,-1,0.0,9948.522258553206,1212396.9008190841
2011-02-17,-19816.10742177948,-1,0.0,-19816.10742177948,1192580.7933973046
2011-02-18,-30041.2971732645,-1,0.0,-30041.2971732645,1162539.4962240402
2011-02-21,-0.0,-1,0.0,0.0,1162539.4962240402
2011-02-22,90575.16750721901,-1,0.0,90575.16750721901,1253114.6637312593
2011-02-23,-30323.11843331221,-1,-0.0,-30323.11843331221,1222791.545297947
2011-02-24,20275.033690540353,-1,-0.0,20275.033690540353,1243066.5789884874
2011-02-25,30425.85134389703,-1,0.0,30425.85134389703,1273492.4303323843
2011-02-28,-30009.14737159417,-1,-0.0,-30009.14737159417,1243483.2829607902
2011-03-01,-20011.192846896352,-1,0.0,-20011.192846896352,1223472.0901138938
2011-03-02,-20002.04178535378,-1,0.0,-20002.04178535378,1203470.04832854
2011-03-03,-19728.533216705328,-1,-0.0,-19728.533216705328,1183741.5151118347
2011-03-04,-20603.86287419744,-1,0.0,-20603.86287419744,1163137.6522376372
2011-03-07,78.17434907553616,-1,-0.0,78.17434907553616,1163215.8265867129
2011-03-08,-19773.40036315225,-1,0.0,-19773.40036315225,1143442.4262235607
2011-03-09,49459.2711672126,-1,0.0,49459.2711672126,1192901.6973907733
2011-03-10,59665.8239194502,-1,0.0,59665.8239194502,1252567.5213102235
2011-03-11,-40082.11445716894,-1,-0.0,-40082.11445716894,1212485.4068530547
2011-03-14,10009.245923854258,-1,0.0,10009.245923854258,1222494.6527769088
2011-03-15,50115.499555867136,-1,0.0,50115.499555867136,1272610.152332776
2011-03-16,60429.15912085209,-1,0.0,60429.15912085209,1333039.3114536281
2011-03-17,-10260.313641839377,-1,0.0,-10260.313641839377,1322778.9978117887
2011-03-18,-20235.695963369893,-1,-0.0,-20235.695963369893,1302543.3018484188
2011-03-21,-330.2258690010931,-1,-0.0,-330.2258690010931,1302213.0759794177
2011-03-22,10006.219486843584,-1,0.0,10006.219486843584,1312219.2954662612
2011-03-23,-10073.406553145645,-1,-0.0,-10073.406553145645,1302145.8889131155
2011-03-24,-30165.042059615993,-1,-0.0,-30165.042059615993,1271980.8468534995
2011-03-25,30000.000000000022,-1,-0.0,30000.000000000022,1301980.8468534995
2011-03-28,10002.119334454963,-1,-0.0,10002.119334454963,1311982.9661879544
2011-03-29,-29926.851472912134,-1,0.0,-29926.851472912134,1282056.1147150423
2011-03-30,19894.26471719694,-1,-0.0,19894.26471719694,1301950.3794322393
2011-03-31,-0.0,-1,-0.0,-0.0,1301950.3794322393
2011-04-01,9975.617157637675,-1,0.0,9975.617157637675,1311925.996589877
2011-04-04,-19989.698177247585,-1,0.0,-19989.698177247585,1291936.2984126294
2011-04-05,20029.70670743296,-1,-0.0,20029.70670743296,1311966.0051200623
2011-04-06,-49781.07199568718,-1,0.0,-49781.07199568718,1262184.933124375
2011-04-07,-59799.318531234865,-1,0.0,-59799.318531234865,1202385.6145931403
2011-04-08,10055.366429722611,-1,-0.0,10055.366429722611,1212440.981022863
2011-04-11,19972.67780233036,-1,-0.0,19972.67780233036,1232413.6588251933
2011-04-12,-10448.746936808966,-1,0.0,-10448.746936808966,1221964.9118883843
2011-04-13,9866.385387616312,-1,0.0,9866.385387616312,1231831.2972760005
2011-04-14,60.76671886990516,-1,-0.0,60.76671886990516,1231892.0639948703
2011-04-15,19686.65821894657,-1,0.0,19686.65821894657,1251578.7222138168
2011-04-18,9982.862971687107,-1,0.0,9982.862971687107,1261561.585185504
2011-04-19,6.0461466043325345,-1,-0.0,6.0461466043325345,1261567.6313321083
2011-04-20,-30053.708061085214,-1,-0.0,-30053.708061085214,1231513.923271023
2011-04-21,-8.614357050935723,-1,0.0,-8.614357050935723,1231505.308913972
2011-04-22,-0.0,-1,0.0,0.0,1231505.308913972
2011-04-25,19995.02490599496,-1,0.0,19995.02490599496,1251500.333819967
2011-04-26,30060.914970175487,-1,-0.0,30060.914970175487,1281561.2487901426
2011-04-27,-50195.954117876165,-1,0.0,-50195.954117876165,1231365.2946722663
2011-04-28,20047.22689532132,-1,0.0,20047.22689532132,1251412.5215675877
2011-04-29,10065.936476844332,-1,-0.0,10065.936476844332,1261478.458044432
2011-05-02,10049.022956542618,-1,-0.0,10049.022956542618,1271527.4810009748
2011-05-03,30161.832608718625,-1,0.0,30161.832608718625,1301689.3136096934
2011-05-04,20192.495037111563,-1,-0.0,20192.495037111563,1321881.808646805
2011-05-05,50554.936308049786,-1,0.0,50554.936308049786,1372436.7449548547
2011-05-06,-20135.666239430844,-1,0.0,-20135.666239430844,1352301.0787154238
2011-05-09,20226.53928140164,-1,0.0,20226.53928140164,1372527.6179968254
2011-05-10,-40011.93907650615,-1,-0.0,-40011.93907650615,1332515.6789203193
2011-05-11,9889.84732450297,-1,0.0,9889.84732450297,1342405.5262448222
2011-05-12,-19969.30902408244,-1,0.0,-19969.30902408244,1322436.2172207397
2011-05-13,39901.94952766831,-1,0.0,39901.94952766831,1362338.166748408
2011-05-16,-14.728267426198727,-1,-0.0,-14.728267426198727,1362323.4384809819
2011-05-17,40033.2227787417,-1,-0.0,40033.2227787417,1402356.6612597236
2011-05-18,-30140.124456929232,-1,-0.0,-30140.124456929232,1372216.5368027943
2011-05-19,-20001.175772617127,-1,0.0,-20001.175772617127,1352215.3610301772
2011-05-20,20000.00000000002,-1,0.0,20000.00000000002,1372215.3610301772
2011-05-23,20019.6584268815,-1,-0.0,20019.6584268815,1392235.0194570587
2011-05-24,20022.16211493505,-1,0.0,20022.16211493505,1412257.1815719937
2011-05-25,-30027.08859422028,-1,0.0,-30027.08859422028,1382230.0929777734
2011-05-26,95.6227943661288,-1,0.0,95.6227943661288,1382325.7157721396
2011-05-27,-0.0,-1,0.0,0.0,1382325.7157721396
2011-05-30,-0.0,-1,0.0,0.0,1382325.7157721396
2011-05-31,-9935.06688195686,-1,0.0,-9935.06688195686,1372390.6488901828
2011-06-01,80517.69666784797,-1,0.0,80517.69666784797,1452908.3455580308
2011-06-02,-70815.00220245088,-1,0.0,-70815.00220245088,1382093.3433555798
2011-06-03,20275.827952241354,-1,0.0,20275.827952241354,1402369.171307821
2011-06-06,-10159.2284574547,-1,0.0,-10159.2284574547,1392209.9428503665
2011-06-07,-40069.799096825824,-1,0.0,-40069.799096825824,1352140.1437535407
2011-06-08,30237.06791520148,-1,-0.0,30237.06791520148,1382377.2116687421
2011-06-09,9807.961047033605,-1,0.0,9807.961047033605,1392185.1727157757
2011-06-10,123.14572838775348,-1,-0.0,123.14572838775348,1392308.3184441635
2011-06-13,-20108.909832903573,-1,0.0,-20108.909832903573,1372199.40861126
2011-06-14,-60817.926365859224,-1,-0.0,-60817.926365859224,1311381.4822454005
2011-06-15,60279.20177714624,-1,0.0,60279.20177714624,1371660.6840225467
2011-06-16,50469.694113407204,-1,0.0,50469.694113407204,1422130.378135954
2011-06-17,-10012.851345958692,-1,0.0,-10012.851345958692,1412117.5267899954
2011-06-20,-29985.19651689587,-1,-0.0,-29985.19651689587,1382132.3302730995
2011-06-21,39.43420651144697,-1,-0.0,39.43420651144697,1382171.7644796108
2011-06-22,-29938.397986971533,-1,-0.0,-29938.397986971533,1352233.3664926393
2011-06-23,39689.956079391886,-1,0.0,39689.956079391886,1391923.3225720313
2011-06-24,50000.00000000027,-1,0.0,50000.00000000027,1441923.3225720315
2011-06-27,-10150.630787842187,-1,0.0,-10150.630787842187,1431772.6917841893
2011-06-28,-29927.512443501197,-1,-0.0,-29927.512443501197,1401845.179340688
2011-06-29,-99456.68451978701,-1,-0.0,-99456.68451978701,1302388.494820901
2011-06-30,-59565.99516264825,-1,-0.0,-59565.99516264825,1242822.4996582528
2011-07-01,9990.61970186225,-1,-0.0,9990.61970186225,1252813.1193601151
2011-07-04,-0.0,-1,0.0,0.0,1252813.1193601151
2011-07-05,-80.32180357787729,-1,0.0,-80.32180357787729,1252732.7975565372
2011-07-06,30038.06258226779,-1,-0.0,30038.06258226779,1282770.860138805
2011-07-07,9867.337915936041,-1,-0.0,9867.337915936041,1292638.198054741
2011-07-08,50113.59631456742,-1,0.0,50113.59631456742,1342751.7943693083
2011-07-11,60647.68001212312,-1,0.0,60647.68001212312,1403399.4743814315
2011-07-12,19990.59318073996,-1,0.0,19990.59318073996,1423390.0675621715
2011-07-13,-0.0,-1,-0.0,-0.0,1423390.0675621715
2011-07-14,-50059.26407962788,-1,0.0,-50059.26407962788,1373330.8034825437
2011-07-15,29922.39471776029,-1,0.0,29922.39471776029,1403253.198200304
2011-07-18,-0.0,-1,0.0,0.0,1403253.198200304
2011-07-19,49999.999999999825,0,-0.0,49999.999999999825,1453253.1982003038
2011-07-20,-3092.309467226063,0,0.0,-3092.309467226063,1450160.8887330778
2011-07-21,0.0,0,-0.0,0.0,1450160.8887330778
2011-07-22,-0.0,0,-0.0,-0.0,1450160.8887330778
2011-07-25,0.0,0,0.0,0.0,1450160.8887330778
2011-07-26,0.0,0,-0.0,0.0,1450160.8887330778
2011-07-27,0.0,0,-0.0,0.0,1450160.8887330778
2011-07-28,0.0,0,-0.0,0.0,1450160.8887330778
2011-07-29,0.0,0,0.0,0.0,1450160.8887330778
2011-08-01,-0.0,0,0.0,0.0,1450160.8887330778
2011-08-02,0.0,0,-0.0,0.0,1450160.8887330778
2011-08-03,-0.0,0,-0.0,-0.0,1450160.8887330778
2011-08-04,0.0,0,0.0,0.0,1450160.8887330778
2011-08-05,0.0,0,-0.0,0.0,1450160.8887330778
2011-08-08,0.0,1,0.0,0.0,1450160.8887330778
2011-08-09,-123073.82068133149,1,0.0,-123073.82068133149,1327087.0680517463
2011-08-10,-30301.65911898499,1,0.0,-30301.65911898499,1296785.4089327613
2011-08-11,169991.02721951017,1,0.0,169991.02721951017,1466776.4361522715
2011-08-12,-109152.37128637012,1,-10414.972571511862,-119567.34385788199,1347209.0922943894
2011-08-15,59823.61850806433,1,9996.241121080388,69819.85962914472,1417028.951923534
2011-08-16,-69640.36584573633,1,-29851.317809120374,-99491.68365485671,1317537.2682686774
2011-08-17,-49821.04675480444,1,-10024.918751050029,-59845.96550585447,1257691.302762823
2011-08-18,-99999.99999999987,1,9996.597867567269,-90003.4021324326,1167687.9006303903
2011-08-19,-10045.291924029163,1,5.722387416297809e-10,-10045.29192402859,1157642.6087063616
2011-08-22,10153.523200891283,1,10075.343597332534,20228.86679822382,1177871.4755045855
2011-08-23,50176.00953286906,1,60250.52102381233,110426.53055668139,1288298.0060612669
2011-08-24,130144.3002074662,1,19900.473243638302,150044.7734511045,1438342.7795123714
2011-08-25,-49645.35673453892,1,39992.49641653218,-9652.860318006737,1428689.9191943647
2011-08-26,-19887.352853284734,1,0.0,-19887.352853284734,1408802.56634108
2011-08-29,89909.7708807093,1,0.0,89909.7708807093,1498712.3372217894
2011-08-30,-89505.3271642329,1,-29925.88550580838,-119431.21267004128,1379281.1245517482
2011-08-31,39959.898169204236,1,30223.998486423807,70183.89665562805,1449465.0212073762
2011-09-01,-69760.97964105244,1,-20033.04158333449,-89794.02122438693,1359670.9999829892
2011-09-02,-140130.51690513792,1,-50004.10145103622,-190134.61835617415,1169536.381626815
2011-09-05,0.0,1,-6.113484514101455,-6.113484514101455,1169530.268142301
2011-09-06,-50301.34612132047,1,30000.000000000568,-20301.346121319904,1149228.922020981
2011-09-07,70671.71090418579,1,40033.42902919032,110705.13993337611,1259934.0619543572
2011-09-08,-30307.261800397733,1,9996.609370052334,-20310.6524303454,1239623.409524012
2011-09-09,-50600.57460307507,1,20066.70944428457,-30533.865158790497,1209089.5443652214
2011-09-12,-30007.330853497144,1,10075.281816372104,-19932.04903712504,1189157.4953280964
2011-09-13,59969.76011557871,1,30175.439135231612,90145.19925081033,1279302.6945789068
2011-09-14,49884.40377013606,1,-19966.769236621487,29917.63453351457,1309220.3291124213
2011-09-15,39703.564279094324,1,9975.092368747475,49678.656647841795,1358898.9857602632
2011-09-16,20065.234180794123,1,-3.4050012587552456,20061.82917953537,1378960.8149397986
2011-09-19,-89175.04544481647,1,1.137810747329057e-09,-89175.04544481533,1289785.7694949831
2011-09-20,-39962.220425041654,1,39995.91572087552,33.69529583386611,1289819.464790817
2011-09-21,-99925.7206379085,1,-89850.3393412406,-189776.05997914908,1100043.4048116677
2011-09-22,-150409.05640959533,0,59995.26119630774,-90413.79521328758,1009629.6095983802
2011-09-23,-3057.5170473448507,0,-10003.367495631484,-13060.884542976335,996568.7250554038
2011-09-26,0.0,0,59996.29495735339,59996.29495735339,1056565.0200127573
2011-09-27,0.0,0,19995.59874332116,19995.59874332116,1076560.6187560784
2011-09-28,0.0,0,-40003.74313422722,-40003.74313422722,1036556.8756218512
2011-09-29,-0.0,0,-50041.46284544589,-50041.46284544589,986515.4127764053
2011-09-30,0.0,0,-3.4035671856785195,-3.4035671856785195,986512.0092092197
2011-10-03,0.0,0,10058.503686310896,10058.503686310896,996570.5128955306
2011-10-04,0.0,0,19993.909857236675,19993.909857236675,1016564.4227527672
2011-10-05,0.0,0,29924.695578285893,29924.695578285893,1046489.1183310531
2011-10-06,0.0,0,-20005.750575720653,-20005.750575720653,1026483.3677553324
2011-10-07,0.0,0,-19883.957319475383,-19883.957319475383,1006599.410435857
2011-10-10,0.0,0,-4.766997940123594,-4.766997940123594,1006594.6434379169
2011-10-11,0.0,0,0.0,0.0,1006594.6434379169
2011-10-12,0.0,1,9934.108217090945,9934.108217090945,1016528.7516550078
2011-10-13,-53069.9411962371,1,-40005.13857204789,-93075.07976828498,923453.6718867228
2011-10-14,80175.62370183824,1,-30223.35484288998,49952.26885894826,973405.940745671
2011-10-17,-79919.91482727141,1,0.0,-79919.91482727141,893486.0259183997
2011-10-18,10030.117655952477,1,-30004.455281655042,-19974.337625702567,873511.6882926971
2011-10-19,-10025.089100262421,1,-20033.122923138497,-30058.21202340092,843453.4762692961
2011-10-20,20060.235311905402,1,-10041.480613124193,10018.75469878121,853472.2309680773
2011-10-21,10057.697560723427,1,-20066.32789554624,-10008.630334822814,843463.6006332545
2011-10-24,20010.02134604532,1,-20049.715137991327,-39.69379194600697,843423.9068413085
2011-10-25,-69949.91048451199,1,-20049.715137991327,-89999.62562250331,753424.2812188051
2011-10-26,70444.92392834954,1,-40005.45028833354,30439.473640016004,783863.7548588212
2011-10-27,160091.46055635923,1,-59751.028952808985,100340.43160355024,884204.1864623714
2011-10-28,-49290.80239384533,1,-50006.13414975358,-99296.93654359892,784907.2499187725
2011-10-31,-139147.7705327131,1,29995.56512259373,-109152.20541011936,675755.0445086531
2011-11-01,-140552.41448365003,1,9995.251105604639,-130557.1633780454,545197.8811306077
2011-11-02,19991.68260351881,1,-5.056677276261803,19986.62592624255,565184.5070568502
2011-11-03,49939.64377268951,1,9983.207412084954,59922.85118477447,625107.3582416247
2011-11-04,-9882.041152201204,1,19849.52434012358,9967.483187922375,635074.841429547
2011-11-07,-49953.500887031114,1,-39732.32119482581,-89685.82208185692,545389.0193476902
2011-11-08,59909.49797484671,1,29949.62223625543,89859.12021110214,635248.1395587923
2011-11-09,-89550.95263422436,1,29996.294957353963,-59554.657676870396,575693.481881922
2011-11-10,40020.14031061659,1,60353.04073378218,100373.18104439878,676066.6629263208
2011-11-11,0.0,1,0.0,0.0,676066.6629263208
2011-11-14,0.0,1,-9974.939430149563,-9974.939430149563,666091.7234961712
2011-11-15,-27.67189762918497,1,9983.28255827582,9955.610660646635,676047.3341568178
2011-11-16,-49874.39243315182,1,29874.852846581205,-19999.539586570616,656047.7945702472
2011-11-17,-59996.257581237216,1,-9974.93943015013,-69971.19701138735,586076.5975588599
2011-11-18,30136.03581840141,1,-20050.30871713646,10085.72710126495,596162.3246601248
2011-11-21,-20014.9651927814,1,10000.0,-10014.965192781401,586147.3594673434
2011-11-22,-20065.475139497656,1,20050.30871713703,-15.166422360623983,586132.1930449829
2011-11-23,-50176.60612022183,1,-20067.12011829244,-70243.72623851427,515888.46680646855
2011-11-24,0.0,1,-3.705042646037508,-3.705042646037508,515884.7617638225
2011-11-25,60492.757804001056,1,30000.0,90492.75780400106,606377.5195678236
2011-11-28,19987.52776115887,1,9996.294957353963,29983.822718512834,636361.3422863365
2011-11-29,20064.228164692882,1,29974.90822921577,50039.13639390865,686400.4786802451
2011-11-30,100030.30183409841,1,19883.341018715266,119913.64285281367,806314.1215330588
2011-12-01,9899.555288755193,1,59994.23961273572,69893.79490149091,876207.9164345497
2011-12-02,-39709.057708798166,1,-59553.68845813339,-99262.74616693155,776945.1702676181
2011-12-05,-29974.90522621196,1,10024.980049691194,-19949.925176520766,756995.2450910974
2011-12-06,59929.6865294297,1,10024.980049691194,69954.6665791209,826949.9116702183
2011-12-07,-49791.62499267749,1,0.0,-49791.62499267749,777158.2866775409
2011-12-08,-9987.400998255584,1,0.0,-9987.400998255584,767170.8856792853
2011-12-09,80080.59003247881,1,20116.8635706419,100197.45360312071,867368.339282406
2011-12-12,-59881.95569331913,1,-9975.112706444528,-69857.06839976365,797511.2708826424
2011-12-13,-69929.58440147086,1,20033.286069453403,-49896.29833201745,747614.9725506249
2011-12-14,-50099.59790296916,1,-50292.15892660475,-100391.75682957392,647223.215721051
2011-12-15,-9997.504805055552,1,29994.577304474635,19997.072499419082,667220.2882204701
2011-12-16,-40280.15789812539,1,-9974.949648265083,-50255.10754639047,616965.1806740796
2011-12-19,-40303.621692774286,1,0.0,-40303.621692774286,576661.5589813053
2011-12-20,101157.91333024079,1,10067.26030189428,111225.17363213506,687886.7326134404
2011-12-21,20148.769733702684,1,29874.903836013087,50023.67356971577,737910.4061831562
2011-12-22,-10015.116032262677,1,-10004.063564939926,-20019.1795972026,717891.2265859536
2011-12-23,60120.97149186032,1,30050.010883850962,90170.98237571129,808062.2089616649
2011-12-26,0.0,1,0.0,0.0,808062.2089616649
2011-12-27,-29977.46838994018,1,-19883.957319475383,-49861.42570941556,758200.7832522494
2011-12-28,-69972.17431158078,1,-49833.91642940821,-119806.09074098899,638394.6925112604
2011-12-29,-20080.763114016405,1,29996.612252442188,9915.849138425783,648310.5416496862
2011-12-30,9880.265468968653,1,-9991.646311622948,-111.38084265429461,648199.1608070319
2012-01-02,0.0,1,0.0,0.0,648199.1608070319
2012-01-03,60490.26335636473,1,20033.477188251516,80523.74054461624,728722.9013516482
2012-01-04,50050.50695879551,1,9933.460416224001,59983.96737501951,788706.8687266677
2012-01-05,15.06054519718964,1,-30004.067025423537,-29989.006480226348,758717.8622464414
2012-01-06,-19989.852859357412,1,0.0,-19989.852859357412,738728.009387084
2012-01-09,-9997.504805055552,1,10041.719316990104,44.21451193455141,738772.2238990186
2012-01-10,40022.74722700013,1,-30100.064166426855,9922.683060573276,748694.9069595919
2012-01-11,-70035.24554357903,1,20083.43863398078,-49951.80690959825,698743.1000499936
2012-01-12,30037.8861129196,1,-3.3906299482337214,30034.495482971368,728777.5955329649
2012-01-13,-70179.10206273547,1,-29974.9593894195,-100154.06145215497,628623.5340808099
2012-01-16,0.0,1,0.0,0.0,628623.5340808099
2012-01-17,9874.938592248367,1,0.0,9874.938592248367,638498.4726730583
2012-01-18,20346.609848947017,1,10075.591110696732,30422.20095964375,668920.673632702
2012-01-19,70411.50503498895,1,-30075.30898508268,40336.19604990627,709256.8696826083
2012-01-20,40000.00000000004,1,19949.98097812689,59949.98097812693,769206.8506607353
2012-01-23,39919.5824644043,1,0.0,39919.5824644043,809126.4331251396
2012-01-24,10032.666593104062,1,9995.589375571317,20028.25596867538,829154.6890938149
2012-01-25,-49756.480208110705,1,60000.00000000057,10243.519791889863,839398.2088857047
2012-01-26,-49999.999999999825,1,-30024.938865498647,-80024.93886549847,759373.2700202062
2012-01-27,-30075.634218760086,1,0.0,-30075.634218760086,729297.6358014462
2012-01-30,-60242.28934204899,1,-30004.072210073395,-90246.36155212238,639051.2742493238
2012-01-31,-40283.278739449546,1,-10075.560137506305,-50358.83887695585,588692.435372368
2012-02-01,30363.49003036916,1,9995.275362823537,40358.7653931927,629051.2007655606
2012-02-02,-10070.819684862387,1,0.0,-10070.819684862387,618980.3810806982
2012-02-03,110834.95965512906,1,9966.49764003112,120801.45729516019,739781.8383758584
2012-02-06,-50080.64766124035,1,-40005.40189878551,-90086.04956002586,649695.7888158325
2012-02-07,60283.9186211017,1,-30201.20313269109,30082.71548841061,679778.504304243
2012-02-08,-9989.97453245718,1,-20066.900852228104,-30056.875384685285,649721.6289195578
2012-02-09,30000.000000000247,1,10041.8390655418,40041.83906554205,689763.4679850999
2012-02-10,-79879.33063312895,1,-10008.347017713146,-89887.67765084209,599875.7903342578
2012-02-13,10085.61300589491,1,19996.619470201993,30082.232476096902,629958.0228103547
2012-02-14,-70070.51627841915,1,-9958.250273484035,-80028.76655190319,549929.2562584515
2012-02-15,10045.445510100066,1,10025.17492634811,20070.620436448175,569999.8766948996
2012-02-16,60242.28934204921,1,-20016.762373752183,40225.526968297025,610225.4036631966
2012-02-17,20020.147508119535,1,0.0,20020.147508119535,630245.5511713162
2012-02-20,0.0,1,0.0,0.0,630245.5511713162
2012-02-21,20014.965192781572,1,-19916.500546968633,98.46464581293912,630344.0158171292
2012-02-22,-19939.532072277412,1,0.0,-19939.532072277412,610404.4837448518
2012-02-23,-39985.03480721826,1,-9974.918984439075,-49959.95379165733,560444.5299531944
2012-02-24,-10010.073754059878,1,-20000.0,-30010.07375405988,530434.4561991346
2012-02-27,-50100.670997512614,1,5.698652174912434e-10,-50100.67099751205,480333.7852016225
2012-02-28,20090.89102020013,1,-5.727433855521207e-10,20090.89102019956,500424.6762218221
2012-02-29,40141.284896177465,1,-20117.776609698885,20023.50828647858,520448.1845083007
2012-03-01,50075.58016131316,1,0.0,50075.58016131316,570523.7646696138
2012-03-02,-19977.220164205937,1,-10000.0,-29977.220164205937,540546.5445054078
2012-03-05,-19971.217887678376,1,20084.02118132931,112.80329365093348,540659.3477990588
2012-03-06,-30030.115114553144,1,-10016.772823804959,-40046.8879383581,500612.45986070065
2012-03-07,20050.422812506724,1,10058.8883048503,30109.31111735702,530721.7709780576
2012-03-08,30093.037810392943,1,0.0,30093.037810392943,560814.8087884506
2012-03-09,1.1611634243563458,1,5.679583664254346e-10,1.1611634249243041,560815.9699518755
2012-03-12,0.0,1,-19966.53782856104,-19966.53782856104,540849.4321233145
2012-03-13,79874.0953248636,1,-10000.000000000568,69874.09532486304,610723.5274481776
2012-03-14,99097.83262572516,1,-9925.037015208096,89172.79561051706,699896.3230586946
2012-03-15,29986.833491911093,1,-7.796764329533931,29979.03672758156,729875.3597862761
2012-03-16,20000.00000000002,1,-30000.000000000568,-10000.00000000055,719875.3597862755
2012-03-19,59912.51959362473,1,-10008.302757290727,49904.216836334,769779.5766226095
2012-03-20,-29952.634356947117,1,-9950.398791078846,-39903.03314802596,729876.5434745835
2012-03-21,-49688.27270492472,1,-19933.78322484554,-69622.05592977026,660254.4875448133
2012-03-22,22.49292004700328,1,-410.53211857229775,-388.03919852529447,659866.4483462881
2012-03-23,-40000.00000000004,1,0.0,-40000.00000000004,619866.4483462881
2012-03-26,20023.782809828976,1,0.0,20023.782809828976,639890.231156117
2012-03-27,-30075.199925748944,1,0.0,-30075.199925748944,609815.0312303681
2012-03-28,36.44707585323704,1,-0.0,36.44707585323704,609851.4783062213
2012-03-29,-20112.946980926696,1,0.0,-20112.946980926696,589738.5313252946
2012-03-30,50276.278538346356,1,0.0,50276.278538346356,640014.809863641
2012-04-02,-10030.08580018951,1,0.0,-10030.08580018951,629984.7240634515
2012-04-03,50254.71116670445,1,-0.0,50254.71116670445,680239.4352301559
2012-04-04,-39970.00388698645,1,0.0,-39970.00388698645,640269.4313431695
2012-04-05,-60120.25748703114,1,0.0,-60120.25748703114,580149.1738561384
2012-04-06,-90583.87138084573,1,0.0,-90583.87138084573,489565.30247529264
2012-04-09,-10110.946363661531,1,-0.0,-10110.946363661531,479454.3561116311
2012-04-10,-10008.95381962881,1,0.0,-10008.95381962881,469445.4022920023
2012-04-11,20090.759096837803,1,0.0,20090.759096837803,489536.16138884006
2012-04-12,40017.58380408036,1,-0.0,40017.58380408036,529553.7451929204
2012-04-13,-39932.223139590875,1,-0.0,-39932.223139590875,489621.52205332957
2012-04-16,-20040.281255460457,1,-0.0,-20040.281255460457,469581.2407978691
2012-04-17,30090.697619216662,1,0.0,30090.697619216662,499671.9384170858
2012-04-18,-30045.300227480624,1,0.0,-30045.300227480624,469626.63818960515
2012-04-19,-20060.465079477923,1,-0.0,-20060.465079477923,449566.1731101272
2012-04-20,-9972.137398193592,1,0.0,-9972.137398193592,439594.0357119336
2012-04-23,-10098.367443563759,1,-0.0,-10098.367443563759,429495.66826836986
2012-04-24,40201.838727922404,1,-0.0,40201.838727922404,469697.5069962923
2012-04-25,20036.47068034119,1,0.0,20036.47068034119,489733.97767663345
2012-04-26,-30075.55434405531,1,0.0,-30075.55434405531,459658.42333257815
2012-04-27,-20080.67776602251,1,0.0,-20080.67776602251,439577.74556655565
2012-04-30,-20057.94619813194,1,0.0,-20057.94619813194,419519.7993684237
2012-05-01,30166.57652999895,1,0.0,30166.57652999895,449686.3758984227
2012-05-02,-20080.67776602251,1,-0.0,-20080.67776602251,429605.69813240017
2012-05-03,-10006.23814060245,1,-0.0,-10006.23814060245,419599.4599917977
2012-05-04,-40247.308395618194,1,0.0,-40247.308395618194,379352.15159617946
2012-05-07,10075.82508384026,1,-0.0,10075.82508384026,389427.97668001975
2012-05-08,-40282.97897990171,1,0.0,-40282.97897990171,349144.99770011805
2012-05-09,-10091.087925116759,1,0.0,-10091.087925116759,339053.9097750013
2012-05-10,20192.36564808395,1,-0.0,20192.36564808395,359246.27542308526
2012-05-11,-50429.98335415363,1,0.0,-50429.98335415363,308816.2920689316
2012-05-14,-80007.69337465584,1,0.0,-80007.69337465584,228808.59869427577
2012-05-15,-20060.74676582869,1,0.0,-20060.74676582869,208747.85192844708
2012-05-16,-9997.505552598643,1,0.0,-9997.505552598643,198750.34637584843
2012-05-17,-80235.67875683201,0,-0.0,-80235.67875683201,118514.66761901641
2012-05-18,-3058.14311356021,0,0.0,-3058.14311356021,115456.52450545621
2012-05-21,0.0,0,-0.0,0.0,115456.52450545621
2012-05-22,0.0,0,0.0,0.0,115456.52450545621
2012-05-23,0.0,0,-0.0,0.0,115456.52450545621
2012-05-24,0.0,0,0.0,0.0,115456.52450545621
2012-05-25,-0.0,0,0.0,0.0,115456.52450545621
2012-05-28,0.0,0,0.0,0.0,115456.52450545621
2012-05-29,-0.0,0,0.0,0.0,115456.52450545621
2012-05-30,0.0,0,0.0,0.0,115456.52450545621
2012-05-31,-0.0,0,0.0,0.0,115456.52450545621
2012-06-01,0.0,0,0.0,0.0,115456.52450545621
2012-06-04,0.0,0,-10394.347549842476,-10394.347549842476,105062.17695561373
2012-06-05,0.0,0,0.0,0.0,105062.17695561373
2012-06-06,0.0,0,9924.27169423924,9924.27169423924,114986.44864985297
2012-06-07,0.0,0,19993.63356458721,19993.63356458721,134980.0822144402
2012-06-08,-0.0,0,9983.227931731977,9983.227931731977,144963.31014617218
2012-06-11,0.0,0,19966.455863463387,19966.455863463387,164929.76600963558
2012-06-12,0.0,0,-30025.205217804974,-30025.205217804974,134904.56079183062
2012-06-13,-0.0,0,0.0,0.0,134904.56079183062
2012-06-14,0.0,0,-30075.7101184321,-30075.7101184321,104828.85067339853
2012-06-15,0.0,0,20050.47341228731,20050.47341228731,124879.32408568583
2012-06-18,-0.0,0,5.70828078813683e-10,5.70828078813683e-10,124879.3240856864
2012-06-19,0.0,0,-10050.568112291365,-10050.568112291365,114828.75597339503
2012-06-20,0.0,0,-30050.441908309323,-30050.441908309323,84778.31406508571
2012-06-21,-0.0,0,-30101.009895171293,-30101.009895171293,54677.304169914416
2012-06-22,0.0,0,10075.994642820644,10075.994642820644,64753.29881273506
2012-06-25,-0.0,0,5.693899521154794e-10,5.693899521154794e-10,64753.29881273563
2012-06-26,0.0,0,-20135.017073971714,-20135.017073971714,44618.281738763915
2012-06-27,-0.0,0,10059.033032074269,10059.033032074269,54677.31477083819
2012-06-28,-0.0,0,20118.066064147966,20118.066064147966,74795.38083498615
2012-06-29,0.0,0,19996.642679286073,19996.642679286073,94792.02351427222
2012-07-02,0.0,0,9924.547879136395,9924.547879136395,104716.57139340862
2012-07-03,0.0,0,9966.360967665092,9966.360967665092,114682.93236107372
2012-07-04,0.0,0,0.0,0.0,114682.93236107372
2012-07-05,0.0,0,19849.095758273354,19849.095758273354,134532.02811934706
2012-07-06,0.0,0,-19865.77925744653,-19865.77925744653,114666.24886190053
2012-07-09,-0.0,0,0.0,0.0,114666.24886190053
2012-07-10,0.0,0,-20050.67985269149,-20050.67985269149,94615.56900920904
2012-07-11,0.0,0,-30126.858415116036,-30126.858415116036,64488.710594093005
2012-07-12,0.0,0,10059.27484035335,10059.27484035335,74547.98543444635
2012-07-13,0.0,0,-3.3427291260318848,-3.3427291260318848,74544.64270532032
2012-07-16,0.0,0,-19966.181557688822,-19966.181557688822,54578.461147631504
2012-07-17,0.0,0,0.0,0.0,54578.461147631504
2012-07-18,0.0,0,-19983.080182608825,-19983.080182608825,34595.380965022676
2012-07-19,0.0,0,10016.951669501039,10016.951669501039,44612.332634523715
2012-07-20,-0.0,0,-29974.620273913806,-29974.620273913806,14637.712360609909
2012-07-23,-0.0,0,1.1436347210395566e-09,1.1436347210395566e-09,14637.712360611053
2012-07-24,-0.0,0,-20153.237263686842,-20153.237263686842,-5515.52490307579
2012-07-25,-0.0,0,9995.344817126785,9995.344817126785,4479.819914050995
2012-07-26,0.0,0,-5.684341886080801e-10,-5.684341886080801e-10,4479.819914050427
2012-07-27,0.0,0,-9982.994277971342,-9982.994277971342,-5503.174363920915
2012-07-30,0.0,0,-30004.655182873215,-30004.655182873215,-35507.82954679413
2012-07-31,-0.0,0,10068.062640875718,10068.062640875718,-25439.76690591841
2012-08-01,0.0,0,-10076.618631843994,-10076.618631843994,-35516.385537762406
2012-08-02,-0.0,0,-20084.91808495329,-20084.91808495329,-55601.3036227157
2012-08-03,0.0,0,19996.00807772083,19996.00807772083,-35605.295544994864
2012-08-06,-0.0,0,-20003.65845442125,-20003.65845442125,-55608.95399941612
2012-08-07,0.0,0,0.0,0.0,-55608.95399941612
2012-08-08,0.0,0,-9966.210147790824,-9966.210147790824,-65575.16414720695
2012-08-09,0.0,0,-393.68046755738584,-393.68046755738584,-65968.84461476433
2012-08-10,0.0,0,0.0,0.0,-65968.84461476433
2012-08-13,0.0,0,0.0,0.0,-65968.84461476433
2012-08-14,0.0,0,0.0,0.0,-65968.84461476433
2012-08-15,0.0,0,0.0,0.0,-65968.84461476433
2012-08-16,0.0,0,-0.0,0.0,-65968.84461476433
2012-08-17,-0.0,0,-0.0,-0.0,-65968.84461476433
2012-08-20,0.0,0,-0.0,0.0,-65968.84461476433
2012-08-21,-0.0,0,0.0,0.0,-65968.84461476433
2012-08-22,0.0,0,-0.0,0.0,-65968.84461476433
2012-08-23,-0.0,0,-0.0,-0.0,-65968.84461476433
2012-08-24,0.0,0,0.0,0.0,-65968.84461476433
2012-08-27,-0.0,0,-0.0,-0.0,-65968.84461476433
2012-08-28,0.0,0,0.0,0.0,-65968.84461476433
2012-08-29,0.0,0,-0.0,0.0,-65968.84461476433
2012-08-30,-0.0,0,0.0,0.0,-65968.84461476433
2012-08-31,0.0,0,0.0,0.0,-65968.84461476433
2012-09-03,0.0,0,0.0,0.0,-65968.84461476433
2012-09-04,0.0,0,-0.0,0.0,-65968.84461476433
2012-09-05,0.0,0,0.0,0.0,-65968.84461476433
2012-09-06,0.0,0,0.0,0.0,-65968.84461476433
2012-09-07,0.0,0,0.0,0.0,-65968.84461476433
2012-09-10,0.0,0,0.0,0.0,-65968.84461476433
2012-09-11,0.0,0,-0.0,0.0,-65968.84461476433
2012-09-12,0.0,0,0.0,0.0,-65968.84461476433
2012-09-13,0.0,0,0.0,0.0,-65968.84461476433
2012-09-14,0.0,0,-0.0,0.0,-65968.84461476433
2012-09-17,0.0,0,-0.0,0.0,-65968.84461476433
2012-09-18,-0.0,0,-0.0,-0.0,-65968.84461476433
2012-09-19,-0.0,0,-0.0,-0.0,-65968.84461476433
2012-09-20,0.0,0,-0.0,0.0,-65968.84461476433
2012-09-21,-0.0,0,0.0,0.0,-65968.84461476433
2012-09-24,-0.0,0,-0.0,-0.0,-65968.84461476433
2012-09-25,-0.0,0,0.0,0.0,-65968.84461476433
2012-09-26,0.0,0,0.0,0.0,-65968.84461476433
2012-09-27,0.0,0,0.0,0.0,-65968.84461476433
2012-09-28,0.0,0,0.0,0.0,-65968.84461476433
2012-10-01,-0.0,0,-0.0,-0.0,-65968.84461476433
2012-10-02,0.0,0,-0.0,0.0,-65968.84461476433
2012-10-03,0.0,0,-0.0,0.0,-65968.84461476433
2012-10-04,0.0,0,-0.0,0.0,-65968.84461476433
2012-10-05,0.0,0,-0.0,0.0,-65968.84461476433
2012-10-08,0.0,0,0.0,0.0,-65968.84461476433
2012-10-09,0.0,0,-0.0,0.0,-65968.84461476433
2012-10-10,-0.0,0,-0.0,-0.0,-65968.84461476433
2012-10-11,-0.0,0,-0.0,-0.0,-65968.84461476433
2012-10-12,0.0,0,-0.0,0.0,-65968.84461476433
2012-10-15,0.0,0,-0.0,0.0,-65968.84461476433
2012-10-16,0.0,0,-0.0,0.0,-65968.84461476433
2012-10-17,0.0,0,-0.0,0.0,-65968.84461476433
2012-10-18,0.0,0,-0.0,0.0,-65968.84461476433
2012-10-19,-0.0,0,-0.0,-0.0,-65968.84461476433
2012-10-22,0.0,0,-0.0,0.0,-65968.84461476433
2012-10-23,0.0,0,0.0,0.0,-65968.84461476433
2012-10-24,0.0,0,0.0,0.0,-65968.84461476433
2012-10-25,0.0,0,-0.0,0.0,-65968.84461476433
2012-10-26,0.0,0,0.0,0.0,-65968.84461476433
2012-10-29,-0.0,0,-0.0,-0.0,-65968.84461476433
2012-10-30,0.0,0,0.0,0.0,-65968.84461476433
2012-10-31,-0.0,0,-0.0,-0.0,-65968.84461476433
2012-11-01,0.0,0,0.0,0.0,-65968.84461476433
2012-11-02,0.0,0,0.0,0.0,-65968.84461476433
2012-11-05,-0.0,0,-0.0,-0.0,-65968.84461476433
2012-11-06,0.0,0,-0.0,0.0,-65968.84461476433
2012-11-07,0.0,0,0.0,0.0,-65968.84461476433
2012-11-08,-0.0,0,0.0,0.0,-65968.84461476433
2012-11-09,-0.0,0,0.0,0.0,-65968.84461476433
2012-11-12,0.0,0,0.0,0.0,-65968.84461476433
2012-11-13,-0.0,0,0.0,0.0,-65968.84461476433
2012-11-14,0.0,0,0.0,0.0,-65968.84461476433
2012-11-15,0.0,0,0.0,0.0,-65968.84461476433
2012-11-16,0.0,0,0.0,0.0,-65968.84461476433
2012-11-19,0.0,0,0.0,0.0,-65968.84461476433
2012-11-20,0.0,0,-0.0,0.0,-65968.84461476433
2012-11-21,0.0,0,-0.0,0.0,-65968.84461476433
2012-11-22,0.0,0,0.0,0.0,-65968.84461476433
2012-11-23,0.0,0,-0.0,0.0,-65968.84461476433
2012-11-26,0.0,0,0.0,0.0,-65968.84461476433
2012-11-27,-0.0,0,0.0,0.0,-65968.84461476433
2012-11-28,-0.0,0,0.0,0.0,-65968.84461476433
2012-11-29,0.0,0,0.0,0.0,-65968.84461476433
2012-11-30,0.0,0,0.0,0.0,-65968.84461476433
2012-12-03,0.0,0,0.0,0.0,-65968.84461476433
2012-12-04,-0.0,0,-0.0,-0.0,-65968.84461476433
2012-12-05,-0.0,0,0.0,0.0,-65968.84461476433
2012-12-06,-0.0,0,-0.0,-0.0,-65968.84461476433
2012-12-07,0.0,0,0.0,0.0,-65968.84461476433
2012-12-10,0.0,0,-0.0,0.0,-65968.84461476433
2012-12-11,0.0,0,0.0,0.0,-65968.84461476433
2012-12-12,0.0,0,-0.0,0.0,-65968.84461476433
2012-12-13,0.0,0,-0.0,0.0,-65968.84461476433
2012-12-14,0.0,0,-0.0,0.0,-65968.84461476433
2012-12-17,0.0,0,-0.0,0.0,-65968.84461476433
2012-12-18,0.0,0,0.0,0.0,-65968.84461476433
2012-12-19,-0.0,0,-0.0,-0.0,-65968.84461476433
2012-12-20,-0.0,0,0.0,0.0,-65968.84461476433
2012-12-21,0.0,0,-0.0,0.0,-65968.84461476433
2012-12-24,0.0,0,0.0,0.0,-65968.84461476433
2012-12-25,0.0,0,0.0,0.0,-65968.84461476433
2012-12-26,-0.0,0,0.0,0.0,-65968.84461476433
2012-12-27,-0.0,0,-0.0,-0.0,-65968.84461476433
2012-12-28,-0.0,0,0.0,0.0,-65968.84461476433
2012-12-31,0.0,0,-0.0,0.0,-65968.84461476433
2013-01-01,0.0,0,0.0,0.0,-65968.84461476433
2013-01-02,0.0,0,0.0,0.0,-65968.84461476433
2013-01-03,0.0,0,-0.0,0.0,-65968.84461476433
2013-01-04,0.0,0,-0.0,0.0,-65968.84461476433
2013-01-07,-0.0,0,-0.0,-0.0,-65968.84461476433
2013-01-08,0.0,0,0.0,0.0,-65968.84461476433
2013-01-09,0.0,0,0.0,0.0,-65968.84461476433
2013-01-10,0.0,0,-0.0,0.0,-65968.84461476433
2013-01-11,-0.0,0,0.0,0.0,-65968.84461476433
2013-01-14,0.0,0,0.0,0.0,-65968.84461476433
2013-01-15,-0.0,0,0.0,0.0,-65968.84461476433
2013-01-16,-0.0,0,0.0,0.0,-65968.84461476433
2013-01-17,0.0,0,0.0,0.0,-65968.84461476433
2013-01-18,0.0,0,-0.0,0.0,-65968.84461476433
2013-01-21,0.0,0,0.0,0.0,-65968.84461476433
2013-01-22,-0.0,0,-0.0,-0.0,-65968.84461476433
2013-01-23,0.0,0,0.0,0.0,-65968.84461476433
2013-01-24,0.0,0,-0.0,0.0,-65968.84461476433
2013-01-25,0.0,0,0.0,0.0,-65968.84461476433
2013-01-28,0.0,0,0.0,0.0,-65968.84461476433
2013-01-29,0.0,0,-0.0,0.0,-65968.84461476433
2013-01-30,0.0,0,0.0,0.0,-65968.84461476433
2013-01-31,-0.0,0,-0.0,-0.0,-65968.84461476433
2013-02-01,0.0,0,0.0,0.0,-65968.84461476433
2013-02-04,0.0,0,0.0,0.0,-65968.84461476433
2013-02-05,0.0,0,0.0,0.0,-65968.84461476433
2013-02-06,-0.0,0,0.0,0.0,-65968.84461476433
2013-02-07,0.0,0,-0.0,0.0,-65968.84461476433
2013-02-08,0.0,0,0.0,0.0,-65968.84461476433
2013-02-11,0.0,0,-0.0,0.0,-65968.84461476433
2013-02-12,0.0,0,0.0,0.0,-65968.84461476433
2013-02-13,0.0,0,-0.0,0.0,-65968.84461476433
2013-02-14,0.0,0,0.0,0.0,-65968.84461476433
2013-02-15,0.0,0,0.0,0.0,-65968.84461476433
2013-02-18,0.0,0,0.0,0.0,-65968.84461476433
2013-02-19,0.0,0,0.0,0.0,-65968.84461476433
2013-02-20,0.0,0,0.0,0.0,-65968.84461476433
2013-02-21,0.0,0,0.0,0.0,-65968.84461476433
2013-02-22,-0.0,0,0.0,0.0,-65968.84461476433
2013-02-25,0.0,0,0.0,0.0,-65968.84461476433
2013-02-26,0.0,0,0.0,0.0,-65968.84461476433
2013-02-27,0.0,0,-0.0,0.0,-65968.84461476433
2013-02-28,0.0,0,-0.0,0.0,-65968.84461476433
2013-03-01,-0.0,0,0.0,0.0,-65968.84461476433
2013-03-04,0.0,0,0.0,0.0,-65968.84461476433
2013-03-05,0.0,0,-0.0,0.0,-65968.84461476433
2013-03-06,0.0,0,-0.0,0.0,-65968.84461476433
2013-03-07,0.0,0,0.0,0.0,-65968.84461476433
2013-03-08,0.0,-1,-0.0,0.0,-65968.84461476433
2013-03-11,-13064.271686083655,-1,-0.0,-13064.271686083655,-79033.11630084798
2013-03-12,39979.89529823082,-1,0.0,39979.89529823082,-39053.22100261716
2013-03-13,-10015.100075827171,-1,-0.0,-10015.100075827171,-49068.32107844433
2013-03-14,-0.0,-1,0.0,0.0,-49068.32107844433
2013-03-15,10030.18936779329,-1,0.0,10030.18936779329,-39038.13171065104
2013-03-18,60128.419350457014,-1,0.0,60128.419350457014,21090.287639805974
2013-03-19,20199.343533362066,-1,-0.0,20199.343533362066,41289.63117316804
2013-03-20,-20275.491901257297,-1,0.0,-20275.491901257297,21014.139271910743
2013-03-21,20051.707279260772,-1,-0.0,20051.707279260772,41065.84655117152
2013-03-22,10111.051019999291,-1,0.0,10111.051019999291,51176.89757117081
2013-03-25,-20002.49519456034,-1,0.0,-20002.49519456034,31174.402376610473
2013-03-26,20069.41157775063,-1,0.0,20069.41157775063,51243.8139543611
2013-03-27,50353.72372487691,-1,0.0,50353.72372487691,101597.53767923801
2013-03-28,-0.0,-1,0.0,0.0,101597.53767923801
2013-03-29,-0.0,-1,0.0,0.0,101597.53767923801
2013-04-01,-9908.808063353928,-1,-0.0,-9908.808063353928,91688.72961588408
2013-04-02,-192.57897295811563,-1,0.0,-192.57897295811563,91496.15064292596
2013-04-03,40452.94418188667,-1,0.0,40452.94418188667,131949.09482481264
2013-04-04,29992.655100836437,-1,-0.0,29992.655100836437,161941.74992564908
2013-04-05,80156.83655204544,0,-0.0,80156.83655204544,242098.5864776945
2013-04-08,-3056.9267869202527,0,0.0,-3056.9267869202527,239041.65969077425
2013-04-09,0.0,0,-0.0,0.0,239041.65969077425
2013-04-10,0.0,0,0.0,0.0,239041.65969077425
2013-04-11,-0.0,0,0.0,0.0,239041.65969077425
2013-04-12,0.0,0,-0.0,0.0,239041.65969077425
2013-04-15,-0.0,0,0.0,0.0,239041.65969077425
2013-04-16,0.0,0,-0.0,0.0,239041.65969077425
2013-04-17,-0.0,0,0.0,0.0,239041.65969077425
2013-04-18,-0.0,0,-0.0,-0.0,239041.65969077425
2013-04-19,0.0,0,0.0,0.0,239041.65969077425
2013-04-22,-0.0,0,0.0,0.0,239041.65969077425
2013-04-23,0.0,0,-0.0,0.0,239041.65969077425
2013-04-24,-0.0,0,0.0,0.0,239041.65969077425
2013-04-25,0.0,0,0.0,0.0,239041.65969077425
2013-04-26,0.0,0,0.0,0.0,239041.65969077425
2013-04-29,0.0,0,0.0,0.0,239041.65969077425
2013-04-30,0.0,0,0.0,0.0,239041.65969077425
2013-05-01,0.0,0,-0.0,0.0,239041.65969077425
2013-05-02,0.0,0,-0.0,0.0,239041.65969077425
2013-05-03,0.0,0,0.0,0.0,239041.65969077425
2013-05-06,0.0,0,0.0,0.0,239041.65969077425
2013-05-07,0.0,0,-0.0,0.0,239041.65969077425
2013-05-08,-0.0,0,-0.0,-0.0,239041.65969077425
2013-05-09,0.0,0,0.0,0.0,239041.65969077425
2013-05-10,0.0,0,0.0,0.0,239041.65969077425
2013-05-13,0.0,0,-0.0,0.0,239041.65969077425
2013-05-14,0.0,0,-0.0,0.0,239041.65969077425
2013-05-15,-0.0,0,0.0,0.0,239041.65969077425
2013-05-16,0.0,0,-0.0,0.0,239041.65969077425
2013-05-17,0.0,0,0.0,0.0,239041.65969077425
2013-05-20,0.0,0,-0.0,0.0,239041.65969077425
2013-05-21,-0.0,0,0.0,0.0,239041.65969077425
2013-05-22,0.0,-1,-0.0,0.0,239041.65969077425
2013-05-23,6936.87926736231,-1,-0.0,6936.87926736231,245978.53895813657
2013-05-24,10005.032952107666,-1,-0.0,10005.032952107666,255983.57191024424
2013-05-27,-0.0,-1,0.0,0.0,255983.57191024424
2013-05-28,-110140.97300703908,-1,-0.0,-110140.97300703908,145842.59890320516
2013-05-29,29876.026385413017,-1,0.0,29876.026385413017,175718.62528861818
2013-05-30,9995.01172740223,-1,0.0,9995.01172740223,185713.6370160204
2013-05-31,-39843.3681039847,-1,0.0,-39843.3681039847,145870.26891203568
2013-06-03,29804.692517185922,-1,0.0,29804.692517185922,175674.9614292216
2013-06-04,10040.155847320522,-1,0.0,10040.155847320522,185715.11727654212
2013-06-05,19794.4578893622,-1,0.0,19794.4578893622,205509.57516590433
2013-06-06,19929.7395527007,-1,-0.0,19929.7395527007,225439.31471860502
2013-06-07,-69783.97824267874,-1,0.0,-69783.97824267874,155655.33647592628
2013-06-10,-49649.5729190193,-1,0.0,-49649.5729190193,106005.76355690698
2013-06-11,39795.144527319295,-1,0.0,39795.144527319295,145800.90808422628
2013-06-12,-49574.935560074664,-1,0.0,-49574.935560074664,96225.97252415161
2013-06-13,39361.017884379435,-1,0.0,39361.017884379435,135586.99040853104
2013-06-14,19622.239696367225,-1,0.0,19622.239696367225,155209.23010489828
2013-06-17,-69716.8869170564,-1,0.0,-69716.8869170564,85492.34318784188
2013-06-18,-9919.959389942625,-1,-0.0,-9919.959389942625,75572.38379789925
2013-06-19,-88899.82222279321,-1,-0.0,-88899.82222279321,-13327.43842489396
2013-06-20,-60009.978104798094,-1,0.0,-60009.978104798094,-73337.41652969205
2013-06-21,-59573.773188866806,-1,-0.0,-59573.773188866806,-132911.18971855886
2013-06-24,-9563.14710039815,-1,-0.0,-9563.14710039815,-142474.336818957
2013-06-25,-20010.227135563568,-1,0.0,-20010.227135563568,-162484.56395452056
2013-06-26,9930.45242708602,-1,0.0,9930.45242708602,-152554.11152743455
2013-06-27,30048.512875509143,-1,0.0,30048.512875509143,-122505.59865192541
2013-06-28,-30119.716441776356,-1,-0.0,-30119.716441776356,-152625.31509370176
2013-07-01,34.86692941838555,-1,0.0,34.86692941838555,-152590.44816428339
2013-07-02,20069.80979577583,-1,-0.0,20069.80979577583,-132520.63836850756
2013-07-03,-20159.685384619926,-1,-0.0,-20159.685384619926,-152680.32375312748
2013-07-04,-0.0,-1,0.0,0.0,-152680.32375312748
2013-07-05,-170493.27821550803,0,-0.0,-170493.27821550803,-323173.6019686355
2013-07-08,-3083.3259729988417,0,0.0,-3083.3259729988417,-326256.9279416344
2013-07-09,0.0,0,-0.0,0.0,-326256.9279416344
2013-07-10,0.0,0,-0.0,0.0,-326256.9279416344
2013-07-11,0.0,0,0.0,0.0,-326256.9279416344
2013-07-12,0.0,0,0.0,0.0,-326256.9279416344
2013-07-15,0.0,0,-0.0,0.0,-326256.9279416344
2013-07-16,-0.0,0,-0.0,-0.0,-326256.9279416344
2013-07-17,0.0,0,0.0,0.0,-326256.9279416344
2013-07-18,0.0,0,0.0,0.0,-326256.9279416344
2013-07-19,-0.0,0,-0.0,-0.0,-326256.9279416344
2013-07-22,0.0,0,-0.0,0.0,-326256.9279416344
2013-07-23,0.0,0,-0.0,0.0,-326256.9279416344
2013-07-24,0.0,0,-0.0,0.0,-326256.9279416344
2013-07-25,0.0,0,0.0,0.0,-326256.9279416344
2013-07-26,0.0,0,-0.0,0.0,-326256.9279416344
2013-07-29,0.0,0,0.0,0.0,-326256.9279416344
2013-07-30,0.0,0,-0.0,0.0,-326256.9279416344
2013-07-31,0.0,0,0.0,0.0,-326256.9279416344
2013-08-01,0.0,0,-0.0,0.0,-326256.9279416344
2013-08-02,0.0,0,0.0,0.0,-326256.9279416344
2013-08-05,0.0,0,0.0,0.0,-326256.9279416344
2013-08-06,0.0,0,-0.0,0.0,-326256.9279416344
2013-08-07,-0.0,0,0.0,0.0,-326256.9279416344
2013-08-08,0.0,0,0.0,0.0,-326256.9279416344
2013-08-09,-0.0,0,0.0,0.0,-326256.9279416344
2013-08-12,0.0,0,-0.0,0.0,-326256.9279416344
2013-08-13,0.0,0,0.0,0.0,-326256.9279416344
2013-08-14,0.0,0,0.0,0.0,-326256.9279416344
2013-08-15,0.0,0,-0.0,0.0,-326256.9279416344
2013-08-16,0.0,0,0.0,0.0,-326256.9279416344
2013-08-19,0.0,0,0.0,0.0,-326256.9279416344
2013-08-20,-0.0,0,0.0,0.0,-326256.9279416344
2013-08-21,0.0,0,-0.0,0.0,-326256.9279416344
2013-08-22,0.0,0,-0.0,0.0,-326256.9279416344
2013-08-23,0.0,0,-0.0,0.0,-326256.9279416344
2013-08-26,-0.0,0,-0.0,-0.0,-326256.9279416344
2013-08-27,0.0,0,-0.0,0.0,-326256.9279416344
2013-08-28,0.0,0,-0.0,0.0,-326256.9279416344
2013-08-29,0.0,0,-0.0,0.0,-326256.9279416344
2013-08-30,0.0,0,-0.0,0.0,-326256.9279416344
2013-09-02,0.0,0,0.0,0.0,-326256.9279416344
2013-09-03,0.0,0,0.0,0.0,-326256.9279416344
2013-09-04,0.0,0,-0.0,0.0,-326256.9279416344
2013-09-05,0.0,0,0.0,0.0,-326256.9279416344
2013-09-06,0.0,0,0.0,0.0,-326256.9279416344
2013-09-09,0.0,0,0.0,0.0,-326256.9279416344
2013-09-10,0.0,0,0.0,0.0,-326256.9279416344
2013-09-11,0.0,0,-0.0,0.0,-326256.9279416344
2013-09-12,0.0,0,0.0,0.0,-326256.9279416344
2013-09-13,-0.0,0,0.0,0.0,-326256.9279416344
2013-09-16,0.0,0,0.0,0.0,-326256.9279416344
2013-09-17,0.0,0,-0.0,0.0,-326256.9279416344
2013-09-18,0.0,-1,0.0,0.0,-326256.9279416344
2013-09-19,-73084.23042382233,-1,-0.0,-73084.23042382233,-399341.15836545674
2013-09-20,9965.355971635418,-1,-0.0,9965.355971635418,-389375.8023938213
2013-09-23,39910.88385534578,-1,0.0,39910.88385534578,-349464.9185384755
2013-09-24,49925.65770721128,-1,-0.0,49925.65770721128,-299539.26083126426
2013-09-25,50038.472764562444,-1,0.0,50038.472764562444,-249500.78806670182
2013-09-26,-50084.50924671658,-1,0.0,-50084.50924671658,-299585.2973134184
2013-09-27,20029.8001473605,-1,0.0,20029.8001473605,-279555.49716605793
2013-09-30,-10000.00000000001,-1,0.0,-10000.00000000001,-289555.49716605793
2013-10-01,-20049.702118959904,-1,0.0,-20049.702118959904,-309605.19928501785
2013-10-02,10042.206334563482,-1,0.0,10042.206334563482,-299562.99295045435
2013-10-03,30037.31499522963,-1,0.0,30037.31499522963,-269525.6779552247
2013-10-04,-40139.26462237628,-1,-0.0,-40139.26462237628,-309664.942577601
2013-10-07,50019.8878466354,-1,-0.0,50019.8878466354,-259645.0547309656
2013-10-08,19968.90818481599,-1,-0.0,19968.90818481599,-239676.14654614963
2013-10-09,-50007.370838804025,-1,-0.0,-50007.370838804025,-289683.5173849537
2013-10-10,-50007.41084955963,-1,-0.0,-50007.41084955963,-339690.9282345133
2013-10-11,9990.084186418766,-1,0.0,9990.084186418766,-329700.8440480946
2013-10-14,-0.0,-1,0.0,0.0,-329700.8440480946
2013-10-15,-29977.69508025737,-1,-0.0,-29977.69508025737,-359678.53912835196
2013-10-16,29832.985721603243,-1,-0.0,29832.985721603243,-329845.5534067487
2013-10-17,70000.00000000006,-1,0.0,70000.00000000006,-259845.55340674863
2013-10-18,10039.804002435532,-1,0.0,10039.804002435532,-249805.7494043131
2013-10-21,-30134.3861572851,-1,-0.0,-30134.3861572851,-279940.1355615982
2013-10-22,70265.99269390707,-1,0.0,70265.99269390707,-209674.14286769112
2013-10-23,30224.45435595441,-1,0.0,30224.45435595441,-179449.6885117367
2013-10-24,-172.2717854171533,-1,0.0,-172.2717854171533,-179621.96029715386
2013-10-25,-10001.246943238744,-1,-0.0,-10001.246943238744,-189623.2072403926
2013-10-28,-10079.834340807982,-1,-0.0,-10079.834340807982,-199703.04158120058
2013-10-29,72.32398327289047,-1,0.0,72.32398327289047,-199630.7175979277
2013-10-30,-152.18552865063612,-1,-0.0,-152.18552865063612,-199782.90312657834
2013-10-31,-40142.10479419571,-1,-0.0,-40142.10479419571,-239925.00792077405
2013-11-01,-60470.843122267805,-1,-0.0,-60470.843122267805,-300395.85104304185
2013-11-04,10038.500665306652,-1,0.0,10038.500665306652,-290357.3503777352
2013-11-05,-60178.99105358985,-1,-0.0,-60178.99105358985,-350536.34143132507
2013-11-06,-4.98827075743975,-1,0.0,-4.98827075743975,-350541.3297020825
2013-11-07,30034.730192349256,-1,0.0,30034.730192349256,-320506.59950973326
2013-11-08,-110398.93417416535,-1,-0.0,-110398.93417416535,-430905.5336838986
2013-11-11,-0.0,-1,0.0,0.0,-430905.5336838986
2013-11-12,-9876.274180315893,-1,-0.0,-9876.274180315893,-440781.8078642145
2013-11-13,29728.181385586173,-1,0.0,29728.181385586173,-411053.6264786284
2013-11-14,29814.285304555917,-1,0.0,29814.285304555917,-381239.34117407247
2013-11-15,12.474411696188326,-1,-0.0,12.474411696188326,-381226.8667623763
2013-11-18,39960.33674567595,-1,-0.0,39960.33674567595,-341266.53001670033
2013-11-19,-60047.20261193241,-1,0.0,-60047.20261193241,-401313.73262863274
2013-11-20,-99916.99488361872,-1,0.0,-99916.99488361872,-501230.72751225147
2013-11-21,19953.12167135765,-1,-0.0,19953.12167135765,-481277.6058408938
2013-11-22,59814.71830246123,-1,0.0,59814.71830246123,-421462.8875384326
2013-11-25,-33.44695803397735,-1,-0.0,-33.44695803397735,-421496.33449646656
2013-11-26,19920.721014572162,-1,-0.0,19920.721014572162,-401575.61348189437
2013-11-27,-39976.48976510523,-1,0.0,-39976.48976510523,-441552.1032469996
2013-11-28,-0.0,-1,0.0,0.0,-441552.1032469996
2013-11-29,-9975.236760396516,-1,-0.0,-9975.236760396516,-451527.3400073961
2013-12-02,-39806.796922210866,-1,-0.0,-39806.796922210866,-491334.136929607
2013-12-03,-128.54840915334353,-1,-0.0,-128.54840915334353,-491462.6853387604
2013-12-04,-29737.83407497482,-1,0.0,-29737.83407497482,-521200.5194137352
2013-12-05,-39703.889082513,-1,-0.0,-39703.889082513,-560904.4084962482
2013-12-06,-0.0,-1,-0.0,-0.0,-560904.4084962482
2013-12-09,19812.72753122213,-1,-0.0,19812.72753122213,-541091.680965026
2013-12-10,49580.80546034078,-1,-0.0,49580.80546034078,-491510.8755046852
2013-12-11,-39698.58604358938,-1,-0.0,-39698.58604358938,-531209.4615482746
2013-12-12,262.74145324250276,-1,-0.0,262.74145324250276,-530946.7200950321
2013-12-13,9901.470289666384,-1,-0.0,9901.470289666384,-521045.24980536575
2013-12-16,-9906.363765611286,-1,-0.0,-9906.363765611286,-530951.613570977
2013-12-17,39605.881158664655,-1,0.0,39605.881158664655,-491345.73241231235
2013-12-18,-59684.25979353227,-1,0.0,-59684.25979353227,-551029.9922058446
2013-12-19,-19499.869042194467,-1,-0.0,-19499.869042194467,-570529.8612480391
2013-12-20,69992.54708007751,-1,-0.0,69992.54708007751,-500537.31416796154
2013-12-23,-40126.09064275461,-1,-0.0,-40126.09064275461,-540663.4048107162
2013-12-24,-50000.00000000027,-1,0.0,-50000.00000000027,-590663.4048107164
2013-12-25,-0.0,-1,0.0,0.0,-590663.4048107164
2013-12-26,30009.67624229008,-1,0.0,30009.67624229008,-560653.7285684263
2013-12-27,-39923.4609310557,-1,-0.0,-39923.4609310557,-600577.189499482
2013-12-30,19888.11958403261,-1,-0.0,19888.11958403261,-580689.0699154495
2013-12-31,-59871.852736472676,-1,-0.0,-59871.852736472676,-640560.9226519221
2014-01-01,-0.0,-1,0.0,0.0,-640560.9226519221
2014-01-02,49799.54799524159,-1,0.0,49799.54799524159,-590761.3746566805
2014-01-03,10019.578724224268,-1,0.0,10019.578724224268,-580741.7959324563
2014-01-06,19904.09239334575,-1,-0.0,19904.09239334575,-560837.7035391105
2014-01-07,19960.574151696735,-1,0.0,19960.574151696735,-540877.1293874137
2014-01-08,-19969.374476552894,-1,-0.0,-19969.374476552894,-560846.5038639667
2014-01-09,49852.18950828236,-1,-0.0,49852.18950828236,-510994.3143556843
2014-01-10,39922.943139488096,-1,0.0,39922.943139488096,-471071.3712161962
2014-01-13,40118.69570283992,-1,0.0,40118.69570283992,-430952.6755133563
2014-01-14,-40198.10603589299,-1,0.0,-40198.10603589299,-471150.78154924925
2014-01-15,-69.3176754987071,-1,-0.0,-69.3176754987071,-471220.099224748
2014-01-16,40079.0745894832,-1,0.0,40079.0745894832,-431141.02463526477
2014-01-17,10086.662286712271,-1,0.0,10086.662286712271,-421054.3623485525
2014-01-20,-0.0,-1,0.0,0.0,-421054.3623485525
2014-01-21,-10049.526508973471,-1,-0.0,-10049.526508973471,-431103.88885752595
2014-01-22,19885.96172087916,-1,-0.0,19885.96172087916,-411217.9271366468
2014-01-23,30333.106812498576,-1,0.0,30333.106812498576,-380884.8203241482
2014-01-24,20307.654946620813,-1,0.0,20307.654946620813,-360577.1653775274
2014-01-27,-30283.201687011406,-1,0.0,-30283.201687011406,-390860.3670645388
2014-01-28,20076.9178501241,-1,-0.0,20076.9178501241,-370783.4492144147
2014-01-29,60682.70896260372,-1,0.0,60682.70896260372,-310100.740251811
2014-01-30,-30007.45293550625,-1,-0.0,-30007.45293550625,-340108.1931873172
2014-01-31,29925.657707211314,-1,0.0,29925.657707211314,-310182.5354801059
2014-02-03,20049.604141375254,-1,-0.0,20049.604141375254,-290132.9313387306
2014-02-04,-20111.927734715988,-1,0.0,-20111.927734715988,-310244.8590734466
2014-02-05,-50142.87008556823,-1,0.0,-50142.87008556823,-360387.7291590148
2014-02-06,-19980.13249574256,-1,-0.0,-19980.13249574256,-380367.8616547574
2014-02-07,-10050.858247066939,-1,0.0,-10050.858247066939,-390418.71990182437
2014-02-10,30005.052731601776,-1,0.0,30005.052731601776,-360413.6671702226
2014-02-11,-19960.23613407024,-1,-0.0,-19960.23613407024,-380373.9033042929
2014-02-12,-49851.4730922432,-1,-0.0,-49851.4730922432,-430225.37639653607
2014-02-13,39615.71367041671,-1,0.0,39615.71367041671,-390609.66272611934
2014-02-14,-19960.364800830102,-1,-0.0,-19960.364800830102,-410570.0275269494
2014-02-17,-0.0,-1,0.0,0.0,-410570.0275269494
2014-02-18,29876.189954669066,-1,0.0,29876.189954669066,-380693.8375722804
2014-02-19,32.30416978497669,-1,0.0,32.30416978497669,-380661.5334024954
2014-02-20,-19936.806185279253,-1,-0.0,-19936.806185279253,-400598.33958777465
2014-02-21,19893.574153137688,-1,-0.0,19893.574153137688,-380704.76543463697
2014-02-24,47.11723110120511,-1,-0.0,47.11723110120511,-380657.64820353576
2014-02-25,39850.22633577522,-1,0.0,39850.22633577522,-340807.42186776054
2014-02-26,19982.62725309967,-1,0.0,19982.62725309967,-320824.79461466084
2014-02-27,20019.859729483764,-1,-0.0,20019.859729483764,-300804.93488517706
2014-02-28,-10019.87380427292,-1,-0.0,-10019.87380427292,-310824.80868945
2014-03-03,50085.65942611582,-1,0.0,50085.65942611582,-260739.14926333417
2014-03-04,-90442.96533849207,-1,-0.0,-90442.96533849207,-351182.11460182624
2014-03-05,-0.0,-1,0.0,0.0,-351182.11460182624
2014-03-06,34.802710704731,-1,0.0,34.802710704731,-351147.3118911215
2014-03-07,-49852.6670700829,-1,-0.0,-49852.6670700829,-400999.9789612044
2014-03-10,-51.87095617970044,-1,0.0,-51.87095617970044,-401051.8499173841
2014-03-11,19901.121945382514,-1,0.0,19901.121945382514,-381150.7279720016
2014-03-12,39841.683268098095,-1,0.0,39841.683268098095,-341309.0447039035
2014-03-13,39865.01632601395,-1,0.0,39865.01632601395,-301444.02837788954
2014-03-14,30019.887597218432,-1,0.0,30019.887597218432,-271424.1407806711
2014-03-17,-30099.36902136369,-1,-0.0,-30099.36902136369,-301523.50980203477
2014-03-18,-4.93379001455105,-1,0.0,-4.93379001455105,-301528.4435920493
2014-03-19,9950.368254998495,-1,-0.0,9950.368254998495,-291578.07533705083
2014-03-20,-29928.093317902552,-1,-0.0,-29928.093317902552,-321506.16865495336
2014-03-21,39802.24389076503,-1,-0.0,39802.24389076503,-281703.92476418836
2014-03-24,29947.87537536704,-1,-0.0,29947.87537536704,-251756.04938882132
2014-03-25,-9975.236760396516,-1,-0.0,-9975.236760396516,-261731.28614921783
2014-03-26,19908.574307577994,-1,0.0,19908.574307577994,-241822.71184163983
2014-03-27,19980.168372837976,-1,-0.0,19980.168372837976,-221842.54346880186
2014-03-28,-40000.00000000004,-1,-0.0,-40000.00000000004,-261842.5434688019
2014-03-31,-9988.790378459315,-1,0.0,-9988.790378459315,-271831.3338472612
2014-04-01,-39920.729601660205,-1,0.0,-39920.729601660205,-311752.0634489214
2014-04-02,-19831.999390003068,-1,-0.0,-19831.999390003068,-331584.06283892447
2014-04-03,9885.292565982354,-1,-0.0,9885.292565982354,-321698.7702729421
2014-04-04,29711.179342526797,-1,0.0,29711.179342526797,-291987.5909304153
2014-04-07,9943.150948123024,-1,-0.0,9943.150948123024,-282044.4399822923
2014-04-08,9986.398424986686,-1,0.0,9986.398424986686,-272058.0415573056
2014-04-09,-49985.04638341532,-1,-0.0,-49985.04638341532,-322043.08794072096
2014-04-10,59940.505118513924,-1,-0.0,59940.505118513924,-262102.58282220704
2014-04-11,20039.747608545396,0,-0.0,20039.747608545396,-242062.83521366166
2014-04-14,-3084.8565161368842,0,-0.0,-3084.8565161368842,-245147.69172979853
2014-04-15,-0.0,0,-0.0,-0.0,-245147.69172979853
2014-04-16,0.0,0,-0.0,0.0,-245147.69172979853
2014-04-17,0.0,0,-0.0,0.0,-245147.69172979853
2014-04-18,0.0,0,0.0,0.0,-245147.69172979853
2014-04-21,0.0,0,0.0,0.0,-245147.69172979853
2014-04-22,0.0,0,-0.0,0.0,-245147.69172979853
2014-04-23,0.0,0,-0.0,0.0,-245147.69172979853
2014-04-24,0.0,0,-0.0,0.0,-245147.69172979853
2014-04-25,-0.0,0,-0.0,-0.0,-245147.69172979853
2014-04-28,0.0,0,0.0,0.0,-245147.69172979853
2014-04-29,0.0,0,0.0,0.0,-245147.69172979853
2014-04-30,0.0,0,0.0,0.0,-245147.69172979853
2014-05-01,0.0,0,-0.0,0.0,-245147.69172979853
2014-05-02,-0.0,0,0.0,0.0,-245147.69172979853
2014-05-05,0.0,0,0.0,0.0,-245147.69172979853
2014-05-06,-0.0,0,-0.0,-0.0,-245147.69172979853
2014-05-07,0.0,0,0.0,0.0,-245147.69172979853
2014-05-08,0.0,0,0.0,0.0,-245147.69172979853
2014-05-09,0.0,0,0.0,0.0,-245147.69172979853
2014-05-12,0.0,0,-0.0,0.0,-245147.69172979853
2014-05-13,0.0,0,0.0,0.0,-245147.69172979853
2014-05-14,-0.0,0,-0.0,-0.0,-245147.69172979853
2014-05-15,0.0,0,0.0,0.0,-245147.69172979853
2014-05-16,0.0,0,-0.0,0.0,-245147.69172979853
2014-05-19,0.0,0,0.0,0.0,-245147.69172979853
2014-05-20,0.0,0,0.0,0.0,-245147.69172979853
2014-05-21,0.0,0,0.0,0.0,-245147.69172979853
2014-05-22,0.0,0,-0.0,0.0,-245147.69172979853
2014-05-23,-0.0,0,-0.0,-0.0,-245147.69172979853
2014-05-26,0.0,0,0.0,0.0,-245147.69172979853
2014-05-27,-0.0,0,-0.0,-0.0,-245147.69172979853
2014-05-28,0.0,1,0.0,0.0,-245147.69172979853
2014-05-29,6921.919735836938,1,0.0,6921.919735836938,-238225.7719939616
2014-05-30,29985.04206447183,1,-0.0,29985.04206447183,-208240.72992948975
2014-06-02,39880.463888266284,1,-0.0,39880.463888266284,-168360.26604122348
2014-06-03,39706.78013780739,1,0.0,39706.78013780739,-128653.48590341609
2014-06-04,9920.64749376138,1,0.0,9920.64749376138,-118732.83840965471
2014-06-05,-9836.41976784958,1,0.0,-9836.41976784958,-128569.25817750429
2014-06-06,-70.68082065997805,1,-0.0,-70.68082065997805,-128639.93899816427
2014-06-09,-148.73668102515876,1,-0.0,-148.73668102515876,-128788.67567918943
2014-06-10,-163.4672827296672,1,-0.0,-163.4672827296672,-128952.1429619191
2014-06-11,19890.985311975644,1,-0.0,19890.985311975644,-109061.15764994346
2014-06-12,-49289.676862450506,1,0.0,-49289.676862450506,-158350.83451239398
2014-06-13,-10120.27650407144,1,-0.0,-10120.27650407144,-168471.1110164654
2014-06-16,-30039.495082628993,1,-0.0,-30039.495082628993,-198510.6060990944
2014-06-17,29608.47015468984,1,-0.0,29608.47015468984,-168902.13594440458
2014-06-18,-19507.889941028086,1,0.0,-19507.889941028086,-188410.02588543267
2014-06-19,29747.153403185774,1,0.0,29747.153403185774,-158662.8724822469
2014-06-20,-29873.55588371057,1,0.0,-29873.55588371057,-188536.42836595746
2014-06-23,19967.631981309394,1,-0.0,19967.631981309394,-168568.79638464807
2014-06-24,-49609.778672130444,1,-0.0,-49609.778672130444,-218178.5750567785
2014-06-25,-9866.1019390393,1,0.0,-9866.1019390393,-228044.6769958178
2014-06-26,-19769.22401578332,1,0.0,-19769.22401578332,-247813.90101160112
2014-06-27,19944.044604727045,1,0.0,19944.044604727045,-227869.85640687408
2014-06-30,-29930.37045114075,1,-0.0,-29930.37045114075,-257800.22685801482
2014-07-01,49776.266937409295,1,0.0,49776.266937409295,-208023.95992060553
2014-07-02,39608.01013836474,1,0.0,39608.01013836474,-168415.9497822408
2014-07-03,-20054.228608051417,1,0.0,-20054.228608051417,-188470.17839029222
2014-07-04,0.0,1,0.0,0.0,-188470.17839029222
2014-07-07,-19792.06785736371,1,-0.0,-19792.06785736371,-208262.24624765592
2014-07-08,-39548.01459032611,1,0.0,-39548.01459032611,-247810.26083798203
2014-07-09,-9930.51736924104,1,-0.0,-9930.51736924104,-257740.77820722308
2014-07-10,30041.948903629527,1,0.0,30041.948903629527,-227698.82930359355
2014-07-11,-39868.27933810203,1,0.0,-39868.27933810203,-267567.1086416956
2014-07-14,19910.50677496363,1,0.0,19910.50677496363,-247656.60186673194
2014-07-15,-40.95465610979227,1,-0.0,-40.95465610979227,-247697.55652284174
2014-07-16,-19925.460676419283,1,-0.0,-19925.460676419283,-267623.017199261
2014-07-17,-49611.33964248374,1,0.0,-49611.33964248374,-317234.35684174474
2014-07-18,-9995.030108688119,1,-0.0,-9995.030108688119,-327229.38695043285
2014-07-21,-9970.137171056444,1,-0.0,-9970.137171056444,-337199.5241214893
2014-07-22,9990.0401289957,1,0.0,9990.0401289957,-327209.4839924936
2014-07-23,-9985.059425309819,1,0.0,-9985.059425309819,-337194.5434178034
2014-07-24,9968.86128688011,1,0.0,9968.86128688011,-327225.6821309233
2014-07-25,-39840.844513488286,1,-0.0,-39840.844513488286,-367066.5266444116
2014-07-28,9980.067455668028,1,0.0,9980.067455668028,-357086.4591887436
2014-07-29,-29910.411513169773,1,-0.0,-29910.411513169773,-386996.8707019134
2014-07-30,79892.83735772473,1,-0.0,79892.83735772473,-307104.03334418865
2014-07-31,39864.53931616085,1,-0.0,39864.53931616085,-267239.4940280278
2014-08-01,297.418827079513,1,0.0,297.418827079513,-266942.0752009483
2014-08-04,-9960.211128372292,1,0.0,-9960.211128372292,-276902.2863293206
2014-08-05,-19930.344777152084,1,0.0,-19930.344777152084,-296832.63110647263
2014-08-06,-9987.547038540091,1,0.0,-9987.547038540091,-306820.1781450127
2014-08-07,-19905.420441009745,1,0.0,-19905.420441009745,-326725.59858602245
2014-08-08,13.709202440872104,1,-0.0,13.709202440872104,-326711.8893835816
2014-08-11,-19980.07128819516,1,0.0,-19980.07128819516,-346691.96067177673
2014-08-12,39975.094077080146,1,0.0,39975.094077080146,-306716.8665946966
2014-08-13,-9990.023461079796,1,0.0,-9990.023461079796,-316706.8900557764
2014-08-14,-20022.44332230452,1,-0.0,-20022.44332230452,-336729.3333780809
2014-08-15,-60119.876248971384,1,-0.0,-60119.876248971384,-396849.2096270523
2014-08-18,30262.73491484327,1,0.0,30262.73491484327,-366586.474712209
2014-08-19,-9957.577539643176,1,0.0,-9957.577539643176,-376544.0522518522
2014-08-20,93.56447275093524,1,-0.0,93.56447275093524,-376450.48777910124
2014-08-21,-20009.979043204436,1,-0.0,-20009.979043204436,-396460.4668223057
2014-08-22,-49955.216907266644,1,-0.0,-49955.216907266644,-446415.68372957234
2014-08-25,-10019.979374828343,1,-0.0,-10019.979374828343,-456435.6631044007
2014-08-26,9980.087173754073,1,0.0,9980.087173754073,-446455.5759306466
2014-08-27,-10068.636332416912,1,-0.0,-10068.636332416912,-456524.2122630635
2014-08-28,-20122.430866663966,1,-0.0,-20122.430866663966,-476646.6431297275
2014-08-29,30017.68712995197,1,-0.0,30017.68712995197,-446628.95599977556
2014-09-01,0.0,1,0.0,0.0,-446628.95599977556
2014-09-02,20383.719692228813,1,0.0,20383.719692228813,-426245.23630754673
2014-09-03,-29.895415527655132,1,-0.0,-29.895415527655132,-426275.13172307436
2014-09-04,20097.25709422523,1,0.0,20097.25709422523,-406177.87462884915
2014-09-05,29952.70348200685,1,0.0,29952.70348200685,-376225.1711468423
2014-09-08,17.40343630014104,1,-0.0,17.40343630014104,-376207.7677105422
2014-09-09,2.4651689057100157,1,-0.0,2.4651689057100157,-376205.30254163645
2014-09-10,19927.82751205558,1,0.0,19927.82751205558,-356277.4750295809
2014-09-11,0.0,1,-0.0,0.0,-356277.4750295809
2014-09-12,79602.39330356297,1,0.0,79602.39330356297,-276675.0817260179
2014-09-15,-19821.583202275044,1,0.0,-19821.583202275044,-296496.6649282929
2014-09-16,29921.632295716718,1,0.0,29921.632295716718,-266575.0326325762
2014-09-17,-20069.115150039892,1,-0.0,-20069.115150039892,-286644.1477826161
2014-09-18,9910.791601137302,1,-0.0,9910.791601137302,-276733.35618147877
2014-09-19,-39623.4755642144,1,-0.0,-39623.4755642144,-316356.83174569317
2014-09-22,-9878.525138447714,1,0.0,-9878.525138447714,-326235.35688414087
2014-09-23,-19832.495241805686,1,-0.0,-19832.495241805686,-346067.85212594655
2014-09-24,9900.659718277326,1,0.0,9900.659718277326,-336167.1924076692
2014-09-25,-19759.379111814873,1,0.0,-19759.379111814873,-355926.5715194841
2014-09-26,-10008.659501512535,1,-0.0,-10008.659501512535,-365935.23102099664
2014-09-29,-29828.56042588008,1,0.0,-29828.56042588008,-395763.7914468767
2014-09-30,19940.27434211333,1,0.0,19940.27434211333,-375823.51710476336
2014-10-01,-49732.724124192784,1,0.0,-49732.724124192784,-425556.24122895615
2014-10-02,20019.9651785639,1,0.0,20019.9651785639,-405536.27605039225
2014-10-03,-29920.34869501595,1,-0.0,-29920.34869501595,-435456.6247454082
2014-10-06,9935.32861285637,1,0.0,9935.32861285637,-425521.2961325518
2014-10-07,-50077.23719069936,1,0.0,-50077.23719069936,-475598.5333232512
2014-10-08,49847.963559145166,1,0.0,49847.963559145166,-425750.569764106
2014-10-09,-10045.033604544404,1,0.0,-10045.033604544404,-435795.6033686504
2014-10-10,-20161.37422868183,1,0.0,-20161.37422868183,-455956.97759733227
2014-10-13,0.0,1,0.0,0.0,-455956.97759733227
2014-10-14,-40711.1984494903,1,0.0,-40711.1984494903,-496668.17604682257
2014-10-15,-10007.103571609643,1,0.0,-10007.103571609643,-506675.2796184322
2014-10-16,10054.038692480632,1,0.0,10054.038692480632,-496621.24092595157
2014-10-17,10080.434720009718,1,-0.0,10080.434720009718,-486540.80620594183
2014-10-20,10.0205604085495,1,0.0,10.0205604085495,-486530.7856455333
2014-10-21,20012.54835257052,1,-0.0,20012.54835257052,-466518.2372929628
2014-10-22,-10023.773413710238,1,-0.0,-10023.773413710238,-476542.010706673
2014-10-23,39919.9211040894,1,0.0,39919.9211040894,-436622.0896025836
2014-10-24,0.0,1,0.0,0.0,-436622.0896025836
2014-10-27,-19920.03499620778,1,0.0,-19920.03499620778,-456542.1245987914
2014-10-28,19912.467549293156,1,-0.0,19912.467549293156,-436629.6570494983
2014-10-29,-20157.429659437053,1,-0.0,-20157.429659437053,-456787.0867089353
2014-10-30,-19870.28762791557,1,0.0,-19870.28762791557,-476657.3743368509
2014-10-31,9857.66222126298,1,0.0,9857.66222126298,-466799.7121155879
2014-11-03,-10042.430628649056,1,0.0,-10042.430628649056,-476842.142744237
2014-11-04,-9925.219086675794,1,0.0,-9925.219086675794,-486767.36183091276
2014-11-05,9930.179685697012,1,0.0,9930.179685697012,-476837.18214521575
2014-11-06,9808.020436790717,1,0.0,9808.020436790717,-467029.16170842503
2014-11-07,-39428.51107528366,1,0.0,-39428.51107528366,-506457.67278370867
2014-11-10,19730.249378799766,1,-0.0,19730.249378799766,-486727.4234049089
2014-11-11,0.0,1,0.0,0.0,-486727.4234049089
2014-11-12,-9915.308464460904,1,0.0,-9915.308464460904,-496642.7318693698
2014-11-13,119.65627569725984,1,0.0,119.65627569725984,-496523.0755936725
2014-11-14,-39773.11446769513,1,9607.65193689212,-30165.462530803008,-526688.5381244755
2014-11-17,19890.16534020562,1,10016.986225328206,29907.15156553383,-496781.3865589417
2014-11-18,-9888.954970574436,1,29974.568595123917,20085.61362454948,-476695.7729343922
2014-11-19,29797.75526980803,1,-9983.056360665856,19814.69890914217,-456881.07402525004
2014-11-20,-9869.105516010892,1,9957.720472349962,88.61495633906998,-456792.459068911
2014-11-21,-29805.431441873137,1,-29898.46554048965,-59703.896982362785,-516496.35605127376
2014-11-24,-9950.057403947822,1,10016.986225328206,66.92882138038476,-516429.4272298934
2014-11-25,-9899.956215650389,1,-40067.9449013114,-49967.90111696179,-566397.3283468552
2014-11-26,-49880.098663340934,1,10076.77522454458,-39803.32343879635,-606200.6517856516
2014-11-27,0.0,1,-3.6519812826472804,-3.6519812826472804,-606204.3037669342
2014-11-28,-14.426701272335777,1,50000.000000000284,49985.57329872795,-556218.7304682062
2014-12-01,20080.13484795042,1,20017.051692238423,40097.18654018884,-516121.5439280174
2014-12-02,44.644907725130906,1,1.1320402434500206e-09,44.64490772626295,-516076.8990202911
2014-12-03,-9995.177439145647,1,-20003.651981284354,-29998.829420430004,-546075.728440721
2014-12-04,-19884.8582255477,1,10008.487781451588,-9876.370444096114,-555952.0988848172
2014-12-05,-39921.019861558576,1,-50170.07582118258,-90091.09568274116,-646043.1945675584
2014-12-08,-39782.60831501836,1,8.548251469955394e-10,-39782.60831501751,-685825.8028825759
2014-12-09,-39899.937001418584,1,30204.60508579773,-9695.331915620853,-695521.1347981967
2014-12-10,9864.634805611422,1,20153.550449089737,30018.18525470116,-665502.9495434955
2014-12-11,-19910.315535607973,0,-3.6519812826472804,-19913.96751689062,-685416.9170603862
2014-12-12,-3072.2290641694026,0,49957.42438190057,46885.195317731166,-638531.721742655
2014-12-15,0.0,0,-20051.2195403901,-20051.2195403901,-658582.9412830451
2014-12-16,0.0,0,40102.43908078105,40102.43908078105,-618480.502202264
2014-12-17,0.0,0,0.0,0.0,-618480.502202264
2014-12-18,0.0,0,-39897.94692984148,-39897.94692984148,-658378.4491321056
2014-12-19,-0.0,0,5.650587360231477e-10,5.650587360231477e-10,-658378.449132105
2014-12-22,0.0,0,-29948.94137762567,-29948.94137762567,-688327.3905097307
2014-12-23,0.0,0,0.0,0.0,-688327.3905097307
2014-12-24,0.0,0,-29796.533688217565,-29796.533688217565,-718123.9241979482
2014-12-25,0.0,0,0.0,0.0,-718123.9241979482
2014-12-26,-0.0,0,8.483086902723023e-10,8.483086902723023e-10,-718123.9241979474
2014-12-29,0.0,0,-9966.003680138063,-9966.003680138063,-728089.9278780854
2014-12-30,0.0,0,5.684341886080801e-10,5.684341886080801e-10,-728089.9278780848
2014-12-31,0.0,0,20034.12486163167,20034.12486163167,-708055.8030164532
2015-01-01,0.0,0,0.0,0.0,-708055.8030164532
2015-01-02,0.0,0,0.0,0.0,-708055.8030164532
2015-01-05,-0.0,0,10068.508352869856,10068.508352869856,-697987.2946635833
2015-01-06,0.0,0,-4.951176798967315,-4.951176798967315,-697992.2458403823
2015-01-07,0.0,0,10060.27394774146,10060.27394774146,-687931.9718926408
2015-01-08,0.0,0,10060.273947742602,10060.273947742602,-677871.6979448982
2015-01-09,0.0,0,9991.432873749964,9991.432873749964,-667880.2650711482
2015-01-12,0.0,0,-5.698988391453635e-10,-5.698988391453635e-10,-667880.2650711488
2015-01-13,0.0,0,-2.9546770931761714,-2.9546770931761714,-667883.219748242
2015-01-14,0.0,0,30025.827982116138,30025.827982116138,-637857.3917661258
2015-01-15,0.0,0,70181.02501911038,70181.02501911038,-567676.3667470154
2015-01-16,0.0,0,-30129.46758840498,-30129.46758840498,-597805.8343354204
2015-01-19,0.0,0,0.0,0.0,-597805.8343354204
2015-01-20,-0.0,0,-10017.229560904228,-10017.229560904228,-607823.0638963246
2015-01-21,0.0,0,-20069.005624312485,-20069.005624312485,-627892.069520637
2015-01-22,0.0,0,5.689235722099938e-10,5.689235722099938e-10,-627892.0695206365
2015-01-23,0.0,0,9982.813998188283,9982.813998188283,-617909.2555224482
2015-01-26,0.0,0,-20103.63977090843,-20103.63977090843,-638012.8952933566
2015-01-27,0.0,0,10051.819885454215,10051.819885454215,-627961.0754079024
2015-01-28,0.0,0,5.708873153936144e-10,5.708873153936144e-10,-627961.0754079018
2015-01-29,0.0,0,-10004.897601499053,-10004.897601499053,-637965.9730094009
2015-01-30,0.0,0,29922.2415196289,29922.2415196289,-608043.731489772
2015-02-02,0.0,0,0.0,0.0,-608043.731489772
2015-02-03,0.0,0,0.0,0.0,-608043.731489772
2015-02-04,0.0,0,-9931.100045461308,-9931.100045461308,-617974.8315352333
2015-02-05,0.0,0,-2.9345235465977355,-2.9345235465977355,-617977.7660587799
2015-02-06,0.0,0,-49913.861004797734,-49913.861004797734,-667891.6270635776
2015-02-09,0.0,0,-20002.94663063098,-20002.94663063098,-687894.5736942086
2015-02-10,0.0,0,0.0,0.0,-687894.5736942086
2015-02-11,-0.0,0,0.0,0.0,-687894.5736942086
2015-02-12,0.0,0,9974.268566813787,9974.268566813787,-677920.3051273949
2015-02-13,0.0,0,9974.268566814355,9974.268566814355,-667946.0365605805
2015-02-16,0.0,0,0.0,0.0,-667946.0365605805
2015-02-17,0.0,0,-19880.22278335751,-19880.22278335751,-687826.259343938
2015-02-18,0.0,0,-5.598731448423071,-5.598731448423071,-687831.8580753864
2015-02-19,0.0,0,0.0,0.0,-687831.8580753864
2015-02-20,0.0,0,-30076.954414617965,-30076.954414617965,-717908.8124900043
2015-02-23,0.0,0,-20068.44707581487,-20068.44707581487,-737977.2595658192
2015-02-24,0.0,0,9995.714756658706,9995.714756658706,-727981.5448091605
2015-02-25,-0.0,0,0.0,0.0,-727981.5448091605
2015-02-26,0.0,0,-50002.95199716807,-50002.95199716807,-777984.4968063287
2015-02-27,0.0,0,19965.600147627836,19965.600147627836,-758018.8966587008
2015-03-02,0.0,0,19982.78918641182,19982.78918641182,-738036.107472289
2015-03-03,0.0,0,-20003.609633473603,-20003.609633473603,-758039.7171057626
2015-03-04,0.0,0,0.0,0.0,-758039.7171057626
2015-03-05,0.0,0,9982.876558065169,9982.876558065169,-748056.8405476974
2015-03-06,0.0,0,-19965.75311612977,-19965.75311612977,-768022.5936638272
2015-03-09,0.0,0,9995.710903529523,9995.710903529523,-758026.8827602976
2015-03-10,-0.0,0,-10025.630614678372,-10025.630614678372,-768052.513374976
2015-03-11,-0.0,0,-3.301528097072197,-3.301528097072197,-768055.8149030731
2015-03-12,0.0,0,10025.735022411201,10025.735022411201,-758030.0798806619
2015-03-13,0.0,0,10025.73502241234,10025.73502241234,-748004.3448582495
2015-03-16,0.0,0,9991.443292627391,9991.443292627391,-738012.9015656222
2015-03-17,-0.0,0,10008.567513260175,10008.567513260175,-728004.334052362
2015-03-18,0.0,0,60206.010305125536,60206.010305125536,-667798.3237472365
2015-03-19,0.0,0,-50003.61454359231,-50003.61454359231,-717801.9382908288
2015-03-20,0.0,0,10000.0,10000.0,-707801.9382908288
2015-03-23,-0.0,0,30103.466428826865,30103.466428826865,-677698.4718620019
2015-03-24,0.0,0,-10017.22257369992,-10017.22257369992,-687715.6944357018
2015-03-25,0.0,0,0.0,0.0,-687715.6944357018
2015-03-26,0.0,0,20034.44514739984,20034.44514739984,-667681.249288302
2015-03-27,0.0,0,-19863.087421627875,-19863.087421627875,-687544.3367099299
2015-03-30,0.0,0,19999.999999999432,19999.999999999432,-667544.3367099304
2015-03-31,0.0,0,5.669703409306784e-10,5.669703409306784e-10,-667544.3367099299
2015-04-01,0.0,0,-5.67945622008014e-10,-5.67945622008014e-10,-667544.3367099304
2015-04-02,0.0,0,0.0,0.0,-667544.3367099304
2015-04-03,0.0,0,30025.817511843343,30025.817511843343,-637518.519198087
2015-04-06,0.0,0,5.708863194511453e-10,5.708863194511453e-10,-637518.5191980865
2015-04-07,-0.0,0,-19965.64191471517,-19965.64191471517,-657484.1611128016
2015-04-08,0.0,0,-50129.25112832397,-50129.25112832397,-707613.4122411256
2015-04-09,0.0,0,20086.276683993477,20086.276683993477,-687527.1355571321
2015-04-10,-0.0,0,0.0,0.0,-687527.1355571321
2015-04-13,0.0,0,9991.405045477117,9991.405045477117,-677535.730511655
2015-04-14,0.0,0,0.0,0.0,-677535.730511655
2015-04-15,0.0,0,-8.555919756880633e-10,-8.555919756880633e-10,-677535.7305116558
2015-04-16,0.0,0,10025.85022566491,10025.85022566491,-667509.8802859909
2015-04-17,-0.0,0,-20051.70045132925,-20051.70045132925,-687561.5807373201
2015-04-20,0.0,0,20138.305589699918,20138.305589699918,-667423.2751476202
2015-04-21,0.0,0,-10025.85022566491,-10025.85022566491,-677449.1253732851
2015-04-22,0.0,0,-10017.222573701061,-10017.222573701061,-687466.3479469862
2015-04-23,0.0,0,9965.68531506065,9965.68531506065,-677500.6626319255
2015-04-24,0.0,0,19965.641914716303,19965.641914716303,-657535.0207172092
2015-04-27,0.0,0,-19982.810090952815,-19982.810090952815,-677517.830808162
2015-04-28,0.0,0,9999.999999998863,9999.999999998863,-667517.8308081632
2015-04-29,0.0,0,29820.188827174374,29820.188827174374,-637697.6419809888
2015-04-30,-0.0,0,19994.73654286209,19994.73654286209,-617702.9054381266
2015-05-01,0.0,0,9991.46063706676,9991.46063706676,-607711.4448010599
2015-05-04,0.0,0,-1.1281749222119087e-09,-1.1281749222119087e-09,-607711.4448010611
2015-05-05,0.0,0,9995.695523848028,9995.695523848028,-597715.749277213
2015-05-06,0.0,0,19932.172756058357,19932.172756058357,-577783.5765211546
2015-05-07,0.0,0,-3.9954476756211825,-3.9954476756211825,-577787.5719688302
2015-05-08,0.0,0,10059.468820775899,10059.468820775899,-567728.1031480543
2015-05-11,0.0,0,10068.00707806345,10068.00707806345,-557660.0960699909
2015-05-12,0.0,0,-9957.840540162966,-9957.840540162966,-567617.9366101539
2015-05-13,0.0,0,59797.50798107698,59797.50798107698,-507820.4286290769
2015-05-14,0.0,0,29772.907255299517,29772.907255299517,-478047.5213737774
2015-05-15,0.0,0,-19865.342448876618,-19865.342448876618,-497912.863822654
2015-05-18,0.0,0,10025.422729786798,10025.422729786798,-487887.44109286723
2015-05-19,0.0,0,-19882.101005932593,-19882.101005932593,-507769.54209879984
2015-05-20,0.0,0,19848.60483686672,19848.60483686672,-487920.9372619331
2015-05-21,-0.0,0,19996.65434731597,19996.65434731597,-467924.28291461716
2015-05-22,0.0,0,-10042.251620751415,-10042.251620751415,-477966.53453536856
2015-05-25,0.0,0,0.0,0.0,-477966.53453536856
2015-05-26,-0.0,0,-10033.780142443191,-10033.780142443191,-488000.31467781175
2015-05-27,0.0,0,-20004.013028041583,-20004.013028041583,-508004.3277058533
2015-05-28,0.0,0,40067.806678002446,40067.806678002446,-467936.52102785086
2015-05-29,0.0,0,-29974.620273913235,-29974.620273913235,-497911.1413017641
2015-06-01,0.0,0,30076.33038621827,30076.33038621827,-467834.81091554585
2015-06-02,0.0,0,-1.130161150214216e-09,-1.130161150214216e-09,-467834.81091554696
2015-06-03,0.0,0,-30005.01956963795,-30005.01956963795,-497839.8304851849
2015-06-04,0.0,0,0.0,0.0,-497839.8304851849
2015-06-05,0.0,0,-29974.774842200117,-29974.774842200117,-527814.605327385
2015-06-08,0.0,0,9933.025863001367,9933.025863001367,-517881.57946438366
2015-06-09,0.0,0,29824.083360741304,29824.083360741304,-488057.49610364233
2015-06-10,0.0,0,-30004.376798426285,-30004.376798426285,-518061.8729020686
2015-06-11,0.0,0,9958.28428219317,9958.28428219317,-508103.58861987543
2015-06-12,0.0,0,-10041.976242878516,-10041.976242878516,-518145.56486275396
2015-06-15,0.0,0,30151.20877614691,30151.20877614691,-487994.35608660703
2015-06-16,0.0,0,10050.402925382303,10050.402925382303,-477943.9531612247
2015-06-17,0.0,0,20151.492244111196,20151.492244111196,-457792.4609171135
2015-06-18,0.0,0,60353.04073378276,60353.04073378276,-397439.4201833308
2015-06-19,0.0,0,0.0,0.0,-397439.4201833308
2015-06-22,0.0,0,-10058.840122297697,-10058.840122297697,-407498.2603056285
2015-06-23,0.0,0,9974.939430150698,9974.939430150698,-397523.32087547774
2015-06-24,0.0,0,-9925.097988869125,-9925.097988869125,-407448.41886434687
2015-06-25,0.0,0,-9966.60667659332,-9966.60667659332,-417415.0255409402
2015-06-26,0.0,0,9958.28428219317,9958.28428219317,-407456.741258747
2015-06-29,0.0,0,29994.919465456565,29994.919465456565,-377461.82179329044
2015-06-30,0.0,0,-10004.40500641041,-10004.40500641041,-387466.2267997009
2015-07-01,0.0,0,0.0,0.0,-387466.2267997009
2015-07-02,0.0,0,29775.476774868417,29775.476774868417,-357690.75002483244
2015-07-03,0.0,0,0.0,0.0,-357690.75002483244
2015-07-06,0.0,0,-19850.317849911902,-19850.317849911902,-377541.06787474436
2015-07-07,0.0,0,5.6986287993141e-10,5.6986287993141e-10,-377541.0678747438
2015-07-08,0.0,0,30151.085078209093,30151.085078209093,-347389.98279653466
2015-07-09,0.0,0,10067.232763087512,10067.232763087512,-337322.75003344717
2015-07-10,0.0,0,19949.91972643034,19949.91972643034,-317372.83030701685
2015-07-13,0.0,0,-20005.08485913012,-20005.08485913012,-337377.91516614694
2015-07-14,0.0,0,29999.999999999432,29999.999999999432,-307377.9151661475
2015-07-15,0.0,0,-5.684341886080801e-10,-5.684341886080801e-10,-307377.9151661481
2015-07-16,0.0,0,-30125.055454695615,-30125.055454695615,-337502.9706208437
2015-07-17,-0.0,0,-10066.82071523262,-10066.82071523262,-347569.79133607633
2015-07-20,0.0,0,-10003.732068312089,-10003.732068312089,-357573.5234043884
2015-07-21,-0.0,0,9975.000691337696,9975.000691337696,-347598.5227130507
2015-07-22,-0.0,0,-19983.313074614576,-19983.313074614576,-367581.8357876653
2015-07-23,0.0,0,5.69860545278966e-10,5.69860545278966e-10,-367581.8357876647
2015-07-24,0.0,0,20134.245387692277,20134.245387692277,-347447.5903999724
2015-07-27,0.0,0,30176.087264221962,30176.087264221962,-317271.5031357504
2015-07-28,0.0,0,10067.122693846424,10067.122693846424,-307204.380441904
2015-07-29,0.0,0,-10033.477808713047,-10033.477808713047,-317237.85825061705
2015-07-30,-0.0,0,-20033.436163714276,-20033.436163714276,-337271.2944143313
2015-07-31,0.0,0,60251.239966507695,60251.239966507695,-277020.0544478236
2015-08-03,-0.0,0,-20117.391509480356,-20117.391509480356,-297137.445957304
2015-08-04,0.0,0,-40004.38810509976,-40004.38810509976,-337141.83406240377
2015-08-05,0.0,0,19949.7356298662,19949.7356298662,-317192.0984325376
2015-08-06,0.0,0,19996.6267047314,19996.6267047314,-297195.4717278062
2015-08-07,-0.0,0,-10025.123530850984,-10025.123530850984,-307220.5952586572
2015-08-10,0.0,0,20151.306172355013,20151.306172355013,-287069.28908630216
2015-08-11,0.0,0,10008.364089009372,10008.364089009372,-277060.9249972928
2015-08-12,0.0,0,30226.959258531664,30226.959258531664,-246833.96573876115
2015-08-13,0.0,0,10058.76790471419,10058.76790471419,-236775.19783404696
2015-08-14,0.0,0,-10008.364089009372,-10008.364089009372,-246783.56192305635
2015-08-17,0.0,0,0.0,0.0,-246783.56192305635
2015-08-18,0.0,0,40167.69904498811,40167.69904498811,-206615.86287806823
2015-08-19,0.0,0,49874.85037499884,49874.85037499884,-156741.0125030694
2015-08-20,-0.0,0,-19999.999999999432,-19999.999999999432,-176741.01250306884
2015-08-21,0.0,0,60251.548567482736,60251.548567482736,-116489.4639355861
2015-08-24,0.0,0,40100.494123399374,40100.494123399374,-76388.96981218673
2015-08-25,0.0,0,30075.37059254896,30075.37059254896,-46313.59921963776
2015-08-26,0.0,0,29996.272685400083,29996.272685400083,-16317.32653423768
2015-08-27,0.0,0,-49627.6187484459,-49627.6187484459,-65944.94528268358
2015-08-28,0.0,0,-19933.59368315933,-19933.59368315933,-85878.5389658429
2015-08-31,0.0,0,19950.164390218484,19950.164390218484,-65928.37457562442
2015-09-01,0.0,0,29826.006936022437,29826.006936022437,-36102.36763960198
2015-09-02,0.0,0,-9950.256915226279,-9950.256915226279,-46052.62455482826
2015-09-03,0.0,0,-5.646687627938825e-10,-5.646687627938825e-10,-46052.62455482883
2015-09-04,-0.0,0,-19900.513830451426,-19900.513830451426,-65953.13838528025
2015-09-07,0.0,0,0.0,0.0,-65953.13838528025
2015-09-08,0.0,0,10008.32656734775,10008.32656734775,-55944.8118179325
2015-09-09,0.0,0,-59652.01387204657,-59652.01387204657,-115596.82568997907
2015-09-10,0.0,0,19966.755658356455,19966.755658356455,-95630.07003162261
2015-09-11,0.0,0,-9950.256915226279,-9950.256915226279,-105580.32694684889
2015-09-14,-0.0,0,19966.755658356455,19966.755658356455,-85613.57128849243
2015-09-15,0.0,0,29950.133487535815,29950.133487535815,-55663.43780095661
2015-09-16,0.0,0,-10005.110721291427,-10005.110721291427,-65668.54852224803
2015-09-17,0.0,0,29975.203846607892,29975.203846607892,-35693.34467564014
2015-09-18,0.0,0,-30124.44183937372,-30124.44183937372,-65817.78651501387
2015-09-21,0.0,0,39994.54971166533,39994.54971166533,-25823.23680334854
2015-09-22,0.0,0,-40003.74313422722,-40003.74313422722,-65826.97993757576
2015-09-23,0.0,0,-3.4035671862469536,-3.4035671862469536,-65830.38350476201
2015-09-24,0.0,0,9983.377829178795,9983.377829178795,-55847.00567558321
2015-09-25,0.0,0,30000.000000000568,30000.000000000568,-25847.005675582644
2015-09-28,0.0,0,19884.004624014204,19884.004624014204,-5963.001051568441
2015-09-29,0.0,0,49916.889145891706,49916.889145891706,43953.888094323265
2015-09-30,0.0,0,29950.133487534116,29950.133487534116,73904.02158185738
2015-10-01,-0.0,0,19900.51383045369,19900.51383045369,93804.53541231106
2015-10-02,0.0,0,29826.006936022437,29826.006936022437,123630.54234833349
2015-10-05,0.0,0,-9966.796841579384,-9966.796841579384,113663.7455067541
2015-10-06,-0.0,0,-10003.744712081807,-10003.744712081807,103660.00079467229
2015-10-07,0.0,0,-50124.491720291095,-50124.491720291095,53535.509074381196
2015-10-08,0.0,0,10041.548705935607,10041.548705935607,63577.057780316805
2015-10-09,0.0,0,-20000.0,-20000.0,43577.057780316805
2015-10-12,0.0,0,0.0,0.0,43577.057780316805
2015-10-13,0.0,0,20033.177236238695,20033.177236238695,63610.235016555496
2015-10-14,0.0,0,30149.668117335244,30149.668117335244,93759.90313389074
2015-10-15,0.0,0,-20003.40500125705,-20003.40500125705,73756.49813263369
2015-10-16,0.0,0,-9975.092368746908,-9975.092368746908,63781.40576388678
2015-10-19,0.0,0,19966.769236621487,19966.769236621487,83748.17500050827
2015-10-20,0.0,0,-9966.81039303188,-9966.81039303188,73781.3646074764
2015-10-21,0.0,0,-9942.025956882293,-9942.025956882293,63839.3386505941
2015-10-22,0.0,0,-19966.769236621487,-19966.769236621487,43872.56941397261
2015-10-23,0.0,0,-29999.999999999432,-29999.999999999432,13872.569413973179
2015-10-26,-0.0,0,-9983.384618311311,-9983.384618311311,3889.1847956618676
2015-10-27,0.0,0,30024.96948808774,30024.96948808774,33914.15428374961
2015-10-28,0.0,0,-50000.0,-50000.0,-16085.845716250391
2015-10-29,0.0,0,10000.000000000568,10000.000000000568,-6085.845716249823
2015-10-30,-0.0,0,-20003.405001258754,-20003.405001258754,-26089.250717508578
2015-11-02,0.0,0,-10041.548705934465,-10041.548705934465,-36130.799423443044
2015-11-03,0.0,0,10016.588618119347,10016.588618119347,-26114.210805323695
2015-11-04,0.0,0,-29950.357176587822,-29950.357176587822,-56064.56798191152
2015-11-05,0.0,0,19983.442154797012,19983.442154797012,-36081.125827114505
2015-11-06,0.0,0,-9966.945673423474,-9966.945673423474,-46048.071500537975
2015-11-09,0.0,0,-20003.762018803143,-20003.762018803143,-66051.83351934112
2015-11-10,0.0,0,30000.0,30000.0,-36051.83351934112
2015-11-11,0.0,0,0.0,0.0,-36051.83351934112
2015-11-12,0.0,0,10008.251913356844,10008.251913356844,-26043.581605984276
2015-11-13,0.0,0,10000.000000000568,10000.000000000568,-16043.581605983709
2015-11-16,-0.0,0,40099.14535135121,40099.14535135121,24055.5637453675
2015-11-17,0.0,0,-9999.999999999432,-9999.999999999432,14055.563745368068
2015-11-18,0.0,0,-20049.57267567589,-20049.57267567589,-5994.00893030782
2015-11-19,-0.0,0,-10024.786337838514,-10024.786337838514,-16018.795268146334
2015-11-20,0.0,0,0.0,0.0,-16018.795268146334
2015-11-23,-0.0,0,-10041.361660041068,-10041.361660041068,-26060.156928187404
2015-11-24,0.0,0,10057.978001155358,10057.978001155358,-16002.178927032046
2015-11-25,-0.0,0,10057.9780011565,10057.9780011565,-5944.200925875546
2015-11-26,0.0,0,0.0,0.0,-5944.200925875546
2015-11-27,0.0,0,10057.978001155358,10057.978001155358,4113.7770752798115
2015-11-30,-0.0,1,-20115.956002311857,-20115.956002311857,-16002.178927032046
2015-12-01,-33089.47356204446,1,10082.979689368562,-23006.4938726759,-39008.67279970794
2015-12-02,79.23589064918269,1,-40005.12573951314,-39925.88984886395,-78934.5626485719
2015-12-03,130225.78419444275,1,10008.302757291865,140234.08695173461,61299.52430316272
2015-12-04,-49700.55737216662,1,-30005.125739512,-79705.68311167862,-18406.158808515902
2015-12-07,-29829.978277321574,1,0.0,-29829.978277321574,-48236.13708583747
2015-12-08,9989.983007737523,1,39995.55583450511,49985.53884224263,1749.401756405161
2015-12-09,-9969.959721630643,1,-9958.673865471701,-19928.633587102344,-18179.231830697183
2015-12-10,-12.503278411233623,1,9983.438854531862,9970.935576120628,-8208.296254576555
2015-12-11,-39843.466254404775,1,49793.3693273619,9949.903072957124,1741.6068183805692
2015-12-14,10335.043846238535,1,-10008.295964080751,326.74788215778426,2068.3547005383534
2015-12-15,39953.637635172694,1,-19868.001177158447,20085.636458014247,22153.9911585526
2015-12-16,-20050.142396449988,1,-3.7588789213173572,-20053.901275371307,2100.089883181292
2015-12-17,-39750.05805925474,1,0.0,-39750.05805925474,-37649.96817607345
2015-12-18,-19947.228224726987,1,40132.38407947197,20185.155854744986,-17464.812321328467
2015-12-21,20006.30868041392,1,20082.791238804148,40089.09991921807,22624.2875978896
2015-12-22,10027.50133849006,1,-10016.527564563537,10.973773926521972,22635.261371816123
2015-12-23,9967.345771160351,1,0.0,9967.345771160351,32602.607142976474
2015-12-24,-39922.6183489558,1,-39868.26824132578,-79790.88659028159,-47188.27944730512
2015-12-25,0.0,1,0.0,0.0,-47188.27944730512
2015-12-28,-29957.65801016677,1,-10016.527564564107,-39974.18557473088,-87162.46502203599
2015-12-29,39934.39358514411,1,10033.096019867851,49967.489605011964,-37194.97541702403
2015-12-30,36.326524330981556,1,9958.859193874207,9995.185718205188,-27199.789698818837
2015-12-31,-19834.935899282827,1,0.0,-19834.935899282827,-47034.725598101664
2016-01-01,0.0,1,0.0,0.0,-47034.725598101664
2016-01-04,10030.516352147817,1,9991.751513983208,20022.267866131027,-27012.457731970637
2016-01-05,-9995.176153643846,1,10008.258678498261,13.082524854415169,-26999.375207116223
2016-01-06,-19921.862066494563,1,9991.751513983208,-9930.110552511354,-36929.485759627576
2016-01-07,9951.286157668794,1,20082.79123880529,30034.077396474084,-6895.408363153492
2016-01-08,-10080.27904161896,1,30124.186858208504,20043.907816589544,13148.499453436052
2016-01-11,40160.84422801474,1,-10041.395619403216,30119.44860861153,43267.94806204758
2016-01-12,-40100.384312863396,1,-10016.527564564107,-50116.911877427505,-6848.963815379924
2016-01-13,-20178.531627724136,1,-10066.35608784485,-30244.887715568984,-37093.85153094891
2016-01-14,30134.644254798986,1,79995.55954706157,110130.20380186055,73036.35227091165
2016-01-15,-20362.611517595396,1,19996.58640866147,-366.02510893392537,72670.32716197772
2016-01-18,0.0,1,0.0,0.0,72670.32716197772
2016-01-19,238.85256436286727,1,-30124.33979793444,-29885.487233571574,42784.839928406145
2016-01-20,-20355.56660516061,1,50207.23299655702,29851.666391396408,72636.50631980255
2016-01-21,20112.140698449457,1,50207.23299655588,70319.37369500534,142955.8800148079
2016-01-22,10429.687651558314,1,-29975.224134446005,-19545.53648288769,123410.3435319202
2016-01-25,-40282.08108178435,1,19950.509423039537,-20331.571658744815,103078.77187317538
2016-01-26,9840.758284898806,1,19983.482756297715,29824.24104119652,132903.0129143719
2016-01-27,20112.140698449457,1,5.679647403069826e-10,20112.140698450025,153015.15361282194
2016-01-28,-10179.329884500283,1,19966.985907360246,9787.656022859963,162802.80963568192
2016-01-29,9459.406838955256,1,-5.674958716599646e-10,9459.406838954688,172262.2164746366
2016-02-01,-20013.197783028416,1,10033.136763572076,-9980.06101945634,162282.15545518027
2016-02-02,-39886.209120070365,1,0.0,-39886.209120070365,122395.94633510991
2016-02-03,40039.102607763096,1,29996.58640866147,70035.68901642457,192431.63535153447
2016-02-04,9979.63790671749,1,9966.89161242164,19946.529519139127,212378.1648706736
2016-02-05,-50065.2210949032,1,-9966.89161242277,-60032.11270732597,152346.0521633476
2016-02-08,-30424.96444601928,1,9983.425308302312,-20441.539137716965,131904.51302563064
2016-02-09,-40133.7520921797,1,10066.711164672079,-30067.040927507616,101837.47209812302
2016-02-10,-50322.03084882144,1,20133.422329343586,-30188.608519477857,71648.86357864516
2016-02-11,-10007.95188895333,1,70525.67695574561,60517.725066792285,132166.58864543744
2016-02-12,40386.05344383947,1,-30003.39926088365,10382.65418295582,142549.24282839327
2016-02-15,0.0,1,0.0,0.0,142549.24282839327
2016-02-16,9939.28267862555,1,-9933.676889780327,5.605788845223287,142554.8486172385
2016-02-17,29893.896834225598,1,29996.260023725907,59890.1568579515,202445.00547519
2016-02-18,-29708.360481864347,1,5.656158369665244e-10,-29708.360481863783,172736.64499332622
2016-02-19,-40020.231855905,1,-59999.99999999943,-100020.23185590444,72716.41313742178
2016-02-22,-10012.853235462047,1,10041.599832476048,28.746597014000145,72745.15973443579
2016-02-23,-9926.416927409646,1,10024.928959406338,98.5120319966918,72843.67176643248
2016-02-24,19978.60690689867,1,-20083.19966495381,-104.59275805513971,72739.07900837735
2016-02-25,-9933.987091283747,1,0.0,-9933.987091283747,62805.091917093596
2016-02-26,-29990.05402046301,1,-3.40069699660558,-29993.454717459615,32811.63719963398
2016-02-29,28.20087785580472,1,-9958.487892285173,-9930.287014429368,22881.35018520461
2016-03-01,19924.268783444713,1,-9983.364244524448,9940.904538920266,32822.254724124876
2016-03-02,9939.478019851873,1,-40003.40069699774,-30063.92267714587,2758.332046979005
2016-03-03,-9934.457968482888,1,-30074.786878219013,-40009.2448467019,-37250.91279972289
2016-03-04,19749.538992165446,1,-40233.248407795894,-20483.70941563045,-57734.622215353345
2016-03-07,-193.45424552668192,1,-40199.803139940115,-40393.2573854668,-98127.87960082015
2016-03-08,-49269.79832422927,1,-10058.312101948402,-59328.11042617767,-157455.9900269978
2016-03-09,49618.5493171424,1,-20005.434211531585,29613.115105610817,-127842.87492138699
2016-03-10,-216.02266120515924,1,-59750.317092900295,-59966.33975410546,-187809.21467549243
2016-03-11,9986.991686285255,1,-39933.29375819533,-29946.302071910075,-217755.5167474025
2016-03-14,-9974.83609103692,1,-39900.00276535475,-49874.83885639167,-267630.35560379416
2016-03-15,-9995.036660640788,1,-30050.154245571415,-40045.1909062122,-307675.54651000636
2016-03-16,79992.17582638626,1,30125.619983253848,110117.79580964011,-197557.75070036625
2016-03-17,-29984.880057789356,1,-20083.746655502946,-50068.6267132923,-247626.37741365854
2016-03-18,-7.915098043871694,1,-30003.37763799343,-30011.292736037303,-277637.6701496958
2016-03-21,10067.470315096027,1,-20100.97093527358,-10033.500620177554,-287671.17076987337
2016-03-22,-20019.722488254858,1,-50168.07489039578,-70187.79737865063,-357858.968148524
2016-03-23,-19959.827513981378,1,-30176.809552066945,-50136.63706604832,-407995.60521457234
2016-03-24,10060.857314488778,1,-402.06098443772737,9658.796330051051,-398336.8088845213
2016-03-25,0.0,1,0.0,0.0,-398336.8088845213
2016-03-28,-20020.18156246176,1,-0.0,-20020.18156246176,-418356.9904469831
2016-03-29,29893.072101586236,1,0.0,29893.072101586236,-388463.9183453969
2016-03-30,40158.8192157717,1,0.0,40158.8192157717,-348305.0991296252
2016-03-31,-20189.57818766546,1,0.0,-20189.57818766546,-368494.6773172906
2016-04-01,-19998.59396143962,1,-0.0,-19998.59396143962,-388493.27127873024
2016-04-04,-49.80140671936897,1,0.0,-49.80140671936897,-388543.0726854496
2016-04-05,-20313.018593617046,1,-0.0,-20313.018593617046,-408856.09127906663
2016-04-06,20278.56016488871,1,0.0,20278.56016488871,-388577.5311141779
2016-04-07,-30442.774891393747,1,-0.0,-30442.774891393747,-419020.3060055716
2016-04-08,19986.40151829405,1,0.0,19986.40151829405,-399033.90448727756
2016-04-11,9989.874686811523,1,-0.0,9989.874686811523,-389044.029800466
2016-04-12,19908.90484139228,1,-0.0,19908.90484139228,-369135.1249590737
2016-04-13,-29904.12853817104,1,-0.0,-29904.12853817104,-399039.2534972448
2016-04-14,9906.302968031392,1,-0.0,9906.302968031392,-389132.9505292134
2016-04-15,-9824.167773362053,1,0.0,-9824.167773362053,-398957.1183025755
2016-04-18,9944.307017276076,1,-0.0,9944.307017276076,-389012.8112852994
2016-04-19,-10027.985827611608,1,-0.0,-10027.985827611608,-399040.797112911
2016-04-20,29753.395804495747,1,-0.0,29753.395804495747,-369287.4013084153
2016-04-21,9798.08286125083,1,-0.0,9798.08286125083,-359489.31844716443
2016-04-22,-10060.799942264943,1,-0.0,-10060.799942264943,-369550.11838942935
2016-04-25,9826.170166225762,1,-0.0,9826.170166225762,-359723.9482232036
2016-04-26,19701.837672122092,1,-0.0,19701.837672122092,-340022.1105510815
2016-04-27,-40011.67967472316,1,0.0,-40011.67967472316,-380033.79022580467
2016-04-28,19912.51467533895,1,0.0,19912.51467533895,-360121.27555046574
2016-04-29,-40.644187300547856,1,-0.0,-40.644187300547856,-360161.91973776626
2016-05-02,20244.76983268924,1,0.0,20244.76983268924,-339917.149905077
2016-05-03,-20174.883553394902,1,-0.0,-20174.883553394902,-360092.0334584719
2016-05-04,-20131.670079655145,1,-0.0,-20131.670079655145,-380223.703538127
2016-05-05,-187.02385299768503,1,0.0,-187.02385299768503,-380410.7273911247
2016-05-06,10239.135629050685,1,0.0,10239.135629050685,-370171.59176207404
2016-05-09,-122.19292204483281,1,0.0,-122.19292204483281,-370293.7846841189
2016-05-10,0.0,1,0.0,0.0,-370293.7846841189
2016-05-11,-60379.68612228191,1,0.0,-60379.68612228191,-430673.47080640076
2016-05-12,183.46611116770873,1,0.0,183.46611116770873,-430490.0046952331
2016-05-13,-40385.711020239636,1,-0.0,-40385.711020239636,-470875.7157154727
2016-05-16,9990.478719630104,1,0.0,9990.478719630104,-460885.2369958426
2016-05-17,-20009.049036805525,1,-0.0,-20009.049036805525,-480894.2860326481
2016-05-18,29781.53553189237,1,-0.0,29781.53553189237,-451112.75050075573
2016-05-19,-9856.215194539602,1,-0.0,-9856.215194539602,-460968.9656952953
2016-05-20,0.0,1,0.0,0.0,-460968.9656952953
2016-05-23,-29897.167706144162,1,0.0,-29897.167706144162,-490866.13340143947
2016-05-24,9887.531737204163,1,-0.0,9887.531737204163,-480978.6016642353
2016-05-25,9924.428641643062,1,0.0,9924.428641643062,-471054.1730225922
2016-05-26,10223.048161227242,1,-0.0,10223.048161227242,-460831.12486136495
2016-05-27,-10080.072907958467,1,-0.0,-10080.072907958467,-470911.1977693234
2016-05-30,0.0,1,0.0,0.0,-470911.1977693234
2016-05-31,20018.429066832658,1,-0.0,20018.429066832658,-450892.7687024908
2016-06-01,-30010.9139617334,1,-0.0,-30010.9139617334,-480903.6826642242
2016-06-02,-19754.99764085213,1,0.0,-19754.99764085213,-500658.6803050763
2016-06-03,10327.20494114286,1,0.0,10327.20494114286,-490331.4753639334
2016-06-06,4.9706364163976104,1,-0.0,4.9706364163976104,-490326.504727517
2016-06-07,10000.183886596347,1,0.0,10000.183886596347,-480326.32084092067
2016-06-08,-9994.936594533488,1,-0.0,-9994.936594533488,-490321.2574354542
2016-06-09,-20002.485318208215,1,0.0,-20002.485318208215,-510323.7427536624
2016-06-10,-65.81923300409107,1,0.0,-65.81923300409107,-510389.5619866665
2016-06-13,-20071.09145847243,1,0.0,-20071.09145847243,-530460.653445139
2016-06-14,-10003.72983301272,1,0.0,-10003.72983301272,-540464.3832781516
2016-06-15,29920.96254852494,1,0.0,29920.96254852494,-510543.42072962667
2016-06-16,-40176.52012223067,1,-0.0,-40176.52012223067,-550719.9408518573
2016-06-17,50356.35263078137,1,-0.0,50356.35263078137,-500363.58822107594
2016-06-20,10198.82489887302,1,-0.0,10198.82489887302,-490164.76332220295
2016-06-21,20076.187306794312,1,-0.0,20076.187306794312,-470088.5760154086
2016-06-22,-10000.00000000001,1,-0.0,-10000.00000000001,-480088.5760154086
2016-06-23,20046.959471398615,1,-0.0,20046.959471398615,-460041.61654401
2016-06-24,-29776.745839073235,1,0.0,-29776.745839073235,-489818.3623830832
2016-06-27,-80739.17765949547,1,-0.0,-80739.17765949547,-570557.5400425787
2016-06-28,-11.593174184206594,1,-0.0,-11.593174184206594,-570569.1332167629
2016-06-29,30000.00000000003,1,-0.0,30000.00000000003,-540569.1332167629
2016-06-30,30015.361810754424,1,0.0,30015.361810754424,-510553.7714060085
2016-07-01,-39957.9558930195,1,-0.0,-39957.9558930195,-550511.727299028
2016-07-04,0.0,1,0.0,0.0,-550511.727299028
2016-07-05,-59992.53270303452,1,-0.0,-59992.53270303452,-610504.2600020624
2016-07-06,-9966.472899205155,1,0.0,-9966.472899205155,-620470.7329012676
2016-07-07,20081.706221125005,1,-0.0,20081.706221125005,-600389.0266801426
2016-07-08,-60103.055347326765,0,-0.0,-60103.055347326765,-660492.0820274694
2016-07-11,-3058.298942240859,0,-0.0,-3058.298942240859,-663550.3809697103
2016-07-12,0.0,0,-0.0,0.0,-663550.3809697103
2016-07-13,0.0,0,-0.0,0.0,-663550.3809697103
2016-07-14,0.0,0,0.0,0.0,-663550.3809697103
2016-07-15,0.0,0,-0.0,0.0,-663550.3809697103
2016-07-18,0.0,0,0.0,0.0,-663550.3809697103
2016-07-19,-0.0,0,0.0,0.0,-663550.3809697103
2016-07-20,0.0,0,-0.0,0.0,-663550.3809697103
2016-07-21,0.0,0,0.0,0.0,-663550.3809697103
2016-07-22,0.0,0,-0.0,0.0,-663550.3809697103
2016-07-25,0.0,0,-0.0,0.0,-663550.3809697103
2016-07-26,-0.0,0,-0.0,-0.0,-663550.3809697103
2016-07-27,0.0,0,0.0,0.0,-663550.3809697103
2016-07-28,0.0,0,0.0,0.0,-663550.3809697103
2016-07-29,0.0,0,0.0,0.0,-663550.3809697103
2016-08-01,0.0,0,0.0,0.0,-663550.3809697103
2016-08-02,0.0,0,0.0,0.0,-663550.3809697103
2016-08-03,0.0,0,0.0,0.0,-663550.3809697103
2016-08-04,0.0,0,0.0,0.0,-663550.3809697103
2016-08-05,0.0,0,-0.0,0.0,-663550.3809697103
2016-08-08,0.0,0,-0.0,0.0,-663550.3809697103
2016-08-09,0.0,0,-0.0,0.0,-663550.3809697103
2016-08-10,0.0,0,0.0,0.0,-663550.3809697103
2016-08-11,0.0,0,-0.0,0.0,-663550.3809697103
2016-08-12,0.0,0,0.0,0.0,-663550.3809697103
2016-08-15,0.0,0,-0.0,0.0,-663550.3809697103
2016-08-16,0.0,0,-0.0,0.0,-663550.3809697103
2016-08-17,0.0,0,-0.0,0.0,-663550.3809697103
2016-08-18,0.0,0,0.0,0.0,-663550.3809697103
2016-08-19,0.0,0,-0.0,0.0,-663550.3809697103
2016-08-22,-0.0,0,-0.0,-0.0,-663550.3809697103
2016-08-23,0.0,0,-0.0,0.0,-663550.3809697103
2016-08-24,0.0,0,-0.0,0.0,-663550.3809697103
2016-08-25,0.0,0,-0.0,0.0,-663550.3809697103
2016-08-26,0.0,0,0.0,0.0,-663550.3809697103
2016-08-29,0.0,0,-0.0,0.0,-663550.3809697103
2016-08-30,0.0,0,0.0,0.0,-663550.3809697103
2016-08-31,0.0,0,-0.0,0.0,-663550.3809697103
2016-09-01,0.0,0,0.0,0.0,-663550.3809697103
2016-09-02,0.0,0,0.0,0.0,-663550.3809697103
2016-09-05,0.0,0,0.0,0.0,-663550.3809697103
2016-09-06,0.0,0,0.0,0.0,-663550.3809697103
2016-09-07,-0.0,0,0.0,0.0,-663550.3809697103
2016-09-08,0.0,0,0.0,0.0,-663550.3809697103
2016-09-09,0.0,0,0.0,0.0,-663550.3809697103
2016-09-12,0.0,0,0.0,0.0,-663550.3809697103
2016-09-13,0.0,0,0.0,0.0,-663550.3809697103
2016-09-14,0.0,0,0.0,0.0,-663550.3809697103
2016-09-15,0.0,0,0.0,0.0,-663550.3809697103
2016-09-16,-0.0,0,-0.0,-0.0,-663550.3809697103
2016-09-19,0.0,0,-0.0,0.0,-663550.3809697103
2016-09-20,-0.0,0,0.0,0.0,-663550.3809697103
2016-09-21,-0.0,0,0.0,0.0,-663550.3809697103
2016-09-22,-0.0,0,-0.0,-0.0,-663550.3809697103
2016-09-23,0.0,0,-0.0,0.0,-663550.3809697103
2016-09-26,0.0,0,0.0,0.0,-663550.3809697103
2016-09-27,0.0,0,-0.0,0.0,-663550.3809697103
2016-09-28,0.0,0,-0.0,0.0,-663550.3809697103
2016-09-29,0.0,0,-0.0,0.0,-663550.3809697103
2016-09-30,0.0,0,0.0,0.0,-663550.3809697103
2016-10-03,0.0,0,-0.0,0.0,-663550.3809697103
2016-10-04,0.0,0,-0.0,0.0,-663550.3809697103
2016-10-05,0.0,0,-0.0,0.0,-663550.3809697103
2016-10-06,0.0,0,-0.0,0.0,-663550.3809697103
2016-10-07,0.0,0,0.0,0.0,-663550.3809697103
2016-10-10,0.0,0,0.0,0.0,-663550.3809697103
2016-10-11,0.0,0,-0.0,0.0,-663550.3809697103
2016-10-12,0.0,0,-0.0,0.0,-663550.3809697103
2016-10-13,0.0,0,-0.0,0.0,-663550.3809697103
2016-10-14,0.0,0,0.0,0.0,-663550.3809697103
2016-10-17,0.0,0,-0.0,0.0,-663550.3809697103
2016-10-18,-0.0,0,0.0,0.0,-663550.3809697103
2016-10-19,0.0,0,0.0,0.0,-663550.3809697103
2016-10-20,0.0,0,-0.0,0.0,-663550.3809697103
2016-10-21,-0.0,0,0.0,0.0,-663550.3809697103
2016-10-24,0.0,0,-0.0,0.0,-663550.3809697103
2016-10-25,0.0,0,-0.0,0.0,-663550.3809697103
2016-10-26,0.0,0,0.0,0.0,-663550.3809697103
2016-10-27,0.0,0,-0.0,0.0,-663550.3809697103
2016-10-28,0.0,0,0.0,0.0,-663550.3809697103
2016-10-31,-0.0,0,0.0,0.0,-663550.3809697103
2016-11-01,0.0,0,0.0,0.0,-663550.3809697103
2016-11-02,0.0,0,0.0,0.0,-663550.3809697103
2016-11-03,0.0,0,0.0,0.0,-663550.3809697103
2016-11-04,0.0,0,0.0,0.0,-663550.3809697103
2016-11-07,0.0,0,-0.0,0.0,-663550.3809697103
2016-11-08,0.0,0,-0.0,0.0,-663550.3809697103
2016-11-09,0.0,0,0.0,0.0,-663550.3809697103
2016-11-10,0.0,-1,-0.0,0.0,-663550.3809697103
2016-11-11,-3087.162987742198,-1,0.0,-3087.162987742198,-666637.5439574525
2016-11-14,-1.0186340659856796e-10,-1,0.0,-1.0186340659856796e-10,-666637.5439574526
2016-11-15,19980.153051102323,-1,-0.0,19980.153051102323,-646657.3909063503
2016-11-16,-10015.229369923378,-1,-0.0,-10015.229369923378,-656672.6202762737
2016-11-17,-29794.403693697226,-1,-0.0,-29794.403693697226,-686467.0239699709
2016-11-18,-19695.094886393137,-1,-0.0,-19695.094886393137,-706162.118856364
2016-11-21,19886.698870655222,-1,-0.0,19886.698870655222,-686275.4199857088
2016-11-22,9840.321553307544,-1,0.0,9840.321553307544,-676435.0984324012
2016-11-23,306.22594363663666,-1,-0.0,306.22594363663666,-676128.8724887646
2016-11-24,-0.0,-1,0.0,0.0,-676128.8724887646
2016-11-25,-0.0,-1,-0.0,-0.0,-676128.8724887646
2016-11-28,29606.369309030684,-1,-0.0,29606.369309030684,-646522.5031797339
2016-11-29,-122.51208085895996,-1,-0.0,-122.51208085895996,-646645.0152605928
2016-11-30,-49518.0089162212,-1,-0.0,-49518.0089162212,-696163.024176814
2016-12-01,-49194.27046527935,-1,-0.0,-49194.27046527935,-745357.2946420934
2016-12-02,19984.647066830752,-1,0.0,19984.647066830752,-725372.6475752626
2016-12-05,30032.4163218634,-1,-0.0,30032.4163218634,-695340.2312533992
2016-12-06,-10001.239506233931,-1,0.0,-10001.239506233931,-705341.4707596331
2016-12-07,30144.96161849319,-1,0.0,30144.96161849319,-675196.5091411399
2016-12-08,-40320.492500766464,-1,-0.0,-40320.492500766464,-715517.0016419063
2016-12-09,-40167.406874571214,-1,0.0,-40167.406874571214,-755684.4085164776
2016-12-12,-19980.067382306617,-1,-0.0,-19980.067382306617,-775664.4758987841
2016-12-13,29977.60300575292,-1,-0.0,29977.60300575292,-745686.8728930312
2016-12-14,40052.49452508357,-1,-0.0,40052.49452508357,-705634.3783679476
2016-12-15,-39763.75942836778,-1,-0.0,-39763.75942836778,-745398.1377963155
2016-12-16,-9981.436905094519,-1,0.0,-9981.436905094519,-755379.57470141
2016-12-19,19622.887343723734,-1,0.0,19622.887343723734,-735756.6873576862
2016-12-20,-19878.170043076796,-1,-0.0,-19878.170043076796,-755634.8574007631
2016-12-21,-20064.698991428213,-1,-0.0,-20064.698991428213,-775699.5563921913
2016-12-22,9991.330344153117,-1,0.0,9991.330344153117,-765708.2260480382
2016-12-23,-0.0,-1,-0.0,-0.0,-765708.2260480382
2016-12-26,-0.0,-1,0.0,0.0,-765708.2260480382
2016-12-27,40039.93752090924,-1,0.0,40039.93752090924,-725668.288527129
2016-12-28,39677.137508763786,-1,0.0,39677.137508763786,-685991.1510183652
2016-12-29,-20000.293455742652,-1,0.0,-20000.293455742652,-705991.4444741078
2016-12-30,19940.14049373942,-1,0.0,19940.14049373942,-686051.3039803684
2017-01-02,-0.0,-1,0.0,0.0,-686051.3039803684
2017-01-03,19985.13625777557,-1,-0.0,19985.13625777557,-666066.1677225928
2017-01-04,9980.185610180653,-1,-0.0,9980.185610180653,-656085.9821124122
2017-01-05,20041.806439083462,-1,0.0,20041.806439083462,-636044.1756733288
2017-01-06,-218.6209586976911,-1,-0.0,-218.6209586976911,-636262.7966320266
2017-01-09,30069.811334149963,-1,0.0,30069.811334149963,-606192.9852978766
2017-01-10,-19982.660688306234,-1,0.0,-19982.660688306234,-626175.6459861828
2017-01-11,9993.806159358683,-1,-0.0,9993.806159358683,-616181.8398268241
2017-01-12,84.85135606871336,-1,0.0,84.85135606871336,-616096.9884707554
2017-01-13,-10194.96292476108,-1,-0.0,-10194.96292476108,-626291.9513955165
2017-01-16,-0.0,-1,0.0,0.0,-626291.9513955165
2017-01-17,30209.52327391955,-1,0.0,30209.52327391955,-596082.4281215969
2017-01-18,-30563.168126838682,-1,-0.0,-30563.168126838682,-626645.5962484356
2017-01-19,-30097.169150779,-1,-0.0,-30097.169150779,-656742.7653992146
2017-01-20,-59921.94199762661,-1,0.0,-59921.94199762661,-716664.7073968411
2017-01-23,29925.11837911616,-1,-0.0,29925.11837911616,-686739.589017725
2017-01-24,-10132.242235452977,-1,0.0,-10132.242235452977,-696871.831253178
2017-01-25,-39957.541458613174,-1,-0.0,-39957.541458613174,-736829.3727117911
2017-01-26,-57.271960201342154,-1,-0.0,-57.271960201342154,-736886.6446719924
2017-01-27,29931.61730553112,-1,-0.0,29931.61730553112,-706955.0273664612
2017-01-30,-0.0,-1,0.0,0.0,-706955.0273664612
2017-01-31,9950.047688649203,-1,0.0,9950.047688649203,-697004.9796778121
2017-02-01,-18.581521923755645,-1,0.0,-18.581521923755645,-697023.5611997359
2017-02-02,-9990.09280509022,-1,0.0,-9990.09280509022,-707013.6540048261
2017-02-03,-9985.055842095582,-1,0.0,-9985.055842095582,-716998.7098469217
2017-02-06,19903.918961094387,-1,0.0,19903.918961094387,-697094.7908858274
2017-02-07,20029.952069620093,-1,-0.0,20029.952069620093,-677064.8388162073
2017-02-08,50152.34511748347,-1,0.0,50152.34511748347,-626912.4936987237
2017-02-09,-10336.607805944739,-1,-0.0,-10336.607805944739,-637249.1015046685
2017-02-10,-10024.977807219113,-1,-0.0,-10024.977807219113,-647274.0793118876
2017-02-13,-20039.95028820078,-1,0.0,-20039.95028820078,-667314.0296000884
2017-02-14,9922.91873901651,-1,-0.0,9922.91873901651,-657391.1108610719
2017-02-15,-19987.371442023385,-1,-0.0,-19987.371442023385,-677378.4823030953
2017-02-16,9901.316921044272,-1,0.0,9901.316921044272,-667477.165382051
2017-02-17,20009.907194910025,-1,0.0,20009.907194910025,-647467.258187141
2017-02-20,-0.0,-1,0.0,0.0,-647467.258187141
2017-02-21,-23.645690657151135,-1,-0.0,-23.645690657151135,-647490.9038777982
2017-02-22,10009.980476355826,-1,0.0,10009.980476355826,-637480.9234014424
2017-02-23,99.5329188793039,-1,0.0,99.5329188793039,-637381.3904825631
2017-02-24,10274.690034674088,-1,-0.0,10274.690034674088,-627106.7004478889
2017-02-27,29669.023106053697,-1,-0.0,29669.023106053697,-597437.6773418352
2017-02-28,19985.13625777557,-1,-0.0,19985.13625777557,-577452.5410840596
2017-03-01,-30519.59094349727,-1,-0.0,-30519.59094349727,-607972.1320275569
2017-03-02,-40.73451310288874,-1,-0.0,-40.73451310288874,-608012.8665406598
2017-03-03,-0.0,-1,0.0,0.0,-608012.8665406598
2017-03-06,-9977.73091235258,-1,0.0,-9977.73091235258,-617990.5974530124
2017-03-07,-19961.27857972701,-1,-0.0,-19961.27857972701,-637951.8760327394
2017-03-08,-9914.975078476324,-1,0.0,-9914.975078476324,-647866.8511112158
2017-03-09,-19848.448462662484,-1,0.0,-19848.448462662484,-667715.2995738783
2017-03-10,9879.633593256172,-1,0.0,9879.633593256172,-657835.6659806222
2017-03-13,149.28737658997125,-1,-0.0,149.28737658997125,-657686.3786040322
2017-03-14,19831.47113116187,-1,0.0,19831.47113116187,-637854.9074728703
2017-03-15,19555.3541000822,-1,0.0,19555.3541000822,-618299.5533727881
2017-03-16,12.705181544897641,-1,0.0,12.705181544897641,-618286.8481912432
2017-03-17,9932.604345942913,-1,0.0,9932.604345942913,-608354.2438453003
2017-03-20,-4.155994882155937,-1,0.0,-4.155994882155937,-608358.3998401824
2017-03-21,10019.530777297812,-1,0.0,10019.530777297812,-598338.8690628846
2017-03-22,30029.941429067032,-1,0.0,30029.941429067032,-568308.9276338175
2017-03-23,-20008.886599837235,-1,0.0,-20008.886599837235,-588317.8142336548
2017-03-24,10019.975144100612,-1,-0.0,10019.975144100612,-578297.8390895542
2017-03-27,30035.100718717946,-1,0.0,30035.100718717946,-548262.7383708362
2017-03-28,-10188.248849834199,-1,-0.0,-10188.248849834199,-558450.9872206704
2017-03-29,-9875.877211990646,-1,0.0,-9875.877211990646,-568326.8644326611
2017-03-30,-10119.661872919816,-1,0.0,-10119.661872919816,-578446.5263055809
2017-03-31,10047.27934337609,-1,0.0,10047.27934337609,-568399.2469622048
2017-04-03,20173.16265823986,-1,0.0,20173.16265823986,-548226.084303965
2017-04-04,-62.42607142596171,-1,0.0,-62.42607142596171,-548288.510375391
2017-04-05,10103.666454531061,-1,0.0,10103.666454531061,-538184.84392086
2017-04-06,-0.0,-1,-0.0,-0.0,-538184.84392086
2017-04-07,9717.817981707267,-1,-0.0,9717.817981707267,-528467.0259391527
2017-04-10,10034.993806921919,-1,0.0,10034.993806921919,-518432.03213223076
2017-04-11,292.8512220534103,-1,-0.0,292.8512220534103,-518139.18091017735
2017-04-12,40260.50963982158,-1,0.0,40260.50963982158,-477878.67127035576
2017-04-13,10378.2968336134,0,-0.0,10378.2968336134,-467500.37443674234
2017-04-14,-3102.5159209119097,0,0.0,-3102.5159209119097,-470602.89035765425
2017-04-17,0.0,0,0.0,0.0,-470602.89035765425
2017-04-18,0.0,0,-0.0,0.0,-470602.89035765425
2017-04-19,0.0,0,0.0,0.0,-470602.89035765425
2017-04-20,0.0,0,-0.0,0.0,-470602.89035765425
2017-04-21,0.0,0,0.0,0.0,-470602.89035765425
2017-04-24,0.0,0,-0.0,0.0,-470602.89035765425
2017-04-25,0.0,0,-0.0,0.0,-470602.89035765425
2017-04-26,0.0,0,0.0,0.0,-470602.89035765425
2017-04-27,0.0,0,0.0,0.0,-470602.89035765425
2017-04-28,-0.0,0,0.0,0.0,-470602.89035765425
2017-05-01,0.0,0,0.0,0.0,-470602.89035765425
2017-05-02,0.0,0,0.0,0.0,-470602.89035765425
2017-05-03,0.0,0,-0.0,0.0,-470602.89035765425
2017-05-04,0.0,0,0.0,0.0,-470602.89035765425
2017-05-05,0.0,0,-0.0,0.0,-470602.89035765425
2017-05-08,0.0,0,-0.0,0.0,-470602.89035765425
2017-05-09,0.0,0,-0.0,0.0,-470602.89035765425
2017-05-10,0.0,0,0.0,0.0,-470602.89035765425
2017-05-11,-0.0,0,0.0,0.0,-470602.89035765425
2017-05-12,0.0,0,0.0,0.0,-470602.89035765425
2017-05-15,0.0,0,0.0,0.0,-470602.89035765425
2017-05-16,0.0,0,-0.0,0.0,-470602.89035765425
2017-05-17,0.0,0,0.0,0.0,-470602.89035765425
2017-05-18,0.0,0,0.0,0.0,-470602.89035765425
2017-05-19,0.0,0,0.0,0.0,-470602.89035765425
2017-05-22,0.0,0,-0.0,0.0,-470602.89035765425
2017-05-23,0.0,0,-0.0,0.0,-470602.89035765425
2017-05-24,0.0,0,0.0,0.0,-470602.89035765425
2017-05-25,-0.0,0,-0.0,-0.0,-470602.89035765425
2017-05-26,0.0,0,0.0,0.0,-470602.89035765425
2017-05-29,0.0,0,0.0,0.0,-470602.89035765425
2017-05-30,0.0,0,0.0,0.0,-470602.89035765425
2017-05-31,0.0,0,-0.0,0.0,-470602.89035765425
2017-06-01,0.0,0,0.0,0.0,-470602.89035765425
2017-06-02,-0.0,0,-0.0,-0.0,-470602.89035765425
2017-06-05,0.0,0,0.0,0.0,-470602.89035765425
2017-06-06,0.0,0,0.0,0.0,-470602.89035765425
2017-06-07,0.0,0,-0.0,0.0,-470602.89035765425
2017-06-08,0.0,0,0.0,0.0,-470602.89035765425
2017-06-09,0.0,0,-0.0,0.0,-470602.89035765425
2017-06-12,0.0,0,0.0,0.0,-470602.89035765425
2017-06-13,0.0,0,-0.0,0.0,-470602.89035765425
2017-06-14,0.0,0,-0.0,0.0,-470602.89035765425
2017-06-15,0.0,0,-0.0,0.0,-470602.89035765425
2017-06-16,0.0,0,0.0,0.0,-470602.89035765425
2017-06-19,0.0,0,-0.0,0.0,-470602.89035765425
2017-06-20,-0.0,0,-0.0,-0.0,-470602.89035765425
2017-06-21,0.0,0,-0.0,0.0,-470602.89035765425
2017-06-22,0.0,0,0.0,0.0,-470602.89035765425
2017-06-23,0.0,0,-0.0,0.0,-470602.89035765425
2017-06-26,-0.0,0,0.0,0.0,-470602.89035765425
2017-06-27,0.0,0,-0.0,0.0,-470602.89035765425
2017-06-28,0.0,0,0.0,0.0,-470602.89035765425
2017-06-29,0.0,0,-0.0,0.0,-470602.89035765425
2017-06-30,0.0,0,-0.0,0.0,-470602.89035765425
2017-07-03,0.0,0,-0.0,0.0,-470602.89035765425
2017-07-04,0.0,0,0.0,0.0,-470602.89035765425
2017-07-05,-0.0,0,0.0,0.0,-470602.89035765425
2017-07-06,0.0,0,-0.0,0.0,-470602.89035765425
2017-07-07,0.0,0,0.0,0.0,-470602.89035765425
2017-07-10,-0.0,0,0.0,0.0,-470602.89035765425
2017-07-11,0.0,0,0.0,0.0,-470602.89035765425
2017-07-12,0.0,0,0.0,0.0,-470602.89035765425
2017-07-13,0.0,0,0.0,0.0,-470602.89035765425
2017-07-14,0.0,0,-0.0,0.0,-470602.89035765425
2017-07-17,-0.0,0,0.0,0.0,-470602.89035765425
2017-07-18,-0.0,0,-0.0,-0.0,-470602.89035765425
2017-07-19,0.0,0,-0.0,0.0,-470602.89035765425
2017-07-20,0.0,0,-0.0,0.0,-470602.89035765425
2017-07-21,0.0,0,-0.0,0.0,-470602.89035765425
2017-07-24,0.0,0,0.0,0.0,-470602.89035765425
2017-07-25,0.0,0,-0.0,0.0,-470602.89035765425
2017-07-26,0.0,0,0.0,0.0,-470602.89035765425
2017-07-27,0.0,0,-0.0,0.0,-470602.89035765425
2017-07-28,0.0,0,-0.0,0.0,-470602.89035765425
2017-07-31,0.0,0,0.0,0.0,-470602.89035765425
2017-08-01,-0.0,0,0.0,0.0,-470602.89035765425
2017-08-02,0.0,0,-0.0,0.0,-470602.89035765425
2017-08-03,0.0,0,-0.0,0.0,-470602.89035765425
2017-08-04,0.0,0,0.0,0.0,-470602.89035765425
2017-08-07,-0.0,0,0.0,0.0,-470602.89035765425
2017-08-08,0.0,0,0.0,0.0,-470602.89035765425
2017-08-09,0.0,0,0.0,0.0,-470602.89035765425
2017-08-10,-0.0,0,0.0,0.0,-470602.89035765425
2017-08-11,0.0,0,0.0,0.0,-470602.89035765425
2017-08-14,0.0,0,-0.0,0.0,-470602.89035765425
2017-08-15,0.0,0,-0.0,0.0,-470602.89035765425
2017-08-16,0.0,0,0.0,0.0,-470602.89035765425
2017-08-17,0.0,0,0.0,0.0,-470602.89035765425
2017-08-18,0.0,0,0.0,0.0,-470602.89035765425
2017-08-21,0.0,0,0.0,0.0,-470602.89035765425
2017-08-22,0.0,0,-0.0,0.0,-470602.89035765425
2017-08-23,0.0,0,0.0,0.0,-470602.89035765425
2017-08-24,0.0,0,-0.0,0.0,-470602.89035765425
2017-08-25,-0.0,0,0.0,0.0,-470602.89035765425
2017-08-28,0.0,0,0.0,0.0,-470602.89035765425
2017-08-29,-0.0,1,0.0,0.0,-470602.89035765425
2017-08-30,16900.51299050805,1,-0.0,16900.51299050805,-453702.3773671462
2017-08-31,-29969.898215043206,1,-0.0,-29969.898215043206,-483672.2755821894
2017-09-01,20020.089336367248,1,0.0,20020.089336367248,-463652.1862458221
2017-09-04,0.0,1,0.0,0.0,-463652.1862458221
2017-09-05,-39876.964061682535,1,0.0,-39876.964061682535,-503529.15030750463
2017-09-06,30090.56347502181,1,0.0,30090.56347502181,-473438.58683248283
2017-09-07,-20064.246825440576,1,0.0,-20064.246825440576,-493502.8336579234
2017-09-08,10040.279194247616,1,0.0,10040.279194247616,-483462.55446367577
2017-09-11,30244.70274314346,1,-0.0,30244.70274314346,-453217.8517205323
2017-09-12,19983.70599052216,1,0.0,19983.70599052216,-433234.1457300101
2017-09-13,9939.839329123883,1,-0.0,9939.839329123883,-423294.3064008862
2017-09-14,-19995.05047240441,1,-0.0,-19995.05047240441,-443289.3568732906
2017-09-15,-19990.10290764212,1,-0.0,-19990.10290764212,-463279.45978093275
2017-09-18,19902.252625280715,1,0.0,19902.252625280715,-443377.20715565205
2017-09-19,9949.97311412979,1,-0.0,9949.97311412979,-433427.23404152226
2017-09-20,-10176.753077173154,1,-0.0,-10176.753077173154,-443603.9871186954
2017-09-21,-9925.09301628788,1,-0.0,-9925.09301628788,-453529.0801349833
2017-09-22,-19915.228080338195,1,-0.0,-19915.228080338195,-473444.3082153215
2017-09-25,-19772.27457826496,1,0.0,-19772.27457826496,-493216.5827935865
2017-09-26,9923.518611831998,1,-0.0,9923.518611831998,-483293.0641817545
2017-09-27,49644.597777222094,1,0.0,49644.597777222094,-433648.4664045324
2017-09-28,19965.394490580864,1,-0.0,19965.394490580864,-413683.0719139515
2017-09-29,-149.91743163600768,1,-0.0,-149.91743163600768,-413832.9893455875
2017-10-02,-10065.093174206433,1,-0.0,-10065.093174206433,-423898.08251979394
2017-10-03,10065.105129991523,1,0.0,10065.105129991523,-413832.9773898024
2017-10-04,0.0,1,0.0,0.0,-413832.9773898024
2017-10-05,-164.79185783156208,1,-0.0,-164.79185783156208,-413997.769247634
2017-10-06,-30120.328094512988,1,-0.0,-30120.328094512988,-444118.09734214697
2017-10-09,-13.35370963252783,1,-0.0,-13.35370963252783,-444131.4510517795
2017-10-10,10000.000000000007,1,0.0,10000.000000000007,-434131.4510517795
2017-10-11,0.0,1,0.0,0.0,-434131.4510517795
2017-10-12,-20019.994777885255,1,-0.0,-20019.994777885255,-454151.44582966476
2017-10-13,-50100.04504157668,1,0.0,-50100.04504157668,-504251.49087124143
2017-10-16,-9920.923580975868,1,-0.0,-9920.923580975868,-514172.4144522173
2017-10-17,0.0,1,-0.0,0.0,-514172.4144522173
2017-10-18,-9859.78731213793,1,0.0,-9859.78731213793,-524032.20176435524
2017-10-19,-21.176815878052366,1,-0.0,-21.176815878052366,-524053.3785802333
2017-10-20,40129.93566432552,1,0.0,40129.93566432552,-483923.44291590777
2017-10-23,9995.163695622023,1,0.0,9995.163695622023,-473928.27922028577
2017-10-24,19989.908152230608,1,-0.0,19989.908152230608,-453938.37106805516
2017-10-25,9957.547000657965,1,0.0,9957.547000657965,-443980.8240673972
2017-10-26,-52.47059469011947,1,-0.0,-52.47059469011947,-444033.29466208734
2017-10-27,134.80590099607798,1,0.0,134.80590099607798,-443898.48876109126
2017-10-30,-39881.51854062802,1,-0.0,-39881.51854062802,-483780.0073017193
2017-10-31,-9990.118385566437,1,-0.0,-9990.118385566437,-493770.12568728573
2017-11-01,-19987.59689102129,1,0.0,-19987.59689102129,-513757.72257830703
2017-11-02,-20000.00000000002,1,-0.0,-20000.00000000002,-533757.722578307
2017-11-03,-29992.70969912968,1,0.0,-29992.70969912968,-563750.4322774367
2017-11-06,-52.22546650703225,1,0.0,-52.22546650703225,-563802.6577439437
2017-11-07,-19982.71231018683,1,-0.0,-19982.71231018683,-583785.3700541306
2017-11-08,-19977.777370144606,1,0.0,-19977.777370144606,-603763.1474242752
2017-11-09,29997.864545664772,1,0.0,29997.864545664772,-573765.2828786104
2017-11-10,30184.5083179176,1,-0.0,30184.5083179176,-543580.7745606928
2017-11-13,-29951.870024982378,1,0.0,-29951.870024982378,-573532.6445856752
2017-11-14,-9.540634151642735,1,-0.0,-9.540634151642735,-573542.1852198269
2017-11-15,-49975.033172245814,1,0.0,-49975.033172245814,-623517.2183920727
2017-11-16,149.13890320721111,1,-0.0,149.13890320721111,-623368.0794888654
2017-11-17,-29977.79715084532,1,0.0,-29977.79715084532,-653345.8766397107
2017-11-20,-19886.26913081465,1,-0.0,-19886.26913081465,-673232.1457705254
2017-11-21,-10000.000000000231,1,-0.0,-10000.000000000231,-683232.1457705257
2017-11-22,-10105.056515926084,1,0.0,-10105.056515926084,-693337.2022864517
2017-11-23,0.0,1,0.0,0.0,-693337.2022864517
2017-11-24,10074.705276752464,1,-0.0,10074.705276752464,-683262.4970096992
2017-11-27,-10055.898476164732,1,0.0,-10055.898476164732,-693318.395485864
2017-11-28,10074.705276752464,1,-0.0,10074.705276752464,-683243.6902091115
2017-11-29,122.69117351729437,1,0.0,122.69117351729437,-683120.9990355943
2017-11-30,49999.999999999825,1,-0.0,49999.999999999825,-633120.9990355945
2017-12-01,-49875.34314307546,1,-0.0,-49875.34314307546,-682996.34217867
2017-12-04,-19940.8275222731,1,0.0,-19940.8275222731,-702937.169700943
2017-12-05,-39903.86373386131,1,-0.0,-39903.86373386131,-742841.0334348044
2017-12-06,19806.347380958596,1,0.0,19806.347380958596,-723034.6860538458
2017-12-07,20139.208510988068,1,0.0,20139.208510988068,-702895.4775428578
2017-12-08,9999.999999999787,1,-0.0,9999.999999999787,-692895.477542858
2017-12-11,-9940.90252145796,1,-0.0,-9940.90252145796,-702836.380064316
2017-12-12,24.52045023378014,1,-0.0,24.52045023378014,-702811.8596140821
2017-12-13,-83.05167895860359,1,-0.0,-83.05167895860359,-702894.9112930407
2017-12-14,-39912.54906101324,1,-0.0,-39912.54906101324,-742807.460354054
2017-12-15,-19930.992734576732,1,-0.0,-19930.992734576732,-762738.4530886307
2017-12-18,40039.98955577051,1,0.0,40039.98955577051,-722698.4635328602
2017-12-19,40041.000336751546,1,-0.0,40041.000336751546,-682657.4631961086
2017-12-20,29865.561629469903,1,0.0,29865.561629469903,-652791.9015666387
2017-12-21,-29859.023350628104,1,-0.0,-29859.023350628104,-682650.9249172668
2017-12-22,-19913.800562483655,1,0.0,-19913.800562483655,-702564.7254797504
2017-12-25,0.0,1,0.0,0.0,-702564.7254797504
2017-12-26,-19899.714101733698,1,-0.0,-19899.714101733698,-722464.4395814841
2017-12-27,-19891.46872053158,1,-0.0,-19891.46872053158,-742355.9083020156
2017-12-28,-9938.731933868297,1,0.0,-9938.731933868297,-752294.6402358839
2017-12-29,-10001.386047667587,1,0.0,-10001.386047667587,-762296.0262835515
2018-01-01,0.0,1,0.0,0.0,-762296.0262835515
2018-01-02,30039.48243366194,1,0.0,30039.48243366194,-732256.5438498895
2018-01-03,-39816.814187746204,1,-0.0,-39816.814187746204,-772073.3580376357
2018-01-04,28.706719715675717,1,-0.0,28.706719715675717,-772044.65131792
2018-01-05,9955.187209823447,1,0.0,9955.187209823447,-762089.4641080966
2018-01-08,19900.45134907239,1,-0.0,19900.45134907239,-742189.0127590242
2018-01-09,39745.24683745382,1,0.0,39745.24683745382,-702443.7659215704
2018-01-10,0.0,1,-0.0,0.0,-702443.7659215704
2018-01-11,-9910.659929466532,1,-0.0,-9910.659929466532,-712354.4258510369
2018-01-12,-30.272259082128585,1,-0.0,-30.272259082128585,-712384.6981101191
2018-01-15,0.0,1,0.0,0.0,-712384.6981101191
2018-01-16,-49689.22301232006,1,-0.0,-49689.22301232006,-762073.9211224392
2018-01-17,9867.292630572869,1,0.0,9867.292630572869,-752206.6284918663
2018-01-18,49504.01767077072,1,-0.0,49504.01767077072,-702702.6108210955
2018-01-19,9976.84529276207,1,0.0,9976.84529276207,-692725.7655283335
2018-01-22,-17.399269352878036,1,-0.0,-17.399269352878036,-692743.1647976864
2018-01-23,-9947.842918036538,1,0.0,-9947.842918036538,-702691.0077157229
2018-01-24,-7.472265792886901,1,0.0,-7.472265792886901,-702698.4799815158
2018-01-25,-19970.218983408016,1,-0.0,-19970.218983408016,-722668.6989649239
2018-01-26,-19996.441397498522,1,-0.0,-19996.441397498522,-742665.1403624223
2018-01-29,59900.93147766861,1,-0.0,59900.93147766861,-682764.2088847538
2018-01-30,9895.849917105563,1,0.0,9895.849917105563,-672868.3589676482
2018-01-31,-19935.715502136503,1,-0.0,-19935.715502136503,-692804.0744697847
2018-02-01,39725.06509295416,1,0.0,39725.06509295416,-653079.0093768305
2018-02-02,69512.16294051935,1,0.0,69512.16294051935,-583566.8464363111
2018-02-05,673.1781254720263,1,0.0,673.1781254720263,-582893.6683108391
2018-02-06,-140.890577442824,1,-0.0,-140.890577442824,-583034.5588882819
2018-02-07,-389.05425084615126,1,0.0,-389.05425084615126,-583423.6131391281
2018-02-08,29866.937865702188,1,0.0,29866.937865702188,-553556.6752734259
2018-02-09,60147.99071490653,1,0.0,60147.99071490653,-493408.68455851934
2018-02-12,-10310.717482823224,1,-0.0,-10310.717482823224,-503719.4020413426
2018-02-13,-40008.10257889009,1,0.0,-40008.10257889009,-543727.5046202326
2018-02-14,10127.385172763723,1,-0.0,10127.385172763723,-533600.1194474689
2018-02-15,-29955.650995436838,1,-0.0,-29955.650995436838,-563555.7704429057
2018-02-16,-49916.172294916236,1,0.0,-49916.172294916236,-613471.942737822
2018-02-19,0.0,1,0.0,0.0,-613471.942737822
2018-02-20,-29945.940875602617,1,0.0,-29945.940875602617,-643417.8836134246
2018-02-21,49960.378263717816,1,0.0,49960.378263717816,-593457.5053497067
2018-02-22,-9942.01174790823,1,0.0,-9942.01174790823,-603399.5170976149
2018-02-23,-39881.605328558704,1,0.0,-39881.605328558704,-643281.1224261736
2018-02-26,9960.78263852714,1,0.0,9960.78263852714,-633320.3397876465
2018-02-27,-9920.110759780007,1,-0.0,-9920.110759780007,-643240.4505474266
2018-02-28,-9984.98541516778,1,-0.0,-9984.98541516778,-653225.4359625943
2018-03-01,-30029.326732697507,1,0.0,-30029.326732697507,-683254.7626952919
2018-03-02,20171.74138541946,1,0.0,20171.74138541946,-663083.0213098724
2018-03-05,29980.34077241226,1,-0.0,29980.34077241226,-633102.6805374601
2018-03-06,-9981.567656900854,1,0.0,-9981.567656900854,-643084.248194361
2018-03-07,9990.119839355231,1,0.0,9990.119839355231,-633094.1283550058
2018-03-08,-29955.554970520683,1,0.0,-29955.554970520683,-663049.6833255264
2018-03-09,20039.318455175115,1,-0.0,20039.318455175115,-643010.3648703513
2018-03-12,-29940.760873567426,1,0.0,-29940.760873567426,-672951.1257439187
2018-03-13,-20007.28679576751,1,0.0,-20007.28679576751,-692958.4125396862
2018-03-14,-30029.68238959278,1,0.0,-30029.68238959278,-722988.094929279
2018-03-15,-19912.580821342133,1,0.0,-19912.580821342133,-742900.6757506211
2018-03-16,10108.535450686013,1,-0.0,10108.535450686013,-732792.1402999351
2018-03-19,0.0,1,0.0,0.0,-732792.1402999351
2018-03-20,10100.827637028455,1,-0.0,10100.827637028455,-722691.3126629067
2018-03-21,29907.929075710777,1,0.0,29907.929075710777,-692783.3835871959
2018-03-22,-39965.14085288592,1,0.0,-39965.14085288592,-732748.5244400818
2018-03-23,-39.410787325254205,1,0.0,-39.410787325254205,-732787.935227407
2018-03-26,-19823.90109455588,1,-0.0,-19823.90109455588,-752611.8363219629
2018-03-27,-240.8764130446507,1,0.0,-240.8764130446507,-752852.7127350075
2018-03-28,-29997.88882923347,1,0.0,-29997.88882923347,-782850.601564241
2018-03-29,-20157.24022252708,1,-0.0,-20157.24022252708,-803007.841786768
2018-03-30,0.0,1,0.0,0.0,-803007.841786768
2018-04-02,9896.200318604848,1,0.0,9896.200318604848,-793111.6414681632
2018-04-03,30446.3532472728,1,-0.0,30446.3532472728,-762665.2882208904
2018-04-04,0.0,1,0.0,0.0,-762665.2882208904
2018-04-05,20185.439754753075,1,-0.0,20185.439754753075,-742479.8484661374
2018-04-06,-30166.448709927325,1,0.0,-30166.448709927325,-772646.2971760647
2018-04-09,-9911.141527440705,1,-0.0,-9911.141527440705,-782557.4387035054
2018-04-10,-9846.985820763599,1,-0.0,-9846.985820763599,-792404.4245242691
2018-04-11,-10029.724391097729,1,0.0,-10029.724391097729,-802434.1489153669
2018-04-12,20195.24419171425,1,-0.0,20195.24419171425,-782238.9047236526
2018-04-13,-39922.77551629189,1,0.0,-39922.77551629189,-822161.6802399445
2018-04-16,-9911.471771880455,1,-0.0,-9911.471771880455,-832073.1520118249
2018-04-17,-29941.22597063069,1,-0.0,-29941.22597063069,-862014.3779824555
2018-04-18,40138.26777981762,1,-0.0,40138.26777981762,-821876.110202638
2018-04-19,30056.2494705532,1,0.0,30056.2494705532,-791819.8607320847
2018-04-20,19967.453598937023,1,0.0,19967.453598937023,-771852.4071331477
2018-04-23,-9962.419128353897,1,-0.0,-9962.419128353897,-781814.8262615016
2018-04-24,29832.82349689478,1,0.0,29832.82349689478,-751982.0027646068
2018-04-25,19841.203685526238,1,0.0,19841.203685526238,-732140.7990790806
2018-04-26,-29749.384643809808,1,-0.0,-29749.384643809808,-761890.1837228903
2018-04-27,-39724.5236854997,1,0.0,-39724.5236854997,-801614.70740839
2018-04-30,-9950.738421489405,1,-0.0,-9950.738421489405,-811565.4458298794
2018-05-01,9960.329910854955,1,0.0,9960.329910854955,-801605.1159190245
2018-05-02,9949.747128773857,1,0.0,9949.747128773857,-791655.3687902506
2018-05-03,-29837.494076924646,1,0.0,-29837.494076924646,-821492.8628671753
2018-05-04,-9941.373028041195,1,-0.0,-9941.373028041195,-831434.2358952165
2018-05-07,19897.05302892937,1,0.0,19897.05302892937,-811537.1828662871
2018-05-08,9.361927390644269,1,-0.0,9.361927390644269,-811527.8209388964
2018-05-09,-8.08546647073672,1,-0.0,-8.08546647073672,-811535.9064053671
2018-05-10,-29793.392764124554,1,-0.0,-29793.392764124554,-841329.2991694916
2018-05-11,0.0,1,-0.0,0.0,-841329.2991694916
2018-05-14,19892.62796372264,1,-0.0,19892.62796372264,-821436.671205769
2018-05-15,49618.10799161343,1,0.0,49618.10799161343,-771818.5632141555
2018-05-16,9892.081412108308,1,-0.0,9892.081412108308,-761926.4818020472
2018-05-17,29714.42030382087,1,0.0,29714.42030382087,-732212.0614982264
2018-05-18,-30022.347389993534,1,0.0,-30022.347389993534,-762234.4088882199
2018-05-21,-30007.3590252681,1,0.0,-30007.3590252681,-792241.767913488
2018-05-22,-9998.773857867394,1,0.0,-9998.773857867394,-802240.5417713553
2018-05-23,9862.135738902798,1,0.0,9862.135738902798,-792378.4060324525
2018-05-24,-133.32222133740288,1,0.0,-133.32222133740288,-792511.7282537898
2018-05-25,-30303.920441314353,1,0.0,-30303.920441314353,-822815.6486951042
2018-05-28,0.0,1,0.0,0.0,-822815.6486951042
2018-05-29,-1248.4959922446287,1,0.0,-1248.4959922446287,-824064.1446873487
2018-05-30,-30017.65166210808,1,-0.0,-30017.65166210808,-854081.7963494568
2018-05-31,10010.038812118448,1,-0.0,10010.038812118448,-844071.7575373383
2018-06-01,-10109.186688181653,1,0.0,-10109.186688181653,-854180.9442255199
2018-06-04,-203.91936445330066,1,-0.0,-203.91936445330066,-854384.8635899732
2018-06-05,10093.827441919228,1,0.0,10093.827441919228,-844291.036148054
2018-06-06,19693.037043436627,1,0.0,19693.037043436627,-824597.9991046173
2018-06-07,-19655.590781436233,1,-0.0,-19655.590781436233,-844253.5898860535
2018-06-08,0.0,1,0.0,0.0,-844253.5898860535
2018-06-11,9807.743702377866,1,-0.0,9807.743702377866,-834445.8461836756
2018-06-12,-19950.955071151493,1,-0.0,-19950.955071151493,-854396.8012548271
2018-06-13,-30052.109548290817,1,-0.0,-30052.109548290817,-884448.9108031179
2018-06-14,-39587.018601346914,1,0.0,-39587.018601346914,-924035.9294044648
2018-06-15,29951.367286253742,1,-0.0,29951.367286253742,-894084.5621182111
2018-06-18,-19893.005682515937,1,0.0,-19893.005682515937,-913977.567800727
2018-06-19,-9837.122527184794,1,0.0,-9837.122527184794,-923814.6903279118
2018-06-20,19817.199700551788,1,0.0,19817.199700551788,-903997.49062736
2018-06-21,-29763.59457619304,1,0.0,-29763.59457619304,-933761.085203553
2018-06-22,0.0,1,0.0,0.0,-933761.085203553
2018-06-25,-9866.548066584015,1,0.0,-9866.548066584015,-943627.633270137
2018-06-26,19923.675134856094,1,0.0,19923.675134856094,-923703.9581352809
2018-06-27,-39754.38677874647,1,-0.0,-39754.38677874647,-963458.3449140274
2018-06-28,9970.344872114136,1,0.0,9970.344872114136,-953488.0000419132
2018-06-29,9965.414567286993,1,-0.0,9965.414567286993,-943522.5854746263
2018-07-02,-29956.41218771485,0,-0.0,-29956.41218771485,-973478.9976623411
2018-07-03,-3148.793733138162,0,0.0,-3148.793733138162,-976627.7913954792
2018-07-04,0.0,0,0.0,0.0,-976627.7913954792
2018-07-05,0.0,0,-0.0,0.0,-976627.7913954792
2018-07-06,0.0,0,0.0,0.0,-976627.7913954792
2018-07-09,0.0,0,-0.0,0.0,-976627.7913954792
2018-07-10,0.0,0,-0.0,0.0,-976627.7913954792
2018-07-11,0.0,0,-0.0,0.0,-976627.7913954792
2018-07-12,0.0,0,-0.0,0.0,-976627.7913954792
2018-07-13,0.0,0,0.0,0.0,-976627.7913954792
2018-07-16,0.0,0,0.0,0.0,-976627.7913954792
2018-07-17,0.0,0,-0.0,0.0,-976627.7913954792
2018-07-18,0.0,0,-0.0,0.0,-976627.7913954792
2018-07-19,-0.0,0,0.0,0.0,-976627.7913954792
2018-07-20,0.0,0,0.0,0.0,-976627.7913954792
2018-07-23,0.0,0,0.0,0.0,-976627.7913954792
2018-07-24,0.0,0,-0.0,0.0,-976627.7913954792
2018-07-25,-0.0,0,-0.0,-0.0,-976627.7913954792
2018-07-26,0.0,0,-0.0,0.0,-976627.7913954792
2018-07-27,0.0,0,-0.0,0.0,-976627.7913954792
2018-07-30,0.0,0,0.0,0.0,-976627.7913954792
2018-07-31,-0.0,0,-0.0,-0.0,-976627.7913954792
2018-08-01,0.0,0,0.0,0.0,-976627.7913954792
2018-08-02,0.0,0,0.0,0.0,-976627.7913954792
2018-08-03,0.0,0,-0.0,0.0,-976627.7913954792
2018-08-06,-0.0,0,-0.0,-0.0,-976627.7913954792
2018-08-07,0.0,0,0.0,0.0,-976627.7913954792
2018-08-08,-0.0,0,0.0,0.0,-976627.7913954792
2018-08-09,0.0,0,0.0,0.0,-976627.7913954792
2018-08-10,0.0,0,0.0,0.0,-976627.7913954792
2018-08-13,0.0,0,0.0,0.0,-976627.7913954792
2018-08-14,0.0,0,-0.0,0.0,-976627.7913954792
2018-08-15,0.0,0,0.0,0.0,-976627.7913954792
2018-08-16,0.0,0,-0.0,0.0,-976627.7913954792
2018-08-17,0.0,0,0.0,0.0,-976627.7913954792
2018-08-20,0.0,0,0.0,0.0,-976627.7913954792
2018-08-21,0.0,0,-0.0,0.0,-976627.7913954792
2018-08-22,0.0,0,0.0,0.0,-976627.7913954792
2018-08-23,0.0,0,-0.0,0.0,-976627.7913954792
2018-08-24,0.0,0,0.0,0.0,-976627.7913954792
2018-08-27,0.0,0,-0.0,0.0,-976627.7913954792
2018-08-28,0.0,0,0.0,0.0,-976627.7913954792
2018-08-29,0.0,0,-0.0,0.0,-976627.7913954792
2018-08-30,0.0,0,0.0,0.0,-976627.7913954792
2018-08-31,0.0,0,0.0,0.0,-976627.7913954792
2018-09-03,0.0,0,0.0,0.0,-976627.7913954792
2018-09-04,0.0,0,0.0,0.0,-976627.7913954792
2018-09-05,0.0,0,0.0,0.0,-976627.7913954792
2018-09-06,0.0,0,-0.0,0.0,-976627.7913954792
2018-09-07,0.0,0,0.0,0.0,-976627.7913954792
2018-09-10,0.0,0,-0.0,0.0,-976627.7913954792
2018-09-11,0.0,0,-0.0,0.0,-976627.7913954792
2018-09-12,0.0,0,-0.0,0.0,-976627.7913954792
2018-09-13,0.0,0,-0.0,0.0,-976627.7913954792
2018-09-14,0.0,0,0.0,0.0,-976627.7913954792
2018-09-17,0.0,0,0.0,0.0,-976627.7913954792
2018-09-18,0.0,0,0.0,0.0,-976627.7913954792
2018-09-19,0.0,0,0.0,0.0,-976627.7913954792
2018-09-20,-0.0,0,-0.0,-0.0,-976627.7913954792
2018-09-21,0.0,0,-0.0,0.0,-976627.7913954792
2018-09-24,0.0,0,0.0,0.0,-976627.7913954792
2018-09-25,0.0,0,-0.0,0.0,-976627.7913954792
2018-09-26,-0.0,0,0.0,0.0,-976627.7913954792
2018-09-27,0.0,0,-0.0,0.0,-976627.7913954792
2018-09-28,0.0,0,0.0,0.0,-976627.7913954792
2018-10-01,0.0,0,-0.0,0.0,-976627.7913954792
2018-10-02,-0.0,0,0.0,0.0,-976627.7913954792
2018-10-03,0.0,0,-0.0,0.0,-976627.7913954792
2018-10-04,0.0,0,0.0,0.0,-976627.7913954792
2018-10-05,0.0,0,0.0,0.0,-976627.7913954792
2018-10-08,0.0,0,0.0,0.0,-976627.7913954792
2018-10-09,-0.0,0,-0.0,-0.0,-976627.7913954792
2018-10-10,0.0,0,0.0,0.0,-976627.7913954792
2018-10-11,0.0,0,0.0,0.0,-976627.7913954792
2018-10-12,0.0,0,0.0,0.0,-976627.7913954792
2018-10-15,0.0,0,0.0,0.0,-976627.7913954792
2018-10-16,0.0,0,-0.0,0.0,-976627.7913954792
2018-10-17,0.0,0,0.0,0.0,-976627.7913954792
2018-10-18,0.0,0,0.0,0.0,-976627.7913954792
2018-10-19,0.0,0,0.0,0.0,-976627.7913954792
2018-10-22,0.0,0,0.0,0.0,-976627.7913954792
2018-10-23,0.0,0,0.0,0.0,-976627.7913954792
2018-10-24,0.0,0,0.0,0.0,-976627.7913954792
2018-10-25,0.0,0,-10401.387194597384,-10401.387194597384,-987029.1785900766
2018-10-26,0.0,0,39899.51222054895,39899.51222054895,-947129.6663695277
2018-10-29,0.0,0,0.0,0.0,-947129.6663695277
2018-10-30,0.0,0,9991.61557744039,9991.61557744039,-937138.0507920873
2018-10-31,0.0,0,-5.655834824019832e-10,-5.655834824019832e-10,-937138.0507920879
2018-11-01,0.0,0,9924.91495535807,9924.91495535807,-927213.1358367299
2018-11-02,0.0,0,-19849.829910715856,-19849.829910715856,-947062.9657474457
2018-11-05,-0.0,0,-5.067536562450303,-5.067536562450303,-947068.0332840082
2018-11-06,0.0,0,-40066.79035514336,-40066.79035514336,-987134.8236391515
2018-11-07,0.0,0,-20066.87348248186,-20066.87348248186,-1007201.6971216333
2018-11-08,0.0,0,8.569330914038465e-10,8.569330914038465e-10,-1007201.6971216325
2018-11-09,0.0,0,20066.873482481005,20066.873482481005,-987134.8236391515
2018-11-12,0.0,0,0.0,0.0,-987134.8236391515
2018-11-13,0.0,0,60351.742035018695,60351.742035018695,-926783.0816041328
2018-11-14,0.0,0,50251.08790531032,50251.08790531032,-876531.9936988225
2018-11-15,-0.0,0,40100.24784733277,40100.24784733277,-836431.7458514897
2018-11-16,0.0,0,-2.842170943040401e-10,-2.842170943040401e-10,-836431.74585149
2018-11-19,0.0,0,30075.185885499082,30075.185885499082,-806356.5599659908
2018-11-20,0.0,0,10016.697588786623,10016.697588786623,-796339.8623772042
2018-11-21,0.0,0,0.0,0.0,-796339.8623772042
2018-11-22,0.0,0,0.0,0.0,-796339.8623772042
2018-11-23,-0.0,0,10008.343606650227,10008.343606650227,-786331.518770554
2018-11-26,0.0,0,-20016.687213299316,-20016.687213299316,-806348.2059838533
2018-11-27,0.0,0,40033.3744265975,40033.3744265975,-766314.8315572558
2018-11-28,0.0,0,19966.68770318416,19966.68770318416,-746348.1438540716
2018-11-29,-0.0,0,39866.91608271024,39866.91608271024,-706481.2277713614
2018-11-30,0.0,0,9958.43706099089,9958.43706099089,-696522.7907103705
2018-12-03,-0.0,1,-9966.729020678125,-9966.729020678125,-706489.5197310486
2018-12-04,-43170.94211911454,1,-10000.000000000284,-53170.94211911482,-759660.4618501634
2018-12-05,0.0,1,0.0,0.0,-759660.4618501634
2018-12-06,9879.954373641827,1,40268.16092943515,50148.11530307698,-709512.3465470865
2018-12-07,9920.492560179027,1,20134.080464717576,30054.573024896603,-679457.7735221899
2018-12-10,0.0,1,0.0,0.0,-679457.7735221899
2018-12-11,-19823.272928858773,1,-50335.20116179365,-70158.47409065242,-749616.2476128424
2018-12-12,30095.162959205023,1,-20150.934552413102,9944.22840679192,-739672.0192060504
2018-12-13,20014.695469366492,1,10075.467276206266,30090.162745572758,-709581.8564604777
2018-12-14,-49.60696164742694,1,-8.583674769248649e-10,-49.606961648285306,-709631.463422126
2018-12-17,-96.80754911545228,1,-3.381974692005474,-100.18952380745775,-709731.6529459335
2018-12-18,9841.962185999,1,10025.164640862105,19867.126826861106,-689864.5261190725
2018-12-19,-30352.57750213365,1,10050.423551331382,-20302.15395080227,-710166.6800698747
2018-12-20,-19889.459924804753,1,9996.632504368232,-9892.82742043652,-720059.5074903113
2018-12-21,40078.45294689245,1,29924.48046799051,70002.93341488297,-650056.5740754283
2018-12-24,29724.60888378539,1,39798.990742906426,69523.59962669181,-580532.9744487365
2018-12-25,-15.7295086556633,1,0.0,-15.7295086556633,-580548.7039573921
2018-12-26,9999.999999999789,1,-19916.1939500411,-9916.19395004131,-590464.8979074334
2018-12-27,10101.657963117206,1,29996.63250436823,40098.290467485436,-550366.607439948
2018-12-28,-9930.641678790445,1,80067.02212144743,70136.38044265698,-480230.226997291
2018-12-31,9984.963650953112,1,9983.275737332699,19968.23938828581,-460261.98760900524
2019-01-01,0.0,1,0.0,0.0,-460261.98760900524
2019-01-02,-50091.65620553184,1,5.684341886080801e-10,-50091.656205531275,-510353.6438145365
2019-01-03,9669.869912482332,1,30075.49392258774,39745.36383507007,-470608.27997946646
2019-01-04,771.4063424222841,1,-30003.36749563177,-29231.961153209486,-499840.24113267596
2019-01-07,85.93195721045413,1,-29799.240896119216,-29713.30893890876,-529553.5500715848
2019-01-08,-19952.708643720463,1,-29799.240896118932,-49751.94953983939,-579305.4996114242
2019-01-09,29997.60142087306,1,-2.823151219987014e-10,29997.601420872776,-549307.8981905514
2019-01-10,0.0,1,29774.28651018565,29774.28651018565,-519533.6116803658
2019-01-11,-20001.226324106887,1,-4.042734384383214,-20005.26905849127,-539538.8807388571
2019-01-14,20000.00000000002,1,40100.5763178676,60100.57631786761,-479438.3044209895
2019-01-15,10014.884284332406,1,-8.519384228864358e-10,10014.884284331554,-469423.4201366579
2019-01-16,-9994.98740058148,1,-9983.28937710681,-19978.27677768829,-489401.6969143462
2019-01-17,10009.91583485585,1,-19966.578754214755,-9956.662919358905,-499358.3598337051
2019-01-18,-20012.459698054467,1,-49916.44688553661,-69928.90658359107,-569287.2664172961
2019-01-21,0.0,1,0.0,0.0,-569287.2664172961
2019-01-22,-9910.631585570343,1,0.0,-9910.631585570343,-579197.8980028664
2019-01-23,19999.999999999574,1,-10033.54634006559,9966.453659933984,-569231.4443429324
2019-01-24,-19967.735226409797,1,-2.849317320245433e-10,-19967.73522641008,-589199.1795693425
2019-01-25,44.582674651297566,1,-30176.448126795374,-30131.865452144077,-619331.0450214866
2019-01-28,-9990.094682463538,1,20100.7646116989,10110.669929235364,-609220.3750922512
2019-01-29,9990.346402125873,1,-2.854096429982798e-10,9990.346402125588,-599230.0286901257
2019-01-30,19975.25601446041,1,10067.26030189428,30042.51631635469,-569187.5123737709
2019-01-31,-113.2062298671226,1,10075.715100416555,9962.508870549433,-559225.0035032216
2019-02-01,297.17857761385676,1,-70005.0501497057,-69707.87157209184,-628932.8750753134
2019-02-04,20055.877797967925,1,-9999.999999999432,10055.877797968493,-618876.9972773449
2019-02-05,-20009.91583485608,1,-29949.56062071618,-49959.476455572265,-668836.4737329172
2019-02-06,-12.430911763516633,1,10025.298600283286,10012.86768851977,-658823.6060443975
2019-02-07,-10084.542013917526,1,30075.895800851282,19991.353786933756,-638832.2522574638
2019-02-08,9936.277388815477,1,-10042.21712426185,-105.93973544637265,-638938.1919929101
2019-02-11,-9927.36836504675,1,5.722810335298572e-10,-9927.368365046177,-648865.5603579563
2019-02-12,10117.061497555005,1,0.0,10117.061497555005,-638748.4988604013
2019-02-13,70.99489748605265,1,-30075.895800850994,-30004.90090336494,-668753.3997637663
2019-02-14,-20067.061303954913,1,30075.895800850427,10008.834496895513,-658744.5652668708
2019-02-15,-20012.27048649307,1,-20084.434248522557,-40096.70473501563,-698841.2700018864
2019-02-18,0.0,1,0.0,0.0,-698841.2700018864
2019-02-19,9967.599065987624,1,-5.717980700319212e-10,9967.599065987053,-688873.6709358994
2019-02-20,0.0,1,-50338.37205773931,-50338.37205773931,-739212.0429936387
2019-02-21,10160.585686497212,1,-4.350295670569548,10156.235390826643,-729055.8076028121
2019-02-22,9912.968008297248,1,19932.475213699763,29845.44322199701,-699210.3643808151
2019-02-25,-9936.277388815477,1,-19966.19531253834,-29902.472701353818,-729112.8370821689
2019-02-26,-89.61455286776982,1,9983.097656268035,9893.483103400265,-719219.3539787687
2019-02-27,30231.505261176728,1,10000.000000001137,40231.50526117787,-678987.8487175908
2019-02-28,20087.028368052794,1,-29848.25917684589,-9761.230808793098,-688749.0795263839
2019-03-01,3.832488817952253,1,5.650819365864343e-10,3.832488818517335,-688745.2470375653
2019-03-04,-39960.378729854594,1,-3.3441912317780327,-39963.72292108637,-728708.9699586517
2019-03-05,0.0,1,0.0,0.0,-728708.9699586517
2019-03-06,-29.758033668644202,1,30101.381800902,30071.623767233355,-698637.3461914184
2019-03-07,-105.72146240538132,1,-1.7110654539977434e-09,-105.72146240709239,-698743.0676538255
2019-03-08,-79.83635108908129,1,20152.549929204168,20072.713578115086,-678670.3540757104
2019-03-11,94.9015385208113,1,8.591548775543246e-10,94.90153852167046,-678575.4525371888
2019-03-12,-10129.573816249227,1,-20118.50125219336,-30248.075068442588,-708823.5276056314
2019-03-13,0.0,1,9995.988726483702,9995.988726483702,-698827.5388791477
2019-03-14,10117.17852665768,1,9991.53664812518,20108.71517478286,-678718.8237043648
2019-03-15,-10185.779083831378,1,9966.210147790824,-219.56893604055404,-678938.3926404053
2019-03-18,-9954.730852339784,1,-9991.536648124897,-19946.26750046468,-698884.66014087
2019-03-19,57.45477258122992,1,0.0,57.45477258122992,-698827.2053682888
2019-03-20,-10386.805965476378,1,19966.167798694878,9579.3618332185,-689247.8435350703
2019-03-21,-10018.423868324171,1,-10025.453832917203,-20043.877701241374,-709291.7212363117
2019-03-22,-826.3464993895177,1,20067.91951203916,19241.573012649642,-690050.148223662
2019-03-25,39983.896446489125,1,-20003.990158421544,19979.90628806758,-670070.2419355945
2019-03-26,2.313336797964439,1,20051.15705343835,20053.470390236314,-650016.7715453581
2019-03-27,-12.745685441408568,1,-20051.15705343835,-20063.90273887976,-670080.6742842379
2019-03-28,-10011.06750725378,1,-10059.83380351106,-20070.90131076484,-690151.5755950027
2019-03-29,-19989.38105831489,1,-10068.424618653293,-30057.805676968186,-720209.3812719709
2019-04-01,20090.334845121688,1,-20119.66760702212,-29.33276190043034,-720238.7140338713
2019-04-02,20017.524181176723,1,-5.689182360384705e-10,20017.524181176155,-700221.1898526951
2019-04-03,9916.6229989216,1,-10017.041622667359,-100.41862374575794,-700321.6084764409
2019-04-04,-9960.211128372292,1,-9991.495249278509,-19951.7063776508,-720273.3148540917
2019-04-05,-29960.25882854651,1,-1.137836472076941e-09,-29960.25882854765,-750233.5736826394
2019-04-08,9945.186933761299,1,-10017.041622667075,-71.85468890577613,-750305.4283715452
2019-04-09,33.64873714980058,1,-20017.030904899497,-19983.382167749696,-770288.8105392948
2019-04-10,10084.832467680448,1,20068.25236139361,30153.084829074058,-740135.7257102208
2019-04-11,-10059.768055867109,1,-10042.684600719547,-20102.452656586654,-760238.1783668074
2019-04-12,-149.57509887951164,1,-50127.89263359616,-50277.46773247567,-810515.6460992831
2019-04-15,-9940.401251109464,1,2.849440797581103e-10,-9940.401251109179,-820456.0473503923
2019-04-16,39737.79014638028,1,-30102.378542090984,9635.411604289293,-810820.635746103
2019-04-17,67.07828496900584,1,10017.04162266793,10084.119907636936,-800736.5158384661
2019-04-18,126.74286095066054,1,-10017.04162266679,-9890.298761716129,-810626.8146001822
2019-04-19,0.0,1,0.0,0.0,-810626.8146001822
2019-04-22,19870.91511580768,1,20085.369201439094,39956.28431724677,-770670.5302829355
2019-04-23,131.6496466944809,1,-8.533773540577057e-10,131.64964669362752,-770538.8806362419
2019-04-24,233.60923047389952,1,0.0,233.60923047389952,-770305.271405768
2019-04-25,-43.51810143181319,1,-2.859176732815554e-10,-43.51810143209911,-770348.7895072001
2019-04-26,20136.818611090057,1,-10051.253802933203,10085.564808156854,-760263.2246990433
2019-04-29,9888.143192057094,1,-3.308922192280274,9884.834269864814,-750378.3904291785
2019-04-30,152.78877108581946,1,9974.414159906335,10127.202930992155,-740251.1874981864
2019-05-01,-30054.493480153826,1,-29974.381911201133,-60028.87539135496,-800280.0628895413
2019-05-02,-10119.366614884042,1,10008.550134016083,-110.8164808679594,-800390.8793704092
2019-05-03,10044.826364898696,1,-9974.4141599052,70.41220499349583,-800320.4671654156
2019-05-06,-9855.811048865868,1,29974.38191120085,20118.570862334982,-780201.8963030806
2019-05-07,-29791.03433145689,1,29974.38191119943,183.3475797425417,-780018.548723338
2019-05-08,19972.68211229082,1,0.0,19972.68211229082,-760045.8666110472
2019-05-09,104.49309811391868,1,39931.728116295526,40036.221214409445,-720009.6453966377
2019-05-10,19990.02804298137,1,-9982.932029074165,10007.096013907203,-710002.5493827305
2019-05-13,10153.800747241607,1,49872.070799528556,60025.87154677016,-649976.6778359603
2019-05-14,7.973331477551255,1,-9991.460637067328,-9983.487305589777,-659960.1651415501
2019-05-15,-9995.79445702109,1,19965.864058147195,9970.069601126106,-649990.095540424
2019-05-16,-9968.823401391786,1,-20017.100268032165,-29985.92366942395,-679976.0192098479
2019-05-17,-10019.979374828343,1,0.0,-10019.979374828343,-689995.9985846763
2019-05-20,10036.4365750117,1,5.689202074572724e-10,10036.436575012269,-679959.562009664
2019-05-21,-30031.533804824885,1,-9991.460637067044,-40022.99444189193,-719982.5564515559
2019-05-22,-10001.519516404827,1,29948.796087221926,19947.2765708171,-700035.2798807388
2019-05-23,29908.340163667497,1,19982.921274132954,49891.26143780045,-650144.0184429383
2019-05-24,-30028.409985610248,1,30128.57611411182,100.16612850157253,-650043.8523144368
2019-05-27,0.0,1,0.0,0.0,-650043.8523144368
2019-05-28,-20286.826682413826,1,10008.550134016366,-10278.27654839746,-660322.1288628343
2019-05-29,19979.807027376948,1,10051.462937216107,30031.269964593055,-630290.8588982413
2019-05-30,-204.9646761339609,1,-2.856797589520395e-10,-204.96467613424656,-630495.8235743756
2019-05-31,29453.962358408797,1,39997.034625624285,69450.99698403309,-561044.8265903424
2019-06-03,59980.19091994904,0,50171.95452948913,110152.14544943816,-450892.6811409043
2019-06-04,-3119.2999768973636,0,-2.85685123574966e-10,-3119.2999768976492,-454011.981117802
2019-06-05,0.0,0,30025.744305096327,30025.744305096327,-423986.23681270564
2019-06-06,0.0,0,-9982.869615054597,-9982.869615054597,-433969.1064277602
2019-06-07,0.0,0,-19982.85879752044,-19982.85879752044,-453951.96522528067
2019-06-10,0.0,0,-30103.172717693134,-30103.172717693134,-484055.1379429738
2019-06-11,0.0,0,-10008.58143503173,-10008.58143503173,-494063.71937800554
2019-06-12,0.0,0,30051.521160433356,30051.521160433356,-464012.1982175722
2019-06-13,0.0,0,10008.581435031161,10008.581435031161,-454003.61678254104
2019-06-14,-0.0,0,8.548491511805055e-10,8.548491511805055e-10,-454003.61678254016
2019-06-17,0.0,0,-10034.390905897711,-10034.390905897711,-464038.0076884379
2019-06-18,-0.0,0,-10043.015839249836,-10043.015839249836,-474081.0235276877
2019-06-19,0.0,0,9997.046662591212,9997.046662591212,-464083.9768650965
2019-06-20,0.0,0,-30051.709650401448,-30051.709650401448,-494135.6865154979
2019-06-21,0.0,-1,-30181.55844707069,-30181.55844707069,-524317.2449625686
2019-06-24,-3111.66418000182,-1,-20069.03363754117,-23180.69781754299,-547497.9427801116
2019-06-25,10044.187985886956,-1,9996.406777806735,20040.59476369369,-527457.3480164178
2019-06-26,9868.052876156537,-1,-20017.30257427526,-10149.249698118725,-537606.5977145366
2019-06-27,10040.243989110724,-1,-9982.730331602515,57.51365750820878,-537549.0840570284
2019-06-28,20033.92797548684,-1,-1.1398227400214195e-09,20033.9279754857,-517515.1560815427
2019-07-01,-98.42641657420245,-1,-20069.342318051218,-20167.76873462542,-537682.9248161681
2019-07-02,40101.91531487628,0,-1.1398227400214195e-09,40101.915314875136,-497581.009501293
2019-07-03,-3111.664180001602,0,-30208.556900427728,-33320.22108042933,-530901.2305817223
2019-07-04,0.0,0,-4.223154602572648,-4.223154602572648,-530905.4537363249
2019-07-05,0.0,0,0.0,0.0,-530905.4537363249
2019-07-08,0.0,0,-29792.46518693313,-29792.46518693313,-560697.9189232581
2019-07-09,0.0,0,-9948.050366141404,-9948.050366141404,-570645.9692893995
2019-07-10,0.0,0,29818.291718015178,29818.291718015178,-540827.6775713842
2019-07-11,0.0,0,-3.246328071382295,-3.246328071382295,-540830.9238994556
2019-07-12,0.0,0,0.0,0.0,-540830.9238994556
2019-07-15,0.0,0,0.0,0.0,-540830.9238994556
2019-07-16,0.0,0,-19965.4187399638,-19965.4187399638,-560796.3426394194
2019-07-17,0.0,0,9965.462588791996,9965.462588791996,-550830.8800506274
2019-07-18,0.0,0,30052.003833772727,30052.003833772727,-520778.87621685467
2019-07-19,0.0,0,-10008.661799680247,-10008.661799680247,-530787.5380165349
2019-07-22,0.0,0,-20017.323599361065,-20017.323599361065,-550804.861615896
2019-07-23,0.0,0,-10026.01845135259,-10026.01845135259,-560830.8800672486
2019-07-24,-0.0,0,-80069.2943974454,-80069.2943974454,-640900.174464694
2019-07-25,0.0,0,-375.89262643318466,-375.89262643318466,-641276.0670911272
2019-07-26,0.0,0,-0.0,0.0,-641276.0670911272
2019-07-29,0.0,0,0.0,0.0,-641276.0670911272
2019-07-30,0.0,0,0.0,0.0,-641276.0670911272
2019-07-31,-0.0,1,-0.0,-0.0,-641276.0670911272
2019-08-01,36885.94847571388,1,0.0,36885.94847571388,-604390.1186154133
2019-08-02,-30222.8343183586,1,0.0,-30222.8343183586,-634612.9529337719
2019-08-05,19382.081079103606,1,0.0,19382.081079103606,-615230.8718546683
2019-08-06,-30016.96312819876,1,0.0,-30016.96312819876,-645247.834982867
2019-08-07,-10021.49344434278,1,-0.0,-10021.49344434278,-655269.3284272098
2019-08-08,-19979.72712831317,1,0.0,-19979.72712831317,-675249.0555555229
2019-08-09,10034.1029947193,1,-0.0,10034.1029947193,-665214.9525608036
2019-08-12,-40070.2597532538,1,-0.0,-40070.2597532538,-705285.2123140574
2019-08-13,-49857.50848825248,1,-0.0,-49857.50848825248,-755142.7208023099
2019-08-14,-10388.766642377115,1,0.0,-10388.766642377115,-765531.487444687
2019-08-15,29442.26138960071,1,0.0,29442.26138960071,-736089.2260550864
2019-08-16,29990.188359326432,1,-0.0,29990.188359326432,-706099.0376957599
2019-08-19,-76.20068878732855,1,0.0,-76.20068878732855,-706175.2383845472
2019-08-20,-19815.697145352606,1,0.0,-19815.697145352606,-725990.9355298998
2019-08-21,-20046.128563533726,1,-0.0,-20046.128563533726,-746037.0640934336
2019-08-22,-20057.1172419817,1,0.0,-20057.1172419817,-766094.1813354152
2019-08-23,346.22460865587345,1,0.0,346.22460865587345,-765747.9567267593
2019-08-26,-9988.87711130588,1,0.0,-9988.87711130588,-775736.8338380652
2019-08-27,-39956.594340549054,1,-0.0,-39956.594340549054,-815693.4281786142
2019-08-28,9950.919432964405,1,0.0,9950.919432964405,-805742.5087456498
2019-08-29,83.83619308723064,1,0.0,83.83619308723064,-805658.6725525626
2019-08-30,29981.46552431553,1,-0.0,29981.46552431553,-775677.2070282471
2019-09-02,0.0,1,0.0,0.0,-775677.2070282471
2019-09-03,-37.95110025057511,1,0.0,-37.95110025057511,-775715.1581284977
2019-09-04,40004.94546557904,1,0.0,40004.94546557904,-735710.2126629186
2019-09-05,-19819.477398710354,1,-0.0,-19819.477398710354,-755529.6900616289
2019-09-06,33.46855976348161,1,-0.0,33.46855976348161,-755496.2215018654
2019-09-09,29908.969690747574,1,-0.0,29908.969690747574,-725587.2518111179
2019-09-10,-390.330519071882,1,-0.0,-390.330519071882,-725977.5823301898
2019-09-11,19720.494423614673,1,0.0,19720.494423614673,-706257.0879065751
2019-09-12,-12.646992013849971,1,-0.0,-12.646992013849971,-706269.734898589
2019-09-13,39812.18651856162,1,-0.0,39812.18651856162,-666457.5483800273
2019-09-16,-9614.77090913801,1,-0.0,-9614.77090913801,-676072.3192891653
2019-09-17,-9878.597948876417,1,0.0,-9878.597948876417,-685950.9172380418
2019-09-18,-59945.021174153895,1,-0.0,-59945.021174153895,-745895.9384121957
2019-09-19,19991.96026482474,1,-0.0,19991.96026482474,-725903.978147371
2019-09-20,64.06401702344738,1,0.0,64.06401702344738,-725839.9141303475
2019-09-23,-10011.3598178636,1,-0.0,-10011.3598178636,-735851.2739482111
2019-09-24,-121.59360994734743,1,0.0,-121.59360994734743,-735972.8675581585
2019-09-25,10423.951579052722,1,0.0,10423.951579052722,-725548.9159791057
2019-09-26,-10030.387503608476,1,-0.0,-10030.387503608476,-735579.3034827142
2019-09-27,19982.057702105933,1,0.0,19982.057702105933,-715597.2457806083
2019-09-30,-10030.43113612841,1,0.0,-10030.43113612841,-725627.6769167366
2019-10-01,39936.67828413025,1,0.0,39936.67828413025,-685690.9986326064
2019-10-02,29864.68633275506,1,0.0,29864.68633275506,-655826.3122998513
2019-10-03,29764.688004091237,1,0.0,29764.688004091237,-626061.6242957601
2019-10-04,-30250.070164859204,1,0.0,-30250.070164859204,-656311.6944606192
2019-10-07,-20015.1648948851,1,-0.0,-20015.1648948851,-676326.8593555044
2019-10-08,20010.95586483643,1,0.0,20010.95586483643,-656315.9034906679
2019-10-09,-38.451353220989404,1,-0.0,-38.451353220989404,-656354.3548438889
2019-10-10,19767.842981910697,1,-0.0,19767.842981910697,-636586.5118619782
2019-10-11,-10522.2589475009,1,-0.0,-10522.2589475009,-647108.770809479
2019-10-14,-13.86652377163954,1,0.0,-13.86652377163954,-647122.6373332507
2019-10-15,29999.999999999804,1,-0.0,29999.999999999804,-617122.637333251
2019-10-16,10017.526793962927,0,0.0,10017.526793962927,-607105.110539288
2019-10-17,-3098.6253763140417,0,-0.0,-3098.6253763140417,-610203.7359156021
2019-10-18,0.0,0,0.0,0.0,-610203.7359156021
2019-10-21,0.0,0,-0.0,0.0,-610203.7359156021
2019-10-22,0.0,0,-0.0,0.0,-610203.7359156021
2019-10-23,0.0,0,0.0,0.0,-610203.7359156021
2019-10-24,0.0,0,-0.0,0.0,-610203.7359156021
2019-10-25,0.0,0,-0.0,0.0,-610203.7359156021
2019-10-28,0.0,0,-0.0,0.0,-610203.7359156021
2019-10-29,-0.0,0,-0.0,-0.0,-610203.7359156021
2019-10-30,0.0,0,0.0,0.0,-610203.7359156021
2019-10-31,0.0,0,0.0,0.0,-610203.7359156021
2019-11-01,0.0,0,-0.0,0.0,-610203.7359156021
2019-11-04,0.0,0,0.0,0.0,-610203.7359156021
2019-11-05,0.0,0,-0.0,0.0,-610203.7359156021
2019-11-06,0.0,0,-0.0,0.0,-610203.7359156021
2019-11-07,0.0,0,-0.0,0.0,-610203.7359156021
2019-11-08,0.0,0,-0.0,0.0,-610203.7359156021
2019-11-11,0.0,0,0.0,0.0,-610203.7359156021
2019-11-12,0.0,0,-0.0,0.0,-610203.7359156021
2019-11-13,0.0,0,0.0,0.0,-610203.7359156021
2019-11-14,0.0,0,0.0,0.0,-610203.7359156021
2019-11-15,0.0,0,0.0,0.0,-610203.7359156021
2019-11-18,0.0,0,0.0,0.0,-610203.7359156021
2019-11-19,-0.0,0,-0.0,-0.0,-610203.7359156021
2019-11-20,0.0,0,0.0,0.0,-610203.7359156021
2019-11-21,0.0,0,-0.0,0.0,-610203.7359156021
2019-11-22,0.0,0,-0.0,0.0,-610203.7359156021
2019-11-25,-0.0,0,-0.0,-0.0,-610203.7359156021
2019-11-26,0.0,0,-0.0,0.0,-610203.7359156021
2019-11-27,0.0,0,-0.0,0.0,-610203.7359156021
2019-11-28,0.0,0,0.0,0.0,-610203.7359156021
2019-11-29,0.0,0,-0.0,0.0,-610203.7359156021
2019-12-02,0.0,0,0.0,0.0,-610203.7359156021
2019-12-03,0.0,0,0.0,0.0,-610203.7359156021
2019-12-04,0.0,0,-0.0,0.0,-610203.7359156021
2019-12-05,0.0,0,-0.0,0.0,-610203.7359156021
2019-12-06,0.0,0,-0.0,0.0,-610203.7359156021
2019-12-09,-0.0,0,-0.0,-0.0,-610203.7359156021
2019-12-10,0.0,0,-0.0,0.0,-610203.7359156021
2019-12-11,0.0,0,0.0,0.0,-610203.7359156021
2019-12-12,0.0,0,-0.0,0.0,-610203.7359156021
2019-12-13,0.0,0,-0.0,0.0,-610203.7359156021
2019-12-16,0.0,0,-0.0,0.0,-610203.7359156021
2019-12-17,0.0,0,-0.0,0.0,-610203.7359156021
2019-12-18,0.0,-1,-0.0,0.0,-610203.7359156021
2019-12-19,-13103.068148070059,-1,-0.0,-13103.068148070059,-623306.8040636721
2019-12-20,10001.234985106457,-1,0.0,10001.234985106457,-613305.5690785656
2019-12-23,-0.0,-1,0.0,0.0,-613305.5690785656
2019-12-24,9987.346349825344,-1,0.0,9987.346349825344,-603318.2227287402
2019-12-25,-0.0,-1,0.0,0.0,-603318.2227287402
2019-12-26,20002.469970213137,-1,0.0,20002.469970213137,-583315.752758527
2019-12-27,-29973.640474690084,-1,-0.0,-29973.640474690084,-613289.3932332172
2019-12-30,-30045.341955568278,-1,0.0,-30045.341955568278,-643334.7351887855
2019-12-31,-20020.18582216356,-1,0.0,-20020.18582216356,-663354.9210109491
2020-01-01,-0.0,-1,0.0,0.0,-663354.9210109491
2020-01-02,40000.00000000004,-1,0.0,40000.00000000004,-623354.9210109491
2020-01-03,30130.715332641827,-1,0.0,30130.715332641827,-593224.2056783072
2020-01-06,-48.41386880713799,-1,0.0,-48.41386880713799,-593272.6195471144
2020-01-07,-20111.380408434445,-1,0.0,-20111.380408434445,-613383.9999555488
2020-01-08,-137.6335708399638,-1,0.0,-137.6335708399638,-613521.6335263888
2020-01-09,20050.51876442278,-1,-0.0,20050.51876442278,-593471.114761966
2020-01-10,58.42219357522117,-1,-0.0,58.42219357522117,-593412.6925683909
2020-01-13,-73.76406832317298,-1,0.0,-73.76406832317298,-593486.456636714
2020-01-14,30106.16540511161,-1,0.0,30106.16540511161,-563380.2912316024
2020-01-15,10139.473208202347,-1,0.0,10139.473208202347,-553240.8180234
2020-01-16,-114.42573965256088,-1,-0.0,-114.42573965256088,-553355.2437630526
2020-01-17,-30167.070612651667,-1,-0.0,-30167.070612651667,-583522.3143757043
2020-01-20,-0.0,-1,0.0,0.0,-583522.3143757043
2020-01-21,10211.863855755328,-1,-0.0,10211.863855755328,-573310.450519949
2020-01-22,10070.954721198981,-1,0.0,10070.954721198981,-563239.49579875
2020-01-23,10203.42884104279,-1,0.0,10203.42884104279,-553036.0669577072
2020-01-24,20335.762140167633,-1,0.0,20335.762140167633,-532700.3048175395
2020-01-27,39989.48765944217,0,0.0,39989.48765944217,-492710.81715809734
2020-01-28,-3092.5558075126364,0,0.0,-3092.5558075126364,-495803.37296561
2020-01-29,0.0,0,0.0,0.0,-495803.37296561
2020-01-30,0.0,0,0.0,0.0,-495803.37296561
2020-01-31,0.0,0,0.0,0.0,-495803.37296561
2020-02-03,0.0,0,-0.0,0.0,-495803.37296561
2020-02-04,0.0,0,-0.0,0.0,-495803.37296561
2020-02-05,0.0,0,-0.0,0.0,-495803.37296561
2020-02-06,-0.0,0,-0.0,-0.0,-495803.37296561
2020-02-07,0.0,0,-0.0,0.0,-495803.37296561
2020-02-10,0.0,0,0.0,0.0,-495803.37296561
2020-02-11,0.0,0,-0.0,0.0,-495803.37296561
2020-02-12,0.0,0,0.0,0.0,-495803.37296561
2020-02-13,-0.0,0,-0.0,-0.0,-495803.37296561
2020-02-14,0.0,0,-0.0,0.0,-495803.37296561
2020-02-17,0.0,0,0.0,0.0,-495803.37296561
2020-02-18,0.0,0,0.0,0.0,-495803.37296561
2020-02-19,0.0,0,0.0,0.0,-495803.37296561
2020-02-20,0.0,0,0.0,0.0,-495803.37296561
2020-02-21,0.0,0,0.0,0.0,-495803.37296561
2020-02-24,0.0,0,0.0,0.0,-495803.37296561
2020-02-25,0.0,0,0.0,0.0,-495803.37296561
2020-02-26,0.0,0,0.0,0.0,-495803.37296561
2020-02-27,0.0,0,0.0,0.0,-495803.37296561
2020-02-28,0.0,0,0.0,0.0,-495803.37296561
2020-03-02,0.0,0,59649.96612514601,59649.96612514601,-436153.406840464
2020-03-03,0.0,-1,39892.889986118644,39892.889986118644,-396260.51685434533
2020-03-04,-43049.433055678004,-1,-10008.94896760801,-53058.382023286016,-449318.89887763135
2020-03-05,19960.196270677232,-1,50089.547656282564,70049.7439269598,-379269.15495067154
2020-03-06,80779.03573037144,-1,30188.66073545812,110967.69646582956,-268301.458484842
2020-03-09,89985.55033468823,0,379993.1506039621,469978.7009386503,201677.2424538083
2020-03-10,-3034.9833903663266,0,-5.598467945342418,-3040.581858311669,198636.66059549665
2020-03-11,0.0,-1,59993.08932723914,59993.08932723914,258629.7499227358
2020-03-12,-63037.44837054752,-1,209996.19915843144,146958.7507878839,405588.50071061973
2020-03-13,-69814.61402265943,-1,99991.36770468637,30176.753682026945,435765.25439264666
2020-03-16,78688.9237361611,-1,79994.83239547058,158683.75613163167,594449.0105242783
2020-03-17,-181159.3364813826,-1,109995.79837536422,-71163.53810601839,523285.4724182599
2020-03-18,-88334.29098986962,-1,319986.9908068809,231652.69981701125,754938.1722352712
2020-03-19,-40011.00126226986,-1,199984.0749659617,159973.07370369186,914911.245938963
2020-03-20,130528.7406855873,-1,219995.29160921415,350524.03229480144,1265435.2782337645
2020-03-23,69987.62448157361,-1,79866.15131424188,149853.7757958155,1415289.05402958
2020-03-24,19449.247658840774,-1,-120605.33020431976,-101156.08254547899,1314132.971484101
2020-03-25,-80160.29378865508,-1,-60003.36604406051,-140163.65983271558,1173969.3116513854
2020-03-26,10088.186923235953,-1,-90151.57297941633,-80063.38605618037,1093905.925595205
2020-03-27,60467.859569397755,-1,-60005.35537476695,462.5041946308047,1094368.4297898358
2020-03-30,177.54936305457886,-1,-90005.64896758688,-89828.0996045323,1004540.3301853035
2020-03-31,-10.304199857711048,-1,39996.3675055684,39986.06330571069,1044526.3934910141
2020-04-01,79999.99999999997,-1,39863.351375553284,119863.35137555326,1164389.7448665674
2020-04-02,-10041.511075450993,-1,-50000.0,-60041.511075450995,1104348.2337911164
2020-04-03,10036.30897492555,-1,0.0,10036.30897492555,1114384.542766042
2020-04-06,-10207.555377254961,-1,-10042.945950286901,-20250.50132754186,1094134.0414385002
2020-04-07,-70129.2963170839,-1,-120102.81015912551,-190232.10647620942,903901.9349622908
2020-04-08,-29942.11963859637,-1,-40171.78380114817,-70113.90343974455,833788.0315225462
2020-04-09,-124.54138660687022,-1,-140842.80598536815,-140967.34737197502,692820.6841505712
2020-04-10,-0.0,-1,-8.188779194016755,-8.188779194016755,692812.4953713772
2020-04-13,-9953.486420486246,-1,-200000.0,-209953.48642048624,482859.008950891
2020-04-14,-19995.00961011108,-1,-50005.514915377214,-70000.52452548829,412858.4844254027
2020-04-15,99597.32108816836,-1,-30131.051511165777,69466.26957700259,482324.75400240533
2020-04-16,20072.6179498511,-1,-50006.75229602605,-29934.134346174946,452390.6196562304
2020-04-17,-40186.86784688178,-1,-10061.757765396784,-50248.62561227856,402141.9940439518
2020-04-20,20051.83223627345,-1,10035.222264686257,30087.054500959708,432229.0485449115
2020-04-21,50181.544874627754,-1,10044.056088460897,60225.600963088655,492454.6495080001
2020-04-22,-30304.297514095088,-1,9997.126666795557,-20307.17084729953,472147.4786607006
2020-04-23,20072.6179498511,-1,-39789.254852959246,-19716.636903108145,452430.84175759245
2020-04-24,10046.716961720445,-1,-10000.0,46.7169617204454,452477.5587193129
2020-04-27,-50360.990516357524,-1,-10017.652444638476,-60378.642960996,392098.91575831687
2020-04-28,10082.682715375093,-1,9964.830771348808,20047.513486723903,412146.42924504075
2020-04-29,-10041.511075450993,-1,-10000.0,-20041.511075450995,392104.9181695898
2020-04-30,-10036.30897492555,-1,-10000.0,-20036.308974925552,372068.6091946642
2020-05-01,-0.0,-1,20000.0,20000.0,392068.6091946642
2020-05-04,-10003.74466166118,-1,29947.17846398873,19943.43380232755,412012.0429969918
2020-05-05,-20062.22131380305,-1,0.0,-20062.22131380305,391949.8216831887
2020-05-06,-80134.3388942553,-1,29815.71604052215,-50318.62285373315,341631.1988294556
2020-05-07,49876.972778372256,-1,29994.883329958964,79871.85610833122,421503.05493778683
2020-05-08,-30180.38103602099,-1,30158.255723390044,-22.1253126309457,421480.92962515587
2020-05-11,-30011.961727994134,-1,39895.10198530098,9883.140257306844,431364.06988246273
2020-05-12,39937.981893981654,-1,-10003.540257999304,29934.44163598235,461298.5115184451
2020-05-13,40018.38688685693,-1,30131.21064730158,70149.59753415851,531448.1090526036
2020-05-14,10031.110656901525,-1,-20122.61993770771,-10091.509280806185,521356.5997717974
2020-05-15,-10036.30897492555,-1,-3.21917389152758,-10039.528148817079,511317.07162298035
2020-05-18,-70262.51384034858,-1,-29973.75253968914,-100236.26638003772,411080.80524294265
2020-05-19,19947.244070790344,-1,-79511.92048341085,-59564.67641262051,351516.1288303221
2020-05-20,9992.508432011136,-1,-60210.652362309454,-50218.14393029832,301297.9849000238
2020-05-21,10008.741035882525,-1,-60003.84298183412,-49995.101945951596,251302.8829540722
2020-05-22,20020.710290081934,-1,0.0,20020.710290081934,271323.5932441541
2020-05-25,-0.0,-1,0.0,0.0,271323.5932441541
2020-05-26,-20054.684498195347,-1,-40282.9593674601,-60337.643865655446,210985.94937849868
2020-05-27,20011.418040664976,-1,-30002.867842697146,-9991.44980203217,200994.4995764665
2020-05-28,-40030.697051968826,-1,-10035.407295277852,-50066.10434724668,150928.39522921984
2020-05-29,39992.50843201116,-1,-20053.076785853973,19939.431646157183,170867.826875377
2020-06-01,-30043.398189901753,-1,19996.82803363739,-10046.570156264363,160821.25671911266
2020-06-02,9992.271451443026,-1,-19946.914790136856,-9954.64333869383,150866.61338041883
2020-06-03,-70078.21316939108,-1,-59840.74437041,-129918.95753980108,20947.65584061775
2020-06-04,-49819.37629890434,-1,-29841.05124716011,-79660.42754606446,-58712.77170544671
2020-06-05,-59428.67640136099,-1,-129082.80848043924,-188511.48488180025,-247224.25658724696
2020-06-08,29994.034581696975,-1,-49823.16307375812,-19829.128492061147,-267053.3850793081
2020-06-09,20061.880462976762,-1,-10035.55007063301,10026.330392343752,-257027.05468696437
2020-06-10,60317.85501622308,-1,59997.158347792894,120315.01336401598,-136712.0413229484
2020-06-11,110758.56442995809,-1,50133.70942659851,160892.2738565566,24180.232533608185
2020-06-12,-50007.66357626207,-1,5.719902741239297e-10,-50007.6635762615,-25827.431042653312
2020-06-15,-0.0,-1,20035.632822091935,20035.632822091935,-5791.798220561377
2020-06-16,-19896.625102210288,-1,-40000.0,-59896.62510221029,-65688.42332277166
2020-06-17,-10041.459318941965,-1,-20000.0,-30041.459318941965,-95729.88264171363
2020-06-18,29876.085159950748,-1,-10026.741885319816,19849.343274630934,-75880.5393670827
2020-06-19,9974.15627555257,-1,10062.559317984678,20036.71559353725,-55843.82377354545
2020-06-22,-9979.317509801265,-1,-10062.559317984678,-20041.87682778594,-75885.7006013314
2020-06-23,-19974.15627555258,-1,10062.559317984678,-9911.596957567903,-85797.2975588993
2020-06-24,39908.24471599156,-1,20089.254918546056,59997.49963453761,-25799.797924361686
2020-06-25,-10015.517503847457,-1,30160.762782608632,20145.245278761176,-5654.55264560051
2020-06-26,39958.60495129457,-1,0.0,39958.60495129457,34304.05230569406
2020-06-29,-10002.496940227888,-1,19997.48455323159,9994.987613003701,44299.03991869776
2020-06-30,-20020.727644234274,-1,-9982.17248862227,-30002.900132856543,14296.139785841217
2020-07-01,-19996.254215473804,-1,-39893.10400606896,-59889.35822154277,-45593.21843570155
2020-07-02,-18.014444075352003,-1,-19964.344977245106,-19982.359421320456,-65575.577857022
2020-07-03,-0.0,-1,0.0,0.0,-65575.577857022
2020-07-06,-9989.651237823531,-1,-40035.72423780069,-50025.37547562423,-115600.95333264623
2020-07-07,39937.92998461048,-1,-20071.587329074475,19866.342655536002,-95734.61067711022
2020-07-08,-20010.36005390409,-1,-40003.13041214976,-60013.490466053845,-155748.10114316407
2020-07-09,49974.11869015871,-1,-40071.78172375487,9902.33696640384,-145845.76417676022
2020-07-10,-30062.228190033402,-1,9996.57443967099,-20065.653750362413,-165911.41792712262
2020-07-13,10005.180026952044,-1,0.0,10005.180026952044,-155906.23790017058
2020-07-14,-9997.127746935063,-1,-29919.152448011744,-39916.280194946805,-195822.51809511738
2020-07-15,9996.937054920652,-1,0.0,9996.937054920652,-185825.58104019673
2020-07-16,20020.727644234274,-1,-20000.0,20.727644234273612,-185804.85339596245
2020-07-17,-40048.977029074464,-1,-10036.096074821993,-50085.07310389646,-235889.9264998589
2020-07-20,40033.21608787993,-1,-20054.10889824529,19979.107189634644,-215910.81931022427
2020-07-21,-9986.748839041065,-1,-30189.87489656057,-40176.623735601635,-256087.4430458259
2020-07-22,10025.937849211412,-1,-20003.406747776076,-9977.468898564664,-266064.91194439057
2020-07-23,30043.625193212465,-1,-30081.520856929477,-37.89566371701221,-266102.80760810757
2020-07-24,-20007.4915690522,-1,0.0,-20007.4915690522,-286110.2991771598
2020-07-27,-20102.774081141713,-1,-20127.141685878938,-40229.91576702065,-326340.21494418045
2020-07-28,20057.23331166213,-1,-341.63829362196213,19715.595018040167,-306624.6199261403
2020-07-29,-9976.149009324172,-1,0.0,-9976.149009324172,-316600.76893546444
2020-07-30,20115.89406234115,-1,-0.0,20115.89406234115,-296484.8748731233
2020-07-31,-0.0,-1,0.0,0.0,-296484.8748731233
2020-08-03,-10057.18808230153,-1,0.0,-10057.18808230153,-306542.06295542483
2020-08-04,40207.88090982511,-1,-0.0,40207.88090982511,-266334.18204559974
2020-08-05,-30218.593391581897,-1,-0.0,-30218.593391581897,-296552.77543718164
2020-08-06,-0.0,-1,-0.0,-0.0,-296552.77543718164
2020-08-07,-94.38866360703105,-1,0.0,-94.38866360703105,-296647.16410078865
2020-08-10,-10086.018525076825,-1,-0.0,-10086.018525076825,-306733.18262586545
2020-08-11,-30169.208727961894,-1,0.0,-30169.208727961894,-336902.3913538273
2020-08-12,-50051.819110585566,-1,-0.0,-50051.819110585566,-386954.21046441287
2020-08-13,-19968.964992305293,-1,0.0,-19968.964992305293,-406923.1754567182
2020-08-14,-20007.4915690522,-1,0.0,-20007.4915690522,-426930.6670257704
2020-08-17,19948.31255110514,-1,0.0,19948.31255110514,-406982.35447466525
2020-08-18,19968.96499230518,-1,0.0,19968.96499230518,-387013.38948236004
2020-08-19,-9994.823738031742,-1,0.0,-9994.823738031742,-397008.2132203918
2020-08-20,19962.709491648086,-1,0.0,19962.709491648086,-377045.5037287437
2020-08-21,40027.6614718119,-1,-0.0,40027.6614718119,-337017.8422569318
2020-08-24,-30017.855391169338,-1,-0.0,-30017.855391169338,-367035.69764810114
2020-08-25,-30014.475885985255,-1,0.0,-30014.475885985255,-397050.1735340864
2020-08-26,10004.994878371297,-1,0.0,10004.994878371297,-387045.1786557151
2020-08-27,-49922.41248076323,-1,0.0,-49922.41248076323,-436967.5911364783
2020-08-28,-20007.4915690522,-1,0.0,-20007.4915690522,-456975.0827055305
2020-08-31,19917.390106633833,-1,-0.0,19917.390106633833,-437057.6925988967
2020-09-01,29869.750938957797,-1,0.0,29869.750938957797,-407187.9416599389
2020-09-02,29986.796290600578,-1,-0.0,29986.796290600578,-377201.14536933834
2020-09-03,19993.755778177183,-1,0.0,19993.755778177183,-357207.38959116116
2020-09-04,-80132.46868357161,-1,0.0,-80132.46868357161,-437339.8582747328
2020-09-07,-0.0,-1,0.0,0.0,-437339.8582747328
2020-09-08,29906.99637058556,-1,-0.0,29906.99637058556,-407432.8619041472
2020-09-09,-19968.964992305293,-1,0.0,-19968.964992305293,-427401.82689645246
2020-09-10,29922.468826657598,-1,0.0,29922.468826657598,-397479.35806979483
2020-09-11,-16.592983999198623,-1,0.0,-16.592983999198623,-397495.951053794
2020-09-14,12.670076921553118,-1,-0.0,12.670076921553118,-397483.2809768724
2020-09-15,-0.0,-1,0.0,0.0,-397483.2809768724
2020-09-16,-9989.651237823531,-1,-0.0,-9989.651237823531,-407472.93221469596
2020-09-17,-10006.24422182284,-1,-0.0,-10006.24422182284,-417479.1764365188
2020-09-18,23.01131880064895,-1,0.0,23.01131880064895,-417456.16511771816
2020-09-21,19958.635019602418,-1,-0.0,19958.635019602418,-397497.53009811573
2020-09-22,-10006.24422182284,-1,0.0,-10006.24422182284,-407503.77431993856
2020-09-23,10007.493814953295,-1,0.0,10007.493814953295,-397496.28050498525
2020-09-24,9989.651237823642,-1,0.0,9989.651237823642,-387506.6292671616
2020-09-25,-10017.664705613939,-1,0.0,-10017.664705613939,-397524.2939727755
2020-09-28,10017.487315640845,-1,0.0,10017.487315640845,-387506.8066571347
2020-09-29,-20023.908927436765,-1,-0.0,-20023.908927436765,-407530.7155845714
2020-09-30,-9980.012499003999,-1,0.0,-9980.012499003999,-417510.72808357544
2020-10-01,19991.97631110583,-1,0.0,19991.97631110583,-397518.7517724696
2020-10-02,-29985.54669747001,-1,0.0,-29985.54669747001,-427504.2984699396
2020-10-05,-69827.04626345682,-1,-0.0,-69827.04626345682,-497331.3447333964
2020-10-06,19876.264850468826,-1,-0.0,19876.264850468826,-477455.0798829276
2020-10-07,-29729.54292398878,-1,-0.0,-29729.54292398878,-507184.62280691636
2020-10-08,-242.98857309523373,-1,-0.0,-242.98857309523373,-507427.6113800116
2020-10-09,20084.349019625446,-1,-0.0,20084.349019625446,-487343.26236038614
2020-10-12,-0.0,-1,0.0,0.0,-487343.26236038614
2020-10-13,49665.00546207885,-1,-0.0,49665.00546207885,-437678.2568983073
2020-10-14,-10048.796515735283,-1,-0.0,-10048.796515735283,-447727.0534140426
2020-10-15,-9963.845050518417,-1,0.0,-9963.845050518417,-457690.898464561
2020-10-16,-19917.390106633833,-1,-0.0,-19917.390106633833,-477608.2885711948
2020-10-19,115.67589659188161,-1,-0.0,115.67589659188161,-477492.61267460295
2020-10-20,-49821.888844755435,-1,0.0,-49821.888844755435,-527314.5015193584
2020-10-21,-19845.49918698861,-1,-0.0,-19845.49918698861,-547160.0007063469
2020-10-22,-19637.56340558044,-1,-0.0,-19637.56340558044,-566797.5641119274
2020-10-23,39993.41605050055,-1,-0.0,39993.41605050055,-526804.1480614268
2020-10-26,20046.266299719813,-1,0.0,20046.266299719813,-506757.881761707
2020-10-27,20061.999860433058,-1,0.0,20061.999860433058,-486695.88190127397
2020-10-28,-0.0,-1,0.0,0.0,-486695.88190127397
2020-10-29,-60248.17959541494,-1,-0.0,-60248.17959541494,-546944.0614966889
2020-10-30,-50030.954968814665,-1,0.0,-50030.954968814665,-596975.0164655035
2020-11-02,29999.841451070675,-1,-0.0,29999.841451070675,-566975.1750144329
2020-11-03,-20000.000000000015,-1,-0.0,-20000.000000000015,-586975.1750144329
2020-11-04,89818.35166347084,-1,0.0,89818.35166347084,-497156.823350962
2020-11-05,-10046.550578014008,-1,-0.0,-10046.550578014008,-507203.373928976
2020-11-06,-20160.45806003718,-1,-0.0,-20160.45806003718,-527363.8319890132
2020-11-09,-120268.47111799051,-1,-0.0,-120268.47111799051,-647632.3031070038
2020-11-10,89.998803622173,-1,-0.0,89.998803622173,-647542.3043033816
2020-11-11,-0.0,-1,0.0,0.0,-647542.3043033816
2020-11-12,79442.64700881059,-1,0.0,79442.64700881059,-568099.657294571
2020-11-13,-9994.846447497934,-1,-0.0,-9994.846447497934,-578094.503742069
2020-11-16,18.109986540974205,-1,-0.0,18.109986540974205,-578076.393755528
2020-11-17,29921.37713206525,-1,0.0,29921.37713206525,-548155.0166234628
2020-11-18,-29995.006992032977,-1,-0.0,-29995.006992032977,-578150.0236154958
2020-11-19,39989.69289499586,-1,-0.0,39989.69289499586,-538160.3307204999
2020-11-20,10020.464880207892,-1,0.0,10020.464880207892,-528139.865840292
2020-11-23,-30061.954873382456,-1,-0.0,-30061.954873382456,-558201.8207136744
2020-11-24,-20010.31458149391,-1,-0.0,-20010.31458149391,-578212.1352951684
2020-11-25,10000.00000000001,-1,0.0,10000.00000000001,-568212.1352951684
2020-11-26,-0.0,-1,0.0,0.0,-568212.1352951684
2020-11-27,29980.634166674943,-1,0.0,29980.634166674943,-538231.5011284935
2020-11-30,-0.0,-1,-0.0,-0.0,-538231.5011284935
2020-12-01,-70123.86479819457,-1,-0.0,-70123.86479819457,-608355.3659266881
2020-12-02,-39921.5602915618,-1,-0.0,-39921.5602915618,-648276.9262182498
2020-12-03,29876.627948472713,-1,-0.0,29876.627948472713,-618400.2982697771
2020-12-04,-49871.347780408425,-1,0.0,-49871.347780408425,-668271.6460501855
2020-12-07,9845.896509350569,-1,-0.0,9845.896509350569,-658425.7495408349
2020-12-08,19928.006913819027,-1,0.0,19928.006913819027,-638497.7426270159
2020-12-09,-9917.81366467227,-1,0.0,-9917.81366467227,-648415.5562916882
2020-12-10,9876.62794847272,-1,-0.0,9876.62794847272,-638538.9283432155
2020-12-11,-10058.95339319572,-1,0.0,-10058.95339319572,-648597.8817364112
2020-12-14,20012.491252989494,-1,0.0,20012.491252989494,-628585.3904834217
2020-12-15,-39976.59434294641,-1,0.0,-39976.59434294641,-668561.9848263682
2020-12-16,20012.491252989494,-1,-0.0,20012.491252989494,-648549.4935733787
2020-12-17,-19948.539112163304,-1,-0.0,-19948.539112163304,-668498.032685542
2020-12-18,-9964.00345690957,0,0.0,-9964.00345690957,-678462.0361424516
2020-12-21,-3028.153363995918,0,-0.0,-3028.153363995918,-681490.1895064475
2020-12-22,-0.0,0,-0.0,-0.0,-681490.1895064475
2020-12-23,0.0,0,0.0,0.0,-681490.1895064475
2020-12-24,-0.0,0,-0.0,-0.0,-681490.1895064475
2020-12-25,0.0,0,0.0,0.0,-681490.1895064475
2020-12-28,0.0,0,-0.0,0.0,-681490.1895064475
2020-12-29,0.0,0,0.0,0.0,-681490.1895064475
2020-12-30,-0.0,0,-0.0,-0.0,-681490.1895064475
2020-12-31,0.0,0,-0.0,0.0,-681490.1895064475
2021-01-01,0.0,0,0.0,0.0,-681490.1895064475
2021-01-04,0.0,0,0.0,0.0,-681490.1895064475
2021-01-05,0.0,0,0.0,0.0,-681490.1895064475
2021-01-06,0.0,0,0.0,0.0,-681490.1895064475
2021-01-07,0.0,0,-0.0,0.0,-681490.1895064475
2021-01-08,0.0,0,-0.0,0.0,-681490.1895064475
2021-01-11,0.0,0,-0.0,0.0,-681490.1895064475
2021-01-12,0.0,0,0.0,0.0,-681490.1895064475
2021-01-13,-0.0,0,-0.0,-0.0,-681490.1895064475
2021-01-14,0.0,0,-0.0,0.0,-681490.1895064475
2021-01-15,0.0,0,0.0,0.0,-681490.1895064475
2021-01-18,0.0,0,0.0,0.0,-681490.1895064475
2021-01-19,-0.0,0,-0.0,-0.0,-681490.1895064475
2021-01-20,0.0,0,0.0,0.0,-681490.1895064475
2021-01-21,0.0,0,0.0,0.0,-681490.1895064475
2021-01-22,-0.0,0,0.0,0.0,-681490.1895064475
2021-01-25,-0.0,0,0.0,0.0,-681490.1895064475
2021-01-26,0.0,0,0.0,0.0,-681490.1895064475
2021-01-27,-0.0,0,0.0,0.0,-681490.1895064475
2021-01-28,0.0,0,0.0,0.0,-681490.1895064475
2021-01-29,0.0,0,0.0,0.0,-681490.1895064475
2021-02-01,-0.0,0,0.0,0.0,-681490.1895064475
2021-02-02,0.0,0,-0.0,0.0,-681490.1895064475
2021-02-03,0.0,0,-0.0,0.0,-681490.1895064475
2021-02-04,0.0,0,0.0,0.0,-681490.1895064475
2021-02-05,0.0,0,-0.0,0.0,-681490.1895064475
2021-02-08,0.0,0,-0.0,0.0,-681490.1895064475
2021-02-09,-0.0,0,0.0,0.0,-681490.1895064475
2021-02-10,-0.0,0,0.0,0.0,-681490.1895064475
2021-02-11,0.0,0,0.0,0.0,-681490.1895064475
2021-02-12,0.0,0,0.0,0.0,-681490.1895064475
2021-02-15,0.0,0,0.0,0.0,-681490.1895064475
2021-02-16,0.0,0,-0.0,0.0,-681490.1895064475
2021-02-17,0.0,0,-0.0,0.0,-681490.1895064475
2021-02-18,0.0,0,0.0,0.0,-681490.1895064475
2021-02-19,0.0,0,0.0,0.0,-681490.1895064475
2021-02-22,0.0,0,0.0,0.0,-681490.1895064475
2021-02-23,0.0,0,0.0,0.0,-681490.1895064475
2021-02-24,0.0,0,0.0,0.0,-681490.1895064475
2021-02-25,0.0,0,-0.0,0.0,-681490.1895064475
2021-02-26,0.0,0,0.0,0.0,-681490.1895064475
2021-03-01,0.0,0,0.0,0.0,-681490.1895064475
2021-03-02,-0.0,0,0.0,0.0,-681490.1895064475
2021-03-03,0.0,0,-0.0,0.0,-681490.1895064475
2021-03-04,0.0,0,-0.0,0.0,-681490.1895064475
2021-03-05,0.0,0,0.0,0.0,-681490.1895064475
2021-03-08,0.0,0,0.0,0.0,-681490.1895064475
2021-03-09,-0.0,0,0.0,0.0,-681490.1895064475
2021-03-10,0.0,0,0.0,0.0,-681490.1895064475
2021-03-11,0.0,0,0.0,0.0,-681490.1895064475
2021-03-12,0.0,0,0.0,0.0,-681490.1895064475
2021-03-15,-0.0,0,-0.0,-0.0,-681490.1895064475
2021-03-16,0.0,0,0.0,0.0,-681490.1895064475
2021-03-17,0.0,0,0.0,0.0,-681490.1895064475
2021-03-18,0.0,0,-0.0,0.0,-681490.1895064475
2021-03-19,0.0,0,-0.0,0.0,-681490.1895064475
2021-03-22,0.0,0,-0.0,0.0,-681490.1895064475
2021-03-23,-0.0,0,0.0,0.0,-681490.1895064475
2021-03-24,0.0,0,-0.0,0.0,-681490.1895064475
2021-03-25,0.0,0,0.0,0.0,-681490.1895064475
2021-03-26,0.0,0,-0.0,0.0,-681490.1895064475
2021-03-29,0.0,0,-0.0,0.0,-681490.1895064475
2021-03-30,0.0,0,-0.0,0.0,-681490.1895064475
2021-03-31,0.0,0,-0.0,0.0,-681490.1895064475
2021-04-01,-0.0,0,-0.0,-0.0,-681490.1895064475
2021-04-02,0.0,0,-0.0,0.0,-681490.1895064475
2021-04-05,0.0,0,-0.0,0.0,-681490.1895064475
2021-04-06,0.0,0,0.0,0.0,-681490.1895064475
2021-04-07,0.0,0,0.0,0.0,-681490.1895064475
2021-04-08,0.0,0,0.0,0.0,-681490.1895064475
2021-04-09,0.0,0,-0.0,0.0,-681490.1895064475
2021-04-12,0.0,0,-0.0,0.0,-681490.1895064475
2021-04-13,0.0,0,0.0,0.0,-681490.1895064475
2021-04-14,0.0,0,0.0,0.0,-681490.1895064475
2021-04-15,-0.0,0,-0.0,-0.0,-681490.1895064475
2021-04-16,0.0,0,0.0,0.0,-681490.1895064475
2021-04-19,0.0,0,0.0,0.0,-681490.1895064475
2021-04-20,0.0,0,0.0,0.0,-681490.1895064475
2021-04-21,-0.0,0,0.0,0.0,-681490.1895064475
2021-04-22,0.0,0,-0.0,0.0,-681490.1895064475
2021-04-23,0.0,0,-0.0,0.0,-681490.1895064475
2021-04-26,0.0,0,-0.0,0.0,-681490.1895064475
2021-04-27,0.0,0,-0.0,0.0,-681490.1895064475
2021-04-28,0.0,0,0.0,0.0,-681490.1895064475
2021-04-29,0.0,0,-0.0,0.0,-681490.1895064475
2021-04-30,0.0,0,-0.0,0.0,-681490.1895064475
2021-05-03,-0.0,0,0.0,0.0,-681490.1895064475
2021-05-04,-0.0,0,0.0,0.0,-681490.1895064475
2021-05-05,-0.0,0,0.0,0.0,-681490.1895064475
2021-05-06,-0.0,0,-0.0,-0.0,-681490.1895064475
2021-05-07,0.0,0,0.0,0.0,-681490.1895064475
2021-05-10,0.0,0,0.0,0.0,-681490.1895064475
2021-05-11,0.0,0,0.0,0.0,-681490.1895064475
2021-05-12,0.0,0,0.0,0.0,-681490.1895064475
2021-05-13,-0.0,0,0.0,0.0,-681490.1895064475
2021-05-14,-0.0,0,-0.0,-0.0,-681490.1895064475
2021-05-17,0.0,0,-0.0,0.0,-681490.1895064475
2021-05-18,0.0,0,0.0,0.0,-681490.1895064475
2021-05-19,0.0,0,-0.0,0.0,-681490.1895064475
2021-05-20,0.0,0,-0.0,0.0,-681490.1895064475
2021-05-21,0.0,0,-0.0,0.0,-681490.1895064475
2021-05-24,0.0,0,-0.0,0.0,-681490.1895064475
2021-05-25,-0.0,0,0.0,0.0,-681490.1895064475
2021-05-26,0.0,0,-0.0,0.0,-681490.1895064475
2021-05-27,0.0,0,-0.0,0.0,-681490.1895064475
2021-05-28,-0.0,0,0.0,0.0,-681490.1895064475
2021-05-31,0.0,0,0.0,0.0,-681490.1895064475
2021-06-01,0.0,0,-0.0,0.0,-681490.1895064475
2021-06-02,0.0,0,0.0,0.0,-681490.1895064475
2021-06-03,0.0,0,-0.0,0.0,-681490.1895064475
2021-06-04,0.0,0,0.0,0.0,-681490.1895064475
2021-06-07,0.0,0,-0.0,0.0,-681490.1895064475
2021-06-08,0.0,0,0.0,0.0,-681490.1895064475
2021-06-09,-0.0,0,-0.0,-0.0,-681490.1895064475
2021-06-10,0.0,0,0.0,0.0,-681490.1895064475
2021-06-11,0.0,0,-0.0,0.0,-681490.1895064475
2021-06-14,0.0,0,-0.0,0.0,-681490.1895064475
2021-06-15,0.0,0,0.0,0.0,-681490.1895064475
2021-06-16,0.0,0,-0.0,0.0,-681490.1895064475
2021-06-17,-0.0,0,-0.0,-0.0,-681490.1895064475
2021-06-18,-0.0,0,0.0,0.0,-681490.1895064475
2021-06-21,0.0,0,0.0,0.0,-681490.1895064475
2021-06-22,0.0,0,0.0,0.0,-681490.1895064475
2021-06-23,0.0,0,-0.0,0.0,-681490.1895064475
2021-06-24,-0.0,0,-0.0,-0.0,-681490.1895064475
2021-06-25,0.0,0,0.0,0.0,-681490.1895064475
2021-06-28,0.0,0,-0.0,0.0,-681490.1895064475
2021-06-29,0.0,0,-0.0,0.0,-681490.1895064475
2021-06-30,0.0,0,0.0,0.0,-681490.1895064475
2021-07-01,0.0,0,-0.0,0.0,-681490.1895064475
2021-07-02,0.0,0,0.0,0.0,-681490.1895064475
2021-07-05,0.0,0,0.0,0.0,-681490.1895064475
2021-07-06,0.0,0,0.0,0.0,-681490.1895064475
2021-07-07,-0.0,0,-0.0,-0.0,-681490.1895064475
2021-07-08,0.0,0,0.0,0.0,-681490.1895064475
2021-07-09,0.0,0,-0.0,0.0,-681490.1895064475
2021-07-12,0.0,0,0.0,0.0,-681490.1895064475
2021-07-13,0.0,0,0.0,0.0,-681490.1895064475
2021-07-14,0.0,0,-0.0,0.0,-681490.1895064475
2021-07-15,-0.0,0,0.0,0.0,-681490.1895064475
2021-07-16,0.0,0,0.0,0.0,-681490.1895064475
2021-07-19,0.0,0,0.0,0.0,-681490.1895064475
2021-07-20,0.0,0,0.0,0.0,-681490.1895064475
2021-07-21,0.0,0,-0.0,0.0,-681490.1895064475
2021-07-22,0.0,0,-0.0,0.0,-681490.1895064475
2021-07-23,0.0,0,-0.0,0.0,-681490.1895064475
2021-07-26,-0.0,0,0.0,0.0,-681490.1895064475
2021-07-27,0.0,0,0.0,0.0,-681490.1895064475
2021-07-28,0.0,0,0.0,0.0,-681490.1895064475
2021-07-29,0.0,0,-0.0,0.0,-681490.1895064475
2021-07-30,0.0,0,0.0,0.0,-681490.1895064475
2021-08-02,0.0,0,0.0,0.0,-681490.1895064475
2021-08-03,-0.0,0,0.0,0.0,-681490.1895064475
2021-08-04,0.0,0,-0.0,0.0,-681490.1895064475
2021-08-05,0.0,0,-0.0,0.0,-681490.1895064475
2021-08-06,0.0,0,-0.0,0.0,-681490.1895064475
2021-08-09,0.0,0,0.0,0.0,-681490.1895064475
2021-08-10,0.0,0,0.0,0.0,-681490.1895064475
2021-08-11,0.0,0,0.0,0.0,-681490.1895064475
2021-08-12,0.0,0,0.0,0.0,-681490.1895064475
2021-08-13,-0.0,0,-0.0,-0.0,-681490.1895064475
2021-08-16,0.0,0,-0.0,0.0,-681490.1895064475
2021-08-17,0.0,0,0.0,0.0,-681490.1895064475
2021-08-18,0.0,0,-0.0,0.0,-681490.1895064475
2021-08-19,0.0,0,0.0,0.0,-681490.1895064475
2021-08-20,0.0,0,-0.0,0.0,-681490.1895064475
2021-08-23,-0.0,0,0.0,0.0,-681490.1895064475
2021-08-24,0.0,0,-0.0,0.0,-681490.1895064475
2021-08-25,0.0,0,-0.0,0.0,-681490.1895064475
2021-08-26,-0.0,0,-0.0,-0.0,-681490.1895064475
2021-08-27,0.0,0,0.0,0.0,-681490.1895064475
2021-08-30,0.0,0,0.0,0.0,-681490.1895064475
2021-08-31,0.0,0,0.0,0.0,-681490.1895064475
2021-09-01,0.0,0,-0.0,0.0,-681490.1895064475
2021-09-02,-0.0,0,0.0,0.0,-681490.1895064475
2021-09-03,0.0,0,-0.0,0.0,-681490.1895064475
2021-09-06,0.0,0,0.0,0.0,-681490.1895064475
2021-09-07,0.0,0,0.0,0.0,-681490.1895064475
2021-09-08,-0.0,0,-0.0,-0.0,-681490.1895064475
2021-09-09,-0.0,0,-0.0,-0.0,-681490.1895064475
2021-09-10,0.0,0,-0.0,0.0,-681490.1895064475
2021-09-13,0.0,0,-0.0,0.0,-681490.1895064475
2021-09-14,-0.0,0,0.0,0.0,-681490.1895064475
2021-09-15,0.0,0,-0.0,0.0,-681490.1895064475
2021-09-16,0.0,0,-0.0,0.0,-681490.1895064475
2021-09-17,0.0,0,-0.0,0.0,-681490.1895064475
2021-09-20,-0.0,0,0.0,0.0,-681490.1895064475
2021-09-21,0.0,0,-0.0,0.0,-681490.1895064475
2021-09-22,-0.0,0,-0.0,-0.0,-681490.1895064475
2021-09-23,0.0,0,-0.0,0.0,-681490.1895064475
2021-09-24,0.0,0,-0.0,0.0,-681490.1895064475
2021-09-27,0.0,0,-0.0,0.0,-681490.1895064475
2021-09-28,0.0,0,0.0,0.0,-681490.1895064475
2021-09-29,0.0,0,0.0,0.0,-681490.1895064475
2021-09-30,0.0,0,0.0,0.0,-681490.1895064475
2021-10-01,0.0,0,0.0,0.0,-681490.1895064475
2021-10-04,0.0,0,0.0,0.0,-681490.1895064475
2021-10-05,0.0,0,-0.0,0.0,-681490.1895064475
2021-10-06,-0.0,0,0.0,0.0,-681490.1895064475
2021-10-07,0.0,0,0.0,0.0,-681490.1895064475
2021-10-08,0.0,0,-0.0,0.0,-681490.1895064475
2021-10-11,0.0,0,0.0,0.0,-681490.1895064475
2021-10-12,-0.0,0,-0.0,-0.0,-681490.1895064475
2021-10-13,-0.0,0,-0.0,-0.0,-681490.1895064475
2021-10-14,0.0,0,0.0,0.0,-681490.1895064475
2021-10-15,0.0,0,-0.0,0.0,-681490.1895064475
2021-10-18,0.0,0,-0.0,0.0,-681490.1895064475
2021-10-19,0.0,0,0.0,0.0,-681490.1895064475
2021-10-20,0.0,0,0.0,0.0,-681490.1895064475
2021-10-21,0.0,0,-0.0,0.0,-681490.1895064475
2021-10-22,-0.0,0,-0.0,-0.0,-681490.1895064475
2021-10-25,0.0,0,0.0,0.0,-681490.1895064475
2021-10-26,-0.0,0,-0.0,-0.0,-681490.1895064475
2021-10-27,-0.0,0,-0.0,-0.0,-681490.1895064475
2021-10-28,0.0,0,-0.0,0.0,-681490.1895064475
2021-10-29,0.0,0,0.0,0.0,-681490.1895064475
2021-11-01,0.0,0,-0.0,0.0,-681490.1895064475
2021-11-02,0.0,0,0.0,0.0,-681490.1895064475
2021-11-03,0.0,0,-0.0,0.0,-681490.1895064475
2021-11-04,0.0,0,0.0,0.0,-681490.1895064475
2021-11-05,0.0,0,0.0,0.0,-681490.1895064475
2021-11-08,0.0,0,-0.0,0.0,-681490.1895064475
2021-11-09,0.0,0,-0.0,0.0,-681490.1895064475
2021-11-10,0.0,0,-0.0,0.0,-681490.1895064475
2021-11-11,0.0,0,0.0,0.0,-681490.1895064475
2021-11-12,0.0,0,0.0,0.0,-681490.1895064475
2021-11-15,0.0,0,0.0,0.0,-681490.1895064475
2021-11-16,0.0,0,0.0,0.0,-681490.1895064475
2021-11-17,0.0,0,0.0,0.0,-681490.1895064475
2021-11-18,-0.0,0,-0.0,-0.0,-681490.1895064475
2021-11-19,-0.0,0,0.0,0.0,-681490.1895064475
2021-11-22,0.0,0,-0.0,0.0,-681490.1895064475
2021-11-23,0.0,0,0.0,0.0,-681490.1895064475
2021-11-24,-0.0,0,-0.0,-0.0,-681490.1895064475
2021-11-25,0.0,0,0.0,0.0,-681490.1895064475
2021-11-26,0.0,0,0.0,0.0,-681490.1895064475
2021-11-29,0.0,0,-0.0,0.0,-681490.1895064475
2021-11-30,-0.0,0,0.0,0.0,-681490.1895064475
2021-12-01,0.0,1,0.0,0.0,-681490.1895064475
2021-12-02,-63055.90856608361,1,-0.0,-63055.90856608361,-744546.0980725312
2021-12-03,-59980.28191051725,1,0.0,-59980.28191051725,-804526.3799830484
2021-12-06,30351.916972107945,1,-0.0,30351.916972107945,-774174.4630109405
2021-12-07,55.96432183521392,1,-0.0,55.96432183521392,-774118.4986891053
2021-12-08,59863.47493193418,1,0.0,59863.47493193418,-714255.0237571711
2021-12-09,-49833.03633819986,1,0.0,-49833.03633819986,-764088.060095371
2021-12-10,19978.29770722813,1,0.0,19978.29770722813,-744109.7623881429
2021-12-13,-49861.09721162835,1,-0.0,-49861.09721162835,-793970.8595997712
2021-12-14,10022.629274171199,1,-0.0,10022.629274171199,-783948.2303256
2021-12-15,10012.074894927602,1,0.0,10012.074894927602,-773936.1554306725
2021-12-16,19980.248878130275,1,0.0,19980.248878130275,-753955.9065525422
2021-12-17,-49964.81960088268,1,0.0,-49964.81960088268,-803920.7261534249
2021-12-20,30007.960057154774,1,0.0,30007.960057154774,-773912.7660962702
2021-12-21,55.96432183521392,1,-0.0,55.96432183521392,-773856.801774435
2021-12-22,16.05516368939425,1,-0.0,16.05516368939425,-773840.7466107456
2021-12-23,9983.682080275761,1,0.0,9983.682080275761,-763857.0645304698
2021-12-24,0.0,1,0.0,0.0,-763857.0645304698
2021-12-27,-69835.6288976298,1,0.0,-69835.6288976298,-833692.6934280996
2021-12-28,29924.87833833744,1,0.0,29924.87833833744,-803767.8150897622
2021-12-29,49839.33521569331,1,-0.0,49839.33521569331,-753928.4798740689
2021-12-30,-9864.575368322174,1,0.0,-9864.575368322174,-763793.0552423911
2021-12-31,0.0,1,0.0,0.0,-763793.0552423911
2022-01-03,59602.83478783634,1,-0.0,59602.83478783634,-704190.2204545548
2022-01-04,39669.15339590715,1,0.0,39669.15339590715,-664521.0670586476
2022-01-05,-10012.915214034008,1,-0.0,-10012.915214034008,-674533.9822726817
2022-01-06,-30013.35258951301,1,-0.0,-30013.35258951301,-704547.3348621947
2022-01-07,39880.12920001917,1,0.0,39880.12920001917,-664667.2056621755
2022-01-10,-30038.969419785546,1,-0.0,-30038.969419785546,-694706.1750819611
2022-01-11,-9855.472057749339,1,-0.0,-9855.472057749339,-704561.6471397104
2022-01-12,-29922.240579721285,1,0.0,-29922.240579721285,-734483.8877194317
2022-01-13,-29856.821260145447,1,0.0,-29856.821260145447,-764340.7089795771
2022-01-14,-23.023842793467338,1,-0.0,-23.023842793467338,-764363.7328223705
2022-01-17,0.0,1,0.0,0.0,-764363.7328223705
2022-01-18,19645.70475276954,1,-0.0,19645.70475276954,-744718.0280696009
2022-01-19,-19649.139336625736,1,-0.0,-19649.139336625736,-764367.1674062266
2022-01-20,-39866.13595762926,1,0.0,-39866.13595762926,-804233.3033638559
2022-01-21,-9583.451252005223,1,0.0,-9583.451252005223,-813816.7546158611
2022-01-24,19940.487138214623,1,0.0,19940.487138214623,-793876.2674776465
2022-01-25,-54.617633223257144,1,0.0,-54.617633223257144,-793930.8851108698
2022-01-26,-40083.173878004716,1,-0.0,-40083.173878004716,-834014.0589888745
2022-01-27,-89394.34334994652,1,0.0,-89394.34334994652,-923408.4023388211
2022-01-28,74.70764763201078,1,0.0,74.70764763201078,-923333.6946911891
2022-01-31,-19919.438880954105,1,0.0,-19919.438880954105,-943253.1335721432
2022-02-01,19868.778200818135,1,-0.0,19868.778200818135,-923384.355371325
2022-02-02,-9874.54417226341,1,-0.0,-9874.54417226341,-933258.8995435884
2022-02-03,9902.504368669026,1,0.0,9902.504368669026,-923356.3951749194
2022-02-04,-10263.548386485549,1,0.0,-10263.548386485549,-933619.943561405
2022-02-07,-24.449641900434905,1,0.0,-24.449641900434905,-933644.3932033054
2022-02-08,-9986.015328603142,1,-0.0,-9986.015328603142,-943630.4085319085
2022-02-09,-29964.832440384525,1,0.0,-29964.832440384525,-973595.2409722931
2022-02-10,-159890.7100299967,1,-0.0,-159890.7100299967,-1133485.9510022898
2022-02-11,145.35300640448986,1,0.0,145.35300640448986,-1133340.5979958852
2022-02-14,-19781.94505012992,1,0.0,-19781.94505012992,-1153122.543046015
2022-02-15,69823.85263725821,1,-0.0,69823.85263725821,-1083298.690408757
2022-02-16,39920.49556212996,1,0.0,39920.49556212996,-1043378.194846627
2022-02-17,-29776.391664928193,1,0.0,-29776.391664928193,-1073154.5865115551
2022-02-18,-29943.790197382215,1,9631.551401666804,-20312.238795715413,-1093466.8253072705
2022-02-21,0.0,1,0.0,0.0,-1093466.8253072705
2022-02-22,-69811.95038244552,1,2.8521293113557507e-10,-69811.95038244523,-1163278.7756897158
2022-02-23,30036.537559585355,1,-30052.489685739143,-15.952126153788413,-1163294.7278158695
2022-02-24,9957.231201921852,1,140000.00000000058,149957.23120192243,-1013337.4966139471
2022-02-25,13.295719555970209,1,-40003.55023993772,-39990.25452038175,-1053327.7511343288
2022-02-28,-30044.069600664443,1,140366.03177460778,110321.96217394334,-943005.7889603855
2022-03-01,19234.49440573764,1,-90235.30614081948,-71000.81173508184,-1014006.6006954673
2022-03-02,-48506.51913820801,0,-10007.402334749318,-58513.92147295733,-1072520.5221684247
2022-03-03,-3093.2734220182147,0,-4.174088128543552,-3097.4475101467583,-1075617.9696785714
2022-03-04,0.0,0,70000.00000000057,70000.00000000057,-1005617.9696785709
2022-03-07,0.0,0,10043.807679039715,10043.807679039715,-995574.1619995312
2022-03-08,0.0,0,30000.000000000568,30000.000000000568,-965574.1619995306
2022-03-09,0.0,0,-30003.551901325987,-30003.551901325987,-995577.7139008566
2022-03-10,0.0,0,59739.98190852954,59739.98190852954,-935837.731992327
2022-03-11,0.0,0,-30004.87286858754,-30004.87286858754,-965842.6048609145
2022-03-14,0.0,0,-20017.29556991996,-20017.29556991996,-985859.9004308345
2022-03-15,0.0,0,29996.405133633132,29996.405133633132,-955863.4952972013
2022-03-16,0.0,0,-129553.72852045792,-129553.72852045792,-1085417.2238176593
2022-03-17,0.0,0,-60258.93517680996,-60258.93517680996,-1145676.1589944693
2022-03-18,-0.0,0,-30003.268807992365,-30003.268807992365,-1175679.4278024617
2022-03-21,0.0,0,-70002.92912833685,-70002.92912833685,-1245682.3569307986
2022-03-22,0.0,0,-20003.581694170618,-20003.581694170618,-1265685.9386249692
2022-03-23,0.0,0,-19931.120314401385,-19931.120314401385,-1285617.0589393706
2022-03-24,0.0,0,-20069.229957339485,-20069.229957339485,-1305686.2888967101
2022-03-25,0.0,0,-50173.074893348145,-50173.074893348145,-1355859.3637900583
2022-03-28,-0.0,0,-19913.954876188513,-19913.954876188513,-1375773.3186662467
2022-03-29,-0.0,0,-29974.12098452974,-29974.12098452974,-1405747.4396507766
2022-03-30,0.0,0,-378.17398577279454,-378.17398577279454,-1406125.6136365493
2022-03-31,0.0,0,0.0,0.0,-1406125.6136365493
2022-04-01,0.0,0,-0.0,0.0,-1406125.6136365493
2022-04-04,0.0,0,0.0,0.0,-1406125.6136365493
2022-04-05,0.0,0,-0.0,0.0,-1406125.6136365493
2022-04-06,0.0,0,0.0,0.0,-1406125.6136365493
2022-04-07,0.0,0,0.0,0.0,-1406125.6136365493
2022-04-08,0.0,0,-0.0,0.0,-1406125.6136365493
2022-04-11,0.0,0,0.0,0.0,-1406125.6136365493
2022-04-12,0.0,0,0.0,0.0,-1406125.6136365493
2022-04-13,0.0,0,0.0,0.0,-1406125.6136365493
2022-04-14,0.0,0,-0.0,0.0,-1406125.6136365493
2022-04-15,0.0,0,0.0,0.0,-1406125.6136365493
2022-04-18,0.0,0,0.0,0.0,-1406125.6136365493
2022-04-19,0.0,0,-0.0,0.0,-1406125.6136365493
2022-04-20,0.0,0,0.0,0.0,-1406125.6136365493
2022-04-21,0.0,0,0.0,0.0,-1406125.6136365493
2022-04-22,0.0,0,0.0,0.0,-1406125.6136365493
2022-04-25,0.0,0,0.0,0.0,-1406125.6136365493
2022-04-26,0.0,0,0.0,0.0,-1406125.6136365493
2022-04-27,0.0,0,-0.0,0.0,-1406125.6136365493
2022-04-28,0.0,0,0.0,0.0,-1406125.6136365493
2022-04-29,0.0,0,-0.0,0.0,-1406125.6136365493
2022-05-02,0.0,0,0.0,0.0,-1406125.6136365493
2022-05-03,-0.0,0,-0.0,-0.0,-1406125.6136365493
2022-05-04,0.0,0,0.0,0.0,-1406125.6136365493
2022-05-05,0.0,0,0.0,0.0,-1406125.6136365493
2022-05-06,0.0,0,-0.0,0.0,-1406125.6136365493
2022-05-09,0.0,0,0.0,0.0,-1406125.6136365493
2022-05-10,-0.0,0,-10405.777181108373,-10405.777181108373,-1416531.3908176578
2022-05-11,-0.0,1,10058.671719795446,10058.671719795446,-1406472.7190978623
2022-05-12,26836.44905784904,1,29995.27333622274,56831.72239407178,-1349640.9967037905
2022-05-13,40250.55253270883,1,40134.62484777102,80385.17738047984,-1269255.8193233106
2022-05-16,-19932.26082838941,1,49624.42208493918,29692.161256549767,-1239563.6580667607
2022-05-17,-29979.23962552866,1,-19849.76883397556,-49829.00845950421,-1289392.666526265
2022-05-18,-59708.025023474635,1,39994.25679493272,-19713.768228541914,-1309106.4347548068
2022-05-19,-61.67022181561333,1,60250.8289487598,60189.15872694419,-1248917.2760278627
2022-05-20,-30196.89112393053,1,-10033.423060655201,-40230.31418458573,-1289147.5902124485
2022-05-23,30479.16667655964,1,-30003.7209659317,475.44571062793693,-1288672.1445018207
2022-05-24,49771.030542331384,1,9958.26728046288,59729.297822794266,-1228942.8466790265
2022-05-25,9964.807198434833,1,-50167.86891245304,-40203.06171401821,-1269145.9083930447
2022-05-26,20044.194222495105,1,-40003.367495632054,-19959.17327313695,-1289105.0816661816
2022-05-27,-20104.018722191366,1,10033.711249839165,-10070.3074723522,-1299175.3891385337
2022-05-30,0.0,1,0.0,0.0,-1299175.3891385337
2022-05-31,50789.07357425668,1,-80269.68999871504,-29480.616424458356,-1328656.005562992
2022-06-01,-39940.129613104364,1,-100084.12029720718,-140024.24991031154,-1468680.2554733036
2022-06-02,-9970.401366367578,1,20033.669141621973,10063.267775254395,-1458616.9876980493
2022-06-03,29979.02808312385,1,-10016.8345708107,19962.193512313148,-1438654.7941857362
2022-06-06,9802.814916437448,1,-9991.598465996887,-188.78354955943905,-1438843.5777352958
2022-06-07,-79599.4269452664,1,-9933.080298706593,-89532.507243973,-1528376.0849792687
2022-06-08,19860.642392664482,1,0.0,19860.642392664482,-1508515.4425866043
2022-06-09,-39985.569831816756,1,5.655776752591127e-10,-39985.56983181619,-1548501.0124184205
2022-06-10,-120224.60381189894,1,-29824.22639633678,-150048.8302082357,-1698549.8426266562
2022-06-13,-60019.572738106464,1,-60005.05667727711,-120024.62941538358,-1818574.4720420397
2022-06-14,9981.10173185606,1,9992.524810901916,19973.62654275798,-1798600.8454992818
2022-06-15,90315.61848923148,1,109365.14117200291,199680.7596612344,-1598920.0858380473
2022-06-16,9901.47392274742,1,29950.377473435867,39851.85139618329,-1559068.234441864
2022-06-17,-60316.24897464749,1,-2.842170943040401e-10,-60316.24897464777,-1619384.483416512
2022-06-20,0.0,1,0.0,0.0,-1619384.483416512
2022-06-21,20418.448284764316,1,2.849244579415453e-10,20418.4482847646,-1598966.0351317474
2022-06-22,-534.855326805322,1,39900.8162706566,39365.96094385128,-1559600.074187896
2022-06-23,-20018.60993262055,1,30199.723266432648,10181.113333812096,-1549418.960854084
2022-06-24,10119.544544462125,1,19995.91399999122,30115.458544453344,-1519303.5023096306
2022-06-27,30093.488566780186,1,-29850.7707456794,242.71782110078493,-1519060.78448853
2022-06-28,-19995.11369193096,1,29996.596432814888,10001.482740883926,-1509059.301747646
2022-06-29,-59823.32988387385,1,19950.36757522943,-39872.96230864442,-1548932.2640562903
2022-06-30,19645.574277709355,1,70290.96019889074,89936.53447660009,-1458995.7295796901
2022-07-01,-20752.790615615275,1,109996.59643281432,89243.80581719904,-1369751.9237624912
2022-07-04,-15.018250231097081,1,0.0,-15.018250231097081,-1369766.9420127224
2022-07-05,-40000.00000000003,1,-9991.683759045882,-49991.68375904591,-1419758.6257717684
2022-07-06,-39709.8920540064,1,-20100.2296753077,-59810.121729314094,-1479568.7475010825
2022-07-07,19898.024914365516,1,-59850.49317065545,-39952.46825628993,-1519521.2157573723
2022-07-08,-10302.68123070395,1,-19917.043506710117,-30219.724737414068,-1549740.9404947865
2022-07-11,-49140.80387786352,1,9996.255287917054,-39144.54858994646,-1588885.489084733
2022-07-12,10050.100595510285,1,-10074.973498225469,-24.872902715183955,-1588910.361987448
2022-07-13,-149570.8076639861,1,9995.576297684413,-139575.2313663017,-1728485.5933537497
2022-07-14,29996.73557333349,1,-10033.39571235995,19963.33986097354,-1708522.253492776
2022-07-15,-9957.384624630682,1,-9999.999999999432,-19957.384624630115,-1728479.6381174063
2022-07-18,9996.787804965752,1,-20066.79142471876,-10070.003619753006,-1738549.6417371593
2022-07-19,-29894.51894073611,1,-20050.06244128821,-49944.58138202432,-1788494.2231191837
2022-07-20,9903.256611467572,1,-59999.99999999943,-50096.74338853186,-1838590.9665077156
2022-07-21,20272.42345938881,1,30075.093661930317,50347.51712131913,-1788243.4493863964
2022-07-22,-20173.53321672624,1,49995.60061950112,29822.067402774883,-1758421.3819836215
2022-07-25,20252.491620146095,1,30227.3314600981,50479.8230802442,-1707941.5589033773
2022-07-26,-19960.899564154926,1,-20033.531947236872,-39994.4315113918,-1747935.9904147692
2022-07-27,29764.03395705902,1,10033.57378249118,39797.6077395502,-1708138.3826752189
2022-07-28,9342.750112100184,1,120605.08261597886,129947.83272807904,-1578190.5499471398
2022-07-29,-50094.636624926265,1,-60201.44269494251,-110296.07931986878,-1688486.6292670085
2022-08-01,-80725.6990908884,0,19996.29655371727,-60729.40253717113,-1749216.0318041795
2022-08-02,-3168.3937655496607,0,-90379.64384039334,-93548.037605943,-1842764.0694101225
2022-08-03,-0.0,0,-2.8397821098895416e-10,-2.8397821098895416e-10,-1842764.0694101227
2022-08-04,0.0,0,30025.24638593609,30025.24638593609,-1812738.8230241865
2022-08-05,0.0,0,-30075.83386868037,-30075.83386868037,-1842814.6568928668
2022-08-08,0.0,0,-29774.19475499987,-29774.19475499987,-1872588.8516478667
2022-08-09,0.0,0,-5.684341886080801e-10,-5.684341886080801e-10,-1872588.8516478671
2022-08-10,0.0,0,29924.449700230718,29924.449700230718,-1842664.4019476364
2022-08-11,0.0,0,-8.497900428074007e-10,-8.497900428074007e-10,-1842664.4019476373
2022-08-12,-0.0,0,-20004.37868503421,-20004.37868503421,-1862668.7806326714
2022-08-15,0.0,0,-1.7124578579896788e-09,-1.7124578579896788e-09,-1862668.780632673
2022-08-16,0.0,0,-3.370396781436049,-3.370396781436049,-1862672.1510294545
2022-08-17,0.0,0,-29924.541975255634,-29924.541975255634,-1892596.6930047101
2022-08-18,0.0,0,5.651063729716722e-10,5.651063729716722e-10,-1892596.6930047097
2022-08-19,0.0,0,9949.788568634369,9949.788568634369,-1882646.9044360754
2022-08-22,0.0,0,-10005.738285605745,-10005.738285605745,-1892652.6427216812
2022-08-23,0.0,0,5.66542180637677e-10,5.66542180637677e-10,-1892652.6427216807
2022-08-24,0.0,0,-9950.135059685706,-9950.135059685706,-1902602.7777813664
2022-08-25,0.0,0,-20003.735233734493,-20003.735233734493,-1922606.513015101
2022-08-26,0.0,0,-20003.396386615714,-20003.396386615714,-1942609.9094017167
2022-08-29,0.0,0,-1.137816935471353e-09,-1.137816935471353e-09,-1942609.9094017178
2022-08-30,-0.0,0,-19883.767953590388,-19883.767953590388,-1962493.6773553083
2022-08-31,0.0,0,9966.72902067756,9966.72902067756,-1952526.9483346308
2022-09-01,0.0,0,39701.487618621,39701.487618621,-1912825.4607160098
2022-09-02,0.0,0,19991.82458935166,19991.82458935166,-1892833.6361266582
2022-09-05,0.0,0,0.0,0.0,-1892833.6361266582
2022-09-06,0.0,0,30099.32879025757,30099.32879025757,-1862734.3073364007
2022-09-07,0.0,0,-30004.118540373,-30004.118540373,-1892738.4258767737
2022-09-08,0.0,0,10074.359813875817,10074.359813875817,-1882664.066062898
2022-09-09,0.0,0,-50247.407295800316,-50247.407295800316,-1932911.4733586982
2022-09-12,0.0,0,0.0,0.0,-1932911.4733586982
2022-09-13,0.0,0,-20049.389979954478,-20049.389979954478,-1952960.8633386528
2022-09-14,-0.0,0,-30000.000000000568,-30000.000000000568,-1982960.8633386532
2022-09-15,0.0,0,-30098.8408859718,-30098.8408859718,-2013059.7042246251
2022-09-16,0.0,0,60148.16993986144,60148.16993986144,-1952911.5342847637
2022-09-19,0.0,0,-29926.18825471053,-29926.18825471053,-1982837.7225394743
2022-09-20,0.0,0,-19934.429898272287,-19934.429898272287,-2002772.1524377465
2022-09-21,-0.0,0,-9918.33887343588,-9918.33887343588,-2012690.4913111825
2022-09-22,0.0,0,-39901.584339613284,-39901.584339613284,-2052592.0756507958
2022-09-23,-0.0,0,9993.78398269173,9993.78398269173,-2042598.291668104
2022-09-26,0.0,0,-80000.00000000057,-80000.00000000057,-2122598.2916681045
2022-09-27,0.0,0,-424.96469948915797,-424.96469948915797,-2123023.2563675935
2022-09-28,0.0,0,0.0,0.0,-2123023.2563675935
2022-09-29,0.0,0,0.0,0.0,-2123023.2563675935
2022-09-30,0.0,0,-0.0,0.0,-2123023.2563675935
2022-10-03,0.0,0,0.0,0.0,-2123023.2563675935
2022-10-04,0.0,0,-0.0,0.0,-2123023.2563675935
2022-10-05,0.0,0,-0.0,0.0,-2123023.2563675935
2022-10-06,0.0,0,-0.0,0.0,-2123023.2563675935
2022-10-07,0.0,0,0.0,0.0,-2123023.2563675935
2022-10-10,0.0,0,0.0,0.0,-2123023.2563675935
2022-10-11,0.0,0,-0.0,0.0,-2123023.2563675935
2022-10-12,0.0,0,0.0,0.0,-2123023.2563675935
2022-10-13,0.0,0,0.0,0.0,-2123023.2563675935
2022-10-14,0.0,0,0.0,0.0,-2123023.2563675935
2022-10-17,0.0,0,0.0,0.0,-2123023.2563675935
2022-10-18,0.0,0,0.0,0.0,-2123023.2563675935
2022-10-19,0.0,0,-0.0,0.0,-2123023.2563675935
2022-10-20,0.0,0,-0.0,0.0,-2123023.2563675935
2022-10-21,0.0,0,0.0,0.0,-2123023.2563675935
2022-10-24,0.0,0,-0.0,0.0,-2123023.2563675935
2022-10-25,0.0,0,0.0,0.0,-2123023.2563675935
2022-10-26,0.0,0,-0.0,0.0,-2123023.2563675935
2022-10-27,0.0,0,0.0,0.0,-2123023.2563675935
2022-10-28,0.0,0,-0.0,0.0,-2123023.2563675935
2022-10-31,0.0,0,-0.0,0.0,-2123023.2563675935
2022-11-01,-0.0,0,-0.0,-0.0,-2123023.2563675935
2022-11-02,0.0,0,-0.0,0.0,-2123023.2563675935
2022-11-03,0.0,0,0.0,0.0,-2123023.2563675935
2022-11-04,0.0,0,0.0,0.0,-2123023.2563675935
2022-11-07,0.0,0,0.0,0.0,-2123023.2563675935
2022-11-08,0.0,0,0.0,0.0,-2123023.2563675935
2022-11-09,0.0,0,0.0,0.0,-2123023.2563675935
2022-11-10,0.0,0,0.0,0.0,-2123023.2563675935
2022-11-11,0.0,0,0.0,0.0,-2123023.2563675935
2022-11-14,0.0,0,-0.0,0.0,-2123023.2563675935
2022-11-15,0.0,0,-0.0,0.0,-2123023.2563675935
2022-11-16,0.0,0,0.0,0.0,-2123023.2563675935
2022-11-17,0.0,0,-0.0,0.0,-2123023.2563675935
2022-11-18,0.0,0,-0.0,0.0,-2123023.2563675935
2022-11-21,0.0,0,-0.0,0.0,-2123023.2563675935
2022-11-22,0.0,0,-0.0,0.0,-2123023.2563675935
2022-11-23,0.0,0,-0.0,0.0,-2123023.2563675935
2022-11-24,0.0,0,0.0,0.0,-2123023.2563675935
2022-11-25,0.0,0,0.0,0.0,-2123023.2563675935
2022-11-28,0.0,0,-0.0,0.0,-2123023.2563675935
2022-11-29,0.0,0,0.0,0.0,-2123023.2563675935
2022-11-30,0.0,0,0.0,0.0,-2123023.2563675935
2022-12-01,0.0,0,-0.0,0.0,-2123023.2563675935
2022-12-02,-0.0,0,-0.0,-0.0,-2123023.2563675935
2022-12-05,0.0,0,-0.0,0.0,-2123023.2563675935
2022-12-06,0.0,0,-0.0,0.0,-2123023.2563675935
2022-12-07,0.0,0,-0.0,0.0,-2123023.2563675935
2022-12-08,0.0,0,-0.0,0.0,-2123023.2563675935
2022-12-09,0.0,0,-0.0,0.0,-2123023.2563675935
2022-12-12,0.0,0,-0.0,0.0,-2123023.2563675935
2022-12-13,0.0,0,0.0,0.0,-2123023.2563675935
2022-12-14,-0.0,0,0.0,0.0,-2123023.2563675935
2022-12-15,-0.0,0,0.0,0.0,-2123023.2563675935
2022-12-16,0.0,0,0.0,0.0,-2123023.2563675935
2022-12-19,0.0,0,0.0,0.0,-2123023.2563675935
2022-12-20,0.0,0,0.0,0.0,-2123023.2563675935
2022-12-21,0.0,0,0.0,0.0,-2123023.2563675935
2022-12-22,-0.0,0,-0.0,-0.0,-2123023.2563675935
2022-12-23,0.0,0,0.0,0.0,-2123023.2563675935
2022-12-26,0.0,0,0.0,0.0,-2123023.2563675935
2022-12-27,0.0,0,0.0,0.0,-2123023.2563675935
2022-12-28,0.0,0,-0.0,0.0,-2123023.2563675935
2022-12-29,-0.0,0,0.0,0.0,-2123023.2563675935
2022-12-30,0.0,0,-0.0,0.0,-2123023.2563675935
2023-01-02,0.0,0,0.0,0.0,-2123023.2563675935
2023-01-03,0.0,0,0.0,0.0,-2123023.2563675935
2023-01-04,0.0,0,0.0,0.0,-2123023.2563675935
2023-01-05,0.0,1,-0.0,0.0,-2123023.2563675935
2023-01-06,46756.36456478966,1,0.0,46756.36456478966,-2076266.8918028038
2023-01-09,29971.006697807392,1,-0.0,29971.006697807392,-2046295.8851049964
2023-01-10,30545.932798243084,1,0.0,30545.932798243084,-2015749.9523067533
2023-01-11,-30239.251849461893,1,-0.0,-30239.251849461893,-2045989.204156215
2023-01-12,-30670.85435549743,1,-0.0,-30670.85435549743,-2076660.0585117126
2023-01-13,-40018.69645302397,1,-0.0,-40018.69645302397,-2116678.7549647368
2023-01-16,0.0,1,0.0,0.0,-2116678.7549647368
2023-01-17,79834.58404610454,1,-0.0,79834.58404610454,-2036844.1709186323
2023-01-18,-39308.51228974966,1,0.0,-39308.51228974966,-2076152.683208382
2023-01-19,-9963.101427630525,1,0.0,-9963.101427630525,-2086115.7846360125
2023-01-20,40157.884172642436,1,-0.0,40157.884172642436,-2045957.9004633701
2023-01-23,-30080.54197728019,1,-0.0,-30080.54197728019,-2076038.4424406504
2023-01-24,30164.80141541452,1,-0.0,30164.80141541452,-2045873.6410252359
2023-01-25,9999.999999999787,1,0.0,9999.999999999787,-2035873.641025236
2023-01-26,-30051.184957141988,1,-0.0,-30051.184957141988,-2065924.825982378
2023-01-27,9924.38807762539,1,-0.0,9924.38807762539,-2056000.4379047528
2023-01-30,-30080.573962495895,1,-0.0,-30080.573962495895,-2086081.0118672487
2023-01-31,10112.1307485586,1,0.0,10112.1307485586,-2075968.8811186901
2023-02-01,-9561.172813285026,1,0.0,-9561.172813285026,-2085530.0539319753
2023-02-02,10019.56375063593,1,-0.0,10019.56375063593,-2075510.4901813394
2023-02-03,-79885.71658476259,1,-0.0,-79885.71658476259,-2155396.206766102
2023-02-06,-40181.74029231141,1,-0.0,-40181.74029231141,-2195577.947058413
2023-02-07,9728.015050224923,1,0.0,9728.015050224923,-2185849.932008188
2023-02-08,-19619.618087381823,1,0.0,-19619.618087381823,-2205469.5500955703
2023-02-09,9731.62895510601,1,0.0,9731.62895510601,-2195737.9211404645
2023-02-10,49273.31108709635,1,0.0,49273.31108709635,-2146464.610053368
2023-02-13,-40021.172030836235,1,-0.0,-40021.172030836235,-2186485.7820842043
2023-02-14,-29932.10797861366,1,-0.0,-29932.10797861366,-2216417.890062818
2023-02-15,19965.99186460943,1,0.0,19965.99186460943,-2196451.8981982083
2023-02-16,49830.595733812086,1,0.0,49830.595733812086,-2146621.302464396
2023-02-17,-19797.058214227345,1,0.0,-19797.058214227345,-2166418.3606786234
2023-02-20,0.0,1,0.0,0.0,-2166418.3606786234
2023-02-21,59581.34319521877,1,-0.0,59581.34319521877,-2106837.017483405
2023-02-22,-9818.220503377854,1,-0.0,-9818.220503377854,-2116655.2379867826
2023-02-23,-49542.10563380634,1,0.0,-49542.10563380634,-2166197.343620589
2023-02-24,-50241.42945909397,1,-0.0,-50241.42945909397,-2216438.773079683
2023-02-27,-29696.554819668116,1,0.0,-29696.554819668116,-2246135.3278993513
2023-02-28,-29898.728664522834,1,0.0,-29898.728664522834,-2276034.0565638742
2023-03-01,9517.802519310877,1,-0.0,9517.802519310877,-2266516.2540445635
2023-03-02,69979.59084705479,1,-0.0,69979.59084705479,-2196536.6631975085
2023-03-03,-79629.44637917253,1,-0.0,-79629.44637917253,-2276166.109576681
2023-03-06,-19991.528732699582,1,0.0,-19991.528732699582,-2296157.638309381
2023-03-07,-120014.48744283515,1,0.0,-120014.48744283515,-2416172.125752216
2023-03-08,-39914.44859917268,1,0.0,-39914.44859917268,-2456086.574351389
2023-03-09,99638.70752546124,1,0.0,99638.70752546124,-2356447.8668259275
2023-03-10,69073.72878526783,1,0.0,69073.72878526783,-2287374.1380406595
2023-03-13,419981.6142890973,1,0.0,419981.6142890973,-1867392.5237515622
2023-03-14,-80518.0523580199,1,-0.0,-80518.0523580199,-1947910.576109582
2023-03-15,140930.16526490072,1,0.0,140930.16526490072,-1806980.4108446813
2023-03-16,-161246.38895429255,1,-0.0,-161246.38895429255,-1968226.7997989738
2023-03-17,160680.55952682154,1,0.0,160680.55952682154,-1807546.2402721522
2023-03-20,-30034.233707836695,1,-0.0,-30034.233707836695,-1837580.4739799888
2023-03-21,-130134.17417025383,1,-0.0,-130134.17417025383,-1967714.6481502426
2023-03-22,100152.54463312945,1,0.0,100152.54463312945,-1867562.1035171133
2023-03-23,100074.57146296589,1,0.0,100074.57146296589,-1767487.5320541475
2023-03-24,0.0,1,-0.0,0.0,-1767487.5320541475
2023-03-27,-30036.059526613855,1,-0.0,-30036.059526613855,-1797523.5915807614
2023-03-28,-60009.99520331077,1,0.0,-60009.99520331077,-1857533.5867840722
2023-03-29,-40002.7655475164,1,-0.0,-40002.7655475164,-1897536.3523315885
2023-03-30,-39759.688277444366,1,-0.0,-39759.688277444366,-1937296.0406090328
2023-03-31,-29596.124879679657,1,-0.0,-29596.124879679657,-1966892.1654887125
2023-04-03,39946.55565307545,1,0.0,39946.55565307545,-1926945.609835637
2023-04-04,49903.86631356347,1,-0.0,49903.86631356347,-1877041.7435220736
2023-04-05,-116.12264387647156,1,0.0,-116.12264387647156,-1877157.86616595
2023-04-06,-30007.29178447012,1,-0.0,-30007.29178447012,-1907165.1579504202
2023-04-07,-59584.57554524459,1,-0.0,-59584.57554524459,-1966749.7334956648
2023-04-10,-9941.76813143546,1,0.0,-9941.76813143546,-1976691.5016271002
2023-04-11,-9950.409132512974,1,-0.0,-9950.409132512974,-1986641.9107596132
2023-04-12,59825.65915884155,1,0.0,59825.65915884155,-1926816.2516007717
2023-04-13,29977.90911974192,1,-0.0,29977.90911974192,-1896838.3424810297
2023-04-14,-49986.48385713517,1,-0.0,-49986.48385713517,-1946824.826338165
2023-04-17,-20178.863985668315,1,-0.0,-20178.863985668315,-1967003.6903238334
2023-04-18,-29751.402143230756,1,-0.0,-29751.402143230756,-1996755.092467064
2023-04-19,-29954.51427974976,1,0.0,-29954.51427974976,-2026709.6067468137
2023-04-20,40091.11806321171,1,0.0,40091.11806321171,-1986618.488683602
2023-04-21,-98.9138818091269,1,-0.0,-98.9138818091269,-1986717.4025654113
2023-04-24,219.2335573068267,1,-0.0,219.2335573068267,-1986498.1690081044
2023-04-25,139782.71946474432,1,0.0,139782.71946474432,-1846715.4495433602
2023-04-26,-9990.370234006423,1,0.0,-9990.370234006423,-1856705.8197773665
2023-04-27,-70009.51460952424,1,-0.0,-70009.51460952424,-1926715.3343868908
2023-04-28,-59481.62922510863,1,0.0,-59481.62922510863,-1986196.9636119993
2023-05-01,49912.86146418072,1,-0.0,49912.86146418072,-1936284.1021478185
2023-05-02,20776.78330039492,1,0.0,20776.78330039492,-1915507.3188474237
2023-05-03,19991.1053447215,1,0.0,19991.1053447215,-1895516.213502702
2023-05-04,129859.12957748883,0,0.0,129859.12957748883,-1765657.0839252132
2023-05-05,-3213.900747229265,0,-0.0,-3213.900747229265,-1768870.9846724425
2023-05-08,0.0,0,0.0,0.0,-1768870.9846724425
2023-05-09,0.0,0,0.0,0.0,-1768870.9846724425
2023-05-10,0.0,0,0.0,0.0,-1768870.9846724425
2023-05-11,0.0,0,-0.0,0.0,-1768870.9846724425
2023-05-12,0.0,0,-0.0,0.0,-1768870.9846724425
2023-05-15,0.0,0,0.0,0.0,-1768870.9846724425
2023-05-16,0.0,0,0.0,0.0,-1768870.9846724425
2023-05-17,0.0,0,-0.0,0.0,-1768870.9846724425
2023-05-18,0.0,0,-0.0,0.0,-1768870.9846724425
2023-05-19,0.0,0,-0.0,0.0,-1768870.9846724425
2023-05-22,0.0,0,0.0,0.0,-1768870.9846724425
2023-05-23,0.0,0,-0.0,0.0,-1768870.9846724425
2023-05-24,0.0,0,-0.0,0.0,-1768870.9846724425
2023-05-25,0.0,0,-0.0,0.0,-1768870.9846724425
2023-05-26,-0.0,0,0.0,0.0,-1768870.9846724425
2023-05-29,0.0,0,0.0,0.0,-1768870.9846724425
2023-05-30,0.0,0,0.0,0.0,-1768870.9846724425
2023-05-31,0.0,0,0.0,0.0,-1768870.9846724425
2023-06-01,0.0,0,-0.0,0.0,-1768870.9846724425
2023-06-02,0.0,0,-0.0,0.0,-1768870.9846724425
2023-06-05,0.0,0,-0.0,0.0,-1768870.9846724425
2023-06-06,0.0,0,-0.0,0.0,-1768870.9846724425
2023-06-07,0.0,0,-0.0,0.0,-1768870.9846724425
2023-06-08,0.0,0,0.0,0.0,-1768870.9846724425
2023-06-09,0.0,0,-0.0,0.0,-1768870.9846724425
2023-06-12,0.0,0,0.0,0.0,-1768870.9846724425
2023-06-13,0.0,0,-0.0,0.0,-1768870.9846724425
2023-06-14,-0.0,1,-0.0,-0.0,-1768870.9846724425
2023-06-15,6743.578319054106,1,0.0,6743.578319054106,-1762127.4063533884
2023-06-16,-29848.613266618035,1,-0.0,-29848.613266618035,-1791976.0196200064
2023-06-19,0.0,1,0.0,0.0,-1791976.0196200064
2023-06-20,-10077.692708825682,1,-0.0,-10077.692708825682,-1802053.7123288321
2023-06-21,-20087.442124905036,1,0.0,-20087.442124905036,-1822141.1544537372
2023-06-22,-9637.409467820587,1,-0.0,-9637.409467820587,-1831778.5639215577
2023-06-23,-108.97453949405462,1,0.0,-108.97453949405462,-1831887.5384610519
2023-06-26,39934.28592643708,1,0.0,39934.28592643708,-1791953.2525346149
2023-06-27,-39830.46218913411,1,-0.0,-39830.46218913411,-1831783.714723749
2023-06-28,-30174.701117183635,1,0.0,-30174.701117183635,-1861958.4158409326
2023-06-29,-19240.958929601795,1,-0.0,-19240.958929601795,-1881199.3747705345
2023-06-30,-39961.28572244062,1,-0.0,-39961.28572244062,-1921160.660492975
2023-07-03,-19841.862716261887,1,-0.0,-19841.862716261887,-1941002.523209237
2023-07-04,0.0,1,0.0,0.0,-1941002.523209237
2023-07-05,89869.38484350103,1,-0.0,89869.38484350103,-1851133.138365736
2023-07-06,49541.746630017245,1,-0.0,49541.746630017245,-1801591.3917357188
2023-07-07,59743.79397071107,1,0.0,59743.79397071107,-1741847.5977650078
2023-07-10,40335.671685076646,1,0.0,40335.671685076646,-1701511.9260799312
2023-07-11,-49786.97238854391,1,-0.0,-49786.97238854391,-1751298.898468475
2023-07-12,30731.730608457277,1,0.0,30731.730608457277,-1720567.1678600179
2023-07-13,30176.50986654834,1,0.0,30176.50986654834,-1690390.6579934696
2023-07-14,-80034.04685956861,1,-0.0,-80034.04685956861,-1770424.7048530383
2023-07-17,-20000.00000000002,1,0.0,-20000.00000000002,-1790424.7048530383
2023-07-18,-10009.692078525157,1,-0.0,-10009.692078525157,-1800434.3969315635
2023-07-19,-50072.7159536512,1,-0.0,-50072.7159536512,-1850507.1128852146
2023-07-20,40388.49593724795,1,-0.0,40388.49593724795,-1810118.6169479666
2023-07-21,-29975.84871604731,1,0.0,-29975.84871604731,-1840094.465664014
2023-07-24,29980.671452518898,1,-0.0,29980.671452518898,-1810113.7942114952
2023-07-25,9961.202413867912,1,-0.0,9961.202413867912,-1800152.5917976273
2023-07-26,-19846.613423468494,1,0.0,-19846.613423468494,-1819999.2052210958
2023-07-27,59869.12750501442,1,-0.0,59869.12750501442,-1760130.0777160814
2023-07-28,-9648.807178684154,1,0.0,-9648.807178684154,-1769778.8848947654
2023-07-31,-47.00209769018329,1,-0.0,-47.00209769018329,-1769825.8869924557
2023-08-01,39527.746552569166,1,0.0,39527.746552569166,-1730298.1404398866
2023-08-02,69596.08623849963,1,0.0,69596.08623849963,-1660702.0542013869
2023-08-03,98593.52309247319,1,0.0,98593.52309247319,-1562108.5311089137
2023-08-04,-30016.041028264524,1,0.0,-30016.041028264524,-1592124.5721371782
2023-08-07,60318.743831842374,1,0.0,60318.743831842374,-1531805.8283053357
2023-08-08,-50337.574047930095,1,0.0,-50337.574047930095,-1582143.4023532658
2023-08-09,-70270.62819432702,1,-0.0,-70270.62819432702,-1652414.0305475928
2023-08-10,60831.04177236613,1,-0.0,60831.04177236613,-1591582.9887752268
2023-08-11,303.8178960680234,1,-0.0,303.8178960680234,-1591279.1708791587
2023-08-14,-39950.70306732012,1,-0.0,-39950.70306732012,-1631229.8739464788
2023-08-15,59980.701091788505,1,0.0,59980.701091788505,-1571249.1728546903
2023-08-16,19978.430654355157,1,-0.0,19978.430654355157,-1551270.7422003353
2023-08-17,49898.04448825243,0,0.0,49898.04448825243,-1501372.6977120829
2023-08-18,-3272.4627092104042,0,0.0,-3272.4627092104042,-1504645.1604212932
2023-08-21,0.0,0,-0.0,0.0,-1504645.1604212932
2023-08-22,0.0,0,-0.0,0.0,-1504645.1604212932
2023-08-23,0.0,0,0.0,0.0,-1504645.1604212932
2023-08-24,0.0,0,-0.0,0.0,-1504645.1604212932
2023-08-25,0.0,0,-0.0,0.0,-1504645.1604212932
2023-08-28,0.0,0,0.0,0.0,-1504645.1604212932
2023-08-29,0.0,0,0.0,0.0,-1504645.1604212932
2023-08-30,0.0,0,-0.0,0.0,-1504645.1604212932
2023-08-31,0.0,0,0.0,0.0,-1504645.1604212932
2023-09-01,0.0,0,-0.0,0.0,-1504645.1604212932
2023-09-04,0.0,0,0.0,0.0,-1504645.1604212932
2023-09-05,0.0,0,0.0,0.0,-1504645.1604212932
2023-09-06,0.0,0,-0.0,0.0,-1504645.1604212932
2023-09-07,0.0,0,0.0,0.0,-1504645.1604212932
2023-09-08,-0.0,0,-0.0,-0.0,-1504645.1604212932
2023-09-11,0.0,0,0.0,0.0,-1504645.1604212932
2023-09-12,-0.0,0,-0.0,-0.0,-1504645.1604212932
2023-09-13,0.0,0,0.0,0.0,-1504645.1604212932
2023-09-14,0.0,0,-0.0,0.0,-1504645.1604212932
2023-09-15,0.0,0,-0.0,0.0,-1504645.1604212932
2023-09-18,-0.0,0,-0.0,-0.0,-1504645.1604212932
2023-09-19,0.0,0,-0.0,0.0,-1504645.1604212932
2023-09-20,-0.0,0,-0.0,-0.0,-1504645.1604212932
2023-09-21,0.0,0,-0.0,0.0,-1504645.1604212932
2023-09-22,0.0,0,0.0,0.0,-1504645.1604212932
2023-09-25,0.0,0,0.0,0.0,-1504645.1604212932
2023-09-26,0.0,0,0.0,0.0,-1504645.1604212932
2023-09-27,0.0,0,-0.0,0.0,-1504645.1604212932
2023-09-28,0.0,0,0.0,0.0,-1504645.1604212932
2023-09-29,0.0,0,-0.0,0.0,-1504645.1604212932
2023-10-02,0.0,0,-0.0,0.0,-1504645.1604212932
2023-10-03,0.0,-1,0.0,0.0,-1504645.1604212932
2023-10-04,-23298.711922360962,-1,0.0,-23298.711922360962,-1527943.8723436543
2023-10-05,-9986.04263530148,-1,0.0,-9986.04263530148,-1537929.9149789559
2023-10-06,-10184.609145542454,-1,-0.0,-10184.609145542454,-1548114.5241244982
2023-10-09,-0.0,-1,0.0,0.0,-1548114.5241244982
2023-10-10,69.76867039286299,-1,-0.0,69.76867039286299,-1548044.7554541053
2023-10-11,110640.73469579768,-1,-0.0,110640.73469579768,-1437404.0207583075
2023-10-12,-51184.35003315094,-1,0.0,-51184.35003315094,-1488588.3707914585
2023-10-13,50344.87084291814,-1,-0.0,50344.87084291814,-1438243.4999485405
2023-10-16,-30620.904343751135,-1,0.0,-30620.904343751135,-1468864.4042922915
2023-10-17,-20498.813803396188,-1,-0.0,-20498.813803396188,-1489363.2180956877
2023-10-18,-79924.17489869223,-1,-0.0,-79924.17489869223,-1569287.3929943799
2023-10-19,-119645.12285805622,-1,0.0,-119645.12285805622,-1688932.515852436
2023-10-20,-20409.173405941983,-1,0.0,-20409.173405941983,-1709341.689258378
2023-10-23,49584.01892833555,-1,-0.0,49584.01892833555,-1659757.6703300425
2023-10-24,-107.14168572404742,-1,-0.0,-107.14168572404742,-1659864.8120157665
2023-10-25,-59792.29973067005,-1,-0.0,-59792.29973067005,-1719657.1117464365
2023-10-26,29354.768501679784,-1,-0.0,29354.768501679784,-1690302.3432447566
2023-10-27,-10094.323126545525,-1,0.0,-10094.323126545525,-1700396.6663713022
2023-10-30,133.96923054288345,-1,-0.0,133.96923054288345,-1700262.6971407593
2023-10-31,40057.81754324243,-1,-0.0,40057.81754324243,-1660204.879597517
2023-11-01,-10479.871730921805,-1,0.0,-10479.871730921805,-1670684.7513284388
2023-11-02,130262.28270423578,-1,-0.0,130262.28270423578,-1540422.468624203
2023-11-03,-49640.16695153604,-1,0.0,-49640.16695153604,-1590062.635575739
2023-11-06,-761.4239108989132,-1,-0.0,-761.4239108989132,-1590824.0594866378
2023-11-07,70547.37309258668,-1,-0.0,70547.37309258668,-1520276.6863940512
2023-11-08,111047.36735401487,-1,0.0,111047.36735401487,-1409229.3190400363
2023-11-09,-30016.65224169305,-1,-0.0,-30016.65224169305,-1439245.9712817294
2023-11-10,19926.164993387312,-1,-0.0,19926.164993387312,-1419319.806288342
2023-11-13,-39859.392457227055,-1,-0.0,-39859.392457227055,-1459179.198745569
2023-11-14,-31025.606239371264,-1,0.0,-31025.606239371264,-1490204.8049849402
2023-11-15,9941.61508188583,-1,-0.0,9941.61508188583,-1480263.1899030544
2023-11-16,9822.099893726452,-1,0.0,9822.099893726452,-1470441.090009328
2023-11-17,60079.438467476524,-1,-0.0,60079.438467476524,-1410361.6515418515
2023-11-20,30053.860048922794,-1,-0.0,30053.860048922794,-1380307.7914929288
2023-11-21,-19980.96115071891,-1,0.0,-19980.96115071891,-1400288.7526436476
2023-11-22,19987.018689247838,-1,-0.0,19987.018689247838,-1380301.7339543998
2023-11-23,-0.0,-1,0.0,0.0,-1380301.7339543998
2023-11-24,-20153.060438209286,-1,0.0,-20153.060438209286,-1400454.794392609
2023-11-27,66.80984572789748,-1,-0.0,66.80984572789748,-1400387.9845468812
2023-11-28,-59879.83395490232,-1,0.0,-59879.83395490232,-1460267.8185017835
2023-11-29,-19713.359815286138,-1,-0.0,-19713.359815286138,-1479981.1783170698
2023-11-30,-10743.104561598288,-1,-0.0,-10743.104561598288,-1490724.282878668
2023-12-01,-19547.462175403518,-1,0.0,-19547.462175403518,-1510271.7450540715
2023-12-04,19980.12470116434,-1,-0.0,19980.12470116434,-1490291.620352907
2023-12-05,29780.062250007846,-1,-0.0,29780.062250007846,-1460511.5581028992
2023-12-06,90111.79623882672,-1,-0.0,90111.79623882672,-1370399.7618640724
2023-12-07,-40086.72169837385,-1,0.0,-40086.72169837385,-1410486.4835624462
2023-12-08,39621.84440974852,-1,-0.0,39621.84440974852,-1370864.6391526978
2023-12-11,-0.0,-1,0.0,0.0,-1370864.6391526978
2023-12-12,49949.39934147373,-1,-0.0,49949.39934147373,-1320915.239811224
2023-12-13,-109292.48959199313,-1,0.0,-109292.48959199313,-1430207.729403217
2023-12-14,30934.998969121254,-1,-0.0,30934.998969121254,-1399272.730434096
2023-12-15,79985.06280965314,-1,0.0,79985.06280965314,-1319287.6676244428
2023-12-18,-50010.87564297788,-1,0.0,-50010.87564297788,-1369298.5432674207
2023-12-19,-14.457830301340437,-1,-0.0,-14.457830301340437,-1369313.001097722
2023-12-20,0.0464328642556211,-1,0.0,0.0464328642556211,-1369312.9546648578
2023-12-21,-40090.81412482213,-1,0.0,-40090.81412482213,-1409403.76878968
2023-12-22,-30024.19948959838,-1,0.0,-30024.19948959838,-1439427.9682792784
2023-12-25,-0.0,-1,0.0,0.0,-1439427.9682792784
2023-12-26,-40026.64930568172,-1,-0.0,-40026.64930568172,-1479454.61758496
2023-12-27,40065.20388243138,-1,-0.0,40065.20388243138,-1439389.4137025287
2023-12-28,9808.03277671623,-1,-0.0,9808.03277671623,-1429581.3809258125
2023-12-29,-70195.0745264148,-1,-0.0,-70195.0745264148,-1499776.4554522273
2024-01-01,-0.0,-1,0.0,0.0,-1499776.4554522273
2024-01-02,30034.11520152977,-1,0.0,30034.11520152977,-1469742.3402506975
2024-01-03,39942.06001965181,-1,0.0,39942.06001965181,-1429800.2802310456
2024-01-04,-30014.47000825608,-1,-0.0,-30014.47000825608,-1459814.7502393017
2024-01-05,-39799.911967122156,-1,0.0,-39799.911967122156,-1499614.662206424
2024-01-08,-235.68535290059663,-1,0.0,-235.68535290059663,-1499850.3475593245
2024-01-09,-9956.635616528525,-1,-0.0,-9956.635616528525,-1509806.983175853
2024-01-10,-9902.458024040476,-1,-0.0,-9902.458024040476,-1519709.4411998936
2024-01-11,-50346.553560743654,-1,0.0,-50346.553560743654,-1570055.9947606372
2024-01-12,-100217.77768516468,-1,0.0,-100217.77768516468,-1670273.7724458019
2024-01-15,-0.0,-1,0.0,0.0,-1670273.7724458019
2024-01-16,-29564.478191469825,-1,0.0,-29564.478191469825,-1699838.2506372717
2024-01-17,90434.49833334405,-1,-0.0,90434.49833334405,-1609403.7523039277
2024-01-18,-39654.16765930069,-1,-0.0,-39654.16765930069,-1649057.9199632283
2024-01-19,40123.680577869134,-1,-0.0,40123.680577869134,-1608934.2393853592
2024-01-22,19563.70802850006,-1,0.0,19563.70802850006,-1589370.5313568593
2024-01-23,-89726.31104091037,-1,0.0,-89726.31104091037,-1679096.8423977697
2024-01-24,-9556.108390526875,-1,-0.0,-9556.108390526875,-1688652.9507882965
2024-01-25,-20008.640226063584,-1,-0.0,-20008.640226063584,-1708661.59101436
2024-01-26,50024.34371648552,-1,-0.0,50024.34371648552,-1658637.2472978747
2024-01-29,20101.044612721686,-1,0.0,20101.044612721686,-1638536.2026851529
2024-01-30,90138.8492033882,-1,-0.0,90138.8492033882,-1548397.3534817647
2024-01-31,-19572.773570234524,-1,0.0,-19572.773570234524,-1567970.127051999
2024-02-01,51043.83264632842,-1,0.0,51043.83264632842,-1516926.2944056706
2024-02-02,-13.620833603575827,-1,-0.0,-13.620833603575827,-1516939.9152392743
2024-02-05,-39115.73503241602,-1,-0.0,-39115.73503241602,-1556055.6502716902
2024-02-06,9982.844501312697,-1,0.0,9982.844501312697,-1546072.8057703776
2024-02-07,20016.941051898935,-1,0.0,20016.941051898935,-1526055.8647184786
2024-02-08,-10201.164212108473,-1,-0.0,-10201.164212108473,-1536257.0289305872
2024-02-09,-19.244020265658037,-1,-0.0,-19.244020265658037,-1536276.272950853
2024-02-12,-19995.163935975474,-1,-0.0,-19995.163935975474,-1556271.4368868284
2024-02-13,40000.00000000003,-1,-0.0,40000.00000000003,-1516271.4368868284
2024-02-14,-40094.09817630342,-1,0.0,-40094.09817630342,-1556365.5350631317
2024-02-15,29856.269313935853,-1,0.0,29856.269313935853,-1526509.2657491958
2024-02-16,20104.7861794603,-1,-0.0,20104.7861794603,-1506404.4795697355
2024-02-19,-0.0,-1,0.0,0.0,-1506404.4795697355
2024-02-20,-20078.01352887968,-1,0.0,-20078.01352887968,-1526482.4930986152
2024-02-21,161.04910157165432,-1,-0.0,161.04910157165432,-1526321.4439970437
2024-02-22,39963.09869750896,-1,-0.0,39963.09869750896,-1486358.3452995347
2024-02-23,49520.020249841466,-1,0.0,49520.020249841466,-1436838.3250496932
2024-02-26,35.5833073993781,-1,0.0,35.5833073993781,-1436802.7417422938
2024-02-27,-19869.701673106338,-1,0.0,-19869.701673106338,-1456672.4434154
2024-02-28,-20094.199446112456,-1,0.0,-20094.199446112456,-1476766.6428615125
2024-02-29,19904.1795426239,-1,-0.0,19904.1795426239,-1456862.4633188886
2024-03-01,-40012.84383340451,-1,0.0,-40012.84383340451,-1496875.3071522932
2024-03-04,39961.16057172061,-1,0.0,39961.16057172061,-1456914.1465805725
2024-03-05,19910.816374860602,-1,0.0,19910.816374860602,-1437003.3302057118
2024-03-06,30028.848299925237,-1,-0.0,30028.848299925237,-1406974.4819057866
2024-03-07,-29887.818955633735,-1,0.0,-29887.818955633735,-1436862.3008614203
2024-03-08,-19990.329753080023,-1,0.0,-19990.329753080023,-1456852.6306145003
2024-03-11,19954.177536806917,-1,0.0,19954.177536806917,-1436898.4530776932
2024-03-12,9755.283238953794,-1,-0.0,9755.283238953794,-1427143.1698387396
2024-03-13,-57.91028412934247,-1,0.0,-57.91028412934247,-1427201.080122869
2024-03-14,-30030.699754464513,-1,-0.0,-30030.699754464513,-1457231.7798773334
2024-03-15,20008.71812664838,-1,-0.0,20008.71812664838,-1437223.061750685
2024-03-18,-19830.416748368687,-1,0.0,-19830.416748368687,-1457053.4784990537
2024-03-19,-10162.179931341088,-1,0.0,-10162.179931341088,-1467215.6584303947
2024-03-20,-59947.735566463176,-1,0.0,-59947.735566463176,-1527163.3939968578
2024-03-21,29952.898774880265,-1,-0.0,29952.898774880265,-1497210.4952219776
2024-03-22,19818.402698162252,-1,0.0,19818.402698162252,-1477392.0925238153
2024-03-25,-79849.50796737432,-1,0.0,-79849.50796737432,-1557241.6004911896
2024-03-26,29942.312274351607,-1,-0.0,29942.312274351607,-1527299.288216838
2024-03-27,19889.873349624195,-1,0.0,19889.873349624195,-1507409.4148672137
2024-03-28,49951.66756708372,-1,-0.0,49951.66756708372,-1457457.74730013
2024-03-29,-0.0,-1,0.0,0.0,-1457457.74730013
2024-04-01,-16.80144888383802,-1,-0.0,-16.80144888383802,-1457474.5487490138
2024-04-02,-49707.78572233174,-1,0.0,-49707.78572233174,-1507182.3344713456
2024-04-03,-19942.091174874422,-1,-0.0,-19942.091174874422,-1527124.42564622
2024-04-04,19625.90844426627,-1,0.0,19625.90844426627,-1507498.5172019538
2024-04-05,352.38482441320957,-1,-0.0,352.38482441320957,-1507146.1323775407
2024-04-08,20152.076239110254,-1,-0.0,20152.076239110254,-1486994.0561384305
2024-04-09,19439.369125524398,-1,-0.0,19439.369125524398,-1467554.6870129062
2024-04-10,40947.538568996126,-1,-0.0,40947.538568996126,-1426607.14844391
2024-04-11,-50027.62835032679,-1,0.0,-50027.62835032679,-1476634.7767942369
2024-04-12,9947.293324875267,-1,0.0,9947.293324875267,-1466687.4834693617
2024-04-15,-80256.24730960245,-1,0.0,-80256.24730960245,-1546943.7307789642
2024-04-16,171.46357991617697,-1,0.0,171.46357991617697,-1546772.267199048
2024-04-17,39544.08741580562,-1,0.0,39544.08741580562,-1507228.1797832425
2024-04-18,119.34797464130679,-1,-0.0,119.34797464130679,-1507108.8318086013
2024-04-19,9915.632572238534,-1,-0.0,9915.632572238534,-1497193.1992363627
2024-04-22,-0.0,-1,0.0,0.0,-1497193.1992363627
2024-04-23,-100033.30097006226,-1,0.0,-100033.30097006226,-1597226.5002064249
2024-04-24,-9845.987525929937,-1,0.0,-9845.987525929937,-1607072.4877323548
2024-04-25,20305.13508332745,-1,-0.0,20305.13508332745,-1586767.3526490272
2024-04-26,29786.511675587928,-1,-0.0,29786.511675587928,-1556980.8409734394
2024-04-29,49773.24854855587,-1,0.0,49773.24854855587,-1507207.5924248835
2024-04-30,10228.270779243845,-1,-0.0,10228.270779243845,-1496979.3216456396
2024-05-01,-20331.23002180586,-1,-0.0,-20331.23002180586,-1517310.5516674456
2024-05-02,-40201.06921524936,-1,0.0,-40201.06921524936,-1557511.6208826948
2024-05-03,19813.31398603152,-1,0.0,19813.31398603152,-1537698.3068966633
2024-05-06,20043.190700622734,-1,-0.0,20043.190700622734,-1517655.1161960405
2024-05-07,20057.34423558064,-1,-0.0,20057.34423558064,-1497597.7719604599
2024-05-08,9997.938409141701,-1,0.0,9997.938409141701,-1487599.8335513182
2024-05-09,-9962.337576809616,-1,0.0,-9962.337576809616,-1497562.1711281277
2024-05-10,19904.333650014894,-1,0.0,19904.333650014894,-1477657.837478113
2024-05-13,23.652482143294037,-1,-0.0,23.652482143294037,-1477634.1849959695
2024-05-14,-9957.506980406426,-1,0.0,-9957.506980406426,-1487591.6919763759
2024-05-15,10276.23306143655,-1,0.0,10276.23306143655,-1477315.4589149393
2024-05-16,29962.494698609913,-1,-0.0,29962.494698609913,-1447352.9642163294
2024-05-17,9788.469544614265,-1,0.0,9788.469544614265,-1437564.4946717152
2024-05-20,-30141.436222569293,-1,-0.0,-30141.436222569293,-1467705.9308942845
2024-05-21,30157.969672530176,-1,0.0,30157.969672530176,-1437547.9612217543
2024-05-22,19938.214531148147,-1,-0.0,19938.214531148147,-1417609.7466906062
2024-05-23,9836.476929364595,-1,-0.0,9836.476929364595,-1407773.2697612417
2024-05-24,30052.721045144288,-1,0.0,30052.721045144288,-1377720.5487160974
2024-05-27,-0.0,-1,0.0,0.0,-1377720.5487160974
2024-05-28,-70339.60186576626,-1,-0.0,-70339.60186576626,-1448060.1505818637
2024-05-29,-50026.16260257197,-1,0.0,-50026.16260257197,-1498086.3131844357
2024-05-30,19823.859425883857,-1,-0.0,19823.859425883857,-1478262.4537585517
2024-05-31,9981.920377144514,-1,0.0,9981.920377144514,-1468280.5333814071
2024-06-03,30123.49842415392,-1,0.0,30123.49842415392,-1438157.0349572531
2024-06-04,30446.210815783466,-1,0.0,30446.210815783466,-1407710.8241414698
2024-06-05,-9697.84514950643,-1,0.0,-9697.84514950643,-1417408.6692909761
2024-06-06,10125.109851484645,-1,-0.0,10125.109851484645,-1407283.5594394915
2024-06-07,-16.054468652664777,-1,-0.0,-16.054468652664777,-1407299.6139081442
2024-06-10,-39713.706923871956,-1,0.0,-39713.706923871956,-1447013.3208320162
2024-06-11,19384.192131359603,-1,0.0,19384.192131359603,-1427629.1287006566
2024-06-12,19644.64028900516,-1,0.0,19644.64028900516,-1407984.4884116515
2024-06-13,-75.28110196055786,-1,0.0,-75.28110196055786,-1408059.769513612
2024-06-14,30072.019058096324,0,0.0,30072.019058096324,-1377987.7504555157
2024-06-17,-3269.080800841403,0,-0.0,-3269.080800841403,-1381256.831256357
2024-06-18,0.0,0,0.0,0.0,-1381256.831256357
2024-06-19,0.0,0,0.0,0.0,-1381256.831256357
2024-06-20,0.0,0,0.0,0.0,-1381256.831256357
2024-06-21,0.0,0,0.0,0.0,-1381256.831256357
2024-06-24,0.0,0,-0.0,0.0,-1381256.831256357
2024-06-25,0.0,0,0.0,0.0,-1381256.831256357
2024-06-26,0.0,0,0.0,0.0,-1381256.831256357
2024-06-27,0.0,0,0.0,0.0,-1381256.831256357
2024-06-28,0.0,0,0.0,0.0,-1381256.831256357
2024-07-01,0.0,0,0.0,0.0,-1381256.831256357
2024-07-02,0.0,0,0.0,0.0,-1381256.831256357
2024-07-03,0.0,0,-0.0,0.0,-1381256.831256357
2024-07-04,0.0,0,0.0,0.0,-1381256.831256357
2024-07-05,0.0,0,0.0,0.0,-1381256.831256357
2024-07-08,0.0,0,-0.0,0.0,-1381256.831256357
2024-07-09,0.0,0,0.0,0.0,-1381256.831256357
2024-07-10,-0.0,0,-0.0,-0.0,-1381256.831256357
2024-07-11,0.0,0,0.0,0.0,-1381256.831256357
2024-07-12,0.0,0,0.0,0.0,-1381256.831256357
2024-07-15,0.0,0,-0.0,0.0,-1381256.831256357
2024-07-16,0.0,0,-0.0,0.0,-1381256.831256357
2024-07-17,0.0,0,-0.0,0.0,-1381256.831256357
2024-07-18,0.0,0,0.0,0.0,-1381256.831256357
2024-07-19,0.0,0,0.0,0.0,-1381256.831256357
2024-07-22,0.0,0,0.0,0.0,-1381256.831256357
2024-07-23,0.0,-1,0.0,0.0,-1381256.831256357
2024-07-24,-63257.96511674031,-1,0.0,-63257.96511674031,-1444514.7963730972
2024-07-25,50000.13825168621,-1,-0.0,50000.13825168621,-1394514.658121411
2024-07-26,19938.902469696222,-1,0.0,19938.902469696222,-1374575.7556517147
2024-07-29,30072.11689231439,-1,0.0,30072.11689231439,-1344503.6387594005
2024-07-30,10072.16382848047,-1,-0.0,10072.16382848047,-1334431.47493092
2024-07-31,252.65767405893712,-1,0.0,252.65767405893712,-1334178.817256861
2024-08-01,-29400.99177608473,-1,0.0,-29400.99177608473,-1363579.8090329457
2024-08-02,-90015.35501485184,-1,0.0,-90015.35501485184,-1453595.1640477974
2024-08-05,30218.639991138025,-1,0.0,30218.639991138025,-1423376.5240566593
2024-08-06,-20897.04970131746,-1,-70419.78150904166,-91316.83121035912,-1514693.3552670185
2024-08-07,-50240.79428468615,-1,19918.18825426147,-30322.60603042468,-1545015.9612974431
2024-08-08,10034.203538625032,-1,-20004.4902682334,-9970.286729608368,-1554986.2480270516
2024-08-09,60014.56014692678,-1,-9991.842297206478,50022.7178497203,-1504963.5301773313
2024-08-12,43.309514969194424,-1,10040.93901760299,10084.248532572185,-1494879.281644759
2024-08-13,-29927.78473353797,-1,20131.246728856455,-9796.538004681515,-1504675.8196494405
2024-08-14,30163.730453799224,-1,-60003.80100968776,-29840.07055588854,-1534515.890205329
2024-08-15,49675.22084996947,-1,-60395.52662434784,-10720.305774378372,-1545236.1959797074
2024-08-16,10082.19089701763,-1,10041.124557028847,20123.315454046475,-1525112.880525661
2024-08-19,30145.29021336248,-1,-10057.645402314505,20087.644811047976,-1505025.235714613
2024-08-20,-29832.817610159953,-1,9996.216087234678,-19836.601522925273,-1524861.8372375383
2024-08-21,-39896.86120154006,-1,2.849206981384284e-10,-39896.861201539774,-1564758.6984390782
2024-08-22,-476.3107293507637,-1,10049.603557658362,9573.292828307598,-1555185.4056107707
2024-08-23,-39870.60743316379,-1,0.0,-39870.60743316379,-1595056.0130439345
2024-08-26,-55.827712792328384,-1,0.0,-55.827712792328384,-1595111.840756727
2024-08-27,-90325.50962760331,-1,10016.493721800325,-80309.01590580298,-1675420.85666253
2024-08-28,-10077.650491217317,-1,0.0,-10077.650491217317,-1685498.5071537474
2024-08-29,9942.174488681372,-1,-19983.536770878054,-10041.362282196682,-1695539.8694359441
2024-08-30,-91.64472404836852,-1,0.0,-91.64472404836852,-1695631.5141599926
2024-09-02,-0.0,-1,0.0,0.0,-1695631.5141599926
2024-09-03,40179.90293818174,-1,39803.048707096284,79982.95164527802,-1615648.5625147144
2024-09-04,-49898.917738450065,-1,-5.670321783097527e-10,-49898.91773845063,-1665547.4802531651
2024-09-05,30379.307057167076,-1,0.0,30379.307057167076,-1635168.173195998
2024-09-06,-80020.70549201616,-1,0.0,-80020.70549201616,-1715188.878688014
2024-09-09,40031.60939651025,-1,-5.726714962280626e-10,40031.60939650967,-1675157.2692915045
2024-09-10,-40003.76394086489,-1,9996.233277060532,-30007.53066380436,-1705164.799955309
2024-09-11,30058.44006126268,-1,10033.177546386341,40091.61760764902,-1665073.18234766
2024-09-12,-10085.152081142303,-1,-10024.867757891818,-20110.01983903412,-1685183.2021866941
2024-09-13,-50045.08702469419,-1,-20016.557999792898,-70061.6450244871,-1755244.8472111812
2024-09-16,20080.243055386425,-1,-20082.995256367878,-2.7522009814529156,-1755247.5994121626
2024-09-17,9972.018300590891,-1,-20003.409299377356,-10031.390998786464,-1765278.990410949
2024-09-18,-30155.703005127038,-1,-10000.000000000284,-40155.70300512732,-1805434.6934160765
2024-09-19,-50077.80606781009,-1,2.832749436800853e-10,-50077.806067809805,-1855512.4994838862
2024-09-20,-40077.92008168328,-1,0.0,-40077.92008168328,-1895590.4195655694
2024-09-23,48.71911222177732,-1,-19884.193694174544,-19835.474581952767,-1915425.894147522
2024-09-24,-70185.05369390135,-1,9942.09684708699,-60242.95684681436,-1975668.8509943364
2024-09-25,-9848.999425701208,-1,-9942.09684708699,-19791.0962727882,-1995459.9472671247
2024-09-26,70187.60529368966,-1,-3.751015986789903,70183.85427770286,-1925276.092989422
2024-09-27,-10207.531823711382,-1,9999.999999999716,-207.53182371166622,-1925483.6248131336
2024-09-30,50326.1503525755,-1,-30074.572706986706,20251.577645588797,-1905232.0471675447
2024-10-01,19674.23994519625,-1,19999.99999999915,39674.2399451954,-1865557.8072223493
2024-10-02,-29941.660152064233,-1,-10041.480613124479,-39983.14076518871,-1905540.947987538
2024-10-03,10276.572344821296,-1,-20016.551220589674,-9739.978875768378,-1915280.9268633064
2024-10-04,100893.7670085699,-1,-49876.17231816618,51017.59469040373,-1864263.3321729028
2024-10-07,10470.310822697487,-1,-413.26184849134654,10057.04897420614,-1854206.2831986966
2024-10-08,-20016.467075419103,-1,0.0,-20016.467075419103,-1874222.7502741157
2024-10-09,-9989.145685199188,-1,-0.0,-9989.145685199188,-1884211.895959315
2024-10-10,-39956.64678038158,-1,0.0,-39956.64678038158,-1924168.5427396966
2024-10-11,-20032.51273214721,-1,0.0,-20032.51273214721,-1944201.0554718438
2024-10-14,-0.0,-1,0.0,0.0,-1944201.0554718438
2024-10-15,49879.65805390114,-1,-0.0,49879.65805390114,-1894321.3974179428
2024-10-16,-10009.711366193738,-1,-0.0,-10009.711366193738,-1904331.1087841366
2024-10-17,-40011.911261069545,-1,0.0,-40011.911261069545,-1944343.0200452062
2024-10-18,-32.513442671710436,-1,0.0,-32.513442671710436,-1944375.5334878778
2024-10-21,-39701.25793690345,-1,0.0,-39701.25793690345,-1984076.7914247813
2024-10-22,73.08612649588395,-1,0.0,73.08612649588395,-1984003.7052982855
2024-10-23,306.5623805265859,-1,-0.0,306.5623805265859,-1983697.1429177588
2024-10-24,29698.416610663568,-1,-0.0,29698.416610663568,-1953998.7263070953
2024-10-25,306.2250594187426,-1,-0.0,306.2250594187426,-1953692.5012476766
2024-10-28,-19698.709208253298,-1,0.0,-19698.709208253298,-1973391.2104559299
2024-10-29,-9984.245171854223,-1,-0.0,-9984.245171854223,-1983375.4556277841
2024-10-30,30061.33302117497,-1,-0.0,30061.33302117497,-1953314.1226066092
2024-10-31,19987.19447102165,-1,0.0,19987.19447102165,-1933326.9281355876
2024-11-01,-40049.23270638333,-1,0.0,-40049.23270638333,-1973376.160841971
2024-11-04,19799.53080193496,-1,0.0,19799.53080193496,-1953576.630040036
2024-11-05,69947.23248395137,-1,-0.0,69947.23248395137,-1883629.3975560847
2024-11-06,-80269.18627569334,-1,-0.0,-80269.18627569334,-1963898.583831778
2024-11-07,49404.50497275471,-1,0.0,49404.50497275471,-1914494.0788590233
2024-11-08,59954.076687268636,-1,-0.0,59954.076687268636,-1854540.0021717546
2024-11-11,-0.0,-1,0.0,0.0,-1854540.0021717546
2024-11-12,-50044.22508335988,-1,-0.0,-50044.22508335988,-1904584.2272551146
2024-11-13,-79772.28928750756,-1,0.0,-79772.28928750756,-1984356.5165426221
2024-11-14,79826.75155698387,-1,-0.0,79826.75155698387,-1904529.7649856382
2024-11-15,-29931.042799883384,-1,0.0,-29931.042799883384,-1934460.8077855215
2024-11-18,-10028.086458687636,-1,0.0,-10028.086458687636,-1944488.8942442092
2024-11-19,9847.710684232417,-1,0.0,9847.710684232417,-1934641.1835599768
2024-11-20,20037.46695619474,-1,0.0,20037.46695619474,-1914603.716603782
2024-11-21,10056.525443899765,-1,0.0,10056.525443899765,-1904547.1911598823
2024-11-22,49797.42164210824,-1,-0.0,49797.42164210824,-1854749.7695177742
2024-11-25,-20376.564717692236,-1,-0.0,-20376.564717692236,-1875126.3342354666
2024-11-26,-30028.792123860138,-1,0.0,-30028.792123860138,-1905155.1263593268
2024-11-27,29990.56719254455,-1,-0.0,29990.56719254455,-1875164.5591667823
2024-11-28,-0.0,-1,0.0,0.0,-1875164.5591667823
2024-11-29,10163.533518261182,-1,0.0,10163.533518261182,-1865001.025648521
2024-12-02,29956.74733801589,-1,-0.0,29956.74733801589,-1835044.2783105052
2024-12-03,-40192.481070209746,-1,-0.0,-40192.481070209746,-1875236.759380715
2024-12-04,125.02263184283947,-1,-0.0,125.02263184283947,-1875111.736748872
2024-12-05,40101.089544928036,-1,0.0,40101.089544928036,-1835010.6472039442
2024-12-06,-29884.4311001434,-1,0.0,-29884.4311001434,-1864895.0783040875
2024-12-09,-20319.12119597758,-1,0.0,-20319.12119597758,-1885214.199500065
2024-12-10,-81.73740003133207,-1,-0.0,-81.73740003133207,-1885295.9369000965
2024-12-11,-40134.59649176785,-1,0.0,-40134.59649176785,-1925430.5333918643
2024-12-12,-30086.406327425524,-1,0.0,-30086.406327425524,-1955516.9397192898
2024-12-13,-9910.475779847518,-1,-0.0,-9910.475779847518,-1965427.4154991372
2024-12-16,9947.451506513991,-1,0.0,9947.451506513991,-1955479.9639926231
2024-12-17,-9952.212118896241,-1,-0.0,-9952.212118896241,-1965432.1761115193
2024-12-18,404.4013418084942,-1,-0.0,404.4013418084942,-1965027.7747697108
2024-12-19,-99227.60318325581,-1,0.0,-99227.60318325581,-2064255.3779529666
2024-12-20,29986.218961791965,-1,0.0,29986.218961791965,-2034269.1589911745
2024-12-23,-70167.12462577384,-1,-0.0,-70167.12462577384,-2104436.2836169484
2024-12-24,-10002.421468874181,-1,-0.0,-10002.421468874181,-2114438.7050858224
2024-12-25,-0.0,-1,0.0,0.0,-2114438.7050858224
2024-12-26,19994.105639063935,-1,0.0,19994.105639063935,-2094444.5994467584
2024-12-27,-29978.518117309508,-1,-0.0,-29978.518117309508,-2124423.1175640677
2024-12-30,-175.02289989632845,-1,0.0,-175.02289989632845,-2124598.140463964
2024-12-31,-20018.928716534443,-1,-0.0,-20018.928716534443,-2144617.0691804984
2025-01-01,-0.0,-1,0.0,0.0,-2144617.0691804984
2025-01-02,9995.2348965457,-1,0.0,9995.2348965457,-2134621.8342839526
2025-01-03,25.437807304588205,-1,-0.0,25.437807304588205,-2134596.396476648
2025-01-06,-19971.429107554315,-1,-0.0,-19971.429107554315,-2154567.825584202
2025-01-07,-29871.34896357995,0,0.0,-29871.34896357995,-2184439.174547782
2025-01-08,-3264.9582524770376,0,0.0,-3264.9582524770376,-2187704.132800259
2025-01-09,0.0,0,-0.0,0.0,-2187704.132800259
2025-01-10,0.0,0,-0.0,0.0,-2187704.132800259
2025-01-13,0.0,0,0.0,0.0,-2187704.132800259
2025-01-14,0.0,0,-0.0,0.0,-2187704.132800259
2025-01-15,0.0,0,0.0,0.0,-2187704.132800259
2025-01-16,0.0,0,0.0,0.0,-2187704.132800259
2025-01-17,0.0,0,0.0,0.0,-2187704.132800259
2025-01-20,0.0,0,0.0,0.0,-2187704.132800259
2025-01-21,-0.0,0,0.0,0.0,-2187704.132800259
2025-01-22,0.0,0,-0.0,0.0,-2187704.132800259
2025-01-23,0.0,0,-0.0,0.0,-2187704.132800259
2025-01-24,0.0,0,0.0,0.0,-2187704.132800259
2025-01-27,0.0,0,0.0,0.0,-2187704.132800259
2025-01-28,0.0,0,0.0,0.0,-2187704.132800259
2025-01-29,0.0,0,0.0,0.0,-2187704.132800259
2025-01-30,0.0,0,0.0,0.0,-2187704.132800259
2025-01-31,0.0,0,0.0,0.0,-2187704.132800259
2025-02-03,-0.0,0,0.0,0.0,-2187704.132800259
2025-02-04,0.0,0,0.0,0.0,-2187704.132800259
2025-02-05,0.0,0,-0.0,0.0,-2187704.132800259
2025-02-06,0.0,0,-0.0,0.0,-2187704.132800259
2025-02-07,0.0,0,0.0,0.0,-2187704.132800259
2025-02-10,0.0,0,0.0,0.0,-2187704.132800259
2025-02-11,0.0,0,0.0,0.0,-2187704.132800259
2025-02-12,0.0,0,-0.0,0.0,-2187704.132800259
2025-02-13,0.0,0,-0.0,0.0,-2187704.132800259
2025-02-14,0.0,0,0.0,0.0,-2187704.132800259
2025-02-17,0.0,0,0.0,0.0,-2187704.132800259
2025-02-18,0.0,0,-0.0,0.0,-2187704.132800259
2025-02-19,0.0,0,0.0,0.0,-2187704.132800259
2025-02-20,-0.0,0,0.0,0.0,-2187704.132800259
2025-02-21,0.0,0,0.0,0.0,-2187704.132800259
2025-02-24,0.0,0,-0.0,0.0,-2187704.132800259
2025-02-25,0.0,0,0.0,0.0,-2187704.132800259
2025-02-26,0.0,0,0.0,0.0,-2187704.132800259
2025-02-27,0.0,0,0.0,0.0,-2187704.132800259
2025-02-28,0.0,0,0.0,0.0,-2187704.132800259
2025-03-03,0.0,0,0.0,0.0,-2187704.132800259
2025-03-04,0.0,0,0.0,0.0,-2187704.132800259
2025-03-05,0.0,0,-0.0,0.0,-2187704.132800259
2025-03-06,0.0,0,0.0,0.0,-2187704.132800259
2025-03-07,0.0,0,0.0,0.0,-2187704.132800259
2025-03-10,0.0,0,0.0,0.0,-2187704.132800259
2025-03-11,0.0,0,0.0,0.0,-2187704.132800259
2025-03-12,0.0,0,-0.0,0.0,-2187704.132800259
2025-03-13,0.0,0,0.0,0.0,-2187704.132800259
2025-03-14,0.0,0,-50431.575385940756,-50431.575385940756,-2238135.7081862
2025-03-17,0.0,0,-20016.195044408152,-20016.195044408152,-2258151.903230608
2025-03-18,0.0,0,-8.54725123082819e-10,-8.54725123082819e-10,-2258151.903230609
2025-03-19,0.0,0,10040.58666839284,10040.58666839284,-2248111.3165622163
2025-03-20,0.0,0,0.0,0.0,-2248111.3165622163
2025-03-21,0.0,0,40292.940024529555,40292.940024529555,-2207818.3765376867
2025-03-24,0.0,0,-40129.797976572634,-40129.797976572634,-2247948.174514259
2025-03-25,0.0,0,19983.824708990334,19983.824708990334,-2227964.349805269
2025-03-26,0.0,0,0.0,0.0,-2227964.349805269
2025-03-27,0.0,-1,19935.41706705428,19935.41706705428,-2208028.9327382147
2025-03-28,26751.880543803618,-1,49637.82509677124,76389.70564057486,-2131639.22709764
2025-03-31,40211.39489220001,-1,29927.29990710141,70138.69479930142,-2061500.5322983384
2025-04-01,40413.566171463295,-1,-29951.50371363965,10462.062457823646,-2051038.4698405147
2025-04-02,9744.860408769167,-1,-1.1433361214402161e-09,9744.860408768023,-2041293.6094317466
2025-04-03,-58932.058300848556,-1,160519.1919062954,101587.13360544684,-1939706.4758262997
2025-04-04,19982.22255861183,-1,50081.02467804599,70063.24723665783,-1869643.2285896419
2025-04-07,-90319.67003165906,-1,80129.63948487336,-10190.030546785696,-1879833.2591364277
2025-04-08,-129519.54844802064,-1,-20007.012825990303,-149526.56127401095,-2029359.8204104386
2025-04-09,120765.70323244669,-1,19856.313593666633,140622.0168261133,-1888737.8035843254
2025-04-10,-130014.6742819245,-1,-50006.713163110304,-180021.3874450348,-2068759.19102936
2025-04-11,40331.51407855237,-1,-69944.28812057362,-29612.77404202125,-2098371.965071381
2025-04-14,-20594.58043105372,-1,1.1350598392839758e-09,-20594.580431052585,-2118966.5455024336
2025-04-15,29942.59663847303,-1,0.0,29942.59663847303,-2089023.9488639606
2025-04-16,-10088.266188681133,-1,20176.37130574956,10088.105117068426,-2078935.8437468922
2025-04-17,-10051.877543146598,-1,-5.303975863106084,-10057.181519009704,-2088993.0252659018
2025-04-18,-0.0,-1,0.0,0.0,-2088993.0252659018
2025-04-21,-140072.92097846724,-1,39840.2241592008,-100232.69681926645,-2189225.722085168
2025-04-22,19981.241002875387,-1,-30006.013493018472,-10024.772490143085,-2199250.4945753114
2025-04-23,60057.74519919448,-1,-70223.33776486375,-10165.59256566927,-2209416.0871409806
2025-04-24,39721.931398044726,-1,-4.248920757695008,39717.68247728703,-2169698.4046636936
2025-04-25,-22.303261989607563,-1,-20128.567317782916,-20150.870579772523,-2189849.2752434663
2025-04-28,-10000.769085027423,-1,29995.41925437948,19994.65016935206,-2169854.625074114
2025-04-29,20153.15942284443,-1,10024.162485525334,30177.321908369762,-2139677.3031657445
2025-04-30,-30013.78577997447,-1,80387.30653602234,50373.520756047874,-2089303.7824096966
2025-05-01,19722.205909330645,-1,-9999.999999999716,9722.205909330929,-2079581.5765003657
2025-05-02,49986.17210468542,-1,-49719.81132177217,266.3607829132525,-2079315.2157174526
2025-05-05,-30014.375705419287,-1,9920.091480941783,-20094.284224477502,-2099409.49994193
2025-05-06,9893.952396925008,-1,39995.06592890315,49889.018325828154,-2049520.481616102
2025-05-07,40076.750172536755,-1,0.0,40076.750172536755,-2009443.731443565
2025-05-08,9766.938250304971,-1,-60288.8059442314,-50521.867693926426,-2059965.5991374915
2025-05-09,-20002.428564121048,-1,0.0,-20002.428564121048,-2079968.0277016126
2025-05-12,20151.282038061952,-1,-70055.98667400471,-49904.70463594276,-2129872.7323375554
2025-05-13,175.99674821661756,-1,0.0,175.99674821661756,-2129696.735589339
2025-05-14,-9754.096867297016,-1,-19936.208614777275,-29690.30548207429,-2159387.041071413
2025-05-15,-10570.574684584222,-1,29856.64283839528,19286.06815381106,-2140100.972917602
2025-05-16,39882.87923064799,-1,-9992.011587076893,29890.867643571095,-2110210.105274031
2025-05-19,-39862.572265352996,-1,20032.01178016094,-19830.560485192054,-2130040.665759223
2025-05-20,-19885.510412793763,-1,-19952.12750971825,-39837.63792251202,-2169878.303681735
2025-05-21,-69354.44744516915,-1,29928.191264576668,-39426.25618059248,-2209304.5598623273
2025-05-22,39543.93403476349,-1,19994.32823271224,59538.26226747573,-2149766.2975948513
2025-05-23,29714.565391225635,-1,10015.900562379646,39730.46595360528,-2110035.831641246
2025-05-26,-0.0,-1,0.0,0.0,-2110035.831641246
2025-05-27,-560.3121062290593,-1,-40127.3582504183,-40687.67035664736,-2150723.5019978937
2025-05-28,167.05634421346622,-1,-10005.671767288046,-9838.61542307458,-2160562.117420968
2025-05-29,-223.70366868838755,-1,-19952.12750971655,-20175.831178404937,-2180737.948599373
2025-05-30,-10082.314127063426,-1,30072.070186650966,19989.75605958754,-2160748.1925397855
2025-06-02,179.39680481539835,-1,0.0,179.39680481539835,-2160568.79573497
2025-06-03,19992.717151353103,-1,-29928.191264576384,-9935.474113223281,-2170504.269848193
2025-06-04,-460.5924360392237,-1,-10000.0,-10460.592436039224,-2180964.8622842324
2025-06-05,20067.360178498322,-1,-30241.25716712787,-10173.896988629549,-2191138.7592728618
2025-06-06,10300.931556905256,-1,-40321.67622283563,-30020.744665930375,-2221159.5039387923
2025-06-09,-10114.621425592588,-1,-10024.023395551461,-20138.64482114405,-2241298.1487599364
2025-06-10,19857.03622425995,-1,-10048.134324038185,9808.901900221766,-2231489.246859715
2025-06-11,-10287.054077667774,-1,30216.999509602905,19929.94543193513,-2211559.3014277797
2025-06-12,9847.312898471522,-1,-10004.23085347626,-156.91795500473745,-2211716.2193827843
2025-06-13,10055.154952966353,-1,20096.7467586598,30151.901711626153,-2181564.3176711584
2025-06-16,-39838.81505744315,-1,-9991.972014725396,-49830.78707216855,-2231395.104743327
2025-06-17,39621.12859618793,-1,0.0,39621.12859618793,-2191773.976147139
2025-06-18,9976.09020735897,-1,30048.255797439757,40024.346004798725,-2151749.6301423404
2025-06-19,-0.0,-1,0.0,0.0,-2151749.6301423404
2025-06-20,-39985.434302706206,-1,-10000.000000000853,-49985.43430270706,-2201735.0644450476
2025-06-23,-20083.823507732726,-1,10008.037745601254,-10075.785762131472,-2211810.8502071793
2025-06-24,-50076.544596681146,-1,10032.209687336946,-40044.3349093442,-2251855.1851165234
2025-06-25,-0.2694532844252535,-1,10056.469987715454,10056.20053443103,-2241798.9845820926
2025-06-26,-10010.722082032255,-1,10056.469987715454,45.74790568319986,-2241753.2366764094
2025-06-27,-38.63568207489152,-1,-10072.692801402272,-10111.328483477164,-2251864.5651598866
2025-06-30,40098.07032382194,-1,-40225.87995086296,-127.80962704101694,-2251992.374786928
2025-07-01,40042.5341810071,-1,-30005.610267759737,10036.92391324736,-2241955.4508736804
2025-07-02,-40153.713405440314,-1,-20016.181725016522,-60169.89513045683,-2302125.3460041373
2025-07-03,50062.10404705099,-1,-29975.75700361888,20086.34704343211,-2282038.998960705
2025-07-04,-0.0,-1,0.0,0.0,-2282038.998960705
2025-07-07,-29968.769966405347,-1,39903.146147888765,9934.376181483418,-2272104.6227792217
2025-07-08,-19942.636345921932,-1,-4.204383966737334,-19946.84072988867,-2292051.4635091103
2025-07-09,39689.41492341564,-1,19967.85469597163,59657.26961938727,-2232394.193889723
2025-07-10,-9999.999999999787,-1,-30096.788555846142,-40096.78855584593,-2272490.9824455692
2025-07-11,-39937.39620341518,-1,20096.906563570297,-19840.48963984488,-2292331.472085414
2025-07-14,-0.0,-1,9967.893725967582,9967.893725967582,-2282363.5783594465
2025-07-15,-19693.081672019107,-1,-29879.674546688613,-49572.75621870772,-2331936.334578154
2025-07-16,-30270.90080075546,-1,29783.93903952759,-486.9617612278671,-2332423.296339382
2025-07-17,20068.175466030323,-1,-19871.886232459125,196.28923357119857,-2332227.0071058106
2025-07-18,-185.98132031414207,-1,19887.832449751382,19701.85112943724,-2312525.1559763732
2025-07-21,29702.647476692855,-1,1.1313999289007187e-09,29702.647476693986,-2282822.508499679
2025-07-22,9928.018138980126,-1,0.0,9928.018138980126,-2272894.490360699
2025-07-23,72.54740899502212,-1,-20048.364819187173,-19975.81741019215,-2292870.307770891
2025-07-24,96.97615354386289,-1,-29999.999999999425,-29903.023846455562,-2322773.3316173465
2025-07-25,29871.06560670865,-1,9999.999999998861,39871.06560670751,-2282902.266010639
2025-07-28,-19942.636345921932,-1,8.540250572991624e-10,-19942.636345921077,-2302844.90235656
2025-07-29,29694.27205165747,-1,9999.999999999998,39694.27205165747,-2263150.6303049023
2025-07-30,40048.590253507886,-1,-10056.563298145034,29992.026955362853,-2233158.6033495395
2025-07-31,9980.865546157382,-1,-20064.52570389752,-10083.66015774014,-2243242.2635072796
2025-08-01,-110109.9457027009,-1,80452.50638516028,-29657.43931754063,-2272899.7028248203
2025-08-04,10052.8940188693,-1,-10004.553848311782,48.34017055751792,-2272851.3626542627
2025-08-05,30080.307192511013,-1,-20032.396536587887,10047.910655923126,-2262803.4519983395
2025-08-06,-30069.3358755021,-1,30097.308400316346,27.972524814245844,-2262775.479473525
2025-08-07,20022.584591379993,-1,-10008.09419180051,10014.490399579483,-2252760.9890739457
2025-08-08,-119.12824147156789,-1,8.533414352143558e-10,-119.12824147071454,-2252880.117315416
2025-08-11,-0.0,-1,-19951.55317598954,-19951.55317598954,-2272831.6704914058
2025-08-12,-60140.18289929239,-1,9991.915678404195,-50148.2672208882,-2322979.937712294
2025-08-13,4.403931030246895,-1,-19935.443580638883,-19931.039649608636,-2342910.9773619026
2025-08-14,19964.114359214116,-1,0.0,19964.114359214116,-2322946.8630026886
2025-08-15,-30075.295899789086,-1,-19967.682425102237,-50042.97832489132,-2372989.84132758
2025-08-18,10034.122091031095,-1,9967.721790320575,20001.84388135167,-2352987.9974462283
2025-08-19,19965.956909806537,-1,9951.641618057227,29917.598527863764,-2323070.3989183647
2025-08-20,-0.2694532844252535,-1,19951.553175989255,19951.28372270483,-2303119.11519566
2025-08-21,10007.404416363679,-1,-9967.721790319441,39.68262604423762,-2303079.4325696155
2025-08-22,-40126.914185184025,-1,9943.616214753183,-30183.29797043084,-2333262.7305400465
2025-08-25,30063.086177438745,-1,-29975.747035216275,87.3391422224704,-2333175.391397824
2025-08-26,-100205.11824034664,-1,49999.999999999716,-50205.11824034692,-2383380.509638171
2025-08-27,3.7930261278052058,-1,19951.553175989255,19955.34620211706,-2363425.1634360543
2025-08-28,50213.06232732188,-1,-19951.553175989255,30261.509151332626,-2333163.6542847217
2025-08-29,-40163.65456972182,-1,50040.470958999416,9876.8163892776,-2323286.837895444
2025-09-01,-0.0,-1,0.0,0.0,-2323286.837895444
2025-09-02,20008.354339414574,-1,9959.676805130843,29968.031144545417,-2293318.8067508987
2025-09-03,10020.666093182786,-1,-30003.851734174903,-19983.185640992117,-2313301.992391891
2025-09-04,30215.549329059628,-1,20145.746339443533,50361.29566850316,-2262940.6967233876
2025-09-05,-9738.388505127194,-1,-20004.201059569896,-29742.58956469709,-2292683.2862880845
2025-09-08,30482.125257966385,-1,-20146.47001226535,10335.655245701037,-2282347.6310423836
2025-09-09,19978.03310855113,-1,-10005.570250452958,9972.462858098173,-2272375.1681842855
2025-09-10,39942.22035111666,-1,0.0,39942.22035111666,-2232432.947833169
2025-09-11,10026.638411795608,-1,-10016.311914793676,10.326497001931784,-2232422.6213361667
2025-09-12,-10111.1450338391,-1,-40196.22395353733,-50307.36898737643,-2282729.990323543
2025-09-15,-9987.778891203698,-1,-20081.709805170958,-30069.488696374654,-2312799.4790199175
2025-09-16,-19981.739898712745,-1,10065.488383636623,-9916.251515076123,-2322715.7305349936
2025-09-17,-10012.078735472604,-1,10065.488383636908,53.4096481643046,-2322662.3208868294
2025-09-18,5.827919012939674,-1,-20081.709805171813,-20075.881886158873,-2342738.2027729885
2025-09-19,-29913.4207962364,-1,8.540421204197027e-10,-29913.420796235547,-2372651.623569224
2025-09-22,30004.301087983415,-1,-9991.859021569704,20012.44206641371,-2352639.18150281
2025-09-23,-50027.313788037805,-1,19983.718043137706,-30043.5957449001,-2382682.77724771
2025-09-24,115.15265977318631,-1,-9999.999999999718,-9884.847340226532,-2392567.624587937
2025-09-25,50037.4845057234,-1,-9975.60694929045,40061.87755643295,-2352505.747031504
2025-09-26,-29857.002299477823,-1,-19934.991652351917,-49791.99395182974,-2402297.7409833334
2025-09-29,49640.37795829898,-1,-9967.49582617539,39672.88213212359,-2362624.8588512097
2025-09-30,-39900.88387439307,-1,30048.93574438217,-9851.9481300109,-2372476.806981221
2025-10-01,-10144.356671928756,-1,19967.45601909542,9823.099347166666,-2362653.707634054
2025-10-02,19932.68399668784,-1,-9999.999999998865,9932.683996688975,-2352721.023637365
2025-10-03,50.26441925488689,-1,-20048.965761138392,-19998.701341883505,-2372719.7249792484
2025-10-06,-29829.638868226477,-1,-10016.311914793676,-39845.950783020155,-2412565.6757622687
2025-10-07,9790.637764168947,-1,19967.456019095705,29758.093783264652,-2382807.581979004
2025-10-08,19947.019594768626,-1,9999.999999999718,29947.019594768346,-2352860.5623842357
2025-10-09,10016.549385900566,-1,10000.000000000571,20016.549385901137,-2332844.0129983346
2025-10-10,9717.862208457533,-1,29951.184028643416,39669.04623710095,-2293174.9667612338
2025-10-13,-0.0,-1,0.0,0.0,-2293174.9667612338
2025-10-14,-19985.389060507772,-1,-10032.663871577088,-30018.05293208486,-2323193.0196933188
2025-10-15,-16.85728018590089,-1,-30171.80143136441,-30188.65871155031,-2353381.678404869
2025-10-16,-29989.03965079857,-1,30196.465150910153,207.42550011158164,-2353174.2529047574
2025-10-17,19961.81441395549,-1,-10003.808750060089,9958.005663895401,-2343216.247240862
2025-10-20,20028.950153928166,-1,-19967.30884430541,61.641309622755216,-2343154.605931239
2025-10-21,10044.62896689194,-1,-10016.385791277735,28.24317561420503,-2343126.362755625
2025-10-22,10033.82223234762,-1,20082.080276369317,30115.902508716936,-2313010.460246908
2025-10-23,-10140.04881643194,-1,-30098.43574412149,-40238.48456055343,-2353248.9448074615
2025-10-24,-10019.306818869112,-1,-10024.593804038417,-20043.90062290753,-2373292.845430369
2025-10-27,10014.475076964083,-1,-422.1963854271448,9592.278691536938,-2363700.5667388323
2025-10-28,10037.395582791629,-1,0.0,10037.395582791629,-2353663.171156041
2025-10-29,29768.412635946588,-1,-0.0,29768.412635946588,-2323894.758520094
2025-10-30,-9981.00016193994,-1,0.0,-9981.00016193994,-2333875.758682034
2025-10-31,-9985.4019158722,-1,0.0,-9985.4019158722,-2343861.160597906
2025-11-03,-19942.280530824268,-1,0.0,-19942.280530824268,-2363803.4411287303
2025-11-04,9911.406961719254,-1,0.0,9911.406961719254,-2353892.0341670113
2025-11-05,-19886.351948908938,-1,-0.0,-19886.351948908938,-2373778.3861159203
2025-11-06,-243.4298391560951,-1,0.0,-243.4298391560951,-2374021.8159550764
2025-11-07,-19980.52827310108,-1,0.0,-19980.52827310108,-2394002.3442281773
2025-11-10,10035.809490926022,-1,-0.0,10035.809490926022,-2383966.5347372512
2025-11-11,-0.0,-1,0.0,0.0,-2383966.5347372512
2025-11-12,29829.638868226477,-1,0.0,29829.638868226477,-2354136.8958690246
2025-11-13,-9973.70469081017,-1,0.0,-9973.70469081017,-2364110.600559835
2025-11-14,10042.772102627809,-1,0.0,10042.772102627809,-2354067.828457207
2025-11-17,-10011.618451663853,-1,0.0,-10011.618451663853,-2364079.4469088707
2025-11-18,-10011.687165344712,-1,0.0,-10011.687165344712,-2374091.1340742153
2025-11-19,-9966.341998343476,-1,0.0,-9966.341998343476,-2384057.4760725587
2025-11-20,-82.50348355287133,-1,0.0,-82.50348355287133,-2384139.9795561116
2025-11-21,-67.01922567318252,-1,0.0,-67.01922567318252,-2384206.998781785
2025-11-24,-29997.459663108824,-1,-0.0,-29997.459663108824,-2414204.458444894
2025-11-25,3.500370361889509,-1,-0.0,3.500370361889509,-2414200.958074532
2025-11-26,30033.930633586926,-1,-0.0,30033.930633586926,-2384167.027440945
2025-11-27,-0.0,-1,0.0,0.0,-2384167.027440945
2025-11-28,-38.536545857528836,-1,0.0,-38.536545857528836,-2384205.5639868025
2025-12-01,-84.27110048584291,-1,0.0,-84.27110048584291,-2384289.835087288
2025-12-02,-29981.73989871253,-1,-0.0,-29981.73989871253,-2414271.5749860005
2025-12-03,9947.111211794152,-1,0.0,9947.111211794152,-2404324.4637742066
2025-12-04,-19975.908406621216,-1,-0.0,-19975.908406621216,-2424300.372180828
2025-12-05,10071.968264270945,-1,-0.0,10071.968264270945,-2414228.403916557
2025-12-08,-19878.786088390927,-1,-0.0,-19878.786088390927,-2434107.1900049476
2025-12-09,30018.65595447953,-1,0.0,30018.65595447953,-2404088.534050468
2025-12-10,-20209.702026752522,-1,0.0,-20209.702026752522,-2424298.23607722
2025-12-11,-29949.37366267308,-1,-0.0,-29949.37366267308,-2454247.609739893
2025-12-12,-49783.777291091086,-1,0.0,-49783.777291091086,-2504031.3870309843
2025-12-15,-63.4999873621382,-1,0.0,-63.4999873621382,-2504094.887018346
2025-12-16,-179.82698484182401,-1,0.0,-179.82698484182401,-2504274.714003188
2025-12-17,49.25087530014389,-1,0.0,49.25087530014389,-2504225.463127888
2025-12-18,9788.728900261849,-1,0.0,9788.728900261849,-2494436.734227626
2025-12-19,-19858.058232991138,-1,-0.0,-19858.058232991138,-2514294.792460617
2025-12-22,-49952.054444852576,-1,0.0,-49952.054444852576,-2564246.84690547
2025-12-23,30081.970046869727,-1,-0.0,30081.970046869727,-2534164.8768586
2025-12-24,19811.648775665402,-1,-0.0,19811.648775665402,-2514353.2280829344
2025-12-25,-0.0,-1,0.0,0.0,-2514353.2280829344
2025-12-26,-50.46916867597611,-1,0.0,-50.46916867597611,-2514403.6972516105
2025-12-29,9909.856036244122,-1,0.0,9909.856036244122,-2504493.8412153665
2025-12-30,-19932.683996686952,-1,-0.0,-19932.683996686952,-2524426.5252120537
2025-12-31,-19817.27453164677,-1,-0.0,-19817.27453164677,-2544243.7997437003
2026-01-01,-0.0,-1,0.0,0.0,-2544243.7997437003
2026-01-02,-9937.622276871549,-1,0.0,-9937.622276871549,-2554181.422020572
2026-01-05,9863.258207205201,-1,0.0,9863.258207205201,-2544318.1638133666
2026-01-06,61.25428846941577,-1,-0.0,61.25428846941577,-2544256.909524897
2026-01-07,29812.866830611998,-1,-0.0,29812.866830611998,-2514444.042694285
2026-01-08,-19802.996021941402,-1,0.0,-19802.996021941402,-2534247.0387162264
2026-01-09,59932.84727776475,-1,-0.0,59932.84727776475,-2474314.1914384617
2026-01-12,-9937.622276871549,-1,-0.0,-9937.622276871549,-2484251.813715333
2026-01-13,-61.06602180607115,-1,-0.0,-61.06602180607115,-2484312.879737139
2026-01-14,9822.606504038009,-1,-0.0,9822.606504038009,-2474490.2732331012
2026-01-15,30083.888666463175,-1,-0.0,30083.888666463175,-2444406.384566638
2026-01-16,-39622.36328326911,-1,-0.0,-39622.36328326911,-2484028.7478499073
2026-01-19,-0.0,-1,0.0,0.0,-2484028.7478499073
2026-01-20,-49466.29898426982,-1,0.0,-49466.29898426982,-2533495.046834177
2026-01-21,39522.161376414566,-1,-0.0,39522.161376414566,-2493972.8854577625
2026-01-22,9986.617114437904,-1,-0.0,9986.617114437904,-2483986.268343325
2026-01-23,9813.627873718484,-1,0.0,9813.627873718484,-2474172.6404696065
2026-01-26,-20128.424612762272,-1,0.0,-20128.424612762272,-2494301.065082369
2026-01-27,-49811.5251537896,-1,-0.0,-49811.5251537896,-2544112.5902361586
2026-01-28,10167.346644871854,-1,0.0,10167.346644871854,-2533945.2435912867
2026-01-29,-10175.411069200858,-1,0.0,-10175.411069200858,-2544120.6546604875
2026-01-30,-29813.174008276124,-1,-0.0,-29813.174008276124,-2573933.828668764
2026-02-02,20283.191641247053,-1,-0.0,20283.191641247053,-2553650.637027517
2026-02-03,9885.279050490039,-1,0.0,9885.279050490039,-2543765.357977027
2026-02-04,-9890.021042588758,-1,0.0,-9890.021042588758,-2553655.3790196157
2026-02-05,-20820.408961582885,-1,0.0,-20820.408961582885,-2574475.7879811986
2026-02-06,20084.001829153225,-1,-0.0,20084.001829153225,-2554391.7861520452
2026-02-09,-19997.56436684409,-1,-0.0,-19997.56436684409,-2574389.3505188893
2026-02-10,29507.59872015216,-1,0.0,29507.59872015216,-2544881.7517987373
2026-02-11,50139.75110415868,-1,0.0,50139.75110415868,-2494742.0006945785
2026-02-12,39456.8641662038,-1,0.0,39456.8641662038,-2455285.1365283746
2026-02-13,-20113.320401438206,-1,0.0,-20113.320401438206,-2475398.4569298127
2026-02-16,-0.0,-1,0.0,0.0,-2475398.4569298127
2026-02-17,20028.091579167703,-1,-0.0,20028.091579167703,-2455370.365350645
2026-02-18,29.247629435594718,-1,-0.0,29.247629435594718,-2455341.1177212093
2026-02-19,9980.746807365173,-1,0.0,9980.746807365173,-2445360.370913844
2026-02-20,10002.436348323312,-1,0.0,10002.436348323312,-2435357.934565521
2026-02-23,-78.31483583826048,-1,0.0,-78.31483583826048,-2435436.249401359
2026-02-24,-10009.646695039768,-1,0.0,-10009.646695039768,-2445445.8960963986
2026-02-25,10009.802144405729,-1,0.0,10009.802144405729,-2435436.0939519927
2026-02-26,-14.620951838332985,-1,0.0,-14.620951838332985,-2435450.714903831
2026-02-27,10038.249809593603,-1,0.0,10038.249809593603,-2425412.4650942376
2026-03-02,9811.366017251174,-1,-0.0,9811.366017251174,-2415601.0990769863
2026-03-03,30009.745393293902,0,0.0,30009.745393293902,-2385591.3536836924
2026-03-04,-3223.0494052836984,0,-0.0,-3223.0494052836984,-2388814.403088976
2026-03-05,0.0,0,0.0,0.0,-2388814.403088976
2026-03-06,0.0,0,-0.0,0.0,-2388814.403088976
2026-03-09,-0.0,0,0.0,0.0,-2388814.403088976
2026-03-10,0.0,0,-0.0,0.0,-2388814.403088976
2026-03-11,0.0,0,0.0,0.0,-2388814.403088976
2026-03-12,0.0,0,0.0,0.0,-2388814.403088976
2026-03-13,0.0,0,-0.0,0.0,-2388814.403088976
2026-03-16,0.0,0,0.0,0.0,-2388814.403088976
2026-03-17,-0.0,0,0.0,0.0,-2388814.403088976
2026-03-18,0.0,0,-0.0,0.0,-2388814.403088976
2026-03-19,-0.0,0,-0.0,-0.0,-2388814.403088976
2026-03-20,0.0,0,-0.0,0.0,-2388814.403088976
2026-03-23,0.0,0,0.0,0.0,-2388814.403088976
2026-03-24,0.0,0,-0.0,0.0,-2388814.403088976
2026-03-25,0.0,0,0.0,0.0,-2388814.403088976
2026-03-26,0.0,0,-0.0,0.0,-2388814.403088976
2026-03-27,0.0,0,0.0,0.0,-2388814.403088976
2026-03-30,0.0,0,0.0,0.0,-2388814.403088976
2026-03-31,0.0,0,0.0,0.0,-2388814.403088976
2026-04-01,0.0,0,-0.0,0.0,-2388814.403088976
2026-04-02,0.0,0,-0.0,0.0,-2388814.403088976
2026-04-03,0.0,0,-0.0,0.0,-2388814.403088976
2026-04-06,-0.0,0,0.0,0.0,-2388814.403088976
2026-04-07,0.0,0,0.0,0.0,-2388814.403088976
2026-04-08,0.0,0,-0.0,0.0,-2388814.403088976
2026-04-09,0.0,0,0.0,0.0,-2388814.403088976
2026-04-10,0.0,0,-0.0,0.0,-2388814.403088976
2026-04-13,0.0,0,-0.0,0.0,-2388814.403088976
2026-04-14,0.0,0,-0.0,0.0,-2388814.403088976
2026-04-15,0.0,0,-0.0,0.0,-2388814.403088976
2026-04-16,0.0,0,0.0,0.0,-2388814.403088976
2026-04-17,0.0,0,0.0,0.0,-2388814.403088976
2026-04-20,0.0,0,0.0,0.0,-2388814.403088976
2026-04-21,0.0,0,-0.0,0.0,-2388814.403088976
2026-04-22,0.0,0,-0.0,0.0,-2388814.403088976
2026-04-23,0.0,0,-0.0,0.0,-2388814.403088976
2026-04-24,0.0,0,0.0,0.0,-2388814.403088976
2026-04-27,0.0,0,0.0,0.0,-2388814.403088976
2026-04-28,0.0,0,-0.0,0.0,-2388814.403088976
2026-04-29,0.0,0,-0.0,0.0,-2388814.403088976
2026-04-30,0.0,0,0.0,0.0,-2388814.403088976
2026-05-01,-0.0,0,-0.0,-0.0,-2388814.403088976
2026-05-04,0.0,0,-0.0,0.0,-2388814.403088976
2026-05-05,0.0,0,-0.0,0.0,-2388814.403088976
2026-05-06,0.0,0,0.0,0.0,-2388814.403088976
2026-05-07,0.0,0,-0.0,0.0,-2388814.403088976
2026-05-08,0.0,0,0.0,0.0,-2388814.403088976
2026-05-11,0.0,0,0.0,0.0,-2388814.403088976
2026-05-12,0.0,0,0.0,0.0,-2388814.403088976
2026-05-13,0.0,0,0.0,0.0,-2388814.403088976
2026-05-14,0.0,0,-0.0,0.0,-2388814.403088976
2026-05-15,0.0,0,0.0,0.0,-2388814.403088976
2026-05-18,0.0,0,-0.0,0.0,-2388814.403088976
2026-05-19,0.0,0,-0.0,0.0,-2388814.403088976
2026-05-20,0.0,0,0.0,0.0,-2388814.403088976
2026-05-21,0.0,0,0.0,0.0,-2388814.403088976
2026-05-22,-0.0,1,-0.0,-0.0,-2388814.403088976
2026-05-25,-3258.5977458935345,1,0.0,-3258.5977458935345,-2392073.0008348697
2026-05-26,60000.000000000495,1,-0.0,60000.000000000495,-2332073.000834869
2026-05-27,-10042.768586848713,1,0.0,-10042.768586848713,-2342115.769421718
2026-05-28,-20098.964722975492,1,0.0,-20098.964722975492,-2362214.7341446937
2026-05-29,10016.99391482094,1,0.0,10016.99391482094,-2352197.740229873
2026-06-01,-50022.17625655513,1,-0.0,-50022.17625655513,-2402219.916486428
2026-06-02,-10043.043604748176,1,0.0,-10043.043604748176,-2412262.9600911764
2026-06-03,114.41295450980033,1,0.0,114.41295450980033,-2412148.5471366667
2026-06-04,9951.281372912861,1,0.0,9951.281372912861,-2402197.265763754
2026-06-05,-39772.11267743577,1,-0.0,-39772.11267743577,-2441969.37844119
2026-06-08,29995.07563585511,1,0.0,29995.07563585511,-2411974.302805335
2026-06-09,-10004.84783446131,1,0.0,-10004.84783446131,-2421979.150639796
2026-06-10,20028.636270061616,1,0.0,20028.636270061616,-2401950.5143697346
2026-06-11,-20047.69415247631,1,0.0,-20047.69415247631,-2421998.208522211
2026-06-12,-9880.8846924084,1,-0.0,-9880.8846924084,-2431879.0932146194
2026-06-15,9971.453592348205,1,0.0,9971.453592348205,-2421907.639622271
2026-06-16,-20157.619568714057,1,0.0,-20157.619568714057,-2442065.259190985
2026-06-17,-89772.01552406061,1,-0.0,-89772.01552406061,-2531837.2747150455
2026-06-18,-20108.845201899734,1,0.0,-20108.845201899734,-2551946.119916945
2026-06-19,0.0,1,0.0,0.0,-2551946.119916945
2026-06-22,275.5584783350496,1,0.0,275.5584783350496,-2551670.5614386103
2026-06-23,69869.56105912813,1,0.0,69869.56105912813,-2481801.0003794823
2026-06-24,-40276.17141634402,1,0.0,-40276.17141634402,-2522077.1717958264
2026-06-25,9932.961225878207,1,0.0,9932.961225878207,-2512144.2105699484
2026-06-26,-143.71392618357277,1,0.0,-143.71392618357277,-2512287.924496132
2026-06-29,-30021.832275417983,1,-0.0,-30021.832275417983,-2542309.75677155
2026-06-30,20503.58490060857,1,-0.0,20503.58490060857,-2521806.1718709413
2026-07-01,10233.440577650912,1,0.0,10233.440577650912,-2511572.7312932904
2026-07-02,40023.70707996354,1,0.0,40023.70707996354,-2471549.0242133266
2026-07-03,0.0,1,0.0,0.0,-2471549.0242133266
2026-07-06,-34.6672847030768,1,0.0,-34.6672847030768,-2471583.6914980295
2026-07-07,10267.734243358675,1,-0.0,10267.734243358675,-2461315.957254671
2026-07-08,-9980.692748995101,1,0.0,-9980.692748995101,-2471296.650003666
2026-07-09,29951.549988686198,1,-0.0,29951.549988686198,-2441345.10001498
2026-07-10,-29962.738140317568,1,0.0,-29962.738140317568,-2471307.8381552976
2026-07-13,10048.450011314722,1,-0.0,10048.450011314722,-2461259.3881439827
2026-07-14,39988.28105148641,1,0.0,39988.28105148641,-2421271.1070924965
2026-07-15,19998.296755402273,1,0.0,19998.296755402273,-2401272.810337094
2026-07-16,-9990.461169504437,1,-0.0,-9990.461169504437,-2411263.2715065987
2026-07-17,-39983.19671206039,1,0.0,-39983.19671206039,-2451246.468218659
2026-07-20,20042.02114161488,1,0.0,20042.02114161488,-2431204.4470770443
2026-07-21,-20008.684268820947,1,-0.0,-20008.684268820947,-2451213.1313458653
2026-07-22,-10054.482503317166,1,-0.0,-10054.482503317166,-2461267.6138491826
2026-07-23,-20078.299648161395,1,0.0,-20078.299648161395,-2481345.913497344
2026-07-24,20026.196179658524,1,0.0,20026.196179658524,-2461319.7173176855
2026-07-27,-19801.578479515923,1,0.0,-19801.578479515923,-2481121.2957972013
2026-07-28,10062.201123479004,1,0.0,10062.201123479004,-2471059.0946737225
2026-07-29,99794.25922066471,1,-0.0,99794.25922066471,-2371264.8354530577
2026-07-30,-41.34664755108497,1,0.0,-41.34664755108497,-2371306.182100609
2026-07-31,19661.712288229886,1,-0.0,19661.712288229886,-2351644.469812379
2026-08-03,-19604.487427275693,1,-0.0,-19604.487427275693,-2371248.957239655
2026-08-04,-19607.655607584005,1,0.0,-19607.655607584005,-2390856.612847239
