date,level,slope,curvature,residual
2001-08-07,2.44522493170242,-0.6646050450086323,-0.755963017606674,0.17216910893796375
2001-08-08,-26.781839739367634,0.6061041785230074,-1.530776308047863,-8.634853835693928
2001-08-09,6.3832736826347505,1.5349101729853316,3.324615978296243,0.11944435868325919
2001-08-10,-8.157595654703709,1.2159811752947371,-1.1070247122429193,-0.7871779435127559
2001-08-13,-4.655598448776351,2.3938240745640282,-1.1855989179983566,0.3714970620464393
2001-08-14,2.4816878043901265,-3.800683493955565,-0.5758022604466179,-0.19008014578208163
2001-08-15,6.431497132672487,-3.3063567148442923,-1.20608673471896,1.1355852671929683
2001-08-16,-8.929858107724188,0.3901950377512189,1.0619317976531606,-0.9187667609500904
2001-08-17,-16.739190367563214,1.302360064219719,-1.472119481327213,-2.5803529716006115
2001-08-20,11.593807008793316,-2.2959449557080096,0.13839146929660484,1.8580831418137251
2001-08-21,-8.070696735701965,2.159241246382164,-0.22164949654100516,-0.22253669139840251
2001-08-22,6.9703947238422,-4.37798624015817,-0.8878558010081502,2.3438603267454443
2001-08-23,-4.745884845502148,0.49300548987284926,2.609021309526941,-0.6182475532531237
2001-08-24,7.401460646945135,0.2639915446567239,-1.3778300156290133,0.6042771340721885
2001-08-27,3.451651318662834,-0.23033523445460352,-0.7475455413565454,-0.7213882789028209
2001-08-28,-15.665581735036776,0.49047448983524405,-0.8202236004315685,-0.6404462525179535
2001-08-29,-10.557894455043003,-1.2470787948195285,-0.16552584148371013,-1.3214822847538115
2001-08-30,-2.26287367597409,5.230699007317787,2.568331667943747,0.004054640080084233
2001-08-31,7.698620276637971,-0.04230669102825062,1.458456388636901,1.935951635695336
2001-09-03,0.008463258675469203,0.008413433824016088,0.005375095992527638,0.00011402241690169341
2001-09-04,30.45034330548772,-5.846534893259891,-2.445056118734313,0.08321735908554202
2001-09-05,-4.86506008737848,1.3544503914892896,1.5280513231909012,-0.3439961506252874
2001-09-06,-22.56451750445041,4.962092255122112,0.7319197146889548,-0.6273718499451286
2001-09-07,-14.526006932573772,7.278716367754175,0.794217563536378,-0.5191152814320859
2001-09-10,5.0474113431069,3.2116435708199034,0.28431732714617286,0.5202198996432562
2001-09-11,0.008463258675469203,0.008413433824016088,0.005375095992527638,0.00011402241690169341
2001-09-12,0.008463258675469203,0.008413433824016088,0.005375095992527638,0.00011402241690169341
2001-09-13,-58.028545413693024,37.24830220961335,4.571173883251758,-0.22302217931021887
2001-09-14,-17.073570747851043,6.150432795716802,0.4437176638514245,0.5363678347193648
2001-09-17,13.848397744190828,-2.192736624228906,-2.36282904875838,-0.05243107593865904
2001-09-18,12.15722227530998,10.988936886318767,-3.410120487359604,1.0818482712299928
2001-09-19,-14.060035086779312,12.479243740334256,0.7521269829271119,1.4136582875605572
2001-09-20,14.296209866545812,-2.876252744386931,-2.914539317275459,0.11455933147716979
2001-09-21,-5.68437110898905,-2.5931157524848443,-1.688202068682065,-0.9773721117117393
2001-09-24,5.889212063778762,-3.1922857031342056,3.1556777747974407,-0.49779315554473547
2001-09-25,-4.901522960066211,4.490528840436233,1.347890566030821,0.01825310409478385
2001-09-26,-13.347196231797195,-1.610031077227998,2.0020297293864604,-0.14259972653178726
2001-09-27,-9.995093640624642,-1.4606663403507438,0.37916788980936666,-1.905386679988289
2001-09-28,6.706310489112956,-8.16532496702409,1.136013995113244,0.2248332072170206
2001-10-01,-7.919245170950903,-0.5069086279380065,1.054915260429211,-1.335680748768602
2001-10-02,-6.762924169235734,0.9558393450080361,2.6076203705009657,0.6922238224062448
2001-10-03,-3.045721824896937,-1.852945585603255,-0.4677609667692155,-0.9915705757265314
2001-10-04,1.3989481943303765,1.0796450797804797,3.735454192210532,1.0028723883136639
2001-10-05,-2.8802970865195205,2.6963215090578583,1.3338574915828265,-0.8155748715423128
2001-10-08,0.008463258675469203,0.008413433824016088,0.005375095992527638,0.00011402241690169341
2001-10-09,15.31322194940848,3.8158755215445943,2.2989273035836875,0.0850383420057713
2001-10-10,-0.06587601088721218,-4.92896706599293,-0.9263021601315763,0.8654029703692969
2001-10-11,14.922006376717238,-3.004622198613474,-1.7109331678626103,1.8874756431441193
2001-10-12,-4.342908695460885,5.608314771148261,1.908018310797902,-1.0422946911618096
2001-10-15,-8.56894490437096,-1.2365811534941806,-0.37515368656575976,-1.3164176056486563
2001-10-16,-5.625561963048999,-1.1765241849369874,-1.0138556370883034,0.902805195167219
2001-10-17,0.021022908114510682,-3.985706994905591,-0.04092694442963969,1.4300442224836851
2001-10-18,-1.86968414974613,1.7992178433686836,1.3268409543588346,-1.2324888593607797
2001-10-19,6.144923198881921,3.2577999762180845,1.1626760056240883,0.6679471639391313
2001-10-22,2.0296891322221606,-1.7857938975543584,-0.00865797845546668,-0.8337139532201949
2001-10-23,5.083874215794542,0.07556512187292248,0.46447808430625237,0.15797064492326415
2001-10-24,-12.171158556646395,2.042132351743975,3.796631650514434,-0.383518010166128
2001-10-25,-12.409509040399293,3.7650221549767346,1.6346916778422738,0.16498479508967154
2001-10-26,-2.6020962523549724,-1.2050882295180914,-1.0040372218121456,-1.3012235683328766
2001-10-29,-9.442222875828575,4.6831211033167035,1.2224525249019835,0.5920281411187224
2001-10-30,-11.042169450085648,2.57251577428539,0.20602366987331316,-1.1262234374496136
2001-10-31,-29.53639184780682,-20.137354694055098,9.791086012961275,5.146901867686766
2001-11-01,-5.3969981031094685,-11.446204433394236,0.6075966207280259,-0.4581939716208641
2001-11-02,20.24433836577306,12.732712968669238,1.7696643864056043,-2.342714032993645
2001-11-05,-11.908487846104572,-5.38006631910111,1.201406112589058,1.8762995478745321
2001-11-06,-14.124170728988277,9.531302838346761,-4.622690866520939,7.6919434151286055
2001-11-07,-13.553270392675367,-1.6918462466989888,0.03568452734842892,-0.432989576018318
2001-11-08,19.57350843473003,-1.39591241062381,-0.4736571134496302,0.08616240344779601
2001-11-09,5.116150538669219,-1.7291398508308509,0.6600728549403504,-0.6809220098191308
2001-11-12,0.008463258675469203,0.008413433824016088,0.005375095992527638,0.00011402241690169341
2001-11-13,13.495857640463585,-3.228707385469982,-0.9566115914874304,1.2985065688045443
2001-11-14,26.440167881268977,-4.062825203206973,-2.221395199204179,0.9119806556173682
2001-11-15,49.98311215866751,-5.446155765003991,-3.1196830988106297,1.0081583948587014
2001-11-16,22.77914508305352,-2.200703265516663,1.2760437062823253,-0.035297055779121136
2001-11-19,-23.788778629638973,6.151195713979731,3.4680205065761793,-1.4025944748205883
2001-11-20,12.440408731376536,3.4672216816525996,-1.0988877844754408,1.124383011298602
2001-11-21,22.170094772134085,-7.3978277162630235,0.010701502973313074,0.09836023264315055
2001-11-22,0.008463258675469203,0.008413433824016088,0.005375095992527638,0.00011402241690169341
2001-11-23,14.086748227943664,-3.915626427461757,-0.2008890760861778,-0.6009338811945218
2001-11-26,2.0015993591604633,-1.3124624010938306,-0.21968676256366668,0.4818221015444011
2001-11-27,-14.612905851575356,6.335456296666896,-0.09115765216552836,-1.0837565335464883
2001-11-28,0.5754506229068552,-1.5365475879503798,0.5346348138115132,-0.10714697279519261
2001-11-29,-39.61427518810232,9.299406644311114,1.3658570531818968,-0.9300106923851003
2001-11-30,-1.6644090609569975,4.169965002686655,-1.3713752733562783,-0.9936390467113781
2001-12-03,-5.186122940320031,0.8027066473914908,-1.5346978786572862,0.11650880253848842
2001-12-04,-7.70141043272269,-2.1302818973497017,-1.6896030077081179,0.33309926394759765
2001-12-05,43.25237415325696,-8.966181779010185,-0.35271108061614115,1.8146623401501947
2001-12-06,25.00145949557632,-0.2927899613338187,-1.4207715824068798,-1.1069186187890183
2001-12-07,21.084582136448667,10.023411731427238,4.908747710908361,0.6738789282042686
2001-12-10,-8.764433369346795,4.939462132412341,2.8635502560051793,-0.7427710567658461
2001-12-11,-11.098348996209038,3.519178767206465,-0.21603389834303782,1.504848672079545
2001-12-12,-17.17444284047912,-2.0082442443519235,-0.9667112532323496,-1.3174131789496415
2001-12-13,20.116592575712758,-3.79891541218086,-0.17086019321281976,1.7710808630224981
2001-12-14,20.231581267776082,-3.3289868375541083,0.925543806597268,1.0201860603724024
2001-12-17,3.538550237664529,0.7129248366328,0.1378296743453388,-0.15674702678853236
2001-12-18,-17.416180801955992,-1.2429129547229378,1.5513442173228333,-1.1940137368789205
2001-12-19,-12.77263484002878,-3.528807061641791,-2.1641400094959145,0.6518860414635198
2001-12-20,3.1636638606848986,-4.875715941103187,1.049861457182601,-1.0482359436443895
2001-12-21,5.6185852571512935,0.33530907280231537,0.798143031491111,0.8896023044534205
2001-12-24,9.481495666431872,-0.11362421917381448,-0.7175166584832954,1.6506264653140839
2001-12-25,0.008463258675469203,0.008413433824016088,0.005375095992527638,0.00011402241690169341
2001-12-26,8.646237517658216,-1.0246284480220522,0.792527433293215,-0.8377830590244281
2001-12-27,-14.334705017410817,2.4340465580909196,-2.4290523655606076,-1.5694052303372283
2001-12-28,1.9525768370338024,5.81773647658279,-0.3535454793015733,-0.5858588438022996
2001-12-31,-15.463694123971651,1.9036631355494869,1.1615556150805602,-0.826699803053697
2002-01-01,0.008463258675469203,0.008413433824016088,0.005375095992527638,0.00011402241690169341
2002-01-02,25.105104613830033,-4.675023795219424,-0.5971324206010872,1.3642962334144748
2002-01-03,-6.6122716765736085,0.5786214605349532,-0.7803763022820334,-0.47246027180116484
2002-01-04,3.5343636878514717,2.0442983128760117,0.15326368781933786,-0.6333904268107392
2002-01-07,-19.469682998377348,2.3559993493592146,1.3697825211366277,0.4787068935004864
2002-01-08,0.982613322761086,2.247388217081782,-0.18180219839152542,-0.05455071068159205
2002-01-09,-2.345586045162786,2.9560654599872263,1.667522438767738,-0.08394321201203807
2002-01-10,-19.552395367566042,0.08136580202865287,0.4689732919606197,0.3907090414083637
2002-01-11,-21.864381724716296,9.771103300712635,2.8672031202258066,0.28025551376929825
2002-01-14,1.8236149713440801,-1.8676090670253653,-1.9750031804934691,-1.124103802706679
2002-01-15,-3.9329729699809155,-3.1486602977736995,0.6047915433168224,-0.3722645905136032
2002-01-16,4.260376644371051,-2.540627545857926,-2.736341294092694,-0.9520487161856517
2002-01-17,19.701056776232456,-4.920104264726666,0.5764448459383866,0.7651978008643993
2002-01-18,-9.401573453327856,0.21566917812648145,1.3871792685880397,0.7064222864209446
2002-01-21,0.008463258675469203,0.008413433824016088,0.005375095992527638,0.00011402241690169341
2002-01-22,7.346838050817994,-2.4839734991344473,-2.0676104606969012,-0.7992567727844824
2002-01-23,18.35682133707858,-0.5806239144055562,-2.432985778263664,0.21268654177974441
2002-01-24,6.467960005360173,-6.442435163791312,-1.025925977558881,0.7733360124729579
2002-01-25,5.885025513965682,-1.8609122268910268,3.1711117882714346,-0.9744365555670332
2002-01-28,3.0991112149356073,-1.2663059956956553,0.6586719159143511,0.6295493658402636
2002-01-29,-22.029806463093784,5.221836206051511,1.0655846618737113,0.10425980958504114
2002-01-30,2.025502582409178,-0.45442042131117555,0.0067760350186050426,-1.3103573532424797
2002-01-31,11.305020478726496,-4.652393672509539,-2.728762961917406,1.479695440235137
2002-02-01,-10.836095289207565,2.654330943756354,2.172368871911334,-0.8358335879632462
2002-02-04,-15.020068551429667,2.5515204916346206,0.6252793600376062,-1.136352795660034
2002-02-05,-1.0609588240379524,-0.5110744680346966,-0.6619547983772661,-1.4631492966435828
2002-02-06,1.4543286683647543,2.42191407670652,-0.5070496693264046,-1.6797397580526272
2002-02-07,4.453891155810134,1.5353080523426483,-0.7236940516325244,-2.09158906676597
2002-02-08,-7.5317991445322425,1.0876117210682517,0.0965814371698817,0.9857383681541659
2002-02-11,1.9932262595344683,1.3502845513926416,-0.18881873561559467,-0.47146469850015127
2002-02-12,12.961146599106875,-3.4884513363993603,-1.2902765386723178,0.5668749092742432
2002-02-13,7.5248224386345255,-1.9288268332029281,-0.3122940427669729,0.806669131466559
2002-02-14,-9.127559168976367,-2.354367084206202,-0.9352814313329623,-0.25586981039195156
2002-02-15,-16.002591715141325,2.9752926608633046,0.8433246813697015,-2.0349748626061577
2002-02-18,0.008463258675469203,0.008413433824016088,0.005375095992527638,0.00011402241690169341
2002-02-19,9.63013301137564,10.644372723442121,-8.45100788259297,-4.217637520650815
2002-02-20,0.4604619308434604,-2.0064761625772003,-0.5617691859985993,0.6437478298549892
2002-02-21,-0.5543375557429399,0.22200097935520838,-0.5393186353005786,0.584018417651314
2002-02-22,-7.943148394199498,-1.3649506077207294,0.8284524628470116,0.4564987060181821
2002-02-25,5.888412991689715,-0.9033537132872026,-1.508883654955771,-0.5493331923817142
2002-02-26,11.712982250669722,-3.1573898573244232,1.2193614556326886,1.583831739185685
2002-02-27,-11.434184094865897,-1.9590499560256176,-8.468398231326242,0.6246738268517273
2002-02-28,4.948751846755108,3.9735719386151978,4.1098055816195425,-1.4228115157008594
2002-03-01,22.395885606447898,-5.12659709076618,2.2189435160676587,-1.880072772679531
2002-03-04,5.277805730774058,-2.405850127321404,-2.506502981413402,3.6189301124262263
2002-03-05,0.575450622906846,-1.536547587950426,0.5346348138116338,-0.1071469727952244
2002-03-06,6.263299368669365,4.685287064448754,-2.4209154377930577,0.3421557244741501
2002-03-07,28.290607585177515,-1.1118792587431292,5.894299896254326,-1.0888401890866912
2002-03-08,26.49676443093273,-11.566839043522956,-6.782965939167647,2.88140836417166
2002-03-11,-1.326600008763468,-0.6037851581884138,1.6296378745956692,0.45242960021397516
2002-03-12,-1.6644090609569382,4.169965002686682,-1.3713752733563505,-0.9936390467113982
2002-03-13,-9.085496222288295,4.387718388314523,-0.1991989458429608,-0.2822661036021221
2002-03-14,23.678955877576424,-4.899108982075855,0.15718915577409465,0.7753271590748396
2002-03-15,-6.127996681531055,-3.2409731085700653,-1.1519258136390869,-0.667719119105367
2002-03-18,-1.6980989080189648,-5.234867422320534,-2.138325785794375,-0.013955953456727503
2002-03-19,-0.03218616382520469,4.4758653590141995,-0.1593516476935284,-0.11428012288533924
2002-03-20,13.282209452048383,-2.936707592301576,1.7724726631758991,0.10636995611061208
2002-03-21,0.04492613136312793,-3.1276650151229397,0.18553585315255408,-0.3621352323032087
2002-03-22,4.347275563372782,-1.5973674747706215,-1.8509660783906796,-0.3874074640711709
2002-03-25,3.003839196307792,0.45318088570347437,-0.19583527283959165,-0.8883786863186903
2002-03-26,-14.72290892173686,2.245222255949712,3.4615657643034674,0.19532170596301346
2002-03-27,9.015904947429036e-05,2.6711603863104885,0.03624312294059963,-0.9531727776276506
2002-03-28,12.033246031522296,-0.31671412337960814,-0.38245077227228186,1.0717867491849697
2002-03-29,0.008463258675469203,0.008413433824016088,0.005375095992527638,0.00011402241690169341
2002-04-01,3.542736787477514,-0.6184486396104378,0.12239566087129564,0.319896373233878
2002-04-02,-16.92211918309996,3.4842829213966784,1.7202824208216365,-0.5767762226509863
2002-04-03,-13.05920877381938,3.0353496294205486,0.2046227308472301,0.18424793820967675
2002-04-04,-0.16533457932795684,-1.8781067083506917,-1.7653753354113706,-1.129168481811868
2002-04-05,-12.615583201277405,3.683206985505717,-0.3316535241958012,-0.1254050543967531
2002-04-08,4.964698973918184,0.9370100234893722,-0.6164919020298117,0.43222204755112636
2002-04-09,-5.958385393340588,-0.023079490152142584,0.6342586312388885,-0.015080014898791398
2002-04-10,1.197060583265293,-0.33354356593364287,1.7536749766983863,1.189125938849463
2002-04-11,-2.6343725752296345,0.5996167431856441,-1.1996319924463268,-0.46233091359068323
2002-04-12,-7.750432954849468,4.999916980326944,-1.8234617244460785,-0.7345816813991236
2002-04-15,-5.958385393340511,-0.023079490152107945,0.634258631238991,-0.015080014898785736
2002-04-16,8.622334294409631,-1.8826704278047295,0.5660646357108948,0.9543963957623882
2002-04-17,5.4826638160227725,6.522247879391535,-0.22109090094876294,-0.7427198930076543
2002-04-18,-1.4260585772041539,2.4470751994539697,0.7905646993158042,-1.5421418519672518
2002-04-19,-5.743938132836439,-2.6040112731676364,2.5697358063288913,1.228596634632167
2002-04-22,-1.5003978467668346,-2.490305300363094,-0.14111255680830134,-0.6768529040148143
2002-04-23,0.36937646202868274,-1.61836275742137,-1.431710388226518,-0.397536822281723
2002-04-24,-16.38740814174326,3.744026872325988,2.053947368006596,0.1548554368793162
2002-04-25,-2.4324849641645865,2.012805388899853,0.7821472230656988,-0.6485844641264322
2002-04-26,-3.649172061815898,2.8280938851181148,-1.1771814417482758,-0.5220603257943728
2002-04-29,8.737322986472947,-1.4127418531779055,1.6624686355211045,0.20350159311221902
2002-04-30,-4.4130614152104615,-0.6604392049119913,0.960907041199827,0.2996376568128999
2002-05-01,-6.521186207758928,0.1905080553791189,0.08956489994580756,0.5688243803355342
2002-05-02,8.618147744596564,-0.5512969515615643,0.581498649185015,0.4777529957401495
2002-05-03,-12.729772821251748,0.9243464210319552,3.2365039057473273,0.677029785090491
2002-05-06,3.5427367874774665,-0.6184486396104609,0.122395660871266,0.31989637323381304
2002-05-07,-6.704914095384691,4.661362902402954,-1.3825946276585324,2.520861092448197
2002-05-08,29.411640595652667,-4.476099731110235,-2.6490683656184215,1.8156674016686714
2002-05-09,-6.739820018076036,4.102813314637786,-1.830478261670099,-1.1514956692177347
2002-05-10,-12.848948063128239,1.7857913226482882,2.155533919411262,0.9512811877184935
2002-05-13,15.924246213864567,-1.2389789118161687,-1.6870816781385358,0.517274855281028
2002-05-14,18.04074410603895,-4.752673124593667,-0.8466075638326889,1.2013749318028977
2002-05-15,-7.175072490991997,0.7922090060661157,-1.325070033575164,0.11144412343325515
2002-05-16,-13.126391019385464,4.281505014359106,-0.43885567379841117,-2.649216168713807
2002-05-17,15.849906944301837,-6.176359411633256,-2.6187589342626705,1.3825638032334002
2002-05-20,-13.383659104484837,1.5260473717189826,1.8218689722263803,0.21964952818820424
2002-05-21,-5.642308162301049,4.14896972003593,-0.9521195831920871,-1.0037684049218656
2002-05-22,-10.055459736560994,0.817370128813527,-0.027455664932955877,0.24904202951870977
2002-05-23,6.870936155401475,-1.3271258825158436,-1.7269289762879676,0.34928887456424473
2002-05-24,0.5712640730938282,-0.20517411170715727,0.5500688272855854,-0.5837903728174587
2002-05-27,0.008463258675469203,0.008413433824016088,0.005375095992527638,0.00011402241690169341
2002-05-28,0.3412866889670582,-1.1450312609608289,-1.6427391723346643,0.9179992324829123
2002-05-29,-8.60959432687168,3.230870771695924,-0.5398804302518165,-1.4308117509508362
2002-05-30,-9.944657594310605,2.6186721796836157,1.0843823483512247,-0.97849617315389
2002-05-31,4.323372340124087,-2.455409454553307,-2.077428875972976,1.4047719907157175
2002-06-03,-2.5235704329792865,2.400918794055718,-0.08779397916211759,-1.6898691162631387
2002-06-04,-7.005461202801601,4.010102624484088,0.4611144113027875,0.7640832276398751
2002-06-05,7.51644933900855,0.733920119283514,-0.2814260158189251,-0.14661766857798578
2002-06-06,-7.175072490992056,0.7922090060660882,-1.3250700335750918,0.1114441234332751
2002-06-07,9.711473050558693,0.8262329300798378,1.4752913411370028,0.14883686001366078
2002-06-10,-5.387211479296168,-2.899413988169677,1.1480843355838808,0.3543023899114307
2002-06-11,-10.384096617039575,0.6394413473551375,1.6052245899202071,-0.19219978052515904
2002-06-12,-8.06651018588893,0.8278677701389069,-0.23708351001500033,0.2541067086239561
2002-06-13,-7.951521493825544,1.297796344765762,0.8593204897950354,-0.4967880940263183
2002-06-14,-17.74561675452358,0.8680902536657129,-1.4805369575773115,-1.6867955837597621
2002-06-17,9.033683544076888,0.5698919009842099,-0.16580638996621577,1.483636057898255
2002-06-18,-2.8761105367064457,1.3649480328146588,1.3184234781087842,-0.3389314715199818
2002-06-19,-20.309926769052932,5.0653005866012055,-1.7693008033661026,-2.5378860676974533
2002-06-20,18.484369678580958,-4.104815768508488,-1.3828838188756478,0.8917219391964084
2002-06-21,-11.801872253667208,-2.2473907919878116,2.3286781393473213,0.17211794517990914
2002-06-24,13.126571337484373,1.0608157582618127,0.511341919679658,0.742870613458533
2002-06-25,0.982613322761086,2.247388217081782,-0.18180219839152542,-0.05455071068159205
2002-06-26,-23.31367580631125,7.283280087208218,-1.5372224075859113,-2.602680159006414
2002-06-27,17.017571519826603,0.13855096982519519,-0.7932889861865473,0.18835871955461825
2002-06-28,4.7669979126660635,-1.8075520984680211,-2.6137051310160064,1.095118998109245
2002-07-01,-3.3155495594354822,-0.6142827995138126,1.8392657196777618,0.44736492110867687
2002-07-02,-15.143430343119103,4.744338869494248,-0.4402566128244647,-1.3387447930544696
2002-07-03,0.21872396936664903,-1.241144872948186,1.9562862845565117,0.7671472719256908
2002-07-04,0.008463258675469203,0.008413433824016088,0.005375095992527638,0.00011402241690169341
2002-07-05,22.664156390990094,-2.670631840143496,0.17963970647213912,0.7155977468711191
2002-07-08,-11.037982900272663,1.2411422980421645,0.19058965639926012,-0.6495800374274457
2002-07-09,-15.404884978031598,3.320254703097289,1.83590204667435,1.0534775038253874
2002-07-10,-22.651416423452144,4.018832184034809,-0.1534555010130591,-1.1920131020596099
2002-07-11,2.345766363261695,2.386255312633694,-1.5950361928864913,-1.8224023432432357
2002-07-12,-6.973184879926939,2.205397651780248,0.6567091819369579,-0.0748094271025183
2002-07-15,3.7404378487296746,2.126113482347013,2.1196088898574423,-0.3430005773242683
2002-07-16,16.910955927389224,-2.994124557288127,-1.9205610129447572,1.89254032224936
2002-07-17,-6.168646104031701,1.2264788166201706,-1.316652557325089,-0.7821132644075504
2002-07-18,-10.18719462787642,5.672935459159593,-1.062123610846877,-0.9066367679201858
2002-07-19,-12.281960698896828,0.24083030087388352,2.6847936372302716,0.8440201925063731
2002-07-22,-17.330080955043233,1.989279106211477,-2.2278419967285177,-0.6809125216016826
2002-07-23,-8.637684099933356,3.704202268156539,-0.7509092143600397,-0.11527569618627467
2002-07-24,6.9809392255629055,2.763108158201211,-5.2796523927570185,-0.9297893649452539
2002-07-25,-14.074008260405757,5.2638267713529485,0.22707328154527523,0.12451852600597581
2002-07-26,-7.275288937340101,5.2487654105734896,2.7681410977497647,2.203018724475065
2002-07-29,36.38990125653107,-7.6306424626702585,1.3795929916643608,1.4654874880028634
2002-07-30,3.3135584754396823,-3.8472377787111207,2.5941490910042813,1.8732260153712996
2002-07-31,-30.560965129639204,9.387553615010775,1.4057043513313536,-0.7620247116683435
2002-08-01,-9.652483586519708,5.9326794100889275,-0.728458663661971,-0.1750051083900018
2002-08-02,-28.44107975974065,6.831417915837183,-2.4338169775900638,0.3471787280387417
2002-08-05,-9.52493524501731,2.408487555986085,0.32164329572602246,0.5040302890266276
2002-08-06,25.23683950514549,-9.530589125565397,0.4375355253128478,2.5199750308533058
2002-08-07,-16.75330696699848,8.991108529661588,-1.1580945640536533,0.024322844718473426
2002-08-08,14.246572892320764,-9.244523254268278,1.0448076539359488,-0.7607911385201132
2002-08-09,-14.875016132767996,-7.703861314306264,-3.3186390410753503,-2.6368898513774393
2002-08-12,-7.578048641033255,-4.323100275209276,-0.6240670348460765,0.5354912613419072
2002-08-13,-17.98735471600037,1.6334215432947183,1.0375185129778235,-1.5633961416890862
2002-08-14,-1.7856122791190874,-19.676596880965867,1.0695046864528954,-0.3862667302218746
2002-08-15,19.42624341979193,-0.06113601254691142,-1.7656558838938956,1.6759498608403152
2002-08-16,21.137791208388407,1.5618393775074386,5.027172414172274,2.2182032735732666
2002-08-19,-4.832783764503845,-0.4502545812144985,1.7236460938250284,-1.182888805367538
2002-08-20,-23.777018052288906,4.446007275097076,-1.2428429635991758,-0.024204311590827924
2002-08-21,5.519126688710544,3.386169430444651,-0.04093014378873049,-1.1049691477277532
2002-08-22,18.44790680589323,-0.9687373195615455,-1.5630445760357279,1.2539711939164797
2002-08-23,-8.272584346767088,0.7460526006679834,-2.2034287120531033,-0.0362831408625757
2002-08-26,-4.0521482118572925,-2.2872153961573374,-0.47617844301921863,-0.098013187885706
2002-08-27,12.719408637630066,-2.723120046770345,1.2277789318827939,0.690274351344945
2002-08-28,-10.229257574564443,-1.0691500133612135,-1.7982060963368596,-0.880240474710151
2002-08-29,-12.500594509213956,4.153135560132581,0.76475047561439,-0.8762998570469034
2002-08-30,-5.291939460668433,-4.618900869568786,2.0025915243376926,1.8722304420702531
2002-09-02,0.008463258675469203,0.008413433824016088,0.005375095992527638,0.00011402241690169341
2002-09-03,-28.491515806054778,2.7520793958028014,-3.1390314361318534,-0.5797117787956715
2002-09-04,-3.513250620687515,-3.358844921471146,-0.1579475093084412,1.1102618716667745
2002-09-05,-9.73938250552142,4.989419339001574,-1.6138338793639198,-0.7396463605043867
2002-09-06,25.750617797437144,-2.6139777934199726,0.8483705398679696,0.8683896902721796
2002-09-09,1.4794479672427787,-5.566326780752841,-0.5996537501706687,1.1801206420810024
2002-09-10,-5.244932086260037,-0.6138849201564057,-2.209044310251048,-1.763668504340489
2002-09-11,12.59604684594063,-0.530301668910772,0.16224295902075192,0.4878823539506352
2002-09-12,-14.211343225721475,0.24122818023128612,-1.3635163926985576,-1.3670132329428977
2002-09-13,-12.040222737420011,-0.5245009887550895,0.16673816667520042,0.7206207504356967
2002-09-16,-1.9482099691218424,-1.8067891802050817,0.41059771170876325,-0.8438433114306756
2002-09-17,-3.288258858462725,1.201317693872692,-2.614266925967283,-0.9197111704929115
2002-09-18,-2.4282984143515303,0.6814319126566624,0.7667132095916902,-0.1719410641041669
2002-09-19,-15.943782569201282,4.391884228411218,1.5176711129635145,-0.15479755572717777
2002-09-20,2.111602429321883,2.777771639623239,-3.7724101790327054,-0.7972561379651012
2002-09-23,-13.985135387867276,-4.044892041666847,-4.138902687783956,1.2550535798179094
2002-09-24,-2.3007500728491084,-2.842759941446191,1.8168151689797074,0.5070943333124365
2002-09-25,14.46582115473627,0.34164087403100846,-1.1283548723974712,0.7671984356837418
2002-09-26,2.3101025626629608,3.233401771733612,2.8893644797066904,-1.4086130516861037
2002-09-27,-19.696689908320465,8.931051561104365,-0.5193926135311726,-2.1948999560974007
2002-09-30,-15.199609889242474,5.691001862415316,-0.8623141810408499,1.292327316474755
2002-10-01,20.92410182579158,2.7370751136577165,-1.8405890675223948,-3.1116194291806973
2002-10-02,-4.658985926500341,1.4362655609602841,3.49439652522893,-0.05360630113879324
2002-10-03,-0.08262221013926094,0.3965268389798696,-0.8645661062353617,-1.0411706297197456
2002-10-04,0.6980133425072533,-1.4404339759629867,-3.0643906430796597,0.04370498776208355
2002-10-07,-7.37696010205713,-0.6209796396480498,-3.3068492490872496,0.2976976739690779
2002-10-08,4.018638682894163,-1.775296256229007,-0.21828582353757706,-0.8286492741149839
2002-10-09,-10.301384247850855,2.914074894685731,2.5060338190962215,-0.10420192843294578
2002-10-10,8.114156076118332,1.0788821615175617,0.7111513494857125,2.9418346978535026
2002-10-11,24.498266899186937,-0.9515428381018459,3.3734425476471217,1.408703120161411
2002-10-14,0.008463258675469203,0.008413433824016088,0.005375095992527638,0.00011402241690169341
2002-10-15,45.99763902978648,-5.093336085015343,1.995002048054968,0.09628227344076347
2002-10-16,-2.769494944269113,4.497623559927959,2.4456955048669635,-2.0431130742147885
2002-10-17,17.552282561183326,0.3982949207544972,-0.4596240390015642,0.9199903790848946
2002-10-18,-2.753547817106067,1.4610616448021225,-2.2806019787824634,-0.18807951096274333
2002-10-21,19.59025463398206,-6.721406315596698,-0.5353931673458224,1.992736003536873
2002-10-22,1.2797729524539663,1.9410899813968858,2.6544842058743896,1.2771237909414945
2002-10-23,-1.3315856306654383,3.0165203079017995,-3.019489541683543,-0.07575383664530831
2002-10-24,-16.541489306311036,4.046922186177201,0.52509374765894,-3.243249922158667
2002-10-25,-13.333223058170871,5.605385891753271,2.527083430768213,1.1465400350226898
2002-10-28,-7.704183458348439,10.410628976604498,-1.1028132524301733,-0.2843345745869836
2002-10-29,-21.95767978980725,1.238611298004581,-3.2386552535592767,-0.6717787366921194
2002-10-30,-1.3995257541388326,5.668371739705515,1.2693163602754878,1.1769281096541004
2002-10-31,-10.150731755188712,2.53685701021264,-0.8819628536868114,-1.2688860226402894
2002-11-01,14.946708672054818,-4.435512208677822,3.180091059472834,0.1468362251943087
2002-11-04,9.506197961769537,-1.5445142292381229,4.17350756885223,-0.09001295263565923
2002-11-05,3.843283894894406,0.032811638308477095,-1.7213133780900898,2.076674238042104
2002-11-06,3.1628647885959253,-2.5867839512561512,-3.6146999725706466,-1.099775980481418
2002-11-07,-28.095553254201114,-13.220312642100463,-4.9673119049947925,-1.1988214397020829
2002-11-08,-5.908563799124858,-9.442210357675775,5.4326787777301115,1.1041409672850093
2002-11-11,0.008463258675469203,0.008413433824016088,0.005375095992527638,0.00011402241690169341
2002-11-12,-6.35994801919452,6.071148626283445,1.9066173717718877,0.26817668449755266
2002-11-13,-3.672276212975704,-0.3188800845116242,3.2609171904227234,1.3216591658295898
2002-11-14,33.33712969714597,1.7175359156134065,1.4778126707065904,0.3330124513471839
2002-11-15,2.450210553604411,-4.284910511098876,3.8931643986725137,0.7003525457972546
2002-11-18,-3.0457218248969515,-1.8529455856033221,-0.4677609667691437,-0.9915705757265298
2002-11-19,-4.495773784399202,-2.9350727522425126,0.06009781202381841,0.21163980472079622
2002-11-20,17.695361026308372,0.39489199892084814,0.8478087449166585,-1.146440478329953
2002-11-21,12.95277349948088,-0.8257043839128877,-1.2594085117242453,-0.38641189077030913
2002-11-22,8.650424067471262,-2.356001924265305,0.7770934198191182,-0.3611396590021544
2002-11-25,0.538987750219216,1.599530860996664,0.3544740566514638,0.2551022819248827
2002-11-26,-21.549718017864077,2.733615113189676,0.7094691639908686,-0.5676424377414889
2002-11-27,33.82140469218856,-2.10205865349162,1.1062631593495964,0.1377536040429253
2002-11-28,0.008463258675469203,0.008413433824016088,0.005375095992527638,0.00011402241690169341
2002-11-29,-9.96437426774624,0.4292567236576639,0.8424855372949578,1.2903266816553305
2002-12-02,0.8054280070336161,-0.5966904386967544,2.727442813431884,-1.6089365780955955
2002-12-03,3.0949246651226145,0.06506748054760417,0.6741059293883269,0.1529059658180033
2002-12-04,-12.163584529109432,1.6683173891045306,-0.8987978061869039,0.5182287530413269
2002-12-05,-9.611834164019024,1.4652274848987306,-0.5637319199759268,-0.06061096308775737
2002-12-06,-9.533308344643304,5.071234508472557,0.3525113226740942,-0.44925651101792474
2002-12-09,-6.188362777467368,-0.962936639405799,-1.5585493683813492,1.4867095904015757
2002-12-10,-0.9895900286588768,-3.0886033292164714,-0.03391040720561907,1.8469582103022777
2002-12-11,-9.936284494684543,-0.04407477280286342,1.0535143214031577,-0.02520937310926517
2002-12-12,1.9021407907197383,1.738397956548495,-1.058759937843484,-1.5127493506367984
2002-12-13,10.47536240395324,4.314766020109919,-0.6627971418110465,-0.6728611225934934
2002-12-16,13.45939476777588,-0.09262893652304989,-1.136772348647486,1.6607558235245894
2002-12-17,-3.6575451614420396,5.49084083760454,-1.146313414800222,-1.4753471258389146
2002-12-18,-13.593919815176056,2.775605678491188,-0.12904221633766372,-0.5473837213205294
2002-12-19,-17.44506964710657,1.5193505315846647,-3.3242459965386133,0.06998228104856832
2002-12-20,1.233523455952961,-3.4696220148806542,1.9338357338584995,0.8268766841293869
2002-12-23,3.4558378684757787,-1.5617087106978242,-0.762979554830659,-0.2447448788805975
2002-12-24,-6.8581961878635,2.675326226407168,1.753113181747062,-0.8257042297527024
2002-12-25,0.008463258675469203,0.008413433824016088,0.005375095992527638,0.00011402241690169341
2002-12-26,-4.092797634357953,2.180236529032872,-0.6409051867052475,-0.21240733318791827
2002-12-27,-17.662904385334826,3.14272380099626,-0.579727728401276,-1.5987977316676292
2002-12-30,-3.5413403937492616,-2.885513425010661,-0.36897629341658156,2.4257979264313945
2002-12-31,2.1124015014109196,0.4888396497762721,0.8921512507205094,-0.7457161011280677
2003-01-01,0.008463258675469203,0.008413433824016088,0.005375095992527638,0.00011402241690169341
2003-01-02,43.19996415340623,-2.793541414937383,4.193425645873236,0.32187803161828843
2003-01-03,-2.6343725752296696,0.5996167431856687,-1.1996319924463388,-0.46233091359066103
2003-01-06,9.213224881889701,-2.569589469796425,1.321787151112189,-0.9450440542365981
2003-01-07,-10.063832836187014,3.480117081299948,0.003412362015200379,-0.7042447705258448
2003-01-08,-8.72378394684612,0.47201020722215925,3.028276999691234,-0.628376911463605
2003-01-09,35.92534293492403,-1.621632437539433,1.993039314077656,-0.6080765195020079
2003-01-10,-8.197446005115404,3.3945011106379663,3.3928099738242126,-0.8500320519779735
2003-01-13,-1.7626515537683538,-1.6254574769130061,-2.529515327062703,1.6638293560279123
2003-01-14,-10.618260550979386,1.0309576743446829,-0.572149396226007,0.8329464247529754
2003-01-15,-1.326600008763458,-0.603785158188429,1.6296378745956568,0.4524296002139789
2003-01-16,0.12763850055187137,-0.8530314677923556,1.0863450823285927,-0.2741373802110214
2003-01-17,-9.611834164019024,1.4652274848987306,-0.5637319199759268,-0.06061096308775737
2003-01-20,0.008463258675469203,0.008413433824016088,0.005375095992527638,0.00011402241690169341
2003-01-21,-7.175072490992007,0.7922090060661308,-1.325070033575152,0.11144412343325115
2003-01-22,-8.79892228849777,-2.1764383027478487,-2.56796168618607,0.1853719996517705
2003-01-23,5.08806076560756,-1.255808354370306,0.44904407083220177,0.634614044945468
2003-01-24,-7.055897249115644,-0.0692358955502986,-0.24410004723903905,-0.16280727919464444
2003-01-27,6.633384743737604,-1.8931680691301322,0.7756924807930895,0.9493317166571751
2003-01-28,2.2034869702256104,0.100726244620361,1.7620924529484463,0.2955685510086068
2003-01-29,13.071948741357268,-1.687149285529265,-0.1784385253882167,-0.6606632933982023
2003-01-30,-11.366619780751227,1.0632135165837675,1.8232699112524695,-1.0908218474711016
2003-01-31,-0.42678921424045335,-3.302190874747597,0.5107833240874152,1.2630538150678638
2003-02-03,1.344325598203305,-1.6683199640106228,3.0456737471426694,-0.40066151854309356
2003-02-04,-8.720396469122027,1.4295687208259678,-1.6517184435360248,-0.20327354827842317
2003-02-05,11.289073351563326,-1.6158317573837584,1.9975345217320273,-0.3753381230169227
2003-02-06,-9.049033349600576,1.2516399393676174,-0.01903818868287773,-0.6445153583221389
2003-02-07,-6.022938039089913,3.5863304552553936,0.243069089970636,1.6627052945858252
2003-02-10,9.890215316282433,-0.024316450853784498,-1.7016765475378282,-2.331383288958145
2003-02-11,-2.6708354479173515,3.7356951921326136,-1.37979274960638,-0.10008165887058322
2003-02-12,-7.623683685435944,3.7646571160711604,-5.437921194811345,-0.1070863208195987
2003-02-13,-10.083549509622651,1.2907016252740509,-0.2384844490410954,1.56457808428325
2003-02-14,11.050722867810586,0.10705804584905451,-0.1644054509401356,0.17316468223892836
2003-02-17,0.008463258675469203,0.008413433824016088,0.005375095992527638,0.00011402241690169341
2003-02-18,2.2714270936989602,-2.5511251871833367,-2.526713449010575,-0.9571133952908418
2003-02-19,-10.91462110858321,-0.9516760798174182,1.2561256292612681,-0.44718804003306994
2003-02-20,-5.305298182196434,1.6641515490078835,-2.6156678649933607,0.39076020516646964
2003-02-21,8.498972502720193,0.31014795005488016,-0.4994713371510858,0.7520043983680414
2003-02-24,-7.055897249115635,-0.0692358955503137,-0.24410004723905127,-0.16280727919464066
2003-02-25,-8.149222555077674,-1.4467657771916775,-1.1378927391910387,0.16610885653176885
2003-02-26,-4.943585906754223,-2.2515566320845264,0.6118080805408558,0.044649397304906316
2003-02-27,-0.16952112914095838,-0.5467332321074383,-1.7499413219373732,-1.6058118818341902
2003-02-28,-11.829962026728847,-1.7740592955273184,2.1176493552391573,1.487653999944457
2003-03-03,-2.8446332859207777,1.8491750499579054,-3.1505431810102786,-1.2293641630993528
2003-03-04,-5.633935062675005,1.4862227675495003,-0.9829876101402192,-0.050481604877336855
2003-03-05,-5.099224021318294,1.7459667184788563,-0.6493226629553223,0.6811500546529055
2003-03-06,6.740000336174955,1.2395074579831182,1.9029645075513342,-0.7548498860375351
2003-03-07,-10.983360304145577,3.989107341833333,0.8803701014670507,0.7539538694293103
2003-03-10,-6.7356334682630825,2.7714398383945307,-1.8459122751441355,-0.6748522691954186
2003-03-11,3.575013110352219,-2.4231536123141786,0.3179904315054572,-0.5189962815085176
2003-03-12,2.6134226957055264,-8.656248824301684,0.45886568546738704,0.9655986516568117
2003-03-13,28.330457935589266,-3.290399194086254,1.394465210187082,-1.0259860806215597
2003-03-14,-4.980048779441906,0.8845218168624176,0.4316473233808146,0.40689865202498393
2003-03-17,17.22364568070471,0.22036613929619264,1.1730562158514786,0.47874856904107654
2003-03-18,18.147359698476414,-1.6199975974803653,0.2806644629255713,-0.5028066708918593
2003-03-19,9.670823628057933,5.2936848552700235,1.3105645974509854,0.03444271471152417
2003-03-20,6.5381127251098725,-0.17368118773102567,-0.07881470796080257,-0.5685963355017944
2003-03-21,15.884395863452887,0.9395410235270112,2.812753007928662,0.45442074681590605
2003-03-24,-22.40130536234933,0.590753941919327,-2.7023789985162643,-0.36212574408569637
2003-03-25,-1.984672841809525,1.3292892687418627,0.23043695454872196,-0.48159405671059774
2003-03-26,-1.775211203207429,2.3686629518166047,-2.4832132866405385,0.23389915596109287
2003-03-27,-4.338722145647795,4.276941294905067,1.8925842973238962,-0.565651291139508
2003-03-28,-8.10297305857667,3.9639462190858845,-0.4172442671751577,0.6163559633439352
2003-03-31,-15.538033393534343,-3.0337173642675626,0.22987835895646697,0.03858914489873711
2003-04-01,-0.34826339486481406,0.30381614882611413,1.4270265667375317,0.8744082671377513
2003-04-02,20.017134007272027,-0.7480550545385766,-1.0099333684926757,-0.22349058915872702
2003-04-03,-3.447284450750874,4.241282530832271,0.804597773763834,-0.7083138763301239
2003-04-04,3.9498994873317805,3.1654871654217396,-0.5940413513318302,0.3724926353474261
2003-04-07,16.19487302049207,-4.766573687752713,0.6704530651678072,-0.8701206047171504
2003-04-08,-15.007508901990663,-1.442599937095025,0.5789773196153967,0.2935774044066877
2003-04-09,-5.547036143673268,2.4294828386368654,-0.0976123944382554,0.5141596472370804
2003-04-10,5.329798727084395,-2.0211396439992875,-2.069011399722904,0.5112146028748574
2003-04-11,9.185135108827994,-2.0962579733358817,1.110758367004001,0.3704920005279945
2003-04-14,10.560847798767576,-5.951511306513707,-0.3487776679130484,0.032570568033193095
2003-04-15,-9.25929406029178,2.5011982461398286,-1.9699493772468857,-1.411548607830902
2003-04-16,-5.181137318418056,-2.8175988186987984,3.1144295376219637,0.6446922393978394
2003-04-17,4.676711515940293,-3.7083706831592296,1.1809150965093251,0.10537438280959777
2003-04-18,0.008463258675469203,0.008413433824016088,0.005375095992527638,0.00011402241690169341
2003-04-21,3.772714171604285,0.32140850964321266,2.3152036604915547,-1.1818932320665512
2003-04-22,-1.4738650237015178,0.7309912398885279,0.3376391041513441,2.0422170576064707
2003-04-23,0.21872396936658722,-1.2411448729482761,1.9562862845565538,0.7671472719256274
2003-04-24,-16.232569099268108,2.0354355116096685,-1.349483318250545,-0.5331852573057324
2003-04-25,-5.994848266028242,3.1129989587948748,0.4540978740788118,0.3471692398212553
2003-04-28,2.5644001735788478,-1.5260499466250135,0.3250069687294153,-0.1020822936899852
2003-04-29,7.072823766466583,0.08606276319833078,0.25485023922409433,0.16303532402844784
2003-04-30,-16.831033714285233,3.0961695162407645,2.5902236230495768,0.46450842948572446
2003-05-01,-2.2188367757493856,1.7208055957314061,-1.9469370315975314,0.5435521485675302
2003-05-02,12.180511046460346,-1.65149052145651,0.9095479981719444,-0.518000708207556
2003-05-05,-4.084424534731918,-0.48251042345354295,-0.6717732136533674,0.7408794668566065
2003-05-06,-15.381780826871958,6.467228672727011,-2.602196585496643,-0.7902419877985715
2003-05-07,-15.823432445877108,-4.432607567465299,-7.3172715154848555,0.08530480650532832
2003-05-08,-0.3953119634547756,-2.8179638576043655,-3.9581833350316593,0.37262112348849674
2003-05-09,-3.3239226590614783,2.048464152972681,1.8701337466258243,-0.505921878935817
2003-05-12,-5.680184559176008,-3.9244892287280613,-1.7036360821561003,-0.5007287116895028
2003-05-13,0.3651899122156893,-0.28698928117815103,-1.4162763747524436,-0.8741802223039529
2003-05-14,-21.314338008294907,-6.504184051041883,2.5677762717105854,3.059251211900894
2003-05-15,1.9561489347484469,-9.012106387218362,3.724226195173628,0.08311503156926217
2003-05-16,-13.269469484510488,4.284907936192784,-1.7462884577167093,-0.5827853112990145
2003-05-19,-2.4605747372261857,2.4861368853603847,0.5711184389575769,0.666951590638177
2003-05-20,-13.549083842862364,-3.0232197229422018,0.020250513874332583,0.04365382400397394
2003-05-21,3.1481337370622913,-8.396504873372265,0.7925306326522727,1.6972303111869969
2003-05-22,-8.149222555077712,-1.4467657771916949,-1.1378927391910902,0.16610885653176619
2003-05-23,-1.1948651174479892,-5.459350488534417,2.6643058205095786,1.6081083976528134
2003-05-26,0.008463258675469203,0.008413433824016088,0.005375095992527638,0.00011402241690169341
2003-05-27,7.84231319386143,13.452759774696084,-1.3273165153940947,-0.3228096970687504
2003-05-28,5.732774877125667,3.0941696372761083,-2.7700143984519547,0.08716746496617553
2003-05-29,-15.18549328980714,-1.9977466030265225,-1.1763390983144448,-1.3123484998443797
2003-05-30,5.975311910691512,0.03990635780016899,-0.6235084392538697,0.015308059732624318
2003-06-02,9.3744630704541,3.311051101107917,3.138839622938282,-1.2456917500745839
2003-06-03,-19.597231339879777,5.880191203462063,0.3196805617486318,-0.20032850391617849
2003-06-04,-5.950811365803513,-0.39689445279151586,-4.061170825462442,0.8866667483086758
2003-06-05,9.981300785097188,-0.41242985600964677,-0.8317353453099146,-1.2900986368215237
2003-06-06,6.0903006027549225,0.5098349324269954,0.47289556055627946,-0.7355867429175872
2003-06-09,-15.578682816035064,1.433734560922578,0.06515161527047036,-0.07580500040347965
2003-06-10,-15.985845515889316,-2.350201244109553,0.7815886274735341,-0.12840126251708817
2003-06-11,3.2505627796866507,-3.9324558700157755,1.9352366728845025,-0.48359469153003226
2003-06-12,-7.20316226405372,1.265540502526612,-1.536098817683289,1.4269801781979072
2003-06-13,-7.352257806719516,-2.051869649712423,1.584174978248206,-1.4429417439807553
2003-06-16,11.859448193518812,-2.2032342655543027,-2.153201203676207,-0.05749575504381019
2003-06-17,18.258161840726732,0.18130445338967457,1.3925024762097171,-1.7303448735643143
2003-06-18,14.74623458517707,5.360836543318978,1.7696675857646862,0.1922993372178335
2003-06-19,-8.028633789013945,8.90132671890293,0.514432988948938,-0.24893298460846264
2003-06-20,8.383983810656817,-0.15978062457197073,-1.5958753369612226,1.5028992010182305
2003-06-23,-13.1096448201334,-1.0439888906138055,-0.5005917276945908,-0.7426425686247518
2003-06-24,-6.402010965882531,-0.6709368462373143,1.170534886281923,0.29457297770767493
2003-06-25,22.169295700045136,-5.108895726415978,-4.653859926779999,0.04682019580600734
2003-06-26,28.915605023259932,1.0486832768773484,2.433344615913933,0.6325360857431369
2003-06-27,2.8448136040197114,3.4931457226630256,3.2230294268915403,-0.6769813921558888
2003-06-30,-9.081309672475344,3.0563449120712685,-0.21463295931699675,0.19437729642019375
2003-07-01,3.5259905882255254,4.707045265362486,0.18413171476744872,-1.5866772268552851
2003-07-02,-1.8852142733688,-1.721571088900463,1.0695101298285392,1.5129773954706016
2003-07-03,15.724571199075688,6.26843785033353,1.5670562779065373,0.6142780041416316
2003-07-04,0.008463258675469203,0.008413433824016088,0.005375095992527638,0.00011402241690169341
2003-07-07,12.263223415649106,0.623143025874121,1.8103572273479207,-0.43000285611542916
2003-07-08,1.6813355783079014,-4.1531381350386605,1.3821254653414299,0.9938670915451758
2003-07-09,-3.969435842668563,-0.012581848826779833,0.42463078615679295,-0.010015335793547795
2003-07-10,-5.194496039946002,3.465453599877975,-1.5038298517091997,-0.8367779975060315
2003-07-11,-7.861235097099811,3.198614929456892,-2.9352997377302392,0.49295652127329836
2003-07-14,13.249933129173744,-1.1320026195978088,1.576877892541723,0.9452626108528962
2003-07-15,33.21038042773246,2.9527957798691533,5.092272141071854,-0.2944829092324002
2003-07-16,5.893398613591751,-4.5236591793774865,3.1402437613234166,-0.021149755522442193
2003-07-17,-0.6769002753433465,0.12588736736780926,3.0597068215906162,0.4331664570939756
2003-07-18,6.126763475442591,-2.6262435165200158,0.6530563177163927,-1.0978359976376633
2003-07-21,31.31171727378627,4.84311672323497,1.5072797586286328,0.6901970269620202
2003-07-22,-5.4278609017968895,1.5680379370204818,0.9833575918977948,0.23990824460912488
2003-07-23,-7.0278074760539475,-0.5425673920108264,-0.03307126313083915,-1.4783433339592402
2003-07-24,8.755482709912371,4.471301639560157,2.1720883234288384,1.9692847546890018
2003-07-25,3.969616160767419,5.354902621447614,-0.35214454027552555,-1.8963302194617275
2003-07-28,18.590985271018322,-0.9721402413951697,-0.25561179211747503,-0.8124596634983033
2003-07-29,18.436146228543237,0.7364511193212042,3.147818894139621,-0.12441896931324675
2003-07-30,-10.320343043379184,-0.6810366082053448,-2.6681472985647368,-1.9215251268468017
2003-07-31,27.152064238353184,-0.9590025964990692,-4.796975263842677,3.197998182561646
2003-08-01,-4.9814623036291925,-10.325015580848502,-0.13970841842314524,0.547689090537265
2003-08-04,-18.38971641394331,10.016581649577281,-2.354684176242457,-1.3316794791298907
2003-08-05,23.128714712597088,-8.679641865274379,-0.4338066159411077,2.789161754376018
2003-08-06,-23.23656351112286,-0.3202502869289126,-1.1923349067398115,-2.8505352684242147
2003-08-07,-7.116263345051991,2.208800573614012,-0.6507236019814027,1.9916214303122324
2003-08-08,-3.6168957389413303,1.023388912414333,-0.9815866711141538,-1.360952980536696
2003-08-11,18.091180152353004,-0.6733346045593567,-0.1413931052907662,2.1282654386373925
2003-08-12,-5.805520304402107,8.520308033238747,2.4821791300130567,-1.2690145107813535
2003-08-13,34.090474548819785,-1.935025392716032,3.7315207795074143,2.784964160430673
2003-08-14,-3.4893473974388938,-2.500802941688453,0.06851528827379176,-0.681917583120094
2003-08-15,-0.4393488636795048,0.6919295539820252,0.5570853645095947,-0.16687638499892335
2003-08-18,-8.223561824640374,-6.384146277008711,-2.0695699953151196,1.031397804484199
2003-08-19,-18.18086922743948,-2.4425140549059092,-0.9751287294823993,-0.4238557911088251
2003-08-20,10.040909003126224,-1.2847702783087782,4.507172516037111,0.6416187068945505
2003-08-21,20.003959905734565,-10.252404013366933,3.129574359878803,-1.4610903138761293
2003-08-22,-6.694984045762319,-1.6960120867956139,-1.6811855314580786,-0.5604581238932572
2003-08-25,7.735083149325668,-3.1783851399751684,1.6386171457969694,1.5737023809752868
2003-08-26,-5.851769800903223,3.1095960369611144,1.7615306579971695,-1.7192616175935314
2003-08-27,9.435246169930863,-5.524336215451279,-1.4381651304992245,1.2003793585019087
2003-08-28,-21.759978728555236,3.9831734199619104,-1.24144202457311,-1.334675687250187
2003-08-29,2.9849215949611456,-4.025166560169508,4.226829345857426,1.4319842053275291
2003-09-01,0.008463258675469203,0.008413433824016088,0.005375095992527638,0.00011402241690169341
2003-09-02,25.710767447025457,-0.4354578580767776,5.348205225935179,0.8055355818070536
2003-09-03,-1.2165969386020468,3.4864488825286752,-1.9230855418734591,-0.8266486392956159
2003-09-04,-15.829592949226868,7.150744792885069,-2.050486316979599,-0.9572323952144504
2003-09-05,-33.520677266672806,8.095639704031436,-2.87748595242971,-0.2873212944898262
2003-09-08,8.585871421721961,1.2534080211422416,0.3859038785508807,1.3166456504824946
2003-09-09,-6.172832653844709,2.557852292863363,-1.3012185438510415,-1.2587566644298092
2003-09-10,-16.228382549455137,0.7040620353663982,-1.364917331724536,-0.05654185728350442
2003-09-11,12.481058153877198,-1.000230243537631,-0.9341610407894028,1.2387771566007555
2003-09-12,-12.460744158802262,1.9746156247894684,-3.735084210452879,-0.813445748581783
2003-09-15,-1.6014133652039064,4.255183093991337,-0.7124628552365716,1.3631816601899336
2003-09-16,0.09954872749019933,-0.3796999713318374,0.8753162982204169,1.0413986745535488
2003-09-17,-11.729745580380772,-6.230615700034766,-1.9755617760857358,-0.6039206010973216
2003-09-18,2.0703385547228836,-6.253245822744499,0.15606876523052962,-0.7193198079179778
2003-09-19,-0.3706096681171711,-4.248853867668724,0.932840892303809,-1.3680182944613397
2003-09-22,11.183871283313351,6.461030113213972,1.4416182367777333,1.1880530411654857
2003-09-23,-5.419487802170847,-1.094709015465967,0.9524895649497526,1.193195044653742
2003-09-24,-11.647033211192078,-3.955982152704205,-1.0747525469097272,-0.5159227490051994
2003-09-25,-3.7037946579430434,0.08012884132697919,-1.8669618868161029,-1.9255942326510807
2003-09-26,-14.798047263388453,-0.40322625402023354,-2.134672921573848,1.009070617078332
2003-09-29,7.036360893778852,3.2221412121452735,0.07468948206401405,0.5252845787485189
2003-09-30,-23.177754365182828,1.0963412806189763,-0.5179884751460252,-0.9703579615452632
2003-10-01,-2.78502506789179,0.9768346276587723,2.188364680336709,0.7023531806167151
2003-10-02,9.7941854197474,3.100866477410447,2.3761005703130293,0.2368347121058703
2003-10-03,35.394818443380345,-3.212749864711936,1.6439403534186476,-0.8630647790100522
2003-10-06,-8.633497550120369,2.372828791913259,-0.766343227834064,0.3613677038360186
2003-10-07,17.104470438828308,1.0818110409125645,0.09208622951541366,0.7529999716689996
2003-10-08,0.3245404897150291,4.180462644012058,-1.5810031184384727,-0.9885743676061649
2003-10-09,7.048920543217911,-0.7719792165843832,0.02838744164191189,1.9552147788153984
2003-10-10,-4.956145556193236,1.7425637966451528,0.6581101209629876,-1.3852808027619088
2003-10-13,0.008463258675469203,0.008413433824016088,0.005375095992527638,0.00011402241690169341
2003-10-14,15.032808518967645,-1.2033201477433724,-0.5990951545784728,0.659937440471644
2003-10-15,10.286833514416028,-3.3814750441809904,1.9736830320079168,0.9948626648461372
2003-10-16,15.38812164832053,-12.708260260456504,-2.592102367127344,-0.07356636573690566
2003-10-17,-11.600783714691,1.4547298435733704,-0.35410407489379236,-0.0656756421929942
2003-10-20,-1.774412131118432,0.07973096196958017,2.1813481431127237,0.28543919279815383
2003-10-21,-3.160710516960322,-2.3228741602300906,-1.5641649665793407,-0.24067577307634594
2003-10-22,-15.79313007653919,4.014666343938064,-1.8703255598195074,-1.3194816499344644
2003-10-23,8.823422833385795,1.8194502077564927,-2.116717578530218,0.7166028083895031
2003-10-24,-19.104583245211117,-0.6021503181293985,-0.08273697655638827,0.5576994488242125
2003-10-27,12.18469759627334,-2.9828639976997287,0.8941139846978694,-0.04135730818532631
2003-10-28,-16.0671443608907,6.584702606270819,0.45213514010149924,-0.3571895531214586
2003-10-29,15.151983760844026,-2.064765049359776,0.48187483175758683,0.3856860378436298
2003-10-30,11.325536224251106,-4.751910206330678,2.1776952788921373,-0.7375873777369292
2003-10-31,-5.38721147929618,-2.8994139881697247,1.148084335583863,0.35430238991134366
2003-11-03,10.817358005959736,-1.7903576170084003,2.3227819926669,1.249850924354146
2003-11-04,-10.23344412437746,0.26222346288199433,-1.7827720828627998,-1.3568838747324132
2003-11-05,12.42224900793721,-2.416821811085439,-1.6085074723831878,-0.6414001502782561
2003-11-06,13.60665978271398,-1.4274053345999487,0.15522642179677937,0.07096836613207017
2003-11-07,5.650861580025953,-1.4693958999014833,0.9937378021252622,0.050709649711144014
2003-11-10,3.0080257461208046,-0.8781925905398151,-0.2112692863135919,-0.4117352862964226
2003-11-11,0.008463258675469203,0.008413433824016088,0.005375095992527638,0.00011402241690169341
2003-11-12,-7.5822351908463075,-2.991726798966043,-0.6086330213720286,0.05884786131966714
2003-11-13,-26.740117667046587,2.196534850513951,-0.8460378241330306,0.025395742402386023
2003-11-14,-14.81060691282753,3.590894174709398,-2.088370881151693,-0.4208595829884296
2003-11-17,-8.510135758430934,0.1800104140536855,0.2991927450279773,0.5637597012303286
2003-11-18,-0.07006256070020947,-3.597593589749753,-0.9108681466575412,0.3887595703470418
2003-11-19,14.493910927797893,-0.131690622429552,-0.9173260882892351,-0.5483376190808046
2003-11-20,-14.568069879261683,0.536630895233438,0.058135078046401334,-0.49271898822203936
2003-11-21,-0.846511563533795,-3.0920062510501634,1.2735223767127057,-0.21947264711250392
2003-11-24,16.49123357809597,-2.783939933590558,-1.1578219603195126,0.41001386006890406
2003-11-25,-7.507895921283636,1.9456537008509178,0.32304423475208777,-0.8064410866327318
2003-11-26,12.06970890420993,-3.4527925723265542,-0.20229001511227906,0.7095374944648851
2003-11-27,0.008463258675469203,0.008413433824016088,0.005375095992527638,0.00011402241690169341
2003-11-28,16.372857408308498,-4.211427021821219,2.425769483097609,0.735805299533911
2003-12-01,12.624136619002329,-1.0036331653713002,0.37327174312895184,-0.8276537008139607
2003-12-02,-6.3192985966938435,1.6036967010932415,2.0713441154579533,0.382570829799735
2003-12-03,5.527499788336538,0.7234224779581783,-0.07179817073680249,-0.1516823476832007
2003-12-04,-5.633935062675033,1.4862227675494277,-0.9829876101401838,-0.05048160487730558
2003-12-05,-29.871415045807296,7.938706205223872,-1.664061387740801,-0.7184337463231211
2003-12-08,11.379359748289108,0.2849868273074148,-1.797085705793307,0.6144064922826697
2003-12-09,5.77003682190237,-2.3308408015178492,2.074707788461364,-0.22354175291680892
2003-12-10,-4.331148118110791,3.90312633226568,-2.8028451593774886,0.33609547206791984
2003-12-11,-10.904834484769928,7.59511436540703,1.7966133441171552,0.365308321499201
2003-12-12,-0.7273363216573282,-3.9534511526664873,2.3544923630487475,-0.4937240497404804
2003-12-15,5.001161846605836,-2.1990684254576234,-0.4363311448697446,0.06997279283113808
2003-12-16,-7.627071163159989,2.8070986024673323,-0.7579257515840369,-0.5321896840048322
2003-12-17,-7.458873399156893,-5.184545176825705,0.4569029514900362,0.2612398587140117
2003-12-18,-3.9245998703548954,-5.811407250260182,0.5739235163687746,0.5810222095309232
2003-12-19,-1.9888593916225026,2.660662744985128,0.24587096802273425,-0.9582374567328876
2003-12-22,5.083874215794494,0.07556512187289939,0.4644780843062226,0.1579706449231992
2003-12-23,20.02550710689801,-3.410802007025014,-1.0408013954407458,0.7297962108858804
2003-12-24,-17.93691866968629,5.712760063329036,1.742732971519681,-0.6365056348547059
2003-12-25,0.008463258675469203,0.008413433824016088,0.005375095992527638,0.00011402241690169341
2003-12-26,-3.7318844310047403,0.5534603377875068,-2.077990670924303,-0.6100581778864844
2003-12-29,10.250370641728368,-0.24539659523403476,1.7935222748478905,1.3571119195662475
2003-12-30,6.588548771423918,3.90565733230334,0.6263997505810336,0.35829417133266644
2003-12-31,-2.519383883166259,1.069545317812495,-0.1032279926361897,-1.2132257162408726
2004-01-01,0.008463258675469203,0.008413433824016088,0.005375095992527638,0.00011402241690169341
2004-01-02,19.66459390354471,-1.7840258157797055,0.39628408877831894,1.127447055584467
2004-01-05,2.8615598032717653,-1.8323481823098713,3.161293372995373,1.2295922079331625
2004-01-06,-19.53766431603242,5.891086724144759,-3.9382573132622785,-2.4062972502601134
2004-01-07,-3.398261928624178,-2.8889163468443737,0.9384564905017528,0.35936706901655463
2004-01-08,-0.9937765784718295,-1.7572298529732164,-0.018476393731582795,1.3703148102799618
2004-01-09,-29.514688392267118,7.643303490221669,-3.085712858485734,-1.5927279910438885
2004-01-12,-1.4415887008268036,-1.073713732815207,0.5332338747854843,1.2033244028641368
2004-01-13,-9.259294060291804,2.501198246139817,-1.9699493772469003,-1.4115486078309345
2004-01-14,-4.578486153587985,-5.209706299573155,-0.8407114171521727,0.1236419526286364
2004-01-15,-0.9334104825354435,-4.03526632213747,0.3881471610107331,-0.784113899226942
2004-01-16,7.845885291576035,-1.3770830891051251,2.750455159081154,0.34616417830283863
2004-01-19,0.008463258675469203,0.008413433824016088,0.005375095992527638,0.00011402241690169341
2004-01-20,5.043224793293858,4.54301704706312,0.29975134062020836,0.04357649962101953
2004-01-21,-4.614949026275651,-2.0736278506261643,-1.0208721743122764,0.4858912073486542
2004-01-22,-9.694546533207719,-0.8094060624318306,-1.4645411491519356,-0.1486088151798796
2004-01-23,15.88439586345284,0.9395410235269881,2.812753007928632,0.4544207468158412
2004-01-26,12.144048173772639,1.484587927490445,0.729387241011879,-0.15575145348745248
2004-01-27,-10.499085309102938,0.1695127727283341,0.5088205901100877,0.5586950221251173
2004-01-28,24.163230872619092,-8.718703551180928,-0.21436035558287503,0.5800683117705366
2004-01-29,0.012649808488476424,-1.3229600424191763,-0.010058917481519962,0.4767574224391604
2004-01-30,-8.69230669606037,0.9562372243654441,-1.4406896594278853,-1.5188096030429634
2004-02-02,2.080125178536167,2.2935446224799287,0.6965564800864263,0.09317655361423512
2004-02-03,-9.168208591477027,2.1130848409839866,-1.1000081750189816,-0.37026395569422227
2004-02-04,3.661912029353941,-1.479893541226819,1.2033656472073848,0.0456449706059291
2004-02-05,9.185135108827966,-2.096257973335954,1.1107583670040369,0.3704920005280256
2004-02-06,-15.135057243493069,2.081591917007834,-0.47112463977258456,-0.38545799300994454
2004-02-09,-5.181936390507053,-0.5286668288517741,-1.5501318921312985,0.5931522025607782
2004-02-10,8.535435375407907,-2.8259304988920677,-0.31931057999104184,0.38975514364799974
2004-02-11,-14.814793462640557,4.92226765095262,-2.072936867677621,-0.8975029830106953
2004-02-12,7.603348258010254,1.6771801903708832,0.6039491998830363,0.41802358353639485
2004-02-13,-9.168208591477027,2.1130848409839866,-1.1000081750189816,-0.37026395569422227
2004-02-16,0.008463258675469203,0.008413433824016088,0.005375095992527638,0.00011402241690169341
2004-02-17,0.12763850055189635,-0.853031467792365,1.086345082328617,-0.2741373802110473
2004-02-18,1.4668883178037762,-1.5722063520231755,-0.5533517097485487,-0.24980955798580864
2004-02-19,-2.7808385180787476,-0.3545388485844448,2.1729306668626736,1.1789965806389515
2004-02-20,10.516011826453877,-0.15268590508030194,-0.4980703981250325,-0.5584669772913139
2004-02-23,-7.278717609245774,5.1744428399516735,-2.1487091953809334,-2.359770728770185
2004-02-24,-3.869977274227824,-3.063442206469079,1.2637039614366374,1.9845561163876806
2004-02-25,-5.4194878021708695,-1.0947090154659995,0.952489564949747,1.1931950446536512
2004-02-26,5.527499788336538,0.7234224779581783,-0.07179817073680249,-0.1516823476832007
2004-02-27,-6.317741646697489,-2.0909313356188988,1.8036212386064836,-3.65203518658612
2004-03-01,-1.5846671659518856,-1.0703108109815154,-0.7741989091328407,3.2697552602789184
2004-03-02,12.298887216247739,-0.224003433225924,-2.6740434452451813,-0.8437921476725386
2004-03-03,0.4289846800577673,-2.490703179720478,3.9071974731205374,1.5341805214344162
2004-03-04,-5.625561963048971,-1.1765241849369148,-1.013855637088339,0.902805195167188
2004-03-05,-32.683862167902895,5.3120158961675275,-4.655252921057605,-1.8335177865371897
2004-03-08,-11.68768263369276,0.5114697724859935,-1.239479290595771,-0.6303168943074441
2004-03-09,-7.376960102057169,-0.6209796396481074,-3.306849249087202,0.29769767396910546
2004-03-10,2.6877619652682903,-3.718868324484581,1.3905429415914352,0.10030970370438662
2004-03-11,1.450142118551772,3.7532875529497023,-0.4916156558523329,-2.1563831580749118
2004-03-12,4.4929836283144615,0.7624841638646117,-0.2912444310950203,2.057411094922188
2004-03-15,1.0232627452618444,-2.220063708108383,-0.017075454705517273,0.05984343462060279
2004-03-16,-14.235246448970106,-0.6168137995513707,-1.5899791902807876,0.42516622184402636
2004-03-17,2.4452249317024455,-0.6646050450086418,-0.7559630176066497,0.17216910893793783
2004-03-18,8.728949886846998,1.2500050993085272,1.6933366624691761,-0.749785206932352
2004-03-19,5.170773134796255,1.0188251929602763,1.3498533000082016,0.7226118970376489
2004-03-22,-10.58598422810465,-0.7737472983590197,-0.3765546255918617,-0.005946229989267065
2004-03-23,-0.9698733552231985,-0.8991878731905386,0.20798640385063802,-0.4218646445069032
2004-03-24,-1.4499618004528378,1.5890332196712076,0.564101901733604,0.250037602819612
2004-03-25,3.9821758102064946,1.3607821927180044,-0.39844658069769,-0.46640001939490777
2004-03-26,17.34700747239415,-1.9724522385634564,2.2385921887135587,0.6811405664354536
2004-03-29,10.040109931037218,1.0041617115382613,-0.15738891371613817,0.5900786700574859
2004-03-30,0.008463258675469203,0.008413433824016088,0.005375095992527638,0.00011402241690169341
2004-03-31,-8.716209919309089,0.09819524458268583,-1.6671524570100882,0.27336985174386375
2004-04-01,12.409689358498182,1.5772986176441939,-1.562205431960993,-2.0713303503450113
2004-04-02,43.327512494908675,-6.317733269040186,5.243527605261169,1.0009134290348942
2004-04-05,14.34325843513579,0.24552726204357606,2.470670584493759,0.6163464751264532
2004-04-06,-8.161782204516701,2.5473546515379963,-1.091590698768943,-1.2638213435350165
2004-04-07,0.8999009535724001,-0.02724533024879472,-1.0826114275675467,-0.1425485627737106
2004-04-08,2.7704743344569778,-1.4442347771540258,2.291352170767466,0.18830755579644667
2004-04-09,0.008463258675469203,0.008413433824016088,0.005375095992527638,0.00011402241690169341
2004-04-12,6.629198193924601,-0.5617945928868582,0.7911264942670774,0.4726883166349109
2004-04-13,18.686257289646047,-2.691627122794282,0.5988953966364386,0.7054683886606041
2004-04-14,12.438995207189233,-7.742315716058369,-1.6702435262793383,1.2651734498109428
2004-04-15,3.402628796536092,6.899863643222038,-0.881404258094583,-1.7890692242496533
2004-04-16,-10.063832836187023,3.480117081299963,0.0034123620152128136,-0.7042447705258483
2004-04-19,5.4447874191477945,-1.551211069372406,-0.9726073999128411,-0.23968019977538801
2004-04-20,6.5142095018612025,-1.0317231675137604,-0.3052775055429755,1.2235831192850979
2004-04-21,10.3870499607642,-7.838031448688374,-2.119528099317007,-1.0967119361956004
2004-04-22,-10.507458408728981,2.8322597252147648,0.53968861705822,-0.394591777919411
2004-04-23,19.527258938228982,-6.8066244069013955,-1.1943055854655413,-0.36408470336443477
2004-04-26,-2.958822905895234,-0.909685514515886,0.4176142489327458,-0.4269293236121506
2004-04-27,-7.987984366513289,4.433874793712637,0.6791597326350266,-0.13453883930624544
2004-04-28,14.05865845488197,-3.4422949310011655,-0.4119178601943484,0.7146021735701577
2004-04-29,8.737322986473032,-1.412741853177888,1.6624686355210563,0.20350159311217286
2004-04-30,-4.980048779441897,0.8845218168624234,0.4316473233807929,0.406898652025046
2004-05-03,2.2391507708243346,-0.7464202144795422,-2.7223082196447237,-0.11822074054852906
2004-05-04,4.179876871458577,4.1053443146753805,1.5987666482884528,-1.129296969953029
2004-05-05,6.83527235480275,-0.4799794234159196,2.7574716963051933,0.7630781661214392
2004-05-06,3.8797467675821076,-3.1032668106385377,-1.541152620929974,1.7144249833220637
2004-05-07,36.371741533091665,-13.514685955408348,0.869973303756601,-0.30029567357391296
2004-05-10,-0.3847262675524908,3.4398945977731206,1.24686580957744,1.2366575218577653
2004-05-11,-2.0673852109982453,-0.945344278588689,-0.6703722746273112,-0.5695919088026941
2004-05-12,5.495223465461859,2.5281274506618887,-0.2673929413709307,0.6872103070591108
2004-05-13,7.905452315423416,-1.36618756842236,-1.507482715929771,-1.8598045680411883
2004-05-14,-12.734758443153776,4.544651887122141,-1.4126235105318128,0.14884634823122778
2004-05-17,-16.557019429933707,0.5261332539080352,0.26776292312859534,-0.4977836673272522
2004-05-18,9.307697828428447,-2.0001443613485215,-2.4882670898871937,0.5213439610853144
2004-05-19,7.8458852915760895,-1.3770830891050618,2.7504551590811426,0.3461641783027818
2004-05-20,-12.579120328589756,0.5471285365587563,-0.151492767035673,-0.4876543091167786
2004-05-21,7.643997680511011,-2.7902717348192816,0.7686759435690442,0.5324177288385901
2004-05-24,-1.536860719454586,0.6457731485838785,-0.321273313968357,-0.3146036492947505
2004-05-25,-3.402448478437138,-1.5575428706011587,0.95389050397583,-0.11727633100563926
2004-05-26,-12.163584529109432,1.6683173891045306,-0.8987978061869039,0.5182287530413269
2004-05-27,-10.804618038421824,3.138557960899655,-2.2965977872077734,-1.726266279542609
2004-05-28,9.407955468958157,-7.339936708837836,3.0153675151458894,2.5674554501036293
2004-05-31,0.008463258675469203,0.008413433824016088,0.005375095992527638,0.00011402241690169341
2004-06-01,10.84464870693246,0.025242876378127457,-2.1307506529782367,-0.11722516724756749
2004-06-02,7.552912211696222,-2.402158329663455,-0.10126525865877299,-0.5088669232980371
2004-06-03,-4.060521311483287,0.3755315563291347,-0.4453104160711465,-1.0512999879302587
2004-06-04,13.606659782713999,-1.4274053345999789,0.1552264217967545,0.07096836613207771
2004-06-07,-4.235077027394072,-0.10529253898043604,2.716223459129678,1.9055635610639463
2004-06-08,4.589013524849583,-2.36269876439956,-4.369021548945887,-0.510806906141848
2004-06-09,7.648184230323954,-4.121645211062522,0.7532419300950203,1.009061128860902
2004-06-10,-1.0806754974736295,-2.7004899240606504,-0.9038516094335137,0.8056735581655398
2004-06-11,0.008463258675469203,0.008413433824016088,0.005375095992527638,0.00011402241690169341
2004-06-14,20.18453269918611,-6.450766843984592,-4.459666095171901,0.518398916723086
2004-06-15,-36.66514874697091,4.333462099913011,0.4439982123339746,-2.268750507932846
2004-06-16,9.19350820845399,-4.759004925822355,1.0798903400559294,1.3237788005725468
2004-06-17,-6.40201096588252,-0.6709368462373503,1.17053488628192,0.2945729777076202
2004-06-18,3.324102977160339,3.2938566196482366,-1.7976475007446164,-1.4004236763194633
2004-06-21,-3.640798962189948,0.16534693263168218,-1.2080494686963474,0.4312264742501979
2004-06-22,2.527937300891116,1.610028502321929,0.144846211569335,0.260166961030086
2004-06-23,-3.434724801311823,0.247162102102649,0.7582957333416545,0.7216163237366634
2004-06-24,-7.713970082161692,1.8638385313799628,-1.6433009672859986,-1.096830936119214
2004-06-25,-1.3224134589504408,-1.9351586344316365,1.614203861121597,0.9290730002362413
2004-06-28,21.031933493858297,-2.976532196471006,-1.0323839191906885,-0.16376117695501236
2004-06-29,-9.575371291331306,-1.670850964048217,-0.3835711628158831,-0.42286021780779903
2004-06-30,-17.612468339020758,7.222062321030616,0.12548673014058445,-0.6719072248331943
2004-07-01,-11.953323818418266,0.4187590823322607,1.052113382377152,1.2852620025501176
2004-07-02,-18.253794972814834,3.8296428429880467,-1.3354502438025537,0.3006427183313284
2004-07-05,0.008463258675469203,0.008413433824016088,0.005375095992527638,0.00011402241690169341
2004-07-06,4.01445213308116,-0.4439227799857326,-0.20285181006358896,-1.305292674137248
2004-07-07,1.6687759288688995,-0.1590177063089953,1.4284275057635494,-0.43606310852163543
2004-07-08,-2.0996615338729447,0.8593606941150517,-0.8659670452614149,0.26930074593960995
2004-07-09,-0.9979631282848862,-0.4258563767300664,-0.0030423802574752416,0.893671410257727
2004-07-12,-5.835023601651154,-2.215897868011716,1.6997946041009302,0.18731198249551842
2004-07-13,7.968448011176541,-1.2809694771177025,-0.8485702978100522,0.49701613886010165
2004-07-14,4.2561900945580184,-1.2092540696147238,-2.7209072806186705,-1.4286921162078845
2004-07-15,-0.30761397236409066,-4.163635776364027,1.591753310423528,0.9888024124399684
2004-07-16,-20.864354483845297,2.616141179645907,-2.3448625616072327,-1.000694872418541
2004-07-19,1.4668883178037762,-1.5722063520231755,-0.5533517097485487,-0.24980955798580864
2004-07-20,17.268481653018462,-5.5784592621372315,1.3223489460635114,1.0697861143655312
2004-07-21,8.316801565090742,1.0863747603665719,-2.2393537416068763,-1.3305649059052491
2004-07-22,-2.963009455708194,0.42168796172732936,0.4330482624068229,-0.903572723634344
2004-07-23,-4.0521482118572925,-2.2872153961573374,-0.47617844301921863,-0.098013187885706
2004-07-26,7.0853834159055955,-3.9080576655313486,0.20854819880196251,1.5929655240952625
2004-07-27,23.502385013947322,5.755281749703586,-1.026771520351835,-0.971389183688556
2004-07-28,-4.005898715356241,3.1234966001202467,0.24447002899669204,0.3522339189265249
2004-07-29,-5.213413641292744,-1.0128938459950325,2.9188347669877492,1.4835848941401164
2004-07-30,-16.200292776393457,0.23073053890586426,-1.153888547616373,-1.372077912048071
2004-08-02,-5.863113374712778,-1.7425663715511748,1.488765819992784,1.5028480372601536
2004-08-03,-3.045721824896937,-1.852945585603255,-0.4677609667692155,-0.9915705757265314
2004-08-04,-0.5543375557428899,0.22200097935518942,-0.5393186353005301,0.5840184176512622
2004-08-05,-3.969435842668597,-0.01258184882677628,0.4246307861567903,-0.010015335793583878
2004-08-06,-38.398387162539755,10.773050137939968,-1.3393757117572567,-1.1080748675541914
2004-08-09,8.087623253052968,-2.1424143787340832,0.232399688526037,0.22276473623215265
2004-08-10,11.452285493664489,-5.987170070586488,-1.4367641914730989,-0.1100920171574266
2004-08-11,-2.515197333353257,-0.26182815843071794,-0.11866200611028596,-0.7365823162185803
2004-08-12,-4.298871795236091,2.098421359561878,-2.6072503887432767,-0.5027971826744125
2004-08-13,-10.379910067226525,-0.6919321288880529,1.5897905764461409,0.28444361949719793
2004-08-16,6.514209501861182,-1.0317231675137302,-0.3052775055429511,1.2235831192850906
2004-08-17,-9.17658169110305,4.775831793470386,-1.0691401480708742,-1.3235507557387436
2004-08-18,1.3162358251417203,-1.1949884675500242,2.8346449630344757,0.9148745362215142
2004-08-19,-0.7687848162471019,2.8029327623705935,-2.474795810390491,-0.6596582318797598
2004-08-20,4.109724151708905,-2.163409661384813,0.6516553786903299,0.21263537802175037
2004-08-23,6.633384743737643,-1.8931680691300747,0.7756924807930419,0.9493317166571477
2004-08-24,0.008463258675469203,0.008413433824016088,0.005375095992527638,0.00011402241690169341
2004-08-25,-1.5003978467669414,-2.4903053003631443,-0.14111255680825882,-0.6768529040148592
2004-08-26,-7.055897249115635,-0.0692358955503137,-0.24410004723905127,-0.16280727919464066
2004-08-27,1.1059751144505878,0.05456983922220111,0.8837337744705213,0.14784128671279012
2004-08-30,-5.597472189987288,-1.649855681397448,-0.8028268529801755,-0.41273085959737843
2004-08-31,-12.488034859775,0.15901513140289314,0.71844843519224,0.553630343019843
2004-09-01,-0.5543375557429149,0.2220009793551989,-0.5393186353005543,0.584018417651288
2004-09-02,13.154661110546026,0.5874842618013254,0.722370703787858,-0.5726654413060448
2004-09-03,21.931744288381232,-5.674937913030305,-2.1512384696988467,0.6468630378989314
2004-09-06,0.008463258675469203,0.008413433824016088,0.005375095992527638,0.00011402241690169341
2004-09-07,-7.4995228216575915,-0.7170932516355121,0.2921762078039559,0.14684571341179672
2004-09-08,-15.015882001616667,1.220147015391462,0.6098453465634804,-0.6597093956378681
2004-09-09,4.040984956146559,2.7773737602658883,0.2758998508960979,1.4137772874840795
2004-09-10,-3.0457218248969293,-1.8529455856032897,-0.46776096676913836,-0.991570575726439
2004-09-13,-4.0521482118572925,-2.2872153961573374,-0.47617844301921863,-0.098013187885706
2004-09-14,-4.001712165543188,1.7921231238770148,0.22903601552264433,0.8288773189487652
2004-09-15,6.985924847464803,-0.8571973078890159,-0.6305249764778599,-0.40160592808600926
2004-09-16,-18.09397030843771,-1.4992539838185484,-0.08975351378043288,0.14078546100562728
2004-09-17,12.398345784688491,-3.274863790868178,-1.8349702699653998,1.1507793045086296
2004-09-20,-13.026932450944633,1.2306446567168303,0.40021750148136337,-0.6546447165325621
2004-09-21,0.2824775430269797,-2.5616228285087392,-2.3170856039284797,-0.9621780743961038
2004-09-22,-6.004634889841612,-5.433791486429674,-0.08638984077696804,-0.4653271217109648
2004-09-23,5.576522310463225,-6.406776399718452,0.06206054600112857,0.9159985976634742
2004-09-24,5.448973968960855,-2.8825845456156722,-0.9880414133868118,0.23696320024694464
2004-09-27,-6.5211862077589675,0.19050805537906138,0.08956489994585519,0.5688243803355616
2004-09-28,0.8508784314456962,7.102953547427885,-1.2164701443055428,-1.2102295081204817
2004-09-29,15.143610661218,0.5979819031266038,0.5127428587057836,-0.5676007622008022
2004-09-30,3.605732483230572,-0.5332305483057733,0.7813080789910091,2.6767170801350955
2004-10-01,11.120875587560294,6.375812021909307,0.7827058186580201,-1.168767665735732
2004-10-04,-1.0525857244118706,-3.173821420521088,-0.6928228253253561,-0.5098624965989931
2004-10-05,-0.5262477826812654,-0.25133051710535176,-0.3282898511923841,-0.731517637113373
2004-10-06,8.860684778162469,-3.6055602310375163,2.7280046083831264,0.4058935905066085
2004-10-07,5.408324546460089,1.5848673795745267,-1.1527681570728971,0.1225690549446573
2004-10-08,-23.114758669429733,1.1815593719236779,0.14092394297372976,1.3864627453560154
2004-10-11,0.008463258675469203,0.008413433824016088,0.005375095992527638,0.00011402241690169341
2004-10-12,-7.416810452468896,1.5575402956950493,1.192985436979965,0.23484356550391905
2004-10-13,-3.296631958088788,3.864064646359193,-2.583398899019226,-1.872997970537478
2004-10-14,-11.033796350459653,-0.09023117820108342,0.17515564292524116,-0.17293663740506127
2004-10-15,6.756746535427038,-4.085986446989706,1.8412284536551309,1.1517237140514847
2004-10-18,0.9040875033854172,-1.3586188064920022,-1.0980454410416065,0.33409483724855177
2004-10-19,1.0232627452618193,-2.2200637081083734,-0.017075454705541476,0.059843434620628716
2004-10-20,-11.029609800646693,-1.4216046544442986,0.15972162945116392,0.3037067626171327
2004-10-21,3.044488618808536,-4.014271039486758,-0.031108529153511554,-0.7739845410164938
2004-10-22,-1.7793977530203833,3.7000364280598808,-2.4677792731665114,-0.24274424406116463
2004-10-25,-1.980486291996498,-0.002084207501359653,0.21500294107464987,-0.004950656688331639
2004-10-26,2.0843117283491592,0.9621711462367306,0.6811224666123422,0.5698199536365234
2004-10-27,19.569321884917027,-0.0645389343805976,-0.4582230999755343,-0.39048099657449553
2004-10-28,-6.758737619422799,-0.37553413123517054,2.5921863570268644,1.1688672224284644
2004-10-29,-7.4995228216575915,-0.7170932516355121,0.2921762078039559,0.14684571341179672
2004-11-01,11.0507228678106,0.10705804584908116,-0.16440545094010894,0.17316468223895723
2004-11-02,-2.543287106414929,0.21150333802980012,-0.3296907902184618,0.5789537385459897
2004-11-03,-0.40707254080479066,-1.1127754187217098,0.7526801351437348,-1.005769039741257
2004-11-04,2.568586723391815,-2.857423422868263,0.3095729552554153,0.37456110633230105
2004-11-05,25.81855792091058,-5.26582922522359,-3.4404353620910704,-0.38429225602723127
2004-11-08,0.09954872749019933,-0.3796999713318374,0.8753162982204169,1.0413986745535488
2004-11-09,2.90856717768004,2.1726677671024532,-1.0503424615933616,-2.406306738477595
2004-11-10,5.527499788336563,0.7234224779581689,-0.07179817073677829,-0.1516823476832267
2004-11-11,0.008463258675469203,0.008413433824016088,0.005375095992527638,0.00011402241690169341
2004-11-12,-6.5548760548209355,-9.214324369628129,-0.6773856124922416,1.5485074735902122
2004-11-15,2.2391507708243545,-0.7464202144795724,-2.722308219644748,-0.11822074054852162
2004-11-16,2.2399498429132785,-3.03535220432665,1.9422532101085594,-0.06668070371146932
2004-11-17,-14.591973102510387,-0.3214110845492936,-0.16832771953577447,1.299460466564817
2004-11-18,-1.3812226048904523,-3.3517502019794354,0.9398574295277883,-0.9511043066427448
2004-11-19,16.487047028282905,-1.45256645734743,-1.1423879468454543,-0.06662953995329776
2004-11-22,-3.398261928624178,-2.8889163468443737,0.9384564905017528,0.35936706901655463
2004-11-23,3.012212295933859,-2.209566066782984,-0.22670329978760995,0.06490811372590118
2004-11-24,3.5750131103521707,-2.423153612314181,0.31799043150541817,-0.5189962815085243
2004-11-25,0.008463258675469203,0.008413433824016088,0.005375095992527638,0.00011402241690169341
2004-11-26,6.949461974777204,2.278881141057968,-0.8106857336379584,-0.03935667336591914
2004-11-29,15.641858829886996,3.993804303002949,0.6662470487305377,0.5262801520494508
2004-11-30,0.6133270197818972,6.53691136081361,1.2861513127755682,-0.6101866660275124
2004-12-01,1.073698791575816,1.8592748119259284,0.6881390038363638,0.9867339414550551
2004-12-02,5.440600869334835,-0.2198375931291908,-0.9571733864387639,-0.7163235997975816
2004-12-03,-24.623619774872193,-1.3171593622635265,-0.005563709827135752,0.7094958189242225
2004-12-06,-4.499960334212209,-1.6036992759993205,0.0755318254978659,-0.26500359530146267
2004-12-07,0.4885517039051574,-2.479807659037728,-0.35074040189039934,-0.6717882249096069
2004-12-08,-15.41467160184501,-5.226535742127223,1.2954143318184894,0.24098114229303902
2004-12-09,5.914945814755199,2.317942826964436,-1.0301319939961318,2.1697367692395675
2004-12-10,-2.269272822063391,-2.3585329243029016,-2.6521514901394148,-0.3833383582669583
2004-12-13,1.5902501094931711,-3.765024729882806,0.5121842631135405,-0.04741756059147134
2004-12-14,-2.063198661185266,-2.2767177548319344,-0.6858062881014129,-0.09294850878049289
2004-12-15,-9.480099272703583,-3.3903378454473296,0.4709360259380306,1.0950678343511084
2004-12-16,18.098337176349673,5.5102012801962985,0.14680574618766204,-1.5704876162385777
2004-12-17,2.9799359730591073,-0.4048610940792876,-0.4222980704217919,0.9038007684681735
2004-12-20,0.9082740531984443,-2.6899922827352247,-1.1134794545156785,0.8107382372708181
2004-12-21,-5.38721147929619,-2.8994139881697096,1.1480843355838752,0.3543023899113399
2004-12-22,2.495660978016524,3.41473347502572,-0.05074855906481111,1.099059615772435
2004-12-23,2.5195642012651938,4.272775454808414,0.17571423851746093,-0.6931198390144272
2004-12-24,0.008463258675469203,0.008413433824016088,0.005375095992527638,0.00011402241690169341
2004-12-27,13.035485868669513,1.4489291634176256,-0.3585992825482132,-0.2984140386781332
2004-12-28,0.6665360917216105,-1.924660993106243,1.4045760160394267,0.9341376793414287
2004-12-29,5.4447874191478025,-1.5512110693724404,-0.9726073999127638,-0.2396801997752955
2004-12-30,-8.24030802389241,-1.0586523720357894,-2.007833941419005,-0.8751757956049707
2004-12-31,-6.603099504858658,-4.373057481798519,3.853317100523087,0.5323665650805626
2005-01-03,0.48855170390511804,-2.4798076590377853,-0.3507404018903517,-0.6717882249095795
2005-01-04,14.859010680964172,-3.0898402899181034,-2.369845585982401,-0.46934506375719054
2005-01-05,0.1360116001778662,-3.515778420278828,1.0554770553805206,0.6791494198335309
2005-01-06,-2.464761287039213,3.817510361603607,0.5865524524316489,0.19030819061591095
2005-01-07,1.5860635596802035,-2.4336512536395563,0.5276182765875406,-0.5240609606137575
2005-01-10,1.5902501094932104,-3.765024729882749,0.5121842631134929,-0.04741756059149885
2005-01-11,-3.1607105169603518,-2.3228741602301635,-1.564164966579305,-0.24067577307631488
2005-01-12,-3.7591751319773916,-1.262140155598988,2.3755419747207984,0.7570179137151792
2005-01-13,-6.694984045762394,-1.6960120867956467,-1.681185531458043,-0.5604581238932076
2005-01-14,5.088060765607608,-1.2558083543702427,0.4490440708321326,0.6346140449455029
2005-01-17,0.008463258675469203,0.008413433824016088,0.005375095992527638,0.00011402241690169341
2005-01-18,-2.26428720016146,-5.9788383903931726,1.996975926139845,0.14484507859235268
2005-01-19,-0.8506981133467726,-1.7606327748068986,1.2889563901867178,-0.6961160471347938
2005-01-20,-6.205108976719388,4.362557265567073,-1.4968133144851694,-0.4198640096874974
2005-01-21,-4.897336410253162,3.1591553641930425,1.3324565525567544,0.49489650411714087
2005-01-24,-2.375089342411833,-7.780140441263237,0.8851379128556115,1.372383281264834
2005-01-25,11.485975340726561,3.417662354420752,-0.669813679035044,-1.0897751104120326
2005-01-26,3.016398845746839,-3.5409395430262296,-0.2421373132617116,0.5415515137481023
2005-01-27,2.5602136237658204,-0.19467647038179106,0.3404409822034874,-0.5787256937122512
2005-01-28,-11.025423250833619,-2.752978130687498,0.1442876159771213,0.7803501626394636
2005-01-31,0.9686401491347731,-4.968028751899486,-0.70685589977338,-1.3436904722361547
2005-02-01,0.9867998725741606,0.9160147408385823,-0.19723621186556792,0.42209268934073907
2005-02-02,1.5902501094932104,-3.765024729882749,0.5121842631134929,-0.04741756059149885
2005-02-03,2.86574635308467,-3.1637216585531496,3.1458593595213067,1.7062356079554135
2005-02-04,-15.981658966076264,-3.681574720352785,0.7661546139994866,0.34824213750515226
2005-02-07,-2.946263256456204,-4.903805943245616,0.3713122085106789,1.0030008764547604
2005-02-08,-1.3770360550774872,-4.683123678222749,0.9244234160537584,-0.474460906620542
2005-02-09,-11.879783620944488,7.6450715719963735,-2.6807707912520744,0.3684330177606352
2005-02-10,14.36636258629547,3.392501231673301,-1.9674280476772528,-1.2273730164974077
2005-02-11,7.552912211696174,-2.4021583296634783,-0.10126525865880252,-0.508866923298102
2005-02-14,-2.375089342411746,-7.780140441263156,0.8851379128555936,1.3723832812648713
2005-02-15,2.5237507510781487,2.941401978565179,0.16028022504333506,-0.2164764389922002
2005-02-16,11.165711559873996,0.5769866204759022,0.931998548870004,-0.5777301204112247
2005-02-17,2.48728787839047,6.077480427512165,-0.019880532116667064,0.1457728157279026
2005-02-18,15.02862196915459,0.1280533284997967,-0.5836611411044555,0.18329404044932013
2005-02-21,0.008463258675469203,0.008413433824016088,0.005375095992527638,0.00011402241690169341
2005-02-22,5.313052527832379,3.304354260973626,-2.007275345826685,-1.3953589972141909
2005-02-23,-2.511010783540225,-1.59320163467392,-0.13409601958430925,-0.2599389161963476
2005-02-24,5.128710188108268,-5.723260279560493,0.6137708145182605,0.7490081902477452
2005-02-25,-2.8270880145797848,-5.765250844861963,1.452282194846691,0.7287494738267191
2005-02-28,16.561386297845637,3.484814042469658,-0.21071069072131945,-0.9319184879056706
2005-03-01,1.3162358251416475,-1.1949884675500377,2.834644963034422,0.9148745362214751
2005-03-02,-1.125511469787283,3.098335477372778,-1.0531443396454683,0.21463601284109776
2005-03-03,2.5644001735788224,-1.526049946625004,0.32500696872939117,-0.10208229368995933
2005-03-04,-9.662270210332979,-2.614111035135575,-1.2689463785177717,-0.987501469922239
2005-03-07,1.0597256179494638,-5.356142157055397,0.16308530245455694,-0.30240582009948014
2005-03-08,9.350559847205428,2.4530091213252434,2.9123768253560005,0.5464877047123374
2005-03-09,23.01811001890465,9.574876318808514,-0.655222008994836,-0.776130336384332
2005-03-10,-7.359414830716106,-8.23540553446794,1.2959761267698116,2.2558113108952744
2005-03-11,14.252172966320986,0.6336406671994161,1.6007293822658162,-0.42493817701023323
2005-03-14,-3.6912350085040067,-3.91399158740271,-1.9132639272382108,-0.4956640325842918
2005-03-15,3.534363687851519,2.044298312876035,0.1532636878193674,-0.6333904268106743
2005-03-16,-5.542849593860264,1.0981093623936313,-0.11304640791234206,0.9908030472593141
2005-03-17,-7.142796168117358,-1.0124959666376527,-1.1294752629409883,-0.7274485313090289
2005-03-18,7.512262789195523,2.065293595526737,-0.26599200234485276,-0.6232610686002522
2005-03-21,3.2960132040987147,3.767188116108778,-2.0086762848527626,-0.08488762155482818
2005-03-22,20.27223069027678,-7.796438762744246,1.09027055028332,1.134580205674492
2005-03-23,-3.4066350282501254,-0.22616939435787853,0.9693245174498544,-0.5939197310279327
2005-03-24,0.37774956165467755,-4.281109709907843,-1.46257841517459,0.5557499777628294
2005-03-25,0.008463258675469203,0.008413433824016088,0.005375095992527638,0.00011402241690169341
2005-03-28,6.505836402235207,1.6310237849727118,-0.2744094785949035,0.2702963192405457
2005-03-29,-6.493096434697275,-0.2828234410814872,0.30059368405400644,-0.7467116744290012
2005-03-30,-8.37840086711553,-4.675554916292351,1.3338606909419226,1.7194384986692164
2005-03-31,-10.832707811483473,3.6118894573602063,-2.5076265713159436,-0.41073022477794774
2005-04-01,-8.957947880785898,0.8635265342116797,0.8509030135450325,0.39676929381450726
2005-04-04,0.5389877502191884,1.5995308609966106,0.35447405665140963,0.2551022819248252
2005-04-05,3.0038391963078497,0.4531808857034208,-0.19583527283946597,-0.8883786863186496
2005-04-06,-8.633497550120355,2.372828791913326,-0.7663432278341358,0.36136770383601724
2005-04-07,8.046973830552211,2.3250375464560817,0.06767294484002906,0.10837059092995752
2005-04-08,4.589812596938507,-4.651630754246638,0.29553988080742066,-0.45926686930479566
2005-04-11,-7.586421740659276,-1.6603533227227936,-0.5931990078980287,-0.41779553870261904
2005-04-12,-13.133548043382081,-1.9020308703964854,-0.7270545252768511,1.0495368861621073
2005-04-13,-2.468947836852195,5.14888383784679,0.601986465905721,-0.28633520940637375
2005-04-14,-3.246195911774685,7.943403166393545,-1.878184440477363,-0.9461074637030067
2005-04-15,-16.196106226580522,-1.100642937337342,-1.1693225610904745,-0.8954345120258513
2005-04-18,-1.3182269091374337,-3.2665321106748286,1.5987698476475494,1.4057164002584999
2005-04-19,-12.245497826209096,-2.8952481480730587,2.8649543943903524,0.4817709377863021
2005-04-20,4.663352794412244,2.5746817354174167,-3.437344292821758,-1.3760958540942507
2005-04-21,18.698816939085145,-6.685747551523881,0.5525933562142886,2.1353985887274565
2005-04-22,-8.244494573705483,0.27272110420735485,-1.992399927944934,-1.3518191956271763
2005-04-25,-0.6320643030296202,-5.672938034065606,3.2089995518026244,1.0242040024184567
2005-04-26,5.76505120000037,1.2894646645724093,-2.5744196278178118,-0.7517251897761034
2005-04-27,-6.077560635216951,0.838365411464287,-0.44671135509722415,0.25917138772910425
2005-04-28,-11.596597164878032,0.12335636733012031,-0.36953808836779223,0.4109677578292919
2005-04-29,7.470199842507514,-4.676791876994003,-1.002074487834908,-0.5968647753902185
2005-05-02,-2.012762614871222,1.8026207652023905,0.019408170440521955,0.8339419980539984
2005-05-03,1.1508110867642416,-5.744255562211228,1.0330265046824758,0.738878832037232
2005-05-04,0.4261704602504051,10.933443637215559,-5.102858507959379,-3.2209394071601958
2005-05-05,-5.579312466547948,4.234187811340597,-0.2932071650723926,1.3530523019794503
2005-05-06,19.741706198733144,-9.387556189916822,0.7411715896243897,0.8795919461665225
2005-05-09,5.0250650698544685,-1.3410264456749672,-0.20986834728751433,-1.7222066619557856
2005-05-10,-11.485795022627604,1.9246584182001916,0.7422999249163204,-0.8165704448431762
2005-05-11,-5.29612601048144,-3.2875273933255933,2.01802553781174,1.395587042047994
2005-05-12,-4.742497367778074,1.4505640034766891,-2.0709741337002936,-0.19314419006794895
2005-05-13,-10.351820294164847,-1.16526362534855,1.8008193605543652,-1.0310924352674058
2005-05-16,0.9867998725741131,0.9160147408385592,-0.19723621186559756,0.4220926893406741
2005-05-17,-1.976299742183555,-1.3334576837446,0.19956892760062575,0.4716927433339805
2005-05-18,-9.936284494684543,-0.04407477280286342,1.0535143214031577,-0.02520937310926517
2005-05-19,10.5566612489546,-4.6201378302704414,-0.3333436544390359,-0.4440728319890971
2005-05-20,5.56814921083719,-3.744029447232037,0.09292857294924785,-0.03728820238105082
2005-05-23,-10.466808986228262,-1.6351921999754584,0.7044153607442754,-0.2801976326171888
2005-05-24,-7.531799144532315,1.087611721068238,0.09658143716982796,0.9857383681541266
2005-05-25,6.053837730067255,3.645913381373986,0.29273480339617575,-0.37333748819756923
2005-05-26,4.132828302868584,0.9835643082448489,-3.786443253480712,-1.6310841136021943
2005-05-27,0.008463258675469203,0.008413433824016088,0.005375095992527638,0.00011402241690169341
2005-05-30,0.008463258675469203,0.008413433824016088,0.005375095992527638,0.00011402241690169341
2005-05-31,-13.42990860098594,-3.8846646245585825,1.1012205002104216,-0.23059757862397479
2005-06-01,-20.591098077401096,1.4518009641783125,0.2649610450765128,2.123159083991493
2005-06-02,-2.145111958284975,-6.840283292009505,3.077945912475853,-0.12940632403555782
2005-06-03,14.22408319325936,1.1069721636599577,1.38970059815767,0.8905978777544024
2005-06-06,-1.4962112969538512,-3.821678776606298,-0.1565465702823637,-0.20020950399258813
2005-06-07,-6.93253545742624,-2.262054273409945,0.8214359256230378,0.03958471819969654
2005-06-08,7.306188628317432,1.9834784260558063,-2.2323372043829512,-0.9136509180867115
2005-06-09,4.648621742878595,-3.2350391866987023,0.9698863124011252,1.4209104375741937
2005-06-10,14.49391092779787,-0.13169062242956356,-0.9173260882892502,-0.548337619080837
2005-06-13,7.828340020235083,6.237342805714778,-1.8523702167758533,-1.6119494586233187
2005-06-14,4.160160198022961,1.9159288586495162,1.3568698372321628,1.1395258848561567
2005-06-15,1.815241871718035,0.7951378854611261,-1.9441351535454454,-2.0773906027511795
2005-06-16,-7.728701133695424,-3.945882390736195,2.7639296379369416,1.7001753555492183
2005-06-17,1.02326274526178,-2.220063708108431,-0.01707545470549384,0.059843434620656215
2005-06-20,0.6342597688469338,-0.11995602040246957,1.2089812454053286,1.7730303340838234
2005-06-21,-6.251358473220445,-1.048154730710414,-2.2174617865011275,-0.8701111164997375
2005-06-22,-20.649907223341064,0.03520939663047221,-0.40938538651729633,0.24298177711248858
2005-06-23,3.891090341391691,1.7488955978738039,-1.2683877829255343,-1.5076846715315635
2005-06-24,-8.51013575843092,0.18001041405375237,0.2991927450279055,0.5637597012303268
2005-06-27,0.27410444340096907,0.10112412397768718,-2.2862175769803454,-1.9154648744405964
2005-06-28,8.599230143249912,-5.02964439743445,5.004163267881984,2.7981158873863605
2005-06-29,2.5279373008912045,1.6100285023219885,0.14484621156932645,0.26016696103006515
2005-06-30,-7.249411760554722,-4.14517149375093,-2.2567472896992595,0.9767330713856526
2005-07-01,21.649356904403678,-0.44215469821107783,0.20209025717019335,0.6558683346673783
2005-07-04,0.008463258675469203,0.008413433824016088,0.005375095992527638,0.00011402241690169341
2005-07-05,10.064013154285941,1.8622036913209226,0.06907388386611191,-1.202100784729333
2005-07-06,-6.073374085403984,-0.49300806477896325,-0.46214536857122424,0.7358147877513906
2005-07-07,-7.301821760405456,2.0274688703219486,2.2893894367900787,-0.5160512371463234
2005-07-08,11.946347112520549,-1.259974194466938,-1.2678259879742426,0.5071454970706072
2005-07-11,1.1466245369512342,-4.412882085968035,1.0484605181565234,0.26223543201497346
2005-07-12,6.9452754249641515,3.6102546173012,-0.7952517201639107,-0.5160000733881593
2005-07-13,3.9863623600194487,0.02940871647472782,-0.4138805941717171,0.01024338062734982
2005-07-14,3.9863623600195357,0.029408716474808458,-0.41388059417173506,0.010243380627387265
2005-07-15,-0.9698733552232617,-0.8991878731906077,0.20798640385067083,-0.4218646445069082
2005-07-18,7.397274097132163,1.5953650208999526,-1.362396002155062,0.12763373404993567
2005-07-19,-3.965249292855517,-1.343955325069955,0.40919677268279675,0.46662806422871383
2005-07-20,-2.474547910852558,-4.72928008362091,0.04606473757579426,-0.6221881709163654
2005-07-21,19.085046889874345,3.755055634724405,-0.08667358861863164,-0.19522214927024711
2005-07-22,-11.262974662497484,-3.319020317301766,2.6469090730582265,1.3803930047323605
2005-07-25,5.765051200000357,1.2894646645724228,-2.574419627817938,-0.7517251897761625
2005-07-26,-0.5262477826812179,-0.25133051710532867,-0.32828985119235443,-0.7315176371133081
2005-07-27,4.204996170336601,-3.8828965427839788,1.5061625674441894,1.7305634301806
2005-07-28,-9.666456760146032,-1.2827375588923426,-1.2535123650437237,-1.4641448699444795
2005-07-29,13.249933129173725,-1.1320026195977786,1.5768778925417475,0.9452626108528887
2005-08-01,7.068637216653586,1.417436239441508,0.2702842526981296,-0.3136080759938074
2005-08-02,5.198063835768911,2.834425686346792,-3.103679345636851,-0.6444641945640481
2005-08-03,-7.947334944012536,-0.03357713147743047,0.8438864763209875,-0.02014469400405962
2005-08-04,3.986362360019541,0.029408716474710946,-0.413880594171688,0.010243380627396227
2005-08-05,15.147797211031001,-0.7333915731166096,0.49730884523168684,-0.09095736217851072
2005-08-08,6.455400355921143,-2.448314735061583,-0.9796239371368143,-0.656594187593953
2005-08-09,-4.44533773808523,1.1442657677917984,0.7653122705656994,1.1385303115552483
2005-08-10,-1.089048597099577,-0.03774297157415535,-0.8729835824854122,-0.14761324187894762
2005-08-11,-11.207594188463133,-1.9767513203757165,-1.5955947884787338,-1.3022191416339048
2005-08-12,-14.440521537759237,-2.987560958869425,1.108237037434443,0.18631640919453807
2005-08-15,6.538112725109858,-0.17368118773105232,-0.07881470796082966,-0.5685963355018232
2005-08-16,-8.957947880785902,0.8635265342117214,0.8509030135450136,0.3967692938146237
2005-08-17,10.836275607306478,2.6879898288645236,-2.0998826260300683,-1.0705119672921444
2005-08-18,-14.353622618757603,-2.0443008877820064,1.9936122531363805,0.7509576613089634
2005-08-19,0.9040875033854371,-1.3586188064920326,-1.0980454410416312,0.3340948372485592
2005-08-22,0.5431743000321562,0.2681573847533609,0.33904004317740966,0.7317456819471115
2005-08-23,-2.963009455708228,0.42168796172729267,0.4330482624069194,-0.9035727236343502
2005-08-24,-2.4282984143515116,0.6814319126566533,0.7667132095916563,-0.17194106410410112
2005-08-25,-0.5220612328682581,-1.582703993348544,-0.3437238646664317,-0.25487423709111434
2005-08-26,5.896786091315799,-3.5661006657736367,-1.5397516819038424,0.40395360766275856
2005-08-29,-0.9979631282848467,-0.42585637673000887,-0.0030423802575228736,0.8936714102576996
2005-08-30,-10.305570797663819,4.245448370928884,2.521467832570269,-0.5808453284552231
2005-08-31,-27.18374323958856,1.5486774944287844,-0.30976156908999847,0.33504873500881627
2005-09-01,-4.272755975711119,11.8770687472085,2.855129580396085,-2.3842270391364595
2005-09-02,0.9993595220131627,-3.0781056878910826,-0.24353825228768775,1.8520228894075499
2005-09-05,0.008463258675469203,0.008413433824016088,0.005375095992527638,0.00011402241690169341
2005-09-06,12.143249101683672,3.773519917337521,-3.9351741887414096,-0.2072914903246028
2005-09-07,11.70799662876774,0.4629156087657853,-3.4297659606464217,1.0556483023264867
2005-09-08,0.5712640730938282,-0.20517411170715727,0.5500688272855854,-0.5837903728174587
2005-09-09,-3.1838146681200388,-5.469848129859792,2.8739336655916596,1.6030437185475372
2005-09-12,10.182389324073338,3.2896907795515693,-3.514517559551064,-1.5278922241943789
2005-09-13,-9.841012476056845,-1.763561654201967,1.9080215101570468,1.492718679049668
2005-09-14,5.527499788336538,0.7234224779581783,-0.07179817073680249,-0.1516823476832007
2005-09-15,8.806676634133726,7.144944112729322,-2.054981524633978,-1.1899707916995463
2005-09-16,10.876925029807122,-1.7794620963256704,-1.9351558823440855,-0.9561178219898439
2005-09-19,-4.449524287898198,2.4756392440350483,0.7807462840396993,0.6618869115329623
2005-09-20,3.2673089789386704,-9.257949774988647,1.8735006189883232,1.4229789085590414
2005-09-21,-9.227017737417082,0.6964932734360476,-1.7743546066126834,-2.2504412625731756
2005-09-22,-1.564950492516213,1.1191046450443567,-0.5323020980765332,1.0009324054698012
2005-09-23,10.853820878647399,-4.926436065955336,2.5029427498269756,0.8876016696340022
2005-09-26,11.16491248778503,2.8659186103228595,-3.7325628808832856,-0.6292701572483329
2005-09-27,1.5818770098671513,-1.1022777773963246,0.5430522900615884,-1.000704360635998
2005-09-28,-7.244426138652728,-7.7654769598411315,2.392380126579967,1.5049165082449683
2005-09-29,6.866749605588418,0.004247593727367504,-1.7114949628139682,-0.12735452545796214
2005-09-30,8.50315905253321,-1.0212255261883274,-0.5149053506251458,1.2286477983903035
2005-10-03,10.183188396162322,1.0007587897045183,1.1500438702021716,-1.4763521873573466
2005-10-04,0.6896402428812971,1.222312976523503,-3.0335226161315365,-0.9095818122824658
2005-10-05,-5.176950768605005,-4.14897229494201,3.098995524147907,1.1213356394201377
2005-10-06,0.538987750219149,1.599530860996553,0.35447405665145726,0.25510228192485274
2005-10-07,-2.8438342138318338,-0.43975693988904446,1.5140182487429072,-1.1778241262623657
2005-10-10,0.008463258675469203,0.008413433824016088,0.005375095992527638,0.00011402241690169341
2005-10-11,7.5206358888214675,-0.5974533569597166,-0.2968600292929734,0.3300257314443521
2005-10-12,9.58811125886937,3.0190513079394825,0.40975536827496745,-0.05355513738063734
2005-10-13,3.387098672913445,3.379074710952924,-1.1387350826248734,0.9563970305818191
2005-10-14,2.9211268271190365,-1.821452661627114,-1.0966445020155287,-0.9763765384107925
2005-10-17,3.5427367874775366,-0.6184486396105104,0.12239566087128964,0.3198963732337686
2005-10-18,-4.3219759463958205,-1.0485526100677651,1.830848243427717,1.340922308949584
2005-10-19,-2.1949335525006455,2.5788475755140925,-1.7204742340153343,-1.2486273062194069
2005-10-20,-0.8423250137207975,-4.423379727293341,1.2580883632386703,0.25717075290975117
2005-10-21,-11.687682633692775,0.5114697724859881,-1.239479290595807,-0.6303168943074143
2005-10-24,10.155098623100697,1.474090286165059,0.9390150860940254,-0.16081613259271152
2005-10-25,17.02175806963961,-1.1928225064179978,-0.8087229996605957,0.6650021195768774
2005-10-26,10.927361076121118,2.2998764237086315,-1.2299414238021797,-0.029227315155417752
2005-10-27,-5.5105732709855175,-0.7065956103100864,0.08254836272179127,0.1519103925170749
2005-10-28,4.02282523270718,-3.106669732472214,-0.23371983701163676,-0.35200587409272155
2005-10-31,-1.5326741696415338,-0.6856003276593536,-0.33670732744240495,0.16203975072748975
2005-11-01,3.00802574612076,-0.8781925905397754,-0.21126928631359163,-0.41173528629640405
2005-11-02,3.748810948355669,-0.5366334701394596,2.08874086290937,0.6102862227202841
2005-11-03,8.97068784832383,0.484673809679545,-0.8247188080859293,-0.8731846490029624
2005-11-04,3.324102977160339,3.2938566196482366,-1.7976475007446164,-1.4004236763194633
2005-11-07,-1.9762997421834907,-1.333457683744552,0.19956892760060232,0.4716927433339271
2005-11-08,-12.542657455901999,-2.5889499123881956,0.028667990124431053,-0.8499035638368757
2005-11-09,11.145994886438306,-1.6124288355500394,0.6901017378136305,1.6910927343978386
2005-11-10,-12.19430390198774,-0.22160567490389377,-1.362115453672465,-2.6774846086022466
2005-11-11,0.008463258675469203,0.008413433824016088,0.005375095992527638,0.00011402241690169341
2005-11-14,9.161231885579312,-2.9542999531185807,0.8842955694218312,2.1626714553149418
2005-11-15,-7.915058621137944,-1.8382821041812216,1.0394812469551338,-0.8590373487464086
2005-11-16,-13.581360165736998,-1.2185147502384686,-0.17534425675976612,0.8825464787463506
2005-11-17,-7.416810452468896,1.5575402956950493,1.192985436979965,0.23484356550391905
2005-11-18,9.290951629176417,3.3253495436243647,-2.426531035991002,-1.3852296390037628
2005-11-21,-7.491149722031597,-3.3798402041218663,0.2613081808558849,1.1001325134563067
2005-11-22,-6.213482076345364,7.025304218053515,-1.465945287537122,-1.3731508097320424
2005-11-23,8.407887033905471,0.6982613552107184,-1.369412539378987,-0.2892802537686019
2005-11-24,0.008463258675469203,0.008413433824016088,0.005375095992527638,0.00011402241690169341
2005-11-25,-7.499522821657611,-0.7170932516354819,0.29217620780398035,0.14684571341178917
2005-11-28,-5.7355650332103565,-5.266758225654028,2.5388677793808014,2.181883434676757
2005-11-29,14.493910927797952,-0.13169062242952467,-0.9173260882893076,-0.5483376190808245
2005-11-30,3.00802574612076,-0.8781925905397754,-0.21126928631359163,-0.41173528629640405
2005-12-01,5.531686338149504,-0.6079509982851344,-0.08723218421083244,0.324961052339002
2005-12-02,-0.8871609860344988,1.3754456741400647,1.1087956330266864,-0.33386679241475586
2005-12-05,9.061773317138607,0.09656040452371463,0.04522239414198948,0.1681000031337497
2005-12-06,-12.785194489467822,0.465313367087816,-2.117837969073747,-0.7780441586032639
2005-12-07,1.7317716246219323,-0.07379961500432122,2.087339923883239,1.9207575983796077
2005-12-08,-11.061886123521262,0.38310031825948276,-0.035873141182957986,1.1425994173594554
2005-12-09,15.376975523068817,2.495397565984124,-1.9744445849012258,-1.644287004315973
2005-12-12,1.7682344973096586,-3.2098780639512845,2.2675006810432703,1.55850834365957
2005-12-13,-3.525810270126587,0.6352755072584659,-0.11164546888613844,-0.3196683283999896
2005-12-14,-14.21134322572143,0.24122818023126746,-1.3635163926985674,-1.3670132329428577
2005-12-15,1.7598613976836044,-0.5471311114648394,2.2983687079914144,0.6052215436150378
2005-12-16,-1.742934880332666,0.5639579791128715,-2.287618516006359,-0.6049934987812343
2005-12-19,0.5754506229068355,-1.5365475879503496,0.5346348138115378,-0.1071469727952
2005-12-20,5.001161846605823,-2.199068425457671,-0.436331144869762,0.06997279283105087
2005-12-21,3.5385502376645266,0.7129248366328422,0.13782967434531992,-0.15674702678841562
2005-12-22,-8.921485008098212,-2.2725519147353417,1.0310637707051118,0.03452003909449657
2005-12-23,-11.025423250833661,-2.7529781306875,0.1442876159771404,0.7803501626393652
2005-12-26,0.008463258675469203,0.008413433824016088,0.005375095992527638,0.00011402241690169341
2005-12-27,-5.92610907046589,-1.827784462855765,0.8298534018729935,-0.8539726696411375
2005-12-28,5.499410015274872,1.1967539744185987,-0.28282695484493103,1.1638537070813781
2005-12-29,-0.4028859909918084,-2.4441488949648926,0.7372461216696631,-0.5291256397189723
2005-12-30,4.434174482374408,-0.6541074036832871,-0.9655908626888207,0.17723378804320453
2006-01-02,0.008463258675469203,0.008413433824016088,0.005375095992527638,0.00011402241690169341
2006-01-03,-6.566022180072622,5.9893334568124885,-0.05972783026609893,-0.022213164988880246
2006-01-04,-1.6644090609569582,4.1699650026867126,-1.371375273356326,-0.9936390467114057
2006-01-05,-0.7554260947190348,-3.4801196562060626,2.1434635789405583,0.8218120050241544
2006-01-06,5.444787419147819,-1.5512110693724153,-0.9726073999128169,-0.239680199775414
2006-01-09,0.008463258675469203,0.008413433824016088,0.005375095992527638,0.00011402241690169341
2006-01-10,11.16491248778499,2.86591861032292,-3.7325628808832367,-0.629270157248348
2006-01-11,4.20080962052363,-2.551523066540687,1.5215965809181706,1.253920030158431
2006-01-12,-8.838772638909575,0.002081632595310771,1.931872999881194,0.1225178911865966
2006-01-13,-12.483848309961862,-1.1723583448402588,0.7030144217181746,1.0302737430421205
2006-01-16,0.008463258675469203,0.008413433824016088,0.005375095992527638,0.00011402241690169341
2006-01-17,-0.7406950431854552,2.329601265910085,-2.263767026282339,-1.975194286644304
2006-01-18,1.0148896456358745,0.44268324437807965,0.013792572242578923,-0.8934433654239754
2006-01-19,4.739707211693285,-3.623152591854592,1.8398275146290528,2.462195089710927
2006-01-20,0.8046289349446921,1.6922415511503237,-1.9371186163214238,-1.6604766149326478
2006-01-23,-1.984672841809545,1.3292892687418931,0.2304369545487466,-0.4815940567106052
2006-01-24,3.7249077251070446,-1.3946754499221945,1.862278065327098,2.4024656775071276
2006-01-25,17.909009214723525,0.10289220575239882,-1.8812755097466103,0.045696134364002584
2006-01-26,6.953648524590191,0.9475076648146875,-0.8261197471119829,0.4372867266563745
2006-01-27,2.706679566614889,0.7594791213883377,-3.0321216771055126,-2.220053187941868
2006-01-30,0.7576215605363039,-2.312774398262091,2.274517218267394,1.9754223314781867
2006-01-31,1.8194284215310623,-0.5362355907820966,-1.9595691670195177,-1.6007472027289134
2006-02-01,6.637571293550612,-3.2245415453733246,0.7602584673190416,1.4259751166794337
2006-02-02,-0.43516231386652704,-0.6394439222612398,0.5416513510355825,0.30976701502336657
2006-02-03,-3.9329729699808653,-3.1486602977737186,0.6047915433168708,-0.3722645905136552
2006-02-06,1.1185347638895766,-3.93955058950745,0.8374317340482756,1.577771486779542
2006-02-07,2.5237507510781563,2.9414019785651444,0.16028022504341224,-0.21647643899210778
2006-02-08,3.8364677452646645,-0.99906944591722,-1.9581682279933963,-2.911218578388382
2006-02-09,-7.263343739999405,-12.243824405714125,6.815044745276912,3.8252793998912473
2006-02-10,8.051160380365237,0.9936640702128589,0.052238931365956705,0.585013990952224
2006-02-13,-1.093235146912624,1.2936305046690977,-0.8575495690113157,-0.6242566419012212
2006-02-14,6.058024279880263,2.3145399051306756,0.27730078992212703,0.1033059118247318
2006-02-15,-1.0806754974736124,-2.7004899240605207,-0.9038516094335558,0.8056735581656218
2006-02-16,-2.9630094557081965,0.4216879617272665,0.4330482624067931,-0.9035727236344275
2006-02-17,-8.921485008098252,-2.272551914735281,1.0310637707051606,0.034520039094481696
2006-02-20,0.008463258675469203,0.008413433824016088,0.005375095992527638,0.00011402241690169341
2006-02-21,6.990111397277878,-2.1885707841322155,-0.6459589899519027,0.0750374719363217
2006-02-22,-6.8175467653628,-1.7921256987830458,1.9178399254331515,-0.7113100844505459
2006-02-23,8.111526476301501,-1.2843723989514504,0.45886248610827896,-1.5694147185546954
2006-02-24,2.979935973059175,-0.40486109407929494,-0.42229807042178696,0.9038007684682459
2006-02-27,2.9996526464948348,1.7845543619466475,-0.18040125936549578,-1.3650220863410008
2006-02-28,-8.957947880785898,0.8635265342116797,0.8509030135450325,0.39676929381450726
2006-03-01,6.386661160358735,2.492468686589133,-1.3553794649309925,0.5445477218685134
2006-03-02,8.605588095157582,3.4428234771681883,0.6278006896071111,-0.9521772043266965
2006-03-03,7.401460646945155,0.2639915446566937,-1.3778300156290377,0.6042771340721959
2006-03-06,9.140299136514276,3.702567428097499,0.9614656367920708,-0.22054554479639424
2006-03-07,0.008463258675469203,0.008413433824016088,0.005375095992527638,0.00011402241690169341
2006-03-08,-3.3281092088744373,3.3798376292158756,1.8855677600999112,-0.9825652789580692
2006-03-09,0.5431743000321562,0.2681573847533609,0.33904004317740966,0.7317456819471115
2006-03-10,3.986362360019483,0.029408716474764493,-0.41388059417181355,0.010243380627355624
2006-03-13,2.436851832076436,1.9981419074777633,-0.7250949906585059,-0.7811176911066129
2006-03-14,-15.072061547740013,2.166810008312541,0.18778777834710997,1.971362713891389
2006-03-15,4.758624813040099,0.8551948540183446,-2.582837104067863,0.1418321980646758
2006-03-16,-14.687245121138156,1.3980757968498587,-1.0228349082896873,-0.21846758559407173
2006-03-17,4.968885523731145,-0.3943634527539613,-0.6319259155038902,0.9088654475733624
2006-03-20,-2.5110107835401774,-1.5932016346738969,-0.13409601958427972,-0.2599389161962827
2006-03-21,11.53081131304017,-2.3811630470126373,-0.520520948823089,-0.4987375650875722
2006-03-22,0.48855170390520225,-2.479807659037768,-0.3507404018903998,-0.6717882249096254
2006-03-23,6.09448715256787,-0.8215385438162243,0.4574615470823038,-0.25894334289530824
2006-03-24,-11.596597164878046,0.12335636733013433,-0.369538088367918,0.41096775782923267
2006-03-27,4.631875543626615,2.090454718274187,1.031622366297356,-0.48566316251487684
2006-03-28,17.58455888405793,-1.406410051949228,-0.26402926836749036,0.08109772434254406
2006-03-29,3.3001997539117145,2.4358146398655016,-2.024110298326889,0.39175577846738047
2006-03-30,8.046973830552238,2.325037546456135,0.06767294484008324,0.10837059093001547
2006-03-31,-1.006336227910822,2.2368905757564335,0.027825646690524695,-0.05961538978684545
2006-04-03,4.557536274063817,-2.8469257815428506,0.09994511017319686,0.37962578543754016
2006-04-04,-2.666648898104306,2.4043217158894383,-1.3952267630803763,0.3765617411516783
2006-04-05,-5.071134248256655,1.2726352220183417,-0.4382938788471492,-0.6343860001117009
2006-04-06,10.035923381224244,2.3355351877814496,-0.141954900242088,0.11343527003526341
2006-04-07,12.353509812374766,2.5239616105652374,-1.9842630001774075,0.5597417591841484
2006-04-10,0.008463258675469203,0.008413433824016088,0.005375095992527638,0.00011402241690169341
2006-04-11,-6.041097762529234,-2.2977130374827226,-0.26655059793707225,-0.10307786699096548
2006-04-12,9.057586767325601,1.4279338807669066,0.060656407616036974,-0.30854339688850896
2006-04-13,12.02905948170921,1.0146593528636672,-0.36701675879833534,0.5951433491626628
2006-04-14,0.008463258675469203,0.008413433824016088,0.005375095992527638,0.00011402241690169341
2006-04-17,-7.951521493825583,1.2977963447657044,0.859320489795083,-0.49678809402629076
2006-04-18,-8.016074139574894,4.907206290173266,0.46813094852685777,1.1809972154583548
2006-04-19,8.490599403094187,2.97289490254125,-0.4686033102030026,-0.2012824016764723
2006-04-20,2.3583260127006773,-1.607865116095941,-1.6413382333085866,-0.3924721431764321
2006-04-21,-2.9223600332075024,-4.045763963462947,0.5977750060928247,-0.7891785783321793
2006-04-24,-3.965249292855497,-1.3439553250698668,0.40919677268277355,0.466628064228679
2006-04-25,15.468060991883588,2.1072841608282102,-1.1045033826733852,-0.6030023521793105
2006-04-26,7.611721357636198,-0.98556676211557,0.5730811729349159,1.371310383580999
2006-04-27,-9.117772545162994,6.192423361018264,-0.3947937164770647,0.5566265511401818
2006-04-28,-4.984235329254885,2.2158952931057034,0.4470813368548172,-0.06974474799724747
2006-05-01,13.487484540837588,-0.5659604329835726,-0.9257435645393879,0.3452197687599081
2006-05-02,-3.850260600792142,-0.874026750443104,1.505600772492934,-0.28426673842147543
2006-05-03,5.9711253608784896,1.3712798340433556,-0.6080744257798586,-0.4613353402896048
2006-05-04,2.56858672339186,-2.8574234228681847,0.3095729552554163,0.3745611063322401
2006-05-05,-7.055897249115615,-0.06923589555034435,-0.2441000472390757,-0.16280727919463334
2006-05-08,2.0338756820351227,-3.1171673737975105,-0.02409199192951414,-0.3570705531979178
2006-05-09,0.9867998725741131,0.9160147408385592,-0.19723621186559756,0.4220926893406741
2006-05-10,2.4816878043901767,-3.8006834939555842,-0.5758022604465695,-0.19008014578213348
2006-05-11,1.984853159908454,4.013031503879026,-0.1579507086674995,-1.4247514985446688
2006-05-12,8.490599403094196,2.9728949025413334,-0.468603310202924,-0.2012824016764219
2006-05-15,-6.608085126760651,-0.7527520157083382,-0.7958103157561309,0.004183128221188055
2006-05-16,-8.597034677432704,-0.7632496570336763,-0.586182470673989,-0.0008815508841250477
2006-05-17,8.577498322095957,3.9161549736287298,0.41677190549896487,0.3633588504379388
2006-05-18,-13.988522865591314,-5.002450555270711,0.5410927554432902,0.8299502166327126
2006-05-19,-2.474547910852578,-4.72928008362088,0.046064737575818686,-0.6221881709163729
2006-05-22,-2.991099228769821,0.8950194581878075,0.2220194782986469,0.4119633311302074
2006-05-23,6.538112725109866,-0.17368118773096838,-0.07881470796075106,-0.568596335501773
2006-05-24,-7.618698063534024,0.14435164998084785,-0.7887937785321819,0.42109711603977906
2006-05-25,7.964261461363514,0.050403999125520196,-0.8331362843359799,0.0203727388378355
2006-05-26,-2.991099228769908,0.8950194581878452,0.2220194782986664,0.4119633311301276
2006-05-29,0.008463258675469203,0.008413433824016088,0.005375095992527638,0.00011402241690169341
2006-05-30,6.538112725109906,-0.17368118773102922,-0.07881470796079991,-0.5685963355017581
2006-05-31,7.5529122116961975,-2.4021583296634463,-0.10126525865879708,-0.5088669232980113
2006-06-01,-1.5326741696415338,-0.6856003276593536,-0.33670732744240495,0.16203975072748975
2006-06-02,-22.999769977366423,1.6514879465504193,1.2373279427838606,0.6355679427057968
2006-06-05,7.026574269965518,-5.324649233079259,-0.46579823279185306,-0.28721178278375376
2006-06-06,-1.4134989277651315,-1.5470452292757253,0.7442626588936601,-0.11221165190043338
2006-06-07,3.4558378684757236,-1.5617087106977692,-0.7629795548306466,-0.24474487888058274
2006-06-08,-3.965249292855497,-1.3439553250699854,0.4091967726827721,0.4666280642287214
2006-06-09,-2.391835541663775,-2.454646536290268,0.9468739667517853,-0.5341903188242058
2006-06-12,0.9909864223871203,-0.41535873540463314,-0.21267022533964516,0.8987360893629328
2006-06-13,-3.0738115979586738,-1.379614089142785,-0.6787897508773678,0.32396547903809203
2006-06-14,17.493473415243333,-1.0182966467933965,-1.1339704705954279,-0.960186927794168
2006-06-15,8.613961194783558,0.7800765246817462,0.5969326626590638,0.0011095957178487205
2006-06-16,5.408324546460131,1.584867379574529,-1.1527681570729165,0.12256905494475566
2006-06-19,3.4558378684758138,-1.5617087106978491,-0.762979554830647,-0.24474487888061972
2006-06-20,1.549600686992559,0.7024271953074664,0.3474575194274422,-0.16181170589364888
2006-06-21,1.5537872368054795,-0.6289462809358065,0.3320235059534126,0.31483169412857237
2006-06-22,7.51644933900855,0.733920119283514,-0.2814260158189251,-0.14661766857798578
2006-06-23,6.423124033046432,-0.6436097623578466,-1.175218707770816,0.18229846714843612
2006-06-26,2.5279373008911556,1.6100285023219865,0.14484621156928737,0.2601669610300585
2006-06-27,-6.936722007239163,-0.9306807971667349,0.8368699390970377,-0.43705868182260826
2006-06-28,8.41207358371848,-0.633112121032474,-1.3848465528530352,0.18736314625365677
2006-06-29,-9.442222875828639,4.683121103316655,1.2224525249020068,0.5920281411187757
2006-06-30,-13.018559351318599,-1.4321022957695837,0.369349474533244,0.29864208351196275
2006-07-03,1.4627017679907992,-0.24083287577997195,-0.5379176962744283,-0.7264529580081266
2006-07-04,0.008463258675469203,0.008413433824016088,0.005375095992527638,0.00011402241690169341
2006-07-05,15.0286219691546,0.12805332849976225,-0.5836611411043782,0.18329404044941291
2006-07-06,-7.051710699302608,-1.4006093717934185,-0.259534060713122,0.3138361208275832
2006-07-07,-9.93628449468468,-0.044074772802925405,1.0535143214031273,-0.025209373109251212
2006-07-10,-0.9698733552231747,-0.8991878731905271,0.20798640385065284,-0.4218646445068708
2006-07-11,-4.614949026275626,-2.0736278506261736,-1.0208721743122524,0.48589120734862823
2006-07-12,0.5712640730938282,-0.20517411170715727,0.5500688272855854,-0.5837903728174587
2006-07-13,-6.438473838570165,2.465141602709673,0.9903741291218219,0.656822232427729
2006-07-14,-3.886723473479839,2.262051698503875,1.3254400153327572,0.07798251629860184
2006-07-17,2.481687804390137,-3.8006834939556415,-0.5758022604465218,-0.19008014578210597
2006-07-18,12.38997268506249,-0.6121168383817257,-1.8041022430173763,0.1974925044641107
2006-07-19,-14.033358837905055,0.7963748461627551,0.39180002523135565,0.23891267130819055
2006-07-20,-7.420997002281806,2.888913771938364,1.2084194504540917,-0.24179983451836898
2006-07-21,3.423561545601084,0.24299626200588026,-0.9585743254648238,0.5941477758617437
2006-07-24,1.3477130759273936,-0.7107614504067161,-1.634321696084637,0.024441844642079536
2006-07-25,4.101351052082886,0.4993372911015505,0.6825234056383764,-0.7406514220227336
2006-07-26,-6.854009638050526,1.3439527501639175,1.73767916827312,-0.349060829730508
2006-07-27,1.9412332632242189,0.9655740680704479,-0.626310317306013,2.6362508110513274
2006-07-28,-12.916130308694312,3.031946707586851,1.5120555147655192,-1.8821829192050756
2006-07-31,-1.536860719454581,0.6457731485838993,-0.32127331396830844,-0.31460364929478385
2006-08-01,-0.5543375557428899,0.22200097935518942,-0.5393186353005301,0.5840184176512622
2006-08-02,-3.6085226393153604,-1.63935804007213,-1.0124546980622497,-0.4076661804921176
2006-08-03,1.1382514373252843,-1.7501351334816027,1.079328545104595,-0.6910513680295973
2006-08-04,-10.951083981270962,2.1844023691295753,1.0759648721012032,-0.08493878531294789
2006-08-07,4.442547582000472,-3.3168543561696904,-0.9964588896368678,1.13052058808767
2006-08-08,-1.9061470224338863,4.935296292315635,1.1466801971987304,-0.8702396046406823
2006-08-09,1.3674297493631011,1.4786540056191315,-1.3924248850283176,-2.24438101016706
2006-08-10,1.8824241172840412,-0.45101749947742875,-1.3006567488997074,0.7560735041723168
2006-08-11,7.635624580884952,-0.12752478233285788,0.7995439705171399,-0.4208690712059091
2006-08-14,7.433736969819835,-1.5407134280470172,-1.1822352449949098,-0.23461552067011565
2006-08-15,-13.914183596028614,-0.06507005545367711,1.4727700115673719,-0.03533873131971755
2006-08-16,-12.492221409587966,1.4903886076462058,0.7338824486662705,0.07698694299764011
2006-08-17,1.4668883178038064,-1.5722063520231644,-0.5533517097484759,-0.24980955798586787
2006-08-18,-6.073374085403963,-0.49300806477899345,-0.46214536857124866,0.7358147877513977
2006-08-21,-2.9630094557082387,0.42168796172736933,0.43304826240682337,-0.9035727236343256
2006-08-22,0.46046193084348025,-2.0064761625772305,-0.5617691859986239,0.6437478298549967
2006-08-23,0.008463258675469203,0.008413433824016088,0.005375095992527638,0.00011402241690169341
2006-08-24,0.04073958155015096,-1.7962915388797365,0.20096986662667457,-0.8387786323255266
2006-08-25,-3.5258102701265974,0.6352755072584244,-0.1116454688862358,-0.319668328399923
2006-08-28,2.44522493170244,-0.6646050450085446,-0.7559630176066972,0.17216910893792886
2006-08-29,-1.4176854775781782,-0.21567175303259054,0.7596966723677553,-0.5888550519226645
2006-08-30,-7.0881735719902945,1.7354690771534844,-0.43969481787320275,0.676085375547636
2006-08-31,-5.308685659920429,0.7065930354040569,2.0643275782339856,-0.03434315801875753
2006-09-01,-2.9910992287699107,0.8950194581878872,0.22201947829864763,0.41196333113024447
2006-09-04,0.008463258675469203,0.008413433824016088,0.005375095992527638,0.00011402241690169341
2006-09-05,9.50121233986756,2.0757912368520635,-0.4756198474269512,-0.6181963894950633
2006-09-06,3.986362360019483,0.029408716474764493,-0.41388059417181355,0.010243380627355624
2006-09-07,-0.9979631282848467,-0.42585637673000887,-0.0030423802575228736,0.8936714102576996
2006-09-08,-4.532236657086953,0.20100569670446009,-0.12006294513623725,0.57388905944086
2006-09-11,5.440600869334812,-0.2198375931292232,-0.9571733864387694,-0.7163235997976726
2006-09-12,-4.971675679815863,-1.778225135623991,0.4007792964326732,1.3601854520695709
2006-09-13,-2.428298414351549,0.6814319126566719,0.7667132095917242,-0.1719410641042328
2006-09-14,5.559776111211223,-1.0812824947456294,0.12379659989737292,-0.9905750024255031
2006-09-15,3.4600244182887705,-2.893082186941022,-0.7784135683047431,0.23189852114169077
2006-09-18,1.9974128093474364,0.018911075149391828,-0.2042527490895946,0.005178701522135027
2006-09-19,-15.372608655156805,1.5155497303936072,2.0314968173085033,0.21458484908297096
2006-09-20,0.4885517039050732,-2.479807659037746,-0.3507404018903515,-0.6717882249095609
2006-09-21,-17.48073344770532,2.366496990684617,1.1601546760544341,0.4837715726056995
2006-09-22,-9.044846799787669,-0.07973353687568245,-0.0344722021569342,-0.1678719582999463
2006-09-25,-7.947334944012575,-0.03357713147748802,0.8438864763210351,-0.020144694004032116
2006-09-26,6.546485824735882,-2.836428140217471,-0.10968273490884775,0.38469046454278655
2006-09-27,1.0976020148245402,2.71731679170863,0.914601801418515,-0.8054455133317938
2006-09-28,4.401898159499786,1.150597569020488,-1.1611856333228219,1.0161264427855141
2006-09-29,3.4558378684757636,-1.56170871069783,-0.7629795548306955,-0.24474487888056787
2006-10-02,-5.432047451609849,2.8994114132636977,0.9987916053718723,-0.23673515541306886
2006-10-03,0.4562753810304333,-0.675102686333978,-0.5463351725245272,0.16710442983272306
2006-10-04,-10.951083981270912,2.1844023691295567,1.0759648721012516,-0.08493878531299985
2006-10-05,8.974874398136878,-0.846699666563708,-0.8401528215600261,-0.3965412489806888
2006-10-06,17.465383642181568,-0.5449651503327996,-1.344999254703603,0.3553491269704399
2006-10-09,0.008463258675469203,0.008413433824016088,0.005375095992527638,0.00011402241690169341
2006-10-10,11.978623435395225,-3.06467916717071,-1.0722312173401445,-0.3317471576717878
2006-10-11,6.538112725109866,-0.17368118773096838,-0.07881470796075106,-0.568596335501773
2006-10-12,-0.0196265143862028,0.48174493028453425,-0.20565368811564808,1.3156500771814719
2006-10-13,4.992788746979799,0.4636785270287895,-0.40546311792176315,-0.8833140072134421
2006-10-16,-3.406635028250185,-0.22616939435790565,0.9693245174499266,-0.5939197310279127
2006-10-17,-3.5539000431881798,1.108607003718981,-0.3226742529944109,0.995867726364568
2006-10-18,0.044926131363068764,-3.127665015122967,0.18553585315262613,-0.3621352323031885
2006-10-19,2.527937300891203,1.6100285023220096,0.1448462115693169,0.26016696103012343
2006-10-20,1.4668883178037961,-1.572206352023206,-0.5533517097485734,-0.2498095579858012
2006-10-23,7.51644933900855,0.733920119283514,-0.2814260158189251,-0.14661766857798578
2006-10-24,1.0190761954487924,-0.8886902318651513,-0.001641441231469403,-0.4167999654016374
2006-10-25,-10.04708663693497,-1.8453768236729342,-0.058323691880955264,1.2023288295632024
2006-10-26,-11.39470955381287,1.536545013044358,1.6122411271442587,0.22471420729343752
2006-10-27,-9.492658922142683,0.6037825832823304,0.5172380663600723,-0.3348623657157161
2006-10-30,0.016836358301523392,-2.654333518662429,-0.02549293095561663,0.953400822461434
2006-10-31,-13.470558023486598,0.582787300631586,0.9364937565244915,-0.34499172392615673
2006-11-01,-8.957947880785948,0.8635265342116983,0.8509030135449841,0.3967692938145588
2006-11-02,5.523313238523489,2.054795954201368,-0.05636415726273613,-0.6283257477055578
2006-11-03,25.576819959433752,-4.500497935594708,-0.9223798915359182,-0.26089281395661157
2006-11-06,-1.9762997421834907,-1.333457683744552,0.19956892760060232,0.4716927433339271
2006-11-07,-9.611834164019077,1.4652274848987856,-0.5637319199759143,-0.06061096308774271
2006-11-08,-4.4130614152104695,-0.6604392049119568,0.9609070411997497,0.2996376568128074
2006-11-09,-1.623759638456314,-0.2974869225034812,-1.2066485296703426,-0.8792449014091055
2006-11-10,-5.954198843527511,-1.354452966395384,0.6188246177648647,0.46156338512342304
2006-11-13,4.996975296792774,-0.8676949492143765,-0.4208971313956844,-0.40667060719110576
2006-11-14,-6.932535457426155,-2.2620542734099267,0.82143592562299,0.039584718199650606
2006-11-15,8.979060947949845,-2.178073142806839,-0.8555868350340247,0.08010215104155509
2006-11-16,9.953211012035482,0.0609016404508956,-1.0427641294181025,0.025437417943068554
2006-11-17,-12.853134612941208,3.117164798891539,2.1709679328852625,0.47463778769620724
2006-11-20,-0.9698733552232617,-0.8991878731906077,0.20798640385067083,-0.4218646445069082
2006-11-21,-3.521623720313501,-0.6960979689847294,-0.12707948236028274,0.15697507162225652
2006-11-22,-1.980486291996498,-0.002084207501359653,0.21500294107464987,-0.004950656688331639
2006-11-23,0.008463258675469203,0.008413433824016088,0.005375095992527638,0.00011402241690169341
2006-11-24,-3.5216237203136376,-0.696097968984791,-0.12707948236031305,0.15697507162227076
2006-11-27,-2.4282984143515014,0.6814319126566948,0.7667132095917538,-0.1719410641041678
2006-11-28,-6.968998330113932,0.8740241755370551,0.6412751684629099,0.4018339729197403
2006-11-29,2.8888505042444366,-0.016747688923406848,-1.2922392726497536,-0.13748388366849368
2006-11-30,-11.929420595169596,1.2768010621149561,1.2785761799594244,-0.5069174522367447
2006-12-01,-10.337847120538568,6.050153343632761,2.3258730619361185,0.25804732628709043
2006-12-04,0.4520888312174261,0.6562707899092144,-0.5309011590504796,-0.3095389701895357
2006-12-05,1.9651364864728438,1.8236160478531829,-0.3998475197237408,0.8440713562644839
2006-12-06,8.892162028948173,-3.1213332138943155,-1.7409620507359147,-0.4845391010728428
2006-12-07,0.6581629920955512,0.7380859593801815,1.4354440429875224,-0.019149120703070375
2006-12-08,15.393721722320839,-2.830096338988728,-2.0361806387974952,0.2622865957730116
2006-12-11,-5.597472189987327,-1.6498556813975056,-0.8028268529801279,-0.4127308595973509
2006-12-12,-8.427423389242172,2.45464396138424,1.2000019742039916,0.6517575533225232
2006-12-13,17.909009214723564,0.10289220575245636,-1.8812755097466578,0.045696134363975086
2006-12-14,6.0034016837531325,-0.43342513866045423,-0.4124796551456641,-1.3002279950320055
2006-12-15,-0.5543375557428899,0.22200097935518942,-0.5393186353005301,0.5840184176512622
2006-12-18,-0.8871609860344988,1.3754456741400647,1.1087956330266864,-0.33386679241475586
2006-12-19,0.45208883121746546,0.6562707899092719,-0.5309011590505273,-0.3095389701895632
2006-12-20,0.008463258675469203,0.008413433824016088,0.005375095992527638,0.00011402241690169341
2006-12-21,-9.049033349600679,1.2516399393675517,-0.019038188682905147,-0.6445153583220884
2006-12-22,13.126571337484314,1.0608157582617854,0.5113419196797301,0.742870613458553
2006-12-25,0.008463258675469203,0.008413433824016088,0.005375095992527638,0.00011402241690169341
2006-12-26,-2.9546363560821343,-2.241058990759095,0.4021802354587275,0.04971407641015472
2006-12-27,10.963823948808805,-0.8362020252382718,-1.0497806666420995,-0.3914765698754705
2006-12-28,8.53124882559493,-1.4945570226489835,-0.30387656651692285,-0.08688825637427587
2006-12-29,1.1059751144505152,0.05456983922218753,0.8837337744704674,0.147841286712751
2007-01-01,0.008463258675469203,0.008413433824016088,0.005375095992527638,0.00011402241690169341
2007-01-02,-4.504146884025289,-0.2723257997560236,0.09096583897186121,-0.7416469953238025
2007-01-03,-4.330349046021785,1.6141943424186,1.8617162703758605,0.38763550890501486
2007-01-04,-9.936284494684543,-0.04407477280286342,1.0535143214031577,-0.02520937310926517
2007-01-05,6.990111397277878,-2.1885707841322155,-0.6459589899519027,0.0750374719363217
2007-01-08,2.0015993591604833,-1.312462401093861,-0.21968676256369132,0.4818221015444085
2007-01-09,-0.10652543338792575,-0.4615151408028046,-1.091028903817585,0.7510088250670836
2007-01-10,5.527499788336454,0.7234224779581603,-0.07179817073675464,-0.1516823476831548
2007-01-11,9.953211012035611,0.06090164045087321,-1.0427641294181507,0.025437417943004192
2007-01-12,5.9711253608784025,1.371279834043393,-0.6080744257798393,-0.46133534028968465
2007-01-15,0.008463258675469203,0.008413433824016088,0.005375095992527638,0.00011402241690169341
2007-01-16,-3.5258102701265477,0.6352755072584053,-0.11164546888618751,-0.31966832839997483
2007-01-17,7.9684480111765215,-1.2809694771176723,-0.8485702978100278,0.4970161388600941
2007-01-18,-6.045284312342331,-0.9663395612394509,-0.2511165844630239,-0.5797212670131873
2007-01-19,5.979498460504554,-1.2914671184430477,-0.6389424527279053,0.4919514597548606
2007-01-22,-3.8502606007921996,-0.8740267504431686,1.5056007724928069,-0.28426673842147365
2007-01-23,8.93841152544919,2.2893787823833134,-1.0203135787201054,-0.03429199426067831
2007-01-24,0.00427670886242218,1.339786910067269,0.020809109466624197,-0.4765293776053719
2007-01-25,9.925121238973896,0.5342331369113766,-1.2537929135262975,1.3409734727077185
2007-01-26,3.0038391963078417,0.45318088570345527,-0.19583527283954325,-0.8883786863187421
2007-01-29,2.647112542767566,0.7485836007055803,1.2258161979054294,-0.01408444159777204
2007-01-30,-3.6407989621899506,0.16534693263161912,-1.2080494686963772,0.43122647425011446
2007-01-31,-8.92567155791126,-0.9411784384920888,1.046497784179208,-0.442123360927777
2007-02-01,2.564400173578803,-1.5260499466249737,0.3250069687294156,-0.10208229368996666
2007-02-02,-2.547473656227864,1.5428768142730058,-0.31425677674436037,0.10231033852377006
2007-02-05,-3.9694358426686023,-0.012581848826678772,0.4246307861567432,-0.01001533579359284
2007-02-06,-7.051710699302608,-1.4006093717935364,-0.2595340607131237,0.3138361208276254
2007-02-07,-4.508333433838199,1.0590476764871726,0.10639985244598663,-1.2182903953460484
2007-02-08,-3.30717645980944,-3.277029752000262,1.8083976927297194,1.400651721153294
2007-02-09,10.931547625934163,0.9685029474654963,-1.2453754372762753,0.4474160848668134
2007-02-12,3.0080257461207993,-0.878192590539836,-0.2112692863136407,-0.4117352862963893
2007-02-13,2.9757494232461674,0.9265123821640155,-0.40686405694773786,0.4271573684459448
2007-02-14,-16.02230838857702,0.7858772048373797,0.6014278703134776,0.2338479922029577
2007-02-15,-7.060083798928662,1.2621375806929085,-0.22866603376497938,-0.6394506792169068
2007-02-16,-1.4134989277651315,-1.5470452292757253,0.7442626588936601,-0.11221165190043338
2007-02-19,0.008463258675469203,0.008413433824016088,0.005375095992527638,0.00011402241690169341
2007-02-20,-2.428298414351549,0.6814319126566719,0.7667132095917242,-0.1719410641042328
2007-02-21,1.9974128093475236,0.01891107514935419,-0.2042527490896139,0.005178701522214852
2007-02-22,8.41207358371848,-0.633112121032474,-1.3848465528530352,0.18736314625365677
2007-02-23,-9.492658922142633,0.6037825832823117,0.5172380663601207,-0.3348623657157676
2007-02-26,-10.37991006722654,-0.6919321288880014,1.589790576446214,0.2844436194971571
2007-02-27,-28.888092810006704,5.2260020461480945,2.782454720680261,0.23172835746000398
2007-02-28,11.942160562707487,0.07139928177621106,-1.2523919745002736,0.030502097048316933
2007-03-01,-2.0127626148712165,1.8026207652024113,0.01940817044057079,0.8339419980539651
2007-03-02,-8.847145738535511,2.6648285850818096,1.962741026829194,-0.8307689088579758
2007-03-05,-2.876110536706465,1.3649480328145707,1.3184234781088073,-0.33893147151994685
2007-03-06,5.892599541502832,-2.2347271895303864,-1.5243176684298423,-0.07268979235952767
2007-03-07,-5.962571943153615,1.3082939860910798,0.6496926447129605,-0.49172341492105726
2007-03-08,1.8824241172840805,-0.4510174994773712,-1.300656748899755,0.7560735041722894
2007-03-09,17.497659965056247,-2.3496701230366273,-1.1494044840694762,-0.4835435277718295
2007-03-12,-7.531799144532251,1.0876117210682863,0.09658143716980454,0.9857383681540735
2007-03-13,-14.074008260405702,5.263826771352991,0.22707328154535383,0.12451852600600756
2007-03-14,5.527499788336583,0.7234224779581383,-0.07179817073680293,-0.15168234768321914
2007-03-15,3.0122122959338067,-2.209566066783028,-0.2267032997876882,0.06490811372586949
2007-03-16,1.9974128093474364,0.018911075149391828,-0.2042527490895946,0.005178701522135027
2007-03-19,5.531686338149551,-0.6079509982851113,-0.0872321842108028,0.32496105233906697
2007-03-20,-3.6407989621900403,0.16534693263169883,-1.2080494686963767,0.43122647425015154
2007-03-21,-8.320807796804791,5.587319488497563,2.3272740009622015,-1.0524240493722186
2007-03-22,13.811934871503142,0.9433418247179975,-2.5429898059184604,0.30981817878139367
2007-03-23,4.54916317443781,-0.1841788290563829,0.13081313712137058,-0.5736610146069272
2007-03-26,-5.547036143673241,2.429482838636835,-0.09761239443822176,0.5141596472369961
2007-03-27,3.986362360019491,0.02940871647473004,-0.4138805941717363,0.010243380627448074
2007-03-28,-1.3433462080154381,4.7217087467845005,1.6913739284917888,-1.4541439998751222
2007-03-29,5.005348396418831,-3.5304419017008635,-0.4517651583438098,0.5466161928533096
2007-03-30,1.5496006869925196,0.7024271953074088,0.3474575194274898,-0.16181170589362137
2007-04-02,0.9040875033853973,-1.358618806491972,-1.098045441041582,0.3340948372485444
2007-04-03,3.9905489098324507,-1.3019647597684854,-0.4293146076458134,0.48688678064964186
2007-04-04,-1.9846728418095052,1.3292892687418325,0.23043695454869753,-0.48159405671059036
2007-04-05,3.986362360019493,0.029408716474806015,-0.4138805941717162,0.01024338062728901
2007-04-06,17.506033064682264,-5.012417075523011,-1.180272511017571,0.469743272272688
2007-04-09,-1.9846728418095052,1.3292892687418325,0.23043695454869753,-0.48159405671059036
2007-04-10,-4.088611084544957,0.8488630527897159,-0.6563392001792921,0.26423606683439504
2007-04-11,3.5708265605392087,-1.0917801360710284,0.33342444497946544,-0.9956396815308014
2007-04-12,-0.4351623138664877,-0.6394439222611823,0.5416513510355349,0.30976701502333903
2007-04-13,4.434174482374368,-0.6541074036832263,-0.9655908626887718,0.17723378804318965
2007-04-16,-4.293886173334059,-1.5218841065283628,2.041877027535892,0.02538625418497682
2007-04-17,-10.503271858915948,1.5008862489715626,0.5242546035841963,0.08205162210282142
2007-04-18,-7.975424717074297,0.4397543649830491,0.632857692212811,1.2953913607605902
2007-04-19,2.9715628734331627,2.257885858407166,-0.3914300434736715,-0.04948603157643069
2007-04-20,0.4520888312174261,0.6562707899092144,-0.5309011590504796,-0.3095389701895357
2007-04-23,-3.969435842668515,-0.012581848826716297,0.4246307861567238,-0.010015335793513125
2007-04-24,-6.968998330113932,0.8740241755370551,0.6412751684629099,0.4018339729197403
2007-04-25,7.433736969819835,-1.5407134280470172,-1.1822352449949098,-0.23461552067011565
2007-04-26,7.429550420006827,-0.2093399518038247,-1.166801231520862,-0.7112589206923743
2007-04-27,1.965136486472757,1.8236160478531023,-0.3998475197237228,0.8440713562644466
2007-04-30,-15.455321024345656,-0.7590838169369859,1.1306875881324883,0.12658699699085535
2007-05-01,3.5750131103522156,-2.4231536123142203,0.31799043150541795,-0.5189962815085427
2007-05-02,2.445224931702527,-0.6646050450085823,-0.7559630176067166,0.17216910893800869
2007-05-03,7.437923519632754,-2.8720869042902897,-1.1976692584689392,0.24202787935210576
2007-05-04,-6.964811780300876,-0.4573493007061138,0.6258411549888921,0.878477372942064
2007-05-07,-0.9698733552232223,-0.8991878731905502,0.2079864038506232,-0.4218646445069357
2007-05-08,-0.64542302455762,0.6101143845110429,-1.4092598375284195,-0.457266234485385
2007-05-09,7.9684480111765605,-1.2809694771177327,-0.8485702978100766,0.497016138860109
2007-05-10,-3.5299968199396052,1.966648983501735,-0.09621145541218697,-0.796311728422224
2007-05-11,3.5385502376644893,0.7129248366327424,0.13782967434538643,-0.15674702678850486
2007-05-14,4.105537601895983,-0.8320361851416032,0.6670893921643295,-0.26400802200055423
2007-05-15,3.986362360019404,0.029408716474767567,-0.41388059417171685,0.01024338062736836
2007-05-16,-1.449961800452818,1.5890332196711774,0.5641019017335795,0.2500376028196194
2007-05-17,9.628760681369927,-1.4484006172506745,0.57448211196097,0.060839007921582956
2007-05-18,10.068199704098927,0.530830215077698,0.05363987039205909,-0.7254573847071649
2007-05-21,-4.08442453473195,-0.48251042345347633,-0.6717732136533401,0.740879466856654
2007-05-22,7.631438031071945,1.2038486939103346,0.8149779839911874,-0.8975124712281676
2007-05-23,5.527499788336504,0.7234224779581416,-0.07179817073670623,-0.15168234768320654
2007-05-24,-0.4351623138664877,-0.6394439222611823,0.5416513510355349,0.30976701502333903
2007-05-25,1.014889645635785,0.4426832443780411,0.01379257224257815,-0.8934433654238961
2007-05-28,0.008463258675469203,0.008413433824016088,0.005375095992527638,0.00011402241690169341
2007-05-29,3.546923337290544,-1.9498221158537028,0.10696164739724225,0.7965397732560274
2007-05-30,1.0190761954487924,-0.8886902318651513,-0.001641441231469403,-0.4167999654016374
2007-05-31,4.10972415170895,-2.1634096613848524,0.6516553786903296,0.21263537802173194
2007-06-01,10.516011826453841,-0.15268590508027796,-0.4980703981250445,-0.5584669772912917
2007-06-04,-3.398261928624178,-2.8889163468443737,0.9384564905017528,0.35936706901655463
2007-06-05,8.609774644970676,2.111450000924959,0.6123666761330441,-0.4755338043043577
2007-06-06,-2.1038480836859943,2.190734170358242,-0.8505330317873482,-0.20734265408274707
2007-06-07,21.69560640090479,4.968557298066457,0.9227387291860701,1.106115441479657
2007-06-08,1.097602014824461,2.717316791708633,0.9146018014186117,-0.8054455133317813
2007-06-11,2.527937300891206,1.6100285023219676,0.14484621156933578,0.26016696103000664
2007-06-12,20.630370868004338,3.117695919964496,0.2399748213422764,0.11949552244145858
2007-06-13,-9.119186069350283,-5.017114036692636,-0.9661494582810328,0.6974169896525214
2007-06-14,5.083874215794547,0.07556512187294336,0.464478084306301,0.15797064492323085
2007-06-15,-11.124881819274416,0.2978822269548147,-0.6947855593027493,-1.214221289541775
2007-06-18,-4.0058987153561905,3.123496600120228,0.24447002899674045,0.35223391892647293
2007-06-19,-12.935846982129931,0.842531251560924,1.2701587037091988,0.3866399356040275
2007-06-20,8.613961194783558,0.7800765246817462,0.5969326626590638,0.0011095957178487205
2007-06-21,3.863000568330121,2.2222270943343516,-1.4794165670338013,-0.192148616766915
2007-06-22,-7.329911533467212,2.5008003667824483,2.0783606526819507,0.7994848176182925
2007-06-25,-9.936284494684543,-0.04407477280286342,1.0535143214031577,-0.02520937310926517
2007-06-26,3.8994634410177706,-0.9138513546126509,-1.2992558098736544,-0.5543978714870571
2007-06-27,-2.0912884342469353,-1.8033862583713538,-0.8968350722095588,1.2225875459841606
2007-06-28,7.5529122116961975,-2.4021583296634463,-0.10126525865879708,-0.5088669232980113
2007-06-29,-18.898509084332904,-0.5203351486583924,1.8836082254816149,0.848089298310599
2007-07-02,-4.499960334212231,-1.6036992759993531,0.07553182549786057,-0.26500359530155326
2007-07-03,9.057586767325514,1.4279338807669444,0.060656407616056514,-0.3085433968885887
2007-07-04,0.008463258675469203,0.008413433824016088,0.005375095992527638,0.00011402241690169341
2007-07-05,20.432669806752305,0.3731337980071398,-1.7572384076439176,0.7823924729994975
2007-07-06,6.20110274500529,2.3111369832970388,1.5847335738404638,-1.963124945590035
2007-07-09,-5.510573270985594,-0.7065956103101253,0.08254836272190662,0.1519103925169708
2007-07-10,-25.07561844704016,0.6977302341377233,0.5615805721639975,0.06586201148622604
2007-07-11,9.596484358495298,0.35630435545301775,0.3788873413268904,0.8997316626638424
2007-07-12,8.974874398136878,-0.846699666563708,-0.8401528215600261,-0.3965412489806888
2007-07-13,-3.5174371705005436,-2.0274714452279023,-0.14251349583437864,0.633618471644567
2007-07-16,-11.033796350459715,-0.090231178201055,0.17515564292528468,-0.17293663740516718
2007-07-17,5.083874215794626,0.07556512187294005,0.4644780843062043,0.15797064492321822
2007-07-18,-12.935846982130009,0.8425312515609269,1.2701587037092956,0.38663993560403986
2007-07-19,4.996975296792903,-0.8676949492143984,-0.4208971313957325,-0.4066706071911703
2007-07-20,-15.13505724349312,2.0815919170078527,-0.47112463977263297,-0.38545799300989303
2007-07-23,1.5537872368055294,-0.6289462809358255,0.332023505953461,0.31483169412852047
2007-07-24,-6.077560635216963,0.8383654114642827,-0.44671135509712234,0.25917138772918924
2007-07-25,-3.9736223924815697,1.3187916274164526,0.4400647996307418,-0.48665873581583674
2007-07-26,-29.689244108177867,7.162479394912128,0.07582101671507276,1.3641355579501686
2007-07-27,-0.01962651438625276,0.4817449302845532,-0.20565368811569648,1.3156500771815236
2007-07-30,5.559776111211223,-1.0812824947456294,0.12379659989737292,-0.9905750024255031
2007-07-31,-7.943148394199568,-1.36495060772068,0.8284524628469876,0.4564987060182265
2007-08-01,-1.9482099691218662,-1.8067891802050933,0.41059771170874837,-0.843843311430708
2007-08-02,3.4558378684758138,-1.5617087106978491,-0.762979554830647,-0.24474487888061972
2007-08-03,-16.42387101443096,6.880105321272967,1.873786610846419,0.5171046915993934
2007-08-06,1.4304254451160698,1.5638720969237574,-0.7335124669086048,0.11243969673423677
2007-08-07,12.993422921981557,-5.293156309103071,-1.0946817680381897,-0.27201774546806823
2007-08-08,16.391775009655237,0.266920424051686,-1.9968951355992703,-1.5845575921122903
2007-08-09,-15.129457169492738,11.959755838475523,0.08479708855726889,-0.04960503149989391
2007-08-10,1.1886874836392307,2.329203386552837,1.7845430036464534,0.23583913880483837
2007-08-13,-4.056334761670227,-0.9558419199141318,-0.4607444295451172,-0.5746565879079257
2007-08-14,-10.063832836187009,3.4801170813000293,0.00341236201514098,-0.7042447705258501
2007-08-15,-12.68850894665275,9.955363883399693,-0.6919750385159071,0.5990934550433679
2007-08-16,-25.303383234890653,8.678478492747944,3.604689744100831,1.4784012151113217
2007-08-17,17.378484723179845,-1.4882252214201368,-2.23037447040554,-0.20929212514394846
2007-08-20,-7.840719351575106,3.0990983956357554,1.971158503079244,-1.7243262966988107
2007-08-21,-8.962134430598995,2.1949000104549516,0.8663370270190803,-0.07987410620771483
2007-08-22,10.473948879765906,-6.894771377601103,-1.2341528836149982,-0.53207068408121
2007-08-23,1.5075377403045005,-6.039658277213378,-0.38862496606244434,-0.13541541268361956
2007-08-24,6.179972547382257,-11.08781587043981,0.7714810209802421,0.4464883477313545
2007-08-27,-4.623322125901652,0.589119101860287,-0.990004147364253,-0.46739559269586484
2007-08-28,-18.77453284054514,10.785315861040017,-1.1440614896056043,0.8581508203556282
2007-08-29,6.859175578051348,0.37806255636676184,2.983934493887411,-1.0291012886654622
2007-08-30,-13.732811730488088,1.4476351240816492,-1.451909013730037,1.9956905361164927
2007-08-31,6.998484496903893,-4.851317736618718,-0.6768270168999991,1.0283242719808814
2007-09-03,0.008463258675469203,0.008413433824016088,0.005375095992527638,0.00011402241690169341
2007-09-04,1.1886874836391912,2.3292033865527793,1.7845430036465009,0.23583913880486587
2007-09-05,-17.037107875163265,3.014354346769821,0.6238784210115046,0.17411857999927546
2007-09-06,6.546485824735834,-2.8364281402174942,-0.10968273490887734,0.3846904645427216
2007-09-07,-28.56364247934113,6.735304303849749,1.165208479301164,0.19632676748145494
2007-09-10,-7.380347579781189,-1.5785381532518838,1.373146194140021,-0.12740568921612647
2007-09-11,9.134699062513983,-6.175596493370251,0.4055439084621682,-0.5563985063064303
2007-09-12,5.729387399401622,2.136611123672301,1.9099810447753431,-0.33793589821900016
2007-09-13,19.40389714653954,-4.613806029041724,-2.25984155832763,-0.5664767007587534
2007-09-14,-5.98647516640228,0.45025200630840584,0.4232298471307372,1.3004560398657712
2007-09-17,3.575013110352263,-2.4231536123141972,0.3179904315054476,-0.5189962815084778
2007-09-18,-1.4120854035778434,9.662492168435175,1.3156184006976288,-0.2530020904127728
2007-09-19,4.837150632415757,4.461201877592205,-1.6665938614178777,-0.24681334986544368
2007-09-20,27.251105803253466,2.5474878932536575,1.0257262196168866,0.5920698166594306
2007-09-21,-9.81292270299522,-2.236893150662508,2.1190502942651928,0.17718262428503273
2007-09-24,-1.417685477578139,-0.21567175303253297,0.7596966723677077,-0.5888550519226919
2007-09-25,-4.600975852649279,5.14178911835513,-0.49581847293049364,1.775030968903197
2007-09-26,-0.3285467214290876,2.4932316048521113,1.6689233777937196,-1.3944145876713951
2007-09-27,-9.036473700161627,-2.7424804893621317,-0.06534022910497667,0.7854148417446711
2007-09-28,1.5579737866185566,-1.960319757179048,0.31658949247938895,0.7914750941507867
2007-10-01,-0.5683107293693068,-6.993415989626067,-1.0643723366823126,-0.7051213439032619
2007-10-02,-5.990661716215221,1.7816254825515907,0.4386638606047899,0.8238126398435851
2007-10-03,5.472877192209472,-2.0245425658329035,-0.7615786158046167,-1.5552162545399915
2007-10-04,-3.434724801311867,0.2471621021025708,0.7582957333416535,0.7216163237367241
2007-10-05,20.099846376460746,1.5265784927919963,-0.10912413931665212,-0.13549273706657194
2007-10-08,0.008463258675469203,0.008413433824016088,0.005375095992527638,0.00011402241690169341
2007-10-09,7.026574269965518,-5.324649233079259,-0.46579823279185306,-0.28721178278375376
2007-10-10,-2.0673852109982205,-0.9453442785886985,-0.670372274627287,-0.5695919088027199
2007-10-11,-0.47162518655421387,2.4966345266857815,0.3614905938755034,0.672016269743377
2007-10-12,11.776735824330096,-4.477867812884912,-3.0540104328522917,-0.14549360713592754
2007-10-15,-2.0996615338729394,0.8593606941150728,-0.8659670452613663,0.26930074593957665
2007-10-16,-9.89422154799657,6.6980106997179,1.7895968068930623,-0.05160566631933203
2007-10-17,-20.48029593515069,3.253103015048413,1.3767990583606495,0.8956208813190184
2007-10-18,-10.388283166852581,1.9708148235983296,1.6206586033942547,-0.6688431805474179
2007-10-19,-24.01038291413972,2.54859161223964,1.2443444800079118,1.0524819305243924
2007-10-22,5.596238983898881,-4.2173609436925865,0.30395735705739924,-1.3528242571456137
2007-10-23,-2.9994723283958855,3.557766410674329,0.252887505246695,-0.5413234689143004
2007-10-24,-11.95751036823125,1.750132558575444,1.0675473958512236,0.8086186025278329
2007-10-25,2.5560270739528277,1.1366970058614683,0.35587499567746306,-1.0553690937345117
2007-10-26,6.066397379506218,-0.34820704735573643,0.2464327629741037,1.0565927118692693
2007-10-29,-1.0525857244119181,-3.173821420521111,-0.6928228253253856,-0.5098624965990579
2007-10-30,3.899463441017748,-0.9138513546125785,-1.2992558098736486,-0.5543978714869476
2007-10-31,17.94965863722431,-4.364559719437775,-1.7165487660605774,0.16009027966617118
2007-11-01,-26.33634244491638,5.022912141942297,3.1175206068911954,-0.3471113586691231
2007-11-02,-13.987109341403942,6.207086842440326,1.1124484972472126,0.6891597781202848
2007-11-05,6.066397379506193,-0.3482070473557271,0.24643276297407948,1.056592711869295
2007-11-06,5.079687665981599,1.4069385981161626,0.47991209778027644,-0.318672755099048
2007-11-07,-9.65667013633276,7.26405288633216,-0.7130246501879227,-0.6516485084122422
2007-11-08,-15.659981661036392,10.368638411302976,-0.2643018721016364,-0.3045932910078708
2007-11-09,-9.81710925280816,-0.9055196744192051,2.134484307739247,-0.2994607757371957
2007-11-12,0.008463258675469203,0.008413433824016088,0.005375095992527638,0.00011402241690169341
2007-11-13,10.925947551933808,-8.909660974002302,-1.8012971656061543,0.11156312335683065
2007-11-14,3.546923337290546,-1.9498221158536397,0.1069616473972721,0.7965397732561109
2007-11-15,-27.272616112126975,10.85739630744849,4.056214400239297,-0.7954863188030394
2007-11-16,-4.532236657086908,0.20100569670442012,-0.12006294513623769,0.5738890594408416
2007-11-19,-19.395343728814648,7.293379849176247,2.301459777260709,-0.3865820544519435
2007-11-20,-4.244249199109054,4.846386403353025,-1.9174699436755154,0.9007367241822786
2007-11-21,-18.00147131543567,9.322170008736531,1.3515434302514306,1.0412796746300264
2007-11-22,0.008463258675469203,0.008413433824016088,0.005375095992527638,0.00011402241690169341
2007-11-23,3.920396190082761,-7.570718735828691,-1.3764258772438938,1.8288191286242972
2007-11-26,-34.56836752823216,-1.369647568890382,1.0425755155835261,0.6841724233981196
2007-11-27,25.124821287265757,-2.485608339193391,-0.3552356095448383,-0.9045266213947083
2007-11-28,18.631634693519032,-5.439592166585378,-0.09088504843140721,-0.6980655181960851
2007-11-29,-16.894029410038332,3.01095142493606,1.9313112049298204,-1.8923122774155543
2007-11-30,2.372299186327134,5.607551852885371,-1.116284531926852,0.8966676183780645
2007-12-03,-20.51675880783842,6.389181463995353,1.1966383012005695,1.257870136039089
2007-12-04,0.008463258675469203,0.008413433824016088,0.005375095992527638,0.00011402241690169341
2007-12-05,3.8307242454553783,4.026932067038111,-1.6750113376678952,0.6467440379753494
2007-12-06,21.804195946878874,-2.1507460589274,-3.201340429086887,-0.032172359517725006
2007-12-07,20.132122699335383,-0.27812647991179157,0.08647063131747466,-0.9743853918088227
2007-12-10,6.427310582859479,-1.9749832386010995,-1.1906527212449127,0.6589418671707097
2007-12-11,-37.53005361880255,7.590417404237415,2.01073639685363,0.592982038879056
2007-12-12,16.412707758720227,-6.389946957164395,-2.074065202969549,0.7986594079990387
2007-12-13,24.981742822140685,-2.482205417359714,-1.6626683934631752,1.161904236020077
2007-12-14,14.978185922840582,-3.951285191534509,-1.2888755996462586,-0.7435964663850213
2007-12-17,-10.41637293991423,2.4441463200588807,1.4096298192860843,0.6466928742172433
2007-12-18,-10.79544586670689,-1.813120981433829,2.3370956155973905,-0.7214394426610058
2007-12-19,-14.892520209927252,-0.9726713624681994,1.6753813194255456,-0.45731739824352363
2007-12-20,-3.410821578063153,1.1052040818853444,0.9847585309239265,-1.070563131050199
2007-12-21,24.612456519161388,1.8073177263720615,-0.19471488229603953,0.6062682806741114
2007-12-24,10.635187068330335,-1.0141308066966659,0.5828995882110498,-0.8327183799191684
2007-12-25,0.008463258675469203,0.008413433824016088,0.005375095992527638,0.00011402241690169341
2007-12-26,13.487484540837528,-0.5659604329835999,-0.9257435645393154,0.34521976875992805
2007-12-27,-15.546406493160328,-0.3709704117811047,0.2607463859045263,-0.9146976551458116
2007-12-28,-21.90225812159133,1.6976443519486142,2.1156866212618297,0.783295207001711
2007-12-31,-13.470558023486632,0.5827873006316293,0.9364937565243902,-0.3449917239262233
2008-01-01,0.008463258675469203,0.008413433824016088,0.005375095992527638,0.00011402241690169341
2008-01-02,-28.559455929528166,5.403930827606479,1.1497744658271165,0.6729701675037731
2008-01-03,-2.468947836852181,5.148883837846856,0.6019864659056492,-0.28633520940637536
2008-01-04,-10.572011054478299,6.441669670622243,0.14849907578991625,1.283193531565184
2008-01-07,-2.1781873532486964,-2.7466463294587706,-1.7822102879114383,0.6579462938697413
2008-01-08,0.4520888312174261,0.6562707899092144,-0.5309011590504796,-0.3095389701895357
2008-01-09,-9.972747367372234,3.0920036761441363,0.8733535642430295,0.33703988161077836
2008-01-10,14.416798632609549,7.471839751707642,-1.262213589135404,-0.3004825096629694
2008-01-11,-18.0238175886881,4.769499992241641,0.8573577558177529,-1.2011468869690736
2008-01-14,-0.7357094212833526,-1.2907042001800875,2.3853603899968547,-1.4470108497850014
2008-01-15,-15.538033393534352,-3.0337173642675475,0.2298783589564794,0.038589144898733115
2008-01-16,1.9567633868467857,4.486363000339586,-0.3689794927756359,-0.10921544378007332
2008-01-17,-16.137297080640423,0.31594863021053815,-0.4949761294966838,0.9847427948531722
2008-01-18,-4.4943602602118995,8.274464645468454,0.6314535538277153,0.07084936620845532
2008-01-21,0.008463258675469203,0.008413433824016088,0.005375095992527638,0.00011402241690169341
2008-01-22,-34.615976526171536,16.970088706497194,1.4800725406494997,-0.524298960460953
2008-01-23,-0.0784356603262775,-0.9348466372633343,-0.880000119709424,-0.5645272296975191
2008-01-24,33.849494465250295,-2.5753901499521494,1.3172919434578012,-1.1777824507216377
2008-01-25,-10.430346113540603,-4.771270648922415,0.8845761179043017,-0.6424468873372992
2008-01-28,-1.45414835026587,2.92040669591441,0.5795359152076275,-0.22660579720262078
2008-01-29,14.474194254362255,-2.321106078455449,-1.1592228993455314,1.7204852357282905
2008-01-30,14.77013780842573,6.218878523101728,1.9961303833468713,-1.5998801175690631
2008-01-31,-23.566757341597793,3.1964489683248045,0.7080682249648405,0.7428289379179566
2008-02-01,-11.518071345502264,3.7293633909039885,0.5467051542821687,0.022322209899100533
2008-02-04,6.675447690425624,4.848917403390633,1.5117749662830329,0.9229354234471149
2008-02-05,-18.979807929334346,8.414568701721972,1.5541547381095628,0.619301007706159
2008-02-06,3.6892027303266173,0.33570695215966573,-3.2501669984376926,-1.3214311209957605
2008-02-07,21.26751095198546,7.841488874250364,1.7163458087594903,-1.3296978207453554
2008-02-08,-17.202532613540814,-1.5349127478913553,-1.17774003734051,-0.0018771241850203384
2008-02-11,-3.0738115979585854,-1.3796140891427255,-0.6787897508773766,0.32396547903807127
2008-02-12,7.064450666840549,2.748809715684746,0.28571826617221396,-0.790251476016077
2008-02-13,3.4656244922891237,6.985081734526693,-0.22249183997480448,0.5677514826516787
2008-02-14,21.207144856049116,10.119525343414674,1.3097222540171276,0.8247308887615212
2008-02-15,-12.506194583214342,-5.725028361335132,0.2088287472844485,-1.2121528185569277
2008-02-18,0.008463258675469203,0.008413433824016088,0.005375095992527638,0.00011402241690169341
2008-02-19,26.79350705708524,-5.31578643181289,1.036948773278137,-0.38741695228868117
2008-02-20,10.351386160165433,-6.990884989588451,2.3648725732761733,-0.6829226446385043
2008-02-21,-32.973406575877114,4.361263226231118,-2.5901230456669473,1.8742405651071934
2008-02-22,3.4151884459751183,2.9057432144923854,-0.9277062985166881,-0.3591390241828096
2008-02-25,26.70242158827045,-4.927673026657023,0.16700757105022268,-1.4287016044253404
2008-02-26,-9.446409425641582,6.014494579559897,1.2378865383760318,0.11538474109646327
2008-02-27,-5.071134248256606,1.272635222018344,-0.43829387884711013,-0.6343860001116943
2008-02-28,-27.187929789401565,2.8800509706719004,-0.2943275556159131,-0.1415946650133753
2008-02-29,-38.62337892476459,6.212887522596051,1.1169437049016435,0.9218981746054653
2008-03-03,-1.9300502456824924,4.077254312532948,0.9202173996165338,0.9219398501461569
2008-03-04,13.862370917817126,5.022680344752356,-1.8377753473765615,1.236708685615933
2008-03-05,11.12506213737331,5.044438545666099,0.7672718051839602,-0.6921242657134693
2008-03-06,-16.486866710183975,6.794887229968317,1.2148741927266766,-1.8397160153019685
2008-03-07,-6.901058206640522,-1.7778272562666557,-3.647530733496084,-0.8508479733796981
2008-03-10,-16.964182129787986,-3.2578025511241075,0.984199935331644,-0.5503799294408929
2008-03-11,36.64156926763017,-14.75334874149787,-1.4370533826903176,-1.739231170409151
2008-03-12,-23.320033758218916,-1.1891877873943564,2.839140170688913,1.147612932706579
2008-03-13,9.108022813639549,5.507272400801207,0.7658708661579037,0.6183471099459107
2008-03-14,-27.90138309648201,3.47085640067623,2.5489753858740523,1.6069938244282713
2008-03-17,-21.253357460260183,4.716248867351854,-1.1188058614964604,0.712492027044624
2008-03-18,31.149065561034476,-12.247061245380404,-0.881128455001328,1.131635161312306
2008-03-19,-16.2738329738672,-6.995581950758135,2.5789956260127194,-0.4552489272586496
2008-03-20,-2.10944815768628,-7.687429751109481,-1.4064547601172819,-0.5431956155926626
2008-03-21,0.008463258675469203,0.008413433824016088,0.005375095992527638,0.00011402241690169341
2008-03-24,45.82384119178306,-6.979856227190069,0.22425161665108145,-1.0330002307880646
2008-03-25,-7.923431720763944,0.8244648483051896,1.0703492739032558,-1.812324148790897
2008-03-26,-5.619961889048643,8.70163973653081,-0.45793390875842466,1.2386581566772021
2008-03-27,9.172575459388977,1.897862455393737,1.157060407426184,-1.059438199538757
2008-03-28,-15.336944854558192,0.6684032712936536,-2.452903855284682,-0.1992044424741178
2008-03-31,-7.444900225530544,2.0308717921555792,0.9819566528718041,1.5503796202685218
2008-04-01,29.61508515671409,-6.757539122108162,-0.9350120269579093,-2.405192165253108
2008-04-02,8.247447917430021,-7.47131120554069,1.478096418548242,0.06290747890646838
2008-04-03,4.462264255436134,-1.127438900143742,-0.7545620785806562,-1.1383022667214229
2008-04-04,-19.75846952844418,-0.00044936744234104313,-1.4973719100774099,0.10031919192187029
2008-04-07,17.653298079620356,-6.347193473599918,0.11172625942671512,-1.1200441851198937
2008-04-08,-4.2840995495207475,7.024906338696157,2.5823647423917446,0.837882615717217
2008-04-09,-19.260221359775212,3.395373032433974,-1.3438677200525815,1.1942001061721794
2008-04-10,11.62189678185498,-2.769276452168555,0.34942025340481164,0.5425470870490341
2008-04-11,-13.622009588237717,3.248937174951754,-0.3400710004458224,0.7681523334441283
2008-04-14,6.94946197477714,2.278881141057899,-0.8106857336379256,-0.03935667336592427
2008-04-15,14.046098805442968,0.5518254977284989,-0.3656158197722285,-0.7153280264966533
2008-04-16,25.89708374028626,-1.6598222016498205,-2.5241921194410017,-0.7729378039573712
2008-04-17,12.832184733417128,-11.173796880007485,-2.9117342398642463,0.02862995036994841
2008-04-18,5.247885429984672,-6.5847051811768855,1.694740800854335,0.47475678761976353
2008-04-21,-1.9440234193088153,-3.138162656448304,0.395163698234691,-0.36719991140840946
2008-04-22,0.9405503760730841,-4.494697255438993,-0.9178846838815028,-0.02815441747146602
2008-04-23,3.173450484498259,3.6710745041213766,1.590349172038393,-0.2357395821121731
2008-04-24,26.536996849892994,-9.476940121318215,-1.6346108873017613,-1.60469730860959
2008-04-25,8.52287572596891,1.168189929837617,-0.2730085395688734,-1.0401750564188448
2008-04-28,-11.398896103625926,2.8679184892875487,1.6276751406182668,-0.25192919272882736
2008-04-29,-3.549713493375262,-0.2227664725242499,-0.33810826646845926,1.472511126386906
2008-04-30,-14.12025775690672,-0.14688522492455577,-0.49357519047065346,-0.3257285808062181
2008-05-01,5.814073722127075,-5.840734213104252,-2.4405609110799054,0.31595575557057864
2008-05-02,20.6710202905051,-1.349756005225649,0.4047015650283334,0.23388966774361963
2008-05-05,-4.572886079587651,4.668457621894631,-0.2847896888223082,0.45949491413858656
2008-05-06,4.1153242257092195,7.714754260082884,1.2075771070202168,0.5484883395317357
2008-05-07,-11.042169450085632,2.572515774285436,0.20602366987325063,-1.1262234374496736
2008-05-08,-17.4639872484533,-2.9589969142883152,1.098418622158362,2.3903451726947447
2008-05-09,-0.29288292083040257,1.6460851457521501,-2.8154772947994027,-1.8082038792285038
2008-05-12,3.90783654064376,-3.5765983070990255,-1.330123836821774,0.3988889285574862
2008-05-13,27.598045832980418,-6.294705266973069,-0.9364129659839348,-1.0947207895936828
2008-05-14,7.022387720152519,-3.9932757568360047,-0.45036421931771725,-0.7638551828060207
2008-05-15,-18.245421873188814,1.1668958905015443,-1.3663182707506498,1.2539295183758883
2008-05-16,3.9863623600195117,0.02940871647479691,-0.41388059417174994,0.010243380627354847
2008-05-19,-5.875673024151888,2.2515540571784607,1.5350678604149368,0.07291783719335605
2008-05-20,-11.518071345502287,3.729363390903977,0.5467051542821538,0.022322209899068003
2008-05-21,9.574138085242907,-4.196365661041851,-0.11529833310681613,-1.3426948989351006
2008-05-22,24.598483345535065,-5.408099242609231,-0.719768583677783,-0.6828714808804245
2008-05-23,-15.93959601938829,3.06051075216802,1.5022370994894299,0.3218458442951106
2008-05-26,0.008463258675469203,0.008413433824016088,0.005375095992527638,0.00011402241690169341
2008-05-27,17.493473415243265,-1.0182966467933272,-1.133970470595403,-0.9601869277941565
2008-05-28,17.342820922581144,-0.6410787623202643,2.2540262021876054,0.2044971664131949
2008-05-29,9.953211012035506,0.06090164045088672,-1.0427641294180783,0.025437417943042797
2008-05-30,-3.2832732365607833,-2.418987772217553,2.0348604903118654,-0.3915277336336273
2008-06-02,-20.077319785109427,8.368412296323845,0.6757960596316018,0.4715737434103909
2008-06-03,-12.044409287232961,0.8068724874881303,0.18217218014917586,0.24397735041341764
2008-06-04,10.47536240395319,4.314766020109916,-0.6627971418110856,-0.6728611225935001
2008-06-05,12.802121006818737,-0.44848649943979535,2.1285881610587873,0.778272203437035
2008-06-06,-24.09728183314141,1.6053315411523157,0.3589692643058871,0.4878406784099522
2008-06-09,30.439143157486964,-25.60286273619547,-3.5568995753940627,-0.5884885639344631
2008-06-10,22.859644855965968,-8.84667512604998,-3.059064236098895,0.14195119798831501
2008-06-11,-6.035497688528989,7.580450883985003,0.2893711303928006,0.23277509451900588
2008-06-12,28.82729258007092,-11.10411419192089,0.9766136584080269,0.20868527214108726
2008-06-13,6.744186885987964,-0.09186601826005482,1.8875304940771969,-0.2782064860153655
2008-06-16,-3.29164633618677,0.24375918026888485,2.065728517260015,-1.3448145336780872
2008-06-17,-8.139435931264288,7.100024668032896,-0.5974050243352321,0.9786052180640178
2008-06-18,-13.70053540761347,-0.35706984862210994,-1.2563142430958845,1.1567978813742346
2008-06-19,15.097361164716961,-4.812730093150914,-0.20790561331019897,-1.0178478690130357
2008-06-20,-15.971872342262964,4.8652157248717725,1.306642328855341,1.160738499037447
2008-06-23,10.59312412164229,-7.756216279217443,-0.15318289727890833,-0.8063220867091405
2008-06-24,-19.708033482130162,4.078889152591993,-0.7921574515355797,1.0272096987562398
2008-06-25,-0.03557364154924593,3.518306845410434,4.520643795533809,-0.5393834860704897
2008-06-26,-15.893346522887256,8.471222748445495,2.222885571505373,0.7720929511073178
2008-06-27,-14.107698107467717,-4.141005653654221,-0.5398772308927736,1.1042016192605935
2008-06-30,-2.012762614871222,1.8026207652023905,0.019408170440521955,0.8339419980539984
2008-07-01,1.402335672054398,2.037203593384276,-0.9445412510167805,1.427975751498807
2008-07-02,-5.304499110107427,-0.6247804408391558,2.0488935647598896,0.4423002420035344
2008-07-03,-3.4795607736255483,6.045987503536065,0.6090030031296462,0.13057877841218235
2008-07-04,0.008463258675469203,0.008413433824016088,0.005375095992527638,0.00011402241690169341
2008-07-07,-8.966320980411933,3.526273486698094,0.8817710404931518,-0.5565175062300178
2008-07-08,-6.599712027134636,-3.4154989681947225,-0.8266783427042259,0.9574699282657058
2008-07-09,-12.163584529109407,1.6683173891045422,-0.8987978061868892,0.5182287530413594
2008-07-10,-0.2803232713913756,-2.348035282977524,-2.861779335221498,-0.3782736791617184
2008-07-11,27.680758202169095,-4.020071719642479,-0.0356037368079032,-1.0067229375015678
2008-07-14,-14.731282021362805,4.907969208436185,3.492433791251579,-0.7579650940815325
2008-07-15,-9.236947787039384,7.053868262634723,-1.475763702813211,0.8308779537681618
2008-07-16,16.976922097325897,4.606002895015363,-0.9580157298725173,0.07396457425243011
2008-07-17,22.728709036739478,-6.280041785550969,0.5708292477403805,-0.9621875626135551
2008-07-18,10.113035676412602,-5.267995186355698,0.202932600604019,-0.13441983938263216
2008-07-21,-2.5110107835402644,-1.5932016346739775,-0.13409601958426162,-0.2599389161963201
2008-07-22,11.534997862853244,-3.7125365232558987,-0.5359549622971611,-0.022094165065324654
2008-07-23,6.788223786212754,-3.6017594298463953,-2.6277382054640004,0.26129102247214847
2008-07-24,-27.77086428079599,7.4615739075721725,3.902710210214568,-1.8893672330533007
2008-07-25,17.880919441661913,0.5762237022129449,-2.0923042938548577,1.3612321891285526
2008-07-28,-17.51300977058008,4.171201963388331,0.9645599054204022,1.3226642273480231
2008-07-29,7.557098761509249,-3.7335318059066784,-0.11669927213284484,-0.032223523275771146
2008-07-30,-3.197173389647996,0.8132042887168596,-1.7443257237394034,0.12157348164379408
2008-07-31,-18.05190736174971,5.242831488702226,0.6463289717095442,0.1143891677955017
2008-08-01,-3.521623720313569,-0.6960979689847012,-0.12707948236029717,0.15697507162224247
2008-08-04,1.8824241172840612,-0.45101749947745895,-1.3006567488997318,0.7560735041723241
2008-08-05,8.696673563972317,3.0547100720122584,1.497741891835039,0.08910744781001825
2008-08-06,5.317239077645358,1.9729807847303802,-2.0227093593007863,-0.9187155971919897
2008-08-07,-26.501767183293722,0.47364504728115314,1.3159021485392253,-0.5231070628534186
2008-08-08,7.0307608197785285,-6.656022709322409,-0.48123224626586125,0.18943161723853008
2008-08-11,10.959637398995905,0.49517145100495036,-1.0343466531680847,-0.8681199698977428
2008-08-12,-18.04772081193672,3.9114580124589464,0.6308949582355194,0.591032567817795
2008-08-13,7.552912211696213,-2.4021583296634006,-0.10126525865885959,-0.5088669232980714
2008-08-14,-10.499085309102966,0.16951277272826143,0.5088205901101234,0.5586950221251484
2008-08-15,-9.373483680266228,-0.2576623183340183,1.598208052696225,-0.6091137683436659
2008-08-18,-6.882099411112146,1.817284246624463,1.5266503841648142,0.9664752250341339
2008-08-19,0.5306146505931184,4.26227781348301,0.3853420835996163,-0.698184518119647
2008-08-20,-10.97917375433259,2.6577338655900533,0.8649360879930265,1.2305972694516034
2008-08-21,12.097798677271628,-3.926124068787082,0.008738768995920866,-0.6059985602997107
2008-08-22,9.019710370450564,-6.645525067997063,-0.6908600913479693,0.1944962963437775
2008-08-25,-16.589295752808376,2.3308382266118137,0.07216815249439618,0.34110898741505763
2008-08-26,2.0296891322221606,-1.7857938975543584,-0.00865797845546668,-0.8337139532201949
2008-08-27,-5.990661716215264,1.7816254825516094,0.43866386060479945,0.8238126398435452
2008-08-28,7.7043637764473,-5.068308203983579,1.1752994983113811,-1.622010980668297
2008-08-29,4.480423978875489,4.756604592594309,-0.24494239067283693,0.6274808948553762
2008-09-01,0.008463258675469203,0.008413433824016088,0.005375095992527638,0.00011402241690169341
2008-09-02,-18.015444489062002,2.106753039755294,0.8264897288696003,-0.24786008692454328
2008-09-03,-6.184176227654351,-2.294310115649006,-1.5739833818554085,1.9633529904238383
2008-09-04,-13.141921143008071,0.7607160820899111,-0.6961864983287406,0.09625008611762197
2008-09-05,4.672524966127265,-2.3769972069160072,1.196349109983397,-0.3712690172126685
2008-09-08,5.513526614710166,-6.491994491023116,-0.596851872118585,-1.4408221092377433
2008-09-09,-11.303624084998145,1.1484316078884838,2.482182329372099,1.265998859430118
2008-09-10,3.0584617924348843,3.2011459294945257,0.4939451722282562,0.5151552205380163
2008-09-11,-5.89957624740051,1.3935120773957674,1.3086050628327035,1.8650972919802247
2008-09-12,18.546149298704634,4.826685160038262,-0.4049045223294327,-1.4034972088227817
2008-09-15,-64.83922276266667,18.912731774322452,5.85054691699224,1.1129177524237723
2008-09-16,6.508609427860865,-10.90988708898147,-0.8611992338728779,0.8877301577750804
2008-09-17,-21.68342686271621,17.84115932764292,4.926152403108136,-2.2892150368778057
2008-09-18,24.332842160809523,-5.500809932762979,1.5718240892950885,1.232707415977134
2008-09-19,58.75337918687312,-12.740459024061257,-6.230147122200774,-2.760205942366813
2008-09-22,5.245112404358995,5.956205692777327,2.2815305561323336,-0.1426770509147783
2008-09-23,0.5067114273444486,3.4042358337003154,0.15887928601734427,1.093994936667215
2008-09-24,-14.332075417594133,4.797301118559862,-2.1767635021831837,2.9418441860709215
2008-09-25,20.238123839674397,-10.64392034035651,5.306948346024993,-2.486236519154257
2008-09-26,-7.8604360250108485,0.9096829396098928,1.7292616920230115,0.5444965581103814
2008-09-29,-61.08631542354743,14.37356444162926,7.887610643486951,3.1530201527939115
2008-09-30,50.01957503135521,-8.582234213951008,-2.9395223416505134,0.6459091401386634
2008-10-01,-22.51328238604741,6.752498785309414,6.101695602984011,0.3510586937263317
2008-10-02,-28.18456955254851,10.992571605342464,0.2377426829898583,1.5644590843596669
2008-10-03,-6.9606252304878975,-1.7887227769493599,0.6104071415147903,1.3551207729642654
2008-10-06,-31.641730786162206,4.015903304639744,0.4656096189572491,0.996821624124914
2008-10-07,3.756384975892677,-0.9104484327789225,-2.606688593791976,1.5120329859277788
2008-10-08,37.45174931170738,-6.737339598172167,6.742352342735484,2.027004043855846
2008-10-09,13.708330947430989,4.442339715621662,6.230216768633719,1.976289416638019
2008-10-10,0.6566060420993168,4.4327139960923985,1.7031669198389767,4.015456895682858
2008-10-13,0.008463258675469203,0.008413433824016088,0.005375095992527638,0.00011402241690169341
2008-10-14,37.954941908096664,-6.07858672140427,1.9481382126815598,-0.4886176950945644
2008-10-15,-17.269059212826846,12.326476081623335,3.682421606422435,1.1100143836021157
2008-10-16,-7.385333201683155,2.04176731283835,-3.2759812221391424,-0.6555891260754433
2008-10-17,3.3597667777590887,2.446710160548324,-6.282048173337762,-1.8142129678766252
2008-10-20,-3.8243834240067973,-10.26796365476762,-3.519287614956104,-1.5105523915108232
2008-10-21,-27.188728861490507,5.168982960518986,-4.958888985369186,-0.19313470185049478
2008-10-22,-17.819156951997222,-6.358222235998297,2.2523472160518465,-0.7699665989703243
2008-10-23,-3.5993504676003294,-6.591036982405569,3.621238704742893,0.5971606563894684
2008-10-24,17.56625573480968,7.613711889735841,0.06542966238015299,2.209130140639341
2008-10-27,4.640248643252585,-0.5722922342122758,1.0007543393492597,0.4676236375297015
2008-10-28,15.650231929513042,1.3310573505165602,0.6353790217824445,1.4795669520940047
2008-10-29,3.2436032042479375,9.939828480181557,2.537460441636584,-1.5776719300868018
2008-10-30,9.913360661623779,2.2394215757940645,3.4570705566490796,-0.0374166905220851
2008-10-31,-0.8333374619964284,6.41234270777815,-2.8659853516587526,1.0181270776049154
2008-11-03,-13.543483768861973,6.854944198525572,0.576172242204224,0.37950678551393463
2008-11-04,-24.908219755125966,-5.004981555308266,-2.8881521545152036,0.8077515173679343
2008-11-05,-12.09484533354704,-3.2724660325462103,-0.5230422783926726,-0.6829131564210211
2008-11-06,-2.094061459872591,10.737524615582807,-0.3100453169315754,0.6051537074495676
2008-11-07,14.814973780739427,0.4200531216682409,2.1454231135589157,-1.0088425722445509
2008-11-10,-7.801626879070822,2.32627450715776,2.403608123616748,2.4246738649893658
2008-11-11,0.008463258675469203,0.008413433824016088,0.005375095992527638,0.00011402241690169341
2008-11-12,-16.970724701686247,4.057130951678272,-3.397204604096032,2.956042650085714
2008-11-13,17.978362862384273,8.660578171659653,-5.598725669901705,-1.3477762504477409
2008-11-14,-18.255208497002158,-7.379894554722933,-1.9068059856064665,0.4414331568436374
2008-11-17,-3.580432866253624,-2.1126895365325997,-0.8014259139540976,-1.723202235256741
2008-11-18,-19.436648797595357,-0.8544016702097172,-3.366907014833888,-4.446331814464893
2008-11-19,-26.56354680341742,-8.457855881265504,0.33792285199292654,1.7721120851657908
2008-11-20,-41.06898472370696,-18.85398186806599,5.163276914742854,-3.904928814484387
2008-11-21,16.550042724035997,-1.3673483660427086,-0.48347552872573746,2.2901911669479342
2008-11-24,33.811618068375246,-10.648849098716164,0.5657754444938079,-0.6747427574893335
2008-11-25,-36.774393939225064,-1.1624679876692225,-0.9355626778017289,-5.075818321646345
2008-11-26,-15.901576196704289,-3.770195733491143,1.4146749797980585,-4.075009426810853
2008-11-27,0.008463258675469203,0.008413433824016088,0.005375095992527638,0.00011402241690169341
2008-11-28,-15.72514875888414,0.47957896915251536,3.437714274579408,1.5655224938260857
2008-12-01,-38.28359591903432,-8.81284152238622,-1.1333943321775743,2.9338606232283353
2008-12-02,-7.281688083429422,-2.3404665210471682,-2.4523420603333728,1.815625726128015
2008-12-03,-5.127313794379985,2.219298214939346,-0.8603514470634743,1.996686109417489
2008-12-04,-18.592218477106755,-4.895076383694867,-0.24325770380524012,-0.9530954532446951
2008-12-05,22.573869994264328,-4.571450424834674,3.974259933997485,-0.27414686842848646
2008-12-08,14.430157354137537,1.1887873331309684,3.3560458001956803,1.1809877272408718
2008-12-09,-24.038472687201402,3.021923108700163,1.0333156958996546,2.3680179852889482
2008-12-10,3.867187118143077,0.8908536180911446,-1.4948505805078034,0.28449478325530453
2008-12-11,-10.626633650605362,3.6937046268311464,-0.5412813692778996,-0.12034037529148359
2008-12-12,-2.5781930291063,-0.347046249735377,-0.7775744242299631,-3.0934030231198273
2008-12-15,-11.884584622855906,-4.522024339318426,1.4278689101713065,0.08412009308768655
2008-12-16,-27.353354527778958,-1.6692161239892038,-2.0959460139679007,-0.3175903691976376
2008-12-17,-13.808838101969556,-23.046097360474402,1.189607677866311,-5.492545473375829
2008-12-18,-19.479469622190702,-6.19079109586533,0.8292948062808158,-0.33378946803179116
2008-12-19,11.321349674438068,-3.420536730087462,2.193129292366161,-1.2142307777592842
2008-12-22,12.466285908161924,-5.926715222671847,-6.123776171924433,-0.10190264179076265
2008-12-23,11.068609013518511,-2.355713048441001,4.4897639264919675,-6.55536755214135
2008-12-24,1.6406861558072385,0.3143137901515391,1.2173987216553763,0.8794729462429803
2008-12-25,0.008463258675469203,0.008413433824016088,0.005375095992527638,0.00011402241690169341
2008-12-26,-5.153846617445349,-1.0019983253122682,-1.3391031080231346,-0.7223838522038186
2008-12-29,-9.011156952725644,9.325098888131546,0.732478310281126,-1.1475550515545145
2008-12-30,-3.4969214249759313,-2.1269879790490624,4.7639447449751735,-1.5836643463275581
2008-12-31,17.324517773332825,8.379043179364816,2.5834851329352735,2.3325295827100243
2009-01-01,0.008463258675469203,0.008413433824016088,0.005375095992527638,0.00011402241690169341
2009-01-02,32.38951245612566,2.6998576726072243,2.1437416260503084,3.1067471460669767
2009-01-05,1.862105820317409,19.70431926929665,-5.316692369478795,-1.819473971288331
2009-01-06,4.31081269068503,1.53871097417636,-2.0311268355508494,-0.025158209351178986
2009-01-07,0.7568224884473368,-0.023842408415083782,-2.3900442114858507,1.9238822946411016
2009-01-08,-6.037710284805213,-1.3401545238788746,-4.94654604116438,0.3220254961942778
2009-01-09,-10.778085215356457,6.359854501151282,-1.8178461262481276,0.9928036820787594
2009-01-12,-10.84668098510986,-3.603527511621116,-3.032680272697753,-1.699869986332519
2009-01-13,0.25020122015231555,-0.7569178558049707,-2.512680374562566,-0.12328541965372189
2009-01-14,-15.529660293908314,-5.696464316754011,0.1990103320083834,0.9918759449432624
2009-01-15,-1.8571245003071517,-2.1949025853609925,1.2805389139367,0.19744134070599906
2009-01-16,14.481392472540529,2.9791938633182657,8.72582168849077,2.15941827091239
2009-01-19,0.008463258675469203,0.008413433824016088,0.005375095992527638,0.00011402241690169341
2009-01-20,6.25911281885637,6.016660540691942,-2.405481424318998,-0.1344876755481218
2009-01-21,25.541770610933362,9.845117911063241,-0.5311849068920597,-0.039433997748819845
2009-01-22,6.87234967958878,9.882411515195095,-1.155573234484056,0.2084984360519666
2009-01-23,9.9888748126342,-0.786244818649059,-5.527164802011267,-0.388351873614048
2009-01-26,8.371424161217815,3.8343398041577252,-1.5495732965390883,0.07296900095146136
2009-01-27,-15.24727290993082,-10.929247531573223,-2.154318394860683,0.9828706481748063
2009-01-28,21.49668926402328,11.070278013351077,-0.7554076213735194,-2.8830274628828265
2009-01-29,26.585458942670364,4.854377282823299,4.321954756271313,-1.2437006034726485
2009-01-30,-1.1213249199742714,1.7669620011296083,-1.0685783531195763,0.6912794128633725
2009-02-02,-18.620308250168435,-4.421744887234352,-0.4542864879134343,0.36244060151989
2009-02-03,24.952436973449622,6.837408916342814,-1.554630299144783,-2.174599564135757
2009-02-04,6.2443817673226825,0.20693961857576507,2.001749180903933,2.6625186161203502
2009-02-05,-2.004389515245207,-0.8601261872840531,-0.01145985650757377,1.7872287980985369
2009-02-06,13.411171317738159,4.74863795130658,3.393930364367754,0.644614915014851
2009-02-09,4.4467341318134785,-4.648227832412921,-1.011892903110925,1.6071639881100082
2009-02-10,-32.813581911499966,-0.9676336005754431,-1.34442631564483,1.714383307781464
2009-02-11,-11.641289711382749,-8.981983665659566,-1.357909437235262,-4.073885365368874
2009-02-12,-4.188069652985693,3.899723410431967,-1.495412375459113,-1.7303353853468284
2009-02-13,28.835064056165894,8.577891080392643,-2.828393178062906,-3.682398258084246
2009-02-16,0.008463258675469203,0.008413433824016088,0.005375095992527638,0.00011402241690169341
2009-02-17,-40.09798975379555,-8.342515068402019,-4.085300362296242,-0.028067604871081866
2009-02-18,21.943886934279895,-3.1117074943649365,2.786087798058752,-2.523706580117667
2009-02-19,18.394697733953535,7.492835034358387,-1.681469279299685,-0.29035315145252194
2009-02-20,-15.799488028446865,-4.45780153066453,2.5060370184553125,2.4308114417784834
2009-02-23,0.36598898430467375,-2.5759212710251704,3.2482850550008067,-0.822640185466879
2009-02-24,5.252071979797684,-7.916078657420054,1.679306787380227,0.9514001876420383
2009-02-25,24.719871183687776,2.651061263638296,5.597118574215493,-1.0463732851835168
2009-02-26,4.832964082602716,5.7925753538354,-1.6511598479438325,-0.7234567498877384
2009-02-27,-3.7194682073746637,11.46350534348096,-1.2852140926910092,4.713687600053965
2009-03-02,-21.221081137385493,2.911543894648096,-0.9232110908622918,-0.12640062769769764
2009-03-03,3.867187118143077,0.8908536180911446,-1.4948505805078034,0.28449478325530453
2009-03-04,13.488283612926512,-2.8548924228305896,3.7388178652138793,0.3967598055970171
2009-03-05,-29.17829286426086,-8.339984068364387,-0.6560554523376968,-0.0058689056063241
2009-03-06,0.5754506229068579,-1.5365475879503694,0.5346348138115377,-0.10714697279520927
2009-03-09,13.388025972396807,2.4848999246587398,-1.7648167398191483,-1.6493516834212107
2009-03-10,17.539722911744313,4.392415349484227,-0.4133219985795072,-0.509939820981967
2009-03-11,-4.254035822922403,-3.7004040418715225,-2.4579576585313045,0.0882403626501075
2009-03-12,-7.2255085373060775,-3.2871295139682255,-2.030284492117012,-0.8154463834011835
2009-03-13,-3.7137247075653357,6.4375038305256,-1.5683709830165438,1.1557249836902905
2009-03-16,11.86923481733213,6.343556179670193,-1.6127134888203911,0.7550006064884509
2009-03-17,13.091665414792942,0.5022661704966183,0.06345828566811461,-2.9294861482073364
2009-03-18,-74.98458101401677,-4.536921463719999,-15.434930042906982,-6.243299995639879
2009-03-19,15.440770290910875,0.291683667441778,3.3490292629716656,0.7640737394223381
2009-03-20,5.499410015274846,1.1967539744186675,-0.2828269548449544,1.163853707081383
2009-03-23,6.866749605588455,0.004247593727353293,-1.7114949628139318,-0.12735452545800122
2009-03-24,-3.4213660797838497,-6.035890316474062,5.376555122672758,2.2030865606405197
2009-03-25,21.94948700828022,6.7664564271028045,3.342009526388629,-2.187853618607699
2009-03-26,-10.70854694770512,-0.8698609103464571,3.2224708312993124,-0.1567981905465969
2009-03-27,-1.2594177631973715,-1.8499405431269555,2.273116279241313,3.285893707137504
2009-03-30,-10.178821528250392,3.0101885066731455,-1.092991637794961,0.046650032124339894
2009-03-31,-6.992901553362571,0.015982195754374387,0.41481237088067113,2.1940134277066203
2009-04-01,-4.043775112231259,-4.949962348643762,-0.5070464699672937,0.855273612158863
2009-04-02,14.786884007677761,0.8933846181287933,1.934394329450703,0.3066934825200189
2009-04-03,24.160457846993445,3.8222073227733215,0.3724293996950957,-0.037365526763971584
2009-04-06,4.27096234027331,3.7172309095195306,2.4687078505163713,-0.08801231781627747
2009-04-07,-4.536423206899904,1.532379172947666,-0.10462893166224627,0.09724565941852087
2009-04-08,-7.751846479036773,-6.209620417384025,-2.3948174662500046,-0.5937912428868874
2009-04-09,15.07487146565561,5.538765324777358,0.13698733091153634,0.6335411472616057
2009-04-10,0.008463258675469203,0.008413433824016088,0.005375095992527638,0.00011402241690169341
2009-04-13,-15.574496266222024,0.1023610846793916,0.04971760179638085,0.40083839961877055
2009-04-14,-13.458797446136584,-1.122401138251029,-3.774369713651002,1.0333984393035665
2009-04-15,1.9651364864728005,1.8236160478531425,-0.39984751972373184,0.8440713562644653
2009-04-16,11.550527986475908,-0.19174759098677527,-0.2786241377668059,-2.767560419896722
2009-04-17,19.86648151460985,-0.37083717006550054,2.3780633042903747,0.941193505048642
2009-04-20,-17.526982944206356,-3.04421500559297,0.43950620403860474,0.03352446579348294
2009-04-21,9.592297808682282,1.6876778316962868,0.39432135480091096,0.4230882626416359
2009-04-22,10.30156456594972,2.428245877935169,-2.433547573214975,-1.8021436268222883
2009-04-23,-4.980048779441899,0.8845218168624513,0.43164732338077866,0.40689865202498327
2009-04-24,12.57930064668861,4.795192236062127,0.22397901291691708,-1.4186912461385013
2009-04-27,-15.582869365848035,2.7651080371658185,0.08058562874451491,-0.5524484004257221
2009-04-28,18.989774871246578,5.474542516123476,-0.9411807773724966,-1.7131502014292501
2009-04-29,7.329333973658721,4.247216452703599,2.926409899804043,1.3803156803494312
2009-04-30,3.141174161623599,5.475779476825106,1.3947544014042863,0.6031530726301692
2009-05-01,5.467133692400152,3.0014589471224316,-0.47842172547911843,2.002746361823703
2009-05-04,-1.4962112969538957,-3.821678776606348,-0.15654657028231006,-0.20020950399256243
2009-05-05,3.4600244182888193,-2.8930821869410197,-0.7784135683047041,0.23189852114169734
2009-05-06,-0.06290553670358259,2.585942295005803,-0.6226692951791045,-3.3099934845289263
2009-05-07,19.844749693455842,8.574962200997634,-2.209328058092653,-1.4935635318997842
2009-05-08,1.3393399763013791,1.9519855020796686,-1.6034536691365417,-0.9288449554024378
2009-05-11,-20.617630900466466,-1.7694955760733264,-0.2137906158831562,-0.5959108776298587
2009-05-12,-2.9000137599551357,0.5069060530319939,1.0919606805265365,1.453247983266873
2009-05-13,-9.004197377286962,-4.547185462065869,0.13025454152912425,-0.05347781299766919
2009-05-14,-2.752748745017076,-0.827870345044963,2.383959450970849,-0.1365394741256185
2009-05-15,5.614398707338251,1.6666825490455321,0.8135770449651467,0.412958904431184
2009-05-18,15.020248869528595,2.79080028098625,-0.552793114156294,-0.7699927595951434
2009-05-19,3.7362512989166436,3.4574869585901937,2.1350429033314753,-0.8196439773465591
2009-05-20,-12.03603618760701,-1.855874464998303,0.15130415320110363,1.1972641504579886
2009-05-21,22.748282284366166,10.813539104898046,1.6518046774520987,0.6628051604509398
2009-05-22,14.187620320571702,4.243050612606954,1.2095398409975446,1.252847132474482
2009-05-25,0.008463258675469203,0.008413433824016088,0.005375095992527638,0.00011402241690169341
2009-05-26,11.518251663601209,1.6129573817169955,-0.474218908400964,-1.9286677651544037
2009-05-27,24.764563730192492,11.756401296628,6.585489923082875,3.4384798380145587
2009-05-28,-2.2122942038510742,-5.594127907070974,2.4344675078301843,-2.9628704309590703
2009-05-29,-28.55093940409314,-12.162981559303063,0.2798278202236284,-2.267558610325344
2009-06-01,36.21554298917817,11.944353676973098,5.431549487095595,-0.3704792564357337
2009-06-02,-7.554145417784624,-3.4650582954265974,-0.39760423726385574,-1.256688193444958
2009-06-03,-14.32633191778483,-0.22870039439554657,-2.4599203925086734,-0.6161184302926773
2009-06-04,23.886443562641894,6.392243585106026,2.69489009961609,0.9249265700490324
2009-06-05,41.08558364057747,-24.435991520690212,-2.737478272119283,-3.690143821079751
2009-06-08,14.744821060989771,-5.848700854391926,1.1983118439607394,0.3330897757301103
2009-06-09,-12.204233951610147,6.135769314294676,-1.0635245498729213,0.4038346077391717
2009-06-10,17.927168938162932,5.986935698490492,-1.3716558218388513,1.8114792959407777
2009-06-11,-13.1642674162604,-3.7919539344048543,-1.190372172762499,-2.1461764754815005
2009-06-12,-11.124881819274378,0.2978822269548316,-0.6947855593026983,-1.2142212895417719
2009-06-15,-9.60764761420603,0.13385400865551195,-0.5791659334500018,0.4160324369344727
2009-06-16,-14.728508995737133,-7.63294166551797,2.9056440359736313,-0.14053125554696877
2009-06-17,-0.9236238587221863,4.511524123086988,0.9286348758665963,0.028382462305355415
2009-06-18,28.998317392448655,3.323316824207961,3.334153845089858,0.7205339378352592
2009-06-19,-12.209034953521464,-6.031326597020047,3.0451151515504535,0.11952168306624798
2009-06-22,-14.36199571838353,0.6184460647044363,2.024480280084467,-0.20232913873557432
2009-06-23,-10.878158235895578,-4.087754528764405,1.4362863864213689,-0.8094372947531244
2009-06-24,10.784282610996147,2.303279345542394,-2.5373742077204984,2.0372035422593755
2009-06-25,-26.10100362952882,-3.331651079307405,-4.621018021747039,-0.8579037990868594
2009-06-26,-6.636174899822343,-0.27942051924776884,-1.0068390998642913,1.3197191829858093
2009-06-29,0.3651899122156893,-0.28698928117815103,-1.4162763747524436,-0.8741802223039529
2009-06-30,2.0843117283492476,0.9621711462367901,0.6811224666123337,0.5698199536365026
2009-07-01,-2.41013869091219,6.565475405394708,1.2763328974994728,1.5938420974726617
2009-07-02,-10.654723423667006,4.1670361232916955,-0.752310153386081,1.195195679473058
2009-07-03,0.008463258675469203,0.008413433824016088,0.005375095992527638,0.00011402241690169341
2009-07-06,-0.7099756703070249,4.219524329918524,-1.8004493787966849,1.220519074999315
2009-07-07,-5.795173251239418,-4.394417803354888,-2.80004008196625,0.2501660909607087
2009-07-08,-24.13934477982946,-5.1367539313684745,-0.37711322118411356,0.514236971620011
2009-07-09,19.072487240435294,7.749176063454014,-0.04037154819643677,-1.6251523493370945
2009-07-10,-18.822195861233514,-5.834933532948513,-2.4360657034255335,0.5486941520556761
2009-07-13,8.696673563972306,3.054710072012274,1.4977418918350514,0.0891074478100147
2009-07-14,20.059196953959994,5.994030417982154,-0.2738508830026665,-0.24988688236876497
2009-07-15,22.524847472137637,2.558748452842002,3.840401217259502,-1.3418278137752708
2009-07-16,-8.181498877952388,0.3579391955120574,-1.3334875098251788,1.0050015112741024
2009-07-17,12.107585301084972,4.620666376437435,0.5492264838517753,0.20649780123256545
2009-07-20,-10.581797678291696,-2.105120774602296,-0.3919886390658886,0.47069717003298994
2009-07-21,-16.837432860374534,-4.493062415379926,-2.6302595350335864,0.07711543113868181
2009-07-22,12.226760542961399,3.7592214748210546,1.6301964701878642,-0.06775360139538328
2009-07-23,27.307285349376855,1.6008249003325594,1.4477837878332482,-2.039002292869787
2009-07-24,-5.4236743519838875,0.23666446077722872,0.9679235784237976,0.7165516446314474
2009-07-27,10.507638726827881,2.5100610474061704,-0.46720237117696034,-1.5117537773358665
2009-07-28,-2.4661748112265394,-7.392027036107371,0.01519671062773714,0.3310986291282193
2009-07-29,1.3584421976386696,-9.357068429452388,2.731648829869039,-3.0053373348622596
2009-07-30,-4.515490457834863,-5.1244882082684216,-0.18179899903249158,2.4804626595298584
2009-07-31,-23.782618126289286,-5.43215664637067,-1.7987646919290403,-0.36005727310076024
2009-08-03,21.92977033484461,4.577040971076912,3.1001127153323433,0.08096923620143
2009-08-04,5.499410015274866,1.1967539744186964,-0.2828269548449782,1.1638537070813693
2009-08-05,14.836520981902803,7.2616551280101485,-2.0249526417606867,1.1820439525174196
2009-08-06,-2.7485621952040584,-2.15924382128817,2.3685254374967895,0.3401039258966438
2009-08-07,19.573508434730005,-1.3959124106238217,-0.4736571134496453,0.08616240344776359
2009-08-10,-17.444270575017686,-0.7695814582624304,1.3403154332146427,0.12152231788561761
2009-08-11,-13.073181947445654,-4.180067339560681,-0.32043097053458275,-1.1048918233448246
2009-08-12,3.7551689002633326,7.935834404463117,-2.287621715365453,-3.140006868992709
2009-08-13,-20.37589293898961,-2.5348268657022697,-2.73184608643833,-0.7193103197005274
2009-08-14,-9.63992393708072,1.9385589813592587,-0.7747607040841267,1.2549250916768389
2009-08-17,-13.129361493569014,-3.2334043466396905,-0.742488538750872,1.526180286184376
2009-08-18,6.209475844631261,-0.3516099691894455,1.5538655468923774,-1.0098381455455154
2009-08-19,-11.358246681125154,-1.59953343590259,1.7924018843043021,-0.13753504742660413
2009-08-20,-2.474547910852558,-4.72928008362091,0.04606473757579426,-0.6221881709163654
2009-08-21,25.738058147998146,1.380142635309733,0.8946725802901284,-0.5615405097946066
2009-08-24,-16.346758719242604,-0.7234250528642631,2.218674111692586,0.26924958218150247
2009-08-25,-4.939399356941182,-3.5829301083277225,0.596374067066811,0.5212927973272011
2009-08-26,-2.0912884342469242,-1.8033862583713898,-0.8968350722095617,1.222587545984106
2009-08-27,3.173450484498283,3.671074504121388,1.5903491720384078,-0.23573958211214058
2009-08-28,-3.88253692366686,0.9306782222605889,1.3100060018587543,0.5546259163208334
2009-08-31,-10.261533897439119,0.735554959342538,-1.9938008669709486,-0.041347819967814
2009-09-01,-6.233198749781027,4.835888762027676,-1.7078420985933964,0.8956720450771017
2009-09-02,-14.52323390694803,-5.26219450620001,0.20742780825844528,0.09831855710249175
2009-09-03,7.393087547319161,2.9267384971431665,-1.3469619886809656,-0.3490096659723565
2009-09-04,17.031544693452922,7.353967938806456,-0.26823528480469944,1.4774984811091831
2009-09-07,0.008463258675469203,0.008413433824016088,0.005375095992527638,0.00011402241690169341
2009-09-08,3.5301771380385083,3.3756717891192136,0.16869770129343065,-1.1100338268329932
2009-09-09,1.4304254451161094,1.563872096923815,-0.7335124669086525,0.11243969673420927
2009-09-10,-19.027470950022686,-8.205680692266514,0.2621505242896826,0.30984433940626793
2009-09-11,-1.5045843965799248,-1.158931824119941,-0.12567854333419634,-1.1534963040370856
2009-09-14,12.35430888446379,0.23502962071821798,2.6802984295758634,0.6112817960212437
2009-09-15,8.046973830552234,2.3250375464560933,0.06767294484004416,0.10837059092998994
2009-09-16,5.152613411356914,-4.865218299777769,0.8402336121004189,-1.04317126453918
2009-09-17,-10.462622436415229,-2.966565676218619,0.6889813472701531,0.19644576740501332
2009-09-18,12.71103553800404,-0.060373094283945467,1.2586469588309008,-0.2630124486995764
2009-09-21,-2.0085760650582047,0.4712472889591831,0.003974156966462113,1.3105853980762607
2009-09-22,-4.0521482118572925,-2.2872153961573374,-0.47617844301921863,-0.098013187885706
2009-09-23,-6.118210057717686,5.305817336654463,-0.6114380987832175,0.1447772424269421
2009-09-24,-6.936722007239212,-0.9306807971666874,0.8368699390970441,-0.4370586818225916
2009-09-25,-4.6289221999020205,-9.289044819607446,-1.5459258756940748,-0.8032485542058279
2009-09-28,-5.945825743901498,-4.017199918881748,0.58795659081676,1.4148501851679989
2009-09-29,1.0232627452618193,-2.2200637081083734,-0.017075454705541476,0.059843434620628716
2009-09-30,-3.9189997963545027,4.0667566712075915,1.1298452446986653,0.9168751710408837
2009-10-01,-17.773706527585183,1.3414217501262542,-1.691565741685478,-0.37125952899519726
2009-10-02,4.960512424105143,2.2683834997325305,-0.6010578885557768,-0.04442135247108918
2009-10-05,-0.5543375557429149,0.2220009793551989,-0.5393186353005543,0.584018417651288
2009-10-06,7.868989442735783,1.7698908805246267,-1.687643473089872,-1.4975553133211341
2009-10-07,-13.605263388985685,-2.076556730021154,-0.4018070543420051,2.6747259335331472
2009-10-08,12.373226485810463,4.713377066591121,-1.742366189121085,-1.709081095624936
2009-10-09,24.188547620055065,3.3488758263127694,0.5834581838032692,-1.352901581528548
2009-10-12,0.008463258675469203,0.008413433824016088,0.005375095992527638,0.00011402241690169341
2009-10-13,-13.49864779654829,1.0561187970921464,0.7254649724161862,0.9705443308384111
2009-10-14,17.95525871122461,5.513604202029968,-1.160627037730681,0.49594324117620914
2009-10-15,6.7400003361749805,1.2395074579831087,1.9029645075513582,-0.7548498860375613
2009-10-16,-8.556385254931948,-5.230701582223821,-0.4214557269879901,0.11351259441812858
2009-10-19,-2.0590121113722746,-3.6080912310751727,-0.7012403015753979,0.38369489124182565
2009-10-20,-10.585984228104675,-0.7737472983590312,-0.37655462559187636,-0.0059462299892997054
2009-10-21,13.154661110545973,0.5874842618012412,0.7223707037878789,-0.5726654413060461
2009-10-22,1.1845009338262822,3.6605768627960162,1.7999770171205274,-0.24080426121741
2009-10-23,13.04385896829558,-1.213817789068792,-0.3894673094963299,0.6548727613664277
2009-10-26,12.67038611550333,4.407078830906261,1.093920215144833,-0.37740659400179494
2009-10-27,-18.775946364732484,-0.4242215366709877,-1.7154172314095442,0.998941258867908
2009-10-28,-8.482045985369286,-0.2933210824068444,0.5102215291361382,-0.7517763535342742
2009-10-29,14.540160424298906,5.279021373847994,-0.19667761627336636,-0.09809051226863465
2009-10-30,-22.63048367438706,-2.638035197181298,-0.23062556838331374,1.1912038980517685
2009-11-02,5.499410015274827,1.1967539744186386,-0.2828269548449306,1.1638537070813968
2009-11-03,7.919425489049789,5.849229400558935,-0.9824290145479881,-0.5706648064866456
2009-11-04,8.09740987686628,6.404376066490437,0.7728874033818894,1.0352610977643923
2009-11-05,-2.690552121352991,1.5462797361067375,-1.6216895606626849,2.16874119593857
2009-11-06,-6.6445479994483385,2.383326433238704,-0.9759710729162195,0.3664323829412569
2009-11-09,-0.05034588726457058,-1.408178133723877,-0.6689713356012363,-1.8800632844621117
2009-11-10,-1.5129574962059198,1.5038151283665315,-0.0948105163861244,-2.106783104081638
2009-11-11,0.008463258675469203,0.008413433824016088,0.005375095992527638,0.00011402241690169341
2009-11-12,-5.696930758428063,1.4010046762448354,-1.6419000282599328,-2.407302311778554
2009-11-13,-3.2790866867477524,-3.750361248460734,2.0194264768378325,0.085115666388664
2009-11-16,-16.631358699496428,-4.411247245909019,-0.6639143329955058,0.3675052806251472
2009-11-17,0.008463258675469203,0.008413433824016088,0.005375095992527638,0.00011402241690169341
2009-11-18,3.6212626068532336,2.9875583839633677,1.038638903521326,-0.06874917469634807
2009-11-19,-4.005898715356215,3.1234966001202373,0.24447002899671624,0.3522339189264989
2009-11-20,3.0080257461208046,-0.8781925905398151,-0.2112692863135919,-0.4117352862964226
2009-11-23,0.9951729722001712,-1.746732211647844,-0.22810423881370243,1.3753794893852314
2009-11-24,-9.04484679978767,-0.07973353687566158,-0.03447220215694397,-0.1678719582998879
2009-11-25,-5.268835309508726,-1.4719268999390704,-2.435507107833295,0.028510950446366177
2009-11-26,0.008463258675469203,0.008413433824016088,0.005375095992527638,0.00011402241690169341
2009-11-27,-11.363232303027202,2.0207720301875765,-2.856725531974859,-0.6657184842858981
2009-11-30,-2.0085760650582047,0.4712472889591831,0.003974156966462113,1.3105853980762607
2009-12-01,7.5387956122608735,5.286590135778355,0.21275965861479496,2.0958088930210685
2009-12-02,7.763172922387359,-3.6517166364356877,1.8496459299051755,0.2581663262106888
2009-12-03,10.566447872767968,3.9266526149540657,0.20714406041684252,0.3684235295431538
2009-12-04,18.032371006412976,-2.089926172107197,-0.8157395368845873,0.2480881317583174
2009-12-07,-7.631257712973036,4.1384720787105564,-0.742491738109995,-1.008833084027071
2009-12-08,-8.752672791996781,3.234273693529646,-1.8473132141701172,0.635619106463938
2009-12-09,6.6011084208629525,-0.08846309642632823,0.5800977101589165,1.7882243713995138
2009-12-10,9.28676507936339,4.656723019867587,-2.4110970225169295,-1.8618730390260294
2009-12-11,8.951770246977135,-3.99367363619337,3.5979458106110047,1.4471782426431852
2009-12-14,4.5856260471255625,-3.320257278003376,0.31097389428143585,-0.9359102693270493
2009-12-15,6.7400003361749805,1.2395074579831087,1.9029645075513582,-0.7548498860375613
2009-12-16,-0.8002620670327659,2.3187057452273887,1.994170848728611,0.2307744596996363
2009-12-17,-20.082919859109715,-1.509751625143912,0.11987433130169352,0.13572078190035627
2009-12-18,10.072386253911887,-0.8005432611654834,0.03820585691795698,-0.24881398468485263
2009-12-21,22.381769007012565,2.562151374675638,2.532968433341263,0.7246030436395454
2009-12-22,11.589620458980285,-0.964571479464802,0.15382548277069252,1.3814397417913982
2009-12-23,2.560213623765869,-0.1946764703817275,0.3404409822034181,-0.5787256937122167
2009-12-24,10.955450849182816,1.8265449272481036,-1.0189126396939798,-1.344763369920014
2009-12-25,0.008463258675469203,0.008413433824016088,0.005375095992527638,0.00011402241690169341
2009-12-28,8.90053512857421,-5.784080166380648,-1.7718300776840936,0.46874769897167645
2009-12-29,-3.8137977281045026,-4.010105199390148,1.6857615296529835,-0.6465159931415508
2009-12-30,-3.402448478437157,-1.5575428706010879,0.9538905039757555,-0.11727633100567698
2009-12-31,10.758548860019697,-3.206949184556293,1.6484355610731363,-0.630326382524867
2010-01-01,0.008463258675469203,0.008413433824016088,0.005375095992527638,0.00011402241690169341
2010-01-04,-3.594549465688924,5.576058928909213,-0.48740099668049064,0.8814735810623715
2010-01-05,-15.578682816035064,1.433734560922578,0.06515161527047036,-0.07580500040347965
2010-01-06,11.41723614516419,8.358445776071461,-1.0455692068293,0.11136679905032261
2010-01-07,1.5860635596802035,-2.4336512536395563,0.5276182765875406,-0.5240609606137575
2010-01-08,-6.56602218007266,5.989333456812472,-0.05972783026615039,-0.022213164988882966
2010-01-11,2.9673763236201443,3.5892593346503943,-0.3759960299996209,-0.5261294315986346
2010-01-12,-17.605508763582055,-6.650222029166769,-0.47673703861144073,0.42217001372363705
2010-01-13,12.825225157978398,2.6984874701899106,-2.309510471112245,-1.0654472881868573
2010-01-14,-9.274025111825468,-3.3085226759763473,2.4372812279760447,1.3854576838375698
2010-01-15,-11.596597164877977,0.12335636733015476,-0.3695380883678585,0.41096775782926975
2010-01-18,0.008463258675469203,0.008413433824016088,0.005375095992527638,0.00011402241690169341
2010-01-19,6.542299274922851,-1.5050546639742903,-0.09424872143481454,-0.0919529354795046
2010-01-20,-7.46305994896987,-3.8531717005824393,0.4723369649640484,-0.21540354130827802
2010-01-21,-11.152971592336074,0.7712137234153592,-0.9058143434108986,0.10131476522282419
2010-01-22,-1.8977739228078119,2.2725493398292174,1.1158121702506711,0.08304719540378698
2010-01-25,6.38666116035878,2.4924686865890933,-1.3553794649309927,0.5445477218684948
2010-01-26,-0.1976109022026947,-0.07340173564696828,-1.9609701060455258,-0.29027582706956656
2010-01-27,4.256989166647015,-3.4981860594617484,1.9436541491345922,-1.3771520793708236
2010-01-28,-0.5039015094288452,4.301339499389555,0.16589582324130583,1.5109089244857232
2010-01-29,-11.50551169606334,-0.26475703782574994,0.5004031138600459,1.4522524099659362
2010-02-01,8.942598075262183,0.9580053061400748,-1.0357475921940902,0.4423514057616402
2010-02-02,-1.5326741696415576,-0.6856003276593652,-0.3367073274424197,0.16203975072745724
2010-02-03,8.90613520257449,4.094083755087075,-1.2159083493542184,0.804600660481684
2010-02-04,-19.639294286567758,-0.8618942690587138,-0.41640192374131374,-0.17393221070608111
2010-02-05,-7.203162264053744,1.2655405025266004,-1.5360988176833041,1.4269801781978748
2010-02-08,4.640248643252585,-0.5722922342122758,1.0007543393492597,0.4676236375297015
2010-02-09,10.959637398995866,0.4951714510049619,-1.0343466531680812,-0.8681199698977806
2010-02-10,12.861688030666185,-0.4375909787570373,-2.129349713952132,-1.4276965429069202
2010-02-11,2.317676590200023,2.859586809094212,-1.806064976994667,-0.5068662884786654
2010-02-12,-8.847145738535541,2.6648285850817373,1.9627410268292294,-0.8307689088579446
2010-02-15,0.008463258675469203,0.008413433824016088,0.005375095992527638,0.00011402241690169341
2010-02-16,-5.5105732709856,-0.7065956103101253,0.08254836272184844,0.15191039251706262
2010-02-17,14.132997724444682,1.4950855688158535,0.5197593959297205,-0.15068677438226868
2010-02-18,9.17676200920197,0.566488979150518,1.141626393952109,-0.5827947995165267
2010-02-19,1.5075377403044565,-6.039658277213387,-0.3886249660624892,-0.13541541268362445
2010-02-22,-0.38891281736543026,4.7712680740163735,1.2622998230514488,0.7600141218355134
2010-02-23,-17.728870555271506,-4.457403651307173,-1.5422730114734644,0.21977801632932187
2010-02-24,2.2315767432872824,-0.3726052518401571,1.9731212370566222,-1.0199675037559632
2010-02-25,-11.596597164878007,0.1233563673301512,-0.36953808836786695,0.41096775782923534
2010-02-26,-5.062761148630646,-1.3901117304681532,-0.46916190579523986,0.3189007999328569
2010-03-01,-1.1213249199742912,1.7669620011295797,-1.0685783531195525,0.6912794128633861
2010-03-02,0.42399905815581723,1.1296022863698016,-0.7419299431586882,1.0059970845750394
2010-03-03,1.8824241172840561,-0.4510174994774514,-1.3006567488997258,0.7560735041723223
2010-03-04,0.40583933471637357,-4.75444120636835,-1.2515496310663994,-0.7597860770017082
2010-03-05,14.013822482568278,2.3565304704322245,-0.561210590406344,0.12356462824565427
2010-03-08,3.50208736497683,3.8490032855797605,-0.04233108281474839,0.2055022279316335
2010-03-09,-2.0996615338729585,0.859360694115025,-0.865967045261442,0.26930074593958125
2010-03-10,5.678951353087656,-1.9427273963619496,1.204766586233412,-1.264826405053516
2010-03-11,3.1678504104979104,-6.207089417346387,1.0344274437085474,-0.571592543622129
2010-03-12,-3.3982619286241795,-2.888916346844353,0.9384564905017433,0.3593670690166129
2010-03-15,0.004276708862452045,1.3397869100672235,0.02080910946658745,-0.47652937760536074
2010-03-16,-8.597034677432644,-0.7632496570336759,-0.5861824706739779,-0.0008815508840546596
2010-03-17,-0.3986994411788495,-3.7755223712081767,0.7218121081956298,-0.052482239696713166
2010-03-18,7.66371435394664,-0.6008562787933701,1.0105727546253522,-1.736405125970509
2010-03-19,4.676711515940293,-3.7083706831592296,1.1809150965093251,0.10537438280959777
2010-03-22,-5.3011116323834155,0.3327780727646552,-2.6311018784674114,0.8674036051886737
2010-03-23,3.419374995788071,1.5743697382491295,-0.9431403119907245,0.11750437583950614
2010-03-24,26.169923143190072,3.733188430277561,5.069259795422487,-2.249583665630825
2010-03-25,8.553595098847248,3.058112993845977,0.19030910791674072,2.1555383052248285
2010-03-26,-9.616020713832025,2.796600961141985,-0.5482979065019293,-0.5372543631100795
2010-03-29,2.084311728349208,0.9621711462367326,0.6811224666123813,0.56981995363653
2010-03-30,0.4604619308434604,-2.0064761625772003,-0.5617691859985993,0.6437478298549892
2010-03-31,-8.066510185889003,0.8278677701388931,-0.23708351001505407,0.25410670862391693
2010-04-01,7.163909235281337,-0.3020506419575111,1.1247914414519982,1.2043199761651273
2010-04-02,14.046098805442906,0.5518254977284298,-0.36561581977219554,-0.7153280264966583
2010-04-05,12.0936121274586,-2.5947505925438596,0.024172782469992778,-1.082641960321977
2010-04-06,-6.081747185029955,2.169738887707521,-0.43127734162313747,-0.21747201229312937
2010-04-07,-17.88789614755957,-1.4174388143475747,1.8765916882576055,0.4311753104920634
2010-04-08,3.9905489098324893,-1.301964759768468,-0.4293146076457622,0.48688678064964475
2010-04-09,-0.8548846631598135,-0.4292592985637027,1.304390403660763,-1.1727594471570888
2010-04-12,-6.631988350009301,-1.6107939954909858,-1.0222731133383272,1.7963625830080456
2010-04-13,-3.6085226393153356,-1.6393580400721393,-1.0124546980622258,-0.40766618049214337
2010-04-14,5.610212157525234,2.9980560252887396,0.8290110584392066,-0.06368449559107837
2010-04-15,-4.655598448776337,2.393824074564055,-1.1855989179983295,0.37149706204646804
2010-04-16,-13.141921143008027,0.7607160820899892,-0.6961864983287394,0.09625008611756117
2010-04-19,7.635624580884942,-0.12752478233284278,0.7995439705171523,-0.42086907120591266
2010-04-20,1.0597256179494878,-5.356142157055386,0.1630853024545716,-0.3024058200994475
2010-04-21,-8.473672885743229,-2.9560680348932475,0.4793535021880334,0.20151044651028324
2010-04-22,7.992351234425162,-0.4229274973350098,-0.6221075002278188,-1.2951633159267675
2010-04-23,6.629198193924587,-0.5617945928869251,0.7911264942671492,0.4726883166349127
2010-04-26,-1.536860719454551,0.6457731485838537,-0.3212733139683452,-0.3146036492947727
2010-04-27,-21.854034671553606,-3.1436225358809957,-2.4150160917535,1.79943611551136
2010-04-28,11.865847339608113,5.385997666066427,3.067281954406856,0.32989724330320247
2010-04-29,-6.6080851267606455,-0.7527520157083173,-0.7958103157560821,0.0041831282211547485
2010-04-30,-12.007946414545275,-2.329205961458772,0.36233293730925636,-0.11827190430663445
2010-05-03,5.207236007483987,-2.1172532559866664,1.5300140571682816,0.3603626423175776
2010-05-04,-16.096647658139773,-4.151503294979657,-0.33024938581064217,1.0991369401553808
2010-05-05,-11.961696918044256,3.0815060348187258,1.0829814093252184,0.33197520250556717
2010-05-06,-33.90610814537304,-4.634095472063816,2.426342422156358,2.09483948034493
2010-05-07,11.973637813493228,0.5556262989195407,-5.721358633619327,-0.8599305945310806
2010-05-10,19.611384831605,6.677546538140144,0.27785938551437933,-0.4168772897846209
2010-05-11,-1.5410472692675932,1.9771466248270706,-0.3058393004943095,-0.7912470493170092
2010-05-12,5.706242054060317,-0.12712690297551016,-3.2487660594116026,-2.6319024966551456
2010-05-13,-2.5474736562279325,1.542876814273034,-0.3142567767443749,0.10231033852375611
2010-05-14,-22.30104772181954,-4.749038405569961,2.8012556065167775,1.6839857449325706
2010-05-17,6.090300602754883,0.5098349324269379,0.4728955605563271,-0.7355867429175598
2010-05-18,-16.10083420795275,-2.820129818736391,-0.3148153723366299,0.6224935401330912
2010-05-19,0.9686401491347969,-4.968028751899475,-0.7068558997733654,-1.3436904722361223
2010-05-20,-17.60969531339508,-5.318848552923554,-0.4613030251373755,-0.05447338629862687
2010-05-21,-6.452447012196537,-4.750275366271622,0.465320427740039,-0.6323175291268135
2010-05-24,5.404137996647095,2.9162408558177457,-1.1373341435988225,-0.35407434507757274
2010-05-25,-4.780373764653068,-6.622894945287278,-2.822490632664318,0.30989550316443537
2010-05-26,6.64891486736026,1.6276208631390159,1.0330233053234126,-1.7961345381742704
2010-05-27,21.719509624153428,5.826599277849135,1.149201526768349,-0.6860640133072998
2010-05-28,-11.91126087173025,7.160844554853034,1.7881958678671015,1.2588657093400555
2010-05-31,0.008463258675469203,0.008413433824016088,0.005375095992527638,0.00011402241690169341
2010-06-01,-2.059012111372235,-3.608091231075115,-0.7012403015754455,0.3836948912417981
2010-06-02,10.040109931037248,1.0041617115382444,-0.1573889137161204,0.590078670057462
2010-06-03,6.053837730067191,3.645913381373938,0.2927348033961994,-0.3733374881975158
2010-06-04,-32.420392385272045,-4.399114764524578,-2.5859170292297073,0.47783980834056416
2010-06-07,-3.2756992090237196,-2.7928027348569215,-2.6605689663894774,0.5102190295738523
2010-06-08,1.7879511707452984,-1.0204626079254178,2.5093974920996893,-0.7103145111495114
2010-06-09,2.527937300891192,1.6100285023219931,0.14484621156931424,0.260166961030078
2010-06-10,22.282310438571802,5.613011732317957,1.6938952580614184,-1.2699684085416727
2010-06-11,-16.09664765813971,-4.151503294979588,-0.3302493858106747,1.0991369401553857
2010-06-14,7.512262789195499,2.0652935955267253,-0.26599200234486786,-0.6232610686002846
2010-06-15,6.06221082969325,0.9831664288875136,0.26186677644810374,0.5799493118469832
2010-06-16,-8.92567155791126,-0.9411784384920888,1.046497784179208,-0.442123360927777
2010-06-17,-9.57537129133134,-1.6708509640482134,-0.38357116281588577,-0.4228602178078352
2010-06-18,5.083874215794606,0.0755651218729707,0.46447808430622894,0.15797064492321067
2010-06-21,2.527937300891116,1.610028502321929,0.144846211569335,0.260166961030086
2010-06-22,-12.657646147965385,-3.05887848701501,-1.0677360096857027,-0.09900876118663193
2010-06-23,-9.936284494684584,-0.04407477280286342,1.0535143214031366,-0.025209373109286486
2010-06-24,2.765488712555021,2.176070688936214,-2.357775245511719,-0.339875881062808
2010-06-25,-4.532236657086905,0.201005696704471,-0.12006294513631241,0.5738890594407946
2010-06-28,-11.679309534066764,-2.151277180000479,-1.270347317543843,0.32296990573710815
2010-06-29,-10.636420274418688,-4.853085818393352,-1.081769084133733,-0.9328367368237291
2010-06-30,-0.7596126445320496,-2.1487461799627856,2.158897592414643,0.3451686050018541
2010-07-01,-0.39869944117883194,-3.7755223712081887,0.7218121081956359,-0.05248223969672427
2010-07-02,5.934662488190808,4.507358282990338,-0.7882351829398899,-0.09908608556960653
2010-07-05,0.008463258675469203,0.008413433824016088,0.005375095992527638,0.00011402241690169341
2010-07-06,-8.70783681968304,-2.564551707903702,-1.6980204839581805,1.2266566517884174
2010-07-07,7.923612038862798,4.517855924315694,-0.9978630280220118,-0.09402140646438258
2010-07-08,4.484610528688504,3.425231116351091,-0.2603764041469213,1.104124294877655
2010-07-09,6.2011027450052785,2.3111369832970228,1.5847335738404615,-1.9631249455900806
2010-07-12,1.882424117284085,-0.4510174994774474,-1.300656748899717,0.7560735041723567
2010-07-13,9.679196727683967,2.6309379027836095,1.2796965705028656,0.9877295147560491
2010-07-14,-14.11607120709369,-1.4782587011677684,-0.5090092039447014,0.1509148192160317
2010-07-15,-10.220884474938416,-3.73189696584763,-1.8290741232849281,0.07304632533441664
2010-07-16,-6.394436938345489,-1.044751808876743,-3.524894570419411,1.1963197409151267
2010-07-19,5.075501116168559,2.7383120743593903,0.49534611125433636,-0.7953161551213013
2010-07-20,-1.651849411517985,0.17584457395701594,-1.417677313778509,0.4362911533554063
2010-07-21,-12.862921236754568,-5.4296256463329975,1.6304802180294555,-0.33785857383607204
2010-07-22,8.462509630032526,3.446226399001843,-0.6796320943111749,1.1142536530881222
2010-07-23,9.255287828577673,4.172496002724298,2.057869636602193,-0.9714403474466345
2010-07-26,2.8888505042444295,-0.01674768892338109,-1.2922392726497167,-0.13748388366851405
2010-07-27,9.620387581743952,1.2143463352357278,0.6053501389091165,-0.8924477921229315
2010-07-28,-8.83957171099849,2.2910136224423425,-2.732688429872141,0.0709778543495064
2010-07-29,-3.2575394855843793,3.091240757881123,-2.150949278481695,2.276002191150681
2010-07-30,-16.65944847255807,-3.937915749448455,-0.8749431171037024,1.6830413353897482
2010-08-02,8.930038425823138,4.95212573486973,-0.9894455517719467,-0.9875787943051478
2010-08-03,-9.960986790022204,1.3868152372614861,-3.8375099059323277,1.7154300448405027
2010-08-04,8.761226209721698,-0.5546998733952037,1.8889314331033042,-1.5886778616746724
2010-08-05,-7.175072490992059,0.7922090060660776,-1.3250700335751162,0.11144412343329198
2010-08-06,-11.207594188463098,-1.9767513203757414,-1.5955947884787223,-1.302219141633927
2010-08-09,3.931739763892437,-2.718556327316356,-1.1036610392395383,-1.3932905262293558
2010-08-10,-9.576170363420289,0.6180810257988125,-5.048132592569109,-0.4744002546448899
2010-08-11,-7.069870422741963,-7.2846528645315685,-0.7691537486208425,-1.4519470407491641
2010-08-12,4.220526293959284,-0.362107610514806,1.7634933919745117,-1.014902824650752
2010-08-13,-7.3157949340318265,-5.1879480986593745,1.7643357354083102,-1.805190998700803
2010-08-16,-17.276072811014533,-8.761225237555392,2.5551441362886202,0.9149518606044369
2010-08-17,8.133872749553948,3.268297617543447,0.9530481605419932,0.6730118430443749
2010-08-18,-1.0882495250106288,-2.3266749614211815,3.791577847267811,-0.09607320504189325
2010-08-19,-10.014810314060288,-3.6500817963766528,0.13727107875309785,0.3634361748208652
2010-08-20,5.967737883154451,0.41372132043954807,4.071921017447497,-0.8864387034748723
2010-08-23,-4.199413226795349,-0.952438998080398,-1.7681772134634923,1.4917742695068317
2010-08-24,-12.379445313800867,-6.960288225590959,-3.405630723080758,-0.5846574579773781
2010-08-25,6.629198193924594,-0.5617945928868915,0.7911264942671131,0.4726883166349118
2010-08-26,-6.813360215549817,-3.1234991750262875,1.902405911959079,-0.23466668442824018
2010-08-27,24.091718651431076,8.762990744424023,-0.0033261280991144122,1.1637763826984275
2010-08-30,-18.715580268796167,-2.702258005835254,-1.3087936766672814,-1.1554874506390354
2010-08-31,-12.003759864732285,-3.660579437702042,0.34689892383525606,0.35837149571564236
2010-09-01,17.503260039056585,7.528493798431169,-0.5934827557395869,-0.14769056626189564
2010-09-02,6.912999102089472,5.4149595900049095,-0.9908464907980387,0.322892581354152
2010-09-03,12.198670769899707,4.232552971281565,1.4191676860797038,1.2477824533692585
2010-09-06,0.008463258675469203,0.008413433824016088,0.005375095992527638,0.00011402241690169341
2010-09-07,-17.042707949163727,-6.863809574697946,0.06795669268160817,-0.16173438151075742
2010-09-08,9.0575867673256,1.4279338807669346,0.06065640761602293,-0.30854339688857224
2010-09-09,19.64366115447968,4.872841565436392,0.47345415614853825,-1.2557699445269301
2010-09-10,5.495223465461849,2.528127450661904,-0.2673929413709185,0.687210307059107
2010-09-13,-12.694109020653073,0.0771999619319812,-1.2478967668458372,0.26324049353341394
2010-09-14,-10.820148162044486,-0.3822309713694858,-2.5539286117380904,1.0191999752888345
2010-09-15,8.454136530406512,6.108973351488286,-0.6487640673630792,0.1609668530435836
2010-09-16,4.060701629582173,4.966789216291773,0.5177966619523786,-0.8550455673250478
2010-09-17,-3.073811597958605,-1.3796140891427542,-0.6787897508773527,0.32396547903808504
2010-09-20,-5.062761148630595,-1.39011173046811,-0.46916190579523037,0.318900799932861
2010-09-21,-16.278818595769188,-3.375276484667916,-2.0701317902664615,-0.983432364117998
2010-09-22,-4.998208502881234,-4.999521675875611,-0.07797236452696515,-1.3588845095517994
2010-09-23,0.5754506229068382,-1.5365475879503983,0.5346348138115615,-0.10714697279519551
2010-09-24,7.5668853853225775,4.813258639317861,0.42378844272295907,0.7802728382564721
2010-09-27,-12.086472233921016,-5.935212985032611,-0.55391030534078,0.27037364362350014
2010-09-28,-11.485795022627636,1.9246584182001916,0.7422999249163148,-0.8165704448432113
2010-09-29,8.301271441468087,-2.434414171902552,-2.4966845661372172,1.414901348926134
2010-09-30,-0.9152507590961635,1.8487771706005571,0.8977668489184739,0.9816692623498348
2010-10-01,0.8676246306977418,1.7774596424549758,-1.2782061982016837,0.696344091968629
2010-10-04,-4.2665954723614155,0.29371638685815715,-2.411655618109173,-1.3416898374167072
2010-10-05,0.21373834746463602,2.379160593142025,-2.6928411317226817,0.23896383506630897
2010-10-06,-12.066755560485364,-3.7457975290067216,-0.31201349428447483,-1.9984492111856063
2010-10-07,0.20536524783862142,5.041907545628468,-2.6619731047745856,-0.7143229649782297
2010-10-08,-0.7968745893087165,3.2762642588311786,-2.6858245944986483,0.655877822884858
2010-10-11,0.008463258675469203,0.008413433824016088,0.005375095992527638,0.00011402241690169341
2010-10-12,6.414750933420428,2.0191371901285637,-1.1443506808228319,-0.7709883328961079
2010-10-13,2.2895868171383627,3.332918305554746,-2.01709376110284,0.8086697662859502
2010-10-14,9.583924709056271,4.350424784182723,0.4251893817490007,-0.5301985374029008
2010-10-15,7.534609062447876,6.617963612021591,0.22819367208883107,1.6191654929987926
2010-10-18,-8.88163465768649,-4.451071850078422,-3.4687709153620934,0.09737414755961563
2010-10-19,-4.5280501072739145,-1.130367779538799,-0.13549695861031247,1.0505324594630714
2010-10-20,-0.7960755172197487,0.9873322689841808,1.9787368352545511,0.7074178597218987
2010-10-21,9.025310444450884,3.23263885347067,-0.13493836301811707,0.5303492578537619
2010-10-22,0.8642371529736855,0.8199011288511521,3.4017892450256113,0.2712407287834078
2010-10-25,1.2616132290146418,-3.94295351134116,2.144864517966649,-0.4886593706352427
2010-10-26,13.561823810400275,4.371420066833446,0.00593369158477107,-0.5200691791924198
2010-10-27,10.887510725709442,4.478396359051821,3.269893262265041,-0.09208142362055585
2010-10-28,-11.17767388767369,2.2021037334797016,-5.79683857074637,1.8419541831726158
2010-10-29,-10.581797678291654,-2.105120774602242,-0.39198863906593895,0.47069717003296335
2010-11-01,2.4998475278294916,2.0833599987824702,-0.0661825725388112,1.5757030157947212
2010-11-02,-6.2702760745670965,-5.526502176583358,2.2052028321958415,1.4502517751464945
2010-11-03,6.99411332710024,12.2674571170295,-9.419160121128463,0.30781035977219157
2010-11-04,-14.083037006311715,-4.688659720736686,-5.245698739915263,-4.7741238887492585
2010-11-05,11.846888544079807,1.7908861631753656,-2.1068991632540843,-1.487425955110622
2010-11-08,4.109724151708889,-2.163409661384836,0.6516553786903057,0.21263537802172078
2010-11-09,22.310400211633485,5.139680235857434,1.9049240421696072,-2.585504463306257
2010-11-10,-6.8813415332048695,0.41158819975928707,-3.4056339224398515,-3.119670828188853
2010-11-11,0.008463258675469203,0.008413433824016088,0.005375095992527638,0.00011402241690169341
2010-11-12,16.222204915646376,-3.8342091373481324,5.8137661558806695,1.9004893937412275
2010-11-15,23.787784066290133,7.154171952901314,6.520378354089503,-1.0181048452951245
2010-11-16,-11.079246774871702,-7.78987516432561,4.1190686006625326,-0.5716437073802366
2010-11-17,3.917623164457115,4.970192138125476,-0.7896361219659314,1.2113852900897661
2010-11-18,1.6771490284949337,-2.8217646587954097,1.3975594788154297,0.5172236915228896
2010-11-19,-1.1470586709506811,-3.74326652896907,3.117231415674035,-1.9762505119208937
2010-11-22,-13.458797446136584,-1.122401138251029,-3.774369713651002,1.0333984393035665
2010-11-23,-6.525372757571948,1.5218815316222614,0.10499891341991478,0.0921809803133364
2010-11-24,26.031031227878028,2.4052178758680602,3.7463929980301205,0.29349059180624953
2010-11-25,0.008463258675469203,0.008413433824016088,0.005375095992527638,0.00011402241690169341
2010-11-26,-9.332834257765521,-4.725114243524236,1.7629347963822684,-0.4947196230414303
2010-11-29,-4.491587234586232,-4.266446228485743,0.04466379854972873,0.6882832047429936
2010-11-30,-8.756060269720784,2.2767151799258922,2.8326822290571303,0.21051574327873598
2010-12-01,27.037457614838345,2.839487686422086,3.754810474280172,-0.600066796034549
2010-12-02,6.625011644111546,0.769578883356271,0.8065605077411943,-0.003955083387382478
2010-12-03,-1.6420627877046006,8.72263501918159,-0.877189598922702,1.248787514887655
2010-12-06,-16.700097895058764,0.5295361757417347,-1.0396698607897166,1.5686471900875623
2010-12-07,34.10600467244241,1.5857635395531213,3.9888516040377096,0.03949790559925302
2010-12-08,19.89875783748456,-2.1755421427692188,2.5736580749244764,0.10230085030626279
2010-12-09,-1.2339575899524067,-4.686526600056419,2.2318561999720736,-2.5408917640352655
2010-12-10,10.210520291316634,1.9331233401091372,6.2933569609150695,1.2942578111010572
2010-12-13,-8.653214223556006,0.1834133358873939,-1.0082400388903447,2.6301905586451553
2010-12-14,29.163742130826144,7.872583918869159,5.13577230344187,0.8965296420195294
2010-12-15,6.9494619747771145,2.278881141057908,-0.8106857336379498,-0.03935667336589829
2010-12-16,-7.796682451350407,-0.41079501595056817,-2.544110196461983,-1.184828788211343
2010-12-17,-21.879768422529995,-8.653851065979646,1.7707936770400887,-0.8680938092729192
2010-12-20,4.516886851563181,1.620526143647349,-0.06478163351280795,0.265231640135302
2010-12-21,-0.07843566032624383,-0.9348466372633378,-0.8800001197094215,-0.564527229697483
2010-12-22,3.5708265605391762,-1.0917801360709933,0.333424444979478,-0.9956396815307961
2010-12-23,8.404499556181426,-0.2592971583930888,3.3105829038483106,-0.7143836169537775
2010-12-24,0.008463258675469203,0.008413433824016088,0.005375095992527638,0.00011402241690169341
2010-12-27,-3.6547721358163288,-7.050070036349648,-1.7331031700781636,-0.8579132873043714
2010-12-28,19.79355576923451,5.901319727828461,2.0177417899701875,1.6656920144887384
2010-12-29,-26.703654794358897,-0.9395435984330196,-0.6658770669729052,-0.33685351231760197
2010-12-30,5.083874215794543,0.07556512187290161,0.4644780843062617,0.15797064492320564
2010-12-31,-13.314919908922553,-3.414736049931747,2.1976245000205465,-0.9814923812741604
2011-01-03,5.99765818394387,4.592576374294985,-0.12932276482013738,2.257734621331657
2011-01-04,2.5594145516768965,2.0942555194652877,-4.32412044754982,-0.6302657305493037
2011-01-05,23.273206701909487,2.526492610602835,1.444981909781195,0.5819404584489312
2011-01-06,-8.244494573705426,0.2727211042074315,-1.992399927944961,-1.351819195627173
2011-01-07,-18.455682583879952,2.4164541972738447,-3.317229459314643,0.48689626886709714
2011-01-10,-3.6407989621900136,0.1653469326316024,-1.2080494686963392,0.43122647425020977
2011-01-11,6.83108580498976,0.8513940528273293,2.7729057097792027,0.2864347660991036
2011-01-12,3.9540860371447706,1.8341136891784697,-0.6094753648058303,0.849136035369703
2011-01-13,-8.359483265768816,-0.19720747041939723,-3.08880392775508,-0.6009243929769892
2011-01-14,2.9996526464948334,1.7845543619466686,-0.1804012593655051,-1.3650220863409426
2011-01-17,0.008463258675469203,0.008413433824016088,0.005375095992527638,0.00011402241690169341
2011-01-18,5.051597892919853,1.880270094576648,0.26888331367213636,0.9968632996655719
2011-01-19,-3.5174371705005423,-2.0274714452279237,-0.1425134958343693,0.6336184716445087
2011-01-20,16.890822250413155,1.3738108340809625,2.8211704841787575,-0.4391366410249099
2011-01-21,-4.9477724565672005,-0.920183155841262,0.627242094014868,-0.43199400271738386
2011-01-24,-1.080675497473607,-2.700489924060618,-0.9038516094335084,0.8056735581656306
2011-01-25,-12.657646147965371,-3.0588784870149643,-1.0677360096857655,-0.09900876118669186
2011-01-26,14.175060671132652,8.237171041336575,1.2558418814197243,-0.17708306759230483
2011-01-27,-6.6403614496353205,1.0519529569954755,-0.9914050863902697,0.8430757829634609
2011-01-28,-10.590170777917685,0.5576261778841679,-0.36112061211782265,-0.4825896300115606
2011-01-31,8.914508302200494,1.431336802600605,-1.2467763763022723,1.7578874605262216
2011-02-01,10.274273864977053,0.6126453845486958,2.0199850724300763,-0.4350675352206577
2011-02-02,10.223837818662997,-3.4666931354856643,1.3147706138882274,-1.3619580420551058
2011-02-03,10.841261229208436,-0.9323156372256812,2.549244790249092,-0.5423285304327709
2011-02-04,15.769407171389453,0.46961244890017323,1.716349008118498,1.2053155494660854
2011-02-07,0.6946258647832332,-2.397992489566803,1.6156048001476626,-0.3813983754231179
2011-02-08,15.180073533905677,-2.538096545820333,0.6929036158658304,-0.929850016920882
2011-02-09,-13.172640515886439,-1.1292069819184325,-1.1595041458143733,-3.0994632755260274
2011-02-10,10.187374945975321,-0.33061468653864534,1.1346098567281204,-0.9997087873350314
2011-02-11,-6.099906908469334,-3.7143046050305815,-0.9408970295308724,-1.9832551738699304
2011-02-14,-2.5026376839142066,-4.255948587160381,-0.16496404653236657,0.6933478838482372
2011-02-15,-3.4389113511248635,1.5785355783458448,0.7737297468156995,0.24497292371436843
2011-02-16,3.008025746120828,-0.8781925905398036,-0.21126928631357708,-0.4117352862963901
2011-02-17,-9.200484914351735,3.9177898136877145,-1.2956029456531273,0.46862869904811316
2011-02-18,1.422052345490075,4.22661904941023,-0.7026444399605328,-0.8408471033103155
2011-02-21,0.008463258675469203,0.008413433824016088,0.005375095992527638,0.00011402241690169341
2011-02-22,-21.049495895658364,-4.122541371041171,-4.388377831015499,1.0921322782063374
2011-02-23,3.9829748822954665,-0.9281497971290106,4.266114849055548,-0.41485998255782075
2011-02-24,-5.38721147929618,-2.8994139881697247,1.148084335583863,0.35430238991134366
2011-02-25,-5.597472189987312,-1.6498556813975,-0.8028268529800915,-0.41273085959738065
2011-02-28,-3.9106266967284937,1.4040097187211857,1.0989772177505217,1.8701619710854345
2011-03-01,-3.438911351124835,1.5785355783458488,0.7737297468157083,0.24497292371440268
2011-03-02,9.501212339867521,2.0757912368520954,-0.4756198474269574,-0.6181963894950429
2011-03-03,23.218584105782423,-0.22147243318825416,0.7552014647133167,-0.8215934484077656
2011-03-04,-18.820782337046204,5.37460386476242,-1.8647099616215577,0.4079037135434284
2011-03-07,3.5427367874775264,-0.6184486396104054,0.12239566087124856,0.31989637323375775
2011-03-08,7.931985138488849,1.8551089718292573,-1.028731054970081,0.8592653935801756
2011-03-09,-11.651219761005093,-2.6246086764609973,-1.0593185334356674,-0.992566149027462
2011-03-10,-17.408606774418907,-1.6167279173622784,-3.1440852393786023,-0.29226697367148224
2011-03-11,2.171210647350921,1.9054312173240866,1.5664976823143302,1.1344612057509147
2011-03-14,-7.737873305410431,1.0057965515972556,-1.869763764868186,0.6953485186676651
2011-03-15,-2.9181734833944915,-5.377137439706098,0.5823409926188166,-0.31253517830989563
2011-03-16,-19.421459548339584,-2.485267538470377,-3.1609201918786503,1.4948478020101386
2011-03-17,6.533926175296842,1.157692288512187,-0.06338069448675486,-1.045239735524044
2011-03-18,5.318038149734343,-0.3159512051166392,2.641852070452464,-0.867175560354916
2011-03-21,11.293259901376432,-2.9472052336269066,1.9821005082579588,0.10130527700531876
2011-03-22,1.7010522517435882,-1.963722679012721,1.6240222763976655,-1.2749557632639432
2011-03-23,1.525697463743836,-0.15561478447528437,0.12099472184524558,1.630367748893177
2011-03-24,10.274273864977065,0.6126453845486913,2.019985072430088,-0.43506753522067104
2011-03-25,9.989673884723183,-3.075176808496119,-0.8626033722579867,-0.33681183677697146
2011-03-28,3.12720098799723,-1.7396374921561752,0.8697007000224879,-0.6859866889243131
2011-03-29,4.069074729208207,2.3040422638053584,0.48692863500425876,0.09824123271947698
2011-03-30,-5.181936390507029,-0.5286668288517625,-1.5501318921312834,0.5931522025608107
2011-03-31,1.2532401293886395,-1.2802065588547213,2.175732544914757,-1.4419461706797942
2011-04-01,-1.8571245003071122,-2.1949025853609347,1.2805389139366525,0.19744134070597158
2011-04-04,-3.677261834877669,3.3014253815786097,-1.38821022585644,0.793475728970273
2011-04-05,11.206360982374626,-3.890465304714311,1.0967252925560242,-0.4633359751090467
2011-04-06,9.0211238946379,4.564012329713901,-0.11950434954406897,0.053705857831472574
2011-04-07,-0.1836377285763024,7.142015233334325,-1.4359164046637125,0.998863934484948
2011-04-08,2.564400173578843,-1.526049946625006,0.3250069687294213,-0.10208229368998709
2011-04-11,1.347713075927374,-0.7107614504068038,-1.6343216960846139,0.024441844642114425
2011-04-12,-15.043971774678312,1.6934785118519844,0.39881656245531427,0.6558266591267368
2011-04-13,-5.5105732709856,-0.7065956103101253,0.08254836272184844,0.15191039251706262
2011-04-14,3.3374616986883643,-2.9891957989284212,2.820611888586452,0.08104656058435232
2011-04-15,-14.683058571325093,0.06670232060657179,-1.038268921763649,0.25817581442820237
2011-04-18,-6.192549327280371,0.36843683683747547,-1.5431153549073613,1.0100661903793118
2011-04-19,-1.8613110501201402,-0.8635291091177814,1.2959729274107687,-0.27920205931622905
2011-04-20,7.74642672313533,1.6737772685371988,1.9113819838013668,-1.6484072738783884
2011-04-21,-1.5368607194545698,0.6457731485838346,-0.3212733139683661,-0.31460364929480333
2011-04-22,0.008463258675469203,0.008413433824016088,0.005375095992527638,0.00011402241690169341
2011-04-25,-4.738310817965033,0.11919052723349341,-2.0864081471743385,0.28349920995434574
2011-04-26,-9.480099272703633,-3.390337845447332,0.4709360259379915,1.0950678343511018
2011-04-27,5.9065727151291805,4.980689779450897,-0.9992639670480745,1.2164499691949826
2011-04-28,-8.7162099193091,0.09819524458270093,-1.6671524570100758,0.2733698517438602
2011-04-29,-4.084424534731931,-0.4825104234535383,-0.6717732136533796,0.7408794668566197
2011-05-02,-1.9762997421835427,-1.3334576837446048,0.19956892760063785,0.4716927433339676
2011-05-03,-2.482921010478553,-2.0665331311344377,0.07693276452386648,-1.575474970960918
2011-05-04,-3.9371595197938714,-1.8172868215304951,0.6202255567909332,-0.8489079905358721
2011-05-05,-11.675122984253738,-3.48265065624367,-1.2857813310179,0.7996133057594161
2011-05-06,0.8634380808847333,3.108833118698196,-1.2627721847276505,0.2197006919463073
2011-05-09,-2.3057356947510863,0.7775455246440475,-2.832312247299468,-0.021089103546867365
2011-05-10,9.826461742622065,1.2961615047067099,2.571695340947131,-0.6020579426364701
2011-05-11,-7.055897249115627,-0.06923589555031104,-0.24410004723903284,-0.16280727919465554
2011-05-12,5.847763569189098,3.5640982119030253,-1.6736103986418687,-0.6637273376839941
2011-05-13,-6.0369112127162525,-3.6290865137259054,-0.28198461141114417,0.3735655330313191
2011-05-16,-6.402010965882538,-0.6709368462373378,1.170534886281914,0.2945729777076313
2011-05-17,-5.054388049004579,-4.052858682954554,-0.5000299327433264,1.2721875999773995
2011-05-18,11.161525010060961,1.9083600967191,0.947432562344067,-1.0543735204335343
2011-05-19,-2.551660206040945,2.874250290516234,-0.29882276327032103,-0.37433306149850454
2011-05-20,-2.749361267293043,0.12968816855884926,-2.296035992256461,0.28856388905957
2011-05-23,-3.517437170500582,-2.027471445227981,-0.14251349583432166,0.6336184716445362
2011-05-24,0.04073958155017089,-1.7962915388797143,0.2009698666266557,-0.8387786323254189
2011-05-25,0.5348012004061613,2.9309043372398333,0.36990807012548166,-0.22154111809744087
2011-05-26,-13.170010916069735,1.2340475785505218,-0.9072152824369513,1.4117861408821695
2011-05-27,-0.11071198320094552,0.8698583354403925,-1.0755948903435495,0.27436542504483774
2011-05-30,0.008463258675469203,0.008413433824016088,0.005375095992527638,0.00011402241690169341
2011-05-31,-4.9800487794419155,0.8845218168624189,0.4316473233807996,0.4068986520249979
2011-06-01,-12.85953375903048,-4.4720671327291495,-3.0495152251978515,0.08724478934912219
2011-06-02,11.984223509395527,6.813484754297024,-0.5163094890102538,0.0041058038382524075
2011-06-03,-8.153409104890692,-0.11539230094846994,-1.122458725716979,-0.3105345434904938
2011-06-06,2.8565741813697274,1.787957283780349,-1.4878340432838448,0.7014087710738068
2011-06-07,-1.4583349000788821,4.251780172157623,0.5949699286817087,-0.7032491972248989
2011-06-08,-8.640654574116954,-3.810707092842229,-1.0545420793125238,4.0601207587119434
2011-06-09,8.793502532596333,-2.359404846098999,2.0845262037374677,-2.4275705164169996
2011-06-10,-4.856686987752463,-1.3082965609971497,1.4971832962428344,0.6092906494193558
2011-06-13,1.5454141371795094,2.0338006715506425,0.3628915329014816,-0.6384551059159882
2011-06-14,18.756410009395736,3.5771268532659684,1.5460066662345606,-0.6364639593140273
2011-06-15,-23.399358649683585,-2.506262821121105,-2.7416645017144226,1.4847184437996592
2011-06-16,-5.684371108989038,-2.5931157524848487,-1.6882020686820525,-0.9773721117117522
2011-06-17,2.4368518320764383,1.9981419074778353,-0.7250949906585898,-0.7811176911066016
2011-06-20,2.738198011582321,0.3604701955497173,2.095757400133343,1.027200210538849
2011-06-21,3.986362360019472,0.029408716474739367,-0.4138805941717023,0.010243380627382349
2011-06-22,1.6364996059941976,1.6456872663947348,1.2328327351294213,0.40282954622068534
2011-06-23,-13.906609568491534,-0.4388850180930086,-3.2226594451339197,0.8664080318877742
2011-06-24,-7.16749846345501,0.4183940434266823,-6.020499490276486,1.0131908866407429
2011-06-27,15.257800281192461,3.3568424676005315,-3.055414571237372,-1.370035601688058
2011-06-28,19.15039860771265,-2.1432863005301726,4.969077382402906,-1.8214674219179117
2011-06-29,11.537210459129538,5.208068884608013,4.699962209260064,-0.11134456674049867
2011-06-30,4.184862493360592,0.4850388485851659,6.247894064567643,-0.6011135330936467
2011-07-01,7.524822438634572,-1.9288268332028822,-0.3122940427670299,0.8066691314665344
2011-07-04,0.008463258675469203,0.008413433824016088,0.005375095992527638,0.00011402241690169341
2011-07-05,-11.958309440320278,4.039064548422489,-3.5970140339020533,0.7570785656907955
2011-07-06,-6.603898576947653,-2.0841254919515153,-0.811244329230166,0.48082652824344313
2011-07-07,10.758548860019719,-3.206949184556259,1.648435561073065,-0.6303263825249243
2011-07-08,-25.511669992045068,-0.3239420845869501,-3.5975726294942882,1.2772617673001054
2011-07-11,-13.755158003740442,-3.1050348924131264,-1.9460946881637295,-0.24673602548251503
2011-07-12,-2.6301860254166285,-0.7317567330575272,-1.2150660059203837,0.014312486431633936
2011-07-13,-2.004389515245227,-0.860126187284082,-0.011459856507549956,1.7872287980985506
2011-07-14,10.5903510960166,4.7846945947367425,0.4336068579990637,-1.4237559252437115
2011-07-15,-4.948571528656201,1.3687488340057117,-4.03731933573832,-0.4835340395543976
2011-07-18,0.7765391618830075,2.165573047610847,-2.1481474004296115,-0.3449405601680645
2011-07-19,-5.136301346104315,-8.616424220132146,3.2637222678339004,1.2357297847223185
2011-07-20,8.042787280739194,3.656411022699289,0.08310695831408899,-0.3682728090923047
2011-07-21,10.352799684352732,4.218652408122464,2.9362283150801445,-0.8237130831507979
2011-07-22,-6.036911212716241,-3.629086513725889,-0.28198461141114106,0.37356553303136486
2011-07-25,6.386661160358753,2.4924686865890853,-1.3553794649310047,0.5445477218684615
2011-07-26,-6.160273004405633,-1.4362681358662481,-1.347520584273206,0.1711735356370107
2011-07-27,5.67895135308758,-1.9427273963620137,1.2047665862334325,-1.2648264050535083
2011-07-28,-6.07337408540396,-0.4930080647789517,-0.4621453685712096,0.7358147877514232
2011-07-29,-27.012157997861376,-5.485407771260467,-3.774928309243237,1.5535816409128766
2011-08-01,-5.675998009363004,-5.255862704971264,-1.7190700956301723,-0.024085311667227587
2011-08-02,-19.388384153375952,-6.578904501021167,1.699236008508723,0.7074951841048875
2011-08-03,-1.7098594853690523,-3.5296789834378917,2.572537684380965,-1.39234611668652
2011-08-04,-27.513793644254417,-9.838788684740601,0.7515629439592686,0.03459736347740093
2011-08-05,17.852412665059777,7.606906046068427,2.6802952302167884,-1.923731574190215
2011-08-08,-23.02851539670805,-10.490414001565101,-4.4773408897329965,-1.9942516172403166
2011-08-09,-30.8477777061693,-3.220873985897906,-6.7128012649138755,-0.5745186115493915
2011-08-10,-1.3573193816418299,-2.493708222196823,1.16632022711003,-2.7432837614296512
2011-08-11,26.585274322679723,20.641778660228297,-4.435812361431248,-1.4875711156590512
2011-08-12,-12.703895644466398,-8.469590483292517,-1.7883844817016707,-0.5492558679988317
2011-08-15,5.253485503984983,3.2934587402908617,2.250662529184199,0.8106097491297443
2011-08-16,-8.55219870511897,-6.5620750584670855,-0.4368897404620024,0.5901559944404181
2011-08-17,-9.772273280494474,-6.7043450758526735,2.283777037951246,0.2915767695872768
2011-08-18,-10.80523249052016,-10.359911426658309,1.7966079007415288,-1.5339358041932274
2011-08-19,-3.1880012179330417,-4.138474653616616,2.889367679065746,1.1264003185253249
2011-08-22,6.090300602754895,0.5098349324269706,0.4728955605562984,-0.7355867429175673
2011-08-23,5.462947142587167,4.332832423365662,-0.46298771200507055,1.5261029618014137
2011-08-24,20.66824726487939,11.191154868728507,0.99149132030633,-0.38354417079093744
2011-08-25,-8.91809753037419,-1.3149934011314552,-3.6489316725221865,0.45962340227966003
2011-08-26,-7.93896184438656,-2.6963240839639333,0.8130184493729378,0.9331421060405073
2011-08-29,11.627496855855297,7.108887469299175,0.9053419817347145,0.8784000485590614
2011-08-30,-12.054195911046333,-7.7399179577363695,-0.35831553470662814,-0.5685190111188068
2011-08-31,6.378288060732785,5.155215639075565,-1.324511437982921,-0.4087390781760577
2011-09-01,-12.08647223392103,-5.935212985032642,-0.5539103053407499,0.27037364362350763
2011-09-02,-16.04945566374073,-15.933888722972213,4.215881897303117,-2.292891494069016
2011-09-05,0.008463258675469203,0.008413433824016088,0.005375095992527638,0.00011402241690169341
2011-09-06,-4.344322219648154,-5.60122262656267,1.3366625689940193,-0.9015042526495121
2011-09-07,10.438899531265504,7.450844469056879,-0.8429578989711656,-0.3106118678734689
2011-09-08,-7.586421740659313,-1.6603533227228529,-0.5931990078979824,-0.41779553870259106
2011-09-09,-11.231497411711764,-2.834793300158453,-1.8220575860609338,0.4899603131529426
2011-09-12,4.8239765308783715,-5.043147081236129,2.4729138669535797,-1.484413074582932
2011-09-13,7.89133571598812,6.322560897019436,-1.1934577986561252,0.7448712482779706
2011-09-14,1.8425737668723503,1.7275024358657223,3.199177937167461,0.693219395707167
2011-09-15,8.138059299366956,1.9369241413002434,0.9376141470679283,1.1496552430666431
2011-09-16,-3.3197361092484434,0.7170906767294496,1.8546997331518136,-0.029278478913520905
2011-09-19,-17.157696641227083,-7.333738149324747,-1.0284473071285407,0.5891604211394367
2011-09-20,-1.0525857244119152,-3.1738214205211266,-0.6928228253253458,-0.5098624965990122
2011-09-21,-8.244309953714831,-15.514680273197627,6.765367189757648,-1.1079486834407675
2011-09-22,-25.15057216870117,-17.73811965323728,3.7231090039892125,1.1234814347879296
2011-09-23,18.27632156416613,6.065347946127772,1.9021221641174717,0.035438288012467234
2011-09-26,10.771722961557078,6.29739977427204,-2.4910721672983684,0.6072733421925545
2011-09-27,11.627496855855302,7.108887469299183,0.9053419817347154,0.8784000485590836
2011-09-28,4.521073401376179,0.28915266740411305,-0.08021564698684407,0.7418750401575784
2011-09-29,-5.798560728963463,-5.351976316958706,1.8799553612610536,-0.17493727222449618
2011-09-30,-11.52287234741367,-8.437732520410814,4.6553448557055335,-0.2619907147738153
2011-10-03,-18.131846705312753,-9.572712932582553,-0.8412700127444253,0.6438251542379541
2011-10-04,3.1230144381842337,-0.4082640159129494,0.8851347134965286,-1.1626300889466188
2011-10-05,13.703345325529035,8.062645181711927,1.5810893523545262,1.448105979778695
2011-10-06,13.41874534527519,4.374822988667142,-1.3014990923335512,1.5463616782223606
2011-10-07,11.870033889421146,4.054624189823197,3.0518479409328476,0.806540643325498
2011-10-10,0.008463258675469203,0.008413433824016088,0.005375095992527638,0.00011402241690169341
2011-10-11,12.551210873626918,5.268523732522638,0.012950228808755612,-0.1031551913738586
2011-10-12,7.11070016334159,8.159521711962315,1.0063667381881227,-0.3400043692038918
2011-10-13,-7.816399124786121,-2.600210471976529,-2.7860070075182577,1.0839940665977597
2011-10-14,6.971808248029527,6.831551157552794,-0.31650005920426566,2.2030698882331534
2011-10-17,-10.513058482729296,-7.045904196252994,-0.016233111271667808,-0.7304447394293753
2011-10-18,1.7548757757816515,3.07317435462539,-2.350758708287737,0.07703810675570787
2011-10-19,-1.6518494115179612,0.17584457395702746,-1.4176773137784942,0.4362911533554388
2011-10-20,3.0907381153095437,1.3964409567907863,0.6895399428624079,-0.3237374342042817
2011-10-21,6.176400449667629,3.742026993361344,-3.306290653494995,-0.2224855276402636
2011-10-24,2.647112542767587,0.748583600705588,1.2258161979054152,-0.0140844415978443
2011-10-25,-18.940572031020977,-7.262420621179176,1.1475257399916559,0.8744855915207124
2011-10-26,14.211523543820379,5.101092592389651,1.436002638579766,-0.5393323223124223
2011-10-27,27.905606538584955,15.44425633012457,-1.6528445348114529,0.8571195982123477
2011-10-28,-13.544897293049353,-4.354593199185446,0.004816500400305357,0.5202972240262379
2011-10-31,-27.176783664149827,-12.323606855768645,-0.9119853378419923,1.4291259735656854
2011-11-01,-22.049379710720423,-11.871744684397576,-0.015390767837879746,-1.5207329134794652
2011-11-02,2.2895868171383427,3.3329183055547174,-2.0170937611028164,0.808669766285964
2011-11-03,7.895522265801156,4.991187420776259,-1.2088918121302077,1.2215146483002188
2011-11-04,-4.6233221259016535,0.5891191018602938,-0.9900041473641792,-0.4673955926958383
2011-11-07,-1.4920247471408745,-5.153052252849562,-0.1719805837563742,0.2764338960297013
2011-11-08,9.016937344824884,5.895385805957108,-0.1040703360700095,-0.4229375421907901
2011-11-09,-12.473918260339646,-7.5297333340388946,0.40442351791861186,-2.0510454732992476
2011-11-10,7.265539205816719,6.45093035124599,-2.397063948068959,-1.0280450633889462
2011-11-11,0.008463258675469203,0.008413433824016088,0.005375095992527638,0.00011402241690169341
2011-11-14,-0.7596126445320692,-2.1487461799628145,2.1588975924146667,0.34516860500186786
2011-11-15,3.542736787477535,-0.6184486396104302,0.12239566087128115,0.31989637323380593
2011-11-16,-6.571622254072995,-3.888830464655286,-0.6156495585960292,-0.35806612649889613
2011-11-17,-6.44826046238354,-6.081648842514858,0.44988641426600295,-0.15567412910453712
2011-11-18,7.398073169221098,-0.6935669689470906,3.3021654275982186,0.17917377088697964
2011-11-21,-5.482483497923907,-1.1799271067706647,0.2935771468300441,-1.1636256622475554
2011-11-22,-4.824410664877797,-3.1130015337008974,1.6927780668769403,-0.22960200532301375
2011-11-23,-8.34612454424085,-6.480259888996131,1.529455461576055,0.880545843926897
2011-11-24,0.008463258675469203,0.008413433824016088,0.005375095992527638,0.00011402241690169341
2011-11-25,12.432035631750534,6.129968634139039,-1.0680197575273331,0.1710962112540506
2011-11-28,-1.5691370423292454,2.4504781212876177,-0.5168680846025091,0.5242890054475473
2011-11-29,4.516886851563174,1.620526143647326,-0.06478163351277681,0.26523164013533196
2011-11-30,9.515185513493888,9.291208205833433,0.04943385395478976,0.6709433720595035
2011-12-01,5.732774877125674,3.094169637276142,-2.7700143984519907,0.08716746496617465
2011-12-02,-10.902061459144234,-4.94579650854711,1.2098235888391662,0.9827421600337608
2011-12-05,0.48855170390514496,-2.479807659037723,-0.35074040189041145,-0.6717882249095939
2011-12-06,4.91986300160444,6.735835424922735,-0.7657846322418388,-0.15881549777331413
2011-12-07,-8.679747046621374,-3.037883204364239,-1.4869916998500015,-0.08887940297620509
2011-12-08,-5.954198843527555,-1.3544529663953355,0.618824617764859,0.4615633851234712
2011-12-09,10.41080975820383,7.924175965517407,-1.0539866830793463,1.0049241868911305
2011-12-12,-4.13486058104599,-4.561848943487897,-1.376987672195226,-0.1860110399778289
2011-12-13,-8.409120239993888,-6.565477980300778,0.8705430434563224,-1.4762748629743632
2011-12-14,-4.225146977771738,-6.462667528179048,2.417632555330095,-1.175755655277448
2011-12-15,0.8999009535724001,-0.02724533024879472,-1.0826114275675467,-0.1425485627737106
2011-12-16,-9.571184741518312,-3.0022244402914513,-0.3990051762898957,0.053783182214437626
2011-12-19,-4.672959100126718,-5.779151408021036,2.969342823847156,-1.3427460626932666
2011-12-20,16.908182901763556,9.546786316666108,-1.3337712576667893,1.2751064837147885
2011-12-21,7.836713119861085,3.5745958532283404,-1.8832382437239612,-0.6586626585787672
2011-12-22,-0.9698733552231866,-0.8991878731905328,0.20798640385064546,-0.421864644506887
2011-12-23,9.255287828577655,4.172496002724294,2.0578696366021796,-0.9714403474466441
2011-12-26,0.008463258675469203,0.008413433824016088,0.005375095992527638,0.00011402241690169341
2011-12-27,-0.6370499249316007,-2.052632567975363,-1.4401278644765483,0.4960205655591519
2011-12-28,-14.280696873382174,-8.316457785675986,2.353933767456548,0.026459151868847616
2011-12-29,-3.1929868398350196,-0.5181691875263779,-1.7597597372134297,0.5982168816660212
2011-12-30,-5.662024835736665,1.9595542640100343,-1.1940163942483921,1.2650544498872789
2012-01-02,0.008463258675469203,0.008413433824016088,0.005375095992527638,0.00011402241690169341
2012-01-03,12.55121087362693,5.268523732522634,0.012950228808768047,-0.10315519137387193
2012-01-04,2.9351000007454418,5.393964307354135,-0.5715908006337538,0.3127632231437152
2012-01-05,2.741585489306354,1.3180287091535294,-2.584238043093967,1.4523035737240375
2012-01-06,-5.926109070465884,-1.8277844628558624,0.8298534018730407,-0.8539726696411286
2012-01-09,-0.1065254333879283,-0.4615151408028149,-1.0910289038176093,0.7510088250671002
2012-01-10,1.632313056181224,2.977060742637983,1.2482667486034722,-0.07381385380155828
2012-01-11,-9.534721868830642,-6.138302889238427,-0.2188444191298246,-0.3084660725056327
2012-01-12,1.216777256700941,1.855871890092254,1.9955717877546584,-1.07969691595972
2012-01-13,-6.682424396323358,-5.6901325155253195,-1.7274875718802105,0.8694720761735739
2012-01-16,0.008463258675469203,0.008413433824016088,0.005375095992527638,0.00011402241690169341
2012-01-17,-3.8544471506051425,0.45734672580009916,1.5210347859669242,-0.7609101384437469
2012-01-18,8.819236283572739,3.1508236839996804,-2.1012835650561508,0.23995940836727372
2012-01-19,12.523121100565245,5.741855228983156,-0.19807855529941987,1.2123808633907114
2012-01-20,6.616638544485594,3.432325835842784,0.8374285346892573,-0.9572418834319161
2012-01-23,5.491036915648832,3.8595009269051115,-0.2519589278968588,0.21056690703684458
2012-01-24,-1.9846728418095376,1.3292892687418674,0.23043695454870985,-0.4815940567105848
2012-01-25,-11.708198379217395,0.6109863063071039,-6.1459375314052975,1.5869659236646425
2012-01-26,-6.24717192340739,-2.379528206953642,-2.232895799975146,-0.39346771647739254
2012-01-27,-4.052148211857281,-2.2872153961573316,-0.4761784430192111,-0.09801318788568979
2012-01-30,-7.874409198637169,-6.305734029371398,1.204207990641188,-0.7446432034441511
2012-01-31,-5.4741103982979125,-3.8426740592571074,0.26270911988193785,-0.21033886220302744
2012-02-01,6.263299368669368,4.685287064448705,-2.4209154377930338,0.34215572447415454
2012-02-02,-1.0890485970996013,-0.03774297157415637,-0.8729835824854317,-0.14761324187895086
2012-02-03,15.153397285031346,9.144772348351172,1.0532305735615632,0.24489559933142668
2012-02-06,-5.026298275942921,-4.526190179415087,-0.2890011486351518,-0.04334845478721659
2012-02-07,10.23781099228936,3.7487238334956707,1.8398243152699851,-0.07281828050059082
2012-02-08,1.4387985447421043,-1.0988748555626573,-0.7643804938567245,1.0657264967787614
2012-02-09,6.525553075670865,3.8204392409986374,-0.03251266753863219,-1.9985265355685633
2012-02-10,-11.075859297147684,-6.832316650721829,-0.5609268425647469,-0.14654034419504114
2012-02-13,6.090300602754901,0.5098349324269958,0.4728955605562688,-0.7355867429175977
2012-02-14,-9.534721868830637,-6.13830288923843,-0.21884441912981928,-0.30846607250563934
2012-02-15,1.8740510176580583,2.2117294530089904,-1.2697887219516286,-0.19721329587219813
2012-02-16,8.81166225603573,3.524638646639131,2.5941458916451703,-0.6617873548402042
2012-02-17,2.5279373008911605,1.6100285023219587,0.14484621156933072,0.26016696103007547
2012-02-20,0.008463258675469203,0.008413433824016088,0.005375095992527638,0.00011402241690169341
2012-02-21,7.068637216653566,1.4174362394415383,0.2702842526981545,-0.31360807599381496
2012-02-22,-7.495336271844604,-2.048466727878733,0.2767421943299318,0.6234891134340694
2012-02-23,-1.0525857244119021,-3.1738214205211226,-0.6928228253253396,-0.5098624965989955
2012-02-24,-1.2943236858887486,-2.408490130892136,1.8252326452297536,-0.3864630545283718
2012-02-27,-9.123372619163357,-3.6857405604494637,-0.9507154448069766,0.22077358963025312
2012-02-28,2.4087620590147574,2.471473403938341,-0.9361237747667391,0.5344183636580279
2012-02-29,4.279335439899357,1.054483957033111,2.437839823568264,0.8652744822282344
2012-03-01,6.912999102089453,5.414959590004881,-0.9908464907980149,0.32289258135416576
2012-03-02,-7.614511513720984,-1.187021826262326,-0.8042277920061641,0.8977405160620087
2012-03-05,4.4622642554361365,-1.1274389001437664,-0.75456207858061,-1.1383022667214069
2012-03-06,-7.04752414948961,-2.7319828480367137,-0.27496807418715874,0.7904795208498805
2012-03-07,3.9779892603934774,2.692155668961212,-0.3830125672236303,-0.9430434194171701
2012-03-08,8.490599403094187,2.972894902541309,-0.468603310203002,-0.20128240167649358
2012-03-09,1.9974128093474826,0.0189110751493835,-0.20425274908957988,0.005178701522158231
2012-03-12,0.24681374242827897,-1.7144763694087655,2.167315068664706,-0.5483887828389566
2012-03-13,14.18343377075869,5.574424088850162,1.2249738544716133,0.7762037324522125
2012-03-14,25.68903562587144,8.510341512986363,0.7608138635521562,-1.6292214551413715
2012-03-15,-3.347825882310117,1.1904221731899698,1.6436709490436394,1.2862575758510488
2012-03-16,2.203486970225598,0.10072624462036578,1.7620924529484343,0.2955685510086199
2012-03-19,12.226760542961367,3.75922147482103,1.6301964701878766,-0.06775360139535665
2012-03-20,0.6077269457815134,-3.3412525606541363,0.7302295844456776,-0.9460396275375496
2012-03-21,-12.11874855679569,-4.130508012328873,-0.7495050759748956,1.1092662983658543
2012-03-22,-3.5258102701265766,0.635275507258491,-0.11164546888624968,-0.31966832840001635
2012-03-23,-6.480536785258229,-4.276943869811133,0.25429164363188694,0.6832185256377703
2012-03-26,0.4198125083427441,2.4609757626129736,-0.7264959296846315,0.5293536845527713
2012-03-27,-9.131745718789345,-1.022993607963012,-0.9198474178588686,-0.7325132104142519
2012-03-28,2.4410383818894354,0.666768431234599,-0.7405290041326258,-0.3044742910843254
2012-03-29,-6.069187535590943,-1.824381541022159,-0.47757938204526906,1.2124581877736853
2012-03-30,7.919425489049801,5.84922940055893,-0.9824290145479762,-0.5706648064866587
2012-04-02,-1.0890485970995896,-0.0377429715741506,-0.8729835824854243,-0.14761324187893463
2012-04-03,12.230947092774358,2.4278479985778145,1.6147624567138041,0.40888979862687264
2012-04-04,-7.701410432722712,-2.130281897349682,-1.6896030077081179,0.33309926394760697
2012-04-05,-7.669134109848054,-3.9349868700534523,-1.494008237073981,-0.5057933907947324
2012-04-06,-19.384996675651912,-5.621345987417357,-2.9807594347185824,1.1325985472900697
2012-04-09,-1.2943236858887366,-2.40849013089213,1.825232645229761,-0.3864630545283556
2012-04-10,-9.488472372329632,-0.7275908929608971,0.5018040528860969,0.1417810343065512
2012-04-11,7.51226278919554,2.0652935955267697,-0.2659920023448739,-0.6232610686002669
2012-04-12,3.5020873649768425,3.8490032855797556,-0.0423310828147364,0.2055022279316204
2012-04-13,-9.89563507218389,-4.511526697993062,1.2182410650891955,0.08918477219294425
2012-04-16,-2.5110107835402333,-1.5932016346739324,-0.13409601958428277,-0.25993891619628845
2012-04-17,4.631875543626559,2.0904547182741515,1.0316223662973527,-0.48566316251488273
2012-04-18,-3.608522639315292,-1.639358040072099,-1.0124546980622346,-0.4076661804921247
2012-04-19,-2.6301860254166285,-0.7317567330575272,-1.2150660059203837,0.014312486431633936
2012-04-20,2.564400173578857,-1.526049946625004,0.32500696872942564,-0.10208229368996984
2012-04-23,-5.954198843527554,-1.3544529663953377,0.6188246177648574,0.46156338512347167
2012-04-24,5.610212157525247,2.998056025288735,0.8290110584392186,-0.06368449559109148
2012-04-25,1.4262388953030725,2.895245573166994,-0.7180784534345689,-0.3642037032880394
2012-04-26,-4.171323453733663,-1.4257704945409209,-1.5571484293553048,0.17623821474224874
2012-04-27,-2.067385210998257,-0.9453442785887053,-0.6703722746273139,-0.5695919088027395
2012-04-30,-0.07843566032625568,-0.9348466372633436,-0.8800001197094289,-0.5645272296974992
2012-05-01,4.512700301750177,2.9518996198905625,-0.04934762003874093,-0.2114117598869442
2012-05-02,-4.404688315584515,-3.3231861573984065,0.9300390142517166,1.2529244568574245
2012-05-03,0.8999009535724197,-0.02724533024876595,-1.0826114275675705,-0.14254856277372438
2012-05-04,-7.582235190846322,-2.9917267989660954,-0.6086330213720185,0.05884786131966202
2012-05-07,1.1059751144505396,0.05456983922218855,0.883733774470487,0.14784128671275426
2012-05-08,-5.030484825755936,-3.1948167031718806,-0.2735671351610932,-0.5199918548094785
2012-05-09,-0.5262477826812179,-0.25133051710532867,-0.32828985119235443,-0.7315176371133081
2012-05-10,3.9779892603934655,2.692155668961206,-0.38301256722363786,-0.9430434194171863
2012-05-11,-7.134423068491324,-3.6752429191240674,-1.1603432898891077,0.22583826873549598
2012-05-14,-6.535159381385279,-7.0249089136022205,-0.4354888014359585,-0.7203153812189553
2012-05-15,-2.272660299787424,-3.3160914379067137,2.027843953087895,-0.8084417214521468
2012-05-16,0.5754506229068382,-1.5365475879503983,0.5346348138115615,-0.10714697279519551
2012-05-17,-7.303235284592815,-9.182068527389054,1.7180336949861783,-0.3752607986339885
2012-05-18,1.1059751144505396,0.05456983922218855,0.883733774470487,0.14784128671275426
2012-05-21,1.2516831793923169,2.4144214778574367,2.4434554217662194,2.5926598457061556
2012-05-22,7.3847144476931135,5.589485449629585,-1.316093961732858,-1.3022964660168685
2012-05-23,-9.452009499641914,-3.8636693419078347,0.6819648100461645,-0.22046822041350686
2012-05-24,6.501649852422175,2.962397261215928,-0.2589754651208527,-0.2063470807817047
2012-05-25,-1.619573088643283,-1.6288603987467143,-1.222082543144381,-0.40260150138691453
2012-05-28,0.008463258675469203,0.008413433824016088,0.005375095992527638,0.00011402241690169341
2012-05-29,-0.5262477826812297,-0.25133051710533444,-0.3282898511923618,-0.7315176371133243
2012-05-30,-16.923532707287297,-7.72525447631432,1.14892667901769,-0.4359857841386773
2012-05-31,-5.474110398297895,-3.8426740592571043,0.26270911988195117,-0.2103388622030179
2012-06-01,-16.328455569994258,-9.74354699454926,1.8892151809449067,-1.858782834115374
2012-06-04,7.924411110951802,2.2289239344687033,3.6666984017312148,-0.042481369627322484
2012-06-05,5.252686431896022,5.5823907301378926,-2.4138989005690368,0.759069712292703
2012-06-06,12.51893455075224,7.073228705226395,-0.18264454182539,0.7357374633684421
2012-06-07,0.7807257116960051,0.8341995713676104,-2.1635814139036476,0.1317028398542117
2012-06-08,0.24601467033930619,0.5744556204382598,-2.497246361088537,-0.5999288196760143
2012-06-11,-6.900259134551531,-4.066759246113642,1.01703069625713,-0.7993079365426246
2012-06-12,11.133435236999299,2.381691593179648,0.7364037782358521,0.2611625343310357
2012-06-13,-8.556385254931955,-5.230701582223844,-0.4214557269879592,0.11351259441815832
2012-06-14,4.069074729208188,2.3040422638053295,0.4869286350042826,0.09824123271949073
2012-06-15,-6.72307381882403,-1.222680590335107,-1.8922143155662534,0.7550779308713749
2012-06-18,-1.2943236858887746,-2.4084901308921625,1.8252326452297714,-0.3864630545283516
2012-06-19,6.91718565190247,4.083586113761673,-1.0062805042720748,0.799535981376428
2012-06-20,2.6835754154552744,-2.387494848241384,1.4059769550655,-0.37633369631790514
2012-06-21,-3.398261928624167,-2.8889163468443573,0.9384564905017555,0.35936706901660004
2012-06-22,7.56269883550956,6.144632115561069,0.4392224561970194,0.3036294382342094
2012-06-25,-8.112759682390012,-4.5828442261386515,-0.9577319820309735,-0.19614039818829504
2012-06-26,4.188249971084614,1.4425973621889587,1.5678986213403676,-0.17601016990842908
2012-06-27,-2.0954749840599294,-0.47201278212817654,-0.8814010587354942,0.74594414596186
2012-06-28,-6.24717192340741,-2.3795282069536707,-2.232895799975122,-0.39346771647737877
2012-06-29,10.328097389015104,5.649542418186811,-1.9547959122553387,0.9169263347990061
2012-07-02,-10.462622436415243,-2.96656567621864,0.6889813472701788,0.19644576740504974
2012-07-03,5.4910369156488334,3.859500926905137,-0.25195892789689595,0.2105669070368213
2012-07-04,0.008463258675469203,0.008413433824016088,0.005375095992527638,0.00011402241690169341
2012-07-05,-3.9413460696068596,-0.48591334528726493,0.6356595702649723,-1.325551390558154
2012-07-06,-8.025860763388286,-3.639584155051291,-0.072356766329017,0.3685008539261056
2012-07-09,-4.467684011337565,-3.4084042487030586,0.27112659613197654,-1.1038962500438518
2012-07-10,-0.8787878864084643,-1.2873012783464093,1.0779276060785659,0.6194200076297902
2012-07-11,1.1059751144505396,0.05456983922218855,0.883733774470487,0.14784128671275426
2012-07-12,-4.919682683505556,-1.3935146523018425,0.8382708781231034,-1.7475300574819392
2012-07-13,1.5215109139308436,1.1757586917679441,0.13642873531927543,1.1537243488709026
2012-07-16,-4.0844245347319506,-0.4825104234535671,-0.6717732136533557,0.7408794668566334
2012-07-17,4.516886851563174,1.620526143647326,-0.06478163351277681,0.26523164013533196
2012-07-18,-2.9952857785828937,2.2263929344310474,0.2374534917726981,-0.06468006889205226
2012-07-19,3.0907381153095437,1.3964409567907863,0.6895399428624079,-0.3237374342042817
2012-07-20,-7.01524782661494,-4.536687820740479,-0.07937330355301442,-0.048413133892442554
2012-07-23,-3.517437170500562,-2.0274714452279525,-0.1425134958343455,0.6336184716445225
2012-07-24,-3.813797728104451,-4.010105199390085,1.6857615296529431,-0.6465159931415619
2012-07-25,-1.5326741696415718,-0.6856003276593858,-0.3367073274423947,0.16203975072749371
2012-07-26,3.9821758102064884,1.3607821927180068,-0.39844658069769623,-0.4664000193949011
2012-07-27,18.005694757538617,9.592942722064258,-0.4554125791887979,1.422833748010669
2012-07-30,-8.030047313201282,-2.3082106788080567,-0.05692275285498267,-0.10814254609616988
2012-07-31,-2.5110107835402333,-1.5932016346739324,-0.13409601958428277,-0.25993891619628845
2012-08-01,6.592735321236918,2.5742838560600783,0.6109657371070422,0.8349375713549593
2012-08-02,-6.008821439654612,-4.102418010186459,-0.07095582730295147,-0.9419705217332536
2012-08-03,12.633923242815655,7.5431572798532285,0.9137594579847598,-0.015157339281747902
2012-08-06,-1.651849411517973,0.17584457395702172,-1.4176773137785015,0.4362911533554225
2012-08-07,11.577060809541273,3.029548949264874,0.20012752319281268,-0.04849045827540827
2012-08-08,4.429987932561446,0.6772660725599702,-0.9501568492147305,-0.2994096119790697
2012-08-09,2.4368518320764303,1.9981419074778122,-0.7250949906585586,-0.7811176911065716
2012-08-10,-6.488909884884234,-1.6141969173246595,0.28515967057994424,-0.2700682744067681
2012-08-13,0.008463258675469203,0.008413433824016088,0.005375095992527638,0.00011402241690169341
2012-08-14,10.08635942753826,6.41487370781578,0.563259558299793,1.0403257768696759
2012-08-15,10.114449200599953,5.941542211355281,0.7742883424079501,-0.2752102778949372
2012-08-16,6.85837650596242,2.6669945462137976,-1.6806269358658465,-1.0806413255025502
2012-08-17,-3.5174371705005556,-2.0274714452279547,-0.1425134958343395,0.6336184716445158
2012-08-20,-0.019626514386203473,0.48174493028454474,-0.20565368811565277,1.315650077181501
2012-08-21,-1.4962112969538905,-3.8216787766063556,-0.15654657028231606,-0.20020950399256066
2012-08-22,-15.657208635410765,-2.172272462651195,-0.8510916273796194,0.3128405475266583
2012-08-23,-2.9265465830205177,-2.714390487219659,0.6132090195669049,-1.2658219783544504
2012-08-24,1.4668883178037888,-1.5722063520231802,-0.5533517097485366,-0.2498095579858216
2012-08-27,-4.052148211857281,-2.2872153961573316,-0.4761784430192111,-0.09801318788568979
2012-08-28,-1.9804862919965323,-0.002084207501345553,0.2150029410746426,-0.004950656688338634
2012-08-29,1.9651364864728005,1.8236160478531425,-0.39984751972373184,0.8440713562644653
2012-08-30,-4.171323453733669,-1.425770494540929,-1.5571484293553062,0.1762382147422258
2012-08-31,-12.48384830996194,-1.1723583448402657,0.7030144217181652,1.0302737430421536
2012-09-03,0.008463258675469203,0.008413433824016088,0.005375095992527638,0.00011402241690169341
2012-09-04,3.657725479540913,-0.14852006498362783,1.218799660681442,-0.43099842941637895
2012-09-05,1.8824241172840916,-0.4510174994774226,-1.3006567488997467,0.7560735041723262
2012-09-06,12.994836446168874,5.916381088607826,-0.5233260262342463,-0.41280818398032576
2012-09-07,-3.2294497125226878,2.6179092614206234,-1.9399204943735384,0.9604661363860684
2012-09-10,2.556027073952845,1.1366970058614358,0.3558749956775184,-1.0553690937345077
2012-09-11,2.0843117283491956,0.9621711462367374,0.6811224666123691,0.5698199536365429
2012-09-12,8.988847571763204,6.36871730241764,-0.3150991201781957,0.892598512573816
2012-09-13,-2.991898300858844,3.1839514480348647,-4.442541951454597,0.360423294293145
2012-09-14,18.453506879893574,8.909426601906244,-1.0071228477058793,1.5898241554264858
2012-09-17,-4.590246730937992,-3.5045178606904654,3.870152053023186,-1.2547482106011183
2012-09-18,-4.052148211857261,-2.2872153961573027,-0.4761784430192349,-0.09801318788570354
2012-09-19,-2.5937231527289413,-3.8678351820044994,-1.0349052487602994,-0.3479367682884269
2012-09-20,0.09954872749019153,-0.37969997133186045,0.8753162982204481,1.0413986745535788
2012-09-21,-3.164897066773321,-0.9915006839868801,-1.5487309531052673,-0.7173191730985986
2012-09-24,-3.370172155562494,-3.362247843304886,1.149485274609936,-0.9561689857479992
2012-09-25,-5.4741103982979125,-3.8426740592571074,0.26270911988193785,-0.21033886220302744
2012-09-26,-8.44139656286857,-4.7607730075970185,0.6749482728221702,-0.6373822082320562
2012-09-27,2.967376323620132,3.589259334650399,-0.3759960299996331,-0.5261294315986217
2012-09-28,-2.991099228769896,0.8950194581878109,0.22201947829866223,0.4119633311302239
2012-10-01,-0.07424911051323979,-2.266220113506549,-0.8954341331834873,-0.08788382967523731
2012-10-02,-1.4499618004528492,1.5890332196712105,0.5641019017335905,0.25003760281962545
2012-10-03,0.4520888312174261,0.6562707899092144,-0.5309011590504796,-0.3095389701895357
2012-10-04,7.447710143446184,5.674703540934266,-0.6571815436131417,1.054524240884394
2012-10-05,9.829849220346103,2.2537200183104966,-2.108300102280135,-0.1769545794512649
2012-10-08,0.008463258675469203,0.008413433824016088,0.005375095992527638,0.00011402241690169341
2012-10-09,-2.752748745017068,-0.8278703450449401,2.383959450970818,-0.13653947412564846
2012-10-10,-2.502637683914219,-4.255948587160376,-0.16496404653237856,0.6933478838482502
2012-10-11,-1.381222604890493,-3.3517502019795247,0.9398574295278209,-0.9511043066427591
2012-10-12,-2.304936622662094,-1.511386465202949,1.8322491824537508,0.030450933290176473
2012-10-15,1.4304254451161016,1.563872096923792,-0.7335124669086213,0.11243969673423923
2012-10-16,7.032174343965872,4.553514688388513,0.09012349553806348,0.0486411787262526
2012-10-17,13.23737347973471,2.8621178091318464,1.6231799329638823,-0.4846675892139062
2012-10-18,3.5020873649768305,3.84900328557975,-0.04233108281474351,0.2055022279316042
2012-10-19,-7.961308117638926,-7.248994100458792,0.3188327749392477,-1.3092844555585543
2012-10-22,4.612158870190933,-0.09896073775172907,0.78972555524106,1.7831596922942579
2012-10-23,-6.373921192820858,-1.1442683426978533,1.381563670390108,-1.020963077056954
2012-10-24,0.8676246306977299,1.77745964245497,-1.278206198201691,0.6963440919686126
2012-10-25,9.707286500745658,2.1576064063230844,1.4907253546110597,-0.32780654000854037
2012-10-26,-10.75559551629512,-3.9916409167769884,-2.1627390704698195,-0.6585853341958319
2012-10-29,-5.474110398297893,-3.842674059257079,0.26270911988191403,-0.21033886220304118
2012-10-30,0.008463258675469203,0.008413433824016088,0.005375095992527638,0.00011402241690169341
2012-10-31,-3.073811597958605,-1.3796140891427542,-0.6787897508773527,0.32396547903808504
2012-11-01,3.949899487331805,3.1654871654217405,-0.5940413513318107,0.3724926353474292
2012-11-02,9.01590494570316e-05,2.671160386310456,0.036243122940620556,-0.953172777627636
2012-11-05,-4.614949026275652,-2.0736278506261536,-1.0208721743122813,0.4858912073486836
2012-11-06,8.700860113785334,1.723336595769065,1.482307878361006,0.5657508478322631
2012-11-07,-15.177120190181096,-4.660493555512943,-1.2072071252625611,-0.35906169979986025
2012-11-08,-6.987158053553255,-5.010019317201001,0.1316554805551735,-1.363949188657026
2012-11-09,-1.4134989277651633,-1.54704522927576,0.7442626588936765,-0.11221165190043583
2012-11-12,0.008463258675469203,0.008413433824016088,0.005375095992527638,0.00011402241690169341
2012-11-13,-3.517437170500562,-2.0274714452279525,-0.1425134958343455,0.6336184716445225
2012-11-14,-0.44353541349252196,2.023303030225233,0.5725193779836545,-0.6435197850211858
2012-11-15,-1.9804862919965323,-0.002084207501345553,0.2150029410746426,-0.004950656688338634
2012-11-16,0.4520888312174261,0.6562707899092144,-0.5309011590504796,-0.3095389701895357
2012-11-19,4.516886851563174,1.620526143647326,-0.06478163351277681,0.26523164013533196
2012-11-20,7.927798588675815,3.186482448072487,-1.0132970414960718,0.38262199355787957
2012-11-21,3.1818235841242792,1.008327551634941,1.5594811450902988,0.7175472179323884
2012-11-22,0.008463258675469203,0.008413433824016088,0.005375095992527638,0.00011402241690169341
2012-11-23,2.0015993591604855,-1.3124624010938257,-0.21968676256364428,0.48182210154440347
2012-11-26,-5.482483497923918,-1.1799271067706705,0.2935771468300368,-1.1636256622475718
2012-11-27,-2.6301860254166285,-0.7317567330575272,-1.2150660059203837,0.014312486431633936
2012-11-28,-1.651849411517973,0.17584457395702172,-1.4176773137785015,0.4362911533554225
2012-11-29,-1.9846728418095376,1.3292892687418674,0.23043695454870985,-0.4815940567105848
2012-11-30,-0.22988722507734055,1.7313032370567976,-2.1565648766796506,0.5486168276727601
2012-12-03,1.2251503563269228,-0.8068750623942225,1.9647037608065805,-0.12641011591518428
2012-12-04,-1.4134989277651513,-1.5470452292757542,0.7442626588936839,-0.11221165190041962
2012-12-05,-2.1865604528746716,-0.08389937697232883,-1.751342260963391,-0.29534050617480345
2012-12-06,-1.9762997421835349,-1.3334576837445817,0.1995689276006066,0.47169274333393757
2012-12-07,6.58854877142391,3.905657332303307,0.6263997505810693,0.35829417133266706
2012-12-10,-1.980486291996552,-0.0020842075013743234,0.21500294107466641,-0.004950656688324883
2012-12-11,4.06907472920822,2.304042263805364,0.4869286350042663,0.09824123271949319
2012-12-12,7.895522265801137,4.991187420776228,-1.208891812130185,1.221514648300233
2012-12-13,4.224712843772295,-1.6934810867580112,1.748059378500446,-0.5382594246284832
2012-12-14,-3.7352719087287407,-0.4040981758162811,2.6020047723029958,-1.0351615410716997
2012-12-17,9.021123894637881,4.564012329713872,-0.11950434954404515,0.05370585783148632
2012-12-18,9.473122566805872,2.5491227333126556,-0.6866486315351723,0.6973396652695738
2012-12-19,-2.067385210998257,-0.9453442785887053,-0.6703722746273139,-0.5695919088027395
2012-12-20,-0.9698733552232063,-0.8991878731905616,0.20798640385066927,-0.4218646445068732
2012-12-21,-6.369734643007841,-2.4756418189410607,1.366129656916048,-0.5443196770346913
2012-12-24,2.6471125427675672,0.7485836007055593,1.225816197905439,-0.014084441597830549
2012-12-25,0.008463258675469203,0.008413433824016088,0.005375095992527638,0.00011402241690169341
2012-12-26,-1.6237596384563002,-0.2974869225035069,-1.206648529670321,-0.8792449014091769
2012-12-27,-6.065000985777938,-3.155755017265372,-0.49301339551933654,1.6891015877959317
2012-12-28,-0.5220612328682324,-1.5827039933485707,-0.34372386466639787,-0.2548742370910482
2012-12-31,4.891773228542793,7.20916692138329,-0.9768134163500372,1.156720556991265
2013-01-01,0.008463258675469203,0.008413433824016088,0.005375095992527638,0.00011402241690169341
2013-01-02,11.425609244790186,5.69569882358499,-1.076437233777372,1.064653599094875
2013-01-03,9.579738159243242,5.681798260425924,0.44062339522305355,-1.0068419374251796
2013-01-04,0.21872396936660005,-1.2411448729482344,1.9562862845565192,0.7671472719256494
2013-01-07,-0.5262477826812297,-0.25133051710533444,-0.3282898511923618,-0.7315176371133243
2013-01-08,-5.954198843527551,-1.3544529663953364,0.6188246177648663,0.4615633851234641
2013-01-09,-2.099661533872947,0.8593606941150308,-0.8659670452614346,0.26930074593959746
2013-01-10,5.0838742157945624,0.0755651218729406,0.4644780843062332,0.15797064492322108
2013-01-11,-3.517437170500582,-2.027471445227981,-0.14251349583432166,0.6336184716445362
2013-01-14,0.008463258675469203,0.008413433824016088,0.005375095992527638,0.00011402241690169341
2013-01-15,-4.61494902627562,-2.073627850626119,-1.0208721743122975,0.48589120734868607
2013-01-16,-1.5045843965799053,-1.158931824119912,-0.12567854333422016,-1.1534963040370994
2013-01-17,8.046973830552231,2.3250375464561106,0.06767294484000524,0.10837059092994376
2013-01-18,-4.413061415210517,-0.6604392049119573,0.9609070411998198,0.2996376568129022
2013-01-21,0.008463258675469203,0.008413433824016088,0.005375095992527638,0.00011402241690169341
2013-01-22,-1.5326741696415582,-0.6856003276593547,-0.3367073274424245,0.1620397507274865
2013-01-23,0.008463258675469203,0.008413433824016088,0.005375095992527638,0.00011402241690169341
2013-01-24,1.7473017482446107,3.4469893172648067,2.3446707484136007,-0.8247086564517725
2013-01-25,17.09609733920233,3.7445579933990043,0.12295425646351947,-0.2002868283755097
2013-01-28,3.0949246651225386,0.06506748054755396,0.674105929388375,0.15290596581799362
2013-01-29,3.95408603714481,1.8341136891785272,-0.6094753648058779,0.8491360353696755
2013-01-30,-2.0169491646842364,3.1339942414455946,0.03484218391457896,0.3572985980317368
2013-01-31,-1.4134989277651513,-1.5470452292757542,0.7442626588936839,-0.11221165190041962
2013-02-01,2.8523876315567342,3.1193307600235682,-1.4724000298097701,0.22476537105157676
2013-02-04,-6.488909884884256,-1.6141969173246842,0.28515967057997094,-0.27006827440675524
2013-02-05,6.505836402235195,1.6310237849727163,-0.2744094785949157,0.2702963192405586
2013-02-06,-5.712460882050703,-2.1197842560242974,-1.8992308527902642,0.3381639430528173
2013-02-07,-2.428298414351526,0.6814319126566345,0.7667132095917335,-0.17194106410414986
2013-02-08,0.5712640730938408,-0.20517411170716202,0.5500688272855975,-0.5837903728174717
2013-02-11,1.023262745261832,-2.2200637081083783,-0.017075454705529375,0.059843434620615754
2013-02-12,5.527499788336517,0.7234224779581429,-0.07179817073677112,-0.15168234768321717
2013-02-13,5.638301930586907,2.5247245288282003,1.0400398425473913,-1.3792205503557073
2013-02-14,-9.599274514579989,-2.528892943830924,-0.6100339603980853,1.3693192369790446
2013-02-15,2.4452249317024504,-0.6646050450086044,-0.7559630176066828,0.17216910893793616
2013-02-18,0.008463258675469203,0.008413433824016088,0.005375095992527638,0.00011402241690169341
2013-02-19,3.5343636878515006,2.044298312875985,0.15326368781940078,-0.633390426810719
2013-02-20,-2.4282984143514916,0.6814319126566653,0.7667132095917142,-0.17194106410414653
2013-02-21,-4.499960334212255,-1.6036992759993227,0.0755318254978559,-0.26500359530151485
2013-02-22,-2.625999475603631,-2.063130209300763,-1.23050001939442,0.49095588645391003
2013-02-25,-12.18174425254875,-4.215726103633529,-1.4084174940946343,-1.247554408535445
2013-02-26,0.008463258675469203,0.008413433824016088,0.005375095992527638,0.00011402241690169341
2013-02-27,3.8390973450814045,1.364185114551673,-1.7058793646159838,1.6000308380199038
2013-02-28,-2.963009455708205,0.42168796172731293,0.4330482624068202,-0.9035727236343896
2013-03-01,-4.495773784399225,-2.935072752242524,0.06009781202380376,0.2116398047207638
2013-03-04,2.0801251785361865,2.293544622479968,0.6965564800863976,0.09317655361425045
2013-03-05,2.975749423246146,0.9265123821639553,-0.4068640569477289,0.42715736844591684
2013-03-06,7.151349585842274,3.6920697867721057,1.1710934818741705,-0.22561022390167637
2013-03-07,7.151349585842286,3.692069786772137,1.171093481874141,-0.22561022390168345
2013-03-08,9.144485686327293,2.37119395185426,0.9460316233179957,0.2560978552258266
2013-03-11,0.9867998725741131,0.9160147408385592,-0.19723621186559756,0.4220926893406741
2013-03-12,-5.0304848257559165,-3.1948167031718517,-0.273567135161117,-0.5199918548094923
2013-03-13,1.1059751144505516,0.054569839222194313,0.8837337744704943,0.14784128671277053
2013-03-14,0.7765391618829879,2.165573047610818,-2.148147400429588,-0.34494056016805075
2013-03-15,-6.073374085403964,-0.4930080647789345,-0.46214536857124805,0.735814787751377
2013-03-18,-5.6801845591760145,-3.9244892287280586,-1.703636082156106,-0.5007287116894964
2013-03-19,-6.3697346430078605,-2.475641818941089,1.3661296569160717,-0.5443196770346775
2013-03-20,6.830286732900756,3.14032604267432,-1.8916557199740238,0.23489472926204358
2013-03-21,-1.8529379504941226,-3.526276061604194,1.2651049004626478,0.6740847407282777
2013-03-22,-2.9588229058952074,-0.9096855145159232,0.41761424893278415,-0.4269293236121135
2013-03-25,-0.44353541349250225,2.0233030302252617,0.5725193779836306,-0.6435197850211994
2013-03-26,-1.084862047286604,-1.3691164478173925,-0.8884175959594676,0.32903015814332526
2013-03-27,-6.127996681530995,-3.240973108570047,-1.1519258136390451,-0.6677191191053148
2013-03-28,1.0148896456358174,0.4426832443780651,0.013792572242566435,-0.8934433654239228
2013-03-29,0.008463258675469203,0.008413433824016088,0.005375095992527638,0.00011402241690169341
2013-04-01,-2.8719239868934814,0.03357455657143449,1.3029894646347393,0.13771192850228794
2013-04-02,3.9863623600194784,0.029408716474764146,-0.41388059417173223,0.010243380627351834
2013-04-03,-8.14503600526469,-2.778139253434909,-1.153326752665087,0.6427522565540581
2013-04-04,-8.47367288574324,-2.956068034893255,0.4793535021880245,0.20151044651026748
2013-04-05,-8.190486429676744,-10.47778323955948,2.7905862050722243,0.2440451865788929
2013-04-08,5.610212157525241,2.9980560252887374,0.8290110584392124,-0.06368449559108481
2013-04-09,1.8459612445963858,2.685060949469519,-1.480817506059809,1.1183227588924012
2013-04-10,8.573311772282906,5.247528449871881,0.4322059189730215,-0.11328454958433894
2013-04-11,-1.0609588240379286,-0.511074468034685,-0.6619547983772512,-1.4631492966435504
2013-04-12,-10.873971686082546,-5.419128005007609,1.4208523729473153,-0.332793894730845
2013-04-15,-3.932972969980866,-3.148660297773708,0.6047915433168659,-0.37226459051362587
2013-04-16,4.964698973918166,0.9370100234893476,-0.6164919020298664,0.432222047551143
2013-04-17,-1.9482099691218622,-1.8067891802051104,0.41059771170878706,-0.8438433114306618
2013-04-18,-1.4134989277651633,-1.54704522927576,0.7442626588936765,-0.11221165190043583
2013-04-19,1.5496006869924965,0.7024271953073868,0.3474575194274797,-0.1618117058936831
2013-04-22,-1.651849411517973,0.17584457395702172,-1.4176773137785015,0.4362911533554225
2013-04-23,2.0801251785361994,2.293544622479972,0.6965564800864038,0.09317655361426722
2013-04-24,-1.5326741696415582,-0.6856003276593547,-0.3367073274424245,0.1620397507274865
2013-04-25,1.9932262595344732,1.3502845513926138,-0.18881873561555132,-0.4714646985001342
2013-04-26,-6.041097762529276,-2.2977130374826955,-0.26655059793709,-0.10307786699093684
2013-04-29,-0.44353541349252074,2.023303030225231,0.5725193779836532,-0.6435197850211853
2013-04-30,0.904087503385416,-1.3586188064920004,-1.0980454410416052,0.3340948372485513
2013-05-01,-6.932535457426211,-2.262054273409884,0.8214359256229768,0.03958471819968258
2013-05-02,-0.4351623138665074,-0.639443922261211,0.5416513510355587,0.3097670150233528
2013-05-03,18.033784530600304,9.11961122560376,-0.2443837950806462,0.10729769324606254
2013-05-06,2.527937300891172,1.6100285023219645,0.14484621156933805,0.2601669610300918
2013-05-07,2.527937300891172,1.6100285023219645,0.14484621156933805,0.2601669610300918
2013-05-08,-0.9698733552231866,-0.8991878731905328,0.20798640385064546,-0.421864644506887
2013-05-09,0.8957144037593829,1.3041281459944127,-1.0671774140934869,-0.619191962795973
2013-05-10,14.544346974111948,3.9476478976048153,-0.21211162974744296,0.3785528877536071
2013-05-13,2.075938628723181,3.6249180987231813,0.7119904935604648,-0.38346684640799567
2013-05-14,5.943035587816823,1.8446113305038945,-0.8191032098879855,0.8542007144749321
2013-05-15,-2.067385210998257,-0.9453442785887053,-0.6703722746273139,-0.5695919088027395
2013-05-16,-10.99733347777196,-3.226309627148021,0.35531640008531146,-0.535185892125162
2013-05-17,11.992596609021554,4.150737801810602,-0.547177515958374,0.9573926038827542
2013-05-20,2.084311728349215,0.9621711462367661,0.6811224666123452,0.5698199536365293
2013-05-21,-3.932972969980866,-3.148660297773708,0.6047915433168659,-0.37226459051362587
2013-05-22,11.865847339608106,5.385997666066393,3.067281954406892,0.3298972433032029
2013-05-23,-0.9698733552231747,-0.8991878731905271,0.20798640385065284,-0.4218646445068708
2013-05-24,-1.9762997421835469,-1.3334576837445875,0.19956892760059927,0.4716927433339213
2013-05-27,0.008463258675469203,0.008413433824016088,0.005375095992527638,0.00011402241690169341
2013-05-28,21.358596420800183,7.4533754690945155,2.586287010987378,-0.28841316860870303
2013-05-29,-2.3876489918508215,-3.7860200125335446,0.9314399532777583,-0.05754691880194833
2013-05-30,0.3371001391540286,0.18634221528238334,-1.6273051588606167,0.4413558324606628
2013-05-31,4.303238663148024,1.9125259368157956,2.6643026211505116,-0.926904972558611
2013-06-03,-4.052148211857273,-2.2872153961573085,-0.47617844301924245,-0.09801318788571975
2013-06-04,3.8952768912047615,0.4175221216306218,-1.2838217963996155,-1.0310412715092787
2013-06-05,-6.932535457426213,-2.2620542734098823,0.8214359256229782,0.03958471819968214
2013-06-06,-2.5110107835402333,-1.5932016346739324,-0.13409601958428277,-0.25993891619628845
2013-06-07,15.217949930780705,5.5353624029436705,1.4444201148298281,-1.4328897101532325
2013-06-10,5.701297626339969,2.609942620132869,1.6989522606671346,0.9776001565456148
2013-06-11,-2.0590121113722297,-3.608091231075153,-0.7012403015753976,0.383694891241786
2013-06-12,6.144923198881921,3.2577999762180845,1.1626760056240883,0.6679471639391313
2013-06-13,-8.121132782016012,-1.9200972736522122,-0.926863955082866,-1.149427198232847
2013-06-14,-10.16626187881138,-0.9839319220565345,-1.1392936782170926,1.4765802321911543
2013-06-17,6.017374857379527,6.781991830320925,0.11257404623609257,-0.011088233477497163
2013-06-18,0.6623495419085751,-0.5932875168630328,1.4200100295135254,0.4574942793192216
2013-06-19,21.423948138638515,1.5550335338400147,7.642037982008848,-1.9146584412563281
2013-06-20,12.670386115503343,4.407078830906257,1.0939202151448455,-0.3774065940018078
2013-06-21,17.425533291769845,1.6335547850103445,3.154835431363606,0.29249501850529847
2013-06-24,7.8500718413890755,-2.7084565653483383,2.735021145607121,0.8228075783250742
2013-06-25,4.39771160968679,2.4819710452637374,-1.1457516198488704,0.5394830427632707
2013-06-26,-7.59479484028535,1.0023936297635774,-0.5623309809499027,-1.371082338747162
2013-06-27,-10.257347347626089,-0.5958185169006521,-2.009234880445006,0.4352955800544936
2013-06-28,2.4137476809167353,-1.1488320621518977,3.7130036415124366,1.0626018005173314
2013-07-01,-4.856686987752484,-1.308296560997165,1.4971832962428169,0.6092906494193242
2013-07-02,-2.067385210998257,-0.9453442785887053,-0.6703722746273139,-0.5695919088027395
2013-07-03,6.18138607156963,0.12172152727111704,1.3428367627841955,0.30569790921907264
2013-07-04,0.008463258675469203,0.008413433824016088,0.005375095992527638,0.00011402241690169341
2013-07-05,31.587944154414075,11.193685868766154,4.420736230264835,-0.3613454715262207
2013-07-08,-12.895996631718232,-1.335988683782236,-3.2296759823579073,0.4494940440692067
2013-07-09,-0.11071198320092582,0.8698583354404212,-1.0755948903435733,0.274365425044824
2013-07-10,7.155536135655303,2.360696310528904,1.155659468400118,0.25103317612060244
2013-07-11,-16.783609336336482,0.543834618258186,-6.605040519719004,1.429109301158347
2013-07-12,3.5750131103521907,-2.4231536123141972,0.31799043150542095,-0.5189962815085345
2013-07-15,-6.493096434697271,-0.2828234410814801,0.300593684054028,-0.7467116744290168
2013-07-16,-3.517437170500562,-2.0274714452279525,-0.1425134958343455,0.6336184716445225
2013-07-17,-5.748923754738385,1.0162941929226472,-2.0793916099503056,0.700413197772895
2013-07-18,5.934662488190808,4.507358282990338,-0.7882351829398899,-0.09908608556960653
2013-07-19,-8.556385254931968,-5.230701582223849,-0.4214557269879663,0.11351259441814233
2013-07-22,0.12763850055186424,-0.8530314677923891,1.0863450823286285,-0.27413738021102063
2013-07-23,3.95408603714481,1.8341136891785272,-0.6094753648058779,0.8491360353696755
2013-07-24,11.778948420606381,4.442737594979044,2.181906738704931,-0.23474400881116883
2013-07-25,-2.012762614871222,1.8026207652023905,0.019408170440521955,0.8339419980539984
2013-07-26,-4.943585906754187,-2.2515566320845197,0.6118080805408826,0.044649397304925634
2013-07-29,5.2891493045837175,2.4463122811909437,-2.2337381434089836,0.396820457572612
2013-07-30,2.647112542767555,0.7485836007055641,1.225816197905427,-0.014084441597817448
2013-07-31,-4.384971642148826,-1.1337707013724572,1.1719358253079766,-1.0158983979517109
2013-08-01,21.24360772873679,6.983446894467682,1.489883011177246,0.46248163404148923
2013-08-02,-18.97783397579765,-1.8374101823851943,-3.6971964469216743,1.1851948094036697
2013-08-05,6.505836402235182,1.6310237849727212,-0.2744094785949277,0.2702963192405717
2013-08-06,0.008463258675469203,0.008413433824016088,0.005375095992527638,0.00011402241690169341
2013-08-07,-5.980731666592919,-4.575749506646958,0.1400729568052051,-2.2575065764978666
2013-08-08,-4.947772456567204,-0.9201831558413126,0.6272420940149425,-0.4319940027173368
2013-08-09,-0.517874683055227,-2.914077469591784,-0.3591578781404651,0.22176916293119806
2013-08-12,5.610212157525234,2.9980560252887396,0.8290110584392066,-0.06368449559107837
2013-08-13,15.428210641471855,4.285804096171424,3.3953313033938337,-0.6658564606444765
2013-08-14,-0.5543375557429024,0.22200097935519417,-0.5393186353005422,0.5840184176512752
2013-08-15,10.150912073287639,2.8054637624083125,0.9544490995680375,-0.637459532614999
2013-08-16,9.346373297392404,3.784382597568445,2.9278108388300814,0.0698443046900126
2013-08-19,5.1665865849832775,2.3501986692035413,1.3652873134822139,0.245968497015359
2013-08-20,-7.90748459360085,-2.2120970668206756,-3.655948209746147,0.042709414461112545
2013-08-21,9.291750701265379,1.0364175537773652,2.2380303937622488,-1.33368960216668
2013-08-22,6.456199428010115,-4.737246724908643,3.6849374926164504,-0.6050541507568625
2013-08-23,-11.52785796931566,-4.817427054320585,0.00621743942634751,-0.7901741516331348
2013-08-26,-5.2927385327573795,-2.329968879721773,-2.6619699054154893,1.8206904052332438
2013-08-27,-10.997333477771946,-3.226309627147992,0.3553164000852801,-0.5351858921251682
2013-08-28,9.70728650074564,2.1576064063230707,1.4907253546110508,-0.32780654000857967
2013-08-29,-5.387211479296156,-2.899413988169713,1.1480843355838777,0.3543023899113761
2013-08-30,2.7381980115822975,0.36047019554970583,2.095757400133328,1.0272002105388165
2013-09-02,0.008463258675469203,0.008413433824016088,0.005375095992527638,0.00011402241690169341
2013-09-03,13.446835118336862,3.901491492206624,-1.0904703082253757,0.23082562345779062
2013-09-04,7.3111742502193735,-1.6368270400344793,2.4167902118962963,-0.3854674812273969
2013-09-05,16.712837862596725,0.8186641681495107,1.0658540662488603,-2.0450625452760027
2013-09-06,-9.763285728770096,4.131377359218892,-1.8402966769461824,1.0525330942824727
2013-09-09,-7.28587463324244,-1.009093044803961,-2.4369080468593127,1.3389823261057525
2013-09-10,11.169898109686999,-0.7543868557673182,0.9165645353959445,-0.10108672038900836
2013-09-11,-7.646787836595657,0.6176831464414425,-0.9998225626403057,1.736633170804331
2013-09-12,-1.4218720273911873,1.115701723210674,0.775130685841762,-1.06549845194499
2013-09-13,-2.0673852109982764,-0.945344278588734,-0.67037227462729,-0.5695919088027258
2013-09-16,-4.898135482342145,5.448087354040072,-3.332104877196472,0.4433564672800504
2013-09-17,-4.975862229628886,-0.44685165938079324,0.41621330990675176,0.8835420520472473
2013-09-18,-26.006530682990018,-2.762205970859411,-8.43107226274642,0.6084842162350378
2013-09-19,9.346373297392404,3.784382597568445,2.9278108388300814,0.0698443046900126
2013-09-20,-1.2943236858887366,-2.40849013089213,1.825232645229761,-0.3864630545283556
2013-09-23,-4.047961662044254,-3.6185888724005295,-0.49161245649326035,0.37863021213658793
2013-09-24,-7.578048641033323,-4.323100275209306,-0.6240670348460917,0.5354912613419147
2013-09-25,-4.258222372735401,-2.3690305656282864,-2.442523645057269,-0.3884030373721686
2013-09-26,3.6170760570402423,4.3189318602065825,1.0540729169953977,-0.545392574718577
2013-09-27,-3.192986839835,-0.5181691875263491,-1.7597597372134535,0.5982168816660074
2013-09-30,-0.5585241055559196,1.5533744555984015,-0.5238846218264824,0.10737501762901266
2013-10-01,4.097164502269892,1.8307107673448353,0.6979574191124467,-1.2172948220451063
2013-10-02,-5.629748512862007,0.1548492913062638,-0.9984216236142553,0.4261617951449395
2013-10-03,-0.3125995942660435,-0.5433303102737972,-3.057374105855623,0.46061897558063836
2013-10-04,5.848562641278043,1.2751662220559579,2.9909510311113845,-0.6121873008469368
2013-10-07,-0.06587601088723832,-4.928967065992997,-0.9263021601315893,0.8654029703692846
2013-10-08,3.0122122959338453,-2.209566066783011,-0.22670329978763695,0.06490811372587234
2013-10-09,1.0653256919498353,4.522021764412369,0.7190070307844623,0.03344714141055274
2013-10-10,2.167024097537911,3.236804693567328,1.5819316957883545,0.6578178057286515
2013-10-11,-2.095474984059918,-0.4720127821281708,-0.8814010587354869,0.7459441459618762
2013-10-14,0.008463258675469203,0.008413433824016088,0.005375095992527638,0.00011402241690169341
2013-10-15,7.040547443591862,1.8907677359020323,0.05925546858999038,1.0019279787707818
2013-10-16,-9.456196049454912,-2.5322958656645977,0.697398823520201,-0.6971116204357832
2013-10-17,-10.755595516295113,-3.991640916776991,-2.1627390704698133,-0.6585853341958385
2013-10-18,-0.9698733552231944,-0.8991878731905558,0.20798640385067665,-0.421864644506857
2013-10-21,4.631875543626566,2.0904547182741853,1.031622366297317,-0.4856631625148834
2013-10-22,-13.307345881385494,-3.788551012571198,-2.4978049566807368,-0.07974561806667513
2013-10-23,-2.482921010478573,-2.0665331311344666,0.07693276452389029,-1.5754749709609044
2013-10-24,3.9863623600194917,0.029408716474768143,-0.4138805941717261,0.010243380627368598
2013-10-25,-2.0085760650582047,0.4712472889591831,0.003974156966462113,1.3105853980762607
2013-10-28,1.5496006869925085,0.7024271953073926,0.34745751942748704,-0.16181170589366684
2013-10-29,-1.656035961330982,1.5072180502002521,-1.402243300304473,-0.040352246666869845
2013-10-30,2.9799359730591437,-0.4048610940792807,-0.422298070421765,0.903800768468193
2013-10-31,0.7450619110972905,1.6813460304675574,2.3208192586895104,0.5454921314113302
2013-11-01,11.220334156001039,3.3249516642670103,1.6217789939378136,0.8258037864454539
2013-11-04,-1.6279461882692976,1.0338865537397293,-1.1912145161962853,-1.3558883014314531
2013-11-05,7.5668853853225455,4.813258639317837,0.4237884427229709,0.7802728382564987
2013-11-06,-4.326961568297746,2.5717528560224463,-2.8182791728514855,0.8127388720902026
2013-11-07,-6.928348907613215,-3.593427749653119,0.8060019121489421,0.5162281182219584
2013-11-08,20.79579560638181,7.666963014625693,2.041593279694298,0.2954912266256786
2013-11-11,0.008463258675469203,0.008413433824016088,0.005375095992527638,0.00011402241690169341
2013-11-12,6.209475844631293,-0.3516099691894211,1.5538655468923657,-1.0098381455455419
2013-11-13,-8.268397796954082,-0.5853208755752681,-2.2188627255271522,0.4403602591597042
2013-11-14,-10.257347347626101,-0.5958185169006686,-2.0092348804450086,0.4352955800544482
2013-11-15,3.5427367874775153,-0.6184486396104589,0.12239566087130496,0.3198963732338197
2013-11-18,-5.593285640174308,-2.9812291576407026,-0.8182608664541634,0.06391254042489487
2013-11-19,5.27738872723367,4.1515007200735745,2.477125326766423,-0.981569705657115
2013-11-20,9.934907862787174,9.081023582135945,-0.7133051986704743,2.153469834239919
2013-11-21,-1.0848620472865746,-1.3691164478173543,-0.8884175959594812,0.32903015814332676
2013-11-22,-4.015685339169581,-5.423293845104309,-0.2960176858591143,-0.4602624426057639
2013-11-25,-1.4176854775781487,-0.21567175303251787,0.7596966723677199,-0.5888550519226957
2013-11-26,-5.062761148630638,-1.3901117304681505,-0.46916190579522166,0.31890079993284226
2013-11-27,2.734011461769326,1.6918436717929497,2.111191413607376,0.5505568105165739
2013-11-28,0.008463258675469203,0.008413433824016088,0.005375095992527638,0.00011402241690169341
2013-11-29,1.5496006869924848,0.7024271953073811,0.3474575194274723,-0.16181170589369934
2013-12-02,9.263660928203693,1.5097490502378919,2.0270016096540644,-0.018153547402097205
2013-12-03,-4.532236657086922,0.20100569670443824,-0.12006294513629148,0.5738890594408093
2013-12-04,9.053400217512555,2.7593073570101345,0.07609042109007086,-0.7851867969108677
2013-12-05,5.285761826859685,1.4887537675871312,2.4462572998183267,-0.028282905612576546
2013-12-06,0.24681374242827897,-1.7144763694087655,2.167315068664706,-0.5483887828389566
2013-12-09,-2.5110107835402333,-1.5932016346739324,-0.13409601958428277,-0.25993891619628845
2013-12-10,-7.134423068491324,-3.6752429191240674,-1.1603432898891077,0.22583826873549598
2013-12-11,7.15553613565528,2.3606963105288927,1.1556594684001034,0.25103317612057
2013-12-12,7.5445391120702245,0.2605886228230062,-0.07039723171072519,-1.462153723342573
2013-12-13,-1.8571245003071517,-2.1949025853609925,1.2805389139367,0.19744134070599906
2013-12-16,1.4304254451161134,1.5638720969237978,-0.7335124669086138,0.11243969673425544
2013-12-17,-4.706034495090375,-1.6855144454702773,-1.8908133765402018,-0.5553934447879936
2013-12-18,3.827336767731365,3.069373553434328,3.004984105559391,0.221640674790147
2013-12-19,8.97148692041281,-1.8042581801674538,3.8398426216672847,-0.8216446121659352
2013-12-20,-4.073695413020661,-9.128817402499212,3.6941973123003478,-2.2888997126476776
2013-12-23,5.5863089342765795,2.1400140455060503,0.6025482608569708,1.7284949591957537
2013-12-24,7.714150400260657,3.4784822412409335,1.7157872131672478,-0.8095146191360332
2013-12-25,0.008463258675469203,0.008413433824016088,0.005375095992527638,0.00011402241690169341
2013-12-26,3.784474748954355,-1.3837799292394246,-2.395659809683824,0.1964969311631489
2013-12-27,1.0695122417628549,3.1906482881691574,0.7035730173103995,0.5100905414328161
2013-12-30,-5.506386721172571,-2.037969086553337,0.06711434924780073,0.6285537925393122
2013-12-31,7.147163036029264,5.023443263015336,1.1865274953481995,-0.7022536239239685
2014-01-01,0.008463258675469203,0.008413433824016088,0.005375095992527638,0.00011402241690169341
2014-01-02,-5.145473517819334,-3.6647452777987115,-1.3699711349712305,0.23090294784071994
2014-01-03,2.4452249317024504,-0.6646050450086044,-0.7559630176066828,0.17216910893793616
2014-01-06,-5.062761148630612,-1.3901117304681427,-0.46916190579520967,0.3189007999328757
2014-01-07,-2.5110107835402333,-1.5932016346739324,-0.13409601958428277,-0.25993891619628845
2014-01-08,9.415112492954778,-1.1564008240822603,3.30356636662429,-1.131297604772386
2014-01-09,-3.695421558317005,-2.582618111159453,-1.897829913764184,-0.9723074326065093
2014-01-10,-16.782810264247523,-1.745097371588845,-1.9404790899657687,1.4806493379953887
2014-01-13,-5.71246088205069,-2.119784256024302,-1.8992308527902522,0.33816394305280395
2014-01-14,6.29218821382,1.9230235781411562,2.4546747760683774,-0.9218402934533741
2014-01-15,4.105537601895904,-0.8320361851416044,0.6670893921643539,-0.2640080220005685
2014-01-16,-5.030484825755936,-3.1948167031718806,-0.2735671351610932,-0.5199918548094785
2014-01-17,-3.5216237203135763,-0.6960979689847488,-0.12707948236028868,0.1569750716222609
2014-01-20,0.008463258675469203,0.008413433824016088,0.005375095992527638,0.00011402241690169341
2014-01-21,1.7879511707453377,-1.0204626079253603,2.5093974920996414,-0.7103145111495388
2014-01-22,6.1267634754425755,-2.6262435165200073,0.6530563177163832,-1.0978359976376513
2014-01-23,-15.24167283593045,-1.0510836101054446,-1.5983966665308198,1.3187236096847927
2014-01-24,-7.051710699302627,-1.4006093717935062,-0.25953406071309926,0.3138361208276183
2014-01-27,4.631875543626559,2.0904547182741515,1.0316223662973527,-0.48566316251488273
2014-01-28,-0.7604117166210104,0.14018580988424545,-2.5056638373385924,0.29362856816481264
2014-01-29,-11.76620845306847,-3.0945372510877993,-2.1557225332458287,-0.24167134637727733
2014-01-30,4.631875543626583,2.090454718274163,1.0316223662973674,-0.4856631625148502
2014-01-31,-8.712023369496078,-1.2331782316605102,-1.6825864704841387,0.7500132517661238
2014-02-03,-10.466808986228278,-1.6351921999754369,0.7044153607442245,-0.280197632617222
2014-02-04,4.960512424105162,2.268383499732559,-0.6010578885558006,-0.04442135247110293
2014-02-05,9.0211238946379,4.564012329713901,-0.11950434954406897,0.053705857831472574
2014-02-06,3.6296357064792284,0.324811431476895,1.007770876573254,0.8845376253482042
2014-02-07,-5.2183992631947085,2.607411620095233,-1.7302926492913995,0.9554014572808417
2014-02-10,0.48855170390514496,-2.479807659037723,-0.35074040189041145,-0.6717882249095939
2014-02-11,8.733136436659992,-0.08136837693470551,1.6779026489951427,-0.2731418069100765
2014-02-12,6.82689925517672,2.1827675290705253,2.788339723253248,-0.19020863392319104
2014-02-13,-10.467608058317238,0.6537397898715913,-3.9601460690090136,-0.3317376694542627
2014-02-14,1.7598613976836335,-0.5471311114648661,2.2983687079914774,0.605221543615058
2014-02-17,0.008463258675469203,0.008413433824016088,0.005375095992527638,0.00011402241690169341
2014-02-18,-4.710221044903372,-0.35414096922704114,-1.8753793630661655,-1.03203684481027
2014-02-19,4.99278874697982,0.46367852702878826,-0.4054631179216634,-0.8833140072134423
2014-02-20,5.198862907857948,0.5454936964997658,1.5608820841163626,-0.5929241577269935
2014-02-21,-4.380785092335828,-2.4651441776156933,1.1565018118339405,-0.5392549979294347
2014-02-24,2.979935973059161,-0.40486109407924814,-0.4222980704217859,0.9038007684681785
2014-02-25,-7.138609618304338,-2.3438694428808637,-1.1449092764150512,-0.2508051312867658
2014-02-26,-5.062761148630638,-1.3901117304681505,-0.46916190579522166,0.31890079993284226
2014-02-27,-2.95463635608219,-2.2410589907591305,0.40218023545872444,0.04971407641014893
2014-02-28,1.2251503563269466,-0.8068750623942109,1.9647037608065954,-0.1264101159151518
2014-03-03,-8.236121474079424,-2.390025848279038,-2.023267954893015,-0.39853239558263537
2014-03-04,14.298422462822115,6.044352663477016,2.32137785428173,0.02530892980199489
2014-03-05,0.008463258675469203,0.008413433824016088,0.005375095992527638,0.00011402241690169341
2014-03-06,7.40146064694514,0.2639915446567017,-1.377830015629047,0.6042771340722078
2014-03-07,9.94145043468544,1.7660900793335295,3.6680993407572533,-1.3529527452867012
2014-03-10,-1.0932351469126067,1.2936305046690568,-0.8575495690113646,-0.6242566419011971
2014-03-11,-3.5174371705005494,-2.027471445227957,-0.1425134958343335,0.6336184716445094
2014-03-12,-5.593285640174308,-2.9812291576407026,-0.8182608664541634,0.06391254042489487
2014-03-13,-11.11650871964836,-2.3648647255316155,-0.7256535862507969,-0.26093448949723236
2014-03-14,1.0513525183234702,-2.693395204568938,0.19395332940267043,-1.255692620143987
2014-03-17,7.0405474435919055,1.8907677359020727,0.059255468589981215,1.0019279787708009
2014-03-18,-3.5258102701265766,0.635275507258491,-0.11164546888624968,-0.31966832840001635
2014-03-19,22.749224782264058,-6.379558319372111,5.477287488549914,-3.1794703805856535
2014-03-20,-1.0344260009725517,2.7102220722169417,-0.18320313741759134,1.255920664977804
2014-03-21,-4.792134342003126,-4.917706506404662,1.8883728375110849,-1.068494660065337
2014-03-24,0.2832766151159754,-4.850554818355729,2.3474758258248007,-0.9106380375590023
2014-03-25,1.4304254451160896,1.5638720969237863,-0.7335124669086287,0.11243969673422302
2014-03-26,-8.177312328139369,-0.9734342807311539,-1.3489215232992418,1.4816449112963659
2014-03-27,-2.3918355416638186,-2.4546465362903085,0.9468739667517944,-0.5341903188242244
2014-03-28,5.7293873994016415,2.13661112367233,1.9099810447753194,-0.33793589821901393
2014-03-31,-0.5585241055558999,1.5533744555984303,-0.5238846218265063,0.10737501762899891
2014-04-01,4.484610528688504,3.425231116351091,-0.2603764041469213,1.104124294877655
2014-04-02,9.620387581743925,1.2143463352357198,0.6053501389091045,-0.8924477921229649
2014-04-03,-3.402448478437162,-1.5575428706011252,0.9538905039757885,-0.11727633100567522
2014-04-04,-10.376522589502505,0.26562638471572403,-3.0902048667810824,0.7095469826824299
2014-04-07,-5.510573270985592,-0.7065956103101125,0.08254836272182196,0.15191039251700347
2014-04-08,-2.958822905895205,-0.9096855145159269,0.41761424893278115,-0.4269293236121126
2014-04-09,-0.06027593688690799,4.9491968554747245,-0.3703804318016776,1.2012559318792995
2014-04-10,-8.794735738684764,-3.5078117789910723,-2.5833956996601324,0.6620153996739873
2014-04-11,-3.398261928624167,-2.8889163468443573,0.9384564905017555,0.35936706901660004
2014-04-14,2.766287784643982,-0.11286130091081709,2.306786184241516,-0.28833584422576664
2014-04-15,0.6077269457815274,-3.341252560654124,0.7302295844456775,-0.9460396275375034
2014-04-16,2.350751985163686,-1.2340501534565498,3.054091223392696,-1.294218906383945
2014-04-17,13.685185602089685,2.1786016889738375,1.0714696644468151,-0.31767718179808135
2014-04-18,0.008463258675469203,0.008413433824016088,0.005375095992527638,0.00011402241690169341
2014-04-21,-1.0021496780978765,0.9055170995132032,0.012391633216524797,0.41702801023545
2014-04-22,1.590250109493201,-3.765024729882793,0.5121842631135045,-0.04741756059148143
2014-04-23,-5.510573270985568,-0.706595610310101,0.08254836272183662,0.151910392517036
2014-04-24,0.12763850055186424,-0.8530314677923891,1.0863450823286285,-0.27413738021102063
2014-04-25,-2.6301860254166285,-0.7317567330575272,-1.2150660059203837,0.014312486431633936
2014-04-28,2.975749423246146,0.9265123821639553,-0.4068640569477289,0.42715736844591684
2014-04-29,1.9932262595344614,1.350284551392608,-0.18881873561555876,-0.4714646985001505
2014-04-30,-6.727260368637065,0.10869288590809711,-1.8767803020922074,0.27843453084910297
2014-05-01,-6.928348907613215,-3.593427749653119,0.8060019121489421,0.5162281182219584
2014-05-02,-2.359559218789137,-4.259351508994068,1.1424687373859463,-1.3730829735665313
2014-05-05,4.397711609686767,2.481971045263726,-1.1457516198488853,0.5394830427632381
2014-05-06,-2.3918355416638386,-2.4546465362903374,0.9468739667518181,-0.5341903188242108
2014-05-07,-1.1536012428489495,3.571666973833351,-1.2641731237536895,1.5301720676057258
2014-05-08,0.11846632883688746,4.098647474541099,-3.547348320476553,-1.278964217092646
2014-05-09,1.4304254451161134,1.5638720969237978,-0.7335124669086138,0.11243969673425544
2014-05-12,5.733573949214656,0.805237647429126,1.8945470313012627,0.13870750180324784
2014-05-13,-8.149222555077696,-1.446765777191693,-1.1378927391910565,0.16610885653173732
2014-05-14,-10.097522683249002,-5.924715343707243,-0.7635381504228878,0.27543832272875696
2014-05-15,-5.47829694811091,-2.5113005830138713,0.27814313335597374,-0.6869822622253036
2014-05-16,2.0843117283491956,0.9621711462367374,0.6811224666123691,0.5698199536365429
2014-05-19,2.4003889593887626,5.134220356424813,-0.905255747818667,-0.4188684363865245
2014-05-20,-3.6407989621899937,0.1653469326316312,-1.208049468696363,0.431226474250196
2014-05-21,4.8736135051034255,1.3251234286451934,-1.4864331042577645,-0.6090626045855199
2014-05-22,2.647112542767587,0.748583600705588,1.2258161979054152,-0.0140844415978443
2014-05-23,-3.517437170500582,-2.027471445227981,-0.14251349583432166,0.6336184716445362
2014-05-26,0.008463258675469203,0.008413433824016088,0.005375095992527638,0.00011402241690169341
2014-05-27,-0.9334104825354993,-4.035266322137505,0.38814716101073005,-0.7841138992269477
2014-05-28,-12.090658783734034,-4.603839508789403,-0.5384762918667201,-0.20626975639876205
2014-05-29,2.556027073952857,1.1366970058614416,0.35587499567752595,-1.0553690937344915
2014-05-30,3.625449156666231,1.6561849077201312,1.0232048900472899,0.40789422532592806
2014-06-02,9.707286500745665,2.157606406323082,1.490725354611066,-0.32780654000854703
2014-06-03,9.144485686327297,2.371193951854297,0.946031623317963,0.25609785522582484
2014-06-04,1.4304254451160896,1.5638720969237863,-0.7335124669086287,0.11243969673422302
2014-06-05,-3.0779981477716194,-0.04824061289955055,-0.6633557374032959,-0.15267792098417646
2014-06-06,2.679388865642266,-1.056121371998167,1.4214109685395702,-0.8529770963401522
2014-06-09,4.105537601895906,-0.8320361851416084,0.667089392164351,-0.2640080220005676
2014-06-10,3.9863623600194917,0.029408716474768143,-0.4138805941717261,0.010243380627368598
2014-06-11,-0.46743863674118935,1.165261050442548,0.3460565804014068,1.1486596697656597
2014-06-12,-9.543094968456646,-3.4755559367519773,-0.18797639218172146,-1.261752872550155
2014-06-13,4.672524966127276,-2.3769972069160223,1.1963491099833847,-0.3712690172126647
2014-06-16,2.453598031328445,-3.327351997495077,-0.7868310445547548,1.1254559089824885
2014-06-17,8.72894988684702,1.2500050993085388,1.6933366624691912,-0.7497852069323194
2014-06-18,-7.828958774225145,1.393909956753155,-2.739704967096138,-0.34593613346904206
2014-06-19,3.387098672913445,3.379074710952924,-1.1387350826248734,0.9563970305818191
2014-06-20,-0.9615002555972035,-3.5619348256770107,0.177118376902566,0.5314221555376492
2014-06-23,0.11926540092586926,1.8097154846940833,1.1172131092767006,-1.227424180255573
2014-06-24,-4.582672703400962,-3.8783328233298895,-0.8252774036781604,-0.3530014473936535
2014-06-25,-3.965249292855556,-1.3439553250699723,0.40919677268274524,0.4666280642287111
2014-06-26,-6.608085126760648,-0.7527520157082832,-0.7958103157561329,0.004183128221168087
2014-06-27,0.5389877502191628,1.5995308609965797,0.35447405665148424,0.2551022819248815
2014-06-30,-1.6434763118919602,-2.4869023785294284,-1.4485453407265898,1.3895779533999308
2014-07-01,7.5949751583842495,4.339927142857343,0.634817226831135,-0.5352632165080979
2014-07-02,9.588111258869269,3.019051307939487,0.40975536827496467,-0.05355513738062447
2014-07-03,4.01863868289417,-1.775296256228974,-0.21828582353761297,-0.8286492741149847
2014-07-04,0.008463258675469203,0.008413433824016088,0.005375095992527638,0.00011402241690169341
2014-07-07,-2.3918355416638386,-2.4546465362903374,0.9468739667518181,-0.5341903188242108
2014-07-08,-8.025860763388275,-3.6395841550512853,-0.07235676632900989,0.3685008539261218
2014-07-09,-2.0954749840599414,-0.4720127821281823,-0.8814010587355018,0.7459441459618438
2014-07-10,-3.9819954921075826,3.9815385799029115,0.4709328265789344,-1.4399455358603652
2014-07-11,-2.5026376839142213,-4.255948587160373,-0.1649640465323759,0.6933478838482493
2014-07-14,3.6535389297279153,1.1828534112596083,1.2342336741554778,-0.907641829438655
2014-07-15,2.5602136237658737,-0.19467647038176583,0.34044098220346614,-0.5787256937122289
2014-07-16,-0.40288599099182937,-2.4441488949649526,0.737246121669672,-0.5291256397190003
2014-07-17,-12.538470906088984,-3.920323388631382,0.013233976650362252,-0.3732601638145549
2014-07-18,6.54229927492287,-1.5050546639742617,-0.09424872143483835,-0.09195293547951836
2014-07-21,-1.2943236858887563,-2.408490130892159,1.825232645229785,-0.38646305452834184
2014-07-22,-2.9910992287698894,0.8950194581878357,0.22201947829863236,0.41196333113019346
2014-07-23,0.3371001391540286,0.18634221528238334,-1.6273051588606167,0.4413558324606628
2014-07-24,8.079250153426912,0.5203325737523511,0.26326771547415706,-0.7305220638123633
2014-07-25,-6.480536785258222,-4.2769438698111,0.25429164363185114,0.6832185256377696
2014-07-28,4.664151866501241,0.2857497455703923,1.2272171369315046,-1.3245558172571896
2014-07-29,-5.058574598817577,-2.7214852067113173,-0.4845959192692903,0.7955441999551235
2014-07-30,14.183433770758676,5.574424088850145,1.2249738544716018,0.7762037324521743
2014-07-31,-0.9194373089091568,3.1801506468437766,0.9132008623925486,0.5050258623276048
2014-08-01,-12.282759770985802,2.5297622907209476,-1.9797677925229895,0.7924801556692811
2014-08-04,-0.6454230245576564,0.6101143845110362,-1.4092598375284464,-0.45726623448540454
2014-08-05,-1.9482099691218384,-1.8067891802050988,0.4105977117088018,-0.8438433114306294
2014-08-06,0.012649808488486361,-1.3229600424191914,-0.010058917481532174,0.4767574224391641
2014-08-07,-10.1423586555627,-0.12588994227384182,-0.9128308806348743,-0.3155992225957495
2014-08-08,2.1165880512238737,-0.8425338264670045,0.8767172372464824,-0.2690727011058104
2014-08-11,1.3477130759273914,-0.7107614504067713,-1.6343216960846347,0.024441844642099784
2014-08-12,2.075938628723171,3.624918098723182,0.7119904935604497,-0.3834668464079818
2014-08-13,-6.073374085403927,-0.49300806477892783,-0.46214536857122096,0.7358147877513961
2014-08-14,-4.380785092335851,-2.465144177615705,1.1565018118339256,-0.5392549979294673
2014-08-15,-7.993584440513615,-5.444289127755057,0.12323800430512727,-0.47039180081621756
2014-08-18,8.371424161217815,3.8343398041577252,-1.5495732965390883,0.07296900095146136
2014-08-19,2.445224931702433,-0.6646050450086369,-0.7559630176066618,0.17216910893795082
2014-08-20,6.776463208862691,-1.8965709909637876,2.083125264711381,-1.1170991407576085
2014-08-21,-2.95463635608221,-2.2410589907591594,0.40218023545874826,0.049714076410162684
2014-08-22,2.185327246786251,-5.783317248117713,1.2524727650406877,-1.4702146105682081
2014-08-25,-1.2943236858887563,-2.408490130892159,1.825232645229785,-0.38646305452834184
2014-08-26,-0.11489853301394298,2.2012318116836287,-1.0601608768695134,-0.20227797497743846
2014-08-27,-4.971675679815884,-1.7782251356239924,0.4007792964326825,1.3601854520695218
2014-08-28,-4.499960334212247,-1.6036992759992996,0.07553182549782476,-0.2650035953015448
2014-08-29,0.09117562786418879,2.2830469811545893,0.9061843251685514,0.08811187450905647
2014-09-01,0.008463258675469203,0.008413433824016088,0.005375095992527638,0.00011402241690169341
2014-09-02,12.916310626793184,2.3103740650340514,-1.4395692688843231,-0.02416263605020176
2014-09-03,-1.8613110501201253,-0.8635291091177449,1.295972927410751,-0.2792020593162447
2014-09-04,6.830286732900756,3.14032604267432,-1.8916557199740238,0.23489472926204358
2014-09-05,-0.5908004284306015,3.358079428302161,-0.7194793924606344,0.9462676723713197
2014-09-08,3.66191202935393,-1.4798935412268355,1.2033656472073821,0.0456449706058835
2014-09-09,4.224712843772302,-1.6934810867580135,1.7480593785004521,-0.5382594246284899
2014-09-10,6.062210829693213,0.9831664288874968,0.26186677644812134,0.5799493118470079
2014-09-11,0.4520888312174458,0.6562707899092431,-0.5309011590505035,-0.30953897018954946
2014-09-12,10.08635942753828,6.41487370781581,0.5632595582997693,1.040325776869662
2014-09-15,-3.1929868398350196,-0.5181691875263779,-1.7597597372134297,0.5982168816660212
2014-09-16,-1.5733235921422577,3.781851597530818,-0.5014340711284553,0.04764560542528659
2014-09-17,5.563962661024221,-2.4126559709887965,0.10836258642329263,-0.5139316024032925
2014-09-18,1.787951170745294,-1.0204626079254004,2.5093974920996502,-0.7103145111495578
2014-09-19,-6.361361543381826,-5.138388771427505,1.3352616299679523,0.4089671230098473
2014-09-22,-3.6407989621899937,0.1653469326316312,-1.208049468696363,0.431226474250196
2014-09-23,-4.499960334212223,-1.6036992759992883,0.07553182549783942,-0.2650035953015124
2014-09-24,6.090300602754879,0.5098349324269551,0.4728955605562886,-0.735586742917606
2014-09-25,-10.609887451353313,-1.6317892781417116,-0.6030174231741149,1.7862332247975798
2014-09-26,5.235325780545643,-2.5905847524471928,1.7410428412764607,-0.95517341244704
2014-09-29,-6.041097762529282,-2.2977130374826933,-0.26655059793709623,-0.10307786699093018
2014-09-30,2.971562873433129,2.257885858407163,-0.3914300434736692,-0.04948603157634555
2014-10-01,-16.635545249309416,-3.079873769665749,-0.648480319521506,-0.10913811939713002
2014-10-02,2.971562873433129,2.257885858407163,-0.3914300434736692,-0.04948603157634555
2014-10-03,3.1355740876232527,-4.402384444642617,0.83883267307441,0.2673001111202105
2014-10-06,-4.536423206899918,1.5323791729476708,-0.10462893166225837,0.09724565941853397
2014-10-07,-10.668696597293412,-3.048380845689633,-1.277363854767876,-0.0939440820814406
2014-10-08,-6.70910064519769,5.992736378646162,-1.3671606141844395,2.044217692425906
2014-10-09,0.03655303173713001,-0.4649180626365183,0.21640388010070064,-1.3154220323477142
2014-10-10,-5.506386721172571,-2.037969086553337,0.06711434924780073,0.6285537925393122
2014-10-13,0.008463258675469203,0.008413433824016088,0.005375095992527638,0.00011402241690169341
2014-10-14,-17.202532613540793,-1.53491274789133,-1.1777400373405364,-0.0018771241850332014
2014-10-15,-11.272146834212462,1.632658625031722,-1.9867843297469543,0.37556616785073527
2014-10-16,3.5385502376645026,0.7129248366327856,0.13782967434533197,-0.1567470267884444
2014-10-17,9.061773317138597,0.09656040452369864,0.04522239414198682,0.16810000313370418
2014-10-20,-4.532236657086925,0.20100569670444224,-0.1200629451362886,0.5738890594408084
2014-10-21,5.52331323852351,2.0547959542013694,-0.056364157262745455,-0.6283257477055088
2014-10-22,3.9905489098324867,-1.3019647597684645,-0.4293146076457593,0.48688678064964386
2014-10-23,7.298614600780361,2.3572933886952008,2.463092252318428,-1.8153976812942119
2014-10-24,0.008463258675469203,0.008413433824016088,0.005375095992527638,0.00011402241690169341
2014-10-27,-2.067385210998257,-0.9453442785887053,-0.6703722746273139,-0.5695919088027395
2014-10-28,4.073261279021205,0.972668787562122,0.4714946215302231,0.5748846327417532
2014-10-29,9.33658667357908,-4.762407847656058,2.387323123974245,-0.7426520568422319
2014-10-30,-3.6366124123769765,-1.1660265436115762,-1.2234834821704226,0.9078698742724585
2014-10-31,6.090300602754903,0.5098349324269666,0.4728955605563033,-0.7355867429175735
2014-11-03,2.0015993591604633,-1.3124624010938306,-0.21968676256366668,0.4818221015444011
2014-11-04,-1.4134989277651513,-1.5470452292757542,0.7442626588936839,-0.11221165190041962
2014-11-05,0.9867998725741327,0.9160147408385879,-0.19723621186562137,0.42209268934066035
2014-11-06,6.090300602754903,0.5098349324269666,0.4728955605563033,-0.7355867429175735
2014-11-07,-11.235683961524769,-1.5034198239152232,-1.8066235725868978,0.013316913130643333
2014-11-10,10.040109931037229,1.0041617115382462,-0.15738891371615016,0.5900786700574895
2014-11-11,0.008463258675469203,0.008413433824016088,0.005375095992527638,0.00011402241690169341
2014-11-12,-0.5262477826812179,-0.25133051710532867,-0.32828985119235443,-0.7315176371133081
2014-11-13,-2.963009455708205,0.42168796172731293,0.4330482624068202,-0.9035727236343896
2014-11-14,-4.047961662044263,-3.6185888724005495,-0.4916124564932661,0.3786302121365432
2014-11-17,3.0907381153095312,1.3964409567907912,0.689539942862396,-0.3237374342042686
2014-11-18,-2.5151973333532505,-0.2618281584307249,-0.11866200611022307,-0.7365823162185509
2014-11-19,5.614398707338264,1.6666825490455275,0.8135770449651587,0.4129589044311709
2014-11-20,-3.965249292855556,-1.3439553250699723,0.40919677268274524,0.4666280642287111
2014-11-21,-3.4893473974388773,-2.500802941688475,0.06851528827384244,-0.6819175831200607
2014-11-24,-1.5326741696415773,-0.685600327659394,-0.3367073274423959,0.162039750727471
2014-11-25,-6.516999657945897,-1.1408654208641213,0.07413088647177389,1.0454677803578467
2014-11-26,-2.712898394605344,-3.0063902803881173,-2.115875235096369,-0.0736853656604746
2014-11-27,0.008463258675469203,0.008413433824016088,0.005375095992527638,0.00011402241690169341
2014-11-28,-12.488034859774968,0.1590151314029388,0.7184484351922189,0.5536303430198746
2014-12-01,7.393087547319128,2.926738497143142,-1.346961988680954,-0.3490096659723299
2014-12-02,12.061335804583909,-0.7900456198401453,-0.17142198816414767,-0.24374930557965266
2014-12-03,2.1207746010369095,-2.1739073027101923,0.8612832237724434,0.20757069891648278
2014-12-04,-6.369734643007856,-2.4756418189410967,1.3661296569160657,-0.5443196770346758
2014-12-05,14.65373559217501,-5.460587449236089,0.3283706417328158,-0.7081948764065532
2014-12-08,-7.343884707093531,-4.7146166021988805,1.553306951300146,-0.48965494393620634
2014-12-09,-5.712460882050679,-2.119784256024286,-1.899230852790249,0.3381639430528497
2014-12-10,-8.957947880785909,0.8635265342116948,0.8509030135450445,0.39676929381450327
2014-12-11,4.581439497312521,-1.9888838017601806,0.3264079077554807,-1.4125536693493443
2014-12-12,-16.548646330307683,-2.136613698578382,0.23689489618045861,0.4555031327172864
2014-12-15,5.23951233035866,-3.9219582286904,1.7256088278024009,-0.47853001242477744
2014-12-16,-8.592848127619686,-2.0946231332769116,-0.6016164841480348,0.4757618491382004
2014-12-17,12.263223415649087,0.6231430258740921,1.8103572273479447,-0.43000285611541544
2014-12-18,14.013822482568234,2.356530470432206,-0.5612105904063447,0.12356462824569422
2014-12-19,-6.0088214396546045,-4.102418010186436,-0.07095582730298283,-0.9419705217332833
2014-12-22,1.4752614174297984,-4.234953304509617,-0.5842197366966265,0.7034772420587152
2014-12-23,15.217949930780705,5.5353624029436705,1.4444201148298281,-1.4328897101532325
2014-12-24,-0.34407684505175345,-1.027557327417053,1.4115925532634628,1.3510516671600323
2014-12-25,0.008463258675469203,0.008413433824016088,0.005375095992527638,0.00011402241690169341
2014-12-26,-2.5110107835402333,-1.5932016346739324,-0.13409601958428277,-0.25993891619628845
2014-12-29,-5.0627611486306145,-1.390111730468139,-0.46916190579520656,0.3189007999328748
2014-12-30,-5.542849593860271,1.0981093623936293,-0.11304640791229116,0.9908030472593565
2014-12-31,-4.6233221259016535,0.5891191018603052,-0.9900041473642224,-0.46739559269588327
2015-01-01,0.008463258675469203,0.008413433824016088,0.005375095992527638,0.00011402241690169341
2015-01-02,-8.02586076338826,-3.63958415505129,-0.0723567663289979,0.36850085392610893
2015-01-05,-9.617434238019351,-8.412936436568994,-1.119653648305841,-0.39646392459777136
2015-01-06,-12.56656067915068,-3.446991892170865,-0.19779480745783368,0.9422758909500121
2015-01-07,-3.5580865930012666,2.4399804799622276,-0.3072402395203702,0.5192243263423209
2015-01-08,8.545221999221221,5.720859946332404,0.22117713486483365,1.2022515051802443
2015-01-09,-8.59703467743266,-0.7632496570336639,-0.5861824706739837,-0.0008815508840431133
2015-01-12,-10.581797678291652,-2.105120774602246,-0.39198863906594206,0.47069717003296424
2015-01-13,-2.5474736562279086,1.5428768142730351,-0.3142567767443554,0.10231033852375947
2015-01-14,-7.1469827179303556,0.3188775096055836,-1.1140412494669523,-1.2040919313313054
2015-01-15,-17.2348089364155,0.2697922248123779,-1.3733348079746335,0.8370155305573186
2015-01-16,11.169898109686999,-0.7543868557673182,0.9165645353959445,-0.10108672038900836
2015-01-19,0.008463258675469203,0.008413433824016088,0.005375095992527638,0.00011402241690169341
2015-01-20,0.17247447286558565,-6.651856869225776,1.2356378125405936,0.31690016511344343
2015-01-21,7.151349585842274,3.6920697867721057,1.1710934818741705,-0.22561022390167637
2015-01-22,4.751050785502962,1.2290098166577796,2.112592352633418,-0.7599145651428054
2015-01-23,-12.177557702735733,-5.547099579876762,-1.423851507568657,-0.7709110085131597
2015-01-26,4.549163174437863,-0.1841788290564101,0.13081313712134388,-0.5736610146070049
2015-01-27,-1.117138370161274,0.4355885248863723,-1.084012366593612,1.1679228128856485
2015-01-28,-17.07498427203838,-5.059104601994176,-0.12763807795252854,0.6771582732315815
2015-01-29,6.058024279880221,2.314539905130726,0.27730078992215146,0.10330591182473357
2015-01-30,-15.772197327474165,-2.6422010372780225,-1.947495627189754,1.0637353501768558
2015-02-02,1.4668883178037888,-1.5722063520231802,-0.5533517097485366,-0.2498095579858216
2015-02-03,17.622435280933026,6.667048896814794,0.4874872305965093,-0.4219419688898275
2015-02-04,2.527937300891172,1.6100285023219645,0.14484621156933805,0.2601669610300918
2015-02-05,2.971562873433129,2.257885858407163,-0.3914300434736692,-0.04948603157634555
2015-02-06,26.369598157978867,-3.7742283318721954,1.815121839377413,-2.3465868144913777
2015-02-09,1.5496006869925163,0.7024271953074156,0.3474575194274559,-0.16181170589369687
2015-02-10,7.927798588675815,3.186482448072487,-1.0132970414960718,0.38262199355787957
2015-02-11,-0.4070725408048228,-1.1127754187217338,0.7526801351437465,-1.0057690397412304
2015-02-12,-4.457897387524212,5.138386196521481,0.8116143109878,-0.2913998885116056
2015-02-13,7.758187300485375,-0.031411170345463514,-2.7994814863740136,-0.27001711064862954
2015-02-16,0.008463258675469203,0.008413433824016088,0.005375095992527638,0.00011402241690169341
2015-02-17,17.717707299560757,4.947562015415718,1.341994419350376,1.0959860832691093
2015-02-18,-14.275895871470828,3.8506381256387794,-1.754705933966828,0.31077207654176453
2015-02-19,9.094049640013255,-1.7081445681800722,0.24081716477612378,-0.6707926516086352
2015-02-20,2.766287784643982,-0.11286130091081709,2.306786184241516,-0.28833584422576664
2015-02-23,-10.997333477771948,-3.2263096271479883,0.3553164000852832,-0.5351858921251691
2015-02-24,-13.252723285258462,-1.0405859687800747,-1.8080245116129443,1.323788288790045
2015-02-25,-2.92236003320752,-4.045763963462896,0.5977750060928687,-0.7891785783321744
2015-02-26,13.035485868669578,1.4489291634176462,-0.35859928254822193,-0.29841403867812366
2015-02-27,-6.521186207758914,0.19050805537908658,0.08956489994583404,0.5688243803355842
2015-03-02,13.118198237858318,3.7235627107482476,0.5422099466277783,-0.2104161865859825
2015-03-03,6.62501164411159,0.7695788833563113,0.8065605077411855,-0.003955083387363811
2015-03-04,-1.0063362279108738,2.2368905757564397,0.027825646690560833,-0.05961538978682612
2015-03-05,-3.1060879208333065,0.42509088356097585,-0.8743845215114809,1.1628581337804058
2015-03-06,23.182121233094772,2.9146060157587557,0.575040707553233,-0.45934419368771773
2015-03-09,-7.055897249115644,-0.0692358955502986,-0.24410004723903905,-0.16280727919464444
2015-03-10,-8.556385254931955,-5.230701582223854,-0.42145572698795475,0.11351259441812901
2015-03-11,-4.495773784399249,-2.9350727522425357,0.06009781202378866,0.21163980472073138
2015-03-12,-2.4324849641645065,2.0128053888998694,0.7821472230657709,-0.648584464126408
2015-03-13,3.0668348920608763,0.5383989770081018,0.46307714528016036,1.468442020582564
2015-03-16,-5.510573270985588,-0.7065956103101297,0.08254836272186043,0.15191039251704974
2015-03-17,-3.563686667001607,-7.4381834415055135,-0.8631619678502476,0.1833713648323349
2015-03-18,-25.642605811271515,2.2426912559121153,0.03232085434497413,0.17312300669828423
2015-03-19,10.639373618143319,-2.345504282939881,0.5674655747369921,-0.35607497989697146
2015-03-20,-9.159835491851045,-0.5496621115024917,-1.1308762019670608,0.5830228443503139
2015-03-23,-0.6454230245576444,0.6101143845110419,-1.409259837528439,-0.4572662344853883
2015-03-24,-7.495336271844572,-2.048466727878709,0.2767421943299204,0.6234891134340423
2015-03-25,7.155536135655278,2.360696310528903,1.1556594684000985,0.2510331761205991
2015-03-26,12.994836446168893,5.916381088607855,-0.5233260262342702,-0.4128081839803395
2015-03-27,-10.462622436415268,-2.9665656762186665,0.6889813472701963,0.19644576740507058
2015-03-30,0.8676246306977299,1.77745964245497,-1.278206198201691,0.6963440919686126
2015-03-31,-4.651411898963302,1.0624505983208348,-1.2010329314723833,0.8481404620687196
2015-04-01,-10.101709233062,-4.593341867464007,-0.7481041369488516,-0.20120507729351897
2015-04-02,7.032174343965847,4.553514688388476,0.09012349553808596,0.04864117872624348
2015-04-03,-13.261096384884446,1.6221609837064035,-1.7771564846648642,0.37050148874550853
2015-04-06,11.01007344530987,4.5745099710392285,-0.32913219462616805,0.05877053693671028
2015-04-07,-2.8031847913311054,-4.907208865079272,1.678744992428946,-1.0634299809601104
2015-04-08,4.640248643252586,-0.5722922342122865,1.0007543393492644,0.4676236375296722
2015-04-09,9.94065136259649,4.055022069180566,-0.996462088995975,-1.4044927821237263
2015-04-10,-0.8465115635337793,-3.0920062510501376,1.2735223767126926,-0.21947264711254852
2015-04-13,-4.092797634357961,2.1802365290328694,-0.6409051867052656,-0.2124073331879034
2015-04-14,-6.603898576947641,-2.0841254919515197,-0.811244329230154,0.48082652824343025
2015-04-15,-0.47162518655419466,2.4966345266857615,0.3614905938754741,0.6720162697434137
2015-04-16,-1.6560359613309705,1.507218050200258,-1.4022433003044656,-0.040352246666853636
2015-04-17,-3.365985605749485,-4.693621319548117,1.1340512611359073,-0.4795255857257069
2015-04-20,6.747574363712037,0.8656924953437471,-2.7924649491500477,0.1468968771698887
2015-04-21,3.0907381153095437,1.3964409567907863,0.6895399428624079,-0.3237374342042817
2015-04-22,11.572874259728255,4.360922425508097,0.21556153666687972,-0.5251338582976491
2015-04-23,-6.0733740854039535,-0.4930080647789699,-0.4621453685712109,0.7358147877513959
2015-04-24,-4.175510003546673,-0.09439701829769057,-1.5417144158812761,-0.3004051852800438
2015-04-27,1.2251503563269346,-0.8068750623942167,1.9647037608065878,-0.12641011591516801
2015-04-28,8.90613520257449,4.094083755087075,-1.2159083493542184,0.804600660481684
2015-04-29,9.016937344824864,5.89538580595708,-0.10407033606998567,-0.42293754219077634
2015-04-30,-0.07424911051325539,-2.266220113506549,-0.8954341331834902,-0.0878838296752549
2015-05-01,11.69204950160468,3.4994775238916853,1.2965315230029943,-0.7993852609255665
2015-05-04,5.371861673772437,4.720945828521516,-1.3329289142329597,0.48481830966476663
2015-05-05,5.08387421579455,0.07556512187293482,0.4644780843062259,0.15797064492320476
2015-05-06,10.360373711889805,3.844837445483081,-1.7592011416212106,0.0780336800566853
2015-05-07,-9.867545299122208,-4.984858194453581,1.4292698491973865,-1.22635128257164
2015-05-08,-5.6662113855496825,3.2909277402532418,-1.1785823807743325,0.7884110498650164
2015-05-11,18.600771894831656,7.574650203829331,0.2848759227383763,3.669803392840912e-05
2015-05-12,-1.4457752506398334,0.257659743428005,0.548667888259532,0.7266810028418874
2015-05-13,0.2334550209002862,4.568576049167916,-2.450944320666374,-2.029859019742799
2015-05-14,-8.62512445049434,-0.28991816057314845,-0.7972112547821778,1.3146545038805415
2015-05-15,-12.502008033401287,-7.056401837578332,0.19339473381041525,-0.7355094185346454
2015-05-18,14.659335666175329,4.41757647223162,0.8842923700627289,-0.37234191489658564
2015-05-19,9.094049640013255,-1.7081445681800722,0.24081716477612378,-0.6707926516086352
2015-05-20,-3.1144610204593017,3.087837836047449,-0.8435164945634087,0.2095713337358535
2015-05-21,-9.534721868830632,-6.138302889238421,-0.2188444191298175,-0.30846607250561625
2015-05-22,5.5639626610242265,-2.412655970988804,0.10836258642328686,-0.5139316024032907
2015-05-25,0.008463258675469203,0.008413433824016088,0.005375095992527638,0.00011402241690169341
2015-05-26,-9.859172199496193,-7.647605146940025,1.3984018222492909,-0.2730644825271014
2015-05-27,-0.9979631282848791,-0.4258563767300329,-0.003042380257511159,0.8936714102577262
2015-05-28,-2.103848083685956,2.1907341703582612,-0.850533031787406,-0.207342654082695
2015-05-29,-2.5432871064149114,0.21150333802980953,-0.32969079021839615,0.5789537385460649
2015-06-01,11.133435236999302,2.3816915931796445,0.7364037782358495,0.2611625343310366
2015-06-02,11.211961056375024,5.987698616753454,1.6526470208859096,-0.12748301359908465
2015-06-03,16.62438199359866,3.5700321337743084,0.44820172739836167,1.4249022189955292
2015-06-04,-10.87815823589555,-4.0877545287644015,1.4362863864213777,-0.8094372947530898
2015-06-05,17.66727125324672,0.8682234953813864,0.6367799608085043,0.16909557643464768
2015-06-08,-4.092797634357965,2.180236529032877,-0.6409051867052596,-0.21240733318790517
2015-06-09,5.408324546460112,1.5848673795745383,-1.1527681570728825,0.12256905494468993
2015-06-10,12.11177185089799,3.2892929001942277,0.5337924703777154,0.6831412012548281
2015-06-11,-15.02566862543003,-7.326643429833102,0.06935763170768836,-1.472205757170084
2015-06-12,0.5754506229068579,-1.5365475879503694,0.5346348138115377,-0.10714697279520927
2015-06-15,-5.18612294032005,0.802706647391462,-1.5346978786572625,0.11650880253850217
2015-06-16,-5.597472189987306,-1.6498556813974665,-0.8028268529801272,-0.4127308595973813
2015-06-17,-3.2659125852103896,5.753987710367559,-2.120081251533605,1.3227153911061442
2015-06-18,4.5085137519371905,4.283273096133804,-0.03391360656469727,-0.688055159909204
2015-06-19,-12.621183275277733,-6.194956935962001,-0.8875752525256411,-0.46125801590674115
2015-06-22,17.178809708391064,6.019191540729606,1.0237634856395121,-0.11228897628336214
2015-06-23,7.040547443591876,1.8907677359020687,0.059255468589972334,1.0019279787707662
2015-06-24,-5.92610907046588,-1.82778446285587,0.8298534018730347,-0.8539726696411268
2015-06-25,1.6406861558072385,0.3143137901515391,1.2173987216553763,0.8794729462429803
2015-06-26,13.418745345275212,4.374822988667157,-1.3014990923335334,1.5463616782223926
2015-06-29,-26.543830129981785,-6.2684404252396195,0.579819663049237,-0.4967107696433639
2015-06-30,2.5279373008911596,1.6100285023219691,0.14484621156932606,0.2601669610301048
2015-07-01,14.457448055110238,3.004387826517465,-1.097486845449381,-0.18608836436078574
2015-07-02,-7.65516093622171,3.280430098927838,-0.9689545356922071,0.7833463707597754
2015-07-03,0.008463258675469203,0.008413433824016088,0.005375095992527638,0.00011402241690169341
2015-07-06,-16.512183457619997,-5.272692147525358,0.41705565334055317,0.09325387799719544
2015-07-07,-4.828597214690802,-1.7816280574576844,1.7082120803510075,-0.7062454053452597
2015-07-08,-9.040660249974612,-1.4111070131188697,-0.04990621563098258,0.308771441722396
2015-07-09,17.420547669867855,5.253860251100571,-1.4942919849155687,-0.23568841835405163
2015-07-10,17.21527258107874,2.883113091782629,1.2039242427995889,-0.4745382310034389
2015-07-13,5.0011618466058305,-2.1990684254576474,-0.4363311448697535,0.06997279283109445
2015-07-14,-5.633935062674976,1.4862227675495043,-0.9829876101402103,-0.05048160487730255
2015-07-15,-8.917298458285249,-3.6039253909785147,1.0156297572310733,0.5111634391167157
2015-07-16,2.153050923911573,-3.9786122754139712,1.0568779944065743,-0.6313219558258549
2015-07-17,-1.3812226048904734,-3.351750201979496,0.9398574295277972,-0.9511043066427728
2015-07-20,7.1919990083429735,-0.7753821384180668,1.3358202255602012,-0.1112160785994766
2015-07-21,-4.171323453733663,-1.4257704945409209,-1.5571484293553048,0.17623821474224874
2015-07-22,-1.0442126247858996,-5.836568373007573,-0.7236908522734428,0.4434243034455268
2015-07-23,-9.36929713045322,-1.58903579457727,1.5827740392221765,-0.13247036832138576
2015-07-24,-2.4241118645384967,-0.6499415635865669,0.751279196117681,0.30470233591812873
2015-07-27,-7.733686755597376,-0.3255769246459352,-1.885197778342264,1.1719919186899024
2015-07-28,5.079687665981528,1.4069385981161497,0.4799120977802918,-0.31867275509905946
2015-07-29,3.9540860371448336,1.8341136891785388,-0.6094753648058632,0.8491360353697082
2015-07-30,-0.9615002555972035,-3.5619348256770107,0.177118376902566,0.5314221555376492
2015-07-31,-12.785194489467802,0.46531336708783466,-2.117837969073727,-0.7780441586032333
2015-08-03,-5.469923848484895,-5.174047535500315,0.24727510640787798,0.26630453781923497
2015-08-04,12.715222087817029,-1.3917465705271581,1.243212945356832,0.21363095132265206
2015-08-05,6.82271270536369,3.5141410053137374,2.8037737367272957,-0.6668520339454403
2015-08-06,-7.02362092624093,-1.873940868254034,-0.048505276604898846,-1.001699933936978
2015-08-07,-6.563249154446937,-6.551577417141689,-0.646517585544134,0.5952206735456609
2015-08-10,7.5668853853225775,4.813258639317861,0.42378844272295907,0.7802728382564721
2015-08-11,-15.657208635410774,-2.1722724626512058,-0.851091627379631,0.3128405475266423
2015-08-12,-0.2059840018286732,2.589345216839482,-1.9301020790974028,-1.2435626271140856
2015-08-13,9.18513510882798,-2.0962579733359172,1.1107583670040193,0.37049200052801007
2015-08-14,1.792137720558335,-2.351836084168596,2.4939634786256057,-0.23367111112726283
2015-08-17,-5.597472189987306,-1.6498556813974665,-0.8028268529801272,-0.4127308595973813
2015-08-18,6.830286732900756,3.14032604267432,-1.8916557199740238,0.23489472926204358
2015-08-19,-15.69367150809845,0.9638059862957723,-1.0312523845397086,0.6750898022467193
2015-08-20,-2.91817348339454,-5.37713743970613,0.5823409926188315,-0.3125351783099163
2015-08-21,-8.633497550120333,2.3728287919133235,-0.7663432278341058,0.36136770383598926
2015-08-24,-7.62707116316003,2.807098602467323,-0.7579257515840132,-0.5321896840048093
2015-08-25,19.417870320165928,2.6016109399395275,-1.7347878569457875,0.7226630607957647
2015-08-26,8.215786046653701,7.831863154721068,-2.8107040400352576,0.709469658299442
2015-08-27,0.012649808488486361,-1.3229600424191914,-0.010058917481532174,0.4767574224391641
2015-08-28,3.5791996601651856,-3.7545270885574293,0.30255641803138794,-0.042352881486259306
2015-08-31,4.429987932561469,0.6772660725599952,-0.9501568492147572,-0.29940961197908256
2015-09-01,-7.622884613347013,1.4757251262241153,-0.7733597650580731,-0.05554628398254706
2015-09-02,5.971125360878507,1.3712798340433716,-0.6080744257797978,-0.46133534028965123
2015-09-03,-4.0844245347319506,-0.4825104234535671,-0.6717732136533557,0.7408794668566334
2015-09-04,-6.452447012196581,-4.750275366271663,0.46532042774004817,-0.6323175291268321
2015-09-07,0.008463258675469203,0.008413433824016088,0.005375095992527638,0.00011402241690169341
2015-09-08,12.020686382083259,3.6774063053500816,-0.3361487318501742,-0.35814345088181904
2015-09-09,0.5473608498451537,-1.0632160914898754,0.32360602970337365,1.2083890819693877
2015-09-10,3.0907381153095437,1.3964409567907863,0.6895399428624079,-0.3237374342042817
2015-09-11,-6.406197515695516,0.6604366300059175,1.1859688997559708,-0.1820704223146141
2015-09-14,-0.7281353937463522,-1.6645191628195253,-2.310069066704455,-0.5452640865775268
2015-09-15,19.893772215582537,1.4447633233209791,-2.07546934135469,-0.425882586553061
2015-09-16,2.527937300891172,1.6100285023219645,0.14484621156933805,0.2601669610300918
2015-09-17,-19.593044790066752,4.548817727218831,0.304246548274605,0.27631489610613164
2015-09-18,-11.523671419502644,-6.148800530563789,-0.009216574047709748,-0.31353075161087307
2015-09-21,12.464311954625217,4.3252636614352795,-0.8724249868931814,-0.6677964434882563
2015-09-22,-12.03184963779398,-3.1872479412415142,0.1358701397270557,1.6739075504802379
2015-09-23,3.6577254795409324,-0.14852006498359904,1.2187996606814182,-0.43099842941639266
2015-09-24,-6.402010965882538,-0.6709368462373378,1.170534886281914,0.2945729777076313
2015-09-25,7.9600749115504925,1.3817774753687349,-0.8177022708619142,-0.4562706611844287
2015-09-28,-12.44738543727425,-4.308436793787243,0.8831751788782455,0.6680244883220944
2015-09-29,-7.709783532348737,0.5324650551367456,-1.6587349807600251,-0.6201875360969773
2015-09-30,1.4304254451161134,1.5638720969237978,-0.7335124669086138,0.11243969673425544
2015-10-01,-1.413498927765175,-1.5470452292757657,0.744262658893669,-0.11221165190045204
2015-10-02,-11.71995895656744,2.316174745189746,-1.435074061229889,0.2085757604349382
2015-10-05,12.555397423439933,3.9371502562794203,-0.002483784665298982,0.37348820864837423
2015-10-06,-2.5110107835402333,-1.5932016346739324,-0.13409601958428277,-0.25993891619628845
2015-10-07,5.535872887962565,-1.9393244745282705,-0.10266619768488625,0.8016044523613247
2015-10-08,6.941088875151125,4.941628093544363,-0.779817706689839,-0.9926434734104042
2015-10-09,-0.3159870719900926,-1.5008888238775875,1.6226213373716358,0.03551561239541674
2015-10-12,0.008463258675469203,0.008413433824016088,0.005375095992527638,0.00011402241690169341
2015-10-13,-8.679747046621367,-3.0378832043642414,-1.4869916998499961,-0.0888794029762113
2015-10-14,-13.026932450944686,1.2306446567167952,0.4002175014813894,-0.654644716532614
2015-10-15,8.618147744596628,-0.5512969515615055,0.581498649184987,0.4777529957401253
2015-10-16,1.1340648875122123,-0.4187616572383401,1.0947625585786673,-1.1676947680518452
2015-10-19,0.33291358934103105,1.5177156915256196,-1.6118711453865806,-0.03528756756161336
2015-10-20,8.53124882559487,-1.4945570226488898,-0.3038765665169582,-0.08688825637424877
2015-10-21,-6.9325354574262,-2.262054273409887,0.8214359256229902,0.039584718199669036
2015-10-22,-1.8977739228078245,2.272549339829222,1.115812170250659,0.08304719540379994
2015-10-23,10.191561495788301,-1.6619881627819009,1.1191758432540635,-0.5230653873127858
2015-10-26,-3.517437170500562,-2.0274714452279525,-0.1425134958343455,0.6336184716445225
2015-10-27,-3.6407989621899937,0.1653469326316312,-1.208049468696363,0.431226474250196
2015-10-28,11.773348346606083,-5.435426326488667,1.6259850103750488,-0.5705969703211647
2015-10-29,13.085921914983617,5.528267683451978,0.34661517599365027,0.6284764681563378
2015-10-30,-3.4893473974388773,-2.500802941688475,0.06851528827384244,-0.6819175831200607
2015-11-02,6.744186885988004,-0.09186601826006494,1.8875304940772626,-0.2782064860152996
2015-11-03,6.299762241357043,1.5492086155017275,-2.2407546806329566,-0.020093530245922395
2015-11-04,5.683137902900604,-3.274100872605197,1.1893325727593815,-0.7881830050312019
2015-11-05,1.9974128093474588,0.018911075149371955,-0.2042527490895947,0.005178701522125757
2015-11-06,14.576623296986638,2.142942924901052,-0.016516859113286715,-0.4603397669887061
2015-11-09,3.0865515654965465,2.727814433034023,0.7049739563364441,-0.8003808342265578
2015-11-10,-5.601658739800323,-0.31848220515425885,-0.7873928395060673,-0.8893742596196437
2015-11-11,0.008463258675469203,0.008413433824016088,0.005375095992527638,0.00011402241690169341
2015-11-12,1.0232627452618122,-2.220063708108407,-0.01707545470550556,0.05984343462062951
2015-11-13,-8.181498877952368,0.35793919551208614,-1.3334875098252026,1.0050015112740887
2015-11-16,0.25020122015231555,-0.7569178558049707,-2.512680374562566,-0.12328541965372189
2015-11-17,-3.2874597863737667,-1.0876142959742905,2.0502945037859286,-0.8681711336558745
2015-11-18,4.557536274063878,-2.8469257815428533,0.09994511017324799,0.37962578543753356
2015-11-19,-3.48516084762588,-3.8321764179317115,0.05308127479980634,-0.20527418309778458
2015-11-20,3.986362360019468,0.029408716474756597,-0.4138805941717409,0.010243380627336068
2015-11-23,-0.9656868054101823,-2.2305613494337555,0.19255239037662294,0.054778755515403635
2015-11-24,-3.225263162709673,1.286535785177385,-1.9553545078475731,1.4371095364083621
2015-11-25,-0.5262477826812416,-0.2513305171053402,-0.32828985119236925,-0.7315176371133405
2015-11-26,0.008463258675469203,0.008413433824016088,0.005375095992527638,0.00011402241690169341
2015-11-27,-2.099661533872935,0.8593606941150366,-0.8659670452614272,0.26930074593961373
2015-11-30,0.04492613136313953,-3.1276650151229544,0.18553585315261087,-0.3621352323031772
2015-12-01,-11.025423250833615,-2.7529781306874774,0.14428761597710105,0.7803501626394025
2015-12-02,5.207236007483969,-2.117253255986654,1.5300140571682754,0.3603626423175887
2015-12-03,22.213571243009426,10.553795153968665,1.3181397302672135,-0.06882649907927607
2015-12-04,-7.015247826614952,-4.536687820740484,-0.07937330355302197,-0.048413133892458764
2015-12-07,-8.473672885743229,-2.9560680348932475,0.4793535021880334,0.20151044651028324
2015-12-08,1.9932262595344852,1.3502845513926196,-0.188818735615544,-0.47146469850011796
2015-12-09,-3.7599742040663835,1.026791834248029,-2.28901945503247,0.7054778768781199
2015-12-10,4.668338416314254,-1.0456237306728076,1.2117831234574508,-0.847912417234929
2015-12-11,-20.641534123715115,-2.6275375558559824,-0.4402534134654288,1.1962685771569743
2015-12-14,19.00652107049861,0.14904861115057058,-1.0029168312686494,0.1934233986598733
2015-12-15,7.718336950073651,2.1471087649977147,1.7003531996931731,-0.33287121911380363
2015-12-16,6.007588233566183,-1.7647986149036061,-0.4279136686197204,-0.823584595009728
2015-12-17,-8.770033443347126,-4.938701789055403,2.3076285276753534,-1.0786240182757711
2015-12-18,-9.159835491851055,-0.5496621115024974,-1.1308762019670684,0.5830228443502976
2015-12-21,0.9826133227611393,2.247388217081807,-0.1818021983915468,-0.05455071068156961
2015-12-22,7.51644933900854,0.7339201192835291,-0.2814260158189129,-0.14661766857798955
2015-12-23,5.971125360878483,1.37127983404336,-0.6080744257798124,-0.46133534028968376
2015-12-24,-2.502637683914219,-4.255948587160376,-0.16496404653237856,0.6933478838482502
2015-12-25,0.008463258675469203,0.008413433824016088,0.005375095992527638,0.00011402241690169341
2015-12-28,-0.07424911051322669,-2.266220113506545,-0.8954341331834813,-0.0878838296752206
2015-12-29,14.572436747173597,3.4743164011442476,-0.0010828456392410063,-0.9369831670110013
2015-12-30,-1.5368607194545636,0.6457731485838585,-0.3212733139683573,-0.31460364929475976
2015-12-31,-6.60808512676067,-0.752752015708308,-0.7958103157561065,0.00418312822118095
2016-01-01,0.008463258675469203,0.008413433824016088,0.005375095992527638,0.00011402241690169341
2016-01-04,-6.406197515695516,0.6604366300059175,1.1859688997559708,-0.1820704223146141
2016-01-05,2.7696752623679948,0.8446972126929664,-2.37320925898577,0.13676751895943565
2016-01-06,-13.581360165737012,-1.2185147502384361,-0.1753442567597926,0.8825464787463007
2016-01-07,-5.542849593860257,1.0981093623936244,-0.11304640791227917,0.9908030472593436
2016-01-08,-5.186122940320031,0.8027066473914908,-1.5346978786572862,0.11650880253848842
2016-01-11,4.9282361012304605,4.073088472436289,-0.7966526591899286,0.7944713022712179
2016-01-12,-7.9066855215118546,-4.50102905666767,1.0086132200070612,0.09424945129818775
2016-01-13,-7.051710699302627,-1.4006093717935062,-0.25953406071309926,0.3138361208276183
2016-01-14,3.4110018961620887,4.237116690735597,-0.9122722850426404,-0.835782424205059
2016-01-15,-13.343009681984226,-2.9414045534712288,1.9865957159123706,0.33404367349040964
2016-01-18,0.008463258675469203,0.008413433824016088,0.005375095992527638,0.00011402241690169341
2016-01-19,5.088060765607572,-1.25580835437029,0.44904407083220454,0.6346140449455134
2016-01-20,-9.040660249974641,-1.4111070131188737,-0.049906215630991464,0.3087714417223618
2016-01-21,0.9826133227611393,2.247388217081807,-0.1818021983915468,-0.05455071068156961
2016-01-22,9.061773317138574,0.0965604045236871,0.04522239414197216,0.16810000313367177
2016-01-25,-4.586859253213979,-2.5469593470866823,-0.8098433902041005,-0.8296448474159159
2016-01-26,-3.9736223924815506,1.3187916274165001,0.4400647996308174,-0.4866587358158414
2016-01-27,-0.5866138786175803,2.0267059520589363,-0.7349134059346556,1.4229110723936285
2016-01-28,-3.640798962189974,0.16534693263165998,-1.2080494686963867,0.4312264742501823
2016-01-29,-12.048595837045992,2.13824596373136,0.197606193623254,-0.23266604960885032
2016-02-01,7.552912211696214,-2.4021583296634383,-0.10126525865884033,-0.5088669232980373
2016-02-02,-18.089783758624723,-2.8306274600617787,-0.10518752725445123,0.6174288610278709
2016-02-03,-0.03218616382522734,4.475865359014219,-0.1593516476935284,-0.11428012288532992
2016-02-04,-2.547473656227909,1.5428768142730456,-0.3142567767443601,0.1023103385237886
2016-02-05,0.377749561654733,-4.281109709907796,-1.4625784151745918,0.5557499777628644
2016-02-08,-19.84456937535695,-3.232641428376724,2.2818143039738756,-0.4127820233554924
2016-02-09,-0.18923780257666067,-2.7361486881334036,-1.9918381329935957,0.6630109729749736
2016-02-10,-1.587296765768613,-3.433565371450479,-1.0264877725102366,-1.2414941561292379
2016-02-11,-10.9859899039623,1.6258527813643515,0.6280812380896538,-3.7572955469788734
2016-02-12,18.52643262526897,2.637269704012345,-0.6468013333857264,0.8653256459863718
2016-02-15,0.008463258675469203,0.008413433824016088,0.005375095992527638,0.00011402241690169341
2016-02-16,6.953648524590169,0.947507664814707,-0.8261197471119829,0.43728672665638363
2016-02-17,5.075501116168548,2.7383120743593845,0.49534611125432926,-0.7953161551213175
2016-02-18,-10.018996863873305,-2.318708320133445,0.15270509222715778,-0.11320722520139696
2016-02-19,4.0270117825201766,-4.438043208715441,-0.24915385048567754,0.12463752592958387
2016-02-22,2.4452249317024646,-0.6646050450086024,-0.7559630176066783,0.17216910893795326
2016-02-23,-4.5041468840252525,-0.2723257997560866,0.09096583897189191,-0.7416469953237912
2016-02-24,-0.5866138786175923,2.0267059520589306,-0.7349134059346629,1.422911072393612
2016-02-25,-7.618698063533996,0.14435164998090813,-0.7887937785321328,0.42109711603971556
2016-02-26,12.42224900793718,-2.416821811085502,-1.608507472383156,-0.641400150278196
2016-02-29,-3.4066350282501814,-0.22616939435791417,0.9693245174498513,-0.5939197310279385
2016-03-01,17.013384970013625,1.4699244460684409,-0.7778549727124873,-0.2882846804676564
2016-03-02,1.787951170745306,-1.0204626079253947,2.509397492099658,-0.7103145111495416
2016-03-03,-2.863550887267468,-2.629172395915007,1.272121437686645,1.0909987285468261
2016-03-04,9.057586767325564,1.4279338807669275,0.06065640761599584,-0.30854339688859134
2016-03-07,5.650861580025931,-1.469395899901474,0.9937378021252671,0.050709649711123975
2016-03-08,-13.664072534925724,-3.493148297569036,-1.0761534859357729,0.7945486266541627
2016-03-09,9.679196727683987,2.630937902783638,1.2796965705028418,0.9877295147560353
2016-03-10,7.220088781404651,-1.248713634878603,1.5468490096683758,-1.426752133364074
2016-03-11,8.942598075262165,0.9580053061400766,-1.035747592194092,0.44235140576162224
2016-03-14,-0.9698733552231866,-0.8991878731905328,0.20798640385064546,-0.421864644506887
2016-03-15,0.5754506229068382,-1.5365475879503983,0.5346348138115615,-0.10714697279519551
2016-03-16,-11.586810541064681,8.67014681255466,0.17094962648796244,1.22346411936151
2016-03-17,-4.495773784399238,-2.93507275224253,0.06009781202379621,0.2116398047207476
2016-03-18,-6.196735877093351,1.6998103130806796,-1.5276813414332697,0.5334227903570398
2016-03-21,7.516449339008528,0.733920119283534,-0.2814260158189251,-0.14661766857797667
2016-03-22,5.12033708848225,-3.0605133270740312,0.6446388414663179,-0.2042786097968396
2016-03-23,-10.910434558770243,-2.283049556060668,1.2406916157872676,0.02945535998921622
2016-03-24,4.521073401376179,0.2891526674041235,-0.08021564698684873,0.7418750401576075
2016-03-25,0.008463258675469203,0.008413433824016088,0.005375095992527638,0.00011402241690169341
2016-03-28,-2.630186025416616,-0.731756733057532,-1.2150660059203717,0.014312486431620836
2016-03-29,-16.359318368681592,3.270695375865459,2.264976152114707,-1.1606806178853113
2016-03-30,0.7119865161336278,5.774982993018319,-2.539336941697853,1.3328447493166096
2016-03-31,-8.597034677432672,-0.7632496570336696,-0.5861824706739912,-0.0008815508840593225
2016-04-01,4.018638682894182,-1.7752962562289683,-0.2182858235376056,-0.8286492741149685
2016-04-04,-2.9869126789568803,-0.43635401805539453,0.2065854648246037,0.888606731152486
2016-04-05,-9.484285822516606,-2.058964369204095,0.4863700394120471,0.6184244343288292
2016-04-06,5.523313238523522,2.054795954201375,-0.056364157262737906,-0.6283257477054924
2016-04-07,-10.581797678291677,-2.105120774602267,-0.39198863906591247,0.47069717003297623
2016-04-08,3.5343636878515006,2.044298312875985,0.15326368781940078,-0.633390426810719
2016-04-11,0.9867998725741446,0.9160147408385937,-0.197236211865614,0.42209268934067656
2016-04-12,10.602910745455613,0.7905741660070633,0.3873048175769316,0.006174274823103093
2016-04-13,-1.944023419308845,-3.1381626564483174,0.39516369823472725,-0.36719991140839947
2016-04-14,6.0903006027548905,0.5098349324269609,0.47289556055629617,-0.7355867429175897
2016-04-15,-7.943148394199558,-1.3649506077206952,0.8284524628469754,0.4564987060182303
2016-04-18,3.5385502376645177,0.7129248366327772,0.13782967434534107,-0.15674702678845662
2016-04-19,3.451651318662793,-0.23033523445458232,-0.7475455413566156,-0.7213882789028574
2016-04-20,10.598724195642616,2.1219476422502996,0.4027388310509677,-0.4704691251991729
2016-04-21,5.527499788336502,0.7234224779581406,-0.07179817073677534,-0.15168234768323438
2016-04-22,3.008025746120836,-0.8781925905397806,-0.21126928631360828,-0.4117352862964201
2016-04-25,2.9757494232461337,0.92651238216396,-0.406864056947741,0.4271573684459297
2016-04-26,4.960512424105131,2.2683834997325247,-0.6010578885557841,-0.04442135247110539
2016-04-27,-11.235683961524746,-1.5034198239152117,-1.8066235725868836,0.013316913130675751
2016-04-28,-7.97961126688724,1.771127841226269,0.6482917056868845,0.8187479607382933
2016-04-29,-1.8613110501201373,-0.8635291091177507,1.2959729274107434,-0.2792020593162609
2016-05-02,8.494785952907185,1.6415214262980722,-0.4840373236770381,0.27536099834578276
2016-05-03,-12.131308206234706,-0.1363875835991888,-0.7032030355527612,-0.3206639017009615
2016-05-04,-3.073811597958605,-1.3796140891427542,-0.6787897508773527,0.32396547903808504
2016-05-05,-6.402010965882531,-0.6709368462373245,1.1705348862819276,0.29457297770764573
2016-05-06,5.0838742157945624,0.0755651218729406,0.4644780843062332,0.15797064492322108
2016-05-09,-4.088611084544968,0.8488630527896405,-0.6563392001792958,0.26423606683437095
2016-05-10,0.008463258675469203,0.008413433824016088,0.005375095992527638,0.00011402241690169341
2016-05-11,-2.565633379667269,-4.3411666784650285,-0.8238764646521186,-1.6634728230530265
2016-05-12,5.111963988856235,-0.397766374587588,0.6755068684144138,-1.1575654098413783
2016-05-13,-5.4741103982979125,-3.8426740592571074,0.26270911988193785,-0.21033886220302744
2016-05-16,7.51644933900854,0.7339201192835291,-0.2814260158189129,-0.14661766857798955
2016-05-17,3.5750131103522005,-2.4231536123141875,0.31799043150543144,-0.5189962815085192
2016-05-18,19.77539604579513,0.017276235090368776,1.5081221020624491,-0.10009114708803314
2016-05-19,-4.528050107273907,-1.1303677795387654,-0.13549695861034852,1.0505324594630707
2016-05-20,-0.4351623138665074,-0.639443922261211,0.5416513510355587,0.3097670150233528
2016-05-23,0.3693764620287183,-1.6183627574213528,-1.4317103882264959,-0.39753682228167425
2016-05-24,4.101351052082889,0.4993372911015993,0.682523405638411,-0.74065142202283
2016-05-25,0.8676246306977299,1.77745964245497,-1.278206198201691,0.6963440919686126
2016-05-26,-8.514322308243932,1.5113838902969219,0.31462675850201344,0.08711630120805217
2016-05-27,5.11615053866922,-1.7291398508308193,0.6600728549403655,-0.6809220098190891
2016-05-30,0.008463258675469203,0.008413433824016088,0.005375095992527638,0.00011402241690169341
2016-05-31,-3.4389113511248395,1.5785355783458461,0.7737297468157189,0.2449729237143718
2016-06-01,3.016398845746819,-3.5409395430262482,-0.24213731326169233,0.5415515137481453
2016-06-02,-6.9325354574262,-2.262054273409887,0.8214359256229902,0.039584718199669036
2016-06-03,-20.24274452348686,3.8191452016626424,-1.1258223987204283,0.2955780392260871
2016-06-06,4.429987932561449,0.6772660725599664,-0.9501568492147334,-0.2994096119790688
2016-06-07,-2.991099228769878,0.8950194581878415,0.22201947829863974,0.41196333113020966
2016-06-08,-1.8571245003071397,-2.1949025853609867,1.2805389139367076,0.19744134070601527
2016-06-09,-3.9371595197938634,-1.817286821530472,0.6202255567909021,-0.8489079905359022
2016-06-10,-8.510135758430946,0.18001041405368995,0.2991927450279651,0.5637597012303415
2016-06-13,-3.192986839834988,-0.5181691875263433,-1.7597597372134464,0.5982168816660236
2016-06-14,1.0190761954488148,-0.8886902318651712,-0.001641441231469521,-0.41679996540164665
2016-06-15,-6.114023507904644,3.9744438604112466,-0.6268721122572533,0.6214206424491783
2016-06-16,-2.92236003320752,-4.045763963462896,0.5977750060928687,-0.7891785783321744
2016-06-17,6.144923198881933,3.2577999762180903,1.162676005624096,0.6679471639391475
2016-06-20,8.498972502720202,0.31014795005486506,-0.4994713371510978,0.7520043983680452
2016-06-21,7.187812458529961,0.5559913378251333,1.3512542390342552,-0.5878594786217369
2016-06-22,-2.6343725752296456,0.5996167431856803,-1.1996319924463241,-0.4623309135906285
2016-06-23,9.057586767325567,1.4279338807669,0.060656407616039194,-0.3085433968885747
2016-06-24,-30.685740445515894,0.37083459515945544,-0.23118736333459147,-0.8236262705503697
2016-06-27,-17.92995909424765,-8.159524286868367,1.1405092027676536,0.45757160370214656
2016-06-28,-0.4351623138664877,-0.6394439222611823,0.5416513510355349,0.30976701502333903
2016-06-29,5.614398707338244,1.6666825490454986,0.8135770449651825,0.41295890443118466
2016-06-30,-3.443097900937869,2.909909054589058,0.7891637602897666,-0.23167047630787768
2016-07-01,-4.3724119927098055,-5.127891130102114,1.1256337848858133,0.4140318021150739
2016-07-04,0.008463258675469203,0.008413433824016088,0.005375095992527638,0.00011402241690169341
2016-07-05,-13.960433092529621,-5.475782051731172,0.7521215395514979,-0.48558583813190676
2016-07-06,2.001599359160471,-1.3124624010938277,-0.21968676256364858,0.4818221015443863
2016-07-07,2.2034869702256104,0.100726244620361,1.7620924529484463,0.2955685510086068
2016-07-08,-2.7087118447923464,-4.337763756631354,-2.131309248570405,0.40295803436180155
2016-07-11,11.289073351563404,-1.6158317573837038,1.9975345217320113,-0.3753381230169601
2016-07-12,15.074871465655644,5.538765324777382,0.13698733091152407,0.6335411472615791
2016-07-13,-7.463059948969909,-3.853171700582477,0.4723369649640465,-0.21540354130826606
2016-07-14,7.475799916507835,5.201372044473708,-0.4461527595049376,-0.26101181388019146
2016-07-15,10.127008850038948,1.947421782625613,0.7279863019858122,1.154719922171889
2016-07-18,-2.4324849641645185,2.0128053888998636,0.7821472230657635,-0.6485844641264242
2016-07-19,-3.1565239671473053,-3.6542476364733183,-1.579598980053351,0.23596762694593157
2016-07-20,5.97531191069148,0.03990635780013445,-0.6235084392538534,0.01530805973262186
2016-07-21,-5.099224021318281,1.7459667184788514,-0.6493226629553103,0.6811500546528926
2016-07-22,1.5818770098671737,-1.1022777773963446,0.5430522900615883,-1.000704360636007
2016-07-25,2.1165880512238857,-0.8425338264669987,0.8767172372464899,-0.2690727011057941
2016-07-26,0.3735630118417158,-2.949736233664589,-1.447144401700532,0.07910657774060197
2016-07-27,-8.592848127619643,-2.0946231332768814,-0.6016164841480391,0.47576184913819
2016-07-28,-1.0021496780978765,0.9055170995132032,0.012391633216524797,0.41702801023545
2016-07-29,-11.033796350459642,-0.09023117820103033,0.17515564292518465,-0.1729366374051232
2016-08-01,7.032174343965878,4.5535146883885105,0.0901234955380697,0.04864117872624594
2016-08-02,4.9282361012304605,4.073088472436289,-0.7966526591899286,0.7944713022712179
2016-08-03,0.008463258675469203,0.008413433824016088,0.005375095992527638,0.00011402241690169341
2016-08-04,-7.499522821657601,-0.717093251635497,0.29217620780396814,0.14684571341179295
2016-08-05,16.602035720346308,-0.9826378827205472,-0.04598394703532388,-0.817524342603515
2016-08-08,1.1424379871382269,-3.0815086097247835,1.0638945316305717,-0.21440796800730647
2016-08-09,-7.943148394199546,-1.3649506077207,0.8284524628469876,0.4564987060182174
2016-08-10,-6.699170595575393,-0.3646386105524314,-1.665751517984027,-1.0371015239154964
2016-08-11,14.169460597132336,-1.6409928801311435,0.6999201530898171,-0.5129360291023027
2016-08-12,-11.033796350459635,-0.09023117820102677,0.17515564292520286,-0.17293663740513784
2016-08-15,6.62082509429858,2.1009523595995523,0.8219945212152092,-0.4805984834096269
2016-08-16,4.88198660472944,-1.3376235238412497,-1.5173011312058604,0.34422419545901856
2016-08-17,-2.8719239868934827,0.033574556571436265,1.3029894646347406,0.1377119285022875
2016-08-18,-5.0711342482566275,1.2726352220182944,-0.43829387884710597,-0.6343860001116932
2016-08-19,9.065959866951589,-1.2348130717195103,0.02978838066790758,0.6447434031559636
2016-08-22,-4.939399356941195,-3.5829301083277283,0.5963740670668034,0.5212927973271849
2016-08-23,-0.8871609860344789,1.3754456741400343,1.1087956330266617,-0.3338667924147484
2016-08-24,0.31319691590537313,-0.6716997645002954,-1.8537679564428569,2.2335352872475247
2016-08-25,4.99278874697982,0.46367852702878826,-0.4054631179216634,-0.8833140072134423
2016-08-26,9.661037004244639,-3.2531055899544503,0.7700768825951395,-0.778053646820748
2016-08-29,-9.927911395058558,-2.7068217252893008,1.0226462944550485,0.9280774269352683
2016-08-30,0.004276708862452045,1.3397869100672235,0.02080910946658745,-0.47652937760536074
2016-08-31,1.1059751144505396,0.05456983922218855,0.883733774470487,0.14784128671275426
2016-09-01,-1.9846728418095494,1.3292892687418616,0.23043695454870244,-0.481594056710601
2016-09-02,5.8519501190020815,2.2327247356597426,-1.6890444121158823,-0.18708393766173123
2016-09-05,0.008463258675469203,0.008413433824016088,0.005375095992527638,0.00011402241690169341
2016-09-06,-11.066072673334316,1.7144737945027435,-0.02043912770895341,0.6659560173371984
2016-09-07,-1.5326741696415656,-0.6856003276593883,-0.33670732744238857,0.16203975072748728
2016-09-08,13.474924891398537,3.4281599957460918,-0.8794415241171979,-1.0847104313068083
2016-09-09,9.021123894637888,4.564012329713895,-0.11950434954407652,0.05370585783145659
2016-09-12,-0.13880175626261823,1.343189831900921,-1.2866236744517299,1.589901479809437
2016-09-13,9.049213667699572,4.090680833253372,0.09152443456411141,-1.2618301969331271
2016-09-14,-7.0839870221773165,0.40409560091023006,-0.4551288313472197,1.1527287755699551
2016-09-15,0.4114394087167413,5.123722715099423,-0.6956279027365283,-0.4239331154917511
2016-09-16,-0.39451289136580286,-5.1068958474513915,0.7063780947215835,0.42416116032555445
2016-09-19,1.9105138903457655,-0.924348995937953,-1.0896279647915676,-0.5594625505922727
2016-09-20,-2.5391005566019063,-1.1198701382134038,-0.3451248036924632,1.055597138568311
2016-09-21,-3.370172155562494,-3.362247843304886,1.149485274609936,-0.9561689857479992
2016-09-22,-4.939399356941214,-3.582930108327757,0.5963740670668273,0.5212927973271987
2016-09-23,-2.547473656227909,1.5428768142730456,-0.3142567767443601,0.1023103385237886
2016-09-26,-4.61913557608865,-0.7422543743829176,-1.0054381608382452,0.00924780732640736
2016-09-27,-4.380785092335827,-2.4651441776157035,1.1565018118339452,-0.539254997929464
2016-09-28,1.5496006869925039,0.7024271953074204,0.3474575194274438,-0.16181170589368388
2016-09-29,-2.428298414351513,0.6814319126566298,0.7667132095917456,-0.17194106410416285
2016-09-30,6.8386598325267585,0.47757909018788103,-1.9225237469221317,1.188181529306595
2016-10-03,6.094487152567896,-0.8215385438162528,0.45746154708222847,-0.25894334289534343
2016-10-04,9.025310444450893,3.2326388534706725,-0.13493836301809886,0.5303492578537468
2016-10-05,6.981738297651841,0.4741761683541784,-0.6150909630038023,-0.8782493281082155
2016-10-06,4.073261279021217,0.9726687875621277,0.4714946215302304,0.5748846327417694
2016-10-07,-3.5299968199395937,1.9666489835016985,-0.0962114554121898,-0.7963117284222787
2016-10-10,0.008463258675469203,0.008413433824016088,0.005375095992527638,0.00011402241690169341
2016-10-11,7.964261461363514,0.050403999125520196,-0.8331362843359799,0.0203727388378355
2016-10-12,2.0843117283491956,0.9621711462367374,0.6811224666123691,0.5698199536365429
2016-10-13,-6.608085126760651,-0.7527520157082792,-0.7958103157561303,0.004183128221167199
2016-10-14,5.902386165316119,6.312063255694074,-0.9838299535740104,0.7398065691727307
2016-10-17,-5.395584578922178,-0.23666703568328337,1.1789523625319602,-0.598984410133177
2016-10-18,-2.182373903061679,-1.4152728532155574,-1.766776274437421,0.18130289384747073
2016-10-19,0.09536217767719904,0.9516735049113682,0.890750311694478,0.5647552745313045
2016-10-20,2.033875682035173,-3.117167373797558,-0.02409199192952058,-0.35707055319793435
2016-10-21,-2.5110107835402333,-1.5932016346739324,-0.13409601958428277,-0.25993891619628845
2016-10-24,4.512700301750177,2.9518996198905625,-0.04934762003874093,-0.2114117598869442
2016-10-25,1.1424379871382269,-3.0815086097247835,1.0638945316305717,-0.21440796800730647
2016-10-26,2.971562873433129,2.257885858407163,-0.3914300434736692,-0.04948603157634555
2016-10-27,8.458323080219529,4.7775998752450795,-0.6641980808371387,0.6376102530658458
2016-10-28,0.9826133227611275,2.2473882170818014,-0.18180219839155412,-0.05455071068158582
2016-10-31,-3.9610627430425387,-2.6753288013131793,0.39376275920868553,0.9432714642509735
2016-11-01,-2.4324849641645234,2.012805388899871,0.7821472230657694,-0.648584464126426
2016-11-02,-5.095037471505291,0.41459324223561267,-0.6647566764293645,1.1577934546751834
2016-11-03,2.317676590200035,2.8595868090942176,-1.8060649769946595,-0.5068662884786492
2016-11-04,-4.943585906754212,-2.2515566320845206,0.6118080805408631,0.044649397304922525
2016-11-07,7.631438031071933,1.2038486939103679,0.81497798399123,-0.8975124712281898
2016-11-08,9.065959866951571,-1.2348130717195493,0.029788380667936057,0.6447434031559477
2016-11-09,31.044060941342376,15.88562086017028,-0.546622119725213,-2.097803967938034
2016-11-10,11.78313497041941,3.111364118735832,2.166472725230884,0.24189939121108073
2016-11-11,0.008463258675469203,0.008413433824016088,0.005375095992527638,0.00011402241690169341
2016-11-14,15.714784575262394,-2.2783525948909435,1.0265685630506907,-0.19821835739064037
2016-11-15,1.1424379871382269,-3.0815086097247835,1.0638945316305717,-0.21440796800730647
2016-11-16,-3.6399998901010093,-2.1235850572153883,3.4565119610568873,0.48276651108727
2016-11-17,12.349323262561795,3.8553350868084375,-1.968828986703333,0.08309835916190926
2016-11-18,7.965060533452475,-2.238527990721511,3.8314251454172554,0.07191277567487706
2016-11-21,-1.0848620472865722,-1.369116447817358,-0.8884175959594841,0.32903015814332776
2016-11-22,-2.6343725752296456,0.5996167431856803,-1.1996319924463241,-0.4623309135906285
2016-11-23,9.185135108827986,-2.0962579733359252,1.110758367004013,0.37049200052801184
2016-11-24,0.008463258675469203,0.008413433824016088,0.005375095992527638,0.00011402241690169341
2016-11-25,-0.4351623138665074,-0.639443922261211,0.5416513510355587,0.3097670150233528
2016-11-28,-5.153846617445329,-1.0019983253122395,-1.3391031080231584,-0.7223838522038324
2016-11-29,-4.856686987752487,-1.3082965609971613,1.4971832962428198,0.6092906494193233
2016-11-30,10.566447872767936,3.9266526149540417,0.20714406041685435,0.3684235295431805
2016-12-01,13.118198237858294,3.7235627107482676,0.5422099466277783,-0.21041618658597316
2016-12-02,-8.272584346767099,0.7460526006679085,-2.2034287120531073,-0.03628314086260025
2016-12-05,-0.9615002555971898,-3.561934825676984,0.17711837690259308,0.531422155537678
2016-12-06,0.8915278539464151,2.635501622237663,-1.051743400619487,-1.0958353628182593
2016-12-07,-8.473672885743271,-2.956068034893288,0.4793535021880421,0.20151044651026456
2016-12-08,9.34976077511646,4.741941111172268,-1.7521846043972131,0.49494766787523364
2016-12-09,11.133435236999302,2.3816915931796756,0.7364037782358646,0.2611625343310788
2016-12-12,1.6406861558072385,0.3143137901515391,1.2173987216553763,0.8794729462429803
2016-12-13,0.6077269457815161,-3.34125256065414,0.7302295844456748,-0.9460396275375487
2016-12-14,13.322858874549118,-7.404159517491753,1.9371994068618925,0.2207641014127739
2016-12-15,9.502011411956516,-0.21314075299489826,4.188941582326251,-0.5666563526579677
2016-12-16,-0.7968745893087418,3.276264258831188,-2.6858245944986727,0.6558778228848839
2016-12-19,-10.347633744351864,-2.496637101591813,1.7853853470803016,-0.5544490352451583
2016-12-20,5.079687665981546,1.4069385981161373,0.4799120977802976,-0.31867275509907056
2016-12-21,-5.308685659920458,0.7065930354040835,2.064327578233923,-0.03434315801877783
2016-12-22,0.45627538103044324,-0.6751026863339931,-0.5463351725245394,0.16710442983272675
2016-12-23,0.008463258675469203,0.008413433824016088,0.005375095992527638,0.00011402241690169341
2016-12-26,0.008463258675469203,0.008413433824016088,0.005375095992527638,0.00011402241690169341
2016-12-27,6.340411663857747,-2.9182433096884415,-2.0760279369469368,0.09430061505630835
2016-12-28,-9.127559168976362,-2.3543670842062605,-0.9352814313329046,-0.2558698103920224
2016-12-29,-6.6726377725099875,2.8566579296992334,-1.1869998570243803,1.6819684377058597
2016-12-30,-5.601658739800323,-0.31848220515425885,-0.7873928395060673,-0.8893742596196437
2017-01-02,0.008463258675469203,0.008413433824016088,0.005375095992527638,0.00011402241690169341
2017-01-03,0.5796371727198554,-2.8679210641936055,0.5192008003375017,0.3694964272270668
2017-01-04,1.8824241172840612,-0.45101749947745895,-1.3006567488997318,0.7560735041723241
2017-01-05,-16.433657638244277,-1.6666851239515483,1.3332988959906134,-0.29539166993292587
2017-01-06,10.072386253911906,-0.8005432611654958,0.03820585691796275,-0.24881398468486374
2017-01-09,-5.597472189987306,-1.6498556813974665,-0.8028268529801272,-0.4127308595973813
2017-01-10,-0.8871609860344789,1.3754456741400343,1.1087956330266617,-0.3338667924147484
2017-01-11,0.012649808488466658,-1.32296004241922,-0.010058917481508358,0.47675742243917785
2017-01-12,-0.8640568348747837,4.522419643769734,-3.329302999144329,-2.177586284038681
2017-01-13,4.291895089338375,-2.9396364716965353,2.3915377831460964,2.2952046822950485
2017-01-16,0.008463258675469203,0.008413433824016088,0.005375095992527638,0.00011402241690169341
2017-01-17,-11.564320842003324,-1.6813486053736082,-0.17394331773371507,-0.4279248969130714
2017-01-18,15.678321702574681,0.8577258540559863,0.8464078058906171,0.1640308973294197
2017-01-19,7.603348258010277,1.6771801903708947,0.6039491998830514,0.41802358353642727
2017-01-20,-2.3778623680375,4.76077043269096,1.471927668133598,0.7549494427302956
2017-01-23,-12.12712165642169,-1.467761059842396,-0.7186370490268211,0.15597949832130117
2017-01-24,11.494348440352542,0.7549154019342528,-0.7006817059831428,-0.136488310367509
2017-01-25,9.144485686327288,2.3711939518542775,0.9460316233179572,0.2560978552257802
2017-01-26,-5.095037471505297,0.4145932422356202,-0.6647566764293585,1.1577934546751816
2017-01-27,-2.0631986611852358,-2.2767177548319295,-0.685806288101335,-0.09294850878043084
2017-01-30,0.8957144037594026,1.3041281459944414,-1.0671774140935106,-0.6191919627959868
2017-01-31,-7.055897249115644,-0.0692358955502986,-0.24410004723903905,-0.16280727919464444
2017-02-01,5.9753119106915005,0.03990635780015256,-0.6235084392538724,0.015308059732578688
2017-02-02,-0.5585241055559196,1.5533744555984015,-0.5238846218264824,0.10737501762901266
2017-02-03,1.9932262595344852,1.3502845513926196,-0.188818735615544,-0.47146469850011796
2017-02-06,-12.574933778776693,-0.7842449396844319,-0.16692678050973275,-0.011010909094555647
2017-02-07,-2.95463635608219,-2.2410589907591305,0.40218023545872444,0.04971407641014893
2017-02-08,-8.560571804744985,-3.8993281059806417,-0.40602171351390687,-0.3631308056041203
2017-02-09,12.057149254770922,0.541327856403108,-0.1559879746901089,-0.7203927056018831
2017-02-10,0.6623495419085751,-0.5932875168630328,1.4200100295135254,0.4574942793192216
2017-02-13,3.6535389297279153,1.1828534112596083,1.2342336741554778,-0.907641829438655
2017-02-14,9.537675212555232,-1.0602872120948452,-0.2954590902669073,-0.9804456442150863
2017-02-15,5.618585257151224,0.3353090728022844,0.7981430314910957,0.8896023044534276
2017-02-16,-10.590170777917654,0.557626177884183,-0.36112061211778934,-0.4825896300115426
2017-02-17,-4.619135576088661,-0.7422543743829234,-1.0054381608382528,0.00924780732639115
2017-02-20,0.008463258675469203,0.008413433824016088,0.005375095992527638,0.00011402241690169341
2017-02-21,1.9974128093475023,0.018911075149412274,-0.2042527490896037,0.0051787015221444795
2017-02-22,-1.0890485970996133,-0.037742971574162135,-0.8729835824854391,-0.14761324187896713
2017-02-23,-7.622884613347001,1.475725126224111,-0.7733597650580609,-0.05554628398255994
2017-02-24,-13.466371473673604,-0.7485861756116196,0.9210597430503323,0.13165167609610598
2017-02-27,11.534997862853226,-3.7125365232559178,-0.5359549622971138,-0.022094165065327333
2017-02-28,1.586063559680191,-2.433651253639552,0.5276182765875285,-0.5240609606137446
2017-03-01,18.110896825788682,1.516080851466577,0.10050370576549082,-0.1405574161717879
2017-03-02,6.538112725109864,-0.173681187731038,-0.0788147079607761,-0.5685963355017354
2017-03-03,-0.9979631282848467,-0.42585637673000887,-0.0030423802575228736,0.8936714102576996
2017-03-06,0.4479022814044286,1.9876442661524505,-0.5154671455764437,-0.7861823702118118
2017-03-07,4.192436520897587,0.11122388594572163,1.5524646078663118,0.3006332301138439
2017-03-08,7.936171688301842,0.5237354955860386,-1.0441650684441557,1.3359087936024052
2017-03-09,6.648914867360264,1.6276208631390294,1.033023305323397,-1.7961345381742098
2017-03-10,-3.965249292855536,-1.3439553250699434,0.4091967726827214,0.46662806422869735
2017-03-13,7.401460646945145,0.2639915446567088,-1.3778300156290257,0.6042771340721923
2017-03-14,-2.9546363560822226,-2.2410589907591545,0.40218023545873605,0.04971407641017556
2017-03-15,-16.791183363873518,0.9176495808975828,-1.909611063017669,0.5273625379508391
2017-03-16,4.992788746979827,0.4636785270288219,-0.4054631179216994,-0.883314007213443
2017-03-17,-4.9477724565672165,-0.9201831558413079,0.6272420940149304,-0.4319940027173239
2017-03-20,-5.95838539334053,-0.023079490152096496,0.634258631238916,-0.015080014898802152
2017-03-21,-7.499522821657601,-0.717093251635497,0.29217620780396814,0.14684571341179295
2017-03-22,-3.045721824896944,-1.8529455856032886,-0.4677609667691797,-0.9915705757265305
2017-03-23,0.09536217767720598,0.9516735049113815,0.8907503116944915,0.5647552745313189
2017-03-24,-2.5391005566019182,-1.1198701382134095,-0.3451248036924707,1.0555971385682947
2017-03-27,-1.5003978467668881,-2.4903053003631195,-0.14111255680827997,-0.6768529040148368
2017-03-28,7.51644933900854,0.7339201192835291,-0.2814260158189129,-0.14661766857798955
2017-03-29,-6.968998330113888,0.8740241755370954,0.6412751684629009,0.4018339729197591
2017-03-30,5.971125360878464,1.3712798340433314,-0.6080744257797887,-0.46133534028967
2017-03-31,-3.640798962189974,0.16534693263165998,-1.2080494686963867,0.4312264742501823
2017-04-03,-8.59703467743266,-0.7632496570336639,-0.5861824706739837,-0.0008815508840431133
2017-04-04,1.4346119949291067,0.2324986206805788,-0.7489464803826885,0.5890830967564855
2017-04-05,-3.640798962189981,0.16534693263162653,-1.2080494686963508,0.4312264742501829
2017-04-06,1.577690460054189,0.22909569884688696,0.5584863035356362,-1.4773477606582963
2017-04-07,7.643997680510937,-2.790271734819315,0.7686759435690801,0.5324177288386397
2017-04-10,-1.5326741696415465,-0.685600327659349,-0.33670732744241705,0.16203975072750273
2017-04-11,-11.505511696063296,-0.26475703782573096,0.500403113860046,1.4522524099658962
2017-04-12,-4.262408922548418,-1.037657089385079,-2.427089631583209,-0.865046437394431
2017-04-13,-7.055897249115601,-0.06923589555025829,-0.24410004723904802,-0.16280727919462554
2017-04-14,0.008463258675469203,0.008413433824016088,0.005375095992527638,0.00011402241690169341
2017-04-17,3.534363687851477,2.0442983128759735,0.1532636878193859,-0.6333904268107515
2017-04-18,-13.664072534925726,-3.4931482975690256,-1.0761534859357773,0.7945486266541922
2017-04-19,5.079687665981553,1.406938598116171,0.4799120977802618,-0.31867275509907145
2017-04-20,5.646675030212946,-0.13802242365823164,1.0091718155993106,-0.42593375031113617
2017-04-21,-1.0021496780978765,0.9055170995132032,0.012391633216524797,0.41702801023545
2017-04-24,8.412073583718465,-0.6331121210325007,-1.384846552853062,0.1873631462536279
2017-04-25,11.581247359354299,1.6981754730216465,0.18469350971879744,0.4281529417468943
2017-04-26,-4.619135576088661,-0.7422543743829234,-1.0054381608382528,0.00924780732639115
2017-04-27,-4.536423206899942,1.5323791729476497,-0.10462893166222856,0.09724565941854595
2017-04-28,0.8171885843837042,-2.301878877579356,-1.9834206567435557,-0.2305464148658329
2017-05-01,5.610212157525247,2.998056025288735,0.8290110584392186,-0.06368449559109148
2017-05-02,-5.597472189987306,-1.6498556813974665,-0.8028268529801272,-0.4127308595973813
2017-05-03,6.304747863259045,-2.0710968505884995,2.4083727356462337,0.5080899066134137
2017-05-04,4.964698973918123,0.937010023489316,-0.6164919020298635,0.4322220475511539
2017-05-05,0.12763850055188392,-0.8530314677923604,1.0863450823286047,-0.2741373802110344
2017-05-08,4.516886851563186,1.6205261436473317,-0.06478163351276948,0.26523164013534817
2017-05-09,5.979498460504498,-1.2914671184430837,-0.6389424527279083,0.4919514597548548
2017-05-10,-1.8654975999331427,0.46784436712546235,1.3114069408848108,-0.755845459338507
2017-05-11,-1.6237596384563002,-0.2974869225035069,-1.206648529670321,-0.8792449014091769
2017-05-12,-12.607210101651352,1.0204600330193394,-0.36252155114386997,0.8278817456477838
2017-05-15,2.8888505042444095,-0.01674768892340986,-1.292239272649693,-0.1374838836685003
2017-05-16,-1.865497599933123,0.46784436712549116,1.311406940884787,-0.7558454593385207
2017-05-17,-16.39380728783258,-3.8452050592947273,-3.1665357900765936,-0.23253756146775556
2017-05-18,1.6729624786818968,-1.4903911825522316,1.4129934922895135,0.040580291500640756
2017-05-19,1.0190761954488148,-0.8886902318651712,-0.001641441231469521,-0.41679996540164665
2017-05-22,2.532123850704189,0.2786550260787571,0.12941219809527835,0.7368103610523543
2017-05-23,7.068637216653566,1.4174362394415383,0.2702842526981545,-0.31360807599381496
2017-05-24,-6.636174899822355,-0.27942051924778527,-1.006839099864294,1.3197191829857637
2017-05-25,-0.6412364747446154,-0.7212590917321597,-1.4246938510024914,0.019377165536890412
2017-05-26,0.5712640730938408,-0.20517411170716202,0.5500688272855975,-0.5837903728174717
2017-05-29,0.008463258675469203,0.008413433824016088,0.005375095992527638,0.00011402241690169341
2017-05-30,-6.488909884884256,-1.6141969173246842,0.28515967057997094,-0.27006827440675524
2017-05-31,-0.9979631282848593,-0.4258563767300041,-0.003042380257534975,0.8936714102577126
2017-06-01,0.5712640730938408,-0.20517411170716202,0.5500688272855975,-0.5837903728174717
2017-06-02,-9.11918606935036,-5.017114036692701,-0.9661494582810127,0.6974169896525291
2017-06-05,6.866749605588455,0.004247593727353293,-1.7114949628139318,-0.12735452545800122
2017-06-06,-6.04528431234228,-0.9663395612394572,-0.2511165844630601,-0.5797212670132063
2017-06-07,6.0622108296932185,0.9831664288874893,0.26186677644811535,0.5799493118470097
2017-06-08,1.9974128093474786,0.018911075149400727,-0.20425274908961852,0.0051787015221120055
2017-06-09,3.5427367874775153,-0.6184486396104589,0.12239566087130496,0.3198963732338197
2017-06-12,0.5712640730938408,-0.20517411170716202,0.5500688272855975,-0.5837903728174717
2017-06-13,2.3583260127007297,-1.6078651160959474,-1.6413382333086226,-0.39247214317645135
2017-06-14,-10.906248008957228,-3.6144230323038857,1.2252576023131836,0.5060987600114951
2017-06-15,1.2251503563269466,-0.8068750623942109,1.9647037608065954,-0.1264101159151518
2017-06-16,-1.8977739228078245,2.272549339829222,1.115812170250659,0.08304719540379994
2017-06-19,6.661474516799284,-2.3664995655906376,0.9867212649012387,-0.3662043381074544
2017-06-20,-5.502200171359553,-3.3693425627965445,0.05168033577374081,1.1051971925615744
2017-06-21,0.12763850055186424,-0.8530314677923891,1.0863450823286285,-0.27413738021102063
2017-06-22,-2.9910992287698894,0.8950194581878357,0.22201947829863236,0.41196333113019346
2017-06-23,0.12763850055186424,-0.8530314677923891,1.0863450823286285,-0.27413738021102063
2017-06-26,-0.07424911051322669,-2.266220113506545,-0.8954341331834813,-0.0878838296752206
2017-06-27,10.241997542102343,2.417350357252442,1.8243903017959597,0.4038251195216591
2017-06-28,-1.4864246731405157,4.725111668618175,0.38394114457350276,0.6122868575397058
2017-06-29,8.942598075262149,0.9580053061400784,-1.035747592194093,0.44235140576160403
2017-06-30,5.285761826859672,1.488753767587136,2.4462572998183147,-0.028282905612563223
2017-07-03,6.629198193924607,-0.5617945928868964,0.7911264942671253,0.4726883166348989
2017-07-04,0.008463258675469203,0.008413433824016088,0.005375095992527638,0.00011402241690169341
2017-07-05,-2.067385210998257,-0.9453442785887053,-0.6703722746273139,-0.5695919088027395
2017-07-06,5.043224793293858,4.54301704706312,0.29975134062020836,0.04357649962101953
2017-07-07,2.971562873433149,2.257885858407192,-0.39143004347369303,-0.0494860315763593
2017-07-10,-1.651849411517985,0.17584457395701594,-1.417677313778509,0.4362911533554063
2017-07-11,-2.8761105367064776,1.3649480328146346,1.3184234781087958,-0.33893147151995506
2017-07-12,-6.608085126760651,-0.7527520157082792,-0.7958103157561303,0.004183128221167199
2017-07-13,3.867187118143077,0.8908536180911446,-1.4948505805078034,0.28449478325530453
2017-07-14,-3.525810270126564,0.6352755072584864,-0.11164546888623758,-0.31966832840002923
2017-07-17,-2.0631986611852593,-2.276717754831941,-0.6858062881013499,-0.09294850878046337
2017-07-18,-6.156086454592679,-2.767641612109524,-1.362954597747233,0.6478169356592685
2017-07-19,1.0190761954488148,-0.8886902318651712,-0.001641441231469521,-0.41679996540164665
2017-07-20,-1.441588700826836,-1.0737137328152313,0.5332338747854961,1.2033244028641634
2017-07-21,-3.4935339472518945,-1.169429465445268,0.08394930174790215,-1.1585609831423234
2017-07-24,3.538550237664494,0.7129248366327656,0.1378296743453262,-0.1567470267884891
2017-07-25,12.583487196501608,3.463818759818923,0.20854499944289606,-0.9420478461161831
2017-07-26,-8.748486242183734,1.9029002172864513,-1.862747227644213,1.1122625064861904
2017-07-27,3.949899487331793,3.1654871654217347,-0.5940413513318182,0.372492635347413
2017-07-28,-4.293886173334115,-1.5218841065283395,2.0418770275358895,0.02538625418494995
2017-07-31,0.5712640730938408,-0.20517411170716202,0.5500688272855975,-0.5837903728174717
2017-08-01,-5.712460882050722,-2.119784256024326,-1.8992308527902404,0.33816394305283104
2017-08-02,2.1207746010369144,-2.1739073027102,0.8612832237724374,0.20757069891648466
2017-08-03,-5.954198843527545,-1.354452966395328,0.6188246177648676,0.4615633851234871
2017-08-04,5.527499788336507,0.7234224779581331,-0.07179817073678134,-0.1516823476832326
2017-08-07,-1.0890485970996133,-0.037742971574162135,-0.8729835824854391,-0.14761324187896713
2017-08-08,4.188249971084626,1.4425973621889645,1.5678986213403747,-0.1760101699084128
2017-08-09,-7.471433048595917,-1.1904247480960197,0.5032049919121561,-1.16869034135279
2017-08-10,-5.149660067632332,-2.3333718015554754,-1.3545371214971944,-0.24574045218155624
2017-08-11,-4.12088740741965,2.6535680254933998,-0.8519339708134475,1.1031287215766776
2017-08-14,5.531686338149548,-0.607950998285063,-0.0872321842108265,0.3249610523390623
2017-08-15,8.28532431430502,0.6021477432233002,2.2296129175122075,-0.4401322143259009
2017-08-16,-6.608085126760651,-0.7527520157082792,-0.7958103157561303,0.004183128221167199
2017-08-17,-5.597472189987325,-1.6498556813974954,-0.8028268529801035,-0.41273085959736755
2017-08-18,1.0190761954488148,-0.8886902318651712,-0.001641441231469521,-0.41679996540164665
2017-08-21,-1.9804862919965205,-0.00208420750133978,0.21500294107464998,-0.004950656688322369
2017-08-22,5.733573949214659,0.8052376474291222,1.8945470313012596,0.13870750180324873
2017-08-23,-7.138609618304364,-2.3438694428808713,-1.1449092764150628,-0.2508051312867991
2017-08-24,3.5385502376645177,0.7129248366327772,0.13782967434534107,-0.15674702678845662
2017-08-25,-1.6153865388302857,-2.9602338749899504,-1.237516556618417,0.07404189863536167
2017-08-28,-2.6666488981043237,2.4043217158894223,-1.3952267630804374,0.3765617411517247
2017-08-29,-4.734124268152039,-1.2121829490097256,-2.101842160648413,0.7601426099765759
2017-08-30,2.6471125427675672,0.7485836007055593,1.225816197905439,-0.014084441597830549
2017-08-31,-3.608522639315292,-1.639358040072099,-1.0124546980622346,-0.4076661804921247
2017-09-01,6.505836402235195,1.6310237849727163,-0.2744094785949157,0.2702963192405586
2017-09-04,0.008463258675469203,0.008413433824016088,0.005375095992527638,0.00011402241690169341
2017-09-05,-15.094407820992409,-2.3858600081823758,-0.3063978960865554,-0.2710638477077327
2017-09-06,5.194676358044974,1.8768671727430135,1.5763160975904134,-1.0695675577492374
2017-09-07,-10.047086636934988,-1.8453768236729229,-0.05832369188103015,1.202328829563186
2017-09-08,1.5496006869925085,0.7024271953073926,0.34745751942748704,-0.16181170589366684
2017-09-11,14.013822482568266,2.35653047043223,-0.561210590406356,0.1235646282456676
2017-09-12,5.642488480399905,1.193351052584964,1.0246058290733553,-0.9025771503334308
2017-09-13,4.640248643252617,-0.572292234212252,1.0007543393492477,0.4676236375296746
2017-09-14,0.5796371727198554,-2.8679210641936055,0.5192008003375017,0.3694964272270668
2017-09-15,2.029689132222151,-1.7857938975543433,-0.008657978455454468,-0.8337139532201986
2017-09-18,4.516886851563162,1.6205261436473204,-0.06478163351278414,0.26523164013531575
2017-09-19,1.5496006869925283,0.7024271953074214,0.3474575194274632,-0.1618117058936806
2017-09-20,7.643997680510913,-2.7902717348193264,0.7686759435690654,0.5324177288386073
2017-09-21,-1.4134989277651513,-1.5470452292757542,0.7442626588936839,-0.11221165190041962
2017-09-22,-0.6412364747446392,-0.7212590917321713,-1.4246938510025062,0.01937716553685792
2017-09-25,-6.488909884884219,-1.6141969173246775,0.2851596705799978,-0.2700682744067357
2017-09-26,3.5385502376645177,0.7129248366327772,0.13782967434534107,-0.15674702678845662
2017-09-27,10.447272630891506,4.788097516570439,-0.8738259259192735,0.6426749321710831
2017-09-28,-1.5691370423292454,2.4504781212876177,-0.5168680846025091,0.5242890054475473
2017-09-29,3.2182864568119536,-2.1277508973120622,1.7396419022504133,0.3552979632123346
2017-10-02,3.008025746120824,-0.8781925905397864,-0.21126928631361572,-0.41173528629643635
2017-10-03,-2.547473656227909,1.5428768142730456,-0.3142567767443601,0.1023103385237886
2017-10-04,0.008463258675469203,0.008413433824016088,0.005375095992527638,0.00011402241690169341
2017-10-05,3.9863623600194917,0.029408716474768143,-0.4138805941717261,0.010243380627368598
2017-10-06,5.892599541502785,-2.234727189530437,-1.5243176684298576,-0.07268979235952969
2017-10-09,0.008463258675469203,0.008413433824016088,0.005375095992527638,0.00011402241690169341
2017-10-10,-4.860873537565504,0.023076915246046076,1.5126173097168796,0.13264724939706085
2017-10-11,0.008463258675469203,0.008413433824016088,0.005375095992527638,0.00011402241690169341
2017-10-12,-1.9482099691218622,-1.8067891802051104,0.41059771170878706,-0.8438433114306618
2017-10-13,-7.134423068491347,-3.675242919124079,-1.1603432898891228,0.22583826873546356
2017-10-16,5.116150538669233,-1.7291398508308242,0.6600728549403775,-0.680922009819102
2017-10-17,0.24681374242827897,-1.7144763694087655,2.167315068664706,-0.5483887828389566
2017-10-18,7.730097527423721,0.44192032611509435,-3.010510270482218,1.0455189441159558
2017-10-19,-2.4241118645384967,-0.6499415635865669,0.751279196117681,0.30470233591812873
2017-10-20,9.588111258869256,3.0190513079394914,0.4097553682749527,-0.053555137380611594
2017-10-23,-2.5474736562279325,1.542876814273034,-0.3142567767443749,0.10231033852375611
2017-10-24,6.62501164411159,0.7695788833563113,0.8065605077411855,-0.003955083387363811
2017-10-25,3.4193749957881354,1.5743697382491777,-0.9431403119907479,0.11750437583945288
2017-10-26,2.9799359730591215,-0.40486109407926096,-0.42229807042176487,0.9038007684682023
2017-10-27,-7.503709371470589,0.6142802246077239,0.30761022127799204,-0.3297976866104795
2017-10-30,-7.019434376427933,-3.20531434449727,-0.06393929007893495,-0.5250565339147016
2017-10-31,2.0015993591604633,-1.3124624010938306,-0.21968676256366668,0.4818221015444011
2017-11-01,-1.4093123779521342,-2.8784187055189614,0.7288286454196241,0.36443174812184276
2017-11-02,-2.511010783540221,-1.593201634673937,-0.13409601958427078,-0.25993891619630144
2017-11-03,-0.6370499249316516,-2.0526325679753925,-1.44012786447653,0.4960205655591304
2017-11-06,-2.8438342138318,-0.43975693988910725,1.514018248742909,-1.1778241262623084
2017-11-07,-0.42678921424048294,-3.3021908747476103,0.5107833240874513,1.2630538150678738
2017-11-08,2.9169402773060815,-0.49007918538392825,-1.081210488541517,-1.4530199384330706
2017-11-09,0.5348012004061653,2.9309043372398165,0.36990807012552035,-0.22154111809739466
2017-11-10,11.462072117477874,2.559620374638007,-0.8962764766172827,0.7024043443747849
2017-11-13,2.0338756820351778,-3.1171673737975656,-0.024091991929526574,-0.35707055319793257
2017-11-14,-4.41306141521053,-0.6604392049119631,0.9609070411998124,0.2996376568128859
2017-11-15,-6.896072584738514,-5.398132722356849,1.0015966827830702,-0.3226645365203624
2017-11-16,7.40146064694513,0.26399154465670305,-1.377830015629062,0.6042771340722218
2017-11-17,-2.5068242337272237,-2.924575110917173,-0.14953003305830687,0.21670448382597474
2017-11-20,4.557536274063866,-2.8469257815428484,0.09994511017323589,0.37962578543754666
2017-11-21,-0.2878972989284318,-1.974220320338122,1.8336501214798089,-1.2800204423691992
2017-11-22,-7.294247732868435,1.6536539076825114,-2.406040019911241,0.3856955260612002
2017-11-23,0.008463258675469203,0.008413433824016088,0.005375095992527638,0.00011402241690169341
2017-11-24,3.0949246651225413,0.06506748054755018,0.6741059293883721,0.1529059658179945
2017-11-27,-2.0715717608112616,0.38602919765449745,-0.654938261153242,-1.046235308825015
2017-11-28,2.532123850704177,0.27865502607876186,0.12941219809526625,0.7368103610523672
2017-11-29,5.85613666881511,0.9013512594165408,-1.7044784255899348,0.28955946236054736
2017-11-30,6.383273682634756,1.5349101729852932,3.3246159782962907,0.11944435868324718
2017-12-01,-6.333271770320175,-5.611720267888051,1.5462904140761518,-0.906568931754709
2017-12-04,2.473314704764137,-1.1379365414691314,-0.5449342334984978,-1.1433669458266462
2017-12-05,-0.9573137057841864,-4.893308301920219,0.16168436342850606,1.0080655555599114
2017-12-06,-6.973184879926905,2.205397651780303,0.6567091819369608,-0.0748094271025033
2017-12-07,6.949461974777164,2.2788811410579104,-0.8106857336379107,-0.03935667336589163
2017-12-08,0.9867998725741327,0.9160147408385879,-0.19723621186562137,0.42209268934066035
2017-12-11,2.5644001735788713,-1.526049946625002,0.32500696872943013,-0.10208229368995271
2017-12-12,3.003839196307807,0.45318088570342097,-0.19583527283955585,-0.8883786863186988
2017-12-13,-9.516562145391276,-0.2542593965003299,0.2907752687779024,1.4573170890711524
2017-12-14,0.6119134955945373,-4.672626036897365,0.7147955709716535,-0.4693962275152401
2017-12-15,0.6988124145962701,-3.729365965809982,1.6001707866735788,0.0952450245991309
2017-12-18,5.3718616737724245,4.720945828521521,-1.3329289142329719,0.48481830966477996
2017-12-19,12.020686382083216,3.677406305350041,-0.33614873185016503,-0.35814345088183813
2017-12-20,4.837150632415762,4.461201877592167,-1.6665938614178297,-0.2468133498654559
2017-12-21,-0.27952419930245237,-4.636967272824541,1.802782094531701,-0.32673364232463803
2017-12-22,0.4604619308434604,-2.0064761625772003,-0.5617691859985993,0.6437478298549892
2017-12-25,0.008463258675469203,0.008413433824016088,0.005375095992527638,0.00011402241690169341
2017-12-26,-1.0848620472865795,-1.3691164478173916,-0.8884175959594482,0.32903015814332853
2017-12-27,-8.802309766221818,-3.13399681635166,2.112033757041199,-0.23973136353350985
2017-12-28,2.0015993591604873,-1.312462401093819,-0.21968676256365186,0.48182210154443356
2017-12-29,-4.623322125901646,0.5891191018603079,-0.9900041473642044,-0.46739559269589814
2018-01-01,0.008463258675469203,0.008413433824016088,0.005375095992527638,0.00011402241690169341
2018-01-02,10.479548953766187,2.9833925438666804,-0.6782311552851218,-0.1962177225712237
2018-01-03,-1.4962112969538905,-3.8216787766063556,-0.15654657028231606,-0.20020950399256066
2018-01-04,3.542736787477535,-0.6184486396104302,0.12239566087128115,0.31989637323380593
2018-01-05,2.556027073952857,1.1366970058614416,0.35587499567752595,-1.0553690937344915
2018-01-08,1.077885341388867,0.5279013356827171,0.6727049903623065,1.4633773414773537
2018-01-09,9.468936016992831,3.8804962095558517,-0.671214618061127,0.22069626524727873
2018-01-10,-0.5543375557429149,0.2220009793551989,-0.5393186353005543,0.584018417651288
2018-01-11,0.8046289349446921,1.6922415511503237,-1.9371186163214238,-1.6604766149326478
2018-01-12,0.017635430390457243,-4.943265508509463,4.63906849879768,1.0049408592984688
2018-01-15,0.008463258675469203,0.008413433824016088,0.005375095992527638,0.00011402241690169341
2018-01-16,0.9405503760730937,-4.4946972554389495,-0.9178846838815146,-0.028154417471483433
2018-01-17,4.640248643252586,-0.5722922342122967,1.000754339349269,0.467623637529643
2018-01-18,7.594975158384262,4.339927142857338,0.6348172268311469,-0.5352632165081113
2018-01-19,3.0949246651225706,0.06506748054756385,0.6741059293883358,0.15290596581798452
2018-01-22,3.4235615456011077,0.24299626200595098,-0.9585743254648081,0.5941477758617548
2018-01-23,-5.510573270985599,-0.7065956103101462,0.08254836272185777,0.1519103925170041
2018-01-24,3.3043863037247254,1.1044411636223515,-2.039544311800897,0.8683991784896643
2018-01-25,-3.9610627430425387,-2.6753288013131793,0.39376275920868553,0.9432714642509735
2018-01-26,8.115713026114602,-2.6157458751946,0.44342847263426094,-1.0927713185324113
2018-01-29,3.7081615258549503,3.930818455050704,1.9240141192233138,0.49589207741808294
2018-01-30,5.408324546460087,1.5848673795745478,-1.1527681570729067,0.12256905494471569
2018-01-31,-0.8465115635337401,-3.0920062510501594,1.2735223767126937,-0.21947264711253986
2018-02-01,9.025310444450854,3.232638853470625,-0.13493836301809592,0.5303492578537299
2018-02-02,6.999898021091199,6.35821966109229,-0.10547127509606258,0.8875338334685658
2018-02-05,-13.14610769282106,2.092089558333191,-0.6807524848547163,-0.38039331390467174
2018-02-06,3.9863623600194917,0.029408716474768143,-0.4138805941717261,0.010243380627368598
2018-02-07,10.396836584577459,0.7087589965361226,-1.5790403844611336,-0.2842155746633826
2018-02-08,0.5348012004061653,2.9309043372398165,0.36990807012552035,-0.22154111809739466
2018-02-09,-7.457459874969566,6.024992220885273,1.0282586932939477,0.12044942020170335
2018-02-12,5.655048129838937,-2.800769376144687,0.9783037886511999,0.5273530497333702
2018-02-13,-3.6043360895022847,-2.9707315163153503,-1.0278887115362831,0.06897721953015502
2018-02-14,16.71702441240972,-0.5127093080936795,1.0504200527747967,-1.568419145253729
2018-02-15,-0.9615002555972035,-3.5619348256770107,0.177118376902566,0.5314221555376492
2018-02-16,-2.712898394605344,-3.0063902803881173,-2.115875235096369,-0.0736853656604746
2018-02-19,0.008463258675469203,0.008413433824016088,0.005375095992527638,0.00011402241690169341
2018-02-20,4.34727556337273,-1.5973674747706061,-1.850966078390757,-0.3874074640712237
2018-02-21,9.02112389463789,4.564012329713916,-0.11950434954405698,0.05370585783146902
2018-02-22,-3.640798962189971,0.16534693263161143,-1.208049468696363,0.4312264742501867
2018-02-23,-6.599712027134636,-3.4154989681947225,-0.8266783427042259,0.9574699282657058
2018-02-26,-3.97362239248156,1.3187916274164564,0.440064799630829,-0.486658735815824
2018-02-27,9.213224881889648,-2.5695894697964285,1.321787151112201,-0.9450440542365617
2018-02-28,-5.391398029109173,-1.5680405119265062,1.1635183490579377,-0.12234101011088654
2018-03-01,-10.25734734762609,-0.5958185169006837,-2.009234880445021,0.43529558005445174
2018-03-02,9.057586767325553,1.4279338807669426,0.060656407616008275,-0.30854339688859533
2018-03-05,2.64292599295458,2.0799570769487805,1.2412502113794628,-0.4907278416201029
2018-03-06,-0.43097576405350013,-1.9708173985044033,0.5262173375615111,0.7864104150456116
2018-03-07,0.9867998725741368,0.9160147408385707,-0.19723621186558274,0.42209268934070654
2018-03-08,-3.6085226393153156,-1.6393580400721106,-1.0124546980622497,-0.40766618049215714
2018-03-09,5.499410015274866,1.1967539744186964,-0.2828269548449782,1.1638537070813693
2018-03-12,-3.489347397438885,-2.5008029416885087,0.06851528827387825,-0.6819175831200601
2018-03-13,-4.499960334212257,-1.6036992759992845,0.07553182549783698,-0.2650035953015486
2018-03-14,-4.376598542522843,-3.7965176538589245,1.1410677983598922,-0.06261159790714564
2018-03-15,2.4494114815154724,-1.9959785212518646,-0.7713970310807219,0.648812508960204
2018-03-16,5.527499788336538,0.7234224779581783,-0.07179817073680249,-0.1516823476832007
2018-03-19,0.4520888312174261,0.6562707899092144,-0.5309011590504796,-0.3095389701895357
2018-03-20,7.072823766466573,0.08606276319834588,0.25485023922410655,0.16303532402844406
2018-03-21,-1.334973108389443,2.0589617942980287,1.6605059015437167,-0.5008571998305698
2018-03-22,-10.133985555936702,-2.7886368947602764,-0.9436989075829796,0.6376875774488016
2018-03-23,-2.0996615338729683,0.8593606941150401,-0.8659670452614296,0.2693007459395775
2018-03-26,6.427310582859518,-1.974983238601101,-1.190652721244961,0.6589418671707032
2018-03-27,-12.464131636526336,1.0170571111856261,0.9449112327744645,-1.2385491117670073
2018-03-28,0.04492613136315574,-3.1276650151229455,0.18553585315260754,-0.36213523230313
2018-03-29,-5.506386721172529,-2.037969086553328,0.06711434924777691,0.6285537925392891
2018-03-30,0.008463258675469203,0.008413433824016088,0.005375095992527638,0.00011402241690169341
2018-04-02,-1.9846728418095738,1.3292892687418607,0.23043695454868293,-0.4815940567106043
2018-04-03,9.59229780868227,1.6876778316962606,0.394321354800953,0.423088262641635
2018-04-04,1.014889645635785,0.4426832443780411,0.01379257224257815,-0.8934433654238961
2018-04-05,6.505836402235207,1.6310237849727118,-0.2744094785949035,0.2702963192405457
2018-04-06,-10.581797678291666,-2.105120774602282,-0.39198863906592446,0.4706971700329798
2018-04-09,3.008025746120824,-0.8781925905397864,-0.21126928631361572,-0.41173528629643635
2018-04-10,3.5469233372905222,-1.9498221158536513,0.10696164739725729,0.7965397732560785
2018-04-11,-1.8571245003071082,-2.194902585360952,1.2805389139366912,0.19744134070601774
2018-04-12,8.518689176155839,2.4995634060807617,-0.25757452609480225,-1.51681845644105
2018-04-13,-0.07006256070024294,-3.5975935897498084,-0.9108681466575445,0.3887595703470268
2018-04-16,2.5644001735788713,-1.526049946625002,0.32500696872943013,-0.10208229368995271
2018-04-17,-1.524301070015543,-3.3483472801458087,-0.36757535439051564,1.1153265507719958
2018-04-18,8.605588095157586,3.4428234771681714,0.62780068960715,-0.9521772043266502
2018-04-19,8.046973830552211,2.3250375464560817,0.06767294484002906,0.10837059092995752
2018-04-20,6.062210829693225,0.9831664288875229,0.26186677644807954,0.5799493118470092
2018-04-23,4.553349724250883,-1.5155523052996658,0.11537912364730754,-0.0970176145847379
2018-04-24,1.9609499366597931,3.1549895240963943,-0.3844135062496834,0.36742795624218527
2018-04-25,3.9540860371447875,1.834113689178488,-0.6094753648058786,0.8491360353697058
2018-04-26,-4.052148211857249,-2.287215396157297,-0.47617844301922735,-0.09801318788568733
2018-04-27,-5.4741103982979125,-3.8426740592571074,0.26270911988193785,-0.21033886220302744
2018-04-30,-1.9762997421835105,-1.3334576837445808,0.19956892760062614,0.47169274333394084
2018-05-01,4.101351052082867,0.49933729110161906,0.682523405638411,-0.7406514220228206
2018-05-02,-1.1213249199742614,1.7669620011295932,-1.0685783531195885,0.691279412863376
2018-05-03,-3.6085226393153156,-1.6393580400721106,-1.0124546980622497,-0.40766618049215714
2018-05-04,1.438798544742108,-1.0988748555626155,-0.7643804938566853,1.0657264967787865
2018-05-07,-0.887160986034459,1.375445674140004,1.1087956330266373,-0.33386679241474104
2018-05-08,4.105537601895879,-0.8320361851416114,0.6670893921644113,-0.2640080220005741
2018-05-09,5.975311910691498,0.039906357800142345,-0.6235084392538968,0.015308059732595563
2018-05-10,-3.932972969980842,-3.148660297773707,0.6047915433168854,-0.37226459051362276
2018-05-11,-0.3159870719901052,-1.5008888238775826,1.6226213373716236,0.03551561239542973
2018-05-14,3.9540860371447923,1.8341136891785088,-0.6094753648058299,0.8491360353696725
2018-05-15,12.674572665316358,3.075705354663039,1.0784862016707606,0.0992368060204713
2018-05-16,2.1124015014108566,0.48883964977620303,0.8921512507205421,-0.7457161011280727
2018-05-17,2.40457550920175,3.8028468801815927,-0.9206897612926906,0.05777496363574794
2018-05-18,-8.030047313201273,-2.308210678808049,-0.056922752854973786,-0.10814254609615412
2018-05-21,1.3518996257404012,-2.0421349266500264,-1.649755709558686,0.5010852446643806
2018-05-22,0.8999009535723901,-0.02724533024877962,-1.0826114275675345,-0.1425485627737143
2018-05-23,-11.066072673334336,1.7144737945027033,-0.020439127708925156,0.665956017337183
2018-05-24,-5.276409337045778,-1.0981119372996853,2.2599223488680504,-0.8732358127610681
2018-05-25,-8.712023369496059,-1.2331782316604951,-1.682586470484121,0.7500132517661554
2018-05-28,0.008463258675469203,0.008413433824016088,0.005375095992527638,0.00011402241690169341
2018-05-29,-31.609454463287516,2.2111983319359996,0.6612043895913727,0.15792896938254886
2018-05-30,15.512896964197246,-3.6915412406051753,-0.9552106524613915,-0.011964806854844107
2018-05-31,-1.3026967855147387,0.2542568215943084,1.856100672177869,-1.3397498545729072
2018-06-01,11.502721539978587,-1.9078315505521781,-0.7315497329312751,0.8167984896770192
2018-06-04,8.946784625075141,-0.3733681701031194,-1.0511816056681773,0.9189948057838925
2018-06-05,-3.97362239248156,1.3187916274164564,0.440064799630829,-0.486658735815824
2018-06-06,9.501212339867559,2.0757912368521434,-0.4756198474269599,-0.618196389495026
2018-06-07,-7.495336271844584,-2.0484667278787043,0.276742194329908,0.6234891134340557
2018-06-08,0.008463258675469203,0.008413433824016088,0.005375095992527638,0.00011402241690169341
2018-06-11,5.083874215794538,0.0755651218729397,0.4644780843062137,0.15797064492321786
2018-06-12,1.0232627452618246,-2.220063708108412,-0.01707545470549346,0.059843434620616545
2018-06-13,6.011774783379191,-3.0961720911467983,-0.4433476820937684,-0.34694119498746945
2018-06-14,-6.599712027134656,-3.4154989681947514,-0.826678342704202,0.9574699282657195
2018-06-15,-2.317496272101114,2.482733963526708,1.8785512228759138,-1.3994792667766083
2018-06-18,-0.6412364747446417,-0.7212590917321818,-1.4246938510025307,0.019377165536874574
2018-06-19,-5.510573270985556,-0.7065956103101059,0.08254836272184883,0.1519103925170229
2018-06-20,6.505836402235182,1.6310237849727212,-0.2744094785949277,0.2702963192405717
2018-06-21,-4.171323453733675,-1.4257704945409373,-1.5571484293553075,0.1762382147422031
2018-06-22,0.008463258675469203,0.008413433824016088,0.005375095992527638,0.00011402241690169341
2018-06-25,-4.50414688402524,-0.27232579975608084,0.09096583897189935,-0.741646995323775
2018-06-26,0.5389877502191291,1.5995308609965835,0.3544740566514818,0.2551022819248453
2018-06-27,-8.025860763388245,-3.6395841550512715,-0.0723567663290457,0.3685008539261116
2018-06-28,1.6687759288688995,-0.1590177063089953,1.4284275057635494,-0.43606310852163543
2018-06-29,0.9867998725741368,0.9160147408385707,-0.19723621186558274,0.42209268934070654
2018-07-02,4.886173154542448,-2.668997000084442,-1.5327351446799082,0.8208675954812775
2018-07-03,-6.940908557052234,0.40069267907652745,0.8523039525711098,-0.9137020818448558
2018-07-04,0.008463258675469203,0.008413433824016088,0.005375095992527638,0.00011402241690169341
2018-07-05,2.120774601036891,-2.1739073027102114,0.8612832237724226,0.20757069891645216
2018-07-06,-4.08861108454498,0.8488630527896449,-0.6563392001793078,0.26423606683438383
2018-07-09,7.077010316279581,-1.2453107130449053,0.23941622575005847,0.639678724050724
2018-07-10,3.0080257461208477,-0.8781925905397748,-0.2112692863136009,-0.4117352862964039
2018-07-11,-4.084424534731928,-0.48251042345358686,-0.6717732136533557,0.7408794668566241
2018-07-12,1.4668883178037762,-1.5722063520231755,-0.5533517097485487,-0.24980955798580864
2018-07-13,-3.077998147771632,-0.048240612899531674,-0.6633557374032806,-0.15267792098418112
2018-07-16,3.0907381153095437,1.3964409567907863,0.6895399428624079,-0.3237374342042817
2018-07-17,2.893037054057424,-1.3481211651666283,-1.3076732861237772,0.33915951635377883
2018-07-18,1.6323130561812365,2.977060742637978,1.2482667486034842,-0.07381385380157116
2018-07-19,-5.149660067632339,-2.3333718015555087,-1.3545371214971587,-0.2457404521815556
2018-07-20,7.475799916507835,5.201372044473719,-0.44615275950494204,-0.26101181388016215
2018-07-23,12.024872931896253,2.346032829106862,-0.35158274532424877,0.11849994914041034
2018-07-24,-1.8613110501201353,-0.8635291091177297,1.2959729274107632,-0.27920205931624836
2018-07-25,-0.632863375118627,-3.3840060442186255,-1.4555618779506267,0.9726639655814132
2018-07-26,7.51644933900853,0.7339201192835442,-0.2814260158189007,-0.14661766857799333
2018-07-27,-3.525810270126596,0.6352755072584623,-0.11164546888622587,-0.3196683284000026
2018-07-30,2.0801251785362207,2.293544622479954,0.6965564800864051,0.09317655361425756
2018-07-31,-1.9440234193088548,-3.1381626564483023,0.39516369823473946,-0.367199911408403
2018-08-01,5.491036915648832,3.8595009269051115,-0.2519589278968588,0.21056690703684458
2018-08-02,-3.0779981477715928,-0.0482406128995331,-0.6633557374033291,-0.15267792098418756
2018-08-03,-5.958385393340584,-0.02307949015210084,0.6342586312389278,-0.015080014898766196
2018-08-06,-1.6476628617049578,-1.1555289022862067,-1.433111327252581,0.9129345533776724
2018-08-07,7.964261461363514,0.050403999125520196,-0.8331362843359799,0.0203727388378355
2018-08-08,-1.6237596384562878,-0.29748692250351166,-1.2066485296703091,-0.8792449014091899
2018-08-09,-6.849823088237505,0.01257927392069487,1.7222451547989897,0.1275825702918499
2018-08-10,-9.575371291331345,-1.6708509640482365,-0.38357116281582554,-0.4228602178078512
2018-08-13,1.4304254451160896,1.5638720969237863,-0.7335124669086287,0.11243969673422302
2018-08-14,3.0080257461208477,-0.8781925905397748,-0.2112692863136009,-0.4117352862964039
2018-08-15,-6.073374085403984,-0.49300806477896325,-0.46214536857122424,0.7358147877513906
2018-08-16,2.5644001735788713,-1.526049946625002,0.32500696872943013,-0.10208229368995271
2018-08-17,-0.8871609860344789,1.3754456741400343,1.1087956330266617,-0.3338667924147484
2018-08-20,-7.701410432722693,-2.1302818973496844,-1.689603007708157,0.33309926394755135
2018-08-21,4.1924365208976,0.11122388594574828,1.5524646078663389,0.30063323011387266
2018-08-22,-4.175510003546662,-0.0943970182977161,-1.5417144158812837,-0.3004051852800693
2018-08-23,0.694625864783243,-2.3979924895667595,1.6156048001476508,-0.3813983754231352
2018-08-24,0.9040875033854172,-1.3586188064920022,-1.0980454410416065,0.33409483724855177
2018-08-27,5.860323218628108,-0.43002221682669534,-1.7199124390639706,0.7662028623828235
2018-08-28,4.631875543626546,2.0904547182741564,1.0316223662973407,-0.48566316251486963
2018-08-29,0.6623495419085821,-0.5932875168629993,1.4200100295134894,0.4574942793192209
2018-08-30,-5.514759820798587,0.6247778659330752,0.09798237619588167,-0.3247330075052683
2018-08-31,-0.5627106553689044,2.884747931841633,-0.5084506083524344,-0.3692683823932765
2018-09-03,0.008463258675469203,0.008413433824016088,0.005375095992527638,0.00011402241690169341
2018-09-04,8.407887033905446,0.6982613552107277,-1.3694125393790113,-0.28928025376857613
2018-09-05,-0.11071198320091327,0.8698583354404165,-1.0755948903435613,0.274365425044811
2018-09-06,-3.406635028250194,-0.22616939435790928,0.9693245174498392,-0.5939197310279256
2018-09-07,11.946347112520526,-1.2599741944669496,-1.2678259879742575,0.5071454970705748
2018-09-10,0.5796371727198678,-2.8679210641936104,0.5192008003375138,0.3694964272270539
2018-09-11,7.51644933900853,0.7339201192835442,-0.2814260158189007,-0.14661766857799333
2018-09-12,-2.309123172475079,-0.18001298895976614,1.8476831959277935,-0.4461924667320623
2018-09-13,0.9040875033853973,-1.358618806491972,-1.098045441041582,0.3340948372485444
2018-09-14,4.549163174437851,-0.1841788290564052,0.13081313712133166,-0.5736610146069918
2018-09-17,-0.5543375557428899,0.22200097935518942,-0.5393186353005301,0.5840184176512622
2018-09-18,10.479548953766193,2.9833925438666826,-0.6782311552851726,-0.19621772257126652
2018-09-19,4.069074729208212,2.304042263805341,0.48692863500429767,0.09824123271952315
2018-09-20,-1.413498927765175,-1.5470452292757657,0.744262658893669,-0.11221165190045204
2018-09-21,-0.9979631282848467,-0.42585637673000887,-0.0030423802575228736,0.8936714102576996
2018-09-24,2.445224931702444,-0.6646050450086207,-0.7559630176066592,0.17216910893799622
2018-09-25,3.6535389297279277,1.1828534112596034,1.2342336741554902,-0.9076418294386679
2018-09-26,-5.5932856401743205,-2.9812291576406977,-0.8182608664541754,0.06391254042490775
2018-09-27,0.008463258675469203,0.008413433824016088,0.005375095992527638,0.00011402241690169341
2018-09-28,-2.5474736562279325,1.542876814273034,-0.3142567767443749,0.10231033852375611
2018-10-01,5.9388490380038155,3.175984806747146,-0.8036691964139374,0.3775573144526523
2018-10-02,-5.030484825755936,-3.1948167031718806,-0.2735671351610932,-0.5199918548094785
2018-10-03,15.63767228007401,5.325177779246152,0.6816810622046003,0.04963675202722448
2018-10-04,6.949461974777158,2.2788811410579486,-0.8106857336379588,-0.039356673365879405
2018-10-05,5.938849038003796,3.1759848067471173,-0.8036691964139135,0.37755731445266605
2018-10-08,0.008463258675469203,0.008413433824016088,0.005375095992527638,0.00011402241690169341
2018-10-09,-3.517437170500562,-2.0274714452279525,-0.1425134958343455,0.6336184716445225
2018-10-10,1.4304254451161134,1.5638720969237978,-0.7335124669086138,0.11243969673425544
2018-10-11,-11.532044519128657,-3.4860535780773927,0.02165145290040965,-1.2668175516554072
2018-10-12,0.5431743000321562,0.2681573847533609,0.33904004317740966,0.7317456819471115
2018-10-15,1.9932262595344725,1.3502845513926245,-0.1888187356155561,-0.471464698500105
2018-10-16,0.5796371727198678,-2.8679210641936104,0.5192008003375138,0.3694964272270539
2018-10-17,4.964698973918155,0.93701002348934,-0.6164919020298751,0.43222204755112725
2018-10-18,-2.0757583106243036,1.7174026738977144,-0.6395042476792063,-1.5228787088472515
2018-10-19,5.864509768441115,-1.761395693069888,-1.7353464525380187,1.2428462624050822
2018-10-22,0.008463258675469203,0.008413433824016088,0.005375095992527638,0.00011402241690169341
2018-10-23,-5.633935062674994,1.4862227675494852,-0.9829876101402314,-0.05048160487733308
2018-10-24,-11.687682633692747,0.5114697724860201,-1.2394792905957435,-0.6303168943074152
2018-10-25,6.181386071569633,0.12172152727111304,1.3428367627841928,0.3056979092190735
2018-10-26,-10.709346019794083,1.4190710795005326,-1.4420905984538934,-0.20833822738363583
2018-10-29,0.4520888312174458,0.6562707899092431,-0.5309011590505035,-0.30953897018954946
2018-10-30,6.510022952048169,0.2996503087295,-0.2898434920689516,0.7469397192628441
2018-10-31,6.538112725109882,-0.17368118773104077,-0.07881470796081479,-0.5685963355017907
2018-11-01,-3.4389113511248692,1.5785355783458428,0.7737297468157504,0.2449729237144109
2018-11-02,15.472247541696595,0.775910684585018,-1.119937396147433,-0.12635895215705195
2018-11-05,-2.9546363560822027,-2.2410589907591256,0.40218023545871223,0.04971407641016181
2018-11-06,3.0991112149355584,-1.2663059956956573,0.6586719159143122,0.6295493658402571
2018-11-07,2.4775012545771244,-2.469310017712352,-0.5603682469725216,-0.6667235458043735
2018-11-08,3.0991112149355584,-1.2663059956956573,0.6586719159143122,0.6295493658402571
2018-11-09,-8.03842041282733,0.3545362736783539,-0.02605472590686904,-1.0614293461407116
2018-11-12,0.008463258675469203,0.008413433824016088,0.005375095992527638,0.00011402241690169341
2018-11-13,-10.055459736560945,0.8173701288135083,-0.02745566493290747,0.2490420295186578
2018-11-14,-5.099224021318304,1.7459667184788714,-0.64932266295531,0.6811500546529017
2018-11-15,-0.6454230245576689,0.6101143845110408,-1.4092598375284584,-0.45726623448539166
2018-11-16,-7.4168104524688525,1.5575402956950897,1.1929854369799562,0.23484356550393784
2018-11-19,-4.088611084544955,0.8488630527896356,-0.6563392001792836,0.26423606683435785
2018-11-20,0.12763850055187137,-0.8530314677923556,1.0863450823285927,-0.2741373802110214
2018-11-21,1.4668883178038012,-1.572206352023185,-0.5533517097485245,-0.24980955798583457
2018-11-22,0.008463258675469203,0.008413433824016088,0.005375095992527638,0.00011402241690169341
2018-11-23,-1.0890485970996258,-0.03774297157415739,-0.8729835824854512,-0.14761324187895425
2018-11-26,3.990548909832479,-1.301964759768453,-0.42931460764574997,0.4868867806496411
2018-11-27,-1.5368607194545412,0.6457731485838386,-0.3212733139683574,-0.314603649294769
2018-11-28,-1.1255114697872886,3.098335477372816,-1.0531443396455165,0.21463601284110986
2018-11-29,-3.164897066773339,-0.9915006839868835,-1.5487309531052806,-0.7173191730986082
2018-11-30,-3.402448478437207,-1.5575428706011303,0.9538905039758154,-0.11727633100565303
2018-12-03,-2.1459110303739326,-4.551351302162523,-1.586615517277359,-0.18094636087259494
2018-12-04,-12.209034953521453,-6.031326597020002,3.0451151515504415,0.11952168306623025
2018-12-05,0.008463258675469203,0.008413433824016088,0.005375095992527638,0.00011402241690169341
2018-12-06,-7.507895921283606,1.9456537008509316,0.32304423475205196,-0.8064410866327418
2018-12-07,-5.218399263194686,2.6074116200952133,-1.7302926492913997,0.9554014572808324
2018-12-10,0.1276385005518517,-0.8530314677923844,1.0863450823286165,-0.27413738021100764
2018-12-11,7.085383415905575,-3.9080576655313184,0.20854819880198694,1.5929655240952552
2018-12-12,2.64292599295458,2.0799570769487805,1.2412502113794628,-0.4907278416201029
2018-12-13,-1.5691370423292454,2.4504781212876177,-0.5168680846025091,0.5242890054475473
2018-12-14,-3.969435842668553,-0.012581848826735966,0.42463078615678135,-0.01001533579356521
2018-12-17,-6.521186207758947,0.19050805537903118,0.08956489994583076,0.5688243803355691
2018-12-18,-8.39514706636756,0.6499389886805363,1.3955967448381148,-0.18713510141986092
2018-12-19,-8.354497643866821,-3.817512936509657,1.5603234885241466,-0.07274095611765218
2018-12-20,5.444787419147799,-1.5512110693724233,-0.9726073999128024,-0.2396801997753418
2018-12-21,-1.9019604726208292,3.6039228160724246,1.1312461837247307,-0.39359620461847544
2018-12-24,-10.955270531083926,3.5157758453727874,1.0913988855752503,-0.561582185335246
2018-12-25,0.008463258675469203,0.008413433824016088,0.005375095992527638,0.00011402241690169341
2018-12-26,14.165274047319325,-0.3096194038879128,0.7153541665638457,-0.989579429124595
2018-12-27,-8.752672791996753,3.2342736935296594,-1.847313214170153,0.6356191064639278
2018-12-28,-7.151169267743353,1.6502509858488195,-1.0986072359929162,-1.6807353313535816
2018-12-31,-7.088173571990339,1.735469077153465,-0.43969481787320314,0.6760853755476756
2019-01-01,0.008463258675469203,0.008413433824016088,0.005375095992527638,0.00011402241690169341
2019-01-02,-4.043775112231209,-4.9499623486437505,-0.5070464699672994,0.8552736121588252
2019-01-03,-19.236318136526524,4.253415012216656,-1.1174049224703726,-0.5979793486147212
2019-01-04,20.23158126777611,-3.3289868375540803,0.9255438065973027,1.020186060372297
2019-01-07,5.650861580025928,-1.4693958999014152,0.9937378021252385,0.05070964971114869
2019-01-08,7.109286639154261,-3.0500156857486953,0.43501099638419505,-0.19921393069162469
2019-01-09,0.4156259585297382,3.7923492388561972,-0.711061916210569,0.052710284530554395
2019-01-10,0.7765391618830201,2.165573047610842,-2.1481474004295995,-0.3449405601680775
2019-01-11,-5.181936390507043,-0.5286668288517301,-1.55013189213131,0.5931522025607608
2019-01-14,0.5628909734678136,2.4575728407792865,0.5809368542336811,-1.5370771728619974
2019-01-15,1.4304254451161134,1.5638720969237978,-0.7335124669086138,0.11243969673425544
2019-01-16,1.5579737866185117,-1.9603197571790671,0.31658949247938856,0.7914750941508263
2019-01-17,3.7769007214173373,-1.0099649666000194,2.2997696470175066,-0.7052498320443111
2019-01-18,7.972634560989529,-2.612342953360923,-0.8640043112840758,0.9736595388823741
2019-01-21,0.008463258675469203,0.008413433824016088,0.005375095992527638,0.00011402241690169341
2019-01-22,-8.60122122724567,0.568123819209577,-0.5707484571999599,-0.47752495090630664
2019-01-23,2.6471125427675437,0.7485836007055477,1.225816197905424,-0.014084441597863023
2019-01-24,-6.608085126760627,-0.7527520157082677,-0.7958103157561152,0.004183128221199617
2019-01-25,7.077010316279557,-1.2453107130449168,0.2394162257500436,0.6396787240506914
2019-01-28,-1.089048597099577,-0.03774297157415535,-0.8729835824854122,-0.14761324187894762
2019-01-29,-5.962571943153572,1.3082939860911202,0.6496926447129514,-0.4917234149210386
2019-01-30,-5.3417610548840955,4.800229997954835,-2.7958286221534165,0.7530094598864754
2019-01-31,-13.35138278161023,-0.2786576009848005,2.0174637428604543,-0.6192431265541254
2019-02-01,13.163034210171976,-2.075262690685166,0.691502676839786,0.38062135873854747
2019-02-04,4.5168868515631715,1.6205261436473641,-0.06478163351279574,0.26523164013529843
2019-02-05,-3.517437170500582,-2.027471445227981,-0.14251349583432166,0.6336184716445362
2019-02-06,-1.5368607194545412,0.6457731485838386,-0.3212733139683574,-0.314603649294769
2019-02-07,-8.03842041282731,0.35453627367838264,-0.026054725906892853,-1.0614293461407254
2019-02-08,-4.860873537565474,0.023076915246059745,1.5126173097168436,0.13264724939705078
2019-02-11,5.440600869334797,-0.21983759312921022,-0.9571733864387064,-0.7163235997976337
2019-02-12,4.521073401376203,0.2891526674041246,-0.0802156469868293,0.7418750401576109
2019-02-13,6.0944871525678606,-0.8215385438162284,0.4574615470822167,-0.2589433428953212
2019-02-14,-8.153409104890681,-0.11539230094848504,-1.1224587257169913,-0.3105345434904898
2019-02-15,1.0232627452618444,-2.220063708108383,-0.017075454705517273,0.05984343462060279
2019-02-18,0.008463258675469203,0.008413433824016088,0.005375095992527638,0.00011402241690169341
2019-02-19,-2.9910992287698894,0.8950194581878357,0.22201947829863236,0.41196333113019346
2019-02-20,0.4520888312174261,0.6562707899092144,-0.5309011590504796,-0.3095389701895357
2019-02-21,7.960074911550462,1.3817774753687517,-0.8177022708619321,-0.45627066118440474
2019-02-22,-7.951521493825538,1.2977963447657235,0.8593204897950834,-0.4967880940263305
2019-02-25,3.427748095414095,-1.0883772142372705,-0.9740083389388321,1.0707911758840274
2019-02-26,-5.514759820798563,0.6247778659330867,0.09798237619589655,-0.32473300750523576
2019-02-27,8.490599403094187,2.972894902541309,-0.468603310203002,-0.20128240167649358
2019-02-28,5.618585257151248,0.33530907280229594,0.7981430314911105,0.8896023044534602
2019-03-01,6.981738297651819,0.47417616835418774,-0.6150909630037976,-0.8782493281082356
2019-03-04,-5.5932856401742965,-2.981229157640686,-0.8182608664541607,0.06391254042494039
2019-03-05,-0.4351623138664877,-0.6394439222611823,0.5416513510355349,0.30976701502333903
2019-03-06,-6.077560635216946,0.8383654114642489,-0.44671135509717613,0.25917138772909204
2019-03-07,-9.049033349600654,1.251639939367542,-0.019038188682880944,-0.6445153583221142
2019-03-08,-4.41306141521051,-0.6604392049119343,0.9609070411997886,0.29963765681287213
2019-03-11,4.429987932561449,0.6772660725599664,-0.9501568492147334,-0.2994096119790688
2019-03-12,-5.51057327098558,-0.7065956103101174,0.08254836272183395,0.15191039251699037
2019-03-13,1.4585152181777616,1.090540600463268,-0.522483682800453,-1.2030963580303473
2019-03-14,2.9757494232461488,0.9265123821639656,-0.4068640569477046,0.4271573684459002
2019-03-15,-6.049470862155299,0.36503391500373983,-0.2356825709890246,-1.0563646670354525
2019-03-18,2.120774601036895,-2.1739073027102287,0.8612832237724612,0.2075706989164984
2019-03-19,1.434611994929097,0.2324986206805939,-0.7489464803826763,0.5890830967564817
2019-03-20,-12.698295570466096,1.4085734381751973,-1.232462753371771,-0.21340290648885044
2019-03-21,-0.43097576405348026,-1.9708173985044337,0.5262173375614866,0.7864104150456189
2019-03-22,-18.993781102960686,1.1991517327406722,1.0291010367277822,-0.6698387538483471
2019-03-25,-4.897336410253182,3.1591553641930727,1.3324565525567789,0.49489650411713343
2019-03-26,-4.088611084544936,0.8488630527896054,-0.656339200179308,0.2642360668343652
2019-03-27,-3.2874597863737667,-1.0876142959742905,2.0502945037859286,-0.8681711336558745
2019-03-28,0.694625864783243,-2.3979924895667595,1.6156048001476508,-0.3813983754231352
2019-03-29,4.557536274063866,-2.8469257815428484,0.09994511017323589,0.37962578543754666
2019-04-01,15.02443541934161,1.459426804743042,-0.5682271276303534,-0.29334935957288083
2019-04-02,-4.001712165543277,1.7921231238770141,0.22903601552265354,0.8288773189487648
2019-04-03,7.960074911550526,1.381777475368741,-0.8177022708619562,-0.45627066118443693
2019-04-04,-0.9698733552232182,-0.8991878731905674,0.20798640385066183,-0.42186464450688943
2019-04-05,-0.6370499249315857,-2.0526325679753716,-1.440127864476539,0.4960205655591398
2019-04-08,3.538550237664508,0.7129248366327923,0.1378296743453533,-0.15674702678846017
2019-04-09,-2.543287106414925,0.21150333802978288,-0.3296907902184231,0.5789537385460359
2019-04-10,-5.962571943153572,1.3082939860911202,0.6496926447129514,-0.4917234149210386
2019-04-11,6.866749605588444,0.004247593727337306,-1.7114949628139344,-0.1273545254580465
2019-04-12,10.191561495788335,-1.6619881627818454,1.1191758432540668,-0.5230653873127706
2019-04-15,-1.5326741696415773,-0.685600327659394,-0.3367073274423959,0.162039750727471
2019-04-16,6.7119105631133555,1.7128389544436904,1.6919357234431134,0.5606861687270435
2019-04-17,-1.5368607194546098,0.6457731485838669,-0.32127331396837183,-0.31460364929478296
2019-04-18,-4.41306141521053,-0.6604392049119631,0.9609070411998124,0.2996376568128859
2019-04-19,0.008463258675469203,0.008413433824016088,0.005375095992527638,0.00011402241690169341
2019-04-22,2.9715628734331614,2.257885858407187,-0.3914300434736808,-0.04948603157637218
2019-04-23,-4.08861108454498,0.8488630527896449,-0.6563392001793078,0.26423606683438383
2019-04-24,-7.947334944012575,-0.03357713147748802,0.8438864763210351,-0.020144694004032116
2019-04-25,1.553787236805548,-0.6289462809358348,0.33202350595342706,0.3148316941285863
2019-04-26,-6.973184879926939,2.2053976517803067,0.6567091819369585,-0.0748094271025396
2019-04-29,5.971125360878495,1.3712798340433765,-0.6080744257798097,-0.46133534028963813
2019-04-30,-6.5211862077589275,0.19050805537905993,0.08956489994580695,0.5688243803355555
2019-05-01,3.5791996601652274,-3.75452708855743,0.3025564180314091,-0.042352881486237934
2019-05-02,5.979498460504486,-1.2914671184430788,-0.6389424527279204,0.4919514597548679
2019-05-03,-2.4282984143514814,0.6814319126566644,0.7667132095917292,-0.17194106410416035
2019-05-06,-5.066947698443648,-0.05873825422490975,-0.45372789232119753,-0.157742600089421
2019-05-07,-9.57537129133132,-1.670850964048225,-0.38357116281581044,-0.4228602178078186
2019-05-08,6.062210829693225,0.9831664288875229,0.26186677644807954,0.5799493118470092
2019-05-09,-6.4972829845102575,1.0485500351617545,0.31602769752807874,-1.223355074451307
2019-05-10,2.5279373008911596,1.6100285023219691,0.14484621156932606,0.2601669610301048
2019-05-13,-14.481170960259954,1.4798909663207376,0.9435102937483866,0.07192226389233687
2019-05-14,4.429987932561449,0.6772660725599664,-0.9501568492147334,-0.2994096119790688
2019-05-15,-9.044846799787647,-0.07973353687565003,-0.03447220215692887,-0.1678719582998555
2019-05-16,5.9794984605045105,-1.2914671184430881,-0.6389424527278962,0.49195145975484195
2019-05-17,-1.9762997421835355,-1.3334576837445713,0.19956892760060194,0.4716927433339667
2019-05-20,4.220526293959294,-0.3621076105147621,1.7634933919745,-1.0149028246507694
2019-05-21,4.886173154542428,-2.6689970000844707,-1.5327351446798845,0.8208675954812912
2019-05-22,-6.612271676573658,0.5786214605349134,-0.7803763022820823,-0.4724602718010918
2019-05-23,-16.802943941223557,2.6228380197802466,2.8012524071577007,-0.8510276252788884
2019-05-24,2.8972236038704366,-2.679494641409858,-1.3231072995977766,0.8158029163760253
2019-05-27,0.008463258675469203,0.008413433824016088,0.005375095992527638,0.00011402241690169341
2019-05-28,-10.585984228104675,-0.7737472983590312,-0.37655462559187636,-0.0059462299892997054
2019-05-29,-2.87611053670651,1.3649480328146697,1.3184234781088082,-0.3389314715199495
2019-05-30,-5.839210151464137,-0.8845243917685123,1.7152286175749925,-0.2893314175267078
2019-05-31,-17.928545570060297,3.050013110842615,1.7118649445715868,0.31678116518984134
2019-06-03,-17.402207628329634,5.972504014258359,2.076397918704575,0.09512602467553023
2019-06-04,11.851075093892804,0.45951268693217445,-2.122333176728147,-1.0107825550883494
2019-06-05,-2.5881230787286027,6.0103287394632,-0.4789835204303922,-0.012083806778438544
2019-06-06,2.9294999267451036,-4.484199614113565,-1.1275125289636607,-0.02308973836627318
2019-06-07,-6.845636538424497,-1.3187942023225774,1.706811141324951,0.6042259703140713
2019-06-10,11.050722867810585,0.10705804584910282,-0.1644054509401594,0.17316468223892395
2019-06-11,1.9147004401587628,-2.2557224721811893,-1.1050619782656037,-0.08281915056999654
2019-06-12,-5.551222693486285,3.760856314880073,-0.0821783809641954,0.037516247214817944
2019-06-13,-6.529559307384926,2.853255007865482,0.12043292689395371,-0.38446241970895
2019-06-14,-0.40288599099182937,-2.4441488949649526,0.737246121669672,-0.5291256397190003
2019-06-17,0.4604619308434604,-2.0064761625772003,-0.5617691859985993,0.6437478298549892
2019-06-18,-4.0521482118572685,-2.287215396157326,-0.47617844301920353,-0.09801318788567358
2019-06-19,-10.789845792706512,8.065042940033937,2.893017343927245,-0.38558648115101546
2019-06-20,-4.088611084544968,0.8488630527896405,-0.6563392001792958,0.26423606683437095
2019-06-21,11.494348440352562,0.7549154019342815,-0.7006817059831667,-0.13648831036752274
2019-06-24,-9.492658922142608,0.6037825832823543,0.5172380663601502,-0.3348623657156932
2019-06-25,-3.521623720313579,-0.6960979689847451,-0.1270794823602858,0.15697507162226002
2019-06-26,11.082999190685264,-1.697646926854688,0.031189319693977764,-0.665727972503425
2019-06-27,-7.943148394199558,-1.3649506077206952,0.8284524628469754,0.4564987060182303
2019-06-28,-0.07843566032624383,-0.9348466372633378,-0.8800001197094215,-0.564527229697483
2019-07-01,5.975311910691481,0.03990635780012379,-0.6235084392538487,0.015308059732592439
2019-07-02,-7.138609618304341,-2.34386944288086,-1.1449092764150481,-0.2508051312867667
2019-07-03,-3.398261928624147,-2.888916346844329,0.9384564905017317,0.35936706901658627
2019-07-04,0.008463258675469203,0.008413433824016088,0.005375095992527638,0.00011402241690169341
2019-07-05,17.497659965056272,-2.349670123036577,-1.1494044840694506,-0.48354352777187704
2019-07-08,1.6729624786818866,-1.4903911825522165,1.4129934922895258,0.0405802915006372
2019-07-09,4.438361032187471,-1.9854808799264436,-0.981024876162865,0.653877188065469
2019-07-10,-6.515586133758587,10.068671976846778,0.645486628275733,0.9046773418455566
2019-07-11,11.485975340726537,3.4176623544207296,-0.6698136790350826,-1.0897751104120486
2019-07-12,-2.543287106414879,0.21150333802983365,-0.32969079021840786,0.578953738546038
2019-07-15,-4.4999603342122665,-1.6036992759993285,0.07553182549784858,-0.26500359530153106
2019-07-16,7.077010316279568,-1.2453107130449004,0.23941622575004648,0.6396787240507369
2019-07-17,-11.001520027584952,-1.894936150904786,0.3707504135593546,-1.0118292921474448
2019-07-18,-7.0054612028015875,4.0101026244840625,0.461114411302809,0.7640832276398037
2019-07-19,3.4558378684757787,-1.5617087106978242,-0.762979554830659,-0.2447448788805975
2019-07-22,0.4520888312174458,0.6562707899092431,-0.5309011590505035,-0.30953897018954946
2019-07-23,5.975311910691505,0.039906357800135336,-0.6235084392538338,0.015308059732624968
2019-07-24,-3.489347397438901,-2.5008029416884865,0.06851528827382757,-0.6819175831200931
2019-07-25,5.531686338149548,-0.607950998285063,-0.0872321842108265,0.3249610523390623
2019-07-26,-0.4351623138665074,-0.639443922261211,0.5416513510355587,0.3097670150233528
2019-07-29,-2.071571760811274,0.3860291976545022,-0.6549382611532542,-1.046235308825002
2019-07-30,-0.4351623138664877,-0.6394439222611823,0.5416513510355349,0.30976701502333903
2019-07-31,-2.557260280041284,-7.003913630951486,-0.8547444916001788,-0.7101860230084777
2019-08-01,-26.570506378856127,5.414428468931891,0.9401466207449588,0.6780348466089575
2019-08-02,-5.921922520652855,-3.159157939099064,0.8144193883989883,-0.37732926961885005
2019-08-05,-21.878354898342657,2.555686331731289,2.3421494188440306,-1.0088842477852076
2019-08-06,-3.9568761932295216,-4.006702277556387,0.3783287457346256,1.4199148642732358
2019-08-07,-3.4024484784371642,-1.5575428706011214,0.9538905039757914,-0.11727633100567611
2019-08-08,4.343089013559724,-0.2659939985273931,-1.83553206491669,-0.8640508640934698
2019-08-09,3.6577254795409027,-0.14852006498361273,1.2187996606814542,-0.4309984294163825
2019-08-12,-16.868910111160236,-4.977289432523207,1.8387071240854929,0.967548122718051
2019-08-13,10.141125449474277,-5.741326682816217,0.413961384712223,-1.449955894147248
2019-08-14,-17.08674484938842,-3.3539161631115584,4.583225392222865,-0.7012318899981415
2019-08-15,-15.49597044684633,3.708368108253208,0.9659608444464276,0.01219285168864372
2019-08-16,2.9434731003714565,2.7312173548676917,-0.6024588275818497,1.2660500231882537
2019-08-19,10.840462157119468,1.356616352621336,-2.115316639504157,-0.5938685672698267
2019-08-20,-8.597034677432672,-0.7632496570336696,-0.5861824706739912,-0.0008815508840593225
2019-08-21,8.979060947949858,-2.1780731428069036,-0.8555868350340132,0.08010215104156329
2019-08-22,7.314561727943418,-0.6792685264306618,-2.2632052313310065,0.039635881957807845
2019-08-23,-19.437406675502665,0.5512943766554829,1.5653772917707656,-0.3601857612418832
2019-08-26,4.996975296792837,-0.8676949492144193,-0.42089713139572343,-0.4066706071911799
2019-08-27,-7.90668552151188,-4.501029056667682,1.0086132200070719,0.09424945129817643
2019-08-28,-5.423674351983853,0.23666446077723377,0.9679235784238099,0.7165516446314145
2019-08-29,5.97531191069149,0.03990635780014883,-0.6235084392538652,0.015308059732614983
2019-08-30,-2.341399495349791,1.6246919837440088,1.652088425293678,0.39270018801024414
2019-09-02,0.008463258675469203,0.008413433824016088,0.005375095992527638,0.00011402241690169341
2019-09-03,-5.63393506267499,1.4862227675494868,-0.9829876101401878,-0.05048160487732659
2019-09-04,-2.583936528915608,4.678955263220012,-0.49441753390445214,0.4645595932438333
2019-09-05,20.912758251981924,-2.115087294854629,-2.1133539055267985,0.11049022567297016
2019-09-06,-4.293886173334115,-1.5218841065283395,2.0418770275358895,0.02538625418494995
2019-09-09,14.457448055110211,3.0043878265174224,-1.097486845449371,-0.18608836436078618
2019-09-10,17.465383642181592,-0.5449651503327969,-1.3449992547035843,0.355349126970443
2019-09-11,4.516886851563194,1.6205261436473548,-0.06478163351280063,0.2652316401353182
2019-09-12,6.752559985614006,-2.754612970746504,1.8566624671291545,0.6750803140292518
2019-09-13,21.30736130239717,5.6629689389071975,-2.7834888773077417,-1.2668437122802438
2019-09-16,-11.477421923001613,-0.7380885342862437,0.7114318979682295,0.13671635520134257
2019-09-17,-5.954198843527557,-1.3544529663953337,0.6188246177648603,0.4615633851234708
2019-09-18,1.9511633128464498,-5.391800921128161,-0.9249012211055193,-0.44506840529005737
2019-09-19,-4.326162496208785,0.2828208661754253,1.8462822569017452,0.8642789089272732
2019-09-20,-9.936284494684584,-0.04407477280288287,1.053514321403186,-0.025209373109271627
2019-09-23,-3.0779981477716025,-0.048240612899518004,-0.6633557374033169,-0.1526779209841911
2019-09-24,-14.896706759740283,0.3587021137750131,1.6908153328995936,-0.9339607982657729
2019-09-25,16.898396277950223,0.9999958714416171,-1.8742589725226175,0.4626101221825399
2019-09-26,-4.384971642148857,-1.1337707013724918,1.171935825307993,-1.0158983979517133
2019-09-27,-4.4453377380852,1.144265767791802,0.7653122705656681,1.1385303115552092
2019-09-30,-1.5326741696415582,-0.6856003276593547,-0.3367073274424245,0.1620397507274865
2019-10-01,-7.425183552094898,4.2202872481814975,1.223853463928068,-0.7184432345406034
2019-10-02,-11.637246587378712,4.590808292520341,-0.5342648320538966,0.296573612527063
2019-10-03,-14.513447283134646,3.2845959390245443,0.7479155231142613,0.9108149186346821
2019-10-04,-1.9440234193088648,-3.1381626564483462,0.39516369823475106,-0.3671999114083857
2019-10-07,8.85988570607345,-1.3166282411904937,-1.9365568213701263,0.35435355366949844
2019-10-08,-4.421434514836512,2.0023077475745046,0.9917750681478965,-0.6536491432316792
2019-10-09,8.946784625075175,-0.37336817010313406,-1.0511816056681698,0.9189948057838996
2019-10-10,15.024435419341598,1.4594268047430363,-0.568227127630361,-0.29334935957289726
2019-10-11,18.151546248289378,-2.9513710737235868,0.26523044945152857,-0.02616327086959138
2019-10-14,0.008463258675469203,0.008413433824016088,0.005375095992527638,0.00011402241690169341
2019-10-15,0.09117562786418684,2.2830469811545684,0.9061843251685316,0.08811187450904392
2019-10-16,-3.5299968199395937,1.9666489835016985,-0.0962114554121898,-0.7963117284222787
2019-10-17,1.8824241172840928,-0.45101749947742437,-1.300656748899748,0.7560735041723267
2019-10-18,-1.0063362279108936,2.236890575756411,0.027825646690584648,-0.05961538978681237
2019-10-21,8.08343670323991,-0.8110409024908849,0.2478337020001212,-0.25387866379008694
2019-10-22,-3.4066350282501814,-0.22616939435791417,0.9693245174498513,-0.5939197310279385
2019-10-23,-2.991099228769878,0.8950194581878415,0.22201947829863974,0.41196333113020966
2019-10-24,0.4520888312174261,0.6562707899092144,-0.5309011590504796,-0.3095389701895357
2019-10-25,7.433736969819822,-1.540713428047023,-1.1822352449949174,-0.23461552067013186
2019-10-28,7.599161708197235,3.0085536666141013,0.6193832133570913,-0.05861981648583822
2019-10-29,-0.9698733552231866,-0.8991878731905328,0.20798640385064546,-0.421864644506887
2019-10-30,-10.46262243641526,-2.966565676218692,0.6889813472701883,0.19644576740504482
2019-10-31,-18.454883511790992,0.12752220742682466,1.3473319704385882,0.5384363057041682
2019-11-01,7.964261461363514,0.050403999125520196,-0.8331362843359799,0.0203727388378355
2019-11-04,10.483735503579217,1.652019067623469,-0.6936651687591693,0.28042567745102537
2019-11-05,11.577060809541248,3.029548949264868,0.20012752319284982,-0.04849045827537499
2019-11-06,-7.023620926240945,-1.87394086825405,-0.04850527660493082,-1.0016999339369776
2019-11-07,19.652034254105708,2.2100946129499848,0.4425861292004246,-0.3024831444824075
2019-11-08,2.4087620590147774,2.47147340393837,-0.9361237747667629,0.5344183636580142
2019-11-11,0.008463258675469203,0.008413433824016088,0.005375095992527638,0.00011402241690169341
2019-11-12,-4.293886173334115,-1.5218841065283395,2.0418770275358895,0.02538625418494995
2019-11-13,-7.055897249115644,-0.0692358955502986,-0.24410004723903905,-0.16280727919464444
2019-11-14,-11.033796350459626,-0.09023117820103166,0.17515564292518643,-0.17293663740510498
2019-11-15,3.5469233372905324,-1.9498221158536664,0.10696164739724508,0.7965397732560822
2019-11-18,-3.612709189128321,-0.30798456382889733,-0.9970206845881824,-0.8843095805144033
2019-11-19,-2.8354611142057955,-3.1025038923755357,1.4831502217948254,-0.22453732621777336
2019-11-20,-10.466808986228246,-1.6351921999754124,0.7044153607442126,-0.28019763261724867
2019-11-21,7.964261461363514,0.050403999125520196,-0.8331362843359799,0.0203727388378355
2019-11-22,-0.4309757640534902,-1.9708173985044184,0.5262173375614989,0.7864104150456153
2019-11-25,-0.9698733552232063,-0.8991878731905616,0.20798640385066927,-0.4218646445068732
2019-11-26,-5.9864751664022275,0.45025200630843104,0.42322984713071604,1.3004560398657938
2019-11-27,7.109286639154228,-3.0500156857486505,0.4350109963842027,-0.19921393069159024
2019-11-28,0.008463258675469203,0.008413433824016088,0.005375095992527638,0.00011402241690169341
2019-11-29,-0.027999614012195688,3.1444918827709687,-0.17478566116755703,0.3623632771369532
2019-12-02,7.475799916507823,5.201372044473714,-0.4461527595049496,-0.26101181388017836
2019-12-03,-20.52654543165171,-2.157608981229138,0.6561505863447219,0.4453737745067887
2019-12-04,10.516011826453907,-0.1526859050802674,-0.49807039812504883,-0.5584669772913115
2019-12-05,3.625449156666243,1.656184907720137,1.0232048900472974,0.40789422532594427
2019-12-06,8.522875725968856,1.1681899298375538,-0.2730085395688622,-1.0401750564187875
2019-12-09,-0.5178746830552251,-2.914077469591763,-0.35915787814044536,0.2217691629312106
2019-12-10,2.0926848279752104,-1.700575806249706,0.6502544396642733,1.5231067536810814
2019-12-11,-8.573131454183988,0.09479232274902265,-0.35971967309178693,-1.7930610056709313
2019-12-12,17.187182808017038,3.356444588243133,0.9928954586914488,0.8409978237611414
2019-12-13,-13.10964482013337,-1.0439888906137818,-0.5005917276946314,-0.7426425686247322
2019-12-16,10.693996214270332,0.4024607608512246,1.2572460198048325,1.0474589269597463
2019-12-17,-1.0063362279108738,2.2368905757564397,0.027825646690560833,-0.05961538978682612
2019-12-18,5.075501116168548,2.7383120743593845,0.49534611125432926,-0.7953161551213175
2019-12-19,-1.0021496780978665,0.9055170995131882,0.012391633216512585,0.4170280102354537
2019-12-20,0.012649808488456721,-1.322960042419205,-0.010058917481496146,0.47675742243917413
2019-12-23,2.560213623765862,-0.1946764703817716,0.3404409822034588,-0.5787256937122451
2019-12-24,-5.066947698443613,-0.058738254224923514,-0.4537278923211902,-0.15774260008941413
2019-12-25,0.008463258675469203,0.008413433824016088,0.005375095992527638,0.00011402241690169341
2019-12-26,0.9040875033854073,-1.358618806491987,-1.0980454410415943,0.3340948372485481
2019-12-27,-5.994848266028252,3.112998958794831,0.4540978740788236,0.3471692398212728
2019-12-30,1.5173243641178265,2.507132168011152,0.15186274879333525,0.6770809488486402
2019-12-31,3.8588140185170823,3.553600570577617,-1.4639825535597313,-0.6687920167892477
2020-01-01,0.008463258675469203,0.008413433824016088,0.005375095992527638,0.00011402241690169341
2020-01-02,-5.917735970839869,-4.490531415342306,0.7989853749249451,0.09931413040340993
2020-01-03,-14.116071207093716,-1.47825870116782,-0.5090092039446467,0.15091481921607564
2020-01-06,3.003839196307819,0.45318088570342674,-0.1958352728395484,-0.8883786863186826
2020-01-07,2.971562873433149,2.257885858407192,-0.39143004347369303,-0.0494860315763593
2020-01-08,8.527062275781873,-0.16318354640565336,-0.2884425530429221,-0.5635316563965251
2020-01-09,-0.8556837352487815,1.8596726912832948,-3.3601710260924365,-1.2242994839941295
2020-01-10,-7.518440423004287,-5.195440697508437,4.714840826500935,2.4672086050579884
2020-01-13,3.9863623600194917,0.029408716474768143,-0.4138805941717261,0.010243380627368598
2020-01-14,-4.052148211857261,-2.2872153961573027,-0.4761784430192349,-0.09801318788570354
2020-01-15,-5.954198843527544,-1.3544529663953386,0.6188246177648723,0.4615633851234577
2020-01-16,4.992788746979808,0.46367852702879314,-0.4054631179216756,-0.8833140072134292
2020-01-17,2.943473100371476,2.7312173548677205,-0.6024588275818734,1.26605002318824
2020-01-20,0.008463258675469203,0.008413433824016088,0.005375095992527638,0.00011402241690169341
2020-01-21,-11.47742192300161,-0.7380885342862539,0.7114318979682339,0.13671635520131326
2020-01-22,-0.9698733552231866,-0.8991878731905328,0.20798640385064546,-0.421864644506887
2020-01-23,-5.391398029109186,-1.568040511926512,1.1635183490579302,-0.12234101011090275
2020-01-24,-7.051710699302627,-1.4006093717935062,-0.25953406071309926,0.3138361208276183
2020-01-27,-14.97523257911599,-3.2473049097987694,0.7745720902495601,-0.5453152503356228
2020-01-28,6.501649852422185,2.9623972612159473,-0.25897546512088715,-0.20634708078173375
2020-01-29,-9.60346106439301,-1.197519467587713,-0.5945999469240227,0.8926758369567812
2020-01-30,-3.6127091891283016,-0.3079845638288685,-0.9970206845882061,-0.884309580514417
2020-01-31,-12.940033531942928,2.1739047278041492,1.2855927171833343,-0.09000346441822914
2020-02-03,5.531686338149527,-0.6079509982850831,-0.08723218421082203,0.324961052339053
2020-02-04,13.035485868669587,1.4489291634177004,-0.35859928254823864,-0.2984140386781119
2020-02-05,8.938411525449162,2.2893787823832996,-1.0203135787200692,-0.03429199426066833
2020-02-06,-2.419925314725511,-1.981315039829809,0.7358451826436376,0.7813457359403888
2020-02-07,-9.45619604945492,-2.5322958656646173,0.6973988235202351,-0.6971116204357544
2020-02-10,-5.962571943153561,1.308293986091095,0.6496926447129442,-0.49172341492106414
2020-02-11,5.416697646086129,-1.0778795729118844,-1.1836361840209588,1.075855854989241
2020-02-12,7.544539112070212,0.26058862282300044,-0.0703972317107323,-1.4621537233425894
2020-02-13,-2.5391005566019063,-1.1198701382134038,-0.3451248036924632,1.055597138568311
2020-02-14,-3.8502606007921383,-0.8740267504431125,1.5056007724928586,-0.2842667384215012
2020-02-17,0.008463258675469203,0.008413433824016088,0.005375095992527638,0.00011402241690169341
2020-02-18,-6.041097762529282,-2.2977130374826933,-0.26655059793709623,-0.10307786699093018
2020-02-19,2.5602136237658426,-0.1946764703818004,0.3404409822034826,-0.5787256937122315
2020-02-20,-7.499522821657579,-0.7170932516354874,0.29217620780396847,0.1468457134117732
2020-02-21,-12.483848309961951,-1.1723583448402992,0.7030144217181589,1.0302737430421476
2020-02-24,-15.578682816035048,1.4337345609226255,0.0651516152704231,-0.07580500040348785
2020-02-25,-9.940471044497581,1.2872987034403642,1.0689483348772175,-0.5018527731315184
2020-02-26,-2.4647612870392033,3.8175103616036212,0.586552452431637,0.19030819061590407
2020-02-27,-6.410384065508523,1.9918101062490998,1.2014029132300232,-0.6587138223369022
2020-02-28,-38.86930343605446,8.309592288468215,3.650433188930816,0.5686542166538624
2020-03-02,-2.6104693519809685,1.457658722968379,-0.9731691948640883,-2.254510368377481
2020-03-03,-17.168842766478793,7.8699196771158535,-0.4107895249024462,-0.981560217439641
2020-03-04,-1.577510141955265,5.113225073774038,-0.4860000576544071,-0.4289977945969827
2020-03-05,-18.303431947039897,-2.538627666893317,2.6238967274088187,-0.5747077516660906
2020-03-06,-32.91205678786115,-15.993106610185185,11.238829056531143,0.015222404623719989
2020-03-09,-33.89956557347478,-11.949028974866279,6.807746961584133,-1.4115830991816627
2020-03-10,39.57860708561185,12.677461964814748,-5.566737252410074,-0.806416083499459
2020-03-11,5.7923830951547055,2.221829214977008,2.568893462895032,2.018884808682241
2020-03-12,11.64561538511302,13.876166905019145,-8.181884066715487,-1.4935028799241756
2020-03-13,8.12549964992793,5.931044570029904,0.983916187490067,-0.28027495700017224
2020-03-16,-38.6206058991389,-6.328023351358156,0.5301539496236768,1.539332013140043
2020-03-17,42.87377225275376,15.179185741478198,-2.6793723535987675,4.148015125796303
2020-03-18,25.225693379893816,5.67306870087522,1.0551933075389157,0.9492543922742105
2020-03-19,-14.550709227911307,8.709606377818533,-4.096806663799055,1.2215241365177154
2020-03-20,-31.90304199526574,-12.31234629618032,1.9026896598006653,-0.5047716568689523
2020-03-23,-30.21619650200692,-9.258480896061688,3.804493730531334,1.7781211738138574
2020-03-24,19.305237650187774,-3.8518776612464958,1.5656466961458444,-2.509508116102929
2020-03-25,5.269015627607658,6.814247672560015,2.5079933537145154,-1.934856505701653
2020-03-26,-8.601221227245679,0.5681238192095519,-0.5707484571999436,-0.47752495090632885
2020-03-27,-19.50755939525235,-5.717459599404767,0.6182660221726209,0.9817465867327985
2020-03-30,-2.194933552500682,2.578847575514112,-1.7204742340152936,-1.248627306219345
2020-03-31,0.6573639200065928,3.0270179492272233,-3.229117386765689,-0.0706891575401284
2020-04-01,-7.818229652513851,-7.252397022292487,1.626265558857569,-3.3757153129733446
2020-04-02,1.2251503563269446,-0.8068750623942023,1.9647037608065758,-0.1264101159151749
2020-04-03,-1.4134989277651633,-1.54704522927576,0.7442626588936765,-0.11221165190043583
2020-04-06,8.618147744596614,-0.5512969515615171,0.581498649184997,0.47775299574013486
2020-04-07,9.203294832267346,3.787785519402161,1.6203780549117532,2.1362751621048153
2020-04-08,2.2854002673253553,4.664291781797967,-2.0016597476287923,0.33202636626368087
2020-04-09,-8.185685427765382,1.6893126717552902,-1.3180534963511414,0.5283581112518235
2020-04-10,0.008463258675469203,0.008413433824016088,0.005375095992527638,0.00011402241690169341
2020-04-13,5.971125360878484,1.3712798340433534,-0.6080744257797919,-0.461335340289661
2020-04-14,-1.1255114697872872,3.0983354773728142,-1.0531443396455178,0.2146360128411103
2020-04-15,-18.99938117696102,-8.679012188727052,0.4731793083978704,-1.0056917153583103
2020-04-16,-3.1599114448713603,-4.611806150077138,3.1003964631739307,-0.18913573623925478
2020-04-17,5.371861673772437,4.720945828521516,-1.3329289142329597,0.48481830966476663
2020-04-20,-3.398261928624167,-2.8889163468443573,0.9384564905017555,0.35936706901660004
2020-04-21,-5.889646197778194,-4.963862911802837,1.0100141590331286,-1.2162219243611931
2020-04-22,7.484173016133855,2.538625091987283,-0.47702078645304685,0.6922749861643435
2020-04-23,-2.8354611142057955,-3.1025038923755357,1.4831502217948254,-0.22453732621777336
2020-04-24,-1.532674169641568,-0.6856003276593691,-0.33670732744241255,0.16203975072749338
2020-04-27,11.010073445309898,4.574509971039265,-0.32913219462618565,0.05877053693671562
2020-04-28,-8.925671557911237,-0.9411784384920563,1.0464977841791652,-0.442123360927816
2020-04-29,1.7548757757816633,3.0731743546253956,-2.3507587082877293,0.07703810675572408
2020-04-30,2.317676590200035,2.8595868090942176,-1.8060649769946595,-0.5068662884786492
2020-05-01,-0.4351623138664975,-0.6394439222611966,0.5416513510355467,0.3097670150233459
2020-05-04,0.4479022814044286,1.9876442661524505,-0.5154671455764437,-0.7861823702118118
2020-05-05,2.408762059014767,2.4714734039383552,-0.936123774766751,0.5344183636580211
2020-05-06,6.876536229401773,8.551038038951855,-1.171007247958097,0.6851418360742355
2020-05-07,-15.533846843721337,-4.365090840510789,0.2144443454824167,0.5152325449209961
2020-05-08,10.360373711889789,3.8448374454830656,-1.759201141621201,0.0780336800566842
2020-05-11,6.058024279880217,2.314539905130727,0.27730078992214835,0.1033059118247369
2020-05-12,-5.4741103982979,-3.8426740592570945,0.26270911988192863,-0.21033886220303763
2020-05-13,-6.132183231343998,-1.909599632326814,-1.136491800165013,-1.144362519127599
2020-05-14,-2.744375645391063,-3.4906172975313976,2.353091424022734,0.8167473259188969
2020-05-15,1.4304254451161016,1.563872096923792,-0.7335124669086213,0.11243969673423923
2020-05-18,14.979599447027889,7.2582522061764445,-0.7175198578423366,-0.8843869048973582
2020-05-19,-4.175510003546682,-0.09439701829770672,-1.5417144158812657,-0.30040518528003646
2020-05-20,-3.402448478437165,-1.5575428706011343,0.9538905039758101,-0.11727633100566436
2020-05-21,1.0190761954488117,-0.8886902318651699,-0.0016414412314725447,-0.41679996540164344
2020-05-22,-2.954636356082187,-2.2410589907591314,0.40218023545872733,0.0497140764101456
2020-05-25,0.008463258675469203,0.008413433824016088,0.005375095992527638,0.00011402241690169341
2020-05-26,5.284962754770691,3.7776857574341425,-2.2183041299349093,-0.07982294244963263
2020-05-27,-0.19761090220265143,-0.07340173564695113,-1.9609701060455114,-0.2902758270695653
2020-05-28,1.5131378143048144,3.838505644254369,0.16729676226737816,0.20043754882636314
2020-05-29,-8.02586076338828,-3.639584155051288,-0.07235676632901344,0.36850085392611404
2020-06-01,2.4284787324504267,4.660888859964269,-0.694226963710476,-1.7344044911511167
2020-06-02,3.8713736679560933,-0.4405198581520612,-1.5102845939818617,0.7611381832775665
2020-06-03,12.64229634244166,4.880410327366786,0.8828914310366593,0.9381294607627854
2020-06-04,6.025747957005534,4.119244877834473,0.0817060192880151,0.9421985665670555
2020-06-05,13.209283706673032,3.3354493055923755,1.4121511488556935,0.8308684655507002
2020-06-08,-4.052148211857268,-2.2872153961573183,-0.4761784430192203,-0.0980131878857
2020-06-09,-8.50176265880492,-2.4827365384327416,0.2683247180798592,1.5170465012748704
2020-06-10,-12.748731616780134,-2.6707650818591406,-1.9376772119136454,-1.1402934133233227
2020-06-11,-9.79461955374684,-11.257015092347526,1.789591363517554,-1.9508497920117696
2020-06-12,5.0193215700451965,3.6849750672804387,0.07328854303796407,1.8357559544078728
2020-06-15,0.008463258675469203,0.008413433824016088,0.005375095992527638,0.00011402241690169341
2020-06-16,7.598362636108283,5.297485656461137,-4.04517821639615,-0.11015985332291613
2020-06-17,-2.30912317247511,-0.1800129889597435,1.8476831959278093,-0.4461924667320854
2020-06-18,-3.813797728104461,-4.010105199390099,1.6857615296529551,-0.6465159931415551
2020-06-19,-1.0890485970996013,-0.03774297157415637,-0.8729835824854317,-0.14761324187895086
2020-06-22,0.6623495419085729,-0.5932875168630242,1.420010029513506,0.45749427931919845
2020-06-23,0.8634380808847226,3.108833118698192,-1.2627721847276432,0.21970069194634326
2020-06-24,-3.365985605749487,-4.693621319548108,1.134051261135888,-0.47952558572573023
2020-06-25,-2.4282984143515085,0.68143191265665,0.766713209591724,-0.1719410641041482
2020-06-26,-5.91773597083986,-4.490531415342292,0.7989853749249332,0.09931413040340305
2020-06-29,-0.6776993474323212,2.4148193572147916,-1.6048546081625685,0.38162642025693855
2020-06-30,2.527937300891169,1.6100285023219656,0.14484621156933516,0.2601669610300951
2020-07-01,4.073261279021211,0.9726687875621249,0.47149462153022664,0.5748846327417614
2020-07-02,-2.0996615338729407,0.8593606941150337,-0.8659670452614309,0.2693007459396056
2020-07-03,0.008463258675469203,0.008413433824016088,0.005375095992527638,0.00011402241690169341
2020-07-06,2.556027073952839,1.136697005861433,0.35587499567751485,-1.055369093734516
2020-07-07,-6.361361543381831,-5.1383887714275165,1.3352616299679678,0.4089671230098624
2020-07-08,2.0843117283492054,0.9621711462367517,0.6811224666123572,0.5698199536365361
2020-07-09,-6.896072584738522,-5.3981327223568565,1.0015966827830658,-0.32266453652038196
2020-07-10,3.1818235841242726,1.0083275516349255,1.5594811450903139,0.717547217932392
2020-07-13,-0.5262477826812297,-0.25133051710533444,-0.3282898511923618,-0.7315176371133243
2020-07-14,-3.8783503738538165,-0.4006952539826011,1.2945719883846916,1.0312693163431021
2020-07-15,2.769675262368015,0.8446972126929884,-2.373209258985773,0.13676751895944453
2020-07-16,-1.9482099691218622,-1.8067891802051104,0.41059771170878706,-0.8438433114306618
2020-07-17,1.632313056181222,2.9770607426379825,1.2482667486034678,-0.0738138538015545
2020-07-20,-0.6089601518699486,-2.525964064435914,-1.229099080368365,-0.8195154892054565
2020-07-21,-2.991099228769883,0.8950194581878242,0.22201947829865337,0.4119633311302138
2020-07-22,-1.4134989277651633,-1.54704522927576,0.7442626588936765,-0.11221165190043583
2020-07-23,-1.8487514006811165,-4.857649537847415,1.2496708869886013,1.1507281407505465
2020-07-24,-1.3307865585764445,0.7275883180548198,1.6450718880696795,-0.02421379980830372
2020-07-27,4.636062093439584,0.7590812420309526,1.0161883528232991,-0.009019762492601086
2020-07-28,-5.625561963048983,-1.1765241849369552,-1.0138556370882945,0.9028051951672222
2020-07-29,-1.0974216967256158,2.6250039809122874,-0.8421155555373359,-1.1009000419234896
2020-07-30,-4.943585906754203,-2.2515566320845197,0.6118080805408675,0.044649397304929186
2020-07-31,-1.117138370161274,0.4355885248863723,-1.084012366593612,1.1679228128856485
2020-08-03,2.43685183207644,1.9981419074778266,-0.7250949906585705,-0.7811176911065785
2020-08-04,-5.593285640174306,-2.981229157640703,-0.8182608664541621,0.06391254042489332
2020-08-05,4.631875543626579,2.0904547182741724,1.0316223662973472,-0.4856631625148718
2020-08-06,-1.441588700826836,-1.0737137328152313,0.5332338747854961,1.2033244028641634
2020-08-07,4.429987932561453,0.6772660725599788,-0.9501568492147483,-0.299409611979084
2020-08-10,2.9757494232461448,0.9265123821639558,-0.4068640569477305,0.4271573684459184
2020-08-11,8.371424161217792,3.834339804157707,-1.5495732965390825,0.07296900095145135
2020-08-12,6.588548771423903,3.905657332303296,0.6263997505810822,0.35829417133268504
2020-08-13,4.421614832935434,3.34001302504641,-0.9192888222666376,-1.2526964120236075
2020-08-14,-1.2446867116636922,3.959780378989205,-2.134114325981607,0.4888874154690396
2020-08-17,-1.9482099691218622,-1.8067891802051104,0.41059771170878706,-0.8438433114306618
2020-08-18,-3.5174371705005623,-2.027471445227965,-0.14251349583432693,0.6336184716445341
2020-08-19,2.5560270739528415,1.136697005861437,0.3558749956775155,-1.0553690937345044
2020-08-20,-5.50638672117258,-2.037969086553344,0.06711434924779629,0.6285537925392926
2020-08-21,0.04911268117617257,-4.4590384913661625,0.17010183967855405,0.11450816771910291
2020-08-24,0.21035086974059283,1.4216020795382052,1.9871543115046197,-0.1861395281188954
2020-08-25,5.495223465461829,2.5281274506618896,-0.26739294137091196,0.6872103070591086
2020-08-26,0.2179248972776367,1.0477871168987873,-2.7082751451967146,0.7156072350885818
2020-08-27,8.363051061591776,6.497086756644149,-1.5187052695909904,-0.8803177990930832
2020-08-28,-1.6883122842056557,3.3119230229039913,-1.5978380709385847,0.7985404080754805
2020-08-31,-2.3918355416638284,-2.4546465362903227,0.9468739667518062,-0.5341903188242176
2020-09-01,-6.365548093194838,-3.8070152951842937,1.3506956434420156,-0.0676762770124069
2020-09-02,-2.831274564392788,-4.433877368618758,1.4677162083207775,0.2521060738044959
2020-09-03,-4.943585906754202,-2.2515566320845064,0.6118080805408512,0.04464939730491565
2020-09-04,13.968986510254545,8.15535587186563,-0.7105033206183405,-0.46747291707880945
2020-09-07,0.008463258675469203,0.008413433824016088,0.005375095992527638,0.00011402241690169341
2020-09-08,-4.052148211857268,-2.2872153961573183,-0.4761784430192203,-0.0980131878857
2020-09-09,1.9651364864728005,1.8236160478531425,-0.39984751972373184,0.8440713562644653
2020-09-10,-3.608522639315298,-1.639358040072102,-1.0124546980622386,-0.40766618049213293
2020-09-11,-1.4176854775781704,-0.21567175303253805,0.7596966723677244,-0.5888550519227052
2020-09-14,1.5537872368055137,-0.6289462809358206,0.3320235059534199,0.31483169412857936
2020-09-15,0.4520888312174359,0.6562707899092287,-0.5309011590504915,-0.3095389701895426
2020-09-16,1.9932262595344672,1.350284551392611,-0.1888187356155551,-0.47146469850014233
2020-09-17,-1.3266000087634384,-0.6037851581884002,1.629637874595633,0.4524296002139651
2020-09-18,2.4410383818894443,0.6667684312346059,-0.7405290041326215,-0.3044742910843059
2020-09-21,-3.0738115979585956,-1.3796140891427526,-0.678789750877346,0.3239654790380898
2020-09-22,-0.8829744362214716,0.044072197896812514,1.093361619552614,0.1427766076075209
2020-09-23,1.0190761954488148,-0.8886902318651712,-0.001641441231469521,-0.41679996540164665
2020-09-24,-1.9762997421835349,-1.3334576837445817,0.1995689276006066,0.47169274333393757
2020-09-25,-1.9846728418095494,1.3292892687418616,0.23043695454870244,-0.481594056710601
2020-09-28,2.32604968982605,0.19683985660777387,-1.8369330039427554,0.4464205115658892
2020-09-29,-3.438911351124861,1.5785355783458352,0.7737297468157182,0.24497292371439175
2020-09-30,6.977551747838827,1.8055496445973986,-0.5996569495297571,-1.3548927281304932
2020-10-01,-1.084862047286588,-1.3691164478173754,-0.888417595959476,0.32903015814332653
2020-10-02,2.523750751078159,2.9414019785651835,0.1602802250433823,-0.21647643899218558
2020-10-05,11.54059793685359,6.165627398211836,0.019966766032750927,0.3137587964446729
2020-10-06,-2.0673852109982667,-0.9453442785887196,-0.670372274627302,-0.5695919088027327
2020-10-07,7.040547443591889,1.89076773590207,0.059255468589972334,1.0019279787707875
2020-10-08,-5.395584578922188,-0.23666703568329286,1.1789523625319798,-0.5989844101331747
2020-10-09,2.8930370540574275,-1.3481211651666243,-1.307673286123732,0.3391595163537847
2020-10-12,0.008463258675469203,0.008413433824016088,0.005375095992527638,0.00011402241690169341
2020-10-13,-7.01524782661494,-4.536687820740479,-0.07937330355301442,-0.048413133892442554
2020-10-14,-2.8719239868934814,0.03357455657143449,1.3029894646347393,0.13771192850228794
2020-10-15,2.556027073952845,1.1366970058614358,0.3558749956775184,-1.0553690937345077
2020-10-16,1.077885341388867,0.5279013356827171,0.6727049903623065,1.4633773414773537
2020-10-19,4.429987932561457,0.6772660725599826,-0.950156849214744,-0.2994096119790761
2020-10-20,2.935100000745453,5.393964307354147,-0.571590800633767,0.31276322314370875
2020-10-21,3.0907381153095344,1.3964409567907847,0.6895399428624013,-0.32373743420428647
2020-10-22,6.386661160358779,2.492468686589095,-1.3553794649309914,0.5445477218684943
2020-10-23,-2.0590121113722533,-3.608091231075161,-0.7012403015753964,0.38369489124180545
2020-10-26,-6.369734643007834,-2.4756418189410594,1.3661296569160504,-0.5443196770346829
2020-10-27,-2.51101078354023,-1.5932016346739335,-0.13409601958427989,-0.2599389161962918
2020-10-28,-0.4351623138664975,-0.6394439222611966,0.5416513510355467,0.3097670150233459
2020-10-29,8.129686199740942,4.599671093786681,0.9684821740160225,0.196368443022094
2020-10-30,2.0478488556615098,4.098249595183708,0.5009617094522832,0.9320692083566041
2020-11-02,-0.5178746830552164,-2.9140774695917764,-0.35915787814045624,0.22176916293121382
2020-11-03,3.954086037144812,1.8341136891785186,-0.6094753648058587,0.8491360353696988
2020-11-04,-16.008191789141684,-6.90287126060442,0.28740295303983965,-2.3708278241161604
2020-11-05,0.09954872749020138,-0.379699971331846,0.8753162982204362,1.041398674553572
2020-11-06,7.3930875473191175,2.926738497143142,-1.3469619886809592,-0.34900966597233524
2020-11-09,17.67705787706005,9.415013940605888,1.1772676756643388,0.9815919379669044
2020-11-10,3.9863623600194904,0.02940871647476992,-0.4138805941717248,0.010243380627368154
2020-11-11,0.008463258675469203,0.008413433824016088,0.005375095992527638,0.00011402241690169341
2020-11-12,-14.490957584073323,-7.066899478903744,0.4030225788925645,-0.7405740976398759
2020-11-13,1.5496006869925032,0.7024271953074024,0.3474575194274648,-0.16181170589368665
2020-11-16,2.417135158640781,-0.1912735485480866,-0.9669918017148454,1.4877051637025591
2020-11-17,-5.478296948110898,-2.511300583013858,0.27814313335596497,-0.6869822622253138
2020-11-18,0.21035086974059283,1.4216020795382052,1.9871543115046197,-0.1861395281188954
2020-11-19,-2.50263768391422,-4.255948587160375,-0.16496404653237723,0.6933478838482497
2020-11-20,-5.27222278723278,-2.4294854135429045,2.244488335394018,-0.3965924127388313
2020-11-23,3.506273914789838,2.517629809336528,-0.05776509628879152,0.6821456279538736
2020-11-24,2.8523876315567342,3.1193307600235682,-1.4724000298097701,0.22476537105157676
2020-11-25,1.3435265261143767,0.6206120258364323,-1.6188876826105778,-0.45220155538016177
2020-11-26,0.008463258675469203,0.008413433824016088,0.005375095992527638,0.00011402241690169341
2020-11-27,-5.921922520652877,-3.1591579390990843,0.8144193883989929,-0.3773292696188594
2020-11-30,-0.11071198320093567,0.8698583354404068,-1.0755948903435615,0.27436542504483086
2020-12-01,11.659773178729985,5.3041824965954305,1.1009367523688516,0.03950739381675059
2020-12-02,2.939286550558453,4.062590831110924,-0.5870248141078173,0.7894066231659694
2020-12-03,-4.052148211857261,-2.2872153961573156,-0.4761784430192163,-0.09801318788569201
2020-12-04,6.4693735295474974,4.767102233919687,-0.45457023575500716,0.6325455739606143
2020-12-07,-5.391398029109181,-1.5680405119265148,1.163518349057932,-0.12234101011090541
2020-12-08,-2.5110107835402276,-1.5932016346739295,-0.134096019584279,-0.25993891619628035
2020-12-09,4.521073401376181,0.2891526674041188,-0.08021564698684207,0.7418750401575893
2020-12-10,-5.391398029109175,-1.568040511926512,1.1635183490579357,-0.12234101011089742
2020-12-11,-4.417247965023527,0.6709342713312723,0.9763410546738478,-0.17700574320939003
2020-12-14,0.9040875033854167,-1.3586188064920013,-1.0980454410416058,0.33409483724855155
2020-12-15,1.0695122417628529,3.19064828816916,0.7035730173104017,0.5100905414328154
2020-12-16,1.3477130759273834,-0.7107614504067886,-1.634321696084625,0.024441844642107326
2020-12-17,2.5279373008911663,1.6100285023219616,0.14484621156933428,0.2601669610300837
2020-12-18,1.9932262595344732,1.3502845513926138,-0.18881873561555132,-0.4714646985001342
2020-12-21,-0.8787878864084643,-1.2873012783464093,1.0779276060785659,0.6194200076297902
2020-12-22,-3.517437170500566,-2.0274714452279636,-0.14251349583432982,0.6336184716445374
2020-12-23,4.393525059873765,3.8133445215069504,-1.1303176063748337,0.06283964274097702
2020-12-24,-3.398261928624167,-2.8889163468443573,0.9384564905017555,0.35936706901660004
2020-12-25,0.008463258675469203,0.008413433824016088,0.005375095992527638,0.00011402241690169341
2020-12-28,1.0148896456358074,0.4426832443780507,0.013792572242578342,-0.8934433654239159
2020-12-29,-1.0021496780978765,0.9055170995132032,0.012391633216524797,0.41702801023545
2020-12-30,-0.9698733552231906,-0.8991878731905443,0.20798640385066103,-0.421864644506872
2020-12-31,-0.5501510059298951,-1.1093724968880276,-0.5547526487745902,1.0606618176735443
2021-01-01,0.008463258675469203,0.008413433824016088,0.005375095992527638,0.00011402241690169341
2021-01-04,-0.4435354134925116,2.023303030225246,0.5725193779836419,-0.6435197850211923
2021-01-05,5.4083245464601175,1.584867379574542,-1.152768157072878,0.1225690549446977
2021-01-06,12.427849081937524,7.461342110382262,-1.0525857440532884,-0.30554718876821607
2021-01-07,5.610212157525247,2.998056025288735,0.8290110584392186,-0.06368449559109148
2021-01-08,5.2576720537979975,1.9620852640476552,2.235228515710136,1.28725314915201
2021-01-11,2.0843117283491956,0.9621711462367374,0.6811224666123691,0.5698199536365429
2021-01-12,0.008463258675469203,0.008413433824016088,0.005375095992527638,0.00011402241690169341
2021-01-13,-6.452447012196547,-4.750275366271636,0.46532042774005095,-0.6323175291268066
2021-01-14,6.802196959839061,3.6136575391348305,-2.1026845040821986,1.5504307840266334
2021-01-15,-6.493096434697237,-0.28282344108144514,0.3005936840540157,-0.746711674429018
2021-01-18,0.008463258675469203,0.008413433824016088,0.005375095992527638,0.00011402241690169341
2021-01-19,-1.084862047286594,-1.3691164478173783,-0.8884175959594796,0.3290301581433184
2021-01-20,-0.4393488636795048,0.6919295539820252,0.5570853645095947,-0.16687638499892335
2021-01-21,2.408762059014767,2.4714734039383552,-0.936123774766751,0.5344183636580211
2021-01-22,-2.5110107835402333,-1.5932016346739324,-0.13409601958428277,-0.25993891619628845
2021-01-25,-6.008821439654602,-4.102418010186444,-0.07095582730296338,-0.9419705217332605
2021-01-26,-0.8871609860344783,1.3754456741400334,1.108795633026661,-0.3338667924147482
2021-01-27,-1.0848620472865946,-1.3691164478173774,-0.8884175959594789,0.32903015814331815
2021-01-28,3.062648342247871,1.869772453251315,0.4785111587542276,0.9917986205603178
2021-01-29,6.049651180254206,4.977286857617168,0.3081688168702466,-0.8499808882198048
2021-02-01,-4.080237984918943,-1.8138838996967888,-0.6872072271274033,1.2175228668789027
2021-02-02,4.631875543626581,2.0904547182741715,1.0316223662973485,-0.48566316251487335
2021-02-03,4.39352505987375,3.813344521506933,-1.1303176063748255,0.06283964274097567
2021-02-04,0.4520888312174359,0.6562707899092287,-0.5309011590504915,-0.3095389701895426
2021-02-05,3.588986283978553,4.792263356667109,0.843044132887209,0.7701434800460086
2021-02-08,1.0232627452618215,-2.2200637081083916,-0.0170754547055168,0.05984343462062241
2021-02-09,-0.9698733552231965,-0.8991878731905472,0.20798640385065736,-0.4218646445068801
2021-02-10,-4.052148211857268,-2.2872153961573183,-0.4761784430192203,-0.0980131878857
2021-02-11,1.4304254451161016,1.563872096923792,-0.7335124669086213,0.11243969673423923
2021-02-12,7.5038896895695055,4.7280405480131815,-0.23512397539675983,-1.5765478686447878
2021-02-15,0.008463258675469203,0.008413433824016088,0.005375095992527638,0.00011402241690169341
2021-02-16,13.296182625674778,4.278709376679763,2.2975263645576254,1.395509717665088
2021-02-17,-2.3091231724751107,-0.1800129889597426,1.84768319592781,-0.4461924667320856
2021-02-18,0.3329135893410374,1.5177156915256171,-1.6118711453865746,-0.03528756756161991
2021-02-19,7.032174343965872,4.553514688388513,0.09012349553806348,0.0486411787262526
2021-02-22,4.9563258742921334,3.599756975975761,-0.5856238750817482,-0.5210647524933815
2021-02-23,-0.22988722507734055,1.7313032370567976,-2.1565648766796506,0.5486168276727601
2021-02-24,4.010265583268154,0.887450696257471,-0.1874177965895163,-1.7819360741595236
2021-02-25,25.488746158984267,2.5192888875780994,8.108157507546588,-1.3398878309314373
2021-02-26,-17.15689756913814,-9.622670139171799,3.63611412262472,0.6407004579765149
2021-03-01,0.5059123552555083,5.693167823547364,-4.5056821437359105,1.0424548998301308
2021-03-02,-4.734124268152041,-1.212182949009751,-2.1018421606483764,0.7601426099765992
2021-03-03,8.281137764492028,1.933521219466544,2.245046930986245,-0.9167756143481542
2021-03-04,8.220771668555672,4.211557688630807,1.8384233762439492,1.2376530951587756
2021-03-05,1.3162358251416766,-1.1949884675500644,2.8346449630344845,0.9148745362214953
2021-03-08,8.22651516836499,-0.8144438243245499,1.55526648591841,-2.320309521204892
2021-03-09,-6.0369112127162845,-3.6290865137259294,-0.28198461141113235,0.373565533031346
2021-03-10,-4.084424534731925,-0.4825104234535405,-0.6717732136533734,0.740879466856613
2021-03-11,0.7400762891953019,5.301651496557788,-2.328308157589674,0.017308694552010475
2021-03-12,14.175060671132664,8.237171041336596,1.2558418814196988,-0.17708306759234166
2021-03-15,-2.9546363560821787,-2.2410589907591247,0.40218023545873177,0.04971407641016525
2021-03-16,0.33710013915402737,0.18634221528238523,-1.6273051588606153,0.44135583246066235
2021-03-17,-0.2663500977650321,4.8673816860037595,-2.336725633839738,0.9108660823927986
2021-03-18,10.337269560730116,0.6978634758533809,2.6788974905497875,1.9217531716806107
2021-03-19,3.8637996404190527,-0.06670489551264462,3.1851448627194756,-0.14060857992991402
2021-03-22,-7.906685521511891,-4.501029056667697,1.0086132200070839,0.0942494512981833
2021-03-23,-7.2255085373060775,-3.2871295139682255,-2.030284492117012,-0.8154463834011835
2021-03-24,-2.3049366226620807,-1.5113864652029452,1.8322491824537568,0.030450933290193126
2021-03-25,1.311250203239675,2.4253169985401626,-1.8144824532447057,0.38669109936215895
2021-03-26,5.16658658498329,2.350198669203537,1.3652873134822259,0.2459684970153459
2021-03-29,8.12968619974095,4.599671093786683,0.9684821740160288,0.19636844302209844
2021-03-30,-0.7512395449060559,-4.8114931324492565,2.1280295654665724,1.2984554050464059
2021-03-31,2.9996526464948214,1.7845543619466628,-0.18040125936551266,-1.3650220863409588
2021-04-01,-6.448260462383572,-6.081648842514893,0.44988641426601966,-0.15567412910453982
2021-04-02,6.891451900926083,-1.426642416336966,3.1795292645215154,-1.867993943407829
2021-04-05,-1.5972268153909364,2.923809617748116,-0.727896868710667,1.8398250602121609
2021-04-06,-8.798922288497788,-2.1764383027478624,-2.567961686186079,0.18537199965173165
2021-04-07,1.3112502032397064,2.425316998540197,-1.8144824532447221,0.3866910993621614
2021-04-08,-5.482483497923926,-1.179927106770666,0.2935771468300321,-1.1636256622475656
2021-04-09,4.5210734013761895,0.2891526674041206,-0.0802156469868353,0.7418750401575942
2021-04-12,3.099111214935557,-1.2663059956956555,0.6586719159143135,0.6295493658402567
2021-04-13,-6.699170595575391,-0.3646386105524332,-1.6657515179840283,-1.037101523915496
2021-04-14,1.1340648875122123,-0.4187616572383401,1.0947625585786673,-1.1676947680518452
2021-04-15,-11.638660111566024,-6.618729105190616,-1.1056205738578337,0.4373640510393352
2021-04-16,4.631875543626565,2.0904547182741595,1.031622366297354,-0.4856631625148598
2021-04-19,2.971562873433149,2.257885858407192,-0.39143004347369303,-0.0494860315763593
2021-04-20,-5.181936390507015,-0.5286668288517419,-1.5501318921313092,0.5931522025607744
2021-04-21,-0.9698733552232063,-0.8991878731905616,0.20798640385066927,-0.4218646445068732
2021-04-22,-0.4309757640534705,-1.9708173985043898,0.526217337561475,0.7864104150456015
2021-04-23,2.112401501410862,0.48883964977621114,0.8921512507205435,-0.7457161011280499
2021-04-26,1.5860635596802022,-2.4336512536395545,0.5276182765875419,-0.524060960613758
2021-04-27,6.140736649068918,4.589173452461285,1.178110019098159,0.19130376391685625
2021-04-28,-1.117138370161274,0.4355885248863723,-1.084012366593612,1.1679228128856485
2021-04-29,1.5173243641178265,2.507132168011152,0.15186274879333525,0.6770809488486402
2021-04-30,-0.4351623138665074,-0.639443922261211,0.5416513510355587,0.3097670150233528
2021-05-03,-2.1865604528746716,-0.08389937697232883,-1.751342260963391,-0.29534050617480345
2021-05-04,-3.51743717050055,-2.0274714452279468,-0.14251349583433795,0.6336184716445387
2021-05-05,-3.0738115979585987,-1.3796140891427566,-0.6787897508773467,0.3239654790380784
2021-05-06,-0.407072540804815,-1.112775418721711,0.7526801351437152,-1.0057690397412604
2021-05-07,-0.29443987082671896,5.340713182464268,-2.547754417947893,2.226402137157434
2021-05-10,5.9711253608784824,1.3712798340433618,-0.6080744257798111,-0.4613353402896842
2021-05-11,1.874051017658078,2.2117294530090192,-1.2697887219516524,-0.19721329587221187
2021-05-12,8.839752029097381,3.051307150178574,2.8051746757533738,-1.9773234096047894
2021-05-13,-3.7276978811916988,-0.7779131384556996,-2.0934246843983435,-0.13341477786421865
2021-05-14,-4.495773784399238,-2.93507275224253,0.06009781202379621,0.2116398047207476
2021-05-17,2.112401501410868,0.48883964977620875,0.8921512507205495,-0.7457161011280565
2021-05-18,-0.11071198320092582,0.8698583354404212,-1.0755948903435733,0.274365425044824
2021-05-19,4.842136254317708,0.8408964115019042,2.982533554861358,0.28137008699387456
2021-05-20,-7.138609618304352,-2.343869442880866,-1.1449092764150552,-0.2508051312867829
2021-05-21,1.023262745261832,-2.2200637081083783,-0.017075454705529375,0.059843434620615754
2021-05-24,-3.969435842668541,-0.012581848826730193,0.4246307861567888,-0.01001533579354889
2021-05-25,-6.5716222540729765,-3.8888304646552823,-0.6156495585960154,-0.3580661264988866
2021-05-26,1.6364996059942425,1.6456872663947733,1.232832735129411,0.40282954622070455
2021-05-27,3.062648342247871,1.869772453251315,0.4785111587542276,0.9917986205603178
2021-05-28,-4.052148211857281,-2.2872153961573316,-0.4761784430192111,-0.09801318788568979
2021-05-31,0.008463258675469203,0.008413433824016088,0.005375095992527638,0.00011402241690169341
2021-06-01,5.943035587816822,1.8446113305038963,-0.8191032098879841,0.8542007144749316
2021-06-02,-4.389158191961854,0.19760277487074274,1.1873698387820273,-1.4925417979739892
2021-06-03,6.629198193924587,-0.5617945928868981,0.7911264942671133,0.4726883166348887
2021-06-04,-10.668696597293362,-3.0483808456895964,-1.2773638547678803,-0.09394408208142815
2021-06-07,2.4452249317024433,-0.6646050450086294,-0.7559630176066531,0.17216910893796658
2021-06-08,-5.926109070465883,-1.8277844628558642,0.8298534018730394,-0.8539726696411282
2021-06-09,-3.6001495396892906,-4.302104992558547,-1.0433227250103367,0.5456206195523972
2021-06-10,-5.573568966738648,-0.7918137016147895,-0.5763640553978883,-2.204910314384243
2021-06-11,3.6619120293539287,-1.4798935412268337,1.2033656472073835,0.04564497060588306
2021-06-14,6.173012971943618,2.7844684797575567,1.3737047897322883,-0.647588890825465
2021-06-15,-0.11071198320092582,0.8698583354404212,-1.0755948903435733,0.274365425044824
2021-06-16,11.08379826277424,-3.986578916701701,4.695750749447225,-0.6141879356663458
2021-06-17,-5.199297041857416,-8.701642311436862,2.6048098497142003,-1.1210909221789467
2021-06-18,-7.390134203594541,-10.125328598476413,0.8326584792842237,-0.9399020507483897
2021-06-21,8.128887127651977,6.888603083633709,-3.6960792557372137,0.14482840618504111
2021-06-22,-4.088611084544948,0.8488630527896692,-0.6563392001793197,0.26423606683435724
2021-06-23,3.657725479540913,-0.14852006498362783,1.218799660681442,-0.43099842941637895
2021-06-24,-0.9698733552231866,-0.8991878731905328,0.20798640385064546,-0.421864644506887
2021-06-25,7.364997774257455,3.4000699936036707,-1.5579907727891344,0.9665263887922697
2021-06-28,-7.7958833792614906,-2.6997270057976293,2.1204512332912566,-1.1332887513742913
2021-06-29,0.3412866889670457,-1.1450312609608242,-1.6427391723346765,0.9179992324829253
2021-06-30,-5.926109070465884,-1.8277844628558624,0.8298534018730407,-0.8539726696411286
2021-07-01,3.1818235841242664,1.00832755163491,1.5594811450903283,0.7175472179323954
2021-07-02,-5.153846617445349,-1.0019983253122682,-1.3391031080231346,-0.7223838522038186
2021-07-05,0.008463258675469203,0.008413433824016088,0.005375095992527638,0.00011402241690169341
2021-07-06,-9.662270210333034,-2.6141110351355765,-1.2689463785178174,-0.987501469922239
2021-07-07,-5.917735970839869,-4.490531415342306,0.7989853749249451,0.09931413040340993
2021-07-08,-7.083987022177306,0.40409560091024266,-0.4551288313472329,1.1527287755699487
2021-07-09,11.905697690019847,3.2074777307232467,-1.4325527316603168,0.39275135176836257
2021-07-12,2.1124015014108664,0.4888396497762174,0.8921512507205303,-0.7457161011280796
2021-07-13,7.516449339008533,0.7339201192835331,-0.28142601581891735,-0.14661766857798356
2021-07-14,-9.484285822516586,-2.058964369204093,0.4863700394120591,0.6184244343288388
2021-07-15,-6.987158053553268,-5.0100193172010075,0.13165548055516596,-1.363949188657042
2021-07-16,1.9105138903457541,-0.9243489959379657,-1.0896279647915545,-0.5594625505922662
2021-07-19,-18.58803192729375,-6.226449859938092,-0.25869171727928947,-0.4764520532224258
2021-07-20,4.242073495122678,6.479494395827078,-2.406882363345041,1.1759837001112516
2021-07-21,10.122822300225966,3.2787952588688394,0.7434203154598553,0.678076522149601
2021-07-22,-5.954198843527555,-1.3544529663953355,0.618824617764859,0.4615633851234712
2021-07-23,3.958272586957818,0.5027402129352987,-0.6249093782799053,1.3257794353919674
2021-07-26,0.48017860427910863,0.18293929344870014,-0.31987237494231113,-1.625075024954142
2021-07-27,-5.926109070465883,-1.8277844628558642,0.8298534018730394,-0.8539726696411282
2021-07-28,1.5496006869925063,0.7024271953074012,0.3474575194274678,-0.16181170589368998
2021-07-29,2.0843117283492054,0.9621711462367517,0.6811224666123572,0.5698199536365361
2021-07-30,-5.71664743186372,-0.7884107797810901,-1.8837968393162043,-0.13847945696944533
2021-08-02,-6.045284312342272,-0.9663395612394616,-0.25111658446305546,-0.5797212670132125
2021-08-03,-1.532674169641568,-0.6856003276593691,-0.33670732744241255,0.16203975072749338
2021-08-04,0.24681374242827897,-1.7144763694087655,2.167315068664706,-0.5483887828389566
2021-08-05,8.08343670323991,-0.8110409024908647,0.24783370200010552,-0.25387866379008805
2021-08-06,10.649160241956642,6.2012861622846165,1.1079532895928512,0.45642138163529583
2021-08-09,3.9863623600194917,0.029408716474768143,-0.4138805941717261,0.010243380627368598
2021-08-10,5.079687665981548,1.4069385981161666,0.47991209778027677,-0.318672755099042
2021-08-11,-1.5368607194545678,0.6457731485838485,-0.32127331396836006,-0.314603649294782
2021-08-12,3.443278219036762,2.432411718031849,-0.716677514408514,-1.6746750789473825
2021-08-13,-9.978347441372593,-6.786160245323628,0.31743183591318797,0.001186920100798024
2021-08-16,-5.629748512861995,0.15484929130626957,-0.9984216236142482,0.4261617951449558
2021-08-17,2.0296891322221606,-1.7857938975543584,-0.00865797845546668,-0.8337139532201949
2021-08-18,1.2251503563269446,-0.8068750623942023,1.9647037608065758,-0.1264101159151749
2021-08-19,-3.937159519793873,-1.8172868215304865,0.620225556790914,-0.8489079905358954
2021-08-20,2.2076735200386275,-1.2306472316228465,1.7466584394743867,0.7722119510308693
2021-08-23,-1.651849411517973,0.17584457395702172,-1.4176773137785015,0.4362911533554225
2021-08-24,5.495223465461838,2.5281274506618914,-0.2673929413709051,0.6872103070591135
2021-08-25,7.2382485048440035,4.63532985785948,2.056468697576108,0.3390310282127247
2021-08-26,-0.5178746830552164,-2.9140774695917764,-0.35915787814045624,0.22176916293121382
2021-08-27,-7.0839870221773,0.40409560091024044,-0.4551288313472267,1.1527287755699416
2021-08-30,-3.525810270126585,0.6352755072584749,-0.11164546888623911,-0.319668328400009
2021-08-31,1.4304254451161016,1.563872096923792,-0.7335124669086213,0.11243969673423923
2021-09-01,1.1059751144505396,0.05456983922218855,0.883733774470487,0.14784128671275426
2021-09-02,-1.9482099691218622,-1.8067891802051104,0.41059771170878706,-0.8438433114306618
2021-09-03,4.369621836625105,2.955302541724262,-1.3567804039570568,1.855019097527853
2021-09-06,0.008463258675469203,0.008413433824016088,0.005375095992527638,0.00011402241690169341
2021-09-07,7.599161708197239,3.0085536666141075,0.6193832133570781,-0.05861981648586797
2021-09-08,-3.932972969980848,-3.148660297773705,0.6047915433168795,-0.3722645905136163
2021-09-09,-5.561009317299628,-4.785934130344454,-0.6226660958200306,-0.7749801143174352
2021-09-10,6.144923198881939,3.2577999762180876,1.1626760056241017,0.6679471639391411
2021-09-13,-3.850260600792142,-0.8740267504431292,1.5056007724928764,-0.28426673842150074
2021-09-14,-6.452447012196559,-4.750275366271643,0.46532042774004384,-0.632317529126823
2021-09-15,3.625449156666243,1.656184907720137,1.0232048900472974,0.40789422532594427
2021-09-16,4.64024864325258,-0.5722922342122838,1.0007543393492584,0.46762363752967884
2021-09-17,5.194676358044953,1.8768671727429933,1.5763160975904182,-1.0695675577492467
2021-09-20,-8.675560496808373,-4.369256680607459,-1.5024257133240557,0.38776399704607106
2021-09-21,1.6364996059942312,1.6456872663947608,1.2328327351294244,0.402829546220711
2021-09-22,1.0555390681365007,-4.024768680812142,0.17851931592861656,-0.7790492201217079
2021-09-23,13.767897971278387,4.453235236304411,1.9722788936228026,-0.2296793297059582
2021-09-24,8.90613520257449,4.094083755087059,-1.2159083493541913,0.8046006604816771
2021-09-27,2.0015993591604877,-1.3124624010938295,-0.21968676256364716,0.48182210154440436
2021-09-28,9.016937344824873,5.895385805957094,-0.10407033606999759,-0.4229375421907832
2021-09-29,0.41981250834275596,2.4609757626129793,-0.7264959296846241,0.5293536845527875
2021-09-30,-4.623322125901645,0.5891191018603146,-0.9900041473642119,-0.46739559269586795
2021-10-01,-7.166699391366018,-1.8705379464203398,-1.3559380605232298,1.0647309234778095
2021-10-04,2.112401501410862,0.48883964977621114,0.8921512507205435,-0.7457161011280499
2021-10-05,7.0363608937788955,3.2221412121453037,0.07468948206400977,0.5252845787485086
2021-10-06,0.04492613136315408,-3.127665015122952,0.1855358531526151,-0.3621352323031601
2021-10-07,7.48417301613385,2.5386250919872655,-0.4770207864530336,0.6922749861643472
2021-10-08,4.631875543626591,2.090454718274186,1.0316223662973365,-0.48566316251488023
2021-10-11,0.008463258675469203,0.008413433824016088,0.005375095992527638,0.00011402241690169341
2021-10-12,-0.6908734489696947,-7.08952960161352,2.534653120208875,-0.8559733044605307
2021-10-13,-2.3553726689761514,-5.590724985237309,1.1270347239119025,-0.8964395735442717
2021-10-14,-6.160273004405677,-1.4362681358662883,-1.347520584273197,0.17117353563699203
2021-10-15,11.82378439292008,-1.3560878064543687,2.331199468916923,0.35629353651330786
2021-10-18,1.2657997788276392,-5.274326987584397,2.1294305044926127,-0.012015970612966486
2021-10-19,5.985098534504835,8.586696803024665,-0.08302072439802478,0.8278044212648391
2021-10-20,0.32872703952803606,2.8490891677688523,-1.5964371319125477,-0.5119309675838886
2021-10-21,8.234888267990991,-3.477190776811022,1.5243984589703452,-1.367022721160347
2021-10-22,-2.498451134101204,-5.5873220634035805,-0.18039806000643538,1.1699912838705115
2021-10-25,-2.7535478171060603,1.4610616448020566,-2.2806019787824012,-0.18807951096269243
2021-10-26,-1.737949258430725,-3.056347486977363,2.3615089002727845,-0.07681006192192068
2021-10-27,-10.14795872956303,-10.00405386374156,-1.4687526089647718,-0.6514521841057123
2021-10-28,3.181823584124276,1.0083275516349242,1.5594811450903165,0.7175472179323886
2021-10-29,-3.2874597863737764,-1.087614295974305,2.05029450378594,-0.8681711336558677
2021-11-01,5.851950119002091,2.232724735659757,-1.689044412115894,-0.18708393766173811
2021-11-02,-6.553462530633613,1.9952130280828126,-0.10602987068829685,1.4077170350779056
2021-11-03,6.620825094298589,2.1009523595995514,0.8219945212152243,-0.4805984834096407
2021-11-04,-13.261096384884462,1.6221609837063615,-1.7771564846648393,0.37050148874549454
2021-11-05,-12.534284356275988,-5.251696864874606,-0.002200036823715435,0.10338323620767621
2021-11-08,11.85606071579476,-3.1607927791581196,2.5267942395510556,-0.48259911822902185
2021-11-09,-9.932097944871558,-1.3754482490460762,1.0380803079291143,0.4514340269129841
2021-11-10,22.268337264945448,-1.6024052366633335,1.1688415566796295,-2.5591081700961684
2021-11-11,0.008463258675469203,0.008413433824016088,0.005375095992527638,0.00011402241690169341
2021-11-12,3.867187118143087,0.890853618091159,-1.4948505805078152,0.28449478325529765
2021-11-15,6.469373529547486,4.767102233919668,-0.4545702357549957,0.6325455739606101
2021-11-16,1.4627017679907914,-0.24083287577994406,-0.5379176962745006,-0.7264529580080977
2021-11-17,-5.066947698443611,-0.05873825422490264,-0.45372789232117067,-0.15774260008940136
2021-11-18,-2.982726129143873,-1.7677274942986163,0.191151451350556,1.3652501311747551
2021-11-19,-5.326845383359825,-5.177450457334013,1.5547078903261953,-1.8001263195955632
2021-11-22,19.04298394318631,-2.987029837796398,-0.8227560741085711,-0.16882585606022454
2021-11-23,2.57837334720521,5.689367022356296,0.85006067011121,1.1870574678645534
2021-11-24,-1.9033739968081602,-7.605614581638526,0.559890441920776,-0.25280576610618427
2021-11-25,0.008463258675469203,0.008413433824016088,0.005375095992527638,0.00011402241690169341
2021-11-26,-30.713830218577577,0.8441660916199885,-0.442216147442783,0.4919097842142407
2021-11-29,5.495223465461849,2.528127450661904,-0.2673929413709185,0.687210307059107
2021-11-30,-10.599957401731032,-7.98916426734035,-0.9016083269736519,-1.2950859915438153
2021-12-01,1.9188869899717702,-3.5870959484244107,-1.1204959917396515,0.39382424945227273
2021-12-02,6.611038470485244,-6.445838085624971,0.28150680635939207,-1.293094844941895
2021-12-03,-13.75515800374047,-3.1050348924131694,-1.9460946881636938,-0.2467360254824944
2021-12-06,13.689372151902692,0.8472282127306207,1.0560356509727444,0.158966218224166
2021-12-07,9.95321101203552,0.06090164045090422,-1.0427641294181007,0.025437417943066788
2021-12-08,4.919863001604461,6.7358354249227395,-0.7657846322418507,-0.15881549777332543
2021-12-09,-1.2628464351030562,-1.9242631137488684,-2.643734013889339,-1.2768957461077548
2021-12-10,-1.9888593916225619,2.660662744985062,0.24587096802275624,-0.9582374567328616
2021-12-13,-9.004197377286943,-4.5471854620658405,0.13025454152910043,-0.053477812997682936
2021-12-14,3.094924665122551,0.06506748054756456,0.6741059293883602,0.15290596581798763
2021-12-15,5.97112536087849,1.3712798340433734,-0.6080744257797991,-0.4613353402896692
2021-12-16,-7.330710605556126,4.789732356629461,-2.58620077707132,0.7479447807812701
2021-12-17,-3.4809742978128844,-5.163549894174939,0.03764726132575077,0.27136921692446847
2021-12-20,1.3981491222414215,3.3685770696275426,-0.9291072375427538,0.9513323514765695
2021-12-21,10.635187068330287,-1.0141308066966788,0.5828995882110701,-0.8327183799192288
2021-12-22,-3.8502606007921334,-0.8740267504431201,1.5056007724928526,-0.2842667384214994
2021-12-23,6.834473282713749,1.8089525664310913,-1.9070897334480539,0.7115381292843183
2021-12-24,0.008463258675469203,0.008413433824016088,0.005375095992527638,0.00011402241690169341
2021-12-27,0.410025884529413,-6.085814682611547,-1.2669836445404594,-0.2831426769794658
2021-12-28,1.097602014824525,2.7173167917086327,0.9146018014185827,-0.8054455133317843
2021-12-29,7.45189669325918,4.34333006469103,-0.6726155570871779,1.5311676409066706
2021-12-30,-4.947772456567219,-0.9201831558412994,0.627242094014911,-0.431994002717347
2021-12-31,-1.8852142733688027,-1.7215710889004439,1.0695101298285152,1.5129773954706078
2022-01-03,19.200035581937726,4.224984209351186,1.0097304111915393,-0.9461169519204908
2022-01-04,3.826537695642392,5.358305543281353,-1.6595773241938518,0.17010063795308938
2022-01-05,9.632947231182953,-2.7797740934939172,0.5590480984869469,0.5374824079438645
2022-01-06,5.568149210837224,-3.7440294472320406,0.09292857294925068,-0.03728820238101456
2022-01-07,3.74043784872964,2.1261134823469683,2.119608889857435,-0.34300057732425415
2022-01-10,5.005348396418852,-3.5304419017008626,-0.4517651583438192,0.5466161928533588
2022-01-11,-4.947772456567209,-0.920183155841285,0.6272420940148992,-0.4319940027173539
2022-01-12,-0.1934243523896532,-1.4047752118901748,-1.9764041195195658,0.18636757295269923
2022-01-13,-5.597472189987325,-1.6498556813974954,-0.8028268529801035,-0.41273085959736755
2022-01-14,15.476434091509597,-0.5554627916581669,-1.1353714096214749,0.35028444786520485
2022-01-17,0.008463258675469203,0.008413433824016088,0.005375095992527638,0.00011402241690169341
2022-01-18,16.24530906680608,-0.6872351677183931,1.3756675237096336,0.05676990211732467
2022-01-19,-6.488909884884243,-1.614196917324689,0.2851596705799829,-0.27006827440676834
2022-01-20,1.7997117480953653,-2.72565104680802,-2.2014659780757406,0.6680756520802019
2022-01-21,-15.011695451803691,-0.11122646085180271,0.5944113330894686,-0.18306599561557801
2022-01-24,-0.11908508282694044,3.532605287926865,-1.0447268633954776,-0.6789213749997146
2022-01-25,5.5316863381495365,-0.6079509982850688,-0.08723218421083394,0.3249610523390461
2022-01-26,16.079884328428637,-5.236502262379541,-0.4259509346423621,-0.11922580206694157
2022-01-27,-2.996699302770233,-8.983144463279935,-0.3339022500312197,0.07611036962023965
2022-01-28,-6.640361449635328,1.0519529569954527,-0.9914050863902387,0.8430757829634908
2022-01-31,4.223913771683329,0.5954509030890119,-2.916502051252791,-0.5897994614655475
2022-02-01,2.0843117283492028,0.9621711462367709,0.6811224666123332,0.5698199536365423
2022-02-02,-4.6233221259016535,0.5891191018602849,-0.9900041473641732,-0.46739559269586817
2022-02-03,8.198425395303314,-0.34111232786402074,1.344237701810222,-1.0047734664402863
2022-02-04,22.010270107756984,-2.0689308894564817,-1.234995227048823,0.25821748996879945
2022-02-07,-2.543287106414904,0.21150333802983254,-0.3296907902184274,0.5789537385460349
2022-02-08,8.531248825594883,-1.4945570226488942,-0.303876566516946,-0.08688825637426209
2022-02-09,-0.050345887264583014,-1.4081781337238723,-0.6689713356012484,-1.8800632844620988
2022-02-10,26.1135049543271,-14.492732868772487,-5.840066129382259,1.0366326472711138
2022-02-11,-20.21465475042515,3.3458137052021524,-0.9147936146122465,-1.0199580155385242
2022-02-14,12.394159234875497,-1.9434903146249682,-1.8195362564913486,0.6741359044864165
2022-02-15,9.55164838618157,6.155129756886453,0.22959461111487278,0.3086941173394196
2022-02-16,-7.329911533467169,2.5008003667824297,2.078360652681941,0.7994848176183326
2022-02-17,-8.68812014624737,-0.3751362518777916,-1.456123672901892,-1.0421662030207335
2022-02-18,-8.354497643866845,-3.817512936509658,1.560323488524127,-0.07274095611765528
2022-02-21,0.008463258675469203,0.008413433824016088,0.005375095992527638,0.00011402241690169341
2022-02-22,6.796596885838748,-6.264506382332899,-2.6586062324120876,1.2145778225166588
2022-02-23,8.04697383055221,2.3250375464560924,0.06767294484002417,0.10837059092998705
2022-02-24,-6.644547999448345,2.38332643323866,-0.9759710729161788,0.36643238294122865
2022-02-25,2.560213623765862,-0.1946764703817716,0.3404409822034588,-0.5787256937122451
2022-02-28,-26.168943753002193,-0.6797996475036654,-0.3322121197879971,0.39477814721261084
2022-03-01,-22.798681438390233,5.353608582111653,-1.4454542714573184,0.3977743553329464
2022-03-02,31.90039526499,-4.764407726620657,-2.9729148975272968,-1.1199930213617517
2022-03-03,1.3518996257403912,-2.0421349266500113,-1.6497557095586737,0.5010852446643769
2022-03-04,-16.365717514770918,-4.318536555755262,-2.95550700596842,-1.5480736162323714
2022-03-07,9.094049640013255,-1.7081445681800722,0.24081716477612378,-0.6707926516086352
2022-03-08,15.15198376084403,-2.064765049359762,0.48187483175763907,0.38568603784371813
2022-03-09,12.682945764942344,0.41295840217657165,1.0476181747227058,1.0525236060649907
2022-03-10,10.745190138491697,3.0761032340203958,-2.969823828258006,-2.1117966194287394
2022-03-11,3.7852738210433428,-3.672711919086448,2.268901620069423,0.24803696800022382
2022-03-14,25.627256005747785,-0.4211594155603263,-0.2171654329940689,0.6659976928778453
2022-03-15,0.5348012004061417,2.930904337239805,0.3699080701255055,-0.22154111809742713
2022-03-16,9.796958445373058,-9.440044396543735,1.7893108150350554,0.8542685506404049
2022-03-17,1.3070636534266888,3.7566904747834156,-1.7990484397706672,-0.08995230066007166
2022-03-18,-7.093773645990638,-8.142694844314287,-0.9956165462030551,0.3402324140376823
2022-03-21,33.70641600012519,-2.5719872281184686,0.009859159539459896,0.8886484066931141
2022-03-22,10.602910745455633,0.7905741660070921,0.38730481757690777,0.006174274823089341
2022-03-23,-11.801872253667208,-2.247390791987833,2.3286781393473306,0.17211794517985052
2022-03-24,2.322662212102018,-0.760718656996049,2.8430624392845596,0.021317148380671624
2022-03-25,29.230268730112172,-5.988804910645485,0.27561065967890097,-0.2153618657676119
2022-03-28,-0.7155757443073177,-5.658639591549226,-2.3563711071265874,0.8846661134892787
2022-03-29,-7.2535983103677255,-2.813798017507696,-2.2413132762251733,0.500089671363419
2022-03-30,-10.023183413686315,-0.9873348438902048,0.16813910570118146,-0.5898506252236603
2022-03-31,-5.839210151464181,-0.8845243917684936,1.7152286175750022,-0.2893314175267478
2022-04-01,18.232845093290774,-11.886274924103981,0.5946839368235847,0.20262501973485925
2022-04-04,3.502087364976841,3.849003285579724,-0.04233108281475106,0.20550222793157888
2022-04-05,21.316533474112138,0.7112899965737699,1.8502045254974244,-0.2620168753986256
2022-04-06,6.52818267548757,6.183693801467551,0.21977619583876812,2.512722880839594
2022-04-07,4.000335533645864,7.244825685456063,0.11117310721005663,1.299383142181911
2022-04-08,12.385786135249448,0.7192566378615101,-1.7886682295432408,-0.2791508955581167
2022-04-11,7.645411204698299,8.41926566289164,1.340031685373004,0.39162729032630855
2022-04-12,-16.86410910924887,7.189806478791538,-2.2699325773378236,1.2518610473909935
2022-04-13,-2.4002086412898334,0.20810041619613492,0.9777419936998901,-1.4874771188687632
2022-04-14,23.634119905262725,0.8997164193574899,0.007896425562110154,0.1842896137503533
2022-04-15,0.008463258675469203,0.008413433824016088,0.005375095992527638,0.00011402241690169341
2022-04-18,1.9609499366597931,3.1549895240963943,-0.3844135062496834,0.36742795624218527
2022-04-19,20.418696633125904,-6.842283170974192,-2.2822921090256036,-0.5067472885550508
2022-04-20,-11.848121750168197,-7.658102788265407,1.6080296673313863,-0.2781291616323547
2022-04-21,13.104225064231942,-3.491854258233057,0.017156245245971376,-1.499555948140509
2022-04-22,1.1177356918005987,-1.6506185996604374,-3.8271296957049117,1.5262314499424976
2022-04-25,-17.567632366707077,1.4232369195972434,0.2747794603525932,-0.0808696795086945
2022-04-26,-9.861945225121861,4.893305727014141,1.985191577527263,-0.8904983210616817
2022-04-27,7.816996446425435,1.3851803972024486,-2.1251350547802685,1.6101601962303407
2022-04-28,7.109286639154241,-3.0500156857486447,0.43501099638421015,-0.199213930691574
2022-04-29,10.43329945726519,-2.4273194524108783,-1.398879627301054,-0.6464648293834327
2022-05-02,16.644098667034324,5.759447589800236,0.690098538454651,-0.843920635813594
2022-05-03,-0.5964005024309351,-6.520084493165567,-1.2754011207904978,0.6104147108613482
2022-05-04,-12.893784035441877,7.584616724081683,2.006241189199254,0.3602436423939539
2022-05-05,19.377220897665175,7.069062865129743,-1.8995146006318708,0.6082689154935219
2022-05-06,10.562261322954962,5.258026091197258,0.22257807389089002,-0.10821987047910477
2022-05-09,-16.6257586254961,5.4669166755587755,-0.1079926046656355,0.7033582421350953
2022-05-10,-8.108573132576959,-5.914217702381863,-0.9731659955050308,0.28050300183400356
2022-05-11,-6.708957219388746,-8.911429055776972,-2.2062392328398506,-1.8495978854477424
2022-05-12,-14.933169632427973,3.4947805627220236,1.5106545757394896,-0.5717115435457459
2022-05-13,15.998585483427272,3.698401588000849,-0.7554044220144162,-0.348014092671356
2022-05-16,-7.828958774225154,1.3939099567531112,-2.7397049670961264,-0.34593613346902474
2022-05-17,22.04254643063166,-3.873635862160191,-1.0394004564146944,-0.5806751647735119
2022-05-18,-14.523233906947976,-5.2621945062000055,0.2074278082584339,0.09831855710245535
2022-05-19,-8.605407777058721,1.8994972954527878,-0.5553144437259024,-0.9541683509286052
2022-05-20,-9.456196049454903,-2.5322958656646093,0.6973988235201917,-0.6971116204357806
2022-05-23,15.020248869528585,2.7908002809862653,-0.5527931141562815,-0.7699927595951469
2022-05-24,-23.245694488656245,3.748192712422645,3.77081742681298,0.2823239847541929
2022-05-25,-4.679501672024967,1.535782094781377,-1.4120617155805504,2.163676516833333
2022-05-26,-0.5627106553689044,2.884747931841633,-0.5084506083524344,-0.3692683823932765
2022-05-27,-0.40288599099180833,-2.4441488949649517,0.7372461216696623,-0.5291256397189512
2022-05-30,0.008463258675469203,0.008413433824016088,0.005375095992527638,0.00011402241690169341
2022-05-31,18.641421317332334,3.1071982786391588,0.44960266642445695,0.1144308433361516
2022-06-01,18.84608195402317,-8.020523949600854,1.8445921266584988,0.5456111313349195
2022-06-02,-2.6343725752296554,0.5996167431856954,-1.1996319924463117,-0.4623309135906323
2022-06-03,5.17077313479631,1.0188251929602803,1.3498533000081898,0.722611897037613
2022-06-06,15.47224754169655,0.775910684585058,-1.1199373961474322,-0.1263589521570333
2022-06-07,-7.217135437680037,-5.949876466454679,-2.061152519065084,0.13784041664332863
2022-06-08,8.494785952907169,1.6415214262981255,-0.4840373236770739,0.2753609983457912
2022-06-09,5.033438169480546,-4.003773398161401,-0.24073637423564379,-0.7689198619112205
2022-06-10,27.20762933237816,-15.404134976978112,-0.2817120076770085,0.7592565483817355
2022-06-13,57.41257241962489,-8.326656103118315,-4.3227274532720665,1.2500722517939524
2022-06-14,9.600670908308299,-0.9750691207901748,0.3634533278527845,1.3763750626861928
2022-06-15,-35.34838862878039,13.965782633610434,-0.850805635521519,-0.5930336694330958
2022-06-16,-8.81486941566085,0.8601236123779913,2.1583357974633546,-1.6696615636003107
2022-06-17,-3.0331621754579308,-5.847066014332937,-0.5140630071912969,0.43835962434032594
2022-06-20,0.008463258675469203,0.008413433824016088,0.005375095992527638,0.00011402241690169341
2022-06-21,11.251811406786755,3.8091786814102995,-2.8471876651813086,-0.06462890513394054
2022-06-22,-29.944955243281054,0.7123937155597498,2.068822785888362,0.19839523846632362
2022-06-23,-12.250483448111154,0.725057318017191,-1.7841730218888403,-0.046412499073061594
2022-06-24,7.960074911550507,1.3817774753687122,-0.8177022708619324,-0.45627066118442317
2022-06-27,11.137621786812343,1.0503181169364482,0.7209697647618046,0.7378059343533317
2022-06-28,1.0232627452617995,-2.2200637081084023,-0.017075454705517662,0.05984343462064247
2022-06-29,-16.306908368830847,-2.901944988207345,-2.281160574374668,0.33210369064661555
2022-06-30,-24.10565493276749,4.26807849363873,0.3898372912539683,-0.46544612163458016
2022-07-01,-17.568431438796036,3.7121689094442414,-4.389781969400658,-0.13240971634577758
2022-07-04,0.008463258675469203,0.008413433824016088,0.005375095992527638,0.00011402241690169341
2022-07-05,-10.133985555936702,-2.7886368947602764,-0.9436989075829796,0.6376875774488016
2022-07-06,24.4793081036587,-4.54665434099284,-1.800738570013906,-0.40862007825244934
2022-07-07,14.699985088675993,-0.04987545295853818,1.049019113748752,-0.2579477695943933
2022-07-08,15.924246213864567,-1.2389789118162278,-1.6870816781385358,0.5172748552810493
2022-07-11,-16.07274443489104,-3.2934613151968923,-0.10378658822840285,-0.6930425146314766
2022-07-12,-7.856249475197865,-0.4216905366333702,1.7138276785489481,1.0211399581326288
2022-07-13,0.15770222715028753,-11.578341848360054,-3.953977318594417,-1.0237796332781335
2022-07-14,7.159722685468277,1.029322834285656,1.1402254549260673,0.727676576142846
2022-07-15,-3.4977204970649045,0.16194401079797302,0.09938331522192609,-1.6352043831645866
2022-07-18,4.8455237320417535,1.7984549251057116,-1.6974618883659403,0.7064734501790503
2022-07-19,12.097798677271609,-3.926124068787111,0.008738768995944682,-0.605998560299697
2022-07-20,4.759423885129013,-1.433737135828657,2.081724325685349,0.19337223490175234
2022-07-21,-27.783006926694583,4.8983434889068915,-1.0346160575431305,1.28120238496332
2022-07-22,-23.716651956352553,2.167970805932828,-0.8362194088568626,-2.1786330210977676
2022-07-25,5.943035587816823,1.8446113305038945,-0.8191032098879855,0.8542007144749321
2022-07-26,0.46046193084344067,-2.006476162577229,-0.5617691859985754,0.6437478298550029
2022-07-27,-8.222148300453096,4.825391120702265,-1.4982142535112468,0.8906073659718838
2022-07-28,-18.024616660776974,7.058431982088719,-3.8072036739355157,-1.2526869238061193
2022-07-29,0.940550376073105,-4.494697255438985,-0.9178846838815172,-0.028154417471538278
2022-08-01,-9.086909746475667,-6.821819009396416,-0.7705546876468723,-0.14147566508979498
2022-08-02,29.436342890990304,-5.906989741174555,2.2419558617169506,0.07502798371884244
2022-08-03,-0.48141181036754016,-6.050155918538747,-0.17899712098038495,-0.1404800917888335
2022-08-04,-10.98415937623458,6.278039331680356,-3.7841913282861603,0.7024138325922916
2022-08-05,33.24463070414391,-9.103888076941786,0.03651572667476054,-0.5674817622772402
2022-08-08,-10.581797678291686,-2.105120774602252,-0.39198863906590004,0.4706971700329727
2022-08-09,8.567711698282547,-4.630635471595858,-0.12371580935685658,-0.4491375110943425
2022-08-10,-4.220345975860366,5.70442838313571,-1.6910071460932767,-0.8914427306045178
2022-08-11,12.51474800093924,8.404602181469617,-0.1672105283513212,0.2590940633462181
2022-08-12,-2.5937231527289404,-3.8678351820045096,-1.0349052487602945,-0.3479367682884562
2022-08-15,-9.168208591477036,2.1130848409839427,-1.1000081750189699,-0.37026395569420495
2022-08-16,6.546485824735858,-2.8364281402174827,-0.10968273490886252,0.384690464542754
2022-08-17,11.934586535170483,0.445214244415716,3.4430374822011123,-0.8712446661591529
2022-08-18,-4.782347718189766,3.629083938819843,2.428860552366876,-0.2559982985330994
2022-08-19,15.313221949408435,3.815875521544613,2.2989273035836963,0.08503834200573178
2022-08-22,10.080759353537923,-3.463290213651929,0.007337829969891147,0.7044728153596584
2022-08-23,1.1845009338262527,3.660576862795944,1.7999770171205631,-0.24080426121737894
2022-08-24,10.138769427389015,0.2422333437429908,-3.982877168189568,2.5331100854016166
2022-08-25,-10.636420274418713,-4.853085818393374,-1.081769084133773,-0.9328367368237451
2022-08-26,2.478300326666132,-4.758242007559392,4.104193182780729,-0.6151835089673087
2022-08-29,12.239320192400376,-0.23489895390860138,1.58389442976572,1.3621765986714538
2022-08-30,0.377749561654721,-4.281109709907803,-1.4625784151745993,0.5557499777628482
2022-08-31,5.16240003517027,3.681572145446734,1.3807213269562613,-0.23067490300689966
2022-09-01,18.078620502913996,3.320785824170361,-0.09509106486862458,0.6983352385704982
2022-09-02,-14.078194810218696,6.595200247596192,0.2425072950193283,-0.352124874016232
2022-09-05,0.008463258675469203,0.008413433824016088,0.005375095992527638,0.00011402241690169341
2022-09-06,24.96499662288866,2.8432884876131337,-1.6009323395669353,-0.7446693640690121
2022-09-07,-11.921047495543592,-1.3859458903714916,1.247708153011241,0.4463693478077808
2022-09-08,4.877800054916432,-0.0062500475979988,-1.5018671177318121,-0.13241920456326112
2022-09-09,9.99386043453622,-4.406550284739298,-0.87803738573207,0.13983156324527699
2022-09-12,6.830286732900737,3.140326042674291,-1.891655719974,0.23489472926205732
2022-09-13,15.59838235901164,-13.957818567228758,-0.6411911785633663,0.6934668837718323
2022-09-14,0.16828792305258997,-5.32048339298252,1.2510718260146492,-0.15974323490882006
2022-09-15,9.998046984349227,-5.73792376098255,-0.8934713992061186,0.6164749632675569
2022-09-16,-1.3638619535400984,4.8212252806055975,-3.2150843123176944,0.7631388180969684
2022-09-19,10.565034348580594,-7.2828847827569145,-0.3642116813871083,0.5092139680554553
2022-09-20,11.216147606187988,4.65632514051022,1.637213007411871,0.3491603864231557
2022-09-21,-5.06836122263095,-11.268275651935838,-1.0250836341250849,-0.016952161577159834
2022-09-22,30.420279578889353,4.878775487307708,2.5952662821886947,0.8328596121526581
2022-09-23,4.543563100437494,-10.062342750524143,-0.4251085912085476,-0.9095139761169958
2022-09-26,28.875754672848238,3.2272032122206182,6.933179301981104,0.5696819772779422
2022-09-27,16.195487472590397,8.731895699805252,-3.422752622781554,-1.0624510800664404
2022-09-28,-47.52184994075255,4.416149191179983,-2.3263342795048962,0.065871499703663
2022-09-29,9.998046984349184,-5.7379237609825315,-0.8934713992061094,0.6164749632675174
2022-09-30,14.489724377984878,1.1996828538137372,-0.9018920748152353,-1.0249810191030722
2022-10-03,-24.691601092527154,2.2179280125220324,-5.313603544226035,-2.175508324836344
2022-10-04,-8.268397796954101,-0.5853208755752375,-2.2188627255271274,0.4403602591596967
2022-10-05,20.036092802800304,2.8470564483523573,4.164247749168302,1.593832609255148
2022-10-06,13.730021574403407,-3.6202237124595427,1.2207623946587725,0.2733603635264129
2022-10-07,13.634749555775606,-1.9007368310604489,0.36625520590496463,-1.2445676886325405
2022-10-10,0.008463258675469203,0.008413433824016088,0.005375095992527638,0.00011402241690169341
2022-10-11,4.809060859354065,4.934533374052694,-1.8776226455260296,1.0687227048991403
2022-10-12,-3.969435842668508,-0.012581848826775712,0.4246307861567811,-0.010015335793583751
2022-10-13,19.895746169119246,-8.807215560786103,-7.326820526385903,0.1400112151444583
2022-10-14,5.198862907857977,0.5454936964997202,1.5608820841163262,-0.5929241577269824
2022-10-17,1.3897760226153761,6.031324022113971,-0.8982392105946364,-0.0019544485680116084
2022-10-18,-3.110274470646313,1.7564643598042589,-0.8589505080374175,0.6862147337581674
2022-10-19,25.09254496439105,-0.6809033664896716,-0.5508303801789902,-0.06563396665237113
2022-10-20,18.110896825788743,1.5160808514665636,0.10050370576551747,-0.1405574161717777
2022-10-21,-9.6154062617337,16.295070348699927,-4.64150359445123,-0.7295848384593858
2022-10-24,6.8261001830877746,4.4716995189175615,-1.8762217064999516,-0.24174867076026213
2022-10-25,-23.996266314704474,-5.1401568532022175,0.9303195627342257,-1.552193885794752
2022-10-26,-10.462622436415215,-2.9665656762185924,0.6889813472701802,0.1964457674050424
2022-10-27,-17.595722139768753,1.8965684160577392,0.06375067624436931,1.2346663752559084
2022-10-28,15.101547714530014,-6.144103569394146,-0.22333962678424713,-0.5412044689907947
2022-10-31,16.372058336219443,-1.9224950319742005,-2.2387919466555912,0.6842652626969287
2022-11-01,-3.8012380786653934,-8.004225628119762,1.6394594892308214,0.7834142069253053
2022-11-02,6.879309255027482,-3.9898728350023123,-1.7577970032361416,1.302575674608712
2022-11-03,11.33311025178811,-5.125725168970126,-2.5177341778091393,0.1641593854704705
2022-11-04,1.6777634805932806,10.676704728762543,-2.6956462091338556,0.3248932161736162
2022-11-07,11.851075093892758,0.45951268693218245,-2.1223331767281617,-1.010782555088373
2022-11-08,-13.672445634551735,-0.8304013450825807,-1.0452854589877325,-0.15873817339038923
2022-11-09,-4.668158098215344,6.3879445032936575,-1.1392968775761598,-1.0584331380202794
2022-11-10,-58.554937378172674,-0.6341743631784552,2.4771396702329675,0.8976476767631482
2022-11-11,0.008463258675469203,0.008413433824016088,0.005375095992527638,0.00011402241690169341
2022-11-14,10.492108603205239,-1.0107278848630006,-0.7245331957073019,1.2337124774955843
2022-11-15,-13.544897293049353,-4.354593199185433,0.004816500400332891,0.5202972240262206
2022-11-16,-19.233545110900845,-8.287495861737456,-1.704194677748331,0.019454489919824233
2022-11-17,16.340581085433833,-2.406722049117481,2.2301747124635085,1.5746979542762511
2022-11-18,10.972197048434865,-3.498948977724755,-1.080648693590195,0.5618102301690494
2022-11-21,-2.369489268411412,2.098023480204512,1.4410596411854566,1.7082362427748639
2022-11-22,-9.982533991185658,-5.454786769080378,0.33286584938727143,-0.4754564799214855
2022-11-23,-9.919538295432538,-5.369568677775741,0.9917782675069414,1.8813642269798376
2022-11-24,0.008463258675469203,0.008413433824016088,0.005375095992527638,0.00011402241690169341
2022-11-25,-5.075320798069614,2.6040086982615365,-0.4228598653730627,-1.1110294001339531
2022-11-28,4.022825232707154,-3.106669732472205,-0.23371983701166096,-0.35200587409269557
2022-11-29,9.468936016992874,3.880496209555833,-0.6712146180611368,0.2206962652473187
2022-11-30,-14.284268971096864,6.513385078125243,-1.7238379070186634,-0.6425147235027372
2022-12-01,-28.810980514818304,-2.3775283279890362,3.1273422215263667,-0.0161267519579304
2022-12-02,-3.8293278517271143,-7.530894131659247,1.4284307051226064,2.0989502616898688
2022-12-05,20.62058424419104,-5.429094525259961,-0.3005128935135383,-0.6930008390908331
2022-12-06,-16.314482396367918,-2.528130025567951,2.414268882326712,-0.5696430725608843
2022-12-07,-19.013497776396342,-0.9902637232852325,0.7872042256715014,1.5989841009608199
2022-12-08,11.408248593439788,-2.477276659000083,3.0785045080681197,-0.6495895256448571
2022-12-09,13.291197003772803,7.899014842769956,-2.3516010517215835,0.8673262808057521
2022-12-12,8.09180980286589,-3.473787854977293,0.21696567505203748,0.6994081362544573
2022-12-13,-22.60516692695111,9.429544180312284,0.5671929710028839,-0.7417659952474024
2022-12-14,-2.1823739030616007,-1.4152728532155703,-1.7667762744374726,0.18130289384750256
2022-12-15,-5.565195867112648,-3.4545606541012366,-0.6072320823459901,-1.2516235143397207
2022-12-16,1.1157617382638405,8.601360284446736,1.4242214893263465,0.9603376482450198
2022-12-19,17.461197092368607,0.7864083259104133,-1.3295652412295544,-0.12129427305185864
2022-12-20,16.813709955224788,8.977341208218176,2.4762829833325886,-0.19128153160706474
2022-12-21,-2.880297086519498,2.6963215090578907,1.3338574915828318,-0.8155748715422219
2022-12-22,0.9363638262600978,-3.163323779195793,-0.9024506704074697,-0.5047978174937969
2022-12-23,15.353072299820129,1.6373555862014602,-2.2009073824834733,0.14789245047088212
2022-12-26,0.008463258675469203,0.008413433824016088,0.005375095992527638,0.00011402241690169341
2022-12-27,14.650962566549367,7.080323424718039,0.9151603970107576,-1.3256287149411252
2022-12-28,5.606025607712212,4.329429501531983,0.8444450719133274,-0.5403278956133778
2022-12-29,-5.671811459550009,-6.587236181214511,-1.7345041091042324,0.4525580883550652
2022-12-30,10.848835256745495,-1.3061305998651334,-2.146184666452261,0.35941823277468643
2023-01-02,0.008463258675469203,0.008413433824016088,0.005375095992527638,0.00011402241690169341
2023-01-03,-12.058382460859354,-6.4085444814931725,-0.3428815212325922,-1.0451624111410527
2023-01-04,-15.300481981870504,-2.467675177653329,-2.2727430981245935,-0.5614536971942079
2023-01-05,6.5913217970495594,-8.635253541650888,0.03960999530312108,0.9757280098672612
2023-01-06,-34.64966637323357,7.5652562814899955,0.7131220282114366,0.4553841327936705
2023-01-09,-5.432047451609848,2.8994114132636772,0.9987916053718817,-0.23673515541312737
2023-01-10,13.451021668149885,2.570118015963423,-1.1059043216994142,0.7074690234800373
2023-01-11,-12.007946414545314,-2.3292059614588294,0.362332937309304,-0.11827190430660695
2023-01-12,-21.652147060488467,-1.7304338901667673,-0.4332368762414345,1.6131825649755784
2023-01-13,13.85258429400382,-3.524110100472145,-2.378263062232365,0.4242123240836597
2023-01-16,0.008463258675469203,0.008413433824016088,0.005375095992527638,0.00011402241690169341
2023-01-17,1.686935652308255,5.725025786429096,1.9380471936712693,1.3297200530551334
2023-01-18,-27.924528441823348,1.2071183740284244,-2.6097717183128686,-0.6869727740078055
2023-01-19,6.566202498171535,-0.6470126841915875,0.13221407614738498,-1.8841323902663474
2023-01-20,15.554959910885291,3.050544231915639,-0.21912816697142307,-0.03836110006495103
2023-01-23,9.426873070304831,-2.861589262964922,-1.4072971035511048,0.247092558457405
2023-01-24,-12.02389354170834,0.7073559536670356,5.088630420958707,-1.9733054675586663
2023-01-25,-2.690552121352981,1.5462797361067224,-1.621689560662697,2.1687411959385736
2023-01-26,6.550672374548888,-4.167801616460664,-0.1251167483828951,0.8613338645650455
2023-01-27,5.646675030212942,-0.13802242365827339,1.009171815599271,-0.4259337503111611
2023-01-30,8.563525148469541,-3.299261995352606,-0.10828179588280855,-0.9257809111166224
2023-01-31,-6.644547999448358,2.383326433238675,-0.9759710729161957,0.3664323829412706
2023-02-01,-25.19479368891652,1.5591751357541133,-0.5193894141720673,0.3401134141141095
2023-02-02,1.1059751144505403,0.054569839222178035,0.8837337744704916,0.14784128671272515
2023-02-03,30.04318060563338,-9.630470698292104,-1.7286191065312335,0.030621096971897285
2023-02-06,21.278657077237185,-7.36216895219028,1.0986880265333594,0.24102281783371535
2023-02-07,7.960074911550487,1.381777475368802,-0.8177022708619074,-0.4562706611844518
2023-02-08,-5.601658739800315,-0.3184822051542846,-0.787392839506104,-0.8893742596196235
2023-02-09,8.522875725968891,1.1681899298375293,-0.2730085395688502,-1.0401750564188097
2023-02-10,11.572874259728264,4.360922425508121,0.2155615366669179,-0.5251338582976516
2023-02-13,-1.9398368694958674,-4.469536132691524,0.37972968476071556,0.10944348861386939
2023-02-14,11.091372290311266,-4.360393879341126,0.0003212927458699673,0.28755882754112644
2023-02-15,7.068637216653586,1.417436239441508,0.2702842526981296,-0.3136080759938074
2023-02-16,6.912999102089428,5.414959590004891,-0.9908464907980393,0.3228925813541915
2023-02-17,-6.488909884884238,-1.6141969173246682,0.2851596705800318,-0.27006827440680164
2023-02-20,0.008463258675469203,0.008413433824016088,0.005375095992527638,0.00011402241690169341
2023-02-21,21.847057965655882,2.302407423746317,2.1993034861563205,-0.007028615890648745
2023-02-22,-4.9716756798158865,-1.7782251356240026,0.4007792964326583,1.3601854520695384
2023-02-23,-7.578048641033323,-4.323100275209306,-0.6240670348460917,0.5354912613419147
2023-02-24,16.971322023325644,-5.272161026452348,-1.5139374582024283,-0.2618883872575877
2023-02-27,-2.721271494231407,-0.3436433279016756,-2.085007208148312,-1.02697216570502
2023-02-28,1.9147004401587204,-2.255722472181139,-1.1050619782655793,-0.08281915056999468
2023-03-01,15.243069229658737,-2.4528784545156554,1.3518160339855292,1.4269706899803951
2023-03-02,9.22719805551607,4.645827499184847,1.8468408524940318,0.34409570731792866
2023-03-03,-16.36073189286893,-7.938842021845554,1.6936204103107335,-1.019890179372984
2023-03-06,3.336662626599341,-0.7002638090813691,-1.8439495411667355,0.02950652374732662
2023-03-07,4.8763865307291265,-11.215787445309006,-2.0732228595357487,0.008371233949054547
2023-03-08,4.470637355062144,-3.7901858526302084,-0.7854301055286919,-0.18501546667690014
2023-03-09,-16.135883556453052,11.525486027921499,0.07637961230721842,0.8439523563409038
2023-03-10,-48.34233584381085,8.431629941466085,4.373324943406644,-1.0818582262433751
2023-03-13,-49.295916139622875,41.05312429376318,11.196461717486013,-4.143491026676087
2023-03-14,21.16705586289777,-6.874539013213261,-4.677711416504036,1.4170209836691634
2023-03-15,-32.83230206428872,14.609839188504589,3.968660923282563,-0.7580840940051421
2023-03-16,19.8461091948942,-15.175486070667493,-3.3674735551744748,-0.7353392548529415
2023-03-17,-44.497728583778546,17.002818591174986,3.187124184179836,1.8071983509141942
2023-03-20,18.183822571164047,-4.756076046427353,0.4608252200856724,-0.8650559256119135
2023-03-21,30.736917239278213,-12.410691584322326,-4.813818859077457,0.5508554623393153
2023-03-22,-28.188756102361523,12.323945081585673,0.25317669646391733,1.0878156843374038
2023-03-23,-23.624152963350493,12.989394798487934,0.6050775351749766,-1.278138807473383
2023-03-24,0.24681374242827897,-1.7144763694087655,2.167315068664706,-0.5483887828389566
2023-03-27,31.987294183991693,-3.8211476555333417,-2.087539681825348,-0.555351769247337
2023-03-28,6.911585577902126,-5.7945778077060375,-1.5622022326019265,0.4636830198664531
2023-03-29,6.459586905734175,-3.7796882113048813,-0.9950579506108481,-0.1799507875716193
2023-03-30,-2.5026376839142066,-4.255948587160322,-0.16496404653236596,0.693347883848216
2023-03-31,-12.007946414545314,-2.3292059614588294,0.362332937309304,-0.11827190430660695
2023-04-03,-12.528684282275615,4.626467056593107,0.5537216915061414,0.4392361977176866
2023-04-04,-19.181695540399478,7.001380056007805,-0.4276244774025234,0.8055545582419823
2023-04-05,-8.367057293305892,0.17660749221997624,1.6066255289462512,-1.5026711561844561
2023-04-06,1.0274492950748317,-3.5514371843516046,-0.032509468179541166,0.5364868346428753
2023-04-07,21.39703324702461,-5.93468186395964,-2.4849034168837627,-0.0847686216312525
2023-04-10,4.553349724250858,-1.5155523052995976,0.11537912364728395,-0.09701761458473322
2023-04-11,3.546923337290542,-1.9498221158536815,0.10696164739723286,0.7965397732560859
2023-04-12,-8.25861117314076,7.961469569649237,-1.6783750106713122,1.2528566206919478
2023-04-13,7.627251481258898,2.5352221701535878,0.8304119974652842,-1.3741558712504414
2023-04-14,16.40852120890724,-5.058573480921176,-2.058631189495525,0.32201600797676644
2023-04-17,16.93485915063787,-2.1360825775053636,-1.6940982153625088,0.10036086746250265
2023-04-18,-1.5003978467668584,-2.490305300363165,-0.14111255680831683,-0.6768529040148257
2023-04-19,4.442547582000471,-3.316854356169669,-0.9964588896368771,1.1305205880877285
2023-04-20,-13.954833018529323,4.402381869736608,1.3080432678814042,-0.14973287662194848
2023-04-21,5.975311910691503,0.03990635780010425,-0.6235084392538488,0.015308059732583335
2023-04-24,-10.499085309102927,0.169512772728319,0.5088205901100757,0.5586950221251209
2023-04-25,-31.167802844282278,13.111034572128368,5.376279319579574,-0.717617824921373
2023-04-26,7.310375178130419,0.6521049498125852,-2.247771217856975,-0.43700751806443927
2023-04-27,23.509344589385986,-8.117002600493905,-1.6289952891038568,0.12268805486828002
2023-04-28,-15.205209963242789,-4.187162059052383,-1.4182359093707366,0.9564743549647697
2023-05-01,27.365295423227927,5.306348457727489,-2.542431210326178,-0.21036502282789366
2023-05-02,-31.0789299717438,3.8023157591085583,1.0103033502502474,0.41291722889055055
2023-05-03,-12.73475844315378,4.544651887122159,-1.4126235105318514,0.14884634823118156
2023-05-04,-9.967147293371935,12.970167597611846,1.4292752925729804,0.6728928431208024
2023-05-05,19.448733118853248,-10.41263143047519,-2.110548828115589,0.024560844565683436
2023-05-08,15.920059664051559,0.0923945644270243,-1.6716476646644873,0.04063145525876931
2023-05-09,2.560213623765815,-0.19467647038175273,0.3404409822034394,-0.5787256937122393
2023-05-10,-20.36191976536322,4.6805901032790125,-2.206792385056473,0.5698294418540318
2023-05-11,-6.246372851318432,-4.668460196800684,2.431665629778065,-0.3419276796403343
2023-05-12,15.065084841842289,-3.008025120447161,-0.40350038394428833,-0.17895521427069824
2023-05-15,5.819673796127408,4.037429708363496,-1.884639182750051,0.6518087170806084
2023-05-16,9.989673884723194,-3.0751768084960163,-0.8626033722579974,-0.3368118367770101
2023-05-17,8.119899575927604,-3.9471193514378937,0.42799445916017365,-0.6161279185101567
2023-05-18,17.181582734016732,-6.521719333224591,0.43697373036152554,0.5051448622511765
2023-05-19,10.187374945975327,-0.33061468653865245,1.1346098567281147,-0.9997087873350297
2023-05-22,2.9757494232461488,0.9265123821639656,-0.4068640569477046,0.4271573684459002
2023-05-23,-3.410821578063221,1.1052040818853135,0.9847585309239113,-1.070563131050192
2023-05-24,3.732481752644032,-1.7684904125615684,-2.8331513913742237,3.3042124407145943
2023-05-25,24.080518503430383,-10.993337098511514,-1.115169584758882,0.4920704596784902
2023-05-26,-0.896947609847824,-7.171344771084483,0.5683079181708071,-1.1463631539470251
2023-05-29,0.008463258675469203,0.008413433824016088,0.005375095992527638,0.00011402241690169341
2023-05-30,-18.308417568941874,1.0816777991969169,-2.025230688870354,-1.102891188525409
2023-05-31,-11.50969824587625,1.0666164384174863,0.5158371273340727,0.97560900994366
2023-06-01,-7.42518355209493,4.220287248181522,1.2238534639280854,-0.718443234540627
2023-06-02,21.552671361588654,-9.932205214522952,-1.2237726733876075,-0.7212692789792461
2023-06-05,-2.4647612870391935,3.817510361603636,0.586552452431625,0.19030819061589718
2023-06-06,3.5833862099782348,-5.085900564800623,0.2871224045573612,0.4342905185360208
2023-06-07,15.111334338343314,2.402686875830412,0.31714808807160794,0.27129189254150005
2023-06-08,-11.02960980064665,-1.4216046544442584,0.15972162945115476,0.3037067626171514
2023-06-09,7.026574269965542,-5.324649233079247,-0.46579823279183824,-0.2872117827837213
2023-06-12,-5.42786090179686,1.5680379370204554,0.9833575918978577,0.2399082446091452
2023-06-13,21.123018962673026,-3.364645601626896,-0.1624427169628085,0.8775234751817147
2023-06-14,3.6479388557275896,-8.695310510208143,0.6783119458255774,-1.243494790948606
2023-06-15,-21.907243743493257,5.317949818038883,-2.533440795017372,0.2551117701423077
2023-06-16,11.210547532187674,-5.221838780957537,1.0812912790819829,0.013307424913191496
2023-06-19,0.008463258675469203,0.008413433824016088,0.005375095992527638,0.00011402241690169341
2023-06-20,-5.510573270985601,-0.7065956103100659,0.08254836272184927,0.15191039251704133
2023-06-21,-2.511010783540221,-1.593201634673937,-0.13409601958427078,-0.25993891619630144
2023-06-22,15.924246213864524,-1.2389789118162091,-1.6870816781385265,0.5172748552810094
2023-06-23,-10.79963241651981,-0.4817475051906151,2.352529629071419,-1.198082842683206
2023-06-26,-4.992608428880904,4.878642245592106,0.47794936380287384,-1.0230315480418113
2023-06-27,10.532758025705869,-5.478179810053166,-0.5598064520212367,1.3481066227977854
2023-06-28,-8.688120146247368,-0.37513625187779204,-1.4561236729018632,-1.0421662030207792
2023-06-29,29.106906938422743,-3.79598653278591,-0.7899253131831387,-0.41775386316192276
2023-06-30,-5.798560728963443,-5.351976316958687,1.8799553612610342,-0.17493727222453923
2023-07-03,10.080759353537967,-3.463290213651968,0.007337829969890481,0.7044728153596398
2023-07-04,0.008463258675469203,0.008413433824016088,0.005375095992527638,0.00011402241690169341
2023-07-05,11.74667209773171,6.247442567682819,1.9863119680707821,0.6041486459311837
2023-07-06,17.009997492289536,0.5123659324645897,3.9021404705148313,-0.7133880436528812
2023-07-07,-1.0469856504116053,6.704342500946608,-0.13690109699550768,-0.17400953508901443
2023-07-10,-12.323409193486501,6.997214215911168,-2.144494536208946,0.6780860103670593
2023-07-11,-1.1675744164752457,-3.6437499951479393,-1.7892268251354932,0.24103230605119616
2023-07-12,-26.780767089547293,6.663986775704117,-1.0107645678189996,-0.08899840289980254
2023-07-13,-21.701169582615172,5.3997649875098315,-0.5670955929793704,0.5455016196288129
2023-07-14,17.990308059724978,-8.832011644627979,-1.5518220223745707,0.2744844249684456
2023-07-17,-1.7429348803327398,0.5639579791128789,-2.2876185160064226,-0.604993498781215
2023-07-18,-2.98272612914385,-1.7677274942986172,0.19115145135056075,1.365250131174706
2023-07-19,-6.896072584738533,-5.398132722356878,1.001596682783094,-0.32266453652034865
2023-07-20,16.775833558349774,0.9038822594542193,1.7247664843685964,0.31175816162525394
2023-07-21,0.9321772764470854,-1.8319503029525623,-0.8870166569334702,-0.9814412175160434
2023-07-24,3.3249020492493067,1.004924629801258,2.8669139290086827,-1.3488836394824133
2023-07-25,6.9297453013415495,0.08946568503202496,-1.0525825446941914,2.229466181443236
2023-07-26,-7.82895877422516,1.3939099567530904,-2.739704967096175,-0.34593613346899144
2023-07-27,25.824957066999865,2.323402706397048,1.7800477959921248,0.0031007423197662956
2023-07-28,-9.164022041664035,0.7817113647407882,-1.1154421884930659,0.10637944432806616
2023-07-31,0.5473608498451478,-1.0632160914898774,0.3236060297034245,1.20838908196943
2023-08-01,13.446835118336917,3.9014914922066524,-1.0904703082254046,0.2308256234576925
2023-08-02,2.4831013285774626,7.4088539037553565,-0.004446518642619579,-0.33087058429435606
2023-08-03,17.35180847430554,10.194643672751319,-1.8700475127098612,0.9654534911083863
2023-08-04,-26.707841344171893,0.39182987781016543,-0.6504430534988062,-0.8134969123399494
2023-08-07,4.4762374290624365,6.087978068837541,-0.22950837719878903,0.1508374948331361
2023-08-08,-11.112322169835355,-3.6962382017748228,-0.7410875997249415,0.2157089105250163
2023-08-09,1.4164522714897703,-5.651544872057524,-1.2585661682903337,-1.176700064820267
2023-08-10,13.891259762967831,2.26041685844483,3.0378148664847897,-0.0272873323116285
2023-08-11,13.845010266466723,-3.1502951378327193,2.3171663944689813,-0.4775344391237562
2023-08-14,8.448536456406256,-3.7691905699794566,-1.204685795692955,-0.17488610846643293
2023-08-15,0.6175135695948571,5.205537884570394,1.2707172993014906,-0.13354326600531857
2023-08-16,12.029059481709218,1.0146593528636327,-0.36701675879825835,0.5951433491627556
2023-08-17,1.0653256919498608,4.52202176441234,0.719007030784387,0.03344714141051756
2023-08-18,-6.60808512676069,-0.7527520157082778,-0.7958103157560816,0.0041831282211734
2023-08-21,14.132997724444671,1.4950855688158686,0.519759395929733,-0.15068677438227224
2023-08-22,2.605049596079547,-5.993501871815206,0.48973371241549546,0.012311851612229703
2023-08-23,-25.1176813937281,-6.044355238383101,-0.17450191332595602,0.09225830469630746
2023-08-24,6.5100229520481845,0.2996503087295079,-0.28984349206902404,0.746939719262864
2023-08-25,6.130950025255599,-3.957616992763229,0.637622304242354,-0.6211925976154629
2023-08-28,-8.724583018935084,2.7609421970691796,-1.6362844300620252,-0.6799169483006298
2023-08-29,-18.610521626355087,4.125045557990217,0.086201226942415,1.1749369630521471
2023-08-30,1.9147004401587602,-2.2557224721812,-1.1050619782656281,-0.08281915056997981
2023-08-31,-7.416810452468885,1.557540295695091,1.1929854369800623,0.23484356550385221
2023-09-01,13.085921914983611,5.528267683451957,0.3466151759936014,0.6284764681563716
2023-09-04,0.008463258675469203,0.008413433824016088,0.005375095992527638,0.00011402241690169341
2023-09-05,16.450584155595237,1.6835119915995609,-1.3225487040055581,0.29561971476672033
2023-09-06,8.243261367617023,-6.139937729297395,1.493530432022279,-0.41373592111582935
2023-09-07,-8.550785180931637,4.647462339243857,0.13446600134184847,0.44936555592814664
2023-09-08,0.49692480353112733,-5.142554611524192,-0.38160842883849555,0.28149857513497134
2023-09-11,3.50208736497685,3.849003285579787,-0.04233108281466313,0.20550222793157044
2023-09-12,-0.9375970323485426,-2.7038928458943787,0.40358117448475006,-1.2607572992492049
2023-09-13,-3.525810270126598,0.6352755072585425,-0.11164546888623436,-0.3196683283999653
2023-09-14,7.845086219487112,0.911848900741892,-1.9141062706720449,0.29462414146575844
2023-09-15,6.06221082969323,0.9831664288875438,0.26186677644812817,0.5799493118469758
2023-09-18,0.4927382537181594,-3.8111811352809415,-0.3661744153644957,-0.1951448248873148
2023-09-19,8.1703356222416,0.1322191685964295,1.1332089177020697,0.31076258832432824
2023-09-20,-0.03778623782556768,-5.402298562453502,-0.715273376023455,-0.45013308439533106
2023-09-21,19.657634328106088,12.088258534417664,0.9985078575304005,0.03336981702761896
2023-09-22,-7.142796168117338,-1.012495966637565,-1.1294752629410114,-0.7274485313090638
2023-09-25,14.467234678923518,11.551178271741913,-0.5569991305935627,0.6264079971714585
2023-09-26,-0.365009594116794,5.629310053799044,1.4887626206336635,-1.0321653329513498
2023-09-27,9.51377198930658,-1.9183291918774716,-0.521921887849113,0.8117338105718299
2023-09-28,-7.4490867753435746,3.36224526839876,0.9973906663458367,1.0737362202462304
2023-09-29,-0.6776993474323098,2.41481935721483,-1.6048546081626438,0.38162642025695076
2023-10-02,19.688497126793393,-0.9259838359970279,0.6227468863605784,-0.6647323992023907
2023-10-03,18.481596652955268,8.43609510544574,-0.7960940635977746,0.274288100661807
2023-10-04,-16.79875739141054,1.2914645435370797,2.7858183936837317,-0.3743842252565583
2023-10-05,-2.785824139980766,3.2657666175057454,-2.4761967494165686,0.650813143779603
2023-10-06,12.05714925477098,0.5413278564031536,-0.15598797469008163,-0.7203927056018942
2023-10-09,0.008463258675469203,0.008413433824016088,0.005375095992527638,0.00011402241690169341
2023-10-10,-23.53448101872311,1.391743995621074,0.9036629955989782,-0.09606371682441346
2023-10-11,-9.937698018871878,-11.253612170513787,0.4821585795991588,0.1155810654030088
2023-10-12,20.954821198669944,4.626998177666164,-1.3772714200367457,0.08409393246284963
2023-10-13,-10.430346113540583,-4.771270648922445,0.8845761179042773,-0.642446887337292
2023-10-16,14.457448055110175,3.0043878265174575,-1.0974868454493878,-0.18608836436073467
2023-10-17,21.887707388156617,-2.165044501443899,2.3640302298423626,0.10736552941150207
2023-10-18,10.324709911291047,4.691983904583009,2.7251995309719477,0.49182297161384375
2023-10-19,8.080663677614245,11.729869971463382,0.834623457278133,-0.8713125023246628
2023-10-20,-11.752235279442134,4.120879717893408,-1.6306688318640639,1.047468415177209
2023-10-23,-10.993146927958984,-4.5576831033911684,0.33988238661124975,-0.05854249210282919
2023-10-24,-4.5944332807509864,-2.17314438444724,3.8855860664972557,-1.7313916106234697
2023-10-25,18.81860663305984,5.951276934417655,-2.45964234539901,1.6688167107502283
2023-10-26,-16.667821572184096,-1.2751687969619776,-0.8440750901555647,0.7297545353451881
2023-10-27,-3.205546489274018,3.475951241203278,-1.7134576967913855,-0.8317133184008159
2023-10-30,6.633384743737604,-1.8931680691301322,0.7756924807930895,0.9493317166571751
2023-10-31,2.9253133769321336,-3.152826137870386,-1.1120785154895767,-0.49973313838857086
2023-11-01,-23.238120461119237,3.3743777497832403,-0.924612029888366,1.1840707479616663
2023-11-02,-11.331570432250796,-13.282402330074122,1.432074926608563,-1.3122806636789208
2023-11-03,-23.278769883619926,7.841829674973417,-1.0893387735743199,1.0696766026595104
2023-11-06,19.12988286218798,-2.0437697667089925,0.0626191415933469,0.39581539605418714
2023-11-07,-13.631796212050991,-5.297853270272813,-0.8805587153016529,-0.044344028088192704
2023-11-08,-9.913794795623293,-10.39557019073111,0.7086213771814791,-1.6765983893838075
2023-11-09,25.084171864765086,1.981843585996693,-0.5199623532308474,-1.01892076669694
2023-11-10,-1.8529379504940813,-3.5262760616041158,1.2651049004626198,0.6740847407282627
2023-11-13,1.632313056181148,2.9770607426379776,1.2482667486034937,-0.0738138538015715
2023-11-14,-39.72089078053962,6.166731117197869,0.23858502642366794,0.7741709103096799
2023-11-15,18.032371006412934,-2.089926172107283,-0.8157395368845939,0.24808813175838043
2023-11-16,-14.687245121138107,1.39807579684984,-1.0228349082896389,-0.21846758559412324
2023-11-17,1.0639121677625436,-6.687515633298577,0.14765128898056296,0.17423757992281783
2023-11-20,-2.0631986611852606,-2.2767177548319135,-0.6858062881013642,-0.0929485087805262
2023-11-21,-3.5580865930012373,2.439980479962192,-0.3072402395204116,0.519224326342361
2023-11-22,2.6877619652682228,-3.7188683244846135,1.390542941591529,0.10030970370434462
2023-11-23,0.008463258675469203,0.008413433824016088,0.005375095992527638,0.00011402241690169341
2023-11-24,9.057586767325553,1.4279338807668835,0.060656407616007664,-0.308543396888574
2023-11-27,-17.14791001741375,1.213052295899803,-0.4879595922727344,1.4016567826717021
2023-11-28,-13.099858196320026,7.502801554610667,0.039895987161227144,0.0698537929075359
2023-11-29,-15.253433413280538,0.6541048287772914,3.1124668036445393,-0.05966655354497998
2023-11-30,18.88734582862226,1.010493512766905,-2.0838868176047547,0.4676748012878544
2023-12-01,-31.403380302409435,2.2930135014070263,2.627549591629425,0.4483188188689983
2023-12-04,13.195310533046731,-3.879967663388964,0.8870974474739862,-0.45827129600382077
2023-12-05,-19.30567178418727,-4.304270953690616,2.6000452376846224,0.7954930361970128
2023-12-06,-6.53097283157226,-8.356282389845413,-0.45092281490992087,-0.24367198119668293
2023-12-07,0.950336999886466,4.052093189785519,-0.3773969690257257,0.7843419440606993
2023-12-08,20.620584244191047,-5.429094525259978,-0.3005128935134994,-0.6930008390907869
2023-12-11,1.0148896456358245,0.4426832443780986,0.013792572242530518,-0.8934433654239236
2023-12-12,-2.7128983946053427,-3.0063902803881972,-2.11587523509636,-0.07368536566051202
2023-12-13,-38.46214073620018,12.093528093500474,2.9339961767276748,0.6212504787674729
2023-12-14,-23.164395643654856,-5.186711137957745,4.100270914185054,0.51111227535861
2023-12-15,1.8403611705960845,-7.1931029719982424,-2.036739234389685,0.7824697973824244
2023-12-18,5.606025607712187,4.329429501531992,0.844445071913303,-0.5403278956133518
2023-12-19,-2.8438342138317703,-0.43975693988909353,1.5140182487428728,-1.1778241262623184
2023-12-20,-13.58973326536308,1.444232202247982,-0.1444762298116754,-0.07074032129826056
2023-12-21,3.9457129375188416,4.496860641664962,-0.5786073378577675,-0.10415076467483982
2023-12-22,0.534801200406102,2.9309043372398063,0.36990807012555393,-0.2215411180974208
2023-12-25,0.008463258675469203,0.008413433824016088,0.005375095992527638,0.00011402241690169341
2023-12-26,-2.083332338161292,2.0912176365371478,4.055925209022116,-2.424625472054739
2023-12-27,-18.208959000501135,-1.9691825584454006,-1.1861575135906093,0.8916802636558102
2023-12-28,9.513771989306537,-1.9183291918775334,-0.5219218878490948,0.8117338105717525
2023-12-29,3.5847997341655753,6.123636832910305,0.8584781463612002,0.2935000800237533
2024-01-01,0.008463258675469203,0.008413433824016088,0.005375095992527638,0.00011402241690169341
2024-01-02,15.512896964197276,-3.691541240605144,-0.9552106524613284,-0.01196480685484455
2024-01-03,-5.149660067632364,-2.3333718015554994,-1.3545371214971826,-0.24574045218152962
2024-01-04,14.013822482568267,2.3565304704322396,-0.561210590406332,0.12356462824565072
2024-01-05,10.475362403953161,4.314766020109884,-0.6627971418111491,-0.6728611225934994
2024-01-08,-8.51013575843091,0.18001041405367574,0.2991927450280015,0.5637597012303028
2024-01-09,0.9867998725741131,0.9160147408385592,-0.19723621186559756,0.4220926893406741
2024-01-10,3.5385502376645515,0.7129248366328327,0.13782967434534413,-0.15674702678844138
2024-01-11,-14.078194810218758,6.595200247596181,0.24250729501936222,-0.35212487401625786
2024-01-12,-8.924258033723893,10.268358959218947,1.6178535259830724,-0.5829137994401128
2024-01-15,0.008463258675469203,0.008413433824016088,0.005375095992527638,0.00011402241690169341
2024-01-16,20.099846376460707,1.5265784927919388,-0.10912413931660449,-0.13549273706654444
2024-01-17,11.369573124475739,-8.261803617917092,-2.3375734206491856,-0.19808986924958052
2024-01-18,5.934662488190853,4.507358282990357,-0.7882351829398893,-0.09908608556964604
2024-01-19,4.589812596938594,-4.651630754246558,0.2955398808074027,-0.45926686930475824
2024-01-22,-7.6145115137209665,-1.1870218262623629,-0.8042277920061814,0.8977405160619861
2024-01-23,3.275879527122524,8.135123507477863,2.7330552122706826,-2.41656458482916
2024-01-24,4.821620508793107,0.940412945323028,-1.9239246859481975,2.498652904965945
2024-01-25,-8.962134430598907,2.1949000104548717,0.8663370270190799,-0.07987410620775169
2024-01-26,4.918449477417155,-4.473701972788181,-1.337140374045717,-0.018025059261013773
2024-01-29,-13.018559351318661,-1.432102295769674,0.3693494745332863,0.298642083511899
2024-01-30,2.4312517580761077,-7.8800220139899,-1.2810167189885289,-1.116970652616599
2024-01-31,-15.491783897033335,2.3769946320100006,0.9505268309724864,0.4888362517109587
2024-02-01,-21.057069923195407,-3.7487264084017604,0.307051625685736,0.1903855149988763
2024-02-02,31.745556222514907,-3.055816365904357,0.4305157887297964,-0.43195232717672083
2024-02-05,25.618882906121687,2.2415875369261173,-0.18629740604596504,-0.287289107166693
2024-02-06,-15.69367150809842,0.9638059862958153,-1.0312523845396897,0.6750898022466745
2024-02-07,3.4797410917244282,-0.703666730915156,-0.5365167572484723,-2.036924333667397
2024-02-08,11.050722867810665,0.10705804584912892,-0.16440545094013215,0.17316468223890352
2024-02-09,3.5427367874774864,-0.6184486396104913,0.12239566087124135,0.3198963732338205
2024-02-12,-1.4499618004528578,1.589033219671238,0.5641019017336286,0.2500376028196046
2024-02-13,29.678080852467097,-6.672321030803519,-0.27609960883814594,-0.0483714583518093
2024-02-14,-9.53330834464328,5.071234508472547,0.3525113226741184,-0.44925651101795094
2024-02-15,-4.614949026275629,-2.0736278506261314,-1.020872174312271,0.4858912073487452
2024-02-16,12.069708904209955,-3.452792572326564,-0.20229001511225508,0.7095374944648594
2024-02-19,0.008463258675469203,0.008413433824016088,0.005375095992527638,0.00011402241690169341
2024-02-20,-6.529559307384943,2.8532550078655037,0.12043292689390303,-0.3844624197089832
2024-02-21,9.95321101203553,0.06090164045091869,-1.0427641294180727,0.025437417943133613
2024-02-22,3.58338620997823,-5.085900564800724,0.2871224045573214,0.43429051853601697
2024-02-23,-11.880398073042896,-5.853397815561608,1.4124348966972833,0.5607634931099283
2024-02-26,3.867187118143128,0.8908536180911591,-1.4948505805078491,0.2844947832553436
2024-02-27,5.523313238523489,2.054795954201368,-0.05636415726273613,-0.6283257477055578
2024-02-28,-9.968560817559311,1.7606301999009257,0.8579195507690299,0.8136832816330831
2024-02-29,-1.948209969121858,-1.8067891802051277,0.41059771170882564,-0.8438433114306156
2024-03-01,-14.961259405489576,3.9681120591825345,1.2996257916313194,0.7438245112188969
2024-03-04,8.329361214529754,-2.9077456683630882,-2.285655782029098,0.09936529416147703
2024-03-05,-16.433657638244338,-1.6666851239515863,1.3332988959906609,-0.2953916699328895
2024-03-06,-2.5068242337271704,-2.9245751109170888,-0.14953003305832743,0.21670448382597612
2024-03-07,-5.6703979353627005,4.6223012164964175,-1.1631483673002874,0.31176764984271244
2024-03-08,-1.0063362279109112,2.236890575756395,0.02782564669052392,-0.0596153897867661
2024-03-11,3.012212295933817,-2.2095660667829864,-0.22670329978759093,0.06490811372580277
2024-03-12,12.509147926938953,-1.4735617399981507,-0.7231322566811855,-0.07675889816377165
2024-03-13,6.981738297651863,0.4741761683541691,-0.6150909630038072,-0.8782493281081956
2024-03-14,18.110896825788643,1.516080851466677,0.10050370576544142,-0.14055741617183362
2024-03-15,4.67671151594023,-3.7083706831592984,1.180915096509358,0.10537438280959277
2024-03-18,5.079687665981619,1.4069385981161322,0.479912097780252,-0.3186727550990407
2024-03-19,-8.070696735702034,2.159241246382214,-0.22164949654102914,-0.2225366913983581
2024-03-20,-8.559158280557643,7.310209291730283,0.16533402829004154,-0.5039212441164372
2024-03-21,1.4710748676168033,-2.9035798282663983,-0.5687857232226209,0.22683384203645757
2024-03-22,-9.603461064393013,-1.1975194675877359,-0.5945999469239626,0.8926758369567652
2024-03-25,2.392814931851755,5.508035319064217,3.79017370888268,-1.3206151995939985
2024-03-26,-1.0806754974736124,-2.7004899240605207,-0.9038516094335558,0.8056735581656218
2024-03-27,-7.051710699302608,-1.4006093717935364,-0.2595340607131237,0.3138361208276254
2024-03-28,3.0486751686215037,-5.345644515730008,-0.04654254262751175,-0.29734114099420766
2024-03-29,0.008463258675469203,0.008413433824016088,0.005375095992527638,0.00011402241690169341
2024-04-01,25.86480741741157,0.14488277105390557,-2.719786890075117,0.06595485078493574
2024-04-02,3.054275242621876,4.532519405737739,0.5093791857022943,0.03851182051581578
2024-04-03,-1.4499618004528578,1.589033219671238,0.5641019017336286,0.2500376028196046
2024-04-04,-8.034233863014308,-0.9768372025649107,-0.04148873938098003,-0.5847859461184707
2024-04-05,15.476434091509603,-0.555462791658174,-1.1353714096214802,0.3502844478652066
2024-04-08,7.109286639154241,-3.0500156857486447,0.43501099638421015,-0.199213930691574
2024-04-09,-10.585984228104625,-0.7737472983590294,-0.3765546255918373,-0.005946229989293266
2024-04-10,40.18562942024552,-6.83342036970783,-0.7795451029556684,-0.6069524580600543
2024-04-11,-0.8044486168457435,3.6500792214706532,2.0096048622026226,-0.2458689403226536
2024-04-12,-11.15297159233604,0.7712137234153557,-0.9058143434108955,0.10131476522286038
2024-04-15,21.15670880973506,6.040186823380323,0.6045077954753036,-0.1021596180729431
2024-04-16,7.520635888821518,-0.5974533569597357,-0.296860029292925,0.33002573144430036
2024-04-17,-12.661832697778411,-1.727505010771748,-1.0523019962117295,-0.5756521612089283
2024-04-18,9.628760681369966,-1.4484006172507349,0.5744821119609211,0.060839007921598055
2024-04-19,-3.52162372031358,-0.6960979689847262,-0.12707948236018604,0.15697507162226915
2024-04-22,0.008463258675469203,0.008413433824016088,0.005375095992527638,0.00011402241690169341
2024-04-23,-6.696957999299033,8.555966797311521,3.5701656535730697,-1.1263519255907044
2024-04-24,6.27167246829534,2.022540111962312,-2.4517834647411054,1.295442524518695
2024-04-25,10.9680104986219,-2.1675755014815428,-1.065214680116148,0.08516683014675129
2024-04-26,-4.495773784399274,-2.9350727522425264,0.06009781202376468,0.21163980472075714
2024-04-29,-4.70184794527735,-3.0168879217135123,-1.9062473900141894,-0.07875004476576007
2024-04-30,12.065522354396945,-2.12141909608333,-0.1868560016382267,0.23289409444271766
2024-05-01,-13.502834346361338,2.3874922733353503,0.7408989858902373,0.4939009308161141
2024-05-02,-11.522257895315287,5.0607368671471145,0.562139167756289,-0.4543211901231568
2024-05-03,-14.683058571325098,0.06670232060664798,-1.0382689217636867,0.25817581442813536
2024-05-06,-0.9656868054101672,-2.230561349433837,0.1925523903766039,0.05477875551543038
2024-05-07,-2.3918355416638226,-2.454646536290291,0.9468739667517556,-0.5341903188242706
2024-05-08,3.895276891204721,0.4175221216306441,-1.2838217963995766,-1.0310412715092139
2024-05-09,-6.849823088237529,0.012579273920683323,1.722245154798975,0.1275825702918175
2024-05-10,10.405209684203493,-1.9539879559503508,-1.609908411409254,0.6690712253811636
2024-05-13,-3.5258102701265477,0.6352755072585234,-0.11164546888618607,-0.31966832840001713
2024-05-14,-7.412623902655889,0.22616681945185685,1.1775514235059172,0.7114869655261777
2024-05-15,-17.682621058770437,0.9533083449703406,-0.821624539457617,0.6700251231415351
2024-05-16,6.130950025255599,-3.957616992763229,0.637622304242354,-0.6211925976154629
2024-05-17,8.41207358371848,-0.633112121032474,-1.3848465528530352,0.18736314625365677
2024-05-20,2.642925992954598,2.0799570769488303,1.2412502113794295,-0.4907278416200582
2024-05-21,-4.614949026275676,-2.0736278506261545,-1.0208721743123008,0.4858912073486802
2024-05-22,5.120337088482226,-3.0605133270740428,0.644638841466303,-0.2042786097968721
2024-05-23,8.531248825594881,-1.4945570226488458,-0.30387656651697004,-0.08688825637426652
2024-05-24,0.4885517039051625,-2.479807659037707,-0.3507404018903507,-0.6717882249096402
2024-05-27,0.008463258675469203,0.008413433824016088,0.005375095992527638,0.00011402241690169341
2024-05-28,10.414996308016832,6.5928024892741455,-1.0694206965534478,1.481567586913473
2024-05-29,12.135675074146649,4.147334879976937,0.7602552679599996,-1.1090382535320382
2024-05-30,-10.585984228104673,-0.7737472983590525,-0.37655462559186703,-0.005946229989358325
2024-05-31,-8.062323636076021,-0.5035057061042897,-0.2525175234891258,0.7307501086462018
2024-06-03,-18.537595880979662,-2.147111339903843,0.4465227412626211,0.45043845361207435
2024-06-04,-13.553270392675374,-1.6918462466988913,0.03568452734838129,-0.4329895760183273
2024-06-05,-8.39514706636754,0.6499389886805061,1.3955967448380904,-0.18713510141985337
2024-06-06,-2.095474984059932,-0.47201278212823783,-0.8814010587354151,0.7459441459618777
2024-06-07,29.637431429966444,-2.204869105613365,-0.4408263525242257,-0.1627656036540427
2024-06-10,5.0474113431069,3.2116435708199034,0.28431732714617286,0.5202198996432562
2024-06-11,-13.55745694248838,-0.3604727704556991,0.05111854082242878,-0.9096329760405859
2024-06-12,-14.683058571325097,0.06670232060653004,-1.038268921763688,0.25817581442817794
2024-06-13,-14.476984410446926,0.14851749007763745,0.928076280274345,0.5485656639146655
2024-06-14,-6.365548093194879,-3.807015295184331,1.3506956434419994,-0.06767627701237183
2024-06-17,15.032808518967645,-1.2033201477433724,-0.5990951545784728,0.659937440471644
2024-06-18,-11.037982900272644,1.2411422980421343,0.1905896563992357,-0.6495800374274382
2024-06-19,0.008463258675469203,0.008413433824016088,0.005375095992527638,0.00011402241690169341
2024-06-20,4.516886851563131,1.6205261436473277,-0.06478163351275766,0.26523164013538414
2024-06-21,0.008463258675469203,0.008413433824016088,0.005375095992527638,0.00011402241690169341
2024-06-24,0.5754506229068355,-1.5365475879503496,0.5346348138115378,-0.1071469727952
2024-06-25,-5.760684332088361,2.721482631805302,2.631471860225041,-0.6779769654568653
2024-06-26,15.439971218821876,2.580615657288789,-1.3155321667815123,0.7125337025852444
2024-06-27,-4.619135576088683,-0.7422543743829625,-1.0054381608382528,0.009247807326421555
2024-06-28,9.999460508536558,5.4716136367284705,-0.32211565740216735,0.4756845247552742
2024-07-01,21.06980989073334,5.096926752292984,-0.2808674202266333,-0.6668008701873315
2024-07-02,-8.597034677432715,-0.7632496570337185,-0.5861824706740862,-0.0008815508840584344
2024-07-03,-11.560134292190263,-3.012722081616764,-0.18937733120775974,0.04871850310919304
2024-07-04,0.008463258675469203,0.008413433824016088,0.005375095992527638,0.00011402241690169341
2024-07-05,-18.047720811936767,3.9114580124589855,0.6308949582355203,0.5910325678178137
2024-07-08,1.0232627452618892,-2.220063708108423,-0.017075454705517717,0.05984343462058431
2024-07-09,2.9715628734331125,2.257885858407185,-0.3914300434737199,-0.04948603157637884
2024-07-10,-1.948209969121858,-1.8067891802051277,0.41059771170882564,-0.8438433114306156
2024-07-11,-18.495532934291692,4.594974132617037,1.1826052267525275,0.4240421604019648
2024-07-12,-5.875673024151893,2.251554057178419,1.5350678604148975,0.07291783719333107
2024-07-15,7.027987794152939,5.884888164631744,0.10555750901212801,-0.4280022212959905
2024-07-16,-9.447822949828971,-5.195042818151033,0.6665307965721536,0.25617517960872466
2024-07-17,-2.543287106414857,0.21150333802981366,-0.32969079021840797,0.5789537385460289
2024-07-18,7.964261461363514,0.050403999125520196,-0.8331362843359799,0.0203727388378355
2024-07-19,8.613961194783597,0.7800765246816853,0.5969326626590149,0.0011095957178633754
2024-07-22,2.8846639544313897,1.314625787319846,-1.2768052591756567,-0.6141272836907672
2024-07-23,-6.129970635067656,7.01100577553708,4.099425371392177,-1.2336129208028304
2024-07-24,1.2425110076772994,7.366100420190902,-2.190237981038896,1.5878330088245982
2024-07-25,0.05329923098912295,-5.790411967609413,0.15466782620448222,0.5911515677413437
2024-07-26,-12.131308206234685,-0.136387583599187,-0.7032030355527705,-0.32066390170091197
2024-07-29,-3.4893473974389084,-2.5008029416885202,0.06851528827386359,-0.6819175831200925
2024-07-30,-3.5216237203135403,-0.6960979689846686,-0.12707948236023367,0.15697507162224164
2024-07-31,-11.481608472814665,0.5932849419568881,0.7268659114422663,-0.33992704482094765
2024-08-01,-22.025619913280725,3.890462729808243,1.0501506483997403,0.5809032096073735
2024-08-02,-42.16941303091667,8.54493803491317,5.7107866101982445,-0.7762743394412407
2024-08-05,-2.8312745643928077,-4.433877368618816,1.4677162083208009,0.25210607380452027
2024-08-06,22.41743280761127,1.7150049155757303,-1.9514322392519428,0.31081375208243844
2024-08-07,10.59035109601659,4.784694594736758,0.4336068579990761,-1.423755925243715
2024-08-08,6.542299274922914,-1.5050546639742213,-0.0942487214348474,-0.09195293547949958
2024-08-09,-6.123810131718024,-4.572346584813247,-1.1673598271131203,-0.19107571908307572
2024-08-12,-8.510135758430934,0.1800104140536855,0.2991927450279773,0.5637597012303286
2024-08-13,-11.518071345502284,3.729363390903901,0.5467051542821924,0.022322209899135144
2024-08-14,-2.9504498062692153,-3.5724324670023466,0.38674622198468833,0.5263574764324344
2024-08-15,20.505595552127627,-5.899023099886853,-1.3969168933236666,0.05789396355933781
2024-08-16,-4.947772456567197,-0.92018315584122,0.6272420940149074,-0.43199400271735877
2024-08-19,-4.495773784399249,-2.9350727522425357,0.06009781202378866,0.21163980472073138
2024-08-20,-9.853572125495827,2.230558774527667,1.9543235505791419,0.0627884789828644
2024-08-21,-8.550785180931669,4.647462339243862,0.13446600134198436,0.44936555592816624
2024-08-22,14.493910927797929,-0.13169062242953622,-0.9173260882893227,-0.5483376190808569
2024-08-23,-11.965883467857314,4.412879511061965,1.098415422799272,-0.14466819751667503
2024-08-26,1.9974128093475205,0.018911075149409512,-0.2042527490896426,0.005178701522088984
2024-08-27,-2.1520715337236984,7.032001058187841,3.680169681227946,-1.2234835625923313
2024-08-28,-1.145228143222971,0.9089200213468999,-1.2950411507018122,2.4834588676502447
2024-08-29,5.979498460504554,-1.2914671184430477,-0.6389424527279053,0.4919514597548606
2024-08-30,8.97068784832383,0.484673809679545,-0.8247188080859293,-0.8731846490029624
2024-09-02,0.008463258675469203,0.008413433824016088,0.005375095992527638,0.00011402241690169341
2024-09-03,-11.560134292190373,-3.0127220816168356,-0.18937733120776584,0.04871850310918146
2024-09-04,-17.27884583664021,3.7796856363987734,3.141933891566643,0.29751802206989963
2024-09-05,-5.4782969481109,-2.5113005830138864,0.2781431333559615,-0.6869822622253
2024-09-06,-6.364134569007464,7.4025221025267065,1.9220513852459036,-0.2084667155247012
2024-09-09,-2.0590121113722497,-3.608091231075182,-0.7012403015753739,0.3836948912417998
2024-09-10,-11.403082653438934,4.1992919655308,1.6431091540923153,-0.7285725927511072
2024-09-11,2.033875682035168,-3.1171673737976096,-0.024091991929514972,-0.35707055319791503
2024-09-12,5.408324546460136,1.5848673795745498,-1.1527681570728676,0.12256905494472235
2024-09-13,-7.3340980832801765,3.8321738430256804,2.0937946661559894,0.32284141759605256
2024-09-16,-4.943585906754214,-2.2515566320845415,0.6118080805408436,0.04464939730490987
2024-09-17,4.996975296792815,-0.8676949492143993,-0.4208971313957233,-0.4066706071911706
2024-09-18,8.371424161217828,3.834339804157721,-1.5495732965390763,0.07296900095144848
2024-09-19,3.1734504844982196,3.6710745041213193,1.5903491720384406,-0.23573958211214563
2024-09-20,-1.9019604726208148,3.603922816072491,1.131246183724659,-0.39359620461847705
2024-09-23,4.5491631744378305,-0.18417882905643396,0.13081313712135548,-0.573661014606978
2024-09-24,-6.359948019194451,6.071148626283417,1.9066173717719026,0.2681766844975665
2024-09-25,9.505398889680498,0.74441776060892,-0.49105386090102265,-0.14155298947275982
2024-09-26,3.9442994133314864,-6.7126767560459895,-1.1499630796617424,0.036639673837448344
2024-09-27,-8.070696735702004,2.159241246382107,-0.22164949654095753,-0.222536691398375
2024-09-30,14.419571658235226,-5.069071122246569,-1.8490033444134037,0.3169513288715731
2024-10-01,-12.574933778776686,-0.7842449396843667,-0.16692678050975346,-0.011010909094514775
2024-10-02,8.490599403094167,2.97289490254128,-0.4686033102029782,-0.20128240167647984
2024-10-03,12.065522354396972,-2.1214190960833603,-0.18685600163819316,0.2328940944426333
2024-10-04,31.501605664761716,-11.211090484139305,-2.287345912272287,-0.21930248343083825
2024-10-07,9.957397561848532,-1.2704718357923153,-1.0581981428921596,0.5020808179653672
2024-10-08,0.9826133227611253,2.2473882170818396,-0.18180219839157305,-0.054550710681619555
2024-10-09,5.226952680919611,0.07216220003918279,1.7719108682245592,-1.9084602124916046
2024-10-10,2.939286550558461,4.062590831110948,-0.587024814107794,0.7894066231659903
2024-10-11,-3.1144610204593,3.087837836047421,-0.8435164945633944,0.2095713337359161
2024-10-14,0.008463258675469203,0.008413433824016088,0.005375095992527638,0.00011402241690169341
2024-10-15,-6.896072584738494,-5.398132722356821,1.0015966827830463,-0.3226645365203762
2024-10-16,-3.43472480131191,0.2471621021025686,0.7582957333416724,0.7216163237366259
2024-10-17,12.464311954625206,4.325263661435295,-0.8724249868931689,-0.6677964434882598
2024-10-18,-2.5432871064148816,0.2115033380298232,-0.3296907902184322,0.5789537385460547
2024-10-21,19.532859012229316,3.0715395145664326,-0.6383838571356375,-0.02823174185445959
2024-10-22,2.1165880512239035,-0.84253382646705,0.8767172372464457,-0.2690727011057993
2024-10-23,7.63981113069792,-1.4588982585761074,0.78410995704314,0.055774328816377075
2024-10-24,-4.4957737843992245,-2.935072752242545,0.060097812023813084,0.2116398047207054
2024-10-25,7.964261461363514,0.050403999125520196,-0.8331362843359799,0.0203727388378355
2024-10-28,5.198862907857981,0.5454936964998213,1.5608820841163658,-0.5929241577269783
2024-10-29,-0.8829744362214912,0.04407219789675426,1.0933616195526374,0.1427766076075452
2024-10-30,2.6919485150812585,-5.0502418007277905,1.3751089281173365,0.5769531037266425
2024-10-31,-0.40288599099179784,-2.444148894964969,0.737246121669759,-0.5291256397189967
2024-11-01,15.435784669008857,3.9119891335320585,-1.3000981533075608,0.23589030256301013
2024-11-04,-10.910434558770266,-2.2830495560606794,1.240691615787253,0.0294553599891838
2024-11-05,-4.994021953068185,-6.3308951521188535,-0.09340637800103752,-0.8822411095295424
2024-11-06,25.435155018495884,6.712442383950013,-1.658456933650255,1.6647476049459544
2024-11-07,-17.73724365489748,-1.7946566988207504,-1.5114049845254074,-0.733508783715281
2024-11-08,1.1830874096389459,-7.548960534914947,1.228621275316628,-0.10001382270510537
2024-11-11,0.008463258675469203,0.008413433824016088,0.005375095992527638,0.00011402241690169341
2024-11-12,22.175694846134437,2.4803362052047113,0.5666232313031629,0.4342131941530493
2024-11-13,-1.4989843225795694,8.719232097347877,0.4302431849956736,-0.8176433425270442
2024-11-14,1.5159108399305077,-8.702405229699846,-0.4194929930106184,0.8178713873608476
2024-11-15,-1.5733235921423174,3.7818515975308213,-0.5014340711284374,0.04764560542532077
2024-11-18,-2.1038480836858677,2.1907341703582617,-0.8505330317874152,-0.2073426540826948
2024-11-19,-5.954198843527601,-1.3544529663953044,0.6188246177648654,0.4615633851234599
2024-11-20,5.444787419147828,-1.5512110693724497,-0.9726073999127396,-0.23968019977532148
2024-11-21,4.434174482374447,-0.6541074036832295,-0.9655908626888683,0.17723378804317702
2024-11-22,-0.16114802951496907,-3.2094801845939718,-1.780809348885395,-0.652525081789574
2024-11-25,-28.61327945356621,0.36703379396840513,5.124555450512489,-0.6790237025160115
2024-11-26,2.943473100371488,2.7312173548677263,-0.6024588275818661,1.2660500231882563
2024-11-27,-8.712023369496013,-1.2331782316605346,-1.682586470484121,0.7500132517661368
2024-11-28,0.008463258675469203,0.008413433824016088,0.005375095992527638,0.00011402241690169341
2024-11-29,-13.347196231797286,-1.610031077227982,2.002029729386431,-0.14259972653183434
2024-12-02,4.022825232707227,-3.106669732472191,-0.23371983701160715,-0.35200587409265655
2024-12-03,5.610212157525259,2.9980560252887303,0.8290110584392306,-0.06368449559110435
2024-12-04,-8.390960516554571,-0.6814344875627439,1.38016273136409,0.2895082986024327
2024-12-05,-1.0525857244118983,-3.1738214205211417,-0.6928228253254103,-0.5098624965990506
2024-12-06,-5.107597120944334,4.408713670965327,-0.618454636007151,-0.27213674539159804
2024-12-09,8.494785952907195,1.641521426298057,-0.48403732367705055,0.27536099834578653
2024-12-10,3.986362360019483,0.029408716474764493,-0.41388059417181355,0.010243380627355624
2024-12-11,7.503889689569529,4.728040548013209,-0.23512397539678098,-1.5765478686448047
2024-12-12,10.479548953766162,2.983392543866709,-0.6782311552850464,-0.1962177225711886
2024-12-13,14.022195582194323,-0.306216482054205,-0.5920786173544763,1.076851428290183
2024-12-16,-0.9698733552232617,-0.8991878731906077,0.20798640385067083,-0.4218646445069082
2024-12-17,0.6623495419086058,-0.5932875168629878,1.4200100295135043,0.45749427931925335
2024-12-18,20.374659732901204,-3.332389759387749,2.2329765905156247,-1.0462447970425603
2024-12-19,8.08903677724025,9.067123018976837,0.8037554303299382,0.0819742977199636
2024-12-20,-7.824772224412186,0.06253648050989967,-2.7551389805701163,0.13070726655318193
2024-12-23,10.352799684352807,4.218652408122529,2.9362283150801236,-0.8237130831508064
2024-12-24,-1.889400823181857,-0.3901976126572517,1.0849441433025384,1.0363339954483948
2024-12-25,0.008463258675469203,0.008413433824016088,0.005375095992527638,0.00011402241690169341
2024-12-26,-0.6412364747446129,-0.7212590917321494,-1.4246938510024671,0.01937716553687376
2024-12-27,6.945275424964176,3.6102546173011905,-0.7952517201638862,-0.5160000733881853
2024-12-30,-13.589733265363058,1.444232202247893,-0.14447622981170088,-0.07074032129823173
2024-12-31,3.0668348920608977,0.538398977008162,0.4630771452801514,1.4684420205825919
2025-01-01,0.008463258675469203,0.008413433824016088,0.005375095992527638,0.00011402241690169341
2025-01-02,-0.08262221013926094,0.3965268389798696,-0.8645661062353617,-1.0411706297197456
2025-01-03,5.9753119106915,0.03990635780012147,-0.6235084392538873,0.015308059732537165
2025-01-06,2.9715628734331205,2.2578858584071506,-0.39143004347364274,-0.049486031576286386
2025-01-07,8.490599403094187,2.9728949025413676,-0.46860331020300144,-0.20128240167651446
2025-01-08,-1.449961800452818,1.5890332196711774,0.5641019017335795,0.2500376028196194
2025-01-09,1.101788564637468,1.3859433154654406,0.899167787944564,-0.3288021133095225
2025-01-10,19.733333099107124,-6.724809237430459,0.7720396165724365,-0.07369485387796194
2025-01-13,2.647112542767616,0.7485836007055613,1.2258161979054778,-0.014084441597823776
2025-01-14,-2.5516602060409217,2.8742502905163354,-0.29882276327035984,-0.37433306149847917
2025-01-15,-23.20165758843154,0.23829930083625897,-0.744451272728189,0.8218214932415895
2025-01-16,-9.607647614205991,0.13385400865547198,-0.57916593345006,0.41603243693454567
2025-01-17,3.4881141913504528,-3.3664136834014986,-0.56738478419647,-1.083637533622946
2025-01-20,0.008463258675469203,0.008413433824016088,0.005375095992527638,0.00011402241690169341
2025-01-21,-4.134860581045944,-4.561848943487939,-1.3769876721952279,-0.1860110399778471
2025-01-22,4.188249971084561,1.4425973621889845,1.567898621340285,-0.17601016990845247
2025-01-23,6.025747957005591,4.119244877834469,0.08170601928807719,0.9421985665670934
2025-01-24,-3.969435842668642,-0.012581848826736313,0.42463078615679084,-0.010015335793565337
2025-01-27,-20.000207489920957,0.764881922186628,1.020683560477723,0.22371863399249092
2025-01-28,3.4235615456011237,0.2429962620059378,-0.9585743254648714,0.5941477758617162
2025-01-29,2.4733147047640727,-1.1379365414691203,-0.5449342334984737,-1.1433669458266138
2025-01-30,-6.5211862077589675,0.19050805537906138,0.08956489994585519,0.5688243803355616
2025-01-31,10.927361076121255,2.2998764237086933,-1.2299414238021493,-0.029227315155432376
2025-02-03,-3.5636866670016594,-7.438183441505536,-0.8631619678502656,0.1833713648323893
2025-02-04,-6.4384738385702125,2.4651416027096498,0.9903741291217922,0.656822232427664
2025-02-05,-15.414671601844912,-5.2265357421272185,1.2954143318185676,0.2409811422930519
2025-02-06,5.563962661024269,-2.412655970988764,0.10836258642327781,-0.513931602403272
2025-02-07,10.881111579620129,-3.1108355725688623,-1.9505898958181325,-0.47947442196758533
2025-02-10,1.517324364117793,2.5071321680110965,0.15186274879333198,0.6770809488486251
2025-02-11,5.523313238523536,2.054795954201391,-0.056364157262706376,-0.6283257477054929
2025-02-12,17.16064998495172,0.1351480479914788,0.5141437977317886,-1.878072137860185
2025-02-13,-17.522796394393467,-4.375588481836147,0.4240721905645473,0.5101678658157656
2025-02-14,-9.611834164018948,1.4652274848987643,-0.5637319199759624,-0.06061096308780708
2025-02-17,0.008463258675469203,0.008413433824016088,0.005375095992527638,0.00011402241690169341
2025-02-18,13.1181982378583,3.723562710748171,0.542209946627826,-0.2104161865859643
2025-02-19,-3.640798962189953,0.1653469326316613,-1.208049468696396,0.4312264742502314
2025-02-20,-4.17132345373368,-1.4257704945408989,-1.5571484293553557,0.17623821474221532
2025-02-21,-15.907319696513628,1.2558057794642008,1.697831870123591,-0.5170468104472246
2025-02-24,-5.879859573964803,3.582927533421733,1.5505018738890244,-0.403725562828957
2025-02-25,-19.09621014558511,-3.264897270615866,-0.11360500350456229,1.5109862488686798
2025-02-26,-8.712023369496103,-1.2331782316604551,-1.6825864704841205,0.7500132517661736
2025-02-27,6.949461974777184,2.2788811410578798,-0.8106857336379354,-0.03935667336588408
2025-02-28,-11.842521676167834,2.220061133202352,2.163951395661313,0.057723799877616236
2025-03-03,-11.651219761005065,-2.6246086764609244,-1.0593185334357025,-0.9925661490274931
2025-03-04,9.016937344824834,5.8953858059571065,-0.10407033607004858,-0.4229375421907963
2025-03-05,10.274273864977099,0.6126453845486878,2.0199850724300905,-0.4350675352206345
2025-03-06,-1.4822381233275872,3.393738192374968,0.3685071310994519,1.088930257561968
2025-03-07,6.4189374832335035,0.6877637138853429,-1.159784694296865,-0.2943449328738353
2025-03-10,-19.55658191737909,1.4127392782718422,0.4844073054346854,-0.08593435861399261
2025-03-11,10.487922053392241,0.3206455913802547,-0.7090991822331665,0.7570690774733174
2025-03-12,10.433299457265145,-2.4273194524108384,-1.3988796273010533,-0.6464648293834141
2025-03-13,-11.51388479568935,2.3979899146606956,0.5312711408080907,0.498965609921355
2025-03-14,11.000286821496562,-3.9722804741852227,-0.8696199094819951,-0.7537258245955677
2025-03-17,2.0380622318481803,-4.448540850040841,-0.03952600540351455,0.1195728468243314
2025-03-18,-5.095037471505233,0.4145932422356304,-0.664756676429392,1.1577934546752076
2025-03-19,-7.507895921283626,1.9456537008509027,0.3230442347520758,-0.8064410866327281
2025-03-20,-3.886723473479839,2.262051698503875,1.3254400153327572,0.07798251629860184
2025-03-21,1.3070636534266802,3.7566904747834093,-1.7990484397706454,-0.08995230066013384
2025-03-24,17.469570191994595,-1.876338626576021,-1.3604332681776745,0.8319925269927058
2025-03-25,-6.747394045613107,4.476628277277181,2.86495119503128,-2.0532424324252347
2025-03-26,5.380234773398439,2.058198876035078,-1.3637969411810675,1.4381051097093185
2025-03-27,3.50208736497684,3.8490032855797454,-0.04233108281476038,0.20550222793163705
2025-03-28,-19.639294286567825,-0.8618942690587758,-0.4164019237412759,-0.1739322107060878
2025-03-31,-5.474110398297846,-3.842674059257056,0.2627091198819438,-0.21033886220297612
2025-04-01,-10.014810314060318,-3.6500817963766976,0.137271078753119,0.3634361748208337
2025-04-02,6.542299274922914,-1.5050546639742213,-0.0942487214348474,-0.09195293547949958
2025-04-03,-29.907877918495075,11.074784654170791,-1.8442221449009117,-0.35618449160311283
2025-04-04,-9.245935338763761,-3.78185417243689,2.6483100120842327,0.06992162907297768
2025-04-07,22.903121326841255,9.104947744181734,-1.751626008804968,-0.025235533734033255
2025-04-08,14.13859779844496,11.373249490283555,1.075681124259606,0.18516618712768046
2025-04-09,23.816434268701162,-14.780675825377358,0.9087002113625283,-1.6269566598499223
2025-04-10,5.1672010370816945,15.848668056761563,-2.727918374467046,0.05363802166599886
2025-04-11,15.407080443848852,-9.113148757565508,2.582078750533674,1.743756832676955
2025-04-14,-20.246931073299923,5.15051867790589,-1.1103883852464376,-0.18106536079618415
2025-04-15,-4.290498695610057,-0.5643255929245369,-2.6381184156913964,0.4504896173701123
2025-04-16,-12.492221409587922,1.4903886076461659,0.7338824486662696,0.07698694299762146
2025-04-17,9.386223647804115,1.6058626622252616,-1.5720238472371124,0.13269841315517047
2025-04-18,0.008463258675469203,0.008413433824016088,0.005375095992527638,0.00011402241690169341
2025-04-21,7.6047617821976035,12.886717588081874,1.1753049416869634,0.27723314502411917
2025-04-22,-0.8465115635338047,-3.0920062510501483,1.273522376712718,-0.21947264711250747
2025-04-23,0.6202865952205814,-7.335372989383795,0.6839275440235213,0.48389057252928847
2025-04-24,-13.78743432661517,-1.3003299197094584,-2.1416894587977984,0.5921566292598206
2025-04-25,-5.958385393340549,-0.02307949015208504,0.6342586312388409,-0.0150800148988189
2025-04-28,-12.492221409587941,1.490388607646196,0.7338824486662945,0.07698694299761435
2025-04-29,-7.495336271844624,-2.048466727878762,0.2767421943299556,0.6234891134340832
2025-04-30,-5.226772362820705,5.270158572581674,-1.6994246223433422,0.002114657236247584
2025-05-01,17.378484723179866,-1.488225221420167,-2.230374470405564,-0.20929212514394135
2025-05-02,18.516646001455612,-5.909520741212187,-1.1872890482415437,0.052829284454122966
2025-05-05,5.075501116168572,2.7383120743593854,0.4953461112543488,-0.7953161551213142
2025-05-06,-9.14011881841545,1.6397533445234025,-0.8889793909107756,-1.6858000104588338
2025-05-07,-5.593285640174296,-2.981229157640707,-0.8182608664541514,0.06391254042488177
2025-05-08,21.242194204549495,-4.226090503243238,0.9185272693732713,0.6032720725537837
2025-05-09,-0.8871609860344789,1.3754456741400343,1.1087956330266617,-0.3338667924147484
2025-05-12,16.491233578095912,-2.783939933590621,-1.157821960319502,0.41001386006896084
2025-05-13,7.845086219487132,0.9118489007419798,-1.9141062706720682,0.29462414146572363
2025-05-14,7.635624580884913,-0.12752478233291542,0.7995439705171875,-0.4208690712058816
2025-05-15,-16.58929575280835,2.330838226611803,0.0721681524944206,0.3411089874150319
2025-05-16,-1.6153865388303665,-2.960233874989976,-1.237516556618444,0.07404189863538187
2025-05-19,3.058461792434933,3.201145929494528,0.49394517222829526,0.5151552205380228
2025-05-20,2.852387631556758,3.11933076002358,-1.4724000298097553,0.22476537105160918
2025-05-21,16.52492342515792,6.620892491416625,-0.39087144788145206,-0.5696692331857173
2025-05-22,-5.712460882050722,-2.119784256024326,-1.8992308527902404,0.33816394305283104
2025-05-23,-3.727697881191723,-0.7779131384557006,-2.093424684398363,-0.13341477786422204
2025-05-26,0.008463258675469203,0.008413433824016088,0.005375095992527638,0.00011402241690169341
2025-05-27,-14.539181034111047,-2.2256325910741013,4.9337252919078365,-1.7567150061495846
2025-05-28,5.832233445566391,0.043309279633803176,-1.9309412231721468,2.0817389171474336
2025-05-29,-8.953761330972892,-0.4678469420315128,0.8354690000709846,0.8734126938367659
2025-05-30,-4.655598448776303,2.3938240745640513,-1.1855989179983268,0.3714970620465043
2025-06-02,10.840462157119434,1.3566163526213497,-2.1153166395041647,-0.5938685672698336
2025-06-03,2.1488643740985878,-2.647238799170739,1.0723120078806225,-1.1079653558481442
2025-06-04,-19.01768432620937,0.3411097529579318,0.8026382391455735,1.122340700938575
2025-06-05,6.784836308488711,-4.559317943450224,2.0522572377633064,-0.16381234071308534
2025-06-06,23.13587173659368,-2.4961059805188386,-0.14560776446272194,-0.9095913004999535
2025-06-09,-5.542849593860237,1.0981093623936846,-0.11304640791228789,0.9908030472593715
2025-06-10,-2.5110107835402644,-1.5932016346739775,-0.13409601958426162,-0.2599389161963201
2025-06-11,-10.598543877543676,3.2203731303706546,-0.33025258516976597,-1.4358764300560527
2025-06-12,-10.375723517413507,-2.023305605131321,1.574356562972189,0.7610870195194326
2025-06-13,10.844648706932436,0.02524287637813634,-2.1307506529782607,-0.1172251672475415
2025-06-16,6.917185651902485,4.08358611376162,-1.006280504272039,0.7995359813764196
2025-06-17,-11.440959050313946,-3.8741669832332164,0.8915926551283235,-0.2255328995187677
2025-06-18,-1.089048597099602,-0.037742971574145856,-0.8729835824854364,-0.14761324187892175
2025-06-19,0.008463258675469203,0.008413433824016088,0.005375095992527638,0.00011402241690169341
2025-06-20,-2.464761287039213,3.817510361603607,0.5865524524316489,0.19030819061591095
2025-06-23,-8.51850885805693,2.8427573665401575,0.33006077197604944,-0.3895270988142239
2025-06-24,-10.74919637020582,3.597591014843726,3.057744087613277,-0.2711923358487673
2025-06-25,-2.662462348291284,1.0729482396461947,-1.4106607765544972,0.8532051411739778
2025-06-26,-6.525372757571975,1.5218815316222534,0.10499891341990268,0.09218098031330298
2025-06-27,6.981738297651843,0.4741761683541993,-0.6150909630037827,-0.8782493281082031
2025-06-30,-8.4694863359302,-4.28744151113647,0.46391948871396155,0.6781538465325491
2025-07-01,6.578762147610513,-4.641133112921205,0.08591203572525098,-0.4542021901995899
2025-07-02,5.610212157525259,2.9980560252887303,0.8290110584392306,-0.06368449559110435
2025-07-03,12.874247680105148,-4.431711407486719,-2.175651754374303,0.0022336571598880793
2025-07-04,0.008463258675469203,0.008413433824016088,0.005375095992527638,0.00011402241690169341
2025-07-07,7.364997774257471,3.400069993603659,-1.5579907727890885,0.9665263887923323
2025-07-08,3.653538929727924,1.1828534112596207,1.2342336741554512,-0.9076418294387142
2025-07-09,-13.105458270320408,-2.3753623668570034,-0.5160257411686747,-0.2659991686024634
2025-07-10,0.6623495419085834,-0.5932875168630203,1.420010029513499,0.4574942793191625
2025-07-11,13.890460690878834,4.549348848291813,-1.6267465632683735,-0.07882736914865919
2025-07-14,-0.11071198320095796,0.8698583354403971,-1.0755948903435617,0.2743654250448506
2025-07-15,11.704609151043709,-0.4946429048379764,1.2502294825808138,0.6305449391412511
2025-07-16,-8.641870649746359,5.035575744399751,-0.7354752008859432,-0.591919096208567
2025-07-17,3.0122122959338067,-2.209566066783028,-0.2267032997876882,0.06490811372586949
2025-07-18,-6.196735877093325,1.699810313080712,-1.527681341433235,0.533422790357085
2025-07-21,-10.018996863873285,-2.3187083201334473,0.15270509222711887,-0.11320722520145246
2025-07-22,-5.954198843527581,-1.354452966395335,0.6188246177648408,0.46156338512346745
2025-07-23,10.516011826453914,-0.15268590508026375,-0.49807039812499077,-0.5584669772912525
2025-07-24,5.650861580025905,-1.4693958999015064,0.9937378021252324,0.05070964971107901
2025-07-25,-5.058574598817561,-2.7214852067113395,-0.4845959192692394,0.7955441999551566
2025-07-28,3.4151884459750694,2.905743214492383,-0.9277062985167271,-0.35913902418281624
2025-07-29,-14.32134629588288,-3.849005860485757,2.1892070237705084,-0.08793499343336623
2025-07-30,10.437486007078157,-3.7586929286541277,-1.4143136407750534,-0.16982142936114664
2025-07-31,-0.5262477826812179,-0.25133051710532867,-0.32828985119235443,-0.7315176371133081
2025-08-01,-32.91501443347742,12.33520564117401,3.0678516941065945,-0.8460819460972177
2025-08-04,-2.0954749840599654,-0.47201278212819386,-0.8814010587355164,0.7459441459618112
2025-08-05,1.5902501094932304,-3.765024729882779,0.5121842631134684,-0.04741756059149141
2025-08-06,-0.004096390763592261,4.002533862553654,0.051677136414719396,-1.4298161776498894
2025-08-07,3.012212295933879,-2.2095660667830144,-0.22670329978763437,0.06490811372590861
2025-08-08,8.527062275781807,-0.16318354640564625,-0.2884425530429272,-0.5635316563965972
2025-08-11,-0.9979631282848467,-0.42585637673000887,-0.0030423802575228736,0.8936714102576996
2025-08-12,1.0611391421368812,5.853395240655586,0.7344410442584887,-0.4431962586116837
2025-08-13,-10.499085309102947,0.1695127727283492,0.5088205901101002,0.5586950221251138
2025-08-14,10.848835256745451,-1.3061305998651525,-2.1461846664522612,0.3594182327747262
2025-08-15,6.058024279880223,2.314539905130736,0.2773007899221759,0.10330591182471692
2025-08-18,2.8888505042444166,-0.016747688923376428,-1.292239272649729,-0.13748388366850112
2025-08-19,-7.051710699302627,-1.4006093717935062,-0.25953406071309926,0.3138361208276183
2025-08-20,-1.9804862919965374,-0.0020842075014171936,0.2150029410746975,-0.004950656688304137
2025-08-21,8.531248825594881,-1.4945570226488458,-0.30387656651697004,-0.08688825637426652
2025-08-22,-16.062957811077723,5.253329130027572,0.43670112662739713,0.11945384690074208
2025-08-25,6.011774783379194,-3.0961720911468156,-0.4433476820937298,-0.3469411949874232
2025-08-26,-8.80508279184749,9.406914057602556,2.6988235123191466,-0.8571652020680941
2025-08-27,-4.889762382716126,2.7853404015536114,-3.362972904144529,1.3966432673246352
2025-08-28,-1.0483991745989303,-4.505194896764392,-0.7082568387994104,-0.033219096576764244
2025-08-29,0.4114394087167797,5.123722715099451,-0.6956279027364817,-0.423933115491719
2025-09-01,0.008463258675469203,0.008413433824016088,0.005375095992527638,0.00011402241690169341
2025-09-02,11.411636071163834,-1.5197181453963358,-1.6014909351591793,-0.22448616245966033
2025-09-03,-11.358246681125236,-1.599533435902589,1.7924018843042606,-0.13753504742664677
2025-09-04,-7.586421740659315,-1.660353322722851,-0.5931990078979811,-0.4177955387025915
2025-09-05,-14.24282047650719,-0.24299883691200366,3.1054502664205645,-0.47658054136350264
2025-09-08,-8.678947974532376,-5.326815194211287,3.177569729903218,-0.037339366139116474
2025-09-09,7.433736969819796,-1.540713428047075,-1.1822352449948623,-0.23461552067008817
2025-09-10,-4.58685925321394,-2.5469593470866245,-0.8098433902041481,-0.8296448474159434
2025-09-11,-4.265796400272454,-1.9952156029888737,2.252905811644063,-1.2901498005796659
2025-09-12,8.055346930178205,-0.33770940603039074,0.03680491789195707,1.06165739097451
2025-09-15,-3.434724801311823,0.247162102102649,0.7582957333416545,0.7216163237366634
2025-09-16,-3.4389113511248497,1.5785355783458714,0.7737297468157265,0.24497292371439713
2025-09-17,3.6577254795409115,-0.14852006498365936,1.2187996606814269,-0.4309984294164205
2025-09-18,10.396836584577485,0.708758996536117,-1.57904038446108,-0.28421557466330377
2025-09-19,3.506273914789825,2.5176298093365204,-0.05776509628881364,0.6821456279538052
2025-09-22,4.910076377791116,-1.8109550203017852,-1.3062723470976458,-0.9713118593055052
2025-09-23,-8.64107157765736,2.746643754552768,3.9290862288672197,-0.5403790593715362
2025-09-24,6.395034259984775,-0.17027826589737927,-1.3862474918790648,1.497834521913047
2025-09-25,6.582948697423561,-5.972506589164457,0.07047802225115421,0.02244120982268363
2025-09-26,2.08012517853618,2.2935446224799767,0.6965564800864439,0.09317655361432227
2025-09-29,-6.4524470121965125,-4.750275366271632,0.46532042774006344,-0.6323175291268393
2025-09-30,0.08698907805119727,3.6144204573978276,0.9216183386425366,-0.3885315255132623
2025-10-01,-8.189871977578433,3.0206861479984877,-1.3026194828770468,0.0517147112295741
2025-10-02,-2.9546363560822066,-2.2410589907591083,0.40218023545867376,0.04971407641011564
2025-10-03,6.657287966986295,-1.0351260893474679,1.002155278375337,-0.8428477381296796
2025-10-06,7.484173016133826,2.5386250919872646,-0.4770207864530531,0.6922749861643441
2025-10-07,-7.055897249115615,-0.06923589555022597,-0.2441000472390745,-0.1628072791946757
2025-10-08,0.04073958155015391,-1.7962915388797918,0.2009698666267031,-0.8387786323254008
2025-10-09,2.5644001735788478,-1.5260499466250135,0.3250069687294153,-0.1020822936899852
2025-10-10,-17.444270575017647,-0.7695814582623525,1.340315433214586,0.12152231788564828
2025-10-13,0.008463258675469203,0.008413433824016088,0.005375095992527638,0.00011402241690169341
2025-10-14,-6.109836958091603,2.6430703841680505,-0.6423061257312984,1.0980640424714734
2025-10-15,4.549163174437807,-0.1841788290564455,0.1308131371213406,-0.5736610146070106
2025-10-16,-14.39427204125821,2.4231510374081697,1.8288855094503298,0.6365635160067953
2025-10-17,6.990111397277791,-2.188570784132296,-0.6459589899518846,0.07503747193628425
2025-10-20,-2.5110107835401774,-1.5932016346738969,-0.13409601958427972,-0.2599389161962827
2025-10-21,-3.965249292855546,-1.3439553250699874,0.409196772682733,0.46662806422871467
2025-10-22,-0.9698733552231747,-0.8991878731905271,0.20798640385065284,-0.4218646445068708
2025-10-23,8.079250153426866,0.5203325737523591,0.2632677154741424,-0.7305220638123864
2025-10-24,0.9867998725741131,0.9160147408385592,-0.19723621186559756,0.4220926893406741
2025-10-27,-1.4134989277651315,-1.5470452292757253,0.7442626588936601,-0.11221165190043338
2025-10-28,-2.958822905895181,-0.9096855145159604,0.41761424893282273,-0.42692932361207664
2025-10-29,18.48436967858095,-4.1048157685083915,-1.3828838188756956,0.8917219391964
2025-10-30,5.408324546460136,1.5848673795745498,-1.1527681570728676,0.12256905494472235
2025-10-31,-0.11489853301396513,2.2012318116835896,-1.060160876869514,-0.20227797497740804
2025-11-03,2.5279373008911805,1.610028502321977,0.14484621156931157,0.2601669610300326
2025-11-04,-5.066947698443667,-0.058738254224938516,-0.4537278923211737,-0.15774260008940727
2025-11-05,13.0354858686696,1.4489291634177062,-0.3585992825482311,-0.2984140386780957
2025-11-06,-12.044409287232957,0.8068724874881721,0.18217218014921494,0.24397735041344318
2025-11-07,-1.5691370423292652,2.450478121287589,-0.5168680846024853,0.524289005447561
2025-11-10,5.678951353087603,-1.9427273963620337,1.2047665862334325,-1.2648264050535172
2025-11-11,0.008463258675469203,0.008413433824016088,0.005375095992527638,0.00011402241690169341
2025-11-12,-7.586421740659315,-1.660353322722851,-0.5931990078979811,-0.4177955387025915
2025-11-13,5.527499788336538,0.7234224779581783,-0.07179817073680249,-0.1516823476832007
2025-11-14,6.866749605588421,0.0042475937273257595,-1.7114949628139493,-0.12735452545807893
2025-11-17,-2.991099228769866,0.8950194581878472,0.22201947829864718,0.41196333113022593
2025-11-18,-2.103848083685952,2.190734170358244,-0.8505330317873674,-0.20734265408264876
2025-11-19,1.549600686992472,0.7024271953073857,0.34745751942746017,-0.16181170589368635
2025-11-20,-5.514759820798587,0.6247778659331341,0.09798237619588228,-0.3247330075052896
2025-11-21,-8.185685427765405,1.689312671755265,-1.3180534963511192,0.5283581112518403
2025-11-24,-5.1936969678570595,1.1765216100308873,3.160731578044074,-0.7852379606689135
2025-11-25,-6.759536691511737,1.9133978586118412,-2.0723750727263712,1.1173271855914135
2025-11-26,-0.39869944117879574,-3.775522371208182,0.7218121081956628,-0.05248223969670473
2025-11-27,0.008463258675469203,0.008413433824016088,0.005375095992527638,0.00011402241690169341
2025-11-28,4.992788746979803,0.46367852702881035,-0.4054631179217143,-0.8833140072134754
2025-12-01,14.493910927797932,-0.13169062242949447,-0.9173260882892827,-0.548337619080832
2025-12-02,-1.8977739228078219,2.2725493398292325,1.1158121702506834,0.0830471954037832
2025-12-03,-5.18612294032001,0.8027066473914606,-1.5346978786573107,0.11650880253849552
2025-12-04,8.733136436660011,-0.08136837693469964,1.6779026489952056,-0.27314180691000045
2025-12-05,6.985924847464823,-0.8571973078890461,-0.6305249764778843,-0.40160592808600193
2025-12-08,4.636062093439557,0.7590812420309465,1.0161883528233318,-0.009019762492564686
2025-12-09,3.579199660165197,-3.754527088557403,0.30255641803134625,-0.04235288148625818
2025-12-10,-10.06383283618694,3.4801170812999804,0.0034123620151645167,-0.7042447705258945
2025-12-11,0.09117562786416508,2.2830469811545777,0.9061843251685365,0.088111874509024
2025-12-12,7.032174343965882,4.553514688388503,0.09012349553810373,0.04864117872632164
2025-12-15,-2.543287106414949,0.21150333802983032,-0.3296907902184373,0.5789537385459824
2025-12-16,-6.077560635216904,0.8383654114643101,-0.4467113550971944,0.25917138772916926
2025-12-17,1.9974128093474812,0.01891107514935197,-0.20425274908959498,0.005178701522116486
2025-12-18,-7.055897249115654,-0.0692358955502835,-0.24410004723902684,-0.1628072791946482
2025-12-19,6.181386071569652,0.12172152727114181,1.3428367627841689,0.30569790921905976
2025-12-22,0.2019777701145328,4.08434903202462,2.0180223384527207,-1.1394263281634238
2025-12-23,2.4535980313284798,-3.3273519974950565,-0.7868310445547694,1.1254559089824625
2025-12-24,-4.943585906754166,-2.251556632084519,0.6118080805408731,0.044649397304974706
2025-12-25,0.008463258675469203,0.008413433824016088,0.005375095992527638,0.00011402241690169341
2025-12-26,-1.2124103887890787,2.1550754062854254,-1.938519555347459,-0.35000523927332977
2025-12-29,-2.5151973333532096,-0.2618281584306949,-0.11866200611025632,-0.7365823162185154
2025-12-30,2.084311728349184,0.9621711462367211,0.6811224666123664,0.5698199536364975
2025-12-31,7.187812458529968,0.5559913378251665,1.3512542390342195,-0.5878594786217378
2026-01-01,0.008463258675469203,0.008413433824016088,0.005375095992527638,0.00011402241690169341
2026-01-02,1.993226259534541,1.3502845513926551,-0.18881873561554083,-0.47146469850011213
2026-01-05,-3.64079896219006,0.16534693263161085,-1.2080494686963537,0.4312264742501864
2026-01-06,1.9974128093475205,0.018911075149409512,-0.2042527490896426,0.005178701522088984
2026-01-07,-4.495773784399202,-2.9350727522425126,0.06009781202381841,0.21163980472079622
2026-01-08,6.62501164411157,0.7695788833562826,0.8065605077412094,-0.00395508338735006
2026-01-09,0.9447369258860835,-5.826070731682151,-0.9333186973556279,0.44848898255070013
2026-01-12,2.112401501410904,0.48883964977622607,0.8921512507205717,-0.7457161011280078
2026-01-13,-2.0996615338729923,0.8593606941150286,-0.8659670452614445,0.26930074593954495
2026-01-14,-5.954198843527508,-1.3544529663953213,0.6188246177648947,0.4615633851235064
2026-01-15,6.130950025255569,-3.9576169927632407,0.6376223042422813,-0.6211925976154038
2026-01-16,9.683383277496999,1.299564426540428,1.2642625570288326,1.4643729147783404
2026-01-19,0.008463258675469203,0.008413433824016088,0.005375095992527638,0.00011402241690169341
2026-01-20,9.464749467179843,5.211869685799073,-0.6557806045871033,-0.2559471347749937
2026-01-21,-5.593285640174296,-2.981229157640707,-0.8182608664541514,0.06391254042488177
2026-01-22,0.2510002922412664,-3.0458498456519862,2.151881055190682,-0.07174538281668406
2026-01-23,-2.9588229058951665,-0.9096855145158933,0.4176142489327509,-0.4269293236120782
2026-01-26,-4.865060087378545,1.3544503914892414,1.5280513231909245,-0.343996150625234
2026-01-27,0.5025248775315098,4.735609309943597,0.17431329949140761,0.6173515366449283
2026-01-28,4.4341744823744325,-0.6541074036832965,-0.9655908626887965,0.17723378804317866
2026-01-29,-4.0927976343579635,2.180236529032908,-0.6409051867052448,-0.21240733318786356
2026-01-30,0.9545235496994732,2.7207197135423273,-0.39283098249977344,1.2609853440829581
2026-02-02,7.433736969819835,-1.5407134280470172,-1.1822352449949098,-0.23461552067011565
2026-02-03,-0.5262477826812179,-0.25133051710532867,-0.32828985119235443,-0.7315176371133081
2026-02-04,0.9867998725741131,0.9160147408385592,-0.19723621186559756,0.4220926893406741
2026-02-05,-16.474307060744994,2.8007668012385656,1.1685721523045807,-0.4097858152351229
2026-02-06,3.0122122959337867,-2.209566066782998,-0.22670329978766376,0.06490811372586205
2026-02-09,-1.4499618004528378,1.5890332196712076,0.564101901733604,0.250037602819612
2026-02-10,-10.462622436415195,-2.9665656762186225,0.6889813472701558,0.19644576740504996
2026-02-11,8.801076560133364,-2.7332198087383777,-2.610903252963905,-1.525823753209538
2026-02-12,-15.981658966076328,-3.6815747203528337,0.7661546139995093,0.3482421375052055
2026-02-13,-10.50745840872894,2.832259725214822,0.5396886170581724,-0.39459177791943856
2026-02-16,0.008463258675469203,0.008413433824016088,0.005375095992527638,0.00011402241690169341
2026-02-17,2.568586723391835,-2.857423422868293,0.30957295525539086,0.3745611063323085
2026-02-18,6.9578350744031985,-0.38386581142850457,-0.8415537605860304,0.9139301266786333
2026-02-19,-1.532674169641559,-0.6856003276593442,-0.33670732744242915,0.1620397507275156
2026-02-20,1.343526526114347,0.6206120258364186,-1.6188876826105418,-0.4522015553801517
2026-02-23,-9.168208591477017,2.1130848409839715,-1.1000081750189936,-0.3702639556942187
2026-02-24,1.6687759288688995,-0.1590177063089953,1.4284275057635494,-0.43606310852163543
2026-02-25,1.4387985447421043,-1.0988748555626573,-0.7643804938567245,1.0657264967787614
2026-02-26,-6.5211862077589675,0.19050805537906138,0.08956489994585519,0.5688243803355616
2026-02-27,-9.164022041664026,0.7817113647407333,-1.1154421884929793,0.10637944432810044
2026-03-02,17.169023084577734,-2.5275989044949467,0.4832757707836545,-0.9247853378156932
2026-03-03,2.897223603870392,-2.6794946414098186,-1.3231072995977764,0.815802916376044
2026-03-04,6.09448715256791,-0.8215385438162851,0.45746154708225495,-0.25894334289529336
2026-03-05,7.191999008343,-0.7753821384180353,1.3358202255601959,-0.11121607859950501
2026-03-06,1.9609499366597973,3.154989524096318,-0.38441350624964554,0.3674279562422528
2026-03-09,-4.376598542522847,-3.796517653858907,1.1410677983598538,-0.06261159790719181
2026-03-10,5.847763569189105,3.5640982119030284,-1.6736103986418505,-0.6637273376840087
2026-03-11,13.27722383014643,0.6835978737886611,-2.8766547531033666,-0.42181348074879027
2026-03-12,14.542933449924552,-7.261889500106174,-0.7834673715513292,0.5193433262658962
2026-03-13,-0.47581173636711405,3.828008002929024,0.3769246073495084,0.1953728697211632
2026-03-16,-10.618260550979354,1.0309576743447006,-0.5721493962260137,0.8329464247530701
2026-03-17,-2.6020962523549946,-1.2050882295181238,-1.004037221812151,-1.3012235683329674
2026-03-18,12.632509718628295,-3.6663801178577073,0.3424037161808269,0.12563309923049143
2026-03-19,-0.8381384639077507,-5.754753203536595,1.2426543497645737,0.7338141529320248
2026-03-20,24.608269969348363,3.1386912026152847,-0.17928086882196806,0.1296248806518457
2026-03-23,-10.499085309102902,0.1695127727283101,0.5088205901100997,0.5586950221250951
2026-03-24,11.649986554916644,-3.242607948629058,0.560449037513,-0.7729889677155395
2026-03-25,-12.044409287233021,0.8068724874881242,0.18217218014923858,0.24397735041349644
2026-03-26,18.72272016233376,-5.827705571741231,0.7790561537964823,0.34321913394056197
2026-03-27,-1.4120854035778063,9.662492168435273,1.3156184006975624,-0.25300209041268323
2026-03-30,-15.661395185223785,-0.8408989864080159,-0.8356576139055444,-0.16380285249569315
2026-03-31,-8.153409104890706,-0.11539230094847572,-1.1224587257170153,-0.31053454349046405
2026-04-01,6.653101417173306,0.2962473868958126,1.0175892918493616,-1.3194911381519734
2026-04-02,-4.975862229628937,-0.4468516593807919,0.41621330990671557,0.8835420520472399
2026-04-03,8.531248825594906,-1.4945570226488547,-0.30387656651694583,-0.08688825637429227
2026-04-06,-1.976299742183555,-1.3334576837446,0.19956892760062575,0.4716927433339805
2026-04-07,-3.1144610204592356,3.087837836047469,-0.8435164945634178,0.20957133373586284
2026-04-08,-5.158033167258398,0.32937515093091513,-1.323669094549063,-1.1990272522260546
2026-04-09,-0.5585241055558775,1.5533744555984694,-0.5238846218265056,0.1073750176289685
2026-04-10,4.553349724250834,-1.515552305299668,0.11537912364726857,-0.09701761458474442
2026-04-13,-3.4389113511248497,1.5785355783458714,0.7737297468157265,0.24497292371439713
2026-04-14,-7.170885941179029,-0.5391644701771344,-1.3405040470491643,0.5880875234555413
2026-04-15,4.188249971084594,1.4425973621889405,1.5678986213403865,-0.17601016990838594
2026-04-16,4.8455237320417766,1.7984549251057231,-1.6974618883659254,0.7064734501790827
2026-04-17,-12.492221409587994,1.4903886076461526,0.7338824486662159,0.0769869429975826
2026-04-20,1.5818770098671961,-1.1022777773963643,0.5430522900615881,-1.0007043606360164
2026-04-21,8.091809802865916,-3.473787854977303,0.21696567505206169,0.6994081362544313
2026-04-22,0.8999009535724494,-0.027245330248752392,-1.0826114275676066,-0.1425485627737344
2026-04-23,7.63981113069792,-1.4588982585761074,0.78410995704314,0.055774328816377075
2026-04-24,-6.529559307384963,2.853255007865534,0.12043292689392746,-0.38446241970899075
2026-04-27,4.603785770564918,2.563786214734715,0.8205935821891557,0.8298728922497194
2026-04-28,4.918449477417175,-4.473701972788211,-1.3371403740457415,-0.018025059261006445
2026-04-29,13.076135291170246,-3.0185227617725294,-0.19387253886222855,-0.18401989337591265
2026-04-30,-4.540609756712928,2.8637526491909018,-0.08919491818818999,-0.37939774060368486
2026-05-01,-0.9698733552232617,-0.8991878731906077,0.20798640385067083,-0.4218646445069082
2026-05-04,11.946347112520593,-1.2599741944669771,-1.2678259879742433,0.5071454970705885
2026-05-05,-3.7310853589157276,-1.7354716520594715,2.586570758828897,-0.5585181410494834
2026-05-06,-13.26109638488443,1.622160983706382,-1.777156484664814,0.3705014887455424
2026-05-07,9.065959866951529,-1.2348130717195587,0.02978838066795965,0.6447434031559708
2026-05-08,-4.5041468840252685,-0.27232579975605403,0.09096583897183656,-0.7416469953237952
2026-05-11,8.53124882559495,-1.4945570226488947,-0.30387656651694606,-0.08688825637431093
2026-05-12,9.418499970678795,-0.1988423104784493,-1.3764290766029845,-0.7061942415871412
2026-05-13,-0.8871609860344789,1.3754456741400343,1.1087956330266617,-0.3338667924147484
2026-05-14,1.557973786618467,-1.9603197571790865,0.31658949247938817,0.791475094150866
2026-05-15,22.207971169009117,0.6756312325010009,0.7622180019372901,-0.4046794605892612
2026-05-18,1.6323130561812353,2.9770607426379403,1.2482667486034742,-0.07381385380149168
2026-05-19,10.492108603205224,-1.0107278848629713,-0.7245331957072195,1.2337124774954853
2026-05-20,-18.10234340806373,1.1634929686679343,-0.05888548683238465,-0.8125013390388988
2026-05-21,3.0444886188084963,-4.0142710394868155,-0.031108529153463925,-0.7739845410164664
2026-05-22,1.507537740304442,-6.039658277213324,-0.38862496606257013,-0.13541541268366014
2026-05-25,0.008463258675469203,0.008413433824016088,0.005375095992527638,0.00011402241690169341
2026-05-26,-14.850457263239178,5.7694141100525895,2.4114638049155768,-0.48371369145360993
2026-05-27,-3.52162372031359,-0.696097968984768,-0.12707948236028352,0.15697507162233576
2026-05-28,-4.499960334212192,-1.6036992759992956,0.07553182549781294,-0.2650035953015808
2026-05-29,-1.121324919974326,1.7669620011296043,-1.0685783531195643,0.6912794128634083
2026-06-01,7.026574269965497,-5.324649233079229,-0.4657982327918282,-0.2872117827837611
2026-06-02,-1.97629974218353,-1.3334576837446095,0.19956892760064995,0.4716927433339546
2026-06-03,6.094487152567949,-0.8215385438162275,0.4574615470822073,-0.2589433428953209
2026-06-04,-4.980048779441964,0.8845218168624305,0.4316473233807877,0.40689865202497366
2026-06-05,17.625208306558715,-5.873861977139401,-0.09930252468145771,0.1954918696447133
2026-06-08,0.5348012004061812,2.930904337239803,0.36990807012545723,-0.2215411180974335
2026-06-09,-5.06694769844364,-0.05873825422488478,-0.4537278923211193,-0.15774260008934987
2026-06-10,2.5279373008911556,1.6100285023219865,0.14484621156928737,0.2601669610300585
2026-06-11,-17.535356043832355,-0.38146805310650833,0.47037423098672076,-0.9197623342510245
2026-06-12,5.979498460504515,-1.2914671184431052,-0.6389424527278577,0.49195145975488813
2026-06-15,-3.1102744706463206,1.7564643598041751,-0.8589505080374962,0.6862147337581174
2026-06-16,-5.926109070465879,-1.8277844628558415,0.8298534018730895,-0.8539726696411619
2026-06-17,16.124720300742357,-11.035327663812968,-0.2766582044304074,0.4718117432576013
2026-06-18,-5.62556196304891,-1.176524184936949,-1.0138556370883025,0.9028051951671401
2026-06-19,0.008463258675469203,0.008413433824016088,0.005375095992527638,0.00011402241690169341
2026-06-22,10.516011826453841,-0.15268590508027796,-0.4980703981250445,-0.5584669772912917
2026-06-23,-5.6779719628997345,4.996116179135912,3.5322810894010255,-0.5899791133646983
2026-06-24,-16.220009449829092,-1.9586849171200327,-1.3957853586726683,0.8967449427610245
2026-06-25,-2.5474736562279037,1.5428768142730664,-0.3142567767443113,0.10231033852375529
2026-06-26,-3.201359939461051,2.1445777649600286,-1.7288917102653856,-0.3550699183785298
2026-06-29,2.0338756820351227,-3.1171673737975105,-0.02409199192951414,-0.3570705531979178
2026-06-30,10.040109931037302,1.004161711538239,-0.1573889137160871,0.59007867005747
2026-07-01,8.966501298510822,1.816047285922737,-0.8092847946118819,-1.3498280490252212
2026-07-02,-0.9194373089091384,3.180150646843833,0.9132008623925105,0.5050258623275281
2026-07-03,0.008463258675469203,0.008413433824016088,0.005375095992527638,0.00011402241690169341
2026-07-06,-1.656035961330993,1.5072180502002293,-1.402243300304471,-0.04035224666679409
2026-07-07,12.476871604064176,0.3311432327055555,-0.9187270273153912,0.7621337565785267
2026-07-08,4.133627374957528,-1.3053676816021411,0.8781181762725724,-1.5795440767651767
2026-07-09,-5.9948482660282085,3.112998958794871,0.45409787407881463,0.34716923982129155
2026-07-10,5.448973968960788,-2.882584545615665,-0.9880414133868171,0.23696320024687226
2026-07-13,11.169898109687027,-0.7543868557673005,0.9165645353959805,-0.10108672038899193
2026-07-14,-9.976933917185287,4.423377152387367,0.8887875777170772,-0.1396035184114616
2026-07-15,-6.648734549261345,3.7146999094818756,-0.9605370594421622,-0.11021101708105997
2026-07-16,3.9905489098325484,-1.3019647597684814,-0.4293146076457354,0.48688678064965496
2026-07-17,-1.4962112969539343,-3.821678776606337,-0.15654657028230629,-0.2002095039926004
2026-07-20,9.057586767325592,1.427933880766941,0.060656407615960035,-0.3085433968886015
2026-07-21,6.990111397277839,-2.188570784132273,-0.6459589899518551,0.0750374719363492
2026-07-22,7.524822438634565,-1.9288268332028706,-0.31229404276702055,0.8066691314665315
2026-07-23,8.535435375407888,-2.825930498892155,-0.31931057999101864,0.3897551436480348
2026-07-24,-4.984235329254885,2.2158952931057034,0.4470813368548172,-0.06974474799724747
2026-07-27,-6.488909884884238,-1.6141969173246682,0.2851596705800318,-0.27006827440680164
2026-07-28,-8.514322308243992,1.5113838902968966,0.31462675850197686,0.08711630120812143
2026-07-29,7.430963944194155,11.000197445907132,-0.5954454897169408,-0.8520493592047411
2026-07-30,1.9974128093474761,0.0189110751493311,-0.20425274908964355,0.0051787015221498485
2026-07-31,12.591860296127628,0.8010718073324405,0.17767697249484782,0.011238953928343032
2026-08-03,-8.597034677432617,-0.7632496570335956,-0.5861824706740073,-0.0008815508840874914
2026-08-04,-12.131308206234772,-0.13638758359926767,-0.7032030355527522,-0.32066390170094955
