date,spread_bps,zscore,position
2001-08-02,87.99999999999999,,0
2001-08-03,87.00000000000001,,0
2001-08-06,87.99999999999999,,0
2001-08-07,87.99999999999999,,0
2001-08-08,90.99999999999993,,0
2001-08-09,87.99999999999999,,0
2001-08-10,90.99999999999993,,0
2001-08-13,94.99999999999993,,0
2001-08-14,92.0,,0
2001-08-15,89.99999999999994,,0
2001-08-16,90.00000000000003,,0
2001-08-17,93.99999999999994,,0
2001-08-20,91.00000000000001,,0
2001-08-21,94.00000000000004,,0
2001-08-22,91.00000000000001,,0
2001-08-23,89.00000000000006,,0
2001-08-24,90.00000000000003,,0
2001-08-27,89.99999999999994,,0
2001-08-28,92.99999999999997,,0
2001-08-29,93.00000000000006,,0
2001-08-30,95.00000000000001,,0
2001-08-31,92.99999999999997,,0
2001-09-03,92.99999999999997,,0
2001-09-04,87.00000000000001,,0
2001-09-05,87.00000000000001,,0
2001-09-06,92.99999999999997,,0
2001-09-07,100.0,,0
2001-09-10,101.99999999999996,,0
2001-09-11,101.99999999999996,,0
2001-09-12,101.99999999999996,,0
2001-09-13,135.99999999999994,,0
2001-09-14,142.99999999999997,,0
2001-09-17,142.0,,0
2001-09-18,154.0,,0
2001-09-19,165.99999999999997,,0
2001-09-20,165.0,,0
2001-09-21,165.0,,0
2001-09-24,158.0,,0
2001-09-25,161.0,,0
2001-09-26,159.0,,0
2001-09-27,158.0,,0
2001-09-28,148.99999999999997,,0
2001-10-01,148.0,,0
2001-10-02,146.99999999999997,,0
2001-10-03,146.00000000000003,,0
2001-10-04,142.99999999999997,,0
2001-10-05,143.99999999999994,,0
2001-10-08,143.99999999999994,,0
2001-10-09,142.99999999999997,,0
2001-10-10,140.00000000000003,,0
2001-10-11,138.0,,0
2001-10-12,141.0,,0
2001-10-15,140.99999999999997,,0
2001-10-16,141.99999999999994,,0
2001-10-17,139.0,,0
2001-10-18,139.0,,0
2001-10-19,140.00000000000003,,0
2001-10-22,138.00000000000003,,0
2001-10-23,137.0,,0
2001-10-24,136.00000000000003,,0
2001-10-25,139.0,,0
2001-10-26,138.99999999999997,,0
2001-10-29,143.00000000000003,,0
2001-10-30,146.0,,0
2001-10-31,122.99999999999996,,0
2001-11-01,112.99999999999999,,0
2001-11-02,119.0,,0
2001-11-05,115.00000000000003,,0
2001-11-06,132.00000000000003,,0
2001-11-07,131.99999999999997,,0
2001-11-08,129.0,,0
2001-11-09,125.99999999999997,,0
2001-11-12,125.99999999999997,,0
2001-11-13,123.0,,0
2001-11-14,118.99999999999994,,0
2001-11-15,112.00000000000001,,0
2001-11-16,105.99999999999996,,0
2001-11-19,109.99999999999997,,0
2001-11-20,112.99999999999999,,0
2001-11-21,104.0,,0
2001-11-22,104.0,,0
2001-11-23,98.99999999999993,,0
2001-11-26,97.99999999999996,,0
2001-11-27,104.99999999999999,,0
2001-11-28,103.00000000000003,,0
2001-11-29,114.00000000000006,,0
2001-11-30,118.99999999999994,,0
2001-12-03,121.99999999999997,,0
2001-12-04,122.99999999999996,,0
2001-12-05,110.99999999999994,,0
2001-12-06,108.99999999999999,,0
2001-12-07,109.99999999999997,,0
2001-12-10,112.00000000000001,,0
2001-12-11,117.0,,0
2001-12-12,117.99999999999997,,0
2001-12-13,112.99999999999999,,0
2001-12-14,107.00000000000003,,0
2001-12-17,107.00000000000003,,0
2001-12-18,105.99999999999996,,0
2001-12-19,107.00000000000003,,0
2001-12-20,100.99999999999997,,0
2001-12-21,100.0,,0
2001-12-24,100.0,,0
2001-12-25,100.0,,0
2001-12-26,96.99999999999997,,0
2001-12-27,103.00000000000003,,0
2001-12-28,108.0,,0
2001-12-31,110.00000000000006,,0
2002-01-01,110.00000000000006,,0
2002-01-02,104.0,,0
2002-01-03,105.99999999999996,,0
2002-01-04,107.00000000000003,,0
2002-01-07,110.00000000000006,,0
2002-01-08,112.00000000000001,,0
2002-01-09,112.99999999999999,,0
2002-01-10,115.00000000000003,,0
2002-01-11,123.00000000000004,,0
2002-01-14,122.99999999999996,,0
2002-01-15,120.00000000000001,,0
2002-01-16,120.00000000000001,,0
2002-01-17,112.99999999999999,,0
2002-01-18,112.99999999999999,,0
2002-01-21,112.99999999999999,,0
2002-01-22,112.00000000000001,,0
2002-01-23,112.00000000000001,,0
2002-01-24,106.99999999999994,,0
2002-01-25,100.99999999999997,,0
2002-01-28,98.99999999999993,,0
2002-01-29,105.00000000000007,,0
2002-01-30,104.0,,0
2002-01-31,102.00000000000004,,0
2002-02-01,103.00000000000003,,0
2002-02-04,105.99999999999996,,0
2002-02-05,105.99999999999996,,0
2002-02-06,108.0,,0
2002-02-07,108.99999999999999,,0
2002-02-08,110.99999999999994,,0
2002-02-11,112.00000000000001,,0
2002-02-12,108.99999999999999,,0
2002-02-13,106.99999999999994,,0
2002-02-14,107.00000000000003,,0
2002-02-15,110.00000000000006,,0
2002-02-18,110.00000000000006,,0
2002-02-19,125.99999999999997,,0
2002-02-20,125.0,,0
2002-02-21,126.00000000000007,,0
2002-02-22,125.0,,0
2002-02-25,125.0,,0
2002-02-26,120.00000000000001,,0
2002-02-27,129.0,,0
2002-02-28,127.00000000000004,,0
2002-03-01,117.0,,0
2002-03-04,118.00000000000006,,0
2002-03-05,115.99999999999993,,0
2002-03-06,121.99999999999997,,0
2002-03-07,110.99999999999994,,0
2002-03-08,106.00000000000006,,0
2002-03-11,104.0,,0
2002-03-12,108.99999999999999,,0
2002-03-13,113.99999999999997,,0
2002-03-14,107.00000000000003,,0
2002-03-15,106.00000000000006,,0
2002-03-18,104.0,,0
2002-03-19,108.0,,0
2002-03-20,101.99999999999996,,0
2002-03-21,99.00000000000003,,0
2002-03-22,98.99999999999993,,0
2002-03-25,99.00000000000003,,0
2002-03-26,99.00000000000003,,0
2002-03-27,101.00000000000007,,0
2002-03-28,100.0,,0
2002-03-29,100.0,,0
2002-04-01,99.00000000000003,,0
2002-04-02,102.00000000000004,,0
2002-04-03,106.00000000000006,,0
2002-04-04,106.00000000000006,,0
2002-04-05,111.00000000000003,,0
2002-04-08,112.00000000000001,,0
2002-04-09,112.00000000000001,,0
2002-04-10,110.00000000000006,,0
2002-04-11,112.00000000000001,,0
2002-04-12,119.00000000000004,,0
2002-04-15,118.99999999999994,,0
2002-04-16,116.00000000000001,,0
2002-04-17,121.0,,0
2002-04-18,122.00000000000006,,0
2002-04-19,117.99999999999997,,0
2002-04-22,116.00000000000001,,0
2002-04-23,116.00000000000001,,0
2002-04-24,118.99999999999994,,0
2002-04-25,120.00000000000001,,0
2002-04-26,124.00000000000003,,0
2002-04-29,120.00000000000001,,0
2002-04-30,118.99999999999994,,0
2002-05-01,120.00000000000001,,0
2002-05-02,117.99999999999997,,0
2002-05-03,117.0,,0
2002-05-06,116.00000000000001,,0
2002-05-07,123.00000000000004,,0
2002-05-08,118.99999999999994,,0
2002-05-09,125.0,,0
2002-05-10,125.99999999999997,,0
2002-05-13,125.0,,0
2002-05-14,120.00000000000001,,0
2002-05-15,123.00000000000004,,0
2002-05-16,128.00000000000003,,0
2002-05-17,124.00000000000003,,0
2002-05-20,125.0,,0
2002-05-21,129.99999999999997,,0
2002-05-22,132.00000000000003,,0
2002-05-23,132.00000000000003,,0
2002-05-24,131.00000000000006,,0
2002-05-27,131.00000000000006,,0
2002-05-28,132.00000000000003,,0
2002-05-29,135.99999999999994,,0
2002-05-30,138.0,,0
2002-05-31,138.0,,0
2002-06-03,139.99999999999994,,0
2002-06-04,144.00000000000003,,0
2002-06-05,144.00000000000003,,0
2002-06-06,146.99999999999997,,0
2002-06-07,144.99999999999994,,0
2002-06-10,142.0,,0
2002-06-11,142.0,,0
2002-06-12,143.99999999999994,,0
2002-06-13,145.00000000000003,,0
2002-06-14,149.00000000000003,,0
2002-06-17,149.00000000000003,,0
2002-06-18,149.00000000000003,,0
2002-06-19,157.00000000000003,,0
2002-06-20,152.99999999999994,,0
2002-06-21,150.0,,0
2002-06-24,149.00000000000003,,0
2002-06-25,150.99999999999997,,0
2002-06-26,160.99999999999994,,0
2002-06-27,159.99999999999997,,0
2002-06-28,161.00000000000003,,0
2002-07-01,159.0,,0
2002-07-02,164.99999999999994,,0
2002-07-03,162.0,,0
2002-07-04,162.0,,0
2002-07-05,157.00000000000003,,0
2002-07-08,159.0,,0
2002-07-09,161.99999999999997,,0
2002-07-10,168.00000000000003,,0
2002-07-11,171.00000000000003,,0
2002-07-12,173.0,,0
2002-07-15,172.00000000000003,,0
2002-07-16,169.99999999999997,,0
2002-07-17,173.0,,0
2002-07-18,180.00000000000003,,0
2002-07-19,179.0,2.607909929286964,-1
2002-07-22,185.0,2.830575215200122,-1
2002-07-23,190.00000000000003,2.9970617129222683,-1
2002-07-24,197.00000000000003,3.2343168947926477,-1
2002-07-25,203.00000000000003,3.4104517032318267,-1
2002-07-26,205.99999999999997,3.448009398988343,-1
2002-07-29,194.0,2.8905321212937523,-1
2002-07-30,188.0,2.600043890766879,-1
2002-07-31,198.0,2.9498603554900313,-1
2002-08-01,204.99999999999997,3.161216035915102,-1
2002-08-02,217.00000000000003,3.5406220304837035,-1
2002-08-05,220.00000000000003,3.557993768973519,-1
2002-08-06,209.00000000000003,3.0718740317755033,-1
2002-08-07,220.00000000000003,3.3961736278222627,-1
2002-08-08,209.00000000000003,2.932830442913495,-1
2002-08-09,206.99999999999997,2.8086378506923975,-1
2002-08-12,204.99999999999997,2.69169811133726,-1
2002-08-13,206.99999999999997,2.715471965311711,-1
2002-08-14,189.0,2.0625085031816974,-1
2002-08-15,189.0,2.0388151585631222,-1
2002-08-16,183.0,1.812737414951542,-1
2002-08-19,181.0,1.7267720266085036,-1
2002-08-20,188.99999999999997,1.9799344922999462,-1
2002-08-21,191.00000000000006,2.0252854884976257,-1
2002-08-22,189.99999999999994,1.97097032109496,-1
2002-08-23,194.0,2.0839405514970553,-1
2002-08-26,192.99999999999997,2.027092874700173,-1
2002-08-27,188.0,1.8389147997548456,-1
2002-08-28,190.0,1.8848747589256383,-1
2002-08-29,193.99999999999994,1.9945328490981205,-1
2002-08-30,189.0,1.8093431487258045,-1
2002-09-02,189.0,1.7908119659650141,-1
2002-09-03,197.99999999999994,2.0615519150252224,-1
2002-09-04,196.00000000000003,1.9741603909672305,-1
2002-09-05,203.00000000000003,2.1747079272792655,-1
2002-09-06,197.00000000000003,1.9672281066848332,-1
2002-09-09,193.00000000000003,1.8274047131158104,-1
2002-09-10,195.00000000000003,1.8769448034894431,-1
2002-09-11,193.00000000000003,1.799644935779986,-1
2002-09-12,196.00000000000003,1.87827281501169,-1
2002-09-13,196.99999999999997,1.8930138530222722,-1
2002-09-16,195.00000000000003,1.8161932745023444,-1
2002-09-17,198.99999999999997,1.9194961891861815,-1
2002-09-18,199.00000000000003,1.8999449730384428,-1
2002-09-19,203.00000000000003,1.9988206780839506,-1
2002-09-20,209.00000000000003,2.152052573189186,-1
2002-09-23,212.0,2.2115657338936994,-1
2002-09-24,208.0,2.0681635362041835,-1
2002-09-25,208.0,2.043594807725529,-1
2002-09-26,206.99999999999997,1.9912915772328244,-1
2002-09-27,217.0,2.247576083190852,-1
2002-09-30,225.0,2.436442339268151,-1
2002-10-01,225.99999999999997,2.4260680722711605,-1
2002-10-02,224.00000000000003,2.335323452444102,-1
2002-10-03,225.0,2.328164943585617,-1
2002-10-04,227.0,2.346849627400249,-1
2002-10-07,231.00000000000006,2.416065626071072,-1
2002-10-08,229.0,2.3277731223040425,-1
2002-10-09,230.00000000000003,2.319158026167851,-1
2002-10-10,230.00000000000003,2.2853421915279193,-1
2002-10-11,222.99999999999994,2.077913703253425,-1
2002-10-14,222.99999999999994,2.051915772015722,-1
2002-10-15,211.0,1.730197004758709,-1
2002-10-16,212.00000000000006,1.7378937344555092,-1
2002-10-17,210.99999999999994,1.696577347748266,-1
2002-10-18,215.00000000000003,1.7765951371982374,-1
2002-10-21,208.00000000000006,1.587781789494272,-1
2002-10-22,207.00000000000003,1.5481961314902626,-1
2002-10-23,213.0,1.6780924439449405,-1
2002-10-24,216.99999999999994,1.7569482532979759,-1
2002-10-25,220.99999999999994,1.8334061865229903,-1
2002-10-28,231.99999999999997,2.0715330548526327,-1
2002-10-29,239.0,2.207405423803195,-1
2002-10-30,242.99999999999997,2.268504040301307,-1
2002-10-31,247.00000000000003,2.326623758267267,-1
2002-11-01,238.0,2.0899043389505336,-1
2002-11-04,230.99999999999997,1.9062826541962983,-1
2002-11-05,233.0,1.9295731154939804,-1
2002-11-06,234.0,1.929563854324858,-1
2002-11-07,231.0,1.8408807170520023,-1
2002-11-08,217.99999999999997,1.5339707634272515,-1
2002-11-11,217.99999999999997,1.5199575036301596,-1
2002-11-12,221.99999999999997,1.594644750014613,-1
2002-11-13,219.0,1.5141174254143404,-1
2002-11-14,215.00000000000003,1.4125178434423358,-1
2002-11-15,207.00000000000003,1.2244587894359429,-1
2002-11-18,205.99999999999997,1.1923964751470812,-1
2002-11-19,203.99999999999997,1.1387699448279571,-1
2002-11-20,200.99999999999997,1.063856209473381,-1
2002-11-21,200.0,1.03363881545619,-1
2002-11-22,196.0,0.9376911458747929,-1
2002-11-25,197.00000000000006,0.9522137995471881,-1
2002-11-26,201.00000000000003,1.0324638115367204,-1
2002-11-27,194.00000000000003,0.8706561560962411,-1
2002-11-28,194.00000000000003,0.8638053374378631,-1
2002-11-29,195.00000000000006,0.8789816392369773,-1
2002-12-02,190.99999999999997,0.7840830335608139,-1
2002-12-03,190.00000000000003,0.7555536013352614,-1
2002-12-04,194.00000000000003,0.8373082016612846,-1
2002-12-05,197.00000000000003,0.8966076746463978,-1
2002-12-06,202.00000000000006,0.9996318385039222,-1
2002-12-09,204.0,1.0359429705541456,-1
2002-12-10,202.0,0.9838026301762239,-1
2002-12-11,202.0,0.9761700101709477,-1
2002-12-12,204.00000000000006,1.0128765313548627,-1
2002-12-13,207.00000000000003,1.071674426473836,-1
2002-12-16,206.99999999999997,1.063387452592234,-1
2002-12-17,213.00000000000003,1.1880596918992974,-1
2002-12-18,217.00000000000003,1.267092953253976,-1
2002-12-19,224.00000000000003,1.411337073405926,-1
2002-12-20,219.0,1.2894326343294664,-1
2002-12-23,217.99999999999997,1.2570461329951843,-1
2002-12-24,219.00000000000003,1.2691219766790283,-1
2002-12-25,219.00000000000003,1.2588802718320786,-1
2002-12-26,222.00000000000003,1.314808191536086,-1
2002-12-27,226.99999999999994,1.4139226641551466,-1
2002-12-30,225.99999999999997,1.3798210031658138,-1
2002-12-31,225.00000000000006,1.3459517470122075,-1
2003-01-01,225.00000000000006,1.3344453461169086,-1
2003-01-02,213.0,1.0605513434805363,-1
2003-01-03,215.0,1.0959768428597618,-1
2003-01-06,210.0,0.9777175153431723,-1
2003-01-07,213.99999999999997,1.0578491378239039,-1
2003-01-08,212.0,1.0056520856826276,-1
2003-01-09,203.99999999999997,0.821690538111241,-1
2003-01-10,204.0,0.8149367090992242,-1
2003-01-13,206.00000000000006,0.8524754982840566,-1
2003-01-14,209.00000000000003,0.9122507624154615,-1
2003-01-15,206.99999999999997,0.860866639556347,-1
2003-01-16,205.00000000000003,0.8094050252187472,-1
2003-01-17,208.0,0.86992490149363,-1
2003-01-20,208.0,0.8631528126113037,-1
2003-01-21,211.00000000000003,0.9239040600185184,-1
2003-01-22,213.00000000000003,0.9619119003962501,-1
2003-01-23,211.0,0.9094453537536653,-1
2003-01-24,211.99999999999997,0.9250674838350973,-1
2003-01-27,208.99999999999994,0.8497516753673574,-1
2003-01-28,206.99999999999994,0.7973372884669655,-1
2003-01-29,204.00000000000006,0.7221162013799369,-1
2003-01-30,203.99999999999997,0.7157846718325294,-1
2003-01-31,201.00000000000003,0.6403512698274962,-1
2003-02-03,196.0,0.5184382818643517,-1
2003-02-04,200.0,0.6054722769127961,-1
2003-02-05,194.99999999999997,0.48270724600626647,-1
2003-02-06,197.00000000000003,0.5240853386127939,-1
2003-02-07,201.00000000000003,0.6122446085872059,-1
2003-02-10,201.00000000000003,0.6064072279247371,-1
2003-02-11,205.99999999999997,0.7181124387222162,-1
2003-02-12,216.0,0.9470249254751326,-1
2003-02-13,219.0,1.0102254841397214,-1
2003-02-14,217.99999999999997,0.9787467307721892,-1
2003-02-17,217.99999999999997,0.9710565869952997,-1
2003-02-18,217.99999999999997,0.963685053164544,-1
2003-02-19,217.0,0.9326705945039775,-1
2003-02-20,222.00000000000003,1.044157495294989,-1
2003-02-21,222.00000000000003,1.0362094446801033,-1
2003-02-24,223.0,1.052721175902203,-1
2003-02-25,223.99999999999997,1.0696646976445514,-1
2003-02-26,221.99999999999997,1.0148567780669797,-1
2003-02-27,223.00000000000006,1.0320578048896756,-1
2003-02-28,221.00000000000003,0.9763886486752599,-1
2003-03-03,225.99999999999997,1.0913451605062352,-1
2003-03-04,229.0,1.1576958347827162,-1
2003-03-05,232.00000000000003,1.2243473035771728,-1
2003-03-06,229.99999999999997,1.1677328919330052,-1
2003-03-07,234.00000000000003,1.2601499384065264,-1
2003-03-10,239.00000000000006,1.3779689670590904,-1
2003-03-11,236.00000000000003,1.2966623689184973,-1
2003-03-12,227.99999999999997,1.0897844224970692,-1
2003-03-13,220.00000000000003,0.8816933304224154,-1
2003-03-14,220.99999999999994,0.9021097549611834,-1
2003-03-17,218.00000000000003,0.8197039559913315,-1
2003-03-18,214.0,0.7104400571292764,-1
2003-03-19,215.99999999999997,0.7579943502381189,-1
2003-03-20,215.0,0.7263317873859616,-1
2003-03-21,211.00000000000003,0.6136624659209701,-1
2003-03-24,217.00000000000003,0.770400019536782,-1
2003-03-25,218.00000000000003,0.7921951696075846,-1
2003-03-26,223.0,0.9240207351945307,-1
2003-03-27,225.0,0.9740544223704551,-1
2003-03-28,230.00000000000003,1.1083432352345612,-1
2003-03-31,229.00000000000006,1.075273159141865,-1
2003-04-01,227.99999999999997,1.0411881690966767,-1
2003-04-02,226.00000000000003,0.9787061293532128,-1
2003-04-03,229.0,1.0594072119287647,-1
2003-04-04,232.00000000000003,1.1399239197494546,-1
2003-04-07,225.0,0.9312962653602067,-1
2003-04-08,225.0,0.9262734114547796,-1
2003-04-09,228.00000000000003,1.0100273691273174,-1
2003-04-10,227.99999999999997,1.0056506555570117,-1
2003-04-11,224.00000000000003,0.881057550657154,-1
2003-04-14,218.00000000000003,0.6945108930935846,-1
2003-04-15,223.00000000000006,0.8418073727653769,-1
2003-04-16,217.99999999999997,0.6829214849099688,-1
2003-04-17,213.0,0.5217938175330051,-1
2003-04-18,213.0,0.5159035706125485,-1
2003-04-21,210.0,0.4141390263341769,-1
2003-04-22,211.00000000000003,0.43999703820111835,-1
2003-04-23,207.99999999999997,0.3350962090210227,-1
2003-04-24,213.0,0.4942646278653967,-1
2003-04-25,216.0,0.5895764589033016,-1
2003-04-28,214.0,0.5160471426260402,-1
2003-04-29,213.00000000000003,0.4757015028709661,-1
2003-04-30,215.0,0.5396330534499507,-1
2003-05-01,219.0,0.676533872072826,-1
2003-05-02,215.0,0.5285100879625393,-1
2003-05-05,216.0,0.5594873163606229,-1
2003-05-06,225.99999999999997,0.9249400531548145,-1
2003-05-07,231.99999999999997,1.1482017533545914,-1
2003-05-08,234.0,1.222504290590986,-1
2003-05-09,234.00000000000003,1.2210273466259145,-1
2003-05-12,233.0,1.1812523318880885,-1
2003-05-13,234.0,1.22020404044485,-1
2003-05-14,228.99999999999997,1.0213852460809212,-1
2003-05-15,217.00000000000003,0.5338443175793232,-1
2003-05-16,223.99999999999997,0.8173439360715892,-1
2003-05-19,225.99999999999997,0.898044723546727,-1
2003-05-20,225.0,0.853770610622395,-1
2003-05-21,217.0,0.5070958901141928,-1
2003-05-22,218.00000000000003,0.5450976056867527,-1
2003-05-23,211.00000000000003,0.22947787992488,-1
2003-05-26,211.00000000000003,0.22120404650331973,-1
2003-05-27,223.00000000000006,0.7601025353401386,-1
2003-05-28,227.99999999999997,0.9890659651069045,-1
2003-05-29,228.99999999999997,1.0363638897889178,-1
2003-05-30,229.0,1.0368622630341462,-1
2003-06-02,226.99999999999994,0.9405191665019574,-1
2003-06-03,234.0,1.2834306098184836,-1
2003-06-04,239.0,1.5328840525751914,-1
2003-06-05,238.0,1.4851824802995086,-1
2003-06-06,237.0,1.4323661388595785,-1
2003-06-09,239.99999999999994,1.5875012089930811,-1
2003-06-10,238.99999999999997,1.5396628922798754,-1
2003-06-11,233.0,1.2273491942806054,-1
2003-06-12,236.99999999999997,1.447522618570989,-1
2003-06-13,234.0,1.2825427613920772,-1
2003-06-16,232.99999999999997,1.2271098919392058,-1
2003-06-17,229.0,1.001974586523997,-1
2003-06-18,229.99999999999997,1.0592814245982443,-1
2003-06-19,238.00000000000003,1.519082533962911,-1
2003-06-20,239.0,1.5786655788065398,-1
2003-06-23,239.99999999999994,1.6396647734912275,-1
2003-06-24,238.99999999999997,1.5879512026131037,-1
2003-06-25,237.00000000000006,1.4732401710482457,-1
2003-06-26,231.99999999999994,1.1674196130706496,-1
2003-06-27,231.0,1.1043160916907355,-1
2003-06-30,234.99999999999997,1.358782315063107,-1
2003-07-01,238.00000000000003,1.5502279654117717,-1
2003-07-02,236.0,1.4193263807993606,-1
2003-07-03,238.0,1.5528439121006599,-1
2003-07-04,238.0,1.5524887974445332,-1
2003-07-07,235.00000000000006,1.3455763806747065,-1
2003-07-08,230.00000000000003,1.0020758275003272,-1
2003-07-09,229.99999999999997,0.9965786660026249,-1
2003-07-10,235.00000000000006,1.3336954248951636,-1
2003-07-11,242.00000000000003,1.8011450098920763,-1
2003-07-14,238.00000000000003,1.5104861722539227,-1
2003-07-15,231.0,1.0199835737162173,-1
2003-07-16,222.99999999999994,0.463188466832902,-1
2003-07-17,220.00000000000003,0.24884353245202354,-1
2003-07-18,215.99999999999997,-0.03495345655182067,0
2003-07-21,215.0,-0.10777134699241481,0
2003-07-22,216.00000000000006,-0.03749773489149856,0
2003-07-23,216.0,-0.03639087421102377,0
2003-07-24,217.0,0.03140795129864894,0
2003-07-25,220.99999999999994,0.31127603878283755,0
2003-07-28,217.99999999999997,0.09871676432569695,0
2003-07-29,213.0,-0.25352326407827747,0
2003-07-30,215.99999999999997,-0.04625756209269344,0
2003-07-31,217.99999999999997,0.09120425971912509,0
2003-08-01,209.99999999999997,-0.48037574253826626,0
2003-08-04,222.99999999999994,0.4335780541556701,0
2003-08-05,213.99999999999997,-0.21963716171137238,0
2003-08-06,217.0,-0.013644737757642444,0
2003-08-07,221.00000000000003,0.27198437282056853,0
2003-08-08,223.00000000000006,0.4131583698296249,0
2003-08-11,221.0,0.25750229073061437,0
2003-08-12,226.00000000000003,0.6260715559265266,0
2003-08-13,216.99999999999994,-0.05961234558283416,0
2003-08-14,215.00000000000003,-0.2217366673260114,0
2003-08-15,215.00000000000003,-0.2314417824695264,0
2003-08-18,213.0,-0.39458294263510285,0
2003-08-19,214.0,-0.32774733800700745,0
2003-08-20,206.99999999999997,-0.892013570282585,0
2003-08-21,192.0,-2.0734947141398647,1
2003-08-22,193.00000000000003,-1.9899304034153087,1
2003-08-25,188.00000000000003,-2.3601674176593423,1
2003-08-26,188.99999999999997,-2.268272525932937,1
2003-08-27,185.00000000000006,-2.563080144137466,1
2003-08-28,192.0,-2.0162264295835852,1
2003-08-29,184.0,-2.6157079122661844,1
2003-09-01,184.0,-2.5916275022773876,1
2003-09-02,175.0,-3.219315285374933,1
2003-09-03,180.00000000000003,-2.8110224606731564,1
2003-09-04,190.00000000000003,-2.0559789270543054,1
2003-09-05,204.00000000000006,-1.023941436855535,1
2003-09-08,204.00000000000006,-1.0245563573857808,1
2003-09-09,208.00000000000006,-0.7276865267302418,1
2003-09-10,211.99999999999997,-0.4313196503892029,1
2003-09-11,210.99999999999994,-0.5065702695964875,1
2003-09-12,218.00000000000003,0.009423635890997055,0
2003-09-15,222.99999999999994,0.3761512582442865,0
2003-09-16,221.99999999999997,0.30033909636325934,0
2003-09-17,219.99999999999997,0.1533410606681917,0
2003-09-18,214.00000000000006,-0.28914830591491075,0
2003-09-19,209.00000000000003,-0.6561900963482574,0
2003-09-22,212.0,-0.4294845755096021,0
2003-09-23,211.00000000000003,-0.4993194210149864,0
2003-09-24,210.0,-0.5682327877849974,0
2003-09-25,212.0,-0.4147333688687968,0
2003-09-26,216.0,-0.11260077143519116,0
2003-09-29,218.00000000000003,0.04036940563006015,0
2003-09-30,222.00000000000003,0.3399129803707823,0
2003-10-01,221.0,0.2657500717627739,0
2003-10-02,219.99999999999997,0.18832636120722654,0
2003-10-03,211.00000000000003,-0.48500928396515497,0
2003-10-06,215.0,-0.18689108581282352,0
2003-10-07,214.0,-0.26145176172471424,0
2003-10-08,219.0,0.10973974069444459,0
2003-10-09,217.99999999999997,0.0315634710075144,0
2003-10-10,219.0,0.10483700169438225,0
2003-10-13,219.0,0.10423949883227224,0
2003-10-14,217.00000000000003,-0.044679673600616046,0
2003-10-15,211.00000000000003,-0.4897074922964549,0
2003-10-16,201.00000000000003,-1.233095746189113,0
2003-10-17,204.0,-1.0008354312603835,0
2003-10-20,201.99999999999994,-1.1476290158112532,0
2003-10-21,202.0,-1.1396244629584935,0
2003-10-22,209.0,-0.5979752607853493,0
2003-10-23,212.0,-0.3625500728785041,0
2003-10-24,213.99999999999997,-0.20334059573721502,0
2003-10-27,209.0,-0.5834997214355755,0
2003-10-28,215.99999999999997,-0.04172328433004787,0
2003-10-29,212.0,-0.3490495344862678,0
2003-10-30,204.0,-0.96044891310617,0
2003-10-31,201.00000000000003,-1.1832381257012135,0
2003-11-03,196.0,-1.5547412580396562,1
2003-11-04,198.99999999999997,-1.319245391951148,1
2003-11-05,197.00000000000003,-1.464816572398874,1
2003-11-06,194.0,-1.6836274918284462,1
2003-11-07,190.99999999999997,-1.899464914829076,1
2003-11-10,189.99999999999994,-1.9625895743802484,1
2003-11-11,189.99999999999994,-1.9547117668961818,1
2003-11-12,188.99999999999997,-2.0189444911132,1
2003-11-13,195.00000000000003,-1.5656787523849895,1
2003-11-14,202.0,-1.050290353973094,1
2003-11-17,202.99999999999997,-0.9817334249059831,1
2003-11-18,201.00000000000003,-1.1361761703242594,1
2003-11-19,199.99999999999994,-1.2190916658714557,1
2003-11-20,202.0,-1.077730124544119,1
2003-11-21,198.0,-1.384954593331092,1
2003-11-24,195.00000000000003,-1.6108638161461237,1
2003-11-25,196.99999999999997,-1.4547029228185198,1
2003-11-26,193.00000000000003,-1.746792090198733,1
2003-11-27,193.00000000000003,-1.7375010198685548,1
2003-11-28,185.00000000000006,-2.313860256591755,1
2003-12-01,182.00000000000003,-2.5030566539716377,1
2003-12-02,181.99999999999997,-2.467324391938386,1
2003-12-03,182.00000000000003,-2.4328299944949427,1
2003-12-04,184.99999999999997,-2.1875806813768808,1
2003-12-05,197.00000000000003,-1.3208546924902376,1
2003-12-08,198.0,-1.2394616790848292,1
2003-12-09,192.99999999999997,-1.5791801085299157,1
2003-12-10,200.00000000000006,-1.0774368053277859,1
2003-12-11,205.99999999999997,-0.6506400678292418,1
2003-12-12,200.00000000000006,-1.0654536347091597,1
2003-12-15,198.00000000000006,-1.1963761473915187,1
2003-12-16,202.00000000000006,-0.9088692904591508,1
2003-12-17,198.0,-1.1794531993150885,1
2003-12-18,192.99999999999997,-1.5148570567428266,1
2003-12-19,195.00000000000003,-1.3634647812288117,1
2003-12-22,194.0,-1.4219852532497999,1
2003-12-23,190.00000000000003,-1.6824388851575776,1
2003-12-24,195.00000000000003,-1.3296728401788172,1
2003-12-25,195.00000000000003,-1.3198791119948472,1
2003-12-26,198.00000000000006,-1.1082998481872677,1
2003-12-29,194.99999999999997,-1.3072649376357544,1
2003-12-30,197.00000000000006,-1.1672402692745805,1
2003-12-31,198.00000000000006,-1.0952102502788572,1
2004-01-01,198.00000000000006,-1.089919124393712,1
2004-01-02,194.0,-1.3526809919966833,1
2004-01-05,189.0,-1.6773078315024863,1
2004-01-06,200.0,-0.935705706364437,1
2004-01-07,196.99999999999997,-1.1312577598215547,1
2004-01-08,196.0,-1.1908341672819356,1
2004-01-09,209.0,-0.32297594517514605,1
2004-01-12,208.0,-0.3887512412821299,1
2004-01-13,213.00000000000003,-0.055801666717091254,1
2004-01-14,209.99999999999997,-0.2560197225905424,1
2004-01-15,206.0,-0.52228645374913,1
2004-01-16,201.00000000000003,-0.8541850305141314,1
2004-01-19,201.00000000000003,-0.852880487323608,1
2004-01-20,204.0,-0.6543818488715949,1
2004-01-21,203.99999999999997,-0.6577846069022085,1
2004-01-22,205.99999999999997,-0.5265194523727711,1
2004-01-23,202.0,-0.7971407739599808,1
2004-01-26,200.99999999999997,-0.8660637374028329,1
2004-01-27,202.0,-0.7994984728377921,1
2004-01-28,191.99999999999994,-1.4632451825959576,1
2004-01-29,190.99999999999997,-1.5198826366413682,1
2004-01-30,194.00000000000003,-1.309915039364704,1
2004-02-02,194.99999999999997,-1.2337862966835296,1
2004-02-03,199.00000000000003,-0.9625619057144129,1
2004-02-04,196.00000000000003,-1.1520441334547522,1
2004-02-05,192.0,-1.4034386764780469,1
2004-02-06,196.0,-1.132670112791337,1
2004-02-09,197.99999999999994,-0.9941778914831775,1
2004-02-10,195.00000000000003,-1.180786963343924,1
2004-02-11,202.99999999999997,-0.6536783374458778,1
2004-02-12,202.99999999999997,-0.6483622904064756,1
2004-02-13,207.00000000000003,-0.3836318099420834,1
2004-02-16,207.00000000000003,-0.37970954193413753,1
2004-02-17,205.00000000000003,-0.5062230398186974,1
2004-02-18,204.00000000000006,-0.5663256502459232,1
2004-02-19,202.0,-0.6909905466389847,1
2004-02-20,200.99999999999997,-0.7499917294799507,1
2004-02-23,208.00000000000006,-0.2857676489496375,1
2004-02-24,204.99999999999997,-0.4772195486282347,1
2004-02-25,203.99999999999997,-0.5371123289882381,1
2004-02-26,204.0,-0.5310667474233484,1
2004-02-27,200.0,-0.791202981468667,1
2004-03-01,201.00000000000003,-0.7191009392910575,1
2004-03-02,201.99999999999994,-0.6472973390496498,1
2004-03-03,195.99999999999994,-1.0398766067696548,1
2004-03-04,197.00000000000003,-0.9670249578616431,1
2004-03-05,210.0,-0.10130797339034929,1
2004-03-08,213.0,0.098678364823084,0
2004-03-09,216.99999999999994,0.36295713940048807,0
2004-03-10,212.0,0.03192536336609176,0
2004-03-11,215.0,0.23224565590137522,0
2004-03-12,215.99999999999997,0.30089707913899555,0
2004-03-15,213.99999999999997,0.17092522265684917,0
2004-03-16,217.00000000000003,0.3754415973588261,0
2004-03-17,217.0,0.37957097750263374,0
2004-03-18,215.0,0.2495611651796167,0
2004-03-19,213.99999999999997,0.18592209185624187,0
2004-03-22,215.0,0.25768222008873,0
2004-03-23,214.0,0.1957624331848983,0
2004-03-24,215.0,0.2666503430406804,0
2004-03-25,216.0,0.3374760978355752,0
2004-03-26,210.0,-0.06572740675526877,0
2004-03-29,210.0,-0.061023037245421755,0
2004-03-30,210.0,-0.05731773858393724,0
2004-03-31,213.0,0.14947163913022293,0
2004-04-01,213.99999999999997,0.22068870680154798,0
2004-04-02,198.0,-0.8701601275776404,0
2004-04-05,193.99999999999994,-1.136122101887956,0
2004-04-06,198.0,-0.8575160413489888,0
2004-04-07,198.99999999999997,-0.7853364327395435,0
2004-04-08,194.99999999999997,-1.0512764468509115,0
2004-04-09,194.99999999999997,-1.0455339295951067,0
2004-04-12,193.00000000000006,-1.1726894650113626,0
2004-04-13,188.0,-1.4972089942883653,0
2004-04-14,181.99999999999997,-1.8797893551082887,1
2004-04-15,188.0,-1.4654243702350283,1
2004-04-16,191.99999999999994,-1.1896894685636097,1
2004-04-19,191.0,-1.2457945124991527,1
2004-04-20,189.99999999999994,-1.301400019603283,1
2004-04-21,184.00000000000003,-1.680578299878619,1
2004-04-22,187.0,-1.4702347401913887,1
2004-04-23,179.99999999999997,-1.9103423240311623,1
2004-04-26,179.00000000000006,-1.9567295602020918,1
2004-04-27,182.99999999999997,-1.681929789468325,1
2004-04-28,178.99999999999997,-1.924192922795455,1
2004-04-29,175.0,-2.160787594452985,1
2004-04-30,175.99999999999997,-2.0718268053608746,1
2004-05-03,178.00000000000003,-1.9198105048287,1
2004-05-04,179.0,-1.835713955577255,1
2004-05-05,175.0,-2.0656308344945757,1
2004-05-06,173.99999999999997,-2.102526146739342,1
2004-05-07,157.00000000000003,-3.099175529176851,1
2004-05-10,159.0,-2.9130366892561237,1
2004-05-11,159.00000000000003,-2.853227953919812,1
2004-05-12,161.00000000000003,-2.6826390257902175,1
2004-05-13,160.00000000000006,-2.6921282437026615,1
2004-05-14,167.0,-2.254680389845277,1
2004-05-17,168.99999999999994,-2.113737771548935,1
2004-05-18,168.99999999999994,-2.089098429391911,1
2004-05-19,164.0,-2.3417003078936856,1
2004-05-20,165.99999999999997,-2.2030948789802087,1
2004-05-21,162.0,-2.4014523494544937,1
2004-05-24,163.00000000000003,-2.3196088933615324,1
2004-05-25,161.0,-2.402744179243482,1
2004-05-26,165.0,-2.160306267229841,1
2004-05-27,171.0,-1.8133768432171706,1
2004-05-28,161.0,-2.3412897704164823,1
2004-05-31,161.0,-2.3157516629621426,1
2004-06-01,162.00000000000006,-2.2354050661718063,1
2004-06-02,159.0,-2.370402307283129,1
2004-06-03,160.0,-2.2863132878017214,1
2004-06-04,156.99999999999997,-2.4160093627679653,1
2004-06-07,154.99999999999997,-2.493751841788846,1
2004-06-08,157.00000000000003,-2.361639751437193,1
2004-06-09,152.00000000000006,-2.5973877921625346,1
2004-06-10,150.99999999999997,-2.61740658256894,1
2004-06-11,150.99999999999997,-2.5837943728193324,1
2004-06-14,148.00000000000006,-2.6992876599760898,1
2004-06-15,155.00000000000003,-2.306168541550652,1
2004-06-16,149.00000000000003,-2.5821667479803887,1
2004-06-17,148.0,-2.6005546240735087,1
2004-06-18,152.0,-2.3690875550895143,1
2004-06-21,154.0,-2.245626386984155,1
2004-06-22,154.99999999999997,-2.175253320555595,1
2004-06-23,155.00000000000003,-2.154446499468297,1
2004-06-24,159.00000000000003,-1.9332860041686324,1
2004-06-25,156.0,-2.0639723956062332,1
2004-06-28,152.0,-2.2430990371069273,1
2004-06-29,152.00000000000006,-2.2263533711391417,1
2004-06-30,160.0,-1.8121413790553729,1
2004-07-01,160.99999999999994,-1.7479416859711812,1
2004-07-02,167.99999999999997,-1.3835563660619374,1
2004-07-05,167.99999999999997,-1.3721947502922545,1
2004-07-06,167.00000000000003,-1.4103067104144704,1
2004-07-07,165.00000000000003,-1.4973158052201987,1
2004-07-08,167.00000000000003,-1.3849006519745004,1
2004-07-09,166.99999999999994,-1.373116165516834,1
2004-07-12,163.99999999999997,-1.509765288393711,1
2004-07-13,163.0,-1.5463694935293881,1
2004-07-14,164.0,-1.4834758445468001,1
2004-07-15,159.00000000000003,-1.7149825058625223,1
2004-07-16,165.99999999999997,-1.3560551646733496,1
2004-07-19,165.0,-1.3939403360440674,1
2004-07-20,156.99999999999997,-1.7710412681736512,1
2004-07-21,158.99999999999994,-1.6580944072145427,1
2004-07-22,159.0,-1.642064176895882,1
2004-07-23,157.99999999999997,-1.6750629668149408,1
2004-07-26,153.99999999999997,-1.852382747263358,1
2004-07-27,156.99999999999997,-1.6912725900228127,1
2004-07-28,160.0,-1.5322948067444222,1
2004-07-29,157.00000000000003,-1.6652885427466064,1
2004-07-30,159.99999999999997,-1.5060323204718455,1
2004-08-02,157.99999999999997,-1.5886242408726028,1
2004-08-03,157.00000000000003,-1.6219203184732403,1
2004-08-04,158.0,-1.559026310952461,1
2004-08-05,157.99999999999997,-1.5449449476136385,1
2004-08-06,173.0,-0.8155968129859935,1
2004-08-09,170.00000000000003,-0.95423637979771,1
2004-08-10,165.0,-1.1861108393477482,1
2004-08-11,165.00000000000003,-1.1784619675549604,1
2004-08-12,169.99999999999997,-0.9340376643119677,1
2004-08-13,169.00000000000003,-0.976981729988987,1
2004-08-16,167.99999999999997,-1.0180213280407526,1
2004-08-17,173.99999999999997,-0.7300347995561147,1
2004-08-18,170.00000000000003,-0.9160717789013147,1
2004-08-19,174.99999999999994,-0.6788157786103303,1
2004-08-20,171.99999999999997,-0.8188823711777286,1
2004-08-23,169.00000000000003,-0.9554032281713408,1
2004-08-24,169.00000000000003,-0.9480555374809583,1
2004-08-25,167.0,-1.0344901328320222,1
2004-08-26,167.99999999999997,-0.979479790268227,1
2004-08-27,166.99999999999994,-1.0186051126340168,1
2004-08-30,167.00000000000003,-1.01056424909236,1
2004-08-31,167.99999999999997,-0.95595515201413,1
2004-09-01,169.0,-0.9019209731222431,1
2004-09-02,167.00000000000003,-0.9898400316838386,1
2004-09-03,161.99999999999997,-1.2193954219650076,1
2004-09-06,161.99999999999997,-1.20986694032544,1
2004-09-07,161.99999999999997,-1.2000689141838563,1
2004-09-08,164.0,-1.095957817720463,1
2004-09-09,166.0,-0.9925809927825886,1
2004-09-10,165.0,-1.0321830602587947,1
2004-09-13,163.99999999999997,-1.0715873965390739,1
2004-09-14,165.99999999999997,-0.9684984076769146,1
2004-09-15,165.0,-1.009004603636507,1
2004-09-16,166.0,-0.9542592319271577,1
2004-09-17,164.0,-1.043663874552282,1
2004-09-20,166.00000000000006,-0.9399911864036848,1
2004-09-21,166.00000000000006,-0.9325971094889779,1
2004-09-22,162.0,-1.1190828571533553,1
2004-09-23,156.00000000000006,-1.400681880601382,1
2004-09-24,154.0,-1.4874315046826903,1
2004-09-27,154.99999999999997,-1.428235236019619,1
2004-09-28,162.00000000000006,-1.0785779605000416,1
2004-09-29,159.99999999999997,-1.1689855438290062,1
2004-09-30,159.0,-1.2098575925577624,1
2004-10-01,161.99999999999997,-1.0537336768159467,1
2004-10-04,160.0,-1.1433046529332207,1
2004-10-05,160.0,-1.1341660216393055,1
2004-10-06,153.00000000000003,-1.4662998838615549,1
2004-10-07,155.00000000000003,-1.356084340463977,1
2004-10-08,159.00000000000003,-1.1506260829469768,1
2004-10-11,159.00000000000003,-1.1421546505075146,1
2004-10-12,160.0,-1.0851376558397767,1
2004-10-13,166.00000000000006,-0.7822797565173658,1
2004-10-14,167.0,-0.7265721772671646,1
2004-10-15,161.0,-1.0174266773349094,1
2004-10-18,161.0,-1.0094258933393339,1
2004-10-19,159.00000000000003,-1.10033919342675,1
2004-10-20,159.0,-1.09162133237242,1
2004-10-21,154.99999999999997,-1.279954383764844,1
2004-10-22,161.00000000000003,-0.9740323652758843,1
2004-10-25,161.00000000000003,-0.9665735539585517,1
2004-10-26,161.00000000000003,-0.9594187940675677,1
2004-10-27,159.0,-1.0506039847698974,1
2004-10-28,157.00000000000003,-1.1406336216031516,1
2004-10-29,157.00000000000003,-1.1318907698273937,1
2004-11-01,156.0,-1.171588519990529,1
2004-11-02,157.00000000000003,-1.1135117767522131,1
2004-11-03,155.00000000000003,-1.202194614167013,1
2004-11-04,151.99999999999994,-1.338327088244977,1
2004-11-05,148.00000000000006,-1.5206802897877385,1
2004-11-08,147.00000000000006,-1.5553375778623568,1
2004-11-09,148.99999999999997,-1.4445989708246316,1
2004-11-10,148.99999999999997,-1.4316267757288414,1
2004-11-11,148.99999999999997,-1.418937201929189,1
2004-11-12,143.00000000000003,-1.692186421035061,1
2004-11-15,145.00000000000006,-1.58018377756985,1
2004-11-16,140.0,-1.8005541448830331,1
2004-11-17,141.99999999999994,-1.687891678632327,1
2004-11-18,138.00000000000003,-1.8568024423227034,1
2004-11-19,136.0,-1.928215553358451,1
2004-11-22,132.99999999999997,-2.04231637479528,1
2004-11-23,130.99999999999997,-2.107736857987346,1
2004-11-24,127.99999999999999,-2.215489850933642,1
2004-11-25,127.99999999999999,-2.185057527516021,1
2004-11-26,130.00000000000003,-2.068693282384362,1
2004-11-29,131.0,-2.0014212976981445,1
2004-11-30,135.0,-1.8028797010036968,1
2004-12-01,136.0,-1.7401560040862691,1
2004-12-02,136.00000000000003,-1.7231514213607029,1
2004-12-03,138.00000000000003,-1.61874111010863,1
2004-12-06,137.0,-1.6463379121221677,1
2004-12-07,135.0,-1.7165896559163778,1
2004-12-08,131.0,-1.870690014944662,1
2004-12-09,134.0,-1.7215610971935953,1
2004-12-10,135.0,-1.6614447221983237,1
2004-12-13,130.99999999999997,-1.8145156376322125,1
2004-12-14,130.00000000000003,-1.8376183583186256,1
2004-12-15,127.99999999999999,-1.9014253181764396,1
2004-12-16,129.99999999999997,-1.7970873837196744,1
2004-12-17,129.99999999999997,-1.7785176870237112,1
2004-12-20,129.0,-1.8017263824482912,1
2004-12-21,126.00000000000003,-1.9059212815731295,1
2004-12-22,129.00000000000006,-1.7613171579071456,1
2004-12-23,132.00000000000003,-1.621293213859665,1
2004-12-24,132.00000000000003,-1.605987075306634,1
2004-12-27,131.99999999999997,-1.5908454486998922,1
2004-12-28,129.0,-1.700300960381364,1
2004-12-29,127.99999999999999,-1.7265230056888345,1
2004-12-30,130.00000000000003,-1.6321637830548001,1
2004-12-31,123.00000000000004,-1.90336415736382,1
2005-01-03,120.99999999999996,-1.965554868184431,1
2005-01-04,119.0,-2.0245791387795706,1
2005-01-05,114.99999999999999,-2.1612136611956183,1
2005-01-06,117.99999999999997,-2.017518459048645,1
2005-01-07,114.99999999999999,-2.1145225307790296,1
2005-01-10,111.00000000000003,-2.248197988358209,1
2005-01-11,110.99999999999999,-2.2202673253900036,1
2005-01-12,107.99999999999996,-2.308619301118982,1
2005-01-13,108.99999999999994,-2.240643018874295,1
2005-01-14,107.00000000000003,-2.2864539493099945,1
2005-01-17,107.00000000000003,-2.2546166456300436,1
2005-01-18,99.99999999999996,-2.485394491704205,1
2005-01-19,97.00000000000001,-2.5578963799570595,1
2005-01-20,102.99999999999999,-2.299688799078651,1
2005-01-21,105.00000000000003,-2.19585596201151,1
2005-01-24,98.0,-2.4195514940739673,1
2005-01-25,100.0,-2.313196215157755,1
2005-01-26,97.00000000000001,-2.3886132264704476,1
2005-01-27,96.0,-2.3895726468591865,1
2005-01-28,94.99999999999997,-2.392694000988556,1
2005-01-31,91.00000000000001,-2.498997467293143,1
2005-02-01,92.0,-2.4309637182260326,1
2005-02-02,88.00000000000003,-2.5355268473101042,1
2005-02-03,82.00000000000003,-2.701188785237391,1
2005-02-04,80.00000000000003,-2.724829800054725,1
2005-02-07,75.99999999999997,-2.8112980728816477,1
2005-02-08,70.99999999999996,-2.923799578315974,1
2005-02-09,82.00000000000003,-2.520997164308392,1
2005-02-10,85.00000000000001,-2.3897233658943904,1
2005-02-11,81.99999999999994,-2.4541272985836033,1
2005-02-14,75.0,-2.641212048200845,1
2005-02-15,77.00000000000004,-2.537511946930781,1
2005-02-16,75.00000000000004,-2.562145629122241,1
2005-02-17,80.00000000000003,-2.3711163693076323,1
2005-02-18,79.00000000000004,-2.3689957156289725,1
2005-02-21,79.00000000000004,-2.336723736582035,1
2005-02-22,83.0,-2.188778407330646,1
2005-02-23,82.00000000000003,-2.1971753843681423,1
2005-02-24,75.99999999999997,-2.35720291130407,1
2005-02-25,70.00000000000001,-2.509406687733097,1
2005-02-28,71.0,-2.4498680662474657,1
2005-03-01,67.00000000000009,-2.5402286922684527,1
2005-03-02,71.0,-2.3917907097497335,1
2005-03-03,69.00000000000004,-2.4253310091648883,1
2005-03-04,69.0,-2.3995122543021745,1
2005-03-07,63.99999999999997,-2.518710547447363,1
2005-03-08,62.000000000000014,-2.54639961441905,1
2005-03-09,67.99999999999997,-2.3438939006988013,1
2005-03-10,61.00000000000003,-2.5200643743104063,1
2005-03-11,58.00000000000001,-2.5761926074043586,1
2005-03-14,56.99999999999994,-2.5740819569110944,1
2005-03-15,58.00000000000001,-2.5130931262167318,1
2005-03-16,60.00000000000006,-2.4264265484113205,1
2005-03-17,61.00000000000003,-2.3707443574666525,1
2005-03-18,62.000000000000014,-2.3181603940975686,1
2005-03-21,67.0,-2.1561577959463745,1
2005-03-22,57.00000000000003,-2.409616610287425,1
2005-03-23,56.00000000000005,-2.4047905970726924,1
2005-03-24,54.0,-2.428400546039685,1
2005-03-25,54.0,-2.39715729180462,1
2005-03-28,54.999999999999986,-2.338886557812837,1
2005-03-29,54.999999999999986,-2.3094328036287965,1
2005-03-30,50.99999999999998,-2.386698191774227,1
2005-03-31,58.00000000000001,-2.169095435767627,1
2005-04-01,58.999999999999986,-2.1156396069904306,1
2005-04-04,60.00000000000006,-2.064893713447756,1
2005-04-05,59.999999999999964,-2.0425509319912774,1
2005-04-06,64.00000000000006,-1.9162824561342888,1
2005-04-07,65.00000000000003,-1.8710276920143425,1
2005-04-08,59.999999999999964,-1.9814976286442367,1
2005-04-11,60.00000000000006,-1.9604007221877122,1
2005-04-12,61.00000000000003,-1.9130394395152515,1
2005-04-13,64.99999999999994,-1.7898670009784325,1
2005-04-14,74.00000000000003,-1.541545371573339,1
2005-04-15,76.00000000000003,-1.4765455126417248,1
2005-04-18,72.00000000000001,-1.5660313250088964,1
2005-04-19,68.00000000000001,-1.6538513302247446,1
2005-04-20,73.0,-1.511083911318025,1
2005-04-21,64.99999999999999,-1.7012390943996492,1
2005-04-22,67.99999999999997,-1.6087948536422236,1
2005-04-25,60.00000000000001,-1.7954715955931027,1
2005-04-26,62.999999999999986,-1.7008601389125295,1
2005-04-27,65.00000000000003,-1.6334718530859431,1
2005-04-28,66.99999999999994,-1.567524008919354,1
2005-04-29,63.000000000000036,-1.651797057272951,1
2005-05-02,65.00000000000003,-1.5859572019981882,1
2005-05-03,59.00000000000003,-1.7185550025653205,1
2005-05-04,72.99999999999996,-1.3575554243677748,1
2005-05-05,77.99999999999999,-1.222946172219251,1
2005-05-06,67.0,-1.4831155734614783,1
2005-05-09,64.99999999999994,-1.5186600185222163,1
2005-05-10,66.99999999999994,-1.4558842822868951,1
2005-05-11,62.999999999999986,-1.5400754125342266,1
2005-05-12,67.0,-1.4287563822339573,1
2005-05-13,65.00000000000003,-1.4646013908761457,1
2005-05-16,66.00000000000001,-1.4277246123692078,1
2005-05-17,64.99999999999999,-1.4391825819773694,1
2005-05-18,64.99999999999999,-1.4263852739671952,1
2005-05-19,60.00000000000006,-1.5336183495460862,1
2005-05-20,56.00000000000005,-1.6147010475940367,1
2005-05-23,54.999999999999986,-1.622822156262665,1
2005-05-24,56.999999999999986,-1.5596415287010372,1
2005-05-25,59.00000000000003,-1.4976330605887294,1
2005-05-26,63.000000000000036,-1.3896405052847813,1
2005-05-27,63.000000000000036,-1.3774471227613372,1
2005-05-30,63.000000000000036,-1.3654257716051976,1
2005-05-31,60.00000000000006,-1.4237344740881104,1
2005-06-01,63.99999999999997,-1.317760149373691,1
2005-06-02,55.00000000000003,-1.515848939214437,1
2005-06-03,52.99999999999998,-1.5479610675339854,1
2005-06-06,50.00000000000004,-1.6023287376594693,1
2005-06-07,47.99999999999996,-1.6325743047441323,1
2005-06-08,51.00000000000002,-1.5480477091722569,1
2005-06-09,47.000000000000064,-1.6245174978889225,1
2005-06-10,46.0,-1.6313196404837074,1
2005-06-13,51.99999999999996,-1.4799437992300175,1
2005-06-14,52.0,-1.4665433166978539,1
2005-06-15,54.00000000000005,-1.4082185527208557,1
2005-06-16,49.00000000000002,-1.5080516934128048,1
2005-06-17,46.99999999999997,-1.5391528498632427,1
2005-06-20,46.0,-1.5474063975971537,1
2005-06-21,48.00000000000004,-1.4891735612251922,1
2005-06-22,51.00000000000002,-1.4095634494258857,1
2005-06-23,52.999999999999936,-1.3532414019866272,1
2005-06-24,54.00000000000005,-1.319797081181145,1
2005-06-27,56.00000000000001,-1.2645980593660355,1
2005-06-28,46.0,-1.476915772508041,1
2005-06-29,47.00000000000002,-1.4419739655169694,1
2005-06-30,47.00000000000002,-1.4296422948676528,1
2005-07-01,44.00000000000004,-1.4838866153195538,1
2005-07-04,44.00000000000004,-1.47078209350947,1
2005-07-05,43.99999999999999,-1.4583410929868237,1
2005-07-06,44.99999999999997,-1.4240075471538778,1
2005-07-07,45.000000000000014,-1.4117045580518475,1
2005-07-08,43.99999999999999,-1.4216388445665242,1
2005-07-11,38.99999999999997,-1.5190193017585274,1
2005-07-12,42.000000000000036,-1.4399149812712722,1
2005-07-13,41.99999999999999,-1.4273249620360302,1
2005-07-14,42.000000000000036,-1.4150684105949607,1
2005-07-15,40.99999999999997,-1.4249334111081635,1
2005-07-18,43.00000000000006,-1.3692579048254105,1
2005-07-19,41.99999999999999,-1.3797073589094615,1
2005-07-20,37.999999999999986,-1.4549924543881407,1
2005-07-21,39.00000000000006,-1.4208157858808206,1
2005-07-22,34.999999999999964,-1.4953208428824472,1
2005-07-25,38.00000000000008,-1.4175896663910932,1
2005-07-26,38.00000000000008,-1.4069356908984387,1
2005-07-27,33.00000000000001,-1.5042184709523263,1
2005-07-28,33.999999999999986,-1.4702363866957753,1
2005-07-29,29.999999999999982,-1.544597321771231,1
2005-08-01,29.999999999999982,-1.5322853729080508,1
2005-08-02,34.999999999999964,-1.412223230053957,1
2005-08-03,35.00000000000006,-1.4014490123724805,1
2005-08-04,34.999999999999964,-1.3914828031174271,1
2005-08-05,31.99999999999994,-1.446226544670553,1
2005-08-08,29.999999999999982,-1.479412941356973,1
2005-08-09,30.99999999999996,-1.4468992617534568,1
2005-08-10,31.99999999999994,-1.4144447911758313,1
2005-08-11,33.00000000000001,-1.3823798453938225,1
2005-08-12,30.99999999999996,-1.4158359209277247,1
2005-08-15,29.999999999999982,-1.4273459195885523,1
2005-08-16,31.00000000000005,-1.395060180163018,1
2005-08-17,33.999999999999986,-1.3193864252161795,1
2005-08-18,32.00000000000003,-1.3540916745748213,1
2005-08-19,32.00000000000003,-1.3448162524916591,1
2005-08-22,32.00000000000003,-1.3354804228715746,1
2005-08-23,31.99999999999994,-1.325787171313417,1
2005-08-24,32.00000000000003,-1.3162452694246791,1
2005-08-25,31.00000000000005,-1.328963639186989,1
2005-08-26,29.000000000000004,-1.3640125038949344,1
2005-08-29,29.000000000000004,-1.354754749611914,1
2005-08-30,30.99999999999996,-1.3010570697447366,1
2005-08-31,36.00000000000003,-1.18064566055002,1
2005-09-01,43.000000000000014,-1.0158799581040425,1
2005-09-02,40.99999999999997,-1.0541631051768812,1
2005-09-05,40.99999999999997,-1.0473143326127021,1
2005-09-06,47.00000000000002,-0.9038363698756382,1
2005-09-07,49.99999999999996,-0.8288576215947154,1
2005-09-08,48.99999999999998,-0.8458005204823916,1
2005-09-09,42.000000000000036,-1.0014340282754677,1
2005-09-12,47.00000000000002,-0.878359510313886,1
2005-09-13,44.99999999999997,-0.9183274747749073,1
2005-09-14,45.000000000000014,-0.9116307119814789,1
2005-09-15,51.99999999999996,-0.7406626652578291,1
2005-09-16,50.99999999999998,-0.7582758762463717,1
2005-09-19,53.00000000000003,-0.7045570791483303,1
2005-09-20,43.00000000000006,-0.9380878174212217,1
2005-09-21,46.0,-0.8597363508694174,1
2005-09-22,47.99999999999996,-0.8053119653197621,1
2005-09-23,39.99999999999994,-0.9936002756972363,1
2005-09-26,44.99999999999993,-0.8649714841126726,1
2005-09-27,42.99999999999997,-0.9082392173886852,1
2005-09-28,34.999999999999964,-1.0999753835314263,1
2005-09-29,36.00000000000003,-1.0690904113719144,1
2005-09-30,35.00000000000006,-1.088998048827088,1
2005-10-03,33.00000000000001,-1.1345640439045617,1
2005-10-04,37.000000000000014,-1.0275243174824913,1
2005-10-05,30.99999999999996,-1.1754816088453366,1
2005-10-06,31.99999999999994,-1.144109337593102,1
2005-10-07,29.999999999999982,-1.1903589066156408,1
2005-10-10,29.999999999999982,-1.1843109997810461,1
2005-10-11,29.000000000000004,-1.2056287305829596,1
2005-10-12,29.999999999999982,-1.1745482639467508,1
2005-10-13,33.999999999999986,-1.063634260620397,1
2005-10-14,33.00000000000001,-1.0860290826146053,1
2005-10-17,31.99999999999994,-1.108498472838879,1
2005-10-18,29.999999999999982,-1.1586497033831689,1
2005-10-19,33.999999999999986,-1.0441391392220831,1
2005-10-20,29.000000000000004,-1.1789683648715685,1
2005-10-21,32.00000000000003,-1.0908091835021447,1
2005-10-24,30.99999999999996,-1.1146038045118405,1
2005-10-25,29.000000000000004,-1.1665151395961044,1
2005-10-26,30.99999999999996,-1.104172149615202,1
2005-10-27,31.00000000000005,-1.099766603144231,1
2005-10-28,28.000000000000025,-1.1829741545543009,1
2005-10-31,28.000000000000025,-1.178969917158004,1
2005-11-01,27.000000000000046,-1.2035445818927002,1
2005-11-02,24.00000000000002,-1.2884923499547742,1
2005-11-03,24.00000000000002,-1.2829400627972072,1
2005-11-04,28.000000000000025,-1.1572268295694714,1
2005-11-07,27.000000000000046,-1.1825284806996255,1
2005-11-08,25.99999999999998,-1.2077539393654673,1
2005-11-09,23.000000000000043,-1.2942569164548243,1
2005-11-10,25.0,-1.225780415174574,1
2005-11-11,25.0,-1.2191440024911637,1
2005-11-14,20.999999999999996,-1.3377747462946545,1
2005-11-15,19.00000000000004,-1.3940685089798754,1
2005-11-16,20.000000000000018,-1.3561008733663935,1
2005-11-17,20.999999999999996,-1.3193870069662803,1
2005-11-18,25.0,-1.1867289805391041,1
2005-11-21,23.000000000000043,-1.2478725316488877,1
2005-11-22,31.00000000000005,-0.9827330863447602,1
2005-11-23,32.00000000000003,-0.9463186893688198,1
2005-11-24,32.00000000000003,-0.9428464734286903,1
2005-11-25,32.00000000000003,-0.9388528402450477,1
2005-11-28,25.99999999999998,-1.1411786527793677,1
2005-11-29,25.0,-1.1736942066259555,1
2005-11-30,24.00000000000002,-1.205819840442221,1
2005-12-01,22.999999999999954,-1.2383424775460932,1
2005-12-02,22.999999999999954,-1.2353252009269136,1
2005-12-05,21.999999999999975,-1.2692807843770335,1
2005-12-06,25.99999999999998,-1.1220279884721351,1
2005-12-07,24.00000000000002,-1.1940007474949506,1
2005-12-08,25.99999999999998,-1.1172775616864783,1
2005-12-09,27.999999999999936,-1.0406689985469855,1
2005-12-12,23.000000000000043,-1.2324250155518854,1
2005-12-13,23.999999999999932,-1.1952747413120668,1
2005-12-14,26.999999999999957,-1.078813385407715,1
2005-12-15,24.00000000000002,-1.200305510387965,1
2005-12-16,26.999999999999957,-1.0797452424419525,1
2005-12-19,25.0,-1.1654987812340902,1
2005-12-20,22.999999999999954,-1.2508098208004008,1
2005-12-21,23.000000000000043,-1.251931530989552,1
2005-12-22,20.999999999999996,-1.3393709420298245,1
2005-12-23,19.99999999999993,-1.3828588192031444,1
2005-12-26,19.99999999999993,-1.384822995519622,1
2005-12-27,18.00000000000006,-1.4757009581978142,1
2005-12-28,18.99999999999995,-1.429678190051188,1
2005-12-29,16.000000000000014,-1.5674685333869078,1
2005-12-30,16.000000000000014,-1.5660489949413874,1
2006-01-02,16.000000000000014,-1.565881259006405,1
2006-01-03,21.999999999999975,-1.2803886669978513,1
2006-01-04,26.999999999999957,-1.039074191687753,1
2006-01-05,21.999999999999975,-1.2798389213330257,1
2006-01-06,20.999999999999996,-1.325065745889194,1
2006-01-09,20.999999999999996,-1.324402889044244,1
2006-01-10,25.99999999999998,-1.0733569037710229,1
2006-01-11,22.000000000000064,-1.2749194143880822,1
2006-01-12,20.999999999999996,-1.3256947898153135,1
2006-01-13,20.999999999999996,-1.323862048043423,1
2006-01-16,20.999999999999996,-1.3219394950013788,1
2006-01-17,25.0,-1.1069820204128922,1
2006-01-18,25.0,-1.1034825754652557,1
2006-01-19,20.000000000000018,-1.37215200618477,1
2006-01-20,23.000000000000043,-1.2035292236673907,1
2006-01-23,24.00000000000002,-1.1422798670460281,1
2006-01-24,20.999999999999996,-1.3018281162280865,1
2006-01-25,20.999999999999996,-1.2934453865482802,1
2006-01-26,21.999999999999975,-1.2284262352832989,1
2006-01-27,25.0,-1.0547853320021423,1
2006-01-30,20.999999999999996,-1.2762746726207745,1
2006-01-31,22.000000000000064,-1.2139986726754624,1
2006-02-01,18.00000000000006,-1.434000834489433,1
2006-02-02,16.999999999999993,-1.4826725456298202,1
2006-02-03,13.999999999999968,-1.6442288091565374,1
2006-02-06,10.000000000000053,-1.8638098899525584,1
2006-02-07,12.00000000000001,-1.737987924423224,1
2006-02-08,12.00000000000001,-1.7283211636925766,1
2006-02-09,-4.0000000000000036,-2.634296852946293,1
2006-02-10,-4.0000000000000036,-2.6079846913011795,1
2006-02-13,-2.000000000000046,-2.4642449008011256,1
2006-02-14,-1.0000000000000675,-2.3767413098617225,1
2006-02-15,-1.9999999999999574,-2.404332607732521,1
2006-02-16,-1.9999999999999574,-2.3728748967813615,1
2006-02-17,-4.0000000000000036,-2.454931704515319,1
2006-02-20,-4.0000000000000036,-2.4232173829835264,1
2006-02-21,-5.999999999999961,-2.5008897448120724,1
2006-02-22,-8.999999999999986,-2.62516118927379,1
2006-02-23,-12.00000000000001,-2.741347837393517,1
2006-02-24,-12.00000000000001,-2.698203093579589,1
2006-02-27,-11.000000000000032,-2.60104569470149,1
2006-02-28,-10.000000000000053,-2.5071049906374605,1
2006-03-01,-7.000000000000028,-2.3150422412771205,1
2006-03-02,-5.999999999999961,-2.2321598295924527,1
2006-03-03,-4.999999999999982,-2.1528082553313173,1
2006-03-06,-4.0000000000000036,-2.0763411063409376,1
2006-03-07,-4.0000000000000036,-2.052511810302669,1
2006-03-08,-3.000000000000025,-1.9814274796548002,1
2006-03-09,-3.000000000000025,-1.958655996148526,1
2006-03-10,-2.999999999999936,-1.9362528194194977,1
2006-03-13,-1.0000000000000675,-1.8156357905149543,1
2006-03-14,3.000000000000025,-1.5996150803012792,1
2006-03-15,5.999999999999961,-1.4369550679866172,1
2006-03-16,10.000000000000053,-1.2274565694201256,1
2006-03-17,9.999999999999964,-1.2173504771821764,1
2006-03-20,8.999999999999986,-1.2568561265764713,1
2006-03-21,6.00000000000005,-1.3942501931666733,1
2006-03-22,4.0000000000000036,-1.4809060689950968,1
2006-03-23,1.9999999999999574,-1.5662356166808356,1
2006-03-24,4.0000000000000036,-1.455830806920353,1
2006-03-27,4.0000000000000036,-1.4448997842568325,1
2006-03-28,0.9999999999999787,-1.5796843847784814,1
2006-03-29,4.999999999999982,-1.370679752138771,1
2006-03-30,5.999999999999961,-1.3110342535411186,1
2006-03-31,8.000000000000007,-1.2035876313731841,1
2006-04-03,5.000000000000071,-1.3456153333881158,1
2006-04-04,8.999999999999986,-1.1409570706574657,1
2006-04-05,11.000000000000032,-1.034640774767325,1
2006-04-06,12.00000000000001,-0.9776961870135442,1
2006-04-07,15.000000000000036,-0.819950448399647,1
2006-04-10,15.000000000000036,-0.813659438648914,1
2006-04-11,13.999999999999968,-0.8591097262597811,1
2006-04-12,13.999999999999968,-0.8523817013068244,1
2006-04-13,14.000000000000057,-0.8459334802917561,1
2006-04-14,14.000000000000057,-0.8397401163832268,1
2006-04-17,15.000000000000036,-0.7814737610188712,1
2006-04-18,20.000000000000018,-0.5117222547211454,1
2006-04-19,21.999999999999975,-0.39931595418804067,1
2006-04-20,21.999999999999975,-0.3933151152011749,1
2006-04-21,17.99999999999997,-0.6023564936011869,1
2006-04-24,16.999999999999993,-0.6521020014554474,1
2006-04-25,17.99999999999997,-0.5912978289962962,1
2006-04-26,16.000000000000014,-0.6962607220443128,1
2006-04-27,22.999999999999954,-0.29883883476555984,1
2006-04-28,25.0,-0.17914424432109827,1
2006-05-01,24.00000000000002,-0.22838457336904933,1
2006-05-02,21.999999999999975,-0.33610429835965555,1
2006-05-03,23.000000000000043,-0.27108263536540883,1
2006-05-04,20.000000000000018,-0.4397040095037581,1
2006-05-05,20.999999999999996,-0.374115362799189,1
2006-05-08,18.00000000000006,-0.546359983365026,1
2006-05-09,19.00000000000004,-0.48036678777641134,1
2006-05-10,16.000000000000014,-0.6548134980556287,1
2006-05-11,19.00000000000004,-0.4671465529700373,1
2006-05-12,20.999999999999996,-0.33878581671119845,1
2006-05-15,21.999999999999975,-0.27015404633540807,1
2006-05-16,22.999999999999954,-0.2004349327121722,1
2006-05-17,25.0,-0.06652713220331355,1
2006-05-18,21.999999999999975,-0.24905563604221462,1
2006-05-19,17.99999999999997,-0.4984801747172245,1
2006-05-22,18.99999999999995,-0.42758334553194527,1
2006-05-23,17.99999999999997,-0.48645462817119367,1
2006-05-24,20.000000000000018,-0.34956308169285577,1
2006-05-25,20.000000000000018,-0.34370973087386303,1
2006-05-26,20.999999999999996,-0.2713716720748373,1
2006-05-29,20.999999999999996,-0.2656109665068843,1
2006-05-30,20.000000000000018,-0.32661525604916025,1
2006-05-31,16.999999999999993,-0.5212329718945032,1
2006-06-01,16.999999999999993,-0.5150916902567431,1
2006-06-02,19.99999999999993,-0.3050838202659376,1
2006-06-05,14.999999999999947,-0.6403424266675779,1
2006-06-06,12.99999999999999,-0.7711265341593622,1
2006-06-07,12.00000000000001,-0.8333063908222295,1
2006-06-08,10.999999999999943,-0.8957190727166279,1
2006-06-09,8.000000000000007,-1.097059493308264,1
2006-06-12,8.000000000000007,-1.0911357879884576,1
2006-06-13,8.000000000000007,-1.0857211699414944,1
2006-06-14,5.999999999999961,-1.2222501310214002,1
2006-06-15,4.999999999999982,-1.2843399340040913,1
2006-06-16,7.000000000000028,-1.13424162998222,1
2006-06-19,5.999999999999961,-1.1978251186440048,1
2006-06-20,6.00000000000005,-1.189210210449233,1
2006-06-21,5.000000000000071,-1.2519754562371923,1
2006-06-22,5.000000000000071,-1.2430209808910788,1
2006-06-23,4.999999999999982,-1.2344822154348225,1
2006-06-26,6.00000000000005,-1.1543134424644887,1
2006-06-27,4.999999999999982,-1.2182021241403505,1
2006-06-28,4.999999999999982,-1.208657085658599,1
2006-06-29,8.999999999999986,-0.911067841873954,1
2006-06-30,9.000000000000075,-0.9040918641148775,1
2006-07-03,8.999999999999986,-0.8971662993364612,1
2006-07-04,8.999999999999986,-0.8901916149112281,1
2006-07-05,7.999999999999918,-0.9566521352941441,1
2006-07-06,8.000000000000007,-0.9495683653404435,1
2006-07-07,8.000000000000007,-0.9421314802604158,1
2006-07-10,7.000000000000028,-1.0084098388884712,1
2006-07-11,6.99999999999994,-1.0004507975819108,1
2006-07-12,5.999999999999961,-1.0663838846218867,1
2006-07-13,8.000000000000007,-0.9106549331612376,1
2006-07-14,9.000000000000075,-0.8295366879261536,1
2006-07-17,5.999999999999961,-1.0444662994557208,1
2006-07-18,6.00000000000005,-1.0362888635858647,1
2006-07-19,8.000000000000007,-0.8807432831004679,1
2006-07-20,9.999999999999964,-0.7258400490788119,1
2006-07-21,10.999999999999943,-0.645464716516019,1
2006-07-24,12.00000000000001,-0.5652358838033923,1
2006-07-25,11.000000000000032,-0.6342891847181112,1
2006-07-26,10.999999999999943,-0.6289327947561324,1
2006-07-27,12.99999999999999,-0.4745001904936503,1
2006-07-28,15.000000000000036,-0.3202114424351583,1
2006-07-31,16.000000000000014,-0.24064157262543873,1
2006-08-01,16.999999999999993,-0.16156802925752597,1
2006-08-02,16.999999999999993,-0.15788856805148488,1
2006-08-03,13.999999999999968,-0.3793747917700625,1
2006-08-04,16.000000000000014,-0.2236228108605274,1
2006-08-07,13.999999999999968,-0.37012296976210124,1
2006-08-08,16.999999999999993,-0.13857615819928143,1
2006-08-09,18.99999999999995,0.017205839883789514,0
2006-08-10,19.99999999999993,0.09709096891953278,0
2006-08-11,17.99999999999997,-0.05122112900299555,0
2006-08-14,16.999999999999993,-0.12357060626262927,0
2006-08-15,16.999999999999993,-0.12007549396842775,0
2006-08-16,19.00000000000004,0.03622084480582162,0
2006-08-17,17.99999999999997,-0.036592161858485114,0
2006-08-18,18.99999999999995,0.045600753518443546,0
2006-08-21,19.00000000000004,0.05333057897123108,0
2006-08-22,18.00000000000006,-0.017371312134439737,0
2006-08-23,18.00000000000006,-0.010302195286506919,0
2006-08-24,16.000000000000014,-0.15961414285120998,0
2006-08-25,16.999999999999993,-0.07063177518813532,0
2006-08-28,17.00000000000008,-0.06117776025718046,0
2006-08-29,16.000000000000014,-0.1353908716790119,0
2006-08-30,19.00000000000004,0.12180717539888751,0
2006-08-31,17.99999999999997,0.04803840013478173,0
2006-09-01,19.00000000000004,0.14231089207487482,0
2006-09-04,19.00000000000004,0.1561679559120785,0
2006-09-05,19.99999999999993,0.25771220172999576,0
2006-09-06,20.000000000000018,0.27474404879291814,0
2006-09-07,20.000000000000018,0.2860439236699566,0
2006-09-08,20.999999999999996,0.3912359568197823,0
2006-09-11,20.999999999999996,0.407771438598917,0
2006-09-12,20.000000000000018,0.3246618302296496,0
2006-09-13,20.000000000000018,0.33888503223027594,0
2006-09-14,17.99999999999997,0.1587605003272762,0
2006-09-15,16.000000000000014,-0.028315899180649483,0
2006-09-18,16.000000000000014,-0.020712441056317844,0
2006-09-19,16.999999999999993,0.08538930717869106,0
2006-09-20,14.999999999999947,-0.10644566557758425,0
2006-09-21,18.00000000000006,0.20198011078213546,0
2006-09-22,19.00000000000004,0.30871280882785795,0
2006-09-25,19.00000000000004,0.315527225927423,0
2006-09-26,16.000000000000014,0.016590083850735814,0
2006-09-27,17.00000000000008,0.1243345383266132,0
2006-09-28,18.99999999999995,0.33433596425394413,0
2006-09-29,17.99999999999997,0.23747577344117318,0
2006-10-02,20.000000000000018,0.45262145725846425,0
2006-10-03,20.000000000000018,0.4607917069778755,0
2006-10-04,21.999999999999975,0.6773528016491094,0
2006-10-05,20.999999999999996,0.5783474374125898,0
2006-10-06,20.000000000000018,0.4822036466096627,0
2006-10-09,20.000000000000018,0.48778788659969086,0
2006-10-10,16.999999999999993,0.17538869403111787,0
2006-10-11,16.000000000000014,0.07491950209466985,0
2006-10-12,16.999999999999993,0.1887533254925772,0
2006-10-13,17.00000000000008,0.1959010205051185,0
2006-10-16,16.000000000000014,0.09396677387364576,0
2006-10-17,17.99999999999997,0.31877747808809026,0
2006-10-18,14.999999999999947,-0.005699865903869678,0
2006-10-19,16.000000000000014,0.10999422844513124,0
2006-10-20,15.000000000000036,0.003085979180937375,0
2006-10-23,15.000000000000036,0.0070678992310408105,0
2006-10-24,14.000000000000057,-0.09848261104415108,0
2006-10-25,13.999999999999968,-0.09305623641574007,0
2006-10-26,14.999999999999947,0.02411910692645245,0
2006-10-27,16.000000000000014,0.14003561933342837,0
2006-10-30,14.000000000000057,-0.08074623643236857,0
2006-10-31,14.999999999999947,0.03688416326813776,0
2006-11-01,16.000000000000014,0.15263443382862638,0
2006-11-02,16.999999999999993,0.26708947444978254,0
2006-11-03,10.999999999999943,-0.41003250160506666,0
2006-11-06,9.999999999999964,-0.5188906081092427,0
2006-11-07,12.99999999999999,-0.17313973373000113,0
2006-11-08,12.00000000000001,-0.2825695276741173,0
2006-11-09,13.000000000000078,-0.16144766293468657,0
2006-11-10,12.00000000000001,-0.26942896637297437,0
2006-11-13,11.000000000000032,-0.37871937292261115,0
2006-11-14,8.999999999999986,-0.6064856162847829,0
2006-11-15,7.000000000000028,-0.8351948312940923,0
2006-11-16,7.000000000000028,-0.8283875232341487,0
2006-11-17,9.000000000000075,-0.5860380880667155,0
2006-11-20,8.000000000000007,-0.6984377930914107,0
2006-11-21,8.000000000000007,-0.6923326008645633,0
2006-11-22,8.000000000000007,-0.6863804714824092,0
2006-11-23,8.000000000000007,-0.6801413106058897,0
2006-11-24,8.000000000000007,-0.673992784192917,0
2006-11-27,8.000000000000007,-0.6677832581143304,0
2006-11-28,8.999999999999986,-0.5416502287596207,0
2006-11-29,10.000000000000053,-0.4156920415939312,0
2006-11-30,10.999999999999943,-0.28938656847189165,0
2006-12-01,15.000000000000036,0.20284569970657462,0
2006-12-04,16.000000000000014,0.32976293525730244,0
2006-12-05,18.00000000000006,0.5817920415022213,0
2006-12-06,15.999999999999925,0.34153760627732904,0
2006-12-07,14.999999999999947,0.22260130787049695,0
2006-12-08,12.99999999999999,-0.020206696272047252,0
2006-12-11,12.99999999999999,-0.016294823569178923,0
2006-12-12,14.999999999999947,0.2353585858390066,0
2006-12-13,15.000000000000036,0.2381550557327571,0
2006-12-14,13.999999999999968,0.1154476605915783,0
2006-12-15,14.999999999999947,0.2425285217044153,0
2006-12-18,14.999999999999947,0.24306143983302558,0
2006-12-19,16.000000000000014,0.3680644660328795,0
2006-12-20,16.000000000000014,0.3680644660328795,0
2006-12-21,18.00000000000006,0.6211309616035232,0
2006-12-22,16.999999999999993,0.5037137792357207,0
2006-12-25,16.999999999999993,0.5072565857128601,0
2006-12-26,15.000000000000036,0.25837998791202765,0
2006-12-27,14.000000000000057,0.13573741102800096,0
2006-12-28,11.999999999999922,-0.11120973616193609,0
2006-12-29,10.999999999999943,-0.23364200065258942,0
2007-01-01,10.999999999999943,-0.2290492482634657,0
2007-01-02,11.000000000000032,-0.22444416291448066,0
2007-01-03,10.999999999999943,-0.2198262885203283,0
2007-01-04,10.999999999999943,-0.21373556539463773,0
2007-01-05,8.999999999999986,-0.4660369531774647,0
2007-01-08,8.000000000000007,-0.5903080847002703,0
2007-01-09,8.999999999999986,-0.4546648403174851,0
2007-01-10,8.999999999999986,-0.44875142621614855,0
2007-01-11,8.999999999999986,-0.4434623700115932,0
2007-01-12,10.000000000000053,-0.307300580710617,0
2007-01-15,10.000000000000053,-0.301961158002764,0
2007-01-16,10.999999999999943,-0.163669090108805,0
2007-01-17,9.999999999999964,-0.2912384445086437,0
2007-01-18,9.999999999999964,-0.28583469677661083,0
2007-01-19,8.999999999999986,-0.41482436768427716,0
2007-01-22,7.000000000000028,-0.6764979311552453,0
2007-01-23,9.000000000000075,-0.40677181208771573,0
2007-01-24,10.000000000000053,-0.2732998112464336,0
2007-01-25,11.000000000000032,-0.13929276538475643,0
2007-01-26,11.000000000000032,-0.1387578010840594,0
2007-01-29,10.000000000000053,-0.2821876889943679,0
2007-01-30,12.00000000000001,-0.021581617639684542,0
2007-01-31,10.999999999999943,-0.1657841270183758,0
2007-02-01,8.999999999999986,-0.4479354102137166,0
2007-02-02,10.999999999999943,-0.18078129816495292,0
2007-02-05,11.000000000000032,-0.18943375712621266,0
2007-02-06,11.000000000000032,-0.1998567679555889,0
2007-02-07,12.00000000000001,-0.06810517543112117,0
2007-02-08,7.999999999999918,-0.6568122720792087,0
2007-02-09,8.999999999999986,-0.5324058202294762,0
2007-02-12,8.000000000000007,-0.7102217155047028,0
2007-02-13,9.000000000000075,-0.5874975995854673,0
2007-02-14,11.000000000000032,-0.2973449220693816,0
2007-02-15,12.99999999999999,0.00916380707402889,0
2007-02-16,11.000000000000032,-0.33987658182324365,0
2007-02-19,11.000000000000032,-0.35860956909256736,0
2007-02-20,11.000000000000032,-0.3768075556318207,0
2007-02-21,11.000000000000032,-0.39434403633682247,0
2007-02-22,11.000000000000032,-0.4127267413271815,0
2007-02-23,12.00000000000001,-0.24574357434797156,0
2007-02-26,11.000000000000032,-0.4495923025351574,0
2007-02-27,16.000000000000014,0.48954316615127896,0
2007-02-28,16.000000000000014,0.4838868422396858,0
2007-03-01,17.99999999999997,0.869164735479423,0
2007-03-02,19.00000000000004,1.058161467786782,0
2007-03-05,18.99999999999995,1.049877555489467,0
2007-03-06,17.99999999999997,0.8462969119506922,0
2007-03-07,18.99999999999995,1.0349607465939765,0
2007-03-08,20.000000000000018,1.222899351248877,0
2007-03-09,16.999999999999993,0.625428845857751,0
2007-03-12,19.00000000000004,1.0182703869317313,0
2007-03-13,25.0,2.199474292073175,-1
2007-03-14,25.0,2.1794727470642283,-1
2007-03-15,23.000000000000043,1.77599707826159,-1
2007-03-16,23.000000000000043,1.762685140599719,-1
2007-03-19,21.999999999999975,1.5497352013994559,-1
2007-03-20,24.00000000000002,1.931479882021903,-1
2007-03-21,27.000000000000046,2.5016597868913077,-1
2007-03-22,29.000000000000004,2.8443877609171855,-1
2007-03-23,28.000000000000025,2.601096764945036,-1
2007-03-26,30.99999999999996,3.1086690190163457,-1
2007-03-27,30.99999999999996,3.0388694653220707,-1
2007-03-28,33.00000000000001,3.3234261087791066,-1
2007-03-29,29.999999999999982,2.72244634082295,-1
2007-03-30,29.999999999999982,2.672154327521729,-1
2007-04-02,29.999999999999982,2.624133040300865,-1
2007-04-03,29.000000000000004,2.4103736855059745,-1
2007-04-04,29.999999999999982,2.539626409637925,-1
2007-04-05,29.999999999999982,2.5043539704067697,-1
2007-04-06,25.0,1.6537212953887548,-1
2007-04-09,25.99999999999998,1.8121613019021163,-1
2007-04-10,28.000000000000025,2.1223667866028566,-1
2007-04-11,25.99999999999998,1.7730822304600113,-1
2007-04-12,25.0,1.5957767124394424,-1
2007-04-13,25.0,1.5819699826010203,-1
2007-04-16,21.999999999999975,1.0927002934370083,-1
2007-04-17,23.999999999999932,1.4221644271587774,-1
2007-04-18,25.0,1.58383074637303,-1
2007-04-19,26.999999999999957,1.8987351576533433,-1
2007-04-20,27.999999999999936,2.0474650167289594,-1
2007-04-23,28.000000000000025,2.0277452872716255,-1
2007-04-24,29.000000000000004,2.1664596737988826,-1
2007-04-25,28.000000000000025,1.9853279025223816,-1
2007-04-26,28.000000000000025,1.965545220230321,-1
2007-04-27,29.999999999999982,2.248340316634781,-1
2007-04-30,29.999999999999982,2.220602551274309,-1
2007-05-01,26.999999999999957,1.7458969574016476,-1
2007-05-02,27.000000000000046,1.7356445245979004,-1
2007-05-03,25.0,1.4264600770615137,-1
2007-05-04,25.0,1.4264600770615137,-1
2007-05-07,24.00000000000002,1.2708774240447718,-1
2007-05-08,25.99999999999998,1.5636007095387545,-1
2007-05-09,25.0,1.4034121358191805,-1
2007-05-10,27.000000000000046,1.691064149018662,-1
2007-05-11,26.999999999999957,1.6787219565353764,-1
2007-05-14,25.0,1.3723683372340012,-1
2007-05-15,25.0,1.3665189963068252,-1
2007-05-16,25.99999999999998,1.5072899659709424,-1
2007-05-17,23.000000000000043,1.0590026867038822,-1
2007-05-18,21.999999999999975,0.9065275866688088,-1
2007-05-21,23.000000000000043,1.0486129923216216,-1
2007-05-22,22.000000000000064,0.8991029491997744,-1
2007-05-23,21.999999999999975,0.8936091392586729,-1
2007-05-24,20.999999999999996,0.741213988351336,-1
2007-05-25,20.999999999999996,0.7356635994157907,-1
2007-05-28,20.999999999999996,0.7298396053054924,-1
2007-05-29,18.99999999999995,0.43043007911866327,-1
2007-05-30,17.99999999999997,0.2779527458474757,-1
2007-05-31,14.999999999999947,-0.1699492549773846,0
2007-06-01,13.999999999999968,-0.3242464493571243,0
2007-06-04,10.999999999999943,-0.7776735818367237,0
2007-06-05,11.000000000000032,-0.782056957410832,0
2007-06-06,13.999999999999968,-0.33872137973311756,0
2007-06-07,15.000000000000036,-0.19446871305438174,0
2007-06-08,16.000000000000014,-0.05011023187178348,0
2007-06-11,16.999999999999993,0.09535338282393223,0
2007-06-12,16.999999999999993,0.0886027599197813,0
2007-06-13,15.000000000000036,-0.22601249088351963,0
2007-06-14,13.999999999999968,-0.3886457667787611,0
2007-06-15,16.000000000000014,-0.0845740182231955,0
2007-06-18,18.99999999999995,0.38029290130971966,0
2007-06-19,20.000000000000018,0.5317497089867912,0
2007-06-20,19.00000000000004,0.3690028982405775,0
2007-06-21,22.000000000000064,0.8357685944912614,0
2007-06-22,23.000000000000043,0.9863101725294096,0
2007-06-25,23.000000000000043,0.9787961879451607,0
2007-06-26,22.999999999999954,0.9713438248860248,0
2007-06-27,23.000000000000043,0.9642426067563681,0
2007-06-28,20.000000000000018,0.4795796393529255,0
2007-06-29,20.000000000000018,0.47342074106005805,0
2007-07-02,18.99999999999995,0.3064184092065512,0
2007-07-03,18.99999999999995,0.3009787639137171,0
2007-07-04,18.99999999999995,0.2944862761679608,0
2007-07-05,19.00000000000004,0.287942494970055,0
2007-07-06,18.00000000000006,0.11741662723681213,0
2007-07-09,17.99999999999997,0.11249327245185421,0
2007-07-10,20.999999999999996,0.6041412928713399,0
2007-07-11,19.99999999999993,0.4333717178889617,0
2007-07-12,18.99999999999995,0.26242724325517774,0
2007-07-13,18.00000000000006,0.09142970693278889,0
2007-07-16,18.99999999999995,0.2546616949460861,0
2007-07-17,17.99999999999997,0.08557847548296701,0
2007-07-18,18.99999999999995,0.25076433653376534,0
2007-07-19,17.99999999999997,0.0829247327823667,0
2007-07-20,22.000000000000064,0.747486726677077,0
2007-07-23,20.999999999999996,0.5758732361895835,0
2007-07-24,22.999999999999954,0.9038687483083543,0
2007-07-25,24.00000000000002,1.0623505810082738,0
2007-07-26,33.999999999999986,2.6768485084074736,-1
2007-07-27,35.00000000000006,2.786476303684804,-1
2007-07-30,33.00000000000001,2.4266292482969845,-1
2007-07-31,32.00000000000003,2.23541881418093,-1
2007-08-01,30.00000000000007,1.8974042784472216,-1
2007-08-02,29.000000000000004,1.7227609479276749,-1
2007-08-03,35.00000000000006,2.6125599052035433,-1
2007-08-06,37.000000000000014,2.8606770624240108,-1
2007-08-07,32.00000000000003,2.0781613792258002,-1
2007-08-08,31.99999999999994,2.052963695989804,-1
2007-08-09,43.99999999999995,3.715561630551447,-1
2007-08-10,44.00000000000004,3.6032826976636754,-1
2007-08-13,43.99999999999995,3.4994703260616444,-1
2007-08-14,48.00000000000004,3.9071582828877935,-1
2007-08-15,58.999999999999986,5.0671537334407875,-1
2007-08-16,66.00000000000001,5.549139674601457,-1
2007-08-17,65.00000000000003,5.118252342029906,-1
2007-08-20,66.00000000000001,4.9473271640512,-1
2007-08-21,68.00000000000006,4.887286673714841,-1
2007-08-22,62.000000000000014,4.117455601647601,-1
2007-08-23,56.99999999999994,3.524969123747779,-1
2007-08-24,46.0,2.440733982715345,-1
2007-08-27,48.00000000000004,2.5828330702337507,-1
2007-08-28,61.00000000000003,3.668852966188818,-1
2007-08-29,57.00000000000003,3.2264327094447336,-1
2007-08-30,62.000000000000014,3.5588508637825367,-1
2007-08-31,58.00000000000001,3.1385768744962745,-1
2007-09-03,58.00000000000001,3.0662084672123084,-1
2007-09-04,58.00000000000001,2.9980422522022465,-1
2007-09-05,62.000000000000014,3.238714708748719,-1
2007-09-06,58.999999999999986,2.9358754017684414,-1
2007-09-07,67.0,3.460180626034126,-1
2007-09-10,65.00000000000003,3.2247831734537185,-1
2007-09-11,58.00000000000001,2.6529083497655233,-1
2007-09-12,56.99999999999994,2.535243942188236,-1
2007-09-13,53.00000000000003,2.2129261269662743,-1
2007-09-14,54.0,2.251768363743267,-1
2007-09-17,50.99999999999998,2.012750416906673,-1
2007-09-18,57.999999999999915,2.4661230388340627,-1
2007-09-19,62.999999999999986,2.7604103406181935,-1
2007-09-20,61.00000000000003,2.5770123900356543,-1
2007-09-21,58.00000000000001,2.337871263510122,-1
2007-09-24,57.00000000000003,2.2385195186708238,-1
2007-09-25,62.999999999999986,2.5904322538505746,-1
2007-09-26,63.00000000000008,2.5458609836347743,-1
2007-09-27,62.000000000000014,2.44093222238722,-1
2007-09-28,59.999999999999964,2.2790285469641716,-1
2007-10-01,54.999999999999986,1.939074582063176,-1
2007-10-02,56.99999999999994,2.0384388797183663,-1
2007-10-03,54.999999999999986,1.8914648210148743,-1
2007-10-04,54.999999999999986,1.8697628511424498,-1
2007-10-05,54.0,1.788444306142959,-1
2007-10-08,54.0,1.7690658217541428,-1
2007-10-09,49.00000000000002,1.4517490381865075,-1
2007-10-10,49.00000000000002,1.4386513955003999,-1
2007-10-11,50.99999999999998,1.5445432487630222,-1
2007-10-12,49.00000000000002,1.4115472850293336,-1
2007-10-15,50.99999999999998,1.5170781654661123,-1
2007-10-16,56.00000000000005,1.7957661564422722,-1
2007-10-17,60.00000000000006,2.0080596847880425,-1
2007-10-18,61.00000000000003,2.0407619318400805,-1
2007-10-19,64.99999999999994,2.2421643256396258,-1
2007-10-22,59.999999999999964,1.9290434493303639,-1
2007-10-23,63.00000000000008,2.0751009732708443,-1
2007-10-24,64.99999999999994,2.160473154519852,-1
2007-10-25,65.00000000000003,2.131806241554674,-1
2007-10-26,63.99999999999997,2.0494703612059397,-1
2007-10-29,62.000000000000014,1.915098348726683,-1
2007-10-30,62.000000000000014,1.893196242484228,-1
2007-10-31,58.00000000000001,1.655661534793741,-1
2007-11-01,62.000000000000014,1.85531754891319,-1
2007-11-02,68.00000000000001,2.156120382625257,-1
2007-11-05,67.0,2.0763015144451087,-1
2007-11-06,67.0,2.0510311479174708,-1
2007-11-07,75.0,2.443116234551176,-1
2007-11-08,85.99999999999999,2.966092736253906,-1
2007-11-09,84.00000000000003,2.807334193530356,-1
2007-11-12,84.00000000000003,2.7559575092549706,-1
2007-11-13,77.00000000000004,2.363848323704659,-1
2007-11-14,75.00000000000004,2.2323520129827834,-1
2007-11-15,83.0,2.590047874215264,-1
2007-11-16,83.99999999999994,2.5950893690518932,-1
2007-11-19,89.99999999999999,2.8332544305911984,-1
2007-11-20,97.00000000000001,3.098946534084806,-1
2007-11-21,106.0,3.429863501305445,-1
2007-11-22,106.0,3.339517755934213,-1
2007-11-23,100.99999999999997,3.0426092708178176,-1
2007-11-26,102.99999999999999,3.0611866195749298,-1
2007-11-27,98.00000000000004,2.7873067656674917,-1
2007-11-28,91.00000000000001,2.445517229536705,-1
2007-11-29,92.99999999999997,2.489626222964338,-1
2007-11-30,99.00000000000003,2.692892531620436,-1
2007-12-03,106.0,2.9227968566577016,-1
2007-12-04,106.0,2.863674023763685,-1
2007-12-05,110.99999999999999,2.999077853698942,-1
2007-12-06,110.00000000000001,2.8981163784604123,-1
2007-12-07,107.00000000000003,2.7284173380911816,-1
2007-12-10,105.99999999999996,2.641377631945529,-1
2007-12-11,114.99999999999999,2.921486315457987,-1
2007-12-12,109.99999999999997,2.683849404444843,-1
2007-12-13,107.00000000000003,2.5299402889610794,-1
2007-12-14,103.00000000000003,2.3481149318654206,-1
2007-12-17,105.00000000000003,2.383894167327488,-1
2007-12-18,102.0,2.2448550295231575,-1
2007-12-19,100.99999999999997,2.1799111571556096,-1
2007-12-20,100.99999999999997,2.1514208227436917,-1
2007-12-21,100.0,2.0897612398153735,-1
2007-12-24,97.00000000000001,1.9622592580792788,-1
2007-12-25,97.00000000000001,1.9399881857931227,-1
2007-12-26,95.99999999999996,1.8848195187463372,-1
2007-12-27,97.00000000000001,1.8978698968737548,-1
2007-12-28,98.99999999999997,1.9437553402922174,-1
2007-12-31,100.0,1.9551338582425144,-1
2008-01-01,100.0,1.9330293601874626,-1
2008-01-02,106.99999999999999,2.1401970630767946,-1
2008-01-03,111.00000000000003,2.2424422435870524,-1
2008-01-04,118.00000000000001,2.436174522236009,-1
2008-01-07,117.99999999999997,2.3998939221933924,-1
2008-01-08,118.99999999999994,2.396434352306382,-1
2008-01-09,122.00000000000001,2.455283633950601,-1
2008-01-10,128.00000000000003,2.6022940022086556,-1
2008-01-11,132.99999999999997,2.7105397816567174,-1
2008-01-14,129.0,2.544018988541226,-1
2008-01-15,128.00000000000003,2.4740324099723274,-1
2008-01-16,132.00000000000003,2.5537138145908655,-1
2008-01-17,135.0,2.599554349735135,-1
2008-01-18,142.00000000000003,2.756562157471702,-1
2008-01-21,142.00000000000003,2.707791007103343,-1
2008-01-22,159.00000000000003,3.1293638031918087,-1
2008-01-23,159.00000000000003,3.061081859795588,-1
2008-01-24,151.00000000000003,2.78344047402647,-1
2008-01-25,147.00000000000003,2.6268170427410316,-1
2008-01-28,149.00000000000003,2.6363054594308952,-1
2008-01-29,146.99999999999997,2.54073861983889,-1
2008-01-30,148.00000000000006,2.5269436055664922,-1
2008-01-31,152.99999999999997,2.615081534846464,-1
2008-02-01,157.00000000000003,2.6725134515085736,-1
2008-02-04,159.00000000000003,2.6762757651646454,-1
2008-02-05,167.0,2.826159041025542,-1
2008-02-06,170.00000000000003,2.84593513729684,-1
2008-02-07,171.99999999999997,2.8400605906894896,-1
2008-02-08,173.99999999999997,2.8338242043191655,-1
2008-02-11,174.00000000000003,2.7811403661695513,-1
2008-02-12,175.0,2.753531139023675,-1
2008-02-13,180.99999999999997,2.8394840801677925,-1
2008-02-14,186.0,2.8962092193053697,-1
2008-02-15,182.00000000000003,2.752342929538256,-1
2008-02-18,182.00000000000003,2.702301997723982,-1
2008-02-19,173.0,2.4616923727333657,-1
2008-02-20,163.00000000000003,2.21015647236125,-1
2008-02-21,174.00000000000003,2.413634605610379,-1
2008-02-22,177.0,2.440010322680207,-1
2008-02-25,169.0,2.2366819669835585,-1
2008-02-26,174.00000000000003,2.3095598050130186,-1
2008-02-27,176.00000000000003,2.317678721488925,-1
2008-02-28,181.99999999999997,2.405324769390749,-1
2008-02-29,191.0,2.548041676825302,-1
2008-03-03,194.0,2.565249719731764,-1
2008-03-04,198.99999999999997,2.619808773062149,-1
2008-03-05,200.99999999999997,2.6135896971842585,-1
2008-03-06,207.00000000000003,2.6824721329873586,-1
2008-03-07,209.99999999999997,2.6906724718112107,-1
2008-03-10,208.0,2.6057329637208166,-1
2008-03-11,192.00000000000003,2.268858928266265,-1
2008-03-12,191.0,2.2185232502236736,-1
2008-03-13,194.0,2.2421840683761145,-1
2008-03-14,197.99999999999994,2.282353354112819,-1
2008-03-17,206.0,2.391284518534319,-1
2008-03-18,192.99999999999997,2.1271739642169933,-1
2008-03-19,186.0,1.977104320791192,-1
2008-03-20,181.0,1.8664435515118636,-1
2008-03-21,181.0,1.8455726319751355,-1
2008-03-24,169.0,1.6175081066966956,-1
2008-03-25,169.0,1.6018750614122865,-1
2008-03-26,178.00000000000003,1.741339093461275,-1
2008-03-27,177.0,1.7061819947436405,-1
2008-03-28,182.00000000000003,1.7740760202471253,-1
2008-03-31,184.0,1.7893945481548243,-1
2008-04-01,175.00000000000006,1.6185353674405805,-1
2008-04-02,165.99999999999997,1.451081102770036,-1
2008-04-03,165.00000000000003,1.4213445405672827,-1
2008-04-04,169.00000000000003,1.476253088664541,-1
2008-04-07,161.00000000000003,1.3284911096161165,-1
2008-04-08,165.0,1.3843951605875984,-1
2008-04-09,171.99999999999997,1.4895538179792605,-1
2008-04-10,167.99999999999997,1.4093043807891874,-1
2008-04-11,173.0,1.480255461662245,-1
2008-04-14,174.99999999999994,1.5001329510909827,-1
2008-04-15,173.99999999999997,1.4699215236855,-1
2008-04-16,172.00000000000003,1.423689483061658,-1
2008-04-17,164.0,1.27915417302844,-1
2008-04-18,155.99999999999997,1.1363379620579883,-1
2008-04-21,153.00000000000003,1.0776452202359044,-1
2008-04-22,150.0,1.0194506301435449,-1
2008-04-23,151.00000000000003,1.0279789486872748,-1
2008-04-24,140.99999999999997,0.8540208369146971,-1
2008-04-25,141.0,0.8471076628663576,-1
2008-04-28,143.00000000000003,0.8734985197407932,-1
2008-04-29,144.0,0.8831088237767177,-1
2008-04-30,146.00000000000003,0.9093144823919821,-1
2008-05-01,143.00000000000003,0.8520617811564605,-1
2008-05-02,139.0,0.7783773678587286,-1
2008-05-05,144.0,0.8554397758692318,-1
2008-05-06,148.99999999999997,0.9321587293839438,-1
2008-05-07,152.00000000000006,0.9749912597605663,-1
2008-05-08,150.99999999999997,0.9505991436267682,-1
2008-05-09,155.00000000000003,1.0102060598745082,-1
2008-05-12,153.00000000000003,0.968790548851166,-1
2008-05-13,145.00000000000003,0.826617386681213,-1
2008-05-14,140.99999999999997,0.7523378749325119,-1
2008-05-15,145.99999999999994,0.8304738828791255,-1
2008-05-16,146.0,0.823712447649376,-1
2008-05-19,146.99999999999997,0.8340101001812208,-1
2008-05-20,151.00000000000003,0.8954357679917911,-1
2008-05-21,146.0,0.8031050802604079,-1
2008-05-22,138.99999999999997,0.676424743815254,-1
2008-05-23,142.00000000000003,0.7218983771705574,-1
2008-05-26,142.00000000000003,0.7155713400521266,-1
2008-05-27,140.00000000000003,0.6745681290777922,-1
2008-05-28,135.0,0.5812827999178993,-1
2008-05-29,134.99999999999997,0.5752463758792699,-1
2008-05-30,130.99999999999997,0.4989426376490338,-1
2008-06-02,140.0,0.6516588016202645,-1
2008-06-03,142.0,0.6808836879347179,-1
2008-06-04,145.00000000000003,0.7279208818653748,-1
2008-06-05,141.0,0.6503164573484074,-1
2008-06-06,145.00000000000003,0.7157067637814912,-1
2008-06-09,122.99999999999996,0.3140471571027308,-1
2008-06-10,116.00000000000001,0.1816994377828862,-1
2008-06-11,122.99999999999996,0.3028578357933493,-1
2008-06-12,108.99999999999994,0.04163943926351956,-1
2008-06-13,106.0,-0.019421515111055273,0
2008-06-16,103.99999999999996,-0.06267522482843424,0
2008-06-17,112.00000000000001,0.07894000229268698,0
2008-06-18,114.99999999999999,0.12832847010257586,0
2008-06-19,108.99999999999999,0.009547982855688374,0
2008-06-20,114.00000000000001,0.09699827818847485,0
2008-06-23,106.0,-0.06111796573975759,0
2008-06-24,113.00000000000003,0.06520816260094843,0
2008-06-25,111.00000000000003,0.02001210183909577,0
2008-06-26,118.00000000000001,0.14820619236664562,0
2008-06-27,117.00000000000004,0.12213840201666538,0
2008-06-30,119.00000000000004,0.15435029082434473,0
2008-07-01,121.99999999999997,0.20643766128247104,0
2008-07-02,119.99999999999997,0.16012077982866646,0
2008-07-03,125.00000000000004,0.2527563392673316,0
2008-07-04,125.00000000000004,0.24603467387670444,0
2008-07-07,127.99999999999999,0.29981190891216514,0
2008-07-08,127.0,0.2729060732026976,0
2008-07-09,131.0,0.34810971494516885,0
2008-07-10,131.99999999999997,0.36223817298224104,0
2008-07-11,124.99999999999996,0.210442511596955,0
2008-07-14,126.99999999999996,0.2458283746635565,0
2008-07-15,136.00000000000003,0.42844255285307076,0
2008-07-16,138.99999999999997,0.48555605768167726,0
2008-07-17,130.00000000000003,0.2882787213619464,0
2008-07-18,124.00000000000003,0.1533500582578019,0
2008-07-21,122.99999999999996,0.12474439489756801,0
2008-07-22,119.0,0.031190953048465187,0
2008-07-23,118.00000000000006,0.002434270754138962,0
2008-07-24,122.99999999999996,0.10480762108270184,0
2008-07-25,124.00000000000003,0.11968366406937114,0
2008-07-28,129.0,0.22453131974060528,0
2008-07-29,124.99999999999996,0.12868136875012293,0
2008-07-30,127.99999999999999,0.1896829015969489,0
2008-07-31,134.0,0.3191847276436851,0
2008-08-01,134.00000000000003,0.3135671394827488,0
2008-08-04,135.0,0.33106492317004255,0
2008-08-05,135.0,0.32569636494676857,0
2008-08-06,138.0,0.3890550052314417,0
2008-08-07,139.99999999999994,0.42960499617778203,0
2008-08-08,134.0,0.28569112356444376,0
2008-08-11,134.00000000000003,0.27983209463367065,0
2008-08-12,138.99999999999997,0.3897866862819379,0
2008-08-13,136.00000000000003,0.3133140264611433,0
2008-08-14,136.99999999999997,0.3310643927603765,0
2008-08-15,136.0,0.30146022182778104,0
2008-08-18,137.00000000000006,0.3194131821798495,0
2008-08-19,140.0,0.38489601469795837,0
2008-08-20,142.99999999999997,0.45068429239754726,0
2008-08-21,138.0,0.3244265824153387,0
2008-08-22,131.99999999999997,0.1735436405041113,0
2008-08-25,136.00000000000003,0.2645224020846094,0
2008-08-26,134.00000000000003,0.2100848704570702,0
2008-08-27,136.0,0.2532389141743046,0
2008-08-28,129.0,0.07458010494369058,0
2008-08-29,132.99999999999997,0.16700445551658286,0
2008-09-01,132.99999999999997,0.1601680340515385,0
2008-09-02,136.00000000000003,0.22862891764837873,0
2008-09-03,137.0,0.2470168992868599,0
2008-09-04,139.99999999999994,0.31681865416718014,0
2008-09-05,135.99999999999994,0.20837919588275902,0
2008-09-08,129.99999999999997,0.04756136848238227,0
2008-09-09,130.00000000000003,0.04044757931599236,0
2008-09-10,132.00000000000003,0.08530248448159519,0
2008-09-11,133.0,0.10483319693409648,0
2008-09-12,135.0,0.15089414418404756,0
2008-09-15,153.00000000000003,0.6217879205743004,0
2008-09-16,144.0,0.3755652265075491,0
2008-09-17,156.0,0.6916917946435208,0
2008-09-18,146.99999999999997,0.4421820329905069,0
2008-09-19,135.00000000000006,0.10776359781994777,0
2008-09-22,137.0,0.15509773552051298,0
2008-09-23,140.0,0.23085218793515572,0
2008-09-24,149.00000000000003,0.47621606590772125,0
2008-09-25,131.00000000000006,-0.041203613447502674,0
2008-09-26,131.00000000000006,-0.051067469444971744,0
2008-09-29,142.99999999999997,0.2878249734655264,0
2008-09-30,132.99999999999997,-0.013829519136555843,0
2008-10-01,134.99999999999997,0.03582165838477596,0
2008-10-02,148.0,0.4178913719718427,0
2008-10-03,147.00000000000003,0.380987860167821,0
2008-10-06,154.0,0.5888342628123362,0
2008-10-07,155.99999999999997,0.6447785761141953,0
2008-10-08,138.99999999999997,0.10817637912896043,0
2008-10-09,134.99999999999997,-0.02669964194617635,0
2008-10-10,138.00000000000003,0.05992705324458982,0
2008-10-13,138.00000000000003,0.05117387475392271,0
2008-10-14,125.99999999999997,-0.34940127099271134,0
2008-10-15,135.0,-0.06486306287347582,0
2008-10-16,141.0,0.12522660456514872,0
2008-10-17,149.00000000000003,0.38708222923114005,0
2008-10-20,144.0,0.2085344079529489,0
2008-10-21,157.00000000000003,0.6520034155037999,0
2008-10-22,151.00000000000003,0.43633953574777323,0
2008-10-23,142.00000000000003,0.10944121983719018,0
2008-10-24,147.00000000000003,0.28098578257865625,0
2008-10-27,145.00000000000003,0.2017153076084649,0
2008-10-28,144.00000000000003,0.15791832395680083,0
2008-10-29,148.99999999999997,0.33474380866879316,0
2008-10-30,146.0,0.2159039882354206,0
2008-10-31,154.99999999999997,0.5470331397390743,0
2008-11-03,162.0,0.806772337465728,0
2008-11-04,164.0,0.8779517531664973,0
2008-11-05,163.0,0.8336733321510293,0
2008-11-06,173.00000000000006,1.2128291194080099,0
2008-11-07,169.0,1.0495270619169705,0
2008-11-10,170.00000000000003,1.0802774962376835,0
2008-11-11,170.00000000000003,1.0727073483163212,0
2008-11-12,179.99999999999997,1.45233656321168,0
2008-11-13,190.99999999999997,1.8664318024998716,-1
2008-11-14,188.99999999999997,1.776730905505558,-1
2008-11-17,188.00000000000003,1.7261357173494714,-1
2008-11-18,191.99999999999994,1.8671287800906087,-1
2008-11-19,188.0,1.695507366474755,-1
2008-11-20,170.00000000000003,0.9836409983779208,-1
2008-11-21,168.00000000000003,0.8980168556746176,-1
2008-11-24,153.99999999999997,0.3418678712759023,-1
2008-11-25,156.99999999999997,0.4543286183511717,-1
2008-11-26,153.00000000000003,0.28979553399101554,-1
2008-11-27,153.00000000000003,0.2845981669216591,-1
2008-11-28,152.00000000000003,0.2389658327868744,-1
2008-12-01,151.00000000000003,0.19280544608477987,-1
2008-12-02,153.00000000000003,0.26697278153232634,-1
2008-12-03,156.99999999999997,0.4229624928474525,-1
2008-12-04,155.0,0.3350523820194195,-1
2008-12-05,144.0,-0.12389516903652834,0
2008-12-08,140.0,-0.2975835154390957,0
2008-12-09,145.0,-0.097802330445375,0
2008-12-10,146.99999999999997,-0.022489359188476474,0
2008-12-11,151.99999999999997,0.18139989642190524,0
2008-12-12,151.99999999999997,0.17360689265551832,0
2008-12-15,148.0,-0.007599536277557259,0
2008-12-16,151.99999999999997,0.15879859559053666,0
2008-12-17,131.0,-0.7751767062268285,0
2008-12-18,126.99999999999999,-0.9641787017884493,0
2008-12-19,119.99999999999997,-1.2833833451627503,0
2008-12-22,120.00000000000001,-1.2880577530498825,0
2008-12-23,109.99999999999999,-1.73154558263078,1
2008-12-24,108.99999999999999,-1.7702550798055636,1
2008-12-25,108.99999999999999,-1.7636374002665254,1
2008-12-26,109.99999999999999,-1.7116947138865921,1
2008-12-29,118.0,-1.3519866435594643,1
2008-12-30,111.00000000000001,-1.6508259390384739,1
2008-12-31,113.99999999999999,-1.5111350840427575,1
2009-01-01,113.99999999999999,-1.5042628759519687,1
2009-01-02,111.00000000000001,-1.6251736488952526,1
2009-01-05,133.0,-0.6641333157989303,1
2009-01-06,136.0,-0.5319152048583473,1
2009-01-07,139.0,-0.40042473400305434,1
2009-01-08,144.0,-0.17976627347592625,1
2009-01-09,153.0,0.2141339157731846,0
2009-01-12,154.00000000000003,0.2572467666324607,0
2009-01-13,156.0,0.3429166156916727,0
2009-01-14,153.0,0.2112737841889016,0
2009-01-15,149.99999999999997,0.079833173048393,0
2009-01-16,142.00000000000003,-0.2682078231368963,0
2009-01-19,142.00000000000003,-0.26628929780902594,0
2009-01-20,149.00000000000003,0.04052683864717924,0
2009-01-21,154.99999999999997,0.303167584549415,0
2009-01-22,164.0,0.6968695546776553,0
2009-01-23,168.0,0.8721880418140295,0
2009-01-26,172.00000000000003,1.0469377031434963,0
2009-01-27,166.99999999999997,0.8307086705115129,0
2009-01-28,174.0,1.136887127423823,0
2009-01-29,169.99999999999997,0.9636961754630177,0
2009-01-30,173.0,1.0983776215143108,0
2009-02-02,172.00000000000003,1.0604969474457262,0
2009-02-03,176.00000000000003,1.2393527198135452,0
2009-02-04,174.0,1.1547700761709143,0
2009-02-05,174.0,1.1543649132892166,0
2009-02-06,173.00000000000003,1.1067423053332177,0
2009-02-09,170.0,0.9759494126893944,0
2009-02-10,175.0,1.1973554671072164,0
2009-02-11,169.00000000000003,0.9325994761352796,0
2009-02-12,174.00000000000003,1.1532294686118945,0
2009-02-13,180.00000000000003,1.4159619862333161,0
2009-02-16,180.00000000000003,1.4170389038232793,0
2009-02-17,182.00000000000003,1.5109076166014466,-1
2009-02-18,173.0,1.1231335703803385,-1
2009-02-19,179.00000000000003,1.4027524321053877,-1
2009-02-20,175.0,1.238685131041823,-1
2009-02-23,168.99999999999997,0.9869537934495115,-1
2009-02-24,160.00000000000003,0.5938016174964487,-1
2009-02-25,152.99999999999997,0.28315370871676127,-1
2009-02-26,159.00000000000003,0.5775356051911035,-1
2009-02-27,172.0,1.20744592878104,-1
2009-03-02,178.0,1.506621785056119,-1
2009-03-03,179.99999999999997,1.6178754147386052,-1
2009-03-04,172.0,1.2532501342875209,-1
2009-03-05,168.99999999999997,1.1193132914057138,-1
2009-03-06,167.0,1.0296442984062752,-1
2009-03-09,169.0,1.1356563139424705,-1
2009-03-10,171.00000000000003,1.241428684353085,-1
2009-03-11,171.0,1.240439472002213,-1
2009-03-12,171.0,1.2394516788345362,-1
2009-03-13,179.0,1.6399332003244877,-1
2009-03-16,185.0,1.9337844647300182,-1
2009-03-17,183.0,1.8329332847439777,-1
2009-03-18,202.99999999999997,2.8038513486812415,-1
2009-03-19,198.00000000000003,2.5289595342146263,-1
2009-03-20,199.0,2.5428247956919527,-1
2009-03-23,200.0,2.5547398935806447,-1
2009-03-24,190.0,2.0579472202624176,-1
2009-03-25,189.0,1.990819942629563,-1
2009-03-26,186.0,1.8350349707515508,-1
2009-03-27,183.0,1.6866946691639457,-1
2009-03-30,188.0,1.9074525353302654,-1
2009-03-31,189.0,1.942086321898309,-1
2009-04-01,186.0,1.7949407989893427,-1
2009-04-02,182.99999999999997,1.6502890895739908,-1
2009-04-03,183.0,1.643631751263124,-1
2009-04-06,183.0,1.633307625287622,-1
2009-04-07,185.0,1.7102859769771679,-1
2009-04-08,183.0,1.6053998334478146,-1
2009-04-09,186.0,1.7248706756043428,-1
2009-04-10,186.0,1.7086067049050608,-1
2009-04-13,188.0,1.7789991203166373,-1
2009-04-14,193.00000000000003,1.977626075870443,-1
2009-04-15,195.00000000000003,2.0400738733232022,-1
2009-04-16,193.00000000000003,1.929344586995212,-1
2009-04-17,188.0,1.6943884319792655,-1
2009-04-20,187.0,1.6348909796033597,-1
2009-04-21,187.0,1.6187434108890653,-1
2009-04-22,190.0,1.72934892942532,-1
2009-04-23,191.0,1.7539954641932858,-1
2009-04-24,193.00000000000003,1.8197296588404592,-1
2009-04-27,196.99999999999997,1.96510680896153,-1
2009-04-28,200.0,2.0653104829860327,-1
2009-04-29,200.0,2.040437703267156,-1
2009-04-30,202.99999999999997,2.1346931099112654,-1
2009-05-01,206.0,2.2246342464036872,-1
2009-05-04,202.99999999999997,2.0765959955421582,-1
2009-05-05,200.99999999999997,1.972572671075644,-1
2009-05-06,202.99999999999997,2.0263406902766885,-1
2009-05-07,210.0,2.268731179431666,-1
2009-05-08,213.00000000000003,2.3490298506002323,-1
2009-05-11,213.99999999999997,2.3508343796257645,-1
2009-05-12,214.0,2.3154363081674303,-1
2009-05-13,211.0,2.1719608676146227,-1
2009-05-14,207.99999999999997,2.0337629770098076,-1
2009-05-15,208.0,2.008451530335931,-1
2009-05-18,209.0,2.0196190220032193,-1
2009-05-19,209.0,1.9950073974572355,-1
2009-05-20,209.0,1.9706146879820963,-1
2009-05-21,213.99999999999997,2.1218386972473113,-1
2009-05-22,215.0,2.1285660397269774,-1
2009-05-25,215.0,2.1004111597364346,-1
2009-05-26,215.00000000000003,2.0731409967001477,-1
2009-05-27,215.99999999999997,2.0821467560962024,-1
2009-05-28,208.0,1.7882033589114865,-1
2009-05-29,200.0,1.498957709412914,-1
2009-06-01,200.0,1.4878900536733197,-1
2009-06-02,198.0,1.4094782790379887,-1
2009-06-03,202.0,1.537279137585202,-1
2009-06-04,202.0,1.5254096329513276,-1
2009-06-05,177.99999999999997,0.688608563608059,-1
2009-06-08,170.00000000000003,0.40462343840698994,-1
2009-06-09,177.99999999999997,0.6777590495914949,-1
2009-06-10,182.99999999999997,0.8469144055759661,-1
2009-06-11,182.00000000000003,0.8052149638517416,-1
2009-06-12,184.00000000000003,0.8695134072372834,-1
2009-06-15,186.00000000000003,0.9334606734804333,-1
2009-06-16,178.00000000000003,0.6422156607282742,-1
2009-06-17,181.0,0.7431271769986266,-1
2009-06-18,177.0,0.5935681725700819,-1
2009-06-19,169.99999999999997,0.3357827583249101,-1
2009-06-22,170.00000000000003,0.33035891368645626,-1
2009-06-23,166.0,0.18002311110909344,-1
2009-06-24,170.00000000000003,0.3203417230799048,-1
2009-06-25,175.0,0.49709049128854055,-1
2009-06-26,177.0,0.5646017923793802,-1
2009-06-29,177.99999999999997,0.5955349476235475,-1
2009-06-30,178.00000000000003,0.5895588993491822,-1
2009-07-01,183.0,0.7670804419790574,-1
2009-07-02,189.0,0.9806094597938922,-1
2009-07-03,189.0,0.972899076223981,-1
2009-07-06,194.99999999999997,1.184729708757076,-1
2009-07-07,194.99999999999997,1.1759304580357461,-1
2009-07-08,194.0,1.1306935726531542,-1
2009-07-09,197.99999999999994,1.2698647144622657,-1
2009-07-10,198.0,1.2613641472286248,-1
2009-07-13,198.0,1.2522237515127,-1
2009-07-14,200.99999999999997,1.3536995516690795,-1
2009-07-15,196.00000000000003,1.1584728233347064,-1
2009-07-16,199.00000000000003,1.2609979090673855,-1
2009-07-17,201.00000000000003,1.3253331451486228,-1
2009-07-20,200.99999999999997,1.3144975839236575,-1
2009-07-21,202.0,1.3407013525326252,-1
2009-07-22,202.0,1.3296435887178064,-1
2009-07-23,198.0,1.1712357433149376,-1
2009-07-24,198.0,1.1618577481782335,-1
2009-07-27,199.00000000000003,1.1893889152061718,-1
2009-07-28,192.99999999999997,0.9585030804041192,-1
2009-07-29,181.0,0.5056892632610924,-1
2009-07-30,178.00000000000003,0.38859124694805985,-1
2009-07-31,177.99999999999997,0.38331549339324644,-1
2009-08-03,175.99999999999997,0.303207759426363,-1
2009-08-04,177.0,0.3356030816365107,-1
2009-08-05,184.00000000000003,0.5938383736929806,-1
2009-08-06,180.00000000000003,0.43747589575726464,-1
2009-08-07,177.00000000000006,0.31928043863266264,-1
2009-08-10,176.99999999999994,0.3141946875531322,-1
2009-08-11,175.00000000000006,0.23253139586442276,-1
2009-08-12,183.0,0.5321895333118528,-1
2009-08-13,186.00000000000003,0.6409050915566321,-1
2009-08-14,190.00000000000003,0.7878070778956799,-1
2009-08-17,190.0,0.7813498292097983,-1
2009-08-18,186.99999999999997,0.6593658348101528,-1
2009-08-19,185.0,0.5759143519816924,-1
2009-08-20,181.0,0.4148718053147972,-1
2009-08-21,178.00000000000003,0.29252684590559075,-1
2009-08-24,176.99999999999994,0.24835593221326716,-1
2009-08-25,173.99999999999997,0.1252603163098063,-1
2009-08-26,174.00000000000003,0.11900066784438866,-1
2009-08-27,175.00000000000006,0.15229436742717556,-1
2009-08-28,175.0,0.14621335474907698,-1
2009-08-31,178.99999999999997,0.3001287314285423,-1
2009-09-01,186.00000000000003,0.5751154149740589,-1
2009-09-02,183.0,0.44977432942627393,-1
2009-09-03,186.00000000000003,0.5650841010750273,-1
2009-09-04,190.99999999999997,0.7612151391862456,-1
2009-09-07,190.99999999999997,0.7548630270862963,-1
2009-09-08,192.99999999999997,0.829049620294993,-1
2009-09-09,195.00000000000003,0.9031111078236266,-1
2009-09-10,190.00000000000003,0.6935750296256072,-1
2009-09-11,188.99999999999997,0.6470411544485996,-1
2009-09-14,184.99999999999997,0.4776964241342098,-1
2009-09-15,185.99999999999994,0.5126085609339943,-1
2009-09-16,179.99999999999997,0.2597988420802949,-1
2009-09-17,178.00000000000003,0.17060300803078998,-1
2009-09-18,175.0,0.03934794381610157,-1
2009-09-21,176.00000000000003,0.0767192713102616,-1
2009-09-22,175.0,0.030200353132699184,-1
2009-09-23,181.0,0.2783387847387838,-1
2009-09-24,179.99999999999997,0.23248119049763522,-1
2009-09-25,173.99999999999997,-0.026376889989735884,0
2009-09-28,171.0,-0.16033412350987153,0
2009-09-29,169.00000000000003,-0.25192846513760375,0
2009-09-30,172.00000000000003,-0.13000427257790928,0
2009-10-01,177.0,0.07694817289220193,0
2009-10-02,178.99999999999997,0.15708610568504408,0
2009-10-05,179.99999999999997,0.1948419128903874,0
2009-10-06,182.00000000000003,0.27749045344214884,0
2009-10-07,183.0,0.3158049908929379,0
2009-10-08,186.99999999999997,0.48745439354108205,0
2009-10-09,186.0,0.43806470643344253,0
2009-10-12,186.0,0.4321504094564737,0
2009-10-13,188.00000000000003,0.515258153030559,0
2009-10-14,192.00000000000003,0.6872384486054197,0
2009-10-15,189.99999999999994,0.5918031621795337,0
2009-10-16,187.0,0.45170579618788326,0
2009-10-19,185.0,0.3560900841028273,0
2009-10-20,186.00000000000003,0.39634160162964144,0
2009-10-21,184.0,0.3021977352882014,0
2009-10-22,185.0,0.3438445364795593,0
2009-10-23,183.0,0.24989089557012906,0
2009-10-26,184.00000000000003,0.2931910888515567,0
2009-10-27,188.0,0.4709069075714123,0
2009-10-28,188.0,0.46757804863161817,0
2009-10-29,190.99999999999997,0.5993709736006346,0
2009-10-30,192.00000000000003,0.6419617284640913,0
2009-11-02,192.99999999999997,0.6866702629152828,0
2009-11-03,198.0,0.9100897055946271,0
2009-11-04,202.0,1.0861225953142624,0
2009-11-05,206.0,1.2609163172525795,0
2009-11-06,210.00000000000006,1.4315488634291647,0
2009-11-09,209.00000000000003,1.3749432806916657,0
2009-11-10,210.0,1.407127811689746,0
2009-11-11,210.0,1.3950756713422456,0
2009-11-12,213.00000000000003,1.5142640420453646,-1
2009-11-13,208.00000000000006,1.2822563991481988,-1
2009-11-16,206.99999999999997,1.2280613387985646,-1
2009-11-17,206.99999999999997,1.2183283031434924,-1
2009-11-18,208.0,1.2526088958473707,-1
2009-11-19,211.0,1.3738026263419165,-1
2009-11-20,209.99999999999997,1.318414467046335,-1
2009-11-23,209.0,1.2638830494222995,-1
2009-11-24,210.0,1.2987499736707497,-1
2009-11-25,212.00000000000006,1.3781683785142853,-1
2009-11-26,212.00000000000006,1.3682010056846228,-1
2009-11-27,218.00000000000003,1.6207952570989954,-1
2009-11-30,219.00000000000003,1.6499459175235227,-1
2009-12-01,223.0,1.8087965969533615,-1
2009-12-02,217.0,1.5317882174408388,-1
2009-12-03,219.0,1.6056694484021987,-1
2009-12-04,216.0,1.4676321759970508,-1
2009-12-07,221.00000000000003,1.6838087105703023,-1
2009-12-08,226.99999999999994,1.9489233683055824,-1
2009-12-09,226.00000000000003,1.9027888418480032,-1
2009-12-10,231.0,2.1375219279892055,-1
2009-12-11,223.00000000000006,1.7809499663043242,-1
2009-12-14,219.00000000000003,1.6061374990128576,-1
2009-12-15,216.99999999999994,1.5234153621193738,-1
2009-12-16,216.99999999999994,1.5313032522015741,-1
2009-12-17,217.99999999999997,1.5975924672460573,-1
2009-12-18,216.0,1.5102863371243604,-1
2009-12-21,212.99999999999994,1.368521090891485,-1
2009-12-22,210.99999999999994,1.2797176298515154,-1
2009-12-23,210.00000000000006,1.226662417609458,-1
2009-12-24,211.0,1.2843292716151098,-1
2009-12-25,211.0,1.2844893229768797,-1
2009-12-28,207.00000000000003,1.0507073059549663,-1
2009-12-29,201.99999999999994,0.752888016790676,-1
2009-12-30,200.00000000000006,0.6292384118855945,-1
2009-12-31,194.0,0.26601503904749757,-1
2010-01-01,194.0,0.25873182646381965,-1
2010-01-04,200.00000000000006,0.615977678773632,-1
2010-01-05,202.99999999999997,0.7972394877273455,-1
2010-01-06,210.0,1.2336282536922696,-1
2010-01-07,207.00000000000003,1.0420952441474762,-1
2010-01-08,213.00000000000003,1.4191046265377847,-1
2010-01-11,216.0,1.5997577661964133,-1
2010-01-12,213.0,1.3962894044484442,-1
2010-01-13,216.0,1.5748646202965195,-1
2010-01-14,212.0,1.308798454343374,-1
2010-01-15,214.0,1.4249369606835318,-1
2010-01-18,214.0,1.4136075589913906,-1
2010-01-19,211.99999999999997,1.2750261392275886,-1
2010-01-20,209.0,1.0743508821639345,-1
2010-01-21,212.0,1.256502545804939,-1
2010-01-22,213.0,1.3098501244089944,-1
2010-01-25,215.99999999999997,1.489003784614573,-1
2010-01-26,217.99999999999997,1.6023809538833598,-1
2010-01-27,211.99999999999997,1.2102696260312793,-1
2010-01-28,216.0,1.4533457197954536,-1
2010-01-29,217.0,1.5054112162890372,-1
2010-02-01,217.99999999999997,1.5553534382821912,-1
2010-02-02,217.99999999999997,1.5407028274567318,-1
2010-02-03,222.00000000000003,1.7756755668559754,-1
2010-02-04,224.00000000000003,1.8803081184086208,-1
2010-02-05,227.99999999999997,2.1065265346879123,-1
2010-02-08,225.99999999999997,1.9582658991157689,-1
2010-02-09,226.00000000000003,1.936727400037016,-1
2010-02-10,226.00000000000003,1.9182466154560944,-1
2010-02-11,230.00000000000003,2.148082975346509,-1
2010-02-12,231.0,2.1994334570191416,-1
2010-02-15,231.0,2.183285670044214,-1
2010-02-16,231.0,2.1578873994472825,-1
2010-02-17,230.00000000000003,2.07064476743434,-1
2010-02-18,228.00000000000003,1.925735745505684,-1
2010-02-19,223.0,1.607302752942758,-1
2010-02-22,226.00000000000003,1.7751839794554178,-1
2010-02-23,225.99999999999997,1.7616426001627759,-1
2010-02-24,223.0,1.5673144861498496,-1
2010-02-25,225.0,1.675408567011079,-1
2010-02-26,225.0,1.661841879179231,-1
2010-03-01,227.99999999999997,1.828296887877424,-1
2010-03-02,230.00000000000003,1.9283471985986953,-1
2010-03-03,231.0,1.9650095149106448,-1
2010-03-04,227.99999999999997,1.765698881057769,-1
2010-03-05,228.99999999999997,1.8077370311392313,-1
2010-03-08,231.99999999999997,1.9629179482497705,-1
2010-03-09,234.0,2.055217843077781,-1
2010-03-10,230.00000000000003,1.8022752357583802,-1
2010-03-11,223.0,1.3829795417905926,-1
2010-03-12,220.00000000000003,1.1993077786040363,-1
2010-03-15,221.0,1.2466964058359606,-1
2010-03-16,221.99999999999997,1.2934723083355824,-1
2010-03-17,217.99999999999997,1.0546348338864895,-1
2010-03-18,215.0,0.8753253773710601,-1
2010-03-19,210.0,0.582594094675745,-1
2010-03-22,214.0,0.8061946393669218,-1
2010-03-23,215.99999999999997,0.9140497387617519,-1
2010-03-24,209.99999999999997,0.5630219929713947,-1
2010-03-25,211.99999999999997,0.6726246916856996,-1
2010-03-26,216.0,0.8962743623186918,-1
2010-03-29,215.99999999999997,0.8892366193833972,-1
2010-03-30,215.0,0.824917420422065,-1
2010-03-31,217.0,0.9331083497182564,-1
2010-04-01,215.00000000000003,0.8119512709564443,-1
2010-04-02,213.99999999999997,0.7492999740984141,-1
2010-04-05,209.99999999999997,0.5150170131074325,-1
2010-04-06,213.0,0.6821797196347896,-1
2010-04-07,212.0,0.6192240157828438,-1
2010-04-08,211.0,0.556519378760099,-1
2010-04-09,209.00000000000003,0.4370478855859377,-1
2010-04-12,210.0,0.49051002258628784,-1
2010-04-13,209.99999999999997,0.4866207879621729,-1
2010-04-14,211.0,0.5408807726292224,-1
2010-04-15,215.0,0.7672827480984161,-1
2010-04-16,217.99999999999997,0.9343935014202507,-1
2010-04-19,216.0,0.8153183615154006,-1
2010-04-20,211.0,0.5267510386801703,-1
2010-04-21,209.00000000000003,0.4104213558803166,-1
2010-04-22,208.00000000000006,0.3513467222394585,-1
2010-04-23,206.0,0.2358766827564971,-1
2010-04-26,206.99999999999997,0.2940116897802534,-1
2010-04-27,209.99999999999997,0.4670430372325552,-1
2010-04-28,210.0,0.46820386020827914,-1
2010-04-29,210.99999999999994,0.5265517824150733,-1
2010-04-30,210.0,0.46936644755351703,-1
2010-05-03,206.0,0.2399614749643002,-1
2010-05-04,204.99999999999997,0.18319837552706195,-1
2010-05-05,207.99999999999997,0.3559335503474486,-1
2010-05-06,206.00000000000006,0.24167852518230032,-1
2010-05-07,211.00000000000003,0.5286574088348219,-1
2010-05-10,214.0,0.7011498564304713,-1
2010-05-11,216.0,0.8157695497371722,-1
2010-05-12,217.99999999999997,0.9295204201913767,-1
2010-05-13,219.99999999999997,1.04221481987428,-1
2010-05-14,216.0,0.8126360308809957,-1
2010-05-17,214.99999999999994,0.7529801465106899,-1
2010-05-18,215.0,0.7487431234136712,-1
2010-05-19,211.00000000000003,0.5168554477503663,-1
2010-05-20,209.0,0.39976653559478914,-1
2010-05-21,205.00000000000003,0.17011807079935984,-1
2010-05-24,208.0,0.3403843691767848,-1
2010-05-25,206.00000000000006,0.22039603124122312,-1
2010-05-26,205.00000000000003,0.15604483636897087,-1
2010-05-27,206.0,0.20825403834632883,-1
2010-05-28,211.99999999999997,0.5509593396825334,-1
2010-05-31,211.99999999999997,0.5452681909739757,-1
2010-06-01,210.00000000000006,0.42350849402855195,-1
2010-06-02,210.0,0.4186009347789784,-1
2010-06-03,212.0,0.5296673163311887,-1
2010-06-04,215.0,0.6995631939849373,-1
2010-06-07,216.0,0.7520293971644492,-1
2010-06-08,211.99999999999997,0.509574367078654,-1
2010-06-09,213.0,0.5630472247056401,-1
2010-06-10,213.0,0.5572169003097249,-1
2010-06-11,212.00000000000006,0.490491107128129,-1
2010-06-14,213.00000000000003,0.5453931784817317,-1
2010-06-15,213.00000000000003,0.5393085432756051,-1
2010-06-16,211.99999999999997,0.47159530895630375,-1
2010-06-17,212.0,0.4655304803599519,-1
2010-06-18,211.00000000000003,0.39764912908441047,-1
2010-06-21,212.0,0.45510167976847776,-1
2010-06-22,211.99999999999997,0.4500813997577274,-1
2010-06-23,212.0,0.44601442005202385,-1
2010-06-24,216.0,0.6914034620469061,-1
2010-06-25,217.00000000000003,0.7482262945649082,-1
2010-06-28,217.99999999999997,0.8051856014756593,-1
2010-06-29,216.0,0.6751549561234609,-1
2010-06-30,212.0,0.42140402440776886,-1
2010-07-01,208.0,0.16937066689852642,-1
2010-07-02,212.0,0.41586563459728976,-1
2010-07-05,212.0,0.4126262878243779,-1
2010-07-06,213.0,0.47210855413742386,-1
2010-07-07,217.0,0.7178401119024413,-1
2010-07-08,220.00000000000003,0.8995878351689023,-1
2010-07-09,219.0,0.8318725740371389,-1
2010-07-12,219.99999999999997,0.8877852709978622,-1
2010-07-13,219.99999999999997,0.8813862859788661,-1
2010-07-14,221.0,0.9368606941413141,-1
2010-07-15,221.0,0.9295478124633374,-1
2010-07-16,225.0,1.1695786970965405,-1
2010-07-19,226.00000000000003,1.2238628512189507,-1
2010-07-20,228.00000000000003,1.3399815997702622,-1
2010-07-21,223.00000000000006,1.0206943037299148,-1
2010-07-22,226.00000000000003,1.2022725549530637,-1
2010-07-23,225.99999999999997,1.1933832410661034,-1
2010-07-26,227.00000000000006,1.2483681844348318,-1
2010-07-27,225.99999999999997,1.1780670215033995,-1
2010-07-28,232.00000000000003,1.5510540166704618,-1
2010-07-29,238.0,1.9214066646425427,-1
2010-07-30,238.0,1.9033345625092697,-1
2010-08-02,242.0,2.1336989500799066,-1
2010-08-03,249.00000000000003,2.5375137380824913,-1
2010-08-04,245.00000000000003,2.255128659562069,-1
2010-08-05,247.99999999999994,2.408037426731405,-1
2010-08-06,249.00000000000003,2.435859198116224,-1
2010-08-09,246.99999999999997,2.286614865286308,-1
2010-08-10,254.0,2.677833991830248,-1
2010-08-11,249.00000000000003,2.3493109112600252,-1
2010-08-12,246.0,2.1510539243438123,-1
2010-08-13,240.00000000000003,1.7777317402049824,-1
2010-08-16,232.00000000000003,1.2853007612119334,-1
2010-08-17,233.0,1.3407183938264624,-1
2010-08-18,227.0,0.9652533805995038,-1
2010-08-19,225.0,0.834711482072978,-1
2010-08-20,220.00000000000003,0.5176042728201043,-1
2010-08-23,221.99999999999997,0.6365783725314863,-1
2010-08-24,221.0,0.5678539298907144,-1
2010-08-25,219.0,0.4361925320739753,-1
2010-08-26,215.0,0.17834742585480745,-1
2010-08-27,220.00000000000003,0.4899385957151419,-1
2010-08-30,221.0,0.5475071445965295,-1
2010-08-31,219.0,0.41416981609693093,-1
2010-09-01,224.00000000000003,0.727989842373969,-1
2010-09-02,229.0,1.0425364694507642,-1
2010-09-03,229.99999999999997,1.101590778306432,-1
2010-09-06,229.99999999999997,1.0970038238749231,-1
2010-09-07,225.99999999999997,0.8310229035568519,-1
2010-09-08,226.00000000000003,0.8270115699058295,-1
2010-09-09,226.99999999999994,0.8908357402898501,-1
2010-09-10,229.0,1.0216456499814603,-1
2010-09-13,232.00000000000003,1.2223217662211903,-1
2010-09-14,236.00000000000003,1.4975825551893513,-1
2010-09-15,241.0,1.8484008811210315,-1
2010-09-16,244.0,2.0649882920025893,-1
2010-09-17,244.0,2.066546649391768,-1
2010-09-20,244.00000000000003,2.061748102597297,-1
2010-09-21,245.00000000000003,2.126552037383926,-1
2010-09-22,241.0,1.829734605168806,-1
2010-09-23,238.99999999999997,1.6778043665736606,-1
2010-09-24,242.0,1.8925823734505716,-1
2010-09-27,239.0,1.6607681761105353,-1
2010-09-28,241.0,1.8016568859811783,-1
2010-09-29,241.0,1.7933357605142084,-1
2010-09-30,242.0,1.8580025554614188,-1
2010-10-01,245.00000000000003,2.066841110635424,-1
2010-10-04,248.0,2.272630697423537,-1
2010-10-05,253.00000000000003,2.6225917124618365,-1
2010-10-06,250.99999999999997,2.453391416180252,-1
2010-10-07,258.0,2.942607246624843,-1
2010-10-08,263.99999999999994,3.3376637109299945,-1
2010-10-11,263.99999999999994,3.2842564870986126,-1
2010-10-12,266.0,3.377059336550042,-1
2010-10-13,271.0,3.6649882247430523,-1
2010-10-14,273.00000000000006,3.7179674408508614,-1
2010-10-15,278.0,3.9585118754475404,-1
2010-10-18,279.0,3.9121001656375207,-1
2010-10-19,279.0,3.803962974644645,-1
2010-10-20,278.0,3.641474702437953,-1
2010-10-21,280.0,3.6650739661701137,-1
2010-10-22,277.0,3.38715536095931,-1
2010-10-25,271.0,2.952541796672394,-1
2010-10-26,273.0,3.007071077073041,-1
2010-10-27,272.0,2.8868058658013096,-1
2010-10-28,282.0,3.3843751790993157,-1
2010-10-29,282.0,3.2977626126298363,-1
2010-11-01,284.0,3.3216122175674596,-1
2010-11-02,278.0,2.9273910684140803,-1
2010-11-03,297.99999999999994,3.881534479544764,-1
2010-11-04,300.0,3.8547687861757924,-1
2010-11-05,302.0,3.827092766001791,-1
2010-11-08,299.0,3.569071834341056,-1
2010-11-09,298.0,3.424238735489922,-1
2010-11-10,302.0,3.511830196901589,-1
2010-11-11,302.0,3.4162951617998183,-1
2010-11-12,290.99999999999994,2.8572236278958303,-1
2010-11-15,287.0,2.630326039138285,-1
2010-11-16,276.99999999999994,2.1590235346845734,-1
2010-11-17,281.99999999999994,2.3413277237179093,-1
2010-11-18,278.0,2.1391771613876758,-1
2010-11-19,271.0,1.8185903117286197,-1
2010-11-22,276.0,2.006259670725268,-1
2010-11-23,278.0,2.0637668585630453,-1
2010-11-24,273.0,1.8333851584437515,-1
2010-11-25,273.0,1.813753346210593,-1
2010-11-26,268.0,1.5918522419312264,-1
2010-11-29,265.00000000000006,1.4565592374453882,-1
2010-11-30,265.00000000000006,1.4438719077394444,-1
2010-12-01,260.00000000000006,1.2297734295156435,-1
2010-12-02,259.0,1.1796041108138753,-1
2010-12-03,268.00000000000006,1.5307443303275048,-1
2010-12-06,272.0,1.675281990142436,-1
2010-12-07,264.99999999999994,1.3812605311230481,-1
2010-12-08,258.0,1.0916388038709501,-1
2010-12-09,251.00000000000003,0.8047010390308517,-1
2010-12-10,244.99999999999997,0.5591159946948794,-1
2010-12-13,247.99999999999994,0.6738103127803603,-1
2010-12-14,246.0,0.5883585722690085,-1
2010-12-15,248.0,0.6628080450031488,-1
2010-12-16,251.00000000000003,0.7768134439638009,-1
2010-12-17,244.00000000000003,0.4893670743222301,-1
2010-12-20,245.00000000000003,0.5237326134763798,-1
2010-12-21,245.00000000000003,0.5177255679443808,-1
2010-12-22,243.00000000000003,0.43069565690973977,-1
2010-12-23,238.0,0.2214770205120524,-1
2010-12-24,238.0,0.2172789395258477,-1
2010-12-27,234.0,0.0489353746034181,-1
2010-12-28,235.0,0.08656607074678813,-1
2010-12-29,238.00000000000003,0.20663426346921454,-1
2010-12-30,236.99999999999997,0.16172567832460005,-1
2010-12-31,233.0,-0.006062549189129496,0
2011-01-03,236.99999999999997,0.15523405188204273,0
2011-01-04,243.00000000000006,0.39896603378943774,0
2011-01-05,240.99999999999997,0.31208904799284154,0
2011-01-06,244.00000000000003,0.43165972305873995,0
2011-01-07,252.00000000000006,0.7571850416535041,0
2011-01-10,254.0,0.8335197713041231,0
2011-01-11,251.00000000000003,0.7030175577612758,0
2011-01-12,252.99999999999994,0.7799630544205955,0
2011-01-13,257.0,0.9389444063184246,0
2011-01-14,258.0,0.9727231897014547,0
2011-01-17,258.0,0.9651510237489476,0
2011-01-18,259.0,0.9988057287756181,0
2011-01-19,258.0,0.9499964785408319,0
2011-01-20,253.99999999999997,0.7782687617677353,0
2011-01-21,253.00000000000003,0.7314268959849743,0
2011-01-24,252.0,0.6851031580253691,0
2011-01-25,252.00000000000006,0.6806612557409497,0
2011-01-26,256.0,0.8401403876074702,0
2011-01-27,259.00000000000006,0.9571383245518389,0
2011-01-28,261.00000000000006,1.0319910953685458,0
2011-01-31,263.0,1.1063141711293414,0
2011-02-01,260.0,0.9766464297202557,0
2011-02-02,253.99999999999997,0.7263349377788854,0
2011-02-03,248.99999999999997,0.5184869237504691,0
2011-02-04,246.00000000000003,0.3930589767295597,0
2011-02-07,242.0,0.2271633451028774,0
2011-02-08,236.99999999999997,0.02030922619942502,0
2011-02-09,238.0,0.05932447194538651,0
2011-02-10,235.0,-0.06503686863605879,0
2011-02-11,233.0,-0.1486948710362931,0
2011-02-14,229.99999999999997,-0.27258220516670556,0
2011-02-15,231.0,-0.23263022812171488,0
2011-02-16,229.99999999999997,-0.2740076790169046,0
2011-02-17,236.00000000000003,-0.02882148711198663,0
2011-02-18,240.00000000000003,0.13385880211589707,0
2011-02-21,240.00000000000003,0.13193399986056978,0
2011-02-22,243.99999999999994,0.2936846394068865,0
2011-02-23,238.0,0.04642616949892473,0
2011-02-24,235.0,-0.0768894766146855,0
2011-02-25,234.99999999999997,-0.07771541918596933,0
2011-02-28,236.00000000000003,-0.03880138665546872,0
2011-03-01,237.00000000000006,-0.0004895678347611376,0
2011-03-02,238.0,0.037892676666607485,0
2011-03-03,234.0,-0.12879943333577876,0
2011-03-04,242.99999999999997,0.23809006059405105,0
2011-03-07,242.00000000000003,0.1927454652222399,0
2011-03-08,244.0,0.2704288237830038,0
2011-03-09,243.99999999999994,0.26596507554597093,0
2011-03-10,248.00000000000006,0.427127086663645,0
2011-03-11,248.0,0.4218342944763525,0
2011-03-14,251.99999999999994,0.5826721291466618,0
2011-03-15,246.99999999999997,0.3696147249950781,0
2011-03-16,250.99999999999997,0.5314233092737338,0
2011-03-17,250.99999999999997,0.5261590145134516,0
2011-03-18,246.99999999999997,0.3542437502317756,0
2011-03-21,241.0,0.09864690310840024,0
2011-03-22,237.00000000000006,-0.07330848886128641,0
2011-03-23,237.00000000000006,-0.0780449396856737,0
2011-03-24,234.00000000000003,-0.20865479695760197,0
2011-03-25,230.99999999999997,-0.33955378469396724,0
2011-03-28,227.99999999999997,-0.4707422569251319,0
2011-03-29,229.0,-0.4328673166820482,0
2011-03-30,230.99999999999997,-0.35216791730763397,0
2011-03-31,226.99999999999994,-0.527404269919924,0
2011-04-01,224.00000000000003,-0.6595637000514961,0
2011-04-04,229.0,-0.4480100894727404,0
2011-04-05,223.0,-0.7075097901175622,0
2011-04-06,226.00000000000003,-0.580844216345671,0
2011-04-07,234.0,-0.2405638951137902,0
2011-04-08,231.99999999999997,-0.3320788055984764,0
2011-04-11,232.99999999999997,-0.2940610742172644,0
2011-04-12,236.0,-0.16935068538171993,0
2011-04-13,236.0,-0.17509695925391972,0
2011-04-14,230.00000000000003,-0.44337695348010836,0
2011-04-15,232.99999999999997,-0.31632290895347515,0
2011-04-18,236.00000000000003,-0.18875983511942157,0
2011-04-19,234.0,-0.2826182973936663,0
2011-04-20,231.99999999999997,-0.37783859925744634,0
2011-04-21,232.99999999999997,-0.3397537237179652,0
2011-04-22,232.99999999999997,-0.34560644488560355,0
2011-04-25,236.0,-0.21677681394326587,0
2011-04-26,234.0,-0.31258351510832577,0
2011-04-27,239.0,-0.09009277882269147,0
2011-04-28,242.0,0.042080038670567775,0
2011-04-29,243.00000000000006,0.08343792778844941,0
2011-05-02,242.0,0.03369307424070961,0
2011-05-03,240.00000000000003,-0.06263696406517695,0
2011-05-04,238.0,-0.15933668848932578,0
2011-05-05,238.0,-0.16402992383626142,0
2011-05-06,242.0,0.015491513700105227,0
2011-05-09,246.0,0.19545422044128272,0
2011-05-10,242.99999999999997,0.048642068403974836,0
2011-05-11,243.99999999999994,0.08935200783067497,0
2011-05-12,248.00000000000006,0.2718479933373726,0
2011-05-13,246.0,0.17023463846439413,0
2011-05-16,245.00000000000003,0.1157700855605456,0
2011-05-17,243.00000000000006,0.013791954879788609,0
2011-05-18,242.0,-0.04040442768909295,0
2011-05-19,244.99999999999997,0.09881764667207762,0
2011-05-20,247.99999999999994,0.23887465908522057,0
2011-05-23,246.99999999999997,0.18393634647617452,0
2011-05-24,244.99999999999997,0.07997560630370029,0
2011-05-25,247.00000000000003,0.17331731384198854,0
2011-05-26,251.00000000000006,0.36563749908840887,0
2011-05-27,253.00000000000003,0.45929718624352234,0
2011-05-30,253.00000000000003,0.45333157039045674,0
2011-05-31,254.0,0.4975251101748211,0
2011-06-01,255.00000000000003,0.5419541277327653,0
2011-06-02,260.0,0.7889805843766353,0
2011-06-03,261.99999999999994,0.8841324660822671,0
2011-06-06,265.0,1.0302392135507459,0
2011-06-07,268.0,1.1763270714178466,0
2011-06-08,268.0,1.1685179868411728,0
2011-06-09,261.99999999999994,0.8525259718601182,0
2011-06-10,259.99999999999994,0.7426827583536239,0
2011-06-13,261.00000000000006,0.7882864998203125,0
2011-06-14,259.99999999999994,0.7296591222430248,0
2011-06-15,264.00000000000006,0.932365369052868,0
2011-06-16,264.0,0.9254704417411086,0
2011-06-17,266.0,1.0243721131702415,0
2011-06-20,264.00000000000006,0.9127527661258514,0
2011-06-21,263.99999999999994,0.906569333737566,0
2011-06-22,263.99999999999994,0.9004574851204078,0
2011-06-23,269.0,1.1631468884859157,0
2011-06-24,277.0,1.5844919402034177,-1
2011-06-27,281.00000000000006,1.7849092244763267,-1
2011-06-28,271.0,1.2349399375846901,-1
2011-06-29,268.99999999999994,1.1184180045241021,-1
2011-06-30,262.0,0.7317255504703019,-1
2011-07-01,260.00000000000006,0.6165376984468434,-1
2011-07-04,260.00000000000006,0.610433594592654,-1
2011-07-05,268.99999999999994,1.0966158631807286,-1
2011-07-06,268.99999999999994,1.0881611303806153,-1
2011-07-07,263.0,0.7513424339849734,-1
2011-07-08,269.99999999999994,1.1290347809476355,-1
2011-07-11,271.0,1.1751569148715182,-1
2011-07-12,272.00000000000006,1.220916774515362,-1
2011-07-13,272.0,1.2113820156907145,-1
2011-07-14,274.0,1.311641301695025,-1
2011-07-15,280.0,1.6277365196832136,-1
2011-07-18,284.0,1.827672492433216,-1
2011-07-19,274.0,1.2686626805754866,-1
2011-07-20,276.0,1.3662025128587307,-1
2011-07-21,274.99999999999994,1.3016459658262935,-1
2011-07-22,272.99999999999994,1.1838459131057393,-1
2011-07-25,276.0,1.3357169745082125,-1
2011-07-26,277.00000000000006,1.378499942222356,-1
2011-07-27,273.0,1.154754612299947,-1
2011-07-28,274.0,1.2007315841134452,-1
2011-07-29,277.0,1.350434348543488,-1
2011-08-01,275.0,1.2341016889990728,-1
2011-08-02,270.0,0.9608974416308491,-1
2011-08-03,264.0,0.6363793873143291,-1
2011-08-04,258.0,0.3125436141586437,-1
2011-08-05,259.0,0.360267413301654,-1
2011-08-08,257.0,0.24756741944221358,-1
2011-08-09,265.0,0.670963475149968,-1
2011-08-10,261.0,0.44900825935555116,-1
2011-08-11,280.0,1.469297215604271,-1
2011-08-12,276.0,1.2443401320082714,-1
2011-08-15,276.0,1.2381424608450002,-1
2011-08-16,272.0,1.0122056654755485,-1
2011-08-17,265.0,0.6204069146848086,-1
2011-08-18,255.00000000000003,0.05871817860843068,-1
2011-08-19,249.00000000000003,-0.28339137714503915,0
2011-08-22,248.0,-0.34505355794599923,0
2011-08-23,252.00000000000006,-0.12501821820066206,0
2011-08-24,258.0,0.2088309276798183,0
2011-08-25,262.0,0.42986931727209926,0
2011-08-26,260.0,0.3096623790207683,0
2011-08-29,263.99999999999994,0.5329641396251789,0
2011-08-30,259.0,0.239169409404216,0
2011-08-31,264.0,0.5225778934294855,0
2011-09-01,261.0,0.3435376222294399,0
2011-09-02,244.0,-0.645874990794083,0
2011-09-05,244.0,-0.645874990794083,0
2011-09-06,238.0,-0.9923813034800253,0
2011-09-07,244.0,-0.6437566448225445,0
2011-09-08,244.0,-0.6434345370267825,0
2011-09-09,244.99999999999997,-0.5866422456982439,0
2011-09-12,237.0,-1.0507666029330127,0
2011-09-13,242.99999999999997,-0.7024746684262285,0
2011-09-14,240.99999999999997,-0.8195023169207393,0
2011-09-15,241.0,-0.8195023169207376,0
2011-09-16,240.0,-0.8772395792749089,0
2011-09-19,237.0,-1.049373069608411,0
2011-09-20,235.0,-1.1608600278927699,0
2011-09-21,215.0,-2.2886996358703335,1
2011-09-22,198.99999999999997,-3.130988146290226,1
2011-09-23,200.0,-3.007708015489201,1
2011-09-26,207.00000000000003,-2.575448652849426,1
2011-09-27,211.00000000000003,-2.321977285031181,1
2011-09-28,211.00000000000003,-2.287638216571473,1
2011-09-29,204.99999999999997,-2.562797274472165,1
2011-09-30,194.0,-3.0721005139459683,1
2011-10-03,188.99999999999997,-3.2498210976210706,1
2011-10-04,187.0,-3.2715256463857396,1
2011-10-05,191.0,-3.0092848759575386,1
2011-10-06,195.0,-2.762966383327764,1
2011-10-07,194.0,-2.761212012079919,1
2011-10-10,194.0,-2.7141865032459442,1
2011-10-11,197.0,-2.531502506492012,1
2011-10-12,202.0,-2.2644833286003836,1
2011-10-13,204.0,-2.143395998140319,1
2011-10-14,210.0,-1.8458457552568897,1
2011-10-17,204.99999999999997,-2.053031215975851,1
2011-10-18,209.99999999999997,-1.807031567528967,1
2011-10-19,212.0,-1.7011810248121584,1
2011-10-20,212.0,-1.685407543557962,1
2011-10-21,217.99999999999997,-1.4062569765740185,1
2011-10-24,217.0,-1.4470305753972055,1
2011-10-25,212.0,-1.6725172080129727,1
2011-10-26,213.0,-1.6200219761775203,1
2011-10-27,225.0,-1.0551171978311247,1
2011-10-28,223.0,-1.14696917288338,1
2011-10-31,217.0,-1.4308216249830712,1
2011-11-01,209.00000000000003,-1.8049269538160253,1
2011-11-02,213.99999999999997,-1.55412590267782,1
2011-11-03,219.0,-1.302408149419556,1
2011-11-04,221.0,-1.197706644090343,1
2011-11-07,217.0,-1.3819554527490365,1
2011-11-08,221.0,-1.1780265898486082,1
2011-11-09,215.0,-1.4586894325464992,1
2011-11-10,222.00000000000003,-1.1100428833251192,1
2011-11-11,222.00000000000003,-1.101692350208351,1
2011-11-14,217.99999999999997,-1.2873280403441982,1
2011-11-15,217.0,-1.3252466486225398,1
2011-11-16,215.0,-1.4106207518303937,1
2011-11-17,210.0,-1.6385386837155416,1
2011-11-18,205.00000000000003,-1.8604156617832779,1
2011-11-21,204.0,-1.8867789281502942,1
2011-11-22,200.0,-2.0543593280766217,1
2011-11-23,194.0,-2.310234960449266,1
2011-11-24,194.0,-2.278018982903582,1
2011-11-25,198.99999999999997,-2.0172260866565863,1
2011-11-28,202.0,-1.85565690739249,1
2011-11-29,202.99999999999997,-1.789980420412924,1
2011-11-30,210.0,-1.4541525084493157,1
2011-12-01,215.00000000000003,-1.215274290562049,1
2011-12-02,211.0,-1.3866746808865247,1
2011-12-05,209.0,-1.4645966167812177,1
2011-12-06,215.0,-1.1832899565831827,1
2011-12-07,215.0,-1.174710740861121,1
2011-12-08,214.0,-1.2108779460515295,1
2011-12-09,221.0,-0.8899443407655862,1
2011-12-12,219.0,-0.9747536177982583,1
2011-12-13,213.0,-1.236123725053042,1
2011-12-14,205.00000000000003,-1.581631977547114,1
2011-12-15,206.0,-1.5249645125753495,1
2011-12-16,204.99999999999997,-1.5559740575589633,1
2011-12-19,197.00000000000003,-1.8887093177872556,1
2011-12-20,205.00000000000003,-1.5262000489395005,1
2011-12-21,209.0,-1.3419348168006318,1
2011-12-22,208.0,-1.3742199726464448,1
2011-12-23,208.0,-1.3634564018454514,1
2011-12-26,208.0,-1.3524135154174242,1
2011-12-27,208.0,-1.3408413356776607,1
2011-12-28,200.0,-1.66673356971694,1
2011-12-29,202.0,-1.5661529255837936,1
2011-12-30,206.0,-1.3839297406723827,1
2012-01-02,206.0,-1.371825570552311,1
2012-01-03,209.0,-1.2347618790949888,1
2012-01-04,213.99999999999997,-1.0158059568357385,1
2012-01-05,218.00000000000003,-0.8404616140975075,1
2012-01-06,216.0,-0.9175165255892187,1
2012-01-09,217.0,-0.8686827121106987,1
2012-01-10,218.00000000000003,-0.8202937727769851,1
2012-01-11,214.0,-0.9811876352516812,1
2012-01-12,213.00000000000003,-1.0154046838647035,1
2012-01-13,211.00000000000003,-1.0906603967108996,1
2012-01-16,211.00000000000003,-1.0819769134020722,1
2012-01-17,210.0,-1.1149334256920398,1
2012-01-18,214.0,-0.9398126960158916,1
2012-01-19,217.99999999999997,-0.7656972756257034,1
2012-01-20,219.0,-0.7179606665748619,1
2012-01-23,221.99999999999997,-0.5874970089180978,1
2012-01-24,223.0,-0.5415757985910821,1
2012-01-25,231.99999999999997,-0.16233555233082472,1
2012-01-26,233.0,-0.11970917179547264,1
2012-01-27,231.99999999999997,-0.16066100353528875,1
2012-01-30,226.00000000000003,-0.4107549198087461,1
2012-01-31,223.0,-0.5346222341491323,1
2012-02-01,229.0,-0.28293485421747794,1
2012-02-02,229.99999999999997,-0.24084339773836988,1
2012-02-03,234.99999999999997,-0.03210502299818086,1
2012-02-06,232.00000000000003,-0.15719043144960035,1
2012-02-07,232.00000000000003,-0.15586203952800337,1
2012-02-08,232.00000000000003,-0.1545338828358475,1
2012-02-09,234.00000000000003,-0.0690490120669886,1
2012-02-10,229.99999999999997,-0.23541066153208837,1
2012-02-13,229.0,-0.276295353591577,1
2012-02-14,225.0,-0.4421330325915992,1
2012-02-15,227.99999999999997,-0.3150343619074219,1
2012-02-16,227.0,-0.3551787496199665,1
2012-02-17,228.00000000000003,-0.3115796316756836,1
2012-02-20,228.00000000000003,-0.310524935521615,1
2012-02-21,228.00000000000003,-0.30803641065111864,1
2012-02-22,227.0,-0.34738312420891526,1
2012-02-23,225.0,-0.42791426086124706,1
2012-02-24,221.0,-0.5912842338943842,1
2012-02-27,220.00000000000003,-0.6283462231673385,1
2012-02-28,223.0,-0.49873880711282453,1
2012-02-29,221.0,-0.5774734754412721,1
2012-03-01,225.99999999999997,-0.3648133477158335,1
2012-03-02,227.0,-0.3191943629508413,1
2012-03-05,225.99999999999997,-0.3571779531045964,1
2012-03-06,225.0,-0.39553393631436745,1
2012-03-07,227.0,-0.3093262094247594,1
2012-03-08,229.0,-0.22411545269468267,1
2012-03-09,229.0,-0.2227678109469947,1
2012-03-12,225.0,-0.38885272181366715,1
2012-03-13,226.99999999999994,-0.30431801760204674,1
2012-03-14,230.00000000000003,-0.1789455287319047,1
2012-03-15,229.99999999999997,-0.17911781600325025,1
2012-03-16,228.00000000000003,-0.2624137659152133,1
2012-03-19,228.00000000000003,-0.262592488344416,1
2012-03-20,224.00000000000003,-0.43022594512159945,1
2012-03-21,223.0,-0.4709733126675829,1
2012-03-22,224.00000000000003,-0.4292779603771927,1
2012-03-23,221.0,-0.5539297481829942,1
2012-03-26,224.00000000000003,-0.42646882721354124,1
2012-03-27,225.0,-0.38333355448427,1
2012-03-28,225.99999999999997,-0.3402392881643214,1
2012-03-29,225.99999999999997,-0.3385053151019471,1
2012-03-30,231.0,-0.12849328274921404,1
2012-04-02,232.00000000000003,-0.08699401553873806,1
2012-04-03,231.0,-0.1284950746988242,1
2012-04-04,232.00000000000003,-0.08599525945913887,1
2012-04-05,230.99999999999997,-0.1273286216346948,1
2012-04-06,231.99999999999997,-0.08549444607805479,1
2012-04-09,228.00000000000003,-0.2519700656689327,1
2012-04-10,227.99999999999997,-0.251109372549345,1
2012-04-11,229.0,-0.20810856960108906,1
2012-04-12,232.00000000000003,-0.08231296012445023,1
2012-04-13,228.00000000000003,-0.24776017058966546,1
2012-04-16,227.0,-0.28710797481860006,1
2012-04-17,227.0,-0.2844896482264238,1
2012-04-18,227.0,-0.28202142043816847,1
2012-04-19,228.00000000000003,-0.2382049894742862,1
2012-04-20,226.00000000000003,-0.3198305746492315,1
2012-04-23,225.0,-0.3594291302552666,1
2012-04-24,226.00000000000003,-0.3149721540038073,1
2012-04-25,229.0,-0.18678174996366959,1
2012-04-26,229.99999999999997,-0.14282391998594812,1
2012-04-27,230.00000000000003,-0.1405485250811579,1
2012-04-30,230.00000000000003,-0.1376564193517448,1
2012-05-01,232.00000000000003,-0.05156702818660994,1
2012-05-02,229.0,-0.17473693837003743,1
2012-05-03,230.00000000000003,-0.13067665354358315,1
2012-05-04,229.0,-0.17049975099649964,1
2012-05-07,227.99999999999997,-0.2097149083435302,1
2012-05-08,225.99999999999997,-0.29018435746866544,1
2012-05-09,225.99999999999997,-0.28683799783205455,1
2012-05-10,227.99999999999997,-0.20004152111069246,1
2012-05-11,227.0,-0.23889258754209627,1
2012-05-14,222.00000000000003,-0.44474987616882405,1
2012-05-15,217.0,-0.6496623108087833,1
2012-05-16,215.0,-0.7278920180666282,1
2012-05-17,205.99999999999997,-1.0983860827134189,1
2012-05-18,204.99999999999997,-1.1313552467860402,1
2012-05-21,204.99999999999997,-1.122486761395927,1
2012-05-22,209.99999999999997,-0.904778388091692,1
2012-05-23,207.00000000000003,-1.0235391358644266,1
2012-05-24,209.0,-0.9320437122207232,1
2012-05-25,209.0,-0.9251041756180794,1
2012-05-28,209.0,-0.9178617846870584,1
2012-05-29,209.0,-0.9106028801652324,1
2012-05-30,203.00000000000003,-1.1576102931008887,1
2012-05-31,200.0,-1.2755250937553384,1
2012-06-01,190.99999999999997,-1.6454450717234468,1
2012-06-04,188.0,-1.7571895897374052,1
2012-06-05,194.99999999999997,-1.44827224073537,1
2012-06-06,200.0,-1.2262717003347778,1
2012-06-07,203.00000000000003,-1.090338938034063,1
2012-06-08,206.0,-0.9549331232611846,1
2012-06-11,202.0,-1.1190399777889848,1
2012-06-12,202.0,-1.1134247958286518,1
2012-06-13,199.00000000000003,-1.2387159341218241,1
2012-06-14,200.0,-1.1880802500378913,1
2012-06-15,202.0,-1.0935605147822105,1
2012-06-18,198.0,-1.2605162578929903,1
2012-06-19,202.0,-1.0761848344903848,1
2012-06-20,198.00000000000003,-1.2437083385027161,1
2012-06-21,195.00000000000003,-1.3682182237651475,1
2012-06-22,199.0,-1.1837229087791392,1
2012-06-25,197.0,-1.2642854717814216,1
2012-06-26,196.0,-1.3019176479378984,1
2012-06-27,197.00000000000003,-1.2506442395863397,1
2012-06-28,198.0,-1.1997850017882756,1
2012-06-29,204.0,-0.9219250779895674,1
2012-07-02,202.0,-1.008996296814571,1
2012-07-03,205.00000000000003,-0.8671197731533463,1
2012-07-04,205.00000000000003,-0.8651237068282182,1
2012-07-05,204.0,-0.9085206088287726,1
2012-07-06,202.0,-1.0013653204196096,1
2012-07-09,199.00000000000003,-1.1440181439537607,1
2012-07-10,197.00000000000003,-1.2387713520979462,1
2012-07-11,196.0,-1.2867335871915118,1
2012-07-12,194.0,-1.38630340976351,1
2012-07-13,195.00000000000003,-1.3336520967861905,1
2012-07-16,196.0,-1.28143551752765,1
2012-07-17,196.99999999999997,-1.2306100842193761,1
2012-07-18,198.99999999999997,-1.125677533357084,1
2012-07-19,198.99999999999997,-1.1237774793181843,1
2012-07-20,196.0,-1.2809870351861827,1
2012-07-23,195.00000000000003,-1.328553317551582,1
2012-07-24,190.00000000000003,-1.5930878304085674,1
2012-07-25,190.0,-1.584293819066993,1
2012-07-26,191.0,-1.5259138956479676,1
2012-07-27,198.0,-1.1338828893850825,1
2012-07-30,197.00000000000003,-1.1968381415025298,1
2012-07-31,196.0,-1.2598891610850251,1
2012-08-01,197.00000000000003,-1.208182713322003,1
2012-08-02,194.0,-1.3925274777309842,1
2012-08-03,198.0,-1.1509881727945508,1
2012-08-06,200.0,-1.0240419684734474,1
2012-08-07,201.00000000000003,-0.9563274368337867,1
2012-08-08,202.0,-0.8881633777765928,1
2012-08-09,204.0,-0.7575926104961941,1
2012-08-10,203.00000000000003,-0.8176565366837384,1
2012-08-13,203.00000000000003,-0.8160586830285488,1
2012-08-14,206.99999999999997,-0.5505518791613973,1
2012-08-15,209.99999999999997,-0.3446640317732619,1
2012-08-16,213.0,-0.13155662654115466,1
2012-08-17,212.0,-0.1906609982820287,1
2012-08-20,213.0,-0.10901852832535985,1
2012-08-21,209.99999999999997,-0.3184385402071532,1
2012-08-22,211.0,-0.23835611648981567,1
2012-08-23,208.0,-0.45248185840690563,1
2012-08-24,207.00000000000003,-0.5202996762546901,1
2012-08-27,205.99999999999997,-0.5891235652760382,1
2012-08-28,206.0,-0.5835408977672052,1
2012-08-29,208.0,-0.42525092487296673,1
2012-08-30,209.0,-0.34184593578869743,1
2012-08-31,209.00000000000003,-0.33501569466385783,1
2012-09-03,209.00000000000003,-0.32812151119216976,1
2012-09-04,206.99999999999997,-0.4792386131104004,1
2012-09-05,208.0,-0.39349287584337644,1
2012-09-06,211.99999999999997,-0.06700386925149142,1
2012-09-07,217.0,0.33432674985195954,0
2012-09-10,217.0,0.32932973194297893,0
2012-09-11,217.0,0.32452931025855364,0
2012-09-12,221.99999999999997,0.7229637245683007,0
2012-09-13,230.00000000000003,1.357404678047767,0
2012-09-14,237.0,1.8981345631856283,-1
2012-09-17,229.99999999999997,1.3279518724266368,-1
2012-09-18,229.0,1.239362810925033,-1
2012-09-19,227.00000000000006,1.0736021733938585,-1
2012-09-20,225.99999999999997,0.988147863705446,-1
2012-09-21,227.0,1.0621680441392845,-1
2012-09-24,223.0,0.7313790551505257,-1
2012-09-25,219.99999999999997,0.4810959132020096,-1
2012-09-26,216.0,0.14752603232870565,-1
2012-09-27,219.0,0.38853518223456435,-1
2012-09-28,219.99999999999997,0.46595273098460016,-1
2012-10-01,219.0,0.3787888292164275,-1
2012-10-02,220.00000000000003,0.4582222673137203,-1
2012-10-03,221.0,0.5360927147754866,-1
2012-10-04,226.00000000000003,0.9435638853600012,-1
2012-10-05,229.0,1.1828856578360354,-1
2012-10-08,229.0,1.1741835858073841,-1
2012-10-09,226.00000000000003,0.9233436458427695,-1
2012-10-10,223.0,0.6744207430470635,-1
2012-10-11,219.0,0.3438407090422686,-1
2012-10-12,216.0,0.096707654513221,-1
2012-10-15,218.00000000000003,0.2634281682723177,-1
2012-10-16,221.0,0.510753199592775,-1
2012-10-17,220.00000000000003,0.4274566095809768,-1
2012-10-18,223.0,0.6690926932584965,-1
2012-10-19,217.0,0.17533038074078422,-1
2012-10-22,216.0,0.09420310499389485,-1
2012-10-23,214.0,-0.06783413016549487,0
2012-10-24,217.0,0.17871684293601198,0
2012-10-25,216.0,0.09821251270637532,0
2012-10-26,216.0,0.09788439957647277,0
2012-10-29,213.0,-0.1459436036078163,0
2012-10-30,213.0,-0.14310048777716497,0
2012-10-31,213.0,-0.14148166653136598,0
2012-11-01,216.0,0.10587129044436502,0
2012-11-02,218.00000000000003,0.26954079976877404,0
2012-11-05,217.99999999999997,0.2669698760100326,0
2012-11-06,217.0,0.1809249337461929,0
2012-11-07,216.0,0.09470083441545174,0
2012-11-08,212.0,-0.24023362959935537,0
2012-11-09,210.0,-0.41346930357797773,0
2012-11-12,210.0,-0.4211849632303148,0
2012-11-13,209.00000000000003,-0.509858112689155,0
2012-11-14,210.0,-0.4293728975668429,0
2012-11-15,210.0,-0.4324490388368388,0
2012-11-16,211.0,-0.34848183256213233,0
2012-11-19,211.99999999999997,-0.26308248773601667,0
2012-11-20,215.0,-0.011382903840630136,0
2012-11-21,214.0,-0.09747465335517697,0
2012-11-22,214.0,-0.09713788890123172,0
2012-11-23,213.0,-0.1808656728357887,0
2012-11-26,211.99999999999997,-0.26456766024446055,0
2012-11-27,213.0,-0.17757059590418037,0
2012-11-28,215.0,-0.007372450352523726,0
2012-11-29,216.0,0.07607413012445825,0
2012-11-30,220.00000000000003,0.40931546880016983,0
2012-12-03,217.0,0.15215907160668204,0
2012-12-04,215.0,-0.02052002285843047,0
2012-12-05,217.0,0.14297420511651546,0
2012-12-06,215.99999999999997,0.05416354823890025,0
2012-12-07,218.00000000000003,0.22184105119181363,0
2012-12-10,217.99999999999997,0.2186077949589274,0
2012-12-11,219.0,0.3004777156499153,0
2012-12-12,223.99999999999997,0.722204649977391,0
2012-12-13,220.00000000000003,0.37656676753217133,0
2012-12-14,217.0,0.11473262603517968,0
2012-12-17,220.00000000000003,0.36689792959277223,0
2012-12-18,221.99999999999997,0.5338972777665445,0
2012-12-19,222.00000000000003,0.5288891094378231,0
2012-12-20,221.0,0.43877046723203617,0
2012-12-21,218.00000000000003,0.1788579041060337,0
2012-12-24,217.0,0.09302413144385716,0
2012-12-25,217.0,0.09268054742391069,0
2012-12-26,217.99999999999997,0.17851289076576782,0
2012-12-27,217.0,0.09268054742391069,0
2012-12-28,216.0,0.005814228411680777,0
2012-12-31,223.00000000000006,0.6053390789702515,0
2013-01-01,223.00000000000006,0.6010234078713327,0
2013-01-02,228.00000000000003,1.023966958189784,0
2013-01-03,231.0,1.271241493245986,0
2013-01-04,228.00000000000003,1.007324612012269,0
2013-01-07,228.00000000000003,1.0019579454904588,0
2013-01-08,227.0,0.9124354145168272,0
2013-01-09,229.0,1.07857089992478,0
2013-01-10,228.00000000000003,0.9904768729134579,0
2013-01-11,226.99999999999994,0.9089014679287055,0
2013-01-14,226.99999999999994,0.9130971268229382,0
2013-01-15,227.0,0.9165489332739163,0
2013-01-16,225.99999999999997,0.8310360376111865,0
2013-01-17,227.0,0.9142640409717171,0
2013-01-18,225.99999999999997,0.8306672674311901,0
2013-01-21,225.99999999999997,0.8331633886547116,0
2013-01-22,225.99999999999997,0.8393715144917024,0
2013-01-23,225.99999999999997,0.8433229693486082,0
2013-01-24,225.99999999999997,0.8473003156185062,0
2013-01-25,227.0,0.9372098871493325,0
2013-01-28,225.99999999999997,0.8562781173040046,0
2013-01-29,228.00000000000003,1.0313619088656119,0
2013-01-30,231.0,1.2901952068242006,0
2013-01-31,229.0,1.1137793765641002,0
2013-02-01,233.0,1.4556618940799104,0
2013-02-04,231.99999999999997,1.3647439823991687,0
2013-02-05,233.0,1.4462886085791846,0
2013-02-06,234.00000000000003,1.5263832990917656,-1
2013-02-07,234.0,1.5203846393555949,-1
2013-02-08,233.0,1.4292099920194226,-1
2013-02-11,231.0,1.2536374095435552,-1
2013-02-12,231.0,1.2467591620033924,-1
2013-02-13,231.0,1.2394601198630146,-1
2013-02-14,231.0,1.2337725382977485,-1
2013-02-15,231.0,1.227072203800765,-1
2013-02-18,231.0,1.2233115312749323,-1
2013-02-19,231.99999999999997,1.3034952135598703,-1
2013-02-20,232.00000000000003,1.298753876880019,-1
2013-02-21,231.0,1.2105023320200674,-1
2013-02-22,231.0,1.2074940460335757,-1
2013-02-25,229.99999999999997,1.1231156097061388,-1
2013-02-26,229.99999999999997,1.1223796723097395,-1
2013-02-27,233.0,1.3666986473784044,-1
2013-02-28,233.0,1.3616905489307571,-1
2013-03-01,231.0,1.194570494639931,-1
2013-03-04,232.00000000000003,1.2760365990014575,-1
2013-03-05,233.0,1.3548804631183822,-1
2013-03-06,234.0,1.4324489357333654,-1
2013-03-07,235.0,1.5057889143152037,-1
2013-03-08,235.0,1.4959280844894696,-1
2013-03-11,236.0,1.5674448493409685,-1
2013-03-12,234.00000000000003,1.3946403665464386,-1
2013-03-13,233.0,1.3067010407235766,-1
2013-03-14,237.0,1.620485452698294,-1
2013-03-15,238.00000000000003,1.6895716637615426,-1
2013-03-18,237.0,1.599033221006583,-1
2013-03-19,234.0,1.356044707081914,-1
2013-03-20,238.0,1.6697502084835927,-1
2013-03-21,234.0,1.3479038647906145,-1
2013-03-22,233.0,1.2673579414208032,-1
2013-03-25,234.0,1.344542410485945,-1
2013-03-26,234.0,1.3428337734395868,-1
2013-03-27,233.0,1.2595870136572653,-1
2013-03-28,233.0,1.2559066055280688,-1
2013-03-29,233.0,1.2529133067698344,-1
2013-04-01,232.00000000000003,1.1737422552888943,-1
2013-04-02,232.00000000000003,1.1709872832361718,-1
2013-04-03,231.99999999999997,1.1676311959200123,-1
2013-04-04,230.00000000000003,1.0079463195125722,-1
2013-04-05,219.0,0.14290452066982953,-1
2013-04-08,220.00000000000003,0.2246902293646778,-1
2013-04-09,224.00000000000003,0.5418534020603116,-1
2013-04-10,226.99999999999994,0.7782178819526746,-1
2013-04-11,226.99999999999994,0.7777231527523483,-1
2013-04-12,221.99999999999997,0.38518741961829017,-1
2013-04-15,219.0,0.15142926234834528,-1
2013-04-16,220.00000000000003,0.23437900875647255,-1
2013-04-17,218.00000000000003,0.07934514325616493,-1
2013-04-18,216.0,-0.07513341754906315,0
2013-04-19,216.0,-0.07114364495832207,0
2013-04-22,217.99999999999997,0.09294413873354325,0
2013-04-23,219.0,0.17666460400187436,0
2013-04-24,219.00000000000003,0.17981446624520392,0
2013-04-25,220.00000000000003,0.2624701055533332,0
2013-04-26,219.0,0.18433736518036037,0
2013-04-29,219.99999999999997,0.26795108674814233,0
2013-04-30,219.99999999999997,0.27053114419913565,0
2013-05-01,218.00000000000003,0.11011225210626373,0
2013-05-02,217.0,0.029213454640436894,0
2013-05-03,223.0,0.5117877177885862,0
2013-05-06,224.00000000000003,0.5873414080899373,0
2013-05-07,225.0,0.6624590828199829,0
2013-05-08,224.00000000000003,0.5760279176185,0
2013-05-09,225.99999999999997,0.7327388949904737,0
2013-05-10,228.00000000000003,0.8878570943006306,0
2013-05-13,229.99999999999997,1.0417946180076567,0
2013-05-14,231.99999999999997,1.1938836860462607,0
2013-05-15,232.00000000000003,1.1842234845710045,0
2013-05-16,229.99999999999997,1.0150973482381385,0
2013-05-17,233.0,1.2465359895882888,0
2013-05-20,233.0,1.2371321192237086,0
2013-05-21,230.00000000000003,0.9902282435994032,0
2013-05-22,229.99999999999997,0.9864040800423869,0
2013-05-23,229.0,0.8983337050390398,0
2013-05-24,228.00000000000003,0.809318601940877,0
2013-05-27,228.00000000000003,0.8026264956523362,0
2013-05-28,229.0,0.8783655846300874,0
2013-05-29,225.0,0.5410051064315496,0
2013-05-30,226.99999999999994,0.7009709404869698,0
2013-05-31,225.0,0.5281772237377594,0
2013-06-03,224.00000000000003,0.4384235008908709,0
2013-06-04,225.0,0.5166804676554169,0
2013-06-05,223.0,0.3414781078275962,0
2013-06-06,221.99999999999997,0.25080241739625386,0
2013-06-07,223.0,0.3296970712865533,0
2013-06-10,223.0,0.3228821478989234,0
2013-06-11,221.0,0.14308338797893422,0
2013-06-12,222.00000000000003,0.2232143214965402,0
2013-06-13,221.99999999999997,0.2159783623354592,0
2013-06-14,223.99999999999997,0.38647195549786545,0
2013-06-17,229.0,0.826502329832988,0
2013-06-18,226.99999999999994,0.6408924435587368,0
2013-06-19,217.0,-0.2660613921170612,0
2013-06-20,218.00000000000003,-0.18089730382739633,0
2013-06-21,214.0,-0.5490855044407885,0
2013-06-24,208.0,-1.0991284922533364,0
2013-06-25,211.00000000000003,-0.8319780247403984,0
2013-06-26,213.0,-0.6581638808756587,0
2013-06-27,216.0,-0.3918488712237032,0
2013-06-28,211.00000000000003,-0.8703067045609354,0
2013-07-01,209.0,-1.0743593763648405,0
2013-07-02,209.00000000000003,-1.0897079288552554,0
2013-07-03,207.00000000000003,-1.295185294334876,0
2013-07-04,207.00000000000003,-1.3079866555245994,0
2013-07-05,208.0,-1.22137518898072,0
2013-07-08,212.0,-0.8419750626035871,0
2013-07-09,214.0,-0.6593583758704525,0
2013-07-10,214.0,-0.6750876545300544,0
2013-07-11,224.00000000000003,0.3247630908292041,0
2013-07-12,221.0,0.004159077268504408,0
2013-07-15,221.0,-0.00848720626096997,0
2013-07-16,220.00000000000003,-0.1263061830408193,0
2013-07-17,223.99999999999997,0.2992159677227938,0
2013-07-18,227.99999999999997,0.7349185267078088,0
2013-07-19,225.0,0.3941950464847363,0
2013-07-22,222.99999999999994,0.15824853576857723,0
2013-07-23,225.0,0.3820103146714834,0
2013-07-24,225.0,0.3751831364773185,0
2013-07-25,227.0,0.6069156127824042,0
2013-07-26,225.0,0.36029975205882997,0
2013-07-29,229.0,0.8400488430376013,0
2013-07-30,228.00000000000003,0.7128160524291626,0
2013-07-31,226.00000000000003,0.4596511975163905,0
2013-08-01,228.00000000000003,0.7033568929701143,0
2013-08-02,233.0,1.3217881556268785,0
2013-08-05,234.0,1.4352604153512214,0
2013-08-06,234.0,1.423542823192144,0
2013-08-07,230.00000000000003,0.9139897291648634,0
2013-08-08,229.0,0.7818501266344259,0
2013-08-09,226.99999999999994,0.5234441497744955,0
2013-08-12,228.00000000000003,0.6441584457703391,0
2013-08-13,225.99999999999997,0.3825786573040763,0
2013-08-14,227.0,0.5050178143230898,0
2013-08-15,227.0,0.49889977637327626,0
2013-08-16,225.99999999999997,0.3613621461318758,0
2013-08-19,226.00000000000003,0.3548937749648758,0
2013-08-20,229.0,0.7476197411036686,0
2013-08-21,225.99999999999997,0.339918425971919,0
2013-08-22,217.0,-0.884971518076418,0
2013-08-23,213.99999999999997,-1.302875929183594,0
2013-08-26,216.0,-1.034836172103304,0
2013-08-27,214.0,-1.3047801110578914,0
2013-08-28,213.0,-1.435681401467017,0
2013-08-29,210.0,-1.8315180748787758,1
2013-08-30,208.0,-2.0773268208343407,1
2013-09-02,208.0,-2.0513195083266176,1
2013-09-03,211.00000000000003,-1.6389199955176719,1
2013-09-04,205.99999999999997,-2.27474542560747,1
2013-09-05,202.99999999999997,-2.62503216801729,1
2013-09-06,210.0,-1.6911364227498575,1
2013-09-09,213.0,-1.2898839002687776,1
2013-09-10,209.99999999999997,-1.6622326626279587,1
2013-09-11,213.0,-1.2655390277113179,1
2013-09-12,213.0,-1.258294186129303,1
2013-09-13,213.0,-1.25471727929458,1
2013-09-16,222.00000000000003,-0.1027836252476368,1
2013-09-17,221.99999999999997,-0.10382584726929302,1
2013-09-18,232.00000000000003,1.1694604647702191,0
2013-09-19,230.99999999999997,1.0339693276330713,0
2013-09-20,227.0,0.5198061940113142,0
2013-09-23,225.0,0.2650137266229524,0
2013-09-24,223.0,0.012683231691631833,0
2013-09-25,224.00000000000003,0.14323527001756153,0
2013-09-26,225.99999999999997,0.39923022068723185,0
2013-09-27,228.00000000000003,0.6521304736913642,0
2013-09-30,229.99999999999997,0.9013068115597795,0
2013-10-01,230.00000000000003,0.8941872997633684,0
2013-10-02,232.00000000000003,1.1405272173981893,0
2013-10-03,234.99999999999997,1.5092655199273175,-1
2013-10-04,232.00000000000003,1.1199082656917456,-1
2013-10-07,229.0,0.7360892181940525,-1
2013-10-08,227.00000000000006,0.4783731204569512,-1
2013-10-09,229.99999999999997,0.8514131483832814,-1
2013-10-10,231.0,0.9703813288892724,-1
2013-10-11,232.00000000000003,1.0884285957242483,-1
2013-10-14,232.00000000000003,1.0797667349054145,-1
2013-10-15,233.0,1.1964930417134234,-1
2013-10-16,231.00000000000006,0.9363069979661536,-1
2013-10-17,231.0,0.9290178518717968,-1
2013-10-18,229.99999999999997,0.7954890288179123,-1
2013-10-21,230.00000000000003,0.7889736389988593,-1
2013-10-22,230.99999999999997,0.909180661740371,-1
2013-10-23,229.0,0.6493711398754566,-1
2013-10-24,229.0,0.6437706610188966,-1
2013-10-25,229.99999999999997,0.7647082250298308,-1
2013-10-28,229.99999999999997,0.7582908553644655,-1
2013-10-29,233.0,1.134791253385725,-1
2013-10-30,233.0,1.1276955128356878,-1
2013-10-31,231.99999999999997,0.992752519191535,-1
2013-11-01,231.99999999999997,0.9863706104668034,-1
2013-11-04,234.0,1.2396489267362982,-1
2013-11-05,237.0,1.6204288151123312,-1
2013-11-06,242.99999999999997,2.3762538216510656,-1
2013-11-07,240.0,1.9637070342743257,-1
2013-11-08,242.0,2.195900785581925,-1
2013-11-11,242.0,2.1696271744933733,-1
2013-11-12,238.99999999999997,1.7691925120355714,-1
2013-11-13,242.0,2.1306258132929514,-1
2013-11-14,245.00000000000003,2.478479263383348,-1
2013-11-15,243.99999999999994,2.32009535608991,-1
2013-11-18,242.99999999999997,2.166614869274594,-1
2013-11-19,242.99999999999997,2.1375598959635975,-1
2013-11-20,250.99999999999997,3.0598551814538264,-1
2013-11-21,251.00000000000003,2.9978045146352166,-1
2013-11-22,246.99999999999997,2.4784267993705265,-1
2013-11-25,246.0,2.326722294379149,-1
2013-11-26,246.0,2.293503667856862,-1
2013-11-27,245.00000000000003,2.148219556255355,-1
2013-11-28,245.00000000000003,2.120150099238641,-1
2013-11-29,244.99999999999997,2.0923669548752284,-1
2013-12-02,242.99999999999997,1.8432837784035485,-1
2013-12-03,244.0,1.9346899808943916,-1
2013-12-04,245.00000000000003,2.0220536981671033,-1
2013-12-05,242.99999999999997,1.7783349021921344,-1
2013-12-06,238.99999999999997,1.3213276074628428,-1
2013-12-09,238.0,1.2003648065390358,-1
2013-12-10,237.0,1.0808309838829404,-1
2013-12-11,237.0,1.072337223984253,-1
2013-12-12,236.00000000000003,0.9538609549840384,-1
2013-12-13,233.0,0.6152052789728736,-1
2013-12-16,234.99999999999997,0.8306391522117976,-1
2013-12-17,236.0,0.9345429542546657,-1
2013-12-18,234.99999999999997,0.817120114521693,-1
2013-12-19,228.00000000000003,0.03537302603060341,-1
2013-12-20,216.0,-1.2920887217404555,0
2013-12-23,217.0,-1.1719621190003398,0
2013-12-24,217.0,-1.1639648955610413,0
2013-12-25,217.0,-1.156046167747226,0
2013-12-26,217.99999999999997,-1.0396793444696313,0
2013-12-27,220.00000000000003,-0.8148253849304242,0
2013-12-30,219.0,-0.9191595294763094,0
2013-12-31,221.0,-0.6966337931238102,0
2014-01-01,221.0,-0.6933608583747796,0
2014-01-02,220.00000000000003,-0.7987123608164706,0
2014-01-03,220.00000000000003,-0.7951359640462212,0
2014-01-06,220.00000000000003,-0.7911138380697207,0
2014-01-07,219.0,-0.8956790806368771,0
2014-01-08,213.0,-1.535797135021962,1
2014-01-09,213.0,-1.5231424450977669,1
2014-01-10,216.0,-1.1920432457416283,1
2014-01-13,217.0,-1.0782031013787337,1
2014-01-14,215.0,-1.2833805667995712,1
2014-01-15,213.0,-1.485130823078415,1
2014-01-16,211.00000000000003,-1.6812914840335915,1
2014-01-17,211.00000000000003,-1.6642305010699432,1
2014-01-20,211.00000000000003,-1.6478636031769192,1
2014-01-21,207.00000000000003,-2.040550195391,1
2014-01-22,203.00000000000003,-2.417145249895835,1
2014-01-23,206.0,-2.081364200837626,1
2014-01-24,206.0,-2.054940646680216,1
2014-01-27,205.99999999999997,-2.0292600212852845,1
2014-01-28,209.0,-1.7096412891072268,1
2014-01-29,210.0,-1.5938874541446804,1
2014-01-30,209.99999999999997,-1.578449538169914,1
2014-01-31,212.0,-1.3682789585553194,1
2014-02-03,211.0,-1.4538079961065542,1
2014-02-04,213.0,-1.246685211241154,1
2014-02-05,216.0,-0.9451320980081064,1
2014-02-06,215.0,-1.0351533186562154,1
2014-02-07,220.00000000000003,-0.5410031247570231,1
2014-02-10,218.00000000000003,-0.7314685035840398,1
2014-02-11,215.0,-1.017412638788655,1
2014-02-12,213.0,-1.203297302558041,1
2014-02-13,219.00000000000003,-0.613820322334648,1
2014-02-14,216.0,-0.8992090930897988,1
2014-02-17,216.0,-0.8922377218059228,1
2014-02-18,218.00000000000003,-0.6922434424888299,1
2014-02-19,217.99999999999997,-0.686805039593469,1
2014-02-20,216.0,-0.8746303225875883,1
2014-02-21,213.0,-1.1571255378760132,1
2014-02-24,213.0,-1.1478217733780112,1
2014-02-25,213.0,-1.1386139120428171,1
2014-02-26,213.0,-1.1295746603677967,1
2014-02-27,211.00000000000003,-1.3124512329492735,1
2014-02-28,208.0,-1.5875490978885358,1
2014-03-03,209.0,-1.4781701456093013,1
2014-03-04,210.0,-1.3706839821434134,1
2014-03-05,210.0,-1.359448043709313,1
2014-03-06,211.00000000000003,-1.2527021897417565,1
2014-03-07,207.00000000000003,-1.6227835216930055,1
2014-03-10,209.0,-1.418206465367498,1
2014-03-11,208.0,-1.500035534886124,1
2014-03-12,207.00000000000003,-1.58042654128516,1
2014-03-13,207.00000000000003,-1.5655826256557293,1
2014-03-14,204.0,-1.830068202643916,1
2014-03-17,204.99999999999997,-1.717758162900449,1
2014-03-18,206.0,-1.6079715144105018,1
2014-03-19,191.0,-2.94980924311958,1
2014-03-20,194.0,-2.626016532266208,1
2014-03-21,188.0,-3.0994229648682157,1
2014-03-24,180.99999999999997,-3.612828482399569,1
2014-03-25,182.99999999999997,-3.349049274143152,1
2014-03-26,185.0,-3.1054939062516635,1
2014-03-27,182.0,-3.2699568600118436,1
2014-03-28,180.99999999999997,-3.265861865827623,1
2014-03-31,183.0,-3.035503727106392,1
2014-04-01,186.0,-2.7464124207297775,1
2014-04-02,185.0,-2.769989856564426,1
2014-04-03,183.0,-2.8629871450431814,1
2014-04-04,188.0,-2.450126035825138,1
2014-04-07,188.0,-2.4139756868306947,1
2014-04-08,187.0,-2.449413736329046,1
2014-04-09,192.0,-2.06309030700982,1
2014-04-10,193.0,-1.9686839566610863,1
2014-04-11,190.0,-2.1535663534745586,1
2014-04-14,187.0,-2.3299132545128574,1
2014-04-15,183.0,-2.5642417736162777,1
2014-04-16,178.00000000000003,-2.8490598923548647,1
2014-04-17,177.0,-2.857305610521914,1
2014-04-18,177.0,-2.801544709941232,1
2014-04-21,178.0,-2.686512767130345,1
2014-04-22,174.0,-2.8830899353299744,1
2014-04-23,174.00000000000003,-2.824793822644394,1
2014-04-24,172.0,-2.8878461933189685,1
2014-04-25,173.00000000000003,-2.7710032439678707,1
2014-04-28,174.00000000000003,-2.660611309919992,1
2014-04-29,175.00000000000003,-2.5560191054353054,1
2014-04-30,178.00000000000003,-2.343339092958538,1
2014-05-01,175.00000000000003,-2.477201126112219,1
2014-05-02,170.00000000000003,-2.713810176673786,1
2014-05-05,173.00000000000003,-2.501022876041908,1
2014-05-06,170.0,-2.622679331701187,1
2014-05-07,175.0,-2.3109903574474338,1
2014-05-08,182.00000000000003,-1.9037505286902494,1
2014-05-09,184.00000000000003,-1.7750860974393785,1
2014-05-12,182.00000000000003,-1.8622497471986454,1
2014-05-13,183.0,-1.7884444735657667,1
2014-05-14,180.0,-1.9263834472493253,1
2014-05-15,178.0,-2.0077958480059914,1
2014-05-16,177.99999999999997,-1.9830616421172098,1
2014-05-19,183.0,-1.7023112039437238,1
2014-05-20,185.0,-1.5822136544311405,1
2014-05-21,187.0,-1.4647179945554554,1
2014-05-22,186.0,-1.5024910014894328,1
2014-05-23,185.0,-1.5395167874507214,1
2014-05-26,185.0,-1.5252249177806183,1
2014-05-27,181.0,-1.7119489293665766,1
2014-05-28,179.0,-1.793878220909716,1
2014-05-29,179.0,-1.7745542075876692,1
2014-05-30,179.0,-1.755582066905517,1
2014-06-02,177.99999999999997,-1.7859044631284722,1
2014-06-03,178.00000000000003,-1.7665918700984689,1
2014-06-04,180.00000000000003,-1.6509863082985736,1
2014-06-05,181.0,-1.5861686689228325,1
2014-06-06,178.0,-1.7154636018693372,1
2014-06-09,176.00000000000003,-1.7932929442376895,1
2014-06-10,176.00000000000003,-1.7747175548386964,1
2014-06-11,177.00000000000003,-1.710807042208477,1
2014-06-12,175.00000000000003,-1.7880733276993868,1
2014-06-13,171.00000000000003,-1.9550431779336483,1
2014-06-16,169.0,-2.023851901697772,1
2014-06-17,167.0,-2.0906874470204926,1
2014-06-18,172.00000000000003,-1.8396744498000948,1
2014-06-19,176.00000000000003,-1.6406900742476176,1
2014-06-20,173.0,-1.76100711842283,1
2014-06-23,173.00000000000003,-1.7443163933017172,1
2014-06-24,171.00000000000003,-1.8161263710810684,1
2014-06-25,170.0,-1.8409643791647563,1
2014-06-26,171.00000000000003,-1.7774400416895377,1
2014-06-27,172.0,-1.7155751149464835,1
2014-06-30,171.99999999999997,-1.6977427881299405,1
2014-07-01,174.0,-1.594333097206982,1
2014-07-02,175.0,-1.5360584729630258,1
2014-07-03,173.00000000000003,-1.6070828176133438,1
2014-07-04,173.00000000000003,-1.5913551649434505,1
2014-07-07,170.0,-1.7027485664556508,1
2014-07-08,168.0,-1.7691340727966303,1
2014-07-09,169.00000000000003,-1.7084428797515399,1
2014-07-10,172.0,-1.5659483152721176,1
2014-07-11,169.0,-1.6753275058516703,1
2014-07-14,168.0,-1.6996130911240819,1
2014-07-15,167.00000000000003,-1.7231346192512171,1
2014-07-16,164.0,-1.8276844968080217,1
2014-07-17,162.0,-1.888634574577254,1
2014-07-18,160.0,-1.9474540790161465,1
2014-07-21,155.99999999999997,-2.0839950476036972,1
2014-07-22,157.0,-2.0189091290929735,1
2014-07-23,159.0,-1.916515904271704,1
2014-07-24,157.99999999999997,-1.9346067519996002,1
2014-07-25,155.00000000000003,-2.0293015493996323,1
2014-07-28,152.99999999999997,-2.0819074900663375,1
2014-07-29,152.00000000000003,-2.0939340013986962,1
2014-07-30,154.0,-1.9913213488885044,1
2014-07-31,155.99999999999997,-1.8915802907889694,1
2014-08-01,162.0,-1.6432015321868183,1
2014-08-04,164.0,-1.5513755327649335,1
2014-08-05,162.0,-1.6121297652200837,1
2014-08-06,161.0,-1.6339764020985796,1
2014-08-07,163.0,-1.5433046369918095,1
2014-08-08,161.0,-1.6034246138123118,1
2014-08-11,162.0,-1.5506753729059446,1
2014-08-12,164.0,-1.4621077906518472,1
2014-08-13,165.0,-1.4120316295809376,1
2014-08-14,162.0,-1.5100168074472833,1
2014-08-15,157.99999999999997,-1.6422923184578786,1
2014-08-18,162.0,-1.4808702799093392,1
2014-08-19,162.0,-1.4679105870630311,1
2014-08-20,157.00000000000003,-1.635349614437146,1
2014-08-21,155.0,-1.69089158898465,1
2014-08-22,148.00000000000003,-1.9224397185563893,1
2014-08-25,144.0,-2.040969351536059,1
2014-08-26,147.0,-1.9110838357897952,1
2014-08-27,146.0,-1.9234637673530575,1
2014-08-28,145.00000000000003,-1.9353771610138302,1
2014-08-29,146.0,-1.878443168493811,1
2014-09-01,146.0,-1.8570193244663924,1
2014-09-02,148.0,-1.7686480904269288,1
2014-09-03,146.0,-1.81698835159261,1
2014-09-04,150.0,-1.6634565016473175,1
2014-09-05,154.0,-1.5138679020999428,1
2014-09-08,151.0,-1.600450474752646,1
2014-09-09,147.0,-1.7180078342512444,1
2014-09-10,146.99999999999997,-1.700491821676626,1
2014-09-11,148.0,-1.6502967345154622,1
2014-09-12,152.0,-1.5026801024106962,1
2014-09-15,153.99999999999997,-1.4233934476607337,1
2014-09-16,157.99999999999997,-1.2797715658498847,1
2014-09-17,155.0,-1.3677241664886866,1
2014-09-18,150.99999999999997,-1.4870690120236272,1
2014-09-19,146.0,-1.637072735945566,1
2014-09-22,147.99999999999997,-1.5573583903226849,1
2014-09-23,147.0,-1.5759646660956153,1
2014-09-24,145.99999999999997,-1.5938923331861814,1
2014-09-25,147.00000000000003,-1.5467374003141354,1
2014-09-26,142.00000000000003,-1.693778803880746,1
2014-09-29,141.0,-1.7097067871571716,1
2014-09-30,143.0,-1.6295714532071526,1
2014-10-01,143.00000000000003,-1.6147752520666094,1
2014-10-02,145.0,-1.536609382446484,1
2014-10-03,140.0,-1.682300147560502,1
2014-10-06,142.00000000000003,-1.6031517322336049,1
2014-10-07,142.00000000000003,-1.588667834387107,1
2014-10-08,149.99999999999997,-1.3208661597311309,1
2014-10-09,148.99999999999997,-1.3420962026322734,1
2014-10-10,147.99999999999997,-1.3629123707892223,1
2014-10-13,147.99999999999997,-1.351783065005409,1
2014-10-14,150.00000000000003,-1.2774757127874896,1
2014-10-15,154.99999999999997,-1.1085686977782123,1
2014-10-16,155.0,-1.1002604330297783,1
2014-10-17,154.0,-1.1239415008583493,1
2014-10-20,155.0,-1.083552117671853,1
2014-10-21,156.0,-1.0434153938467354,1
2014-10-22,154.99999999999997,-1.067808149714128,1
2014-10-23,152.99999999999997,-1.1245654180040145,1
2014-10-24,152.99999999999997,-1.1174208751403223,1
2014-10-27,153.0,-1.1100046245824007,1
2014-10-28,153.0,-1.10294609267277,1
2014-10-29,145.0,-1.356838649370115,1
2014-10-30,146.0,-1.3151939278811555,1
2014-10-31,144.99999999999997,-1.3399151673364302,1
2014-11-03,144.0,-1.365321446735637,1
2014-11-04,142.0,-1.4235588145817744,1
2014-11-05,143.00000000000003,-1.3821942030382062,1
2014-11-06,142.0,-1.4076291262056762,1
2014-11-07,144.0,-1.3350493849355511,1
2014-11-10,144.0,-1.3299775753747123,1
2014-11-11,144.0,-1.3240774884848814,1
2014-11-12,144.0,-1.318152793737825,1
2014-11-13,144.00000000000003,-1.3124648438081528,1
2014-11-14,142.0,-1.3758383829984189,1
2014-11-17,142.00000000000003,-1.3700323844655027,1
2014-11-18,142.0,-1.3644934093628718,1
2014-11-19,142.00000000000003,-1.3586357789820056,1
2014-11-20,141.0,-1.3887533253633961,1
2014-11-21,139.0,-1.4551806835493708,1
2014-11-24,138.99999999999997,-1.449593086084279,1
2014-11-25,139.0,-1.4429861693745734,1
2014-11-26,139.0,-1.436336218140297,1
2014-11-27,139.0,-1.4296408843678368,1
2014-11-28,140.0,-1.3865504950342966,1
2014-12-01,143.00000000000003,-1.2695451824062556,1
2014-12-02,141.0,-1.3375708713951218,1
2014-12-03,138.0,-1.443656290983491,1
2014-12-04,135.0,-1.5501774711176999,1
2014-12-05,128.00000000000003,-1.806218830923545,1
2014-12-08,123.0,-1.9811213022006806,1
2014-12-09,124.00000000000003,-1.9241897961515766,1
2014-12-10,125.0,-1.8689043708346686,1
2014-12-11,121.99999999999997,-1.9634851103564628,1
2014-12-12,122.0,-1.9447906719305088,1
2014-12-15,116.00000000000001,-2.1481379162854846,1
2014-12-16,115.99999999999999,-2.1265036968671316,1
2014-12-17,113.00000000000001,-2.214702947172993,1
2014-12-18,113.99999999999999,-2.1556279817315316,1
2014-12-19,111.00000000000001,-2.2434442972521467,1
2014-12-22,108.0,-2.328036027643893,1
2014-12-23,109.00000000000001,-2.2662333156168053,1
2014-12-24,107.0,-2.313763721398374,1
2014-12-25,107.0,-2.2880517962319793,1
2014-12-26,106.0,-2.296132044319965,1
2014-12-29,105.99999999999999,-2.268612250215667,1
2014-12-30,107.99999999999999,-2.172860327928589,1
2014-12-31,110.00000000000001,-2.080248694840126,1
2015-01-01,110.00000000000001,-2.0594840379543777,1
2015-01-02,107.99999999999999,-2.1084721959080386,1
2015-01-05,103.0,-2.259325251792431,1
2015-01-06,102.0,-2.267140642808114,1
2015-01-07,105.0,-2.1374224185514232,1
2015-01-08,108.99999999999999,-1.9759464202298842,1
2015-01-09,109.99999999999999,-1.9203959117620704,1
2015-01-12,110.00000000000003,-1.9010377535635339,1
2015-01-13,112.00000000000001,-1.8140395905189042,1
2015-01-14,114.00000000000001,-1.7288861472599126,1
2015-01-15,118.0,-1.5777588535161018,1
2015-01-16,114.99999999999999,-1.6678501503555871,1
2015-01-19,114.99999999999999,-1.6544154152466755,1
2015-01-20,108.0,-1.8797826915578086,1
2015-01-21,108.99999999999999,-1.8292936809850928,1
2015-01-22,107.0,-1.8820737295865726,1
2015-01-23,104.99999999999999,-1.934938141364853,1
2015-01-26,103.99999999999999,-1.9527422901541258,1
2015-01-27,105.99999999999999,-1.8708373949886117,1
2015-01-28,104.0,-1.9251904489186882,1
2015-01-29,105.0,-1.8760365587802896,1
2015-01-30,107.0,-1.7932746394126637,1
2015-02-02,106.0,-1.8159860822149372,1
2015-02-03,109.00000000000001,-1.701197195708279,1
2015-02-04,110.00000000000001,-1.656272422390863,1
2015-02-05,111.99999999999999,-1.578242077840276,1
2015-02-06,102.99999999999999,-1.8799397636933088,1
2015-02-09,103.0,-1.8672869332324817,1
2015-02-10,106.0,-1.7504843955493323,1
2015-02-11,103.99999999999999,-1.8081663848282752,1
2015-02-12,108.0,-1.6575155734574514,1
2015-02-13,109.99999999999999,-1.5780262059741277,1
2015-02-16,109.99999999999999,-1.568635531209697,1
2015-02-17,110.99999999999999,-1.523573942110198,1
2015-02-18,118.00000000000001,-1.2676672477746995,1
2015-02-19,114.99999999999999,-1.3673806391610717,1
2015-02-20,111.99999999999999,-1.4669665571894008,1
2015-02-23,110.00000000000001,-1.5309170185892773,1
2015-02-24,113.00000000000001,-1.414403270193852,1
2015-02-25,109.00000000000001,-1.5510825537209805,1
2015-02-26,108.99999999999999,-1.54253423866392,1
2015-02-27,110.00000000000001,-1.4977136434981548,1
2015-03-02,111.00000000000001,-1.4533178848293553,1
2015-03-03,109.99999999999999,-1.4815567582427436,1
2015-03-04,112.00000000000001,-1.4000502378636681,1
2015-03-05,113.99999999999999,-1.3191902847589398,1
2015-03-06,113.00000000000001,-1.3466556001372698,1
2015-03-09,113.99999999999999,-1.3003660168200284,1
2015-03-10,110.99999999999999,-1.401990704141472,1
2015-03-11,108.99999999999999,-1.4643912422415726,1
2015-03-12,109.99999999999999,-1.4152406623366007,1
2015-03-13,110.00000000000001,-1.404009515238494,1
2015-03-16,109.99999999999999,-1.3925525772640843,1
2015-03-17,104.99999999999999,-1.5656713533845519,1
2015-03-18,109.99999999999999,-1.3679237254712013,1
2015-03-19,106.0,-1.5051613106670976,1
2015-03-20,108.0,-1.4192740222361482,1
2015-03-23,109.99999999999999,-1.3341050159413357,1
2015-03-24,108.99999999999999,-1.361515708629662,1
2015-03-25,109.00000000000001,-1.351730883938441,1
2015-03-26,113.00000000000001,-1.193387589799677,1
2015-03-27,110.99999999999999,-1.2603458312145097,1
2015-03-30,113.99999999999999,-1.1402525459287998,1
2015-03-31,117.0,-1.019891580486673,1
2015-04-01,115.00000000000001,-1.0882510516366781,1
2015-04-02,117.99999999999997,-0.9667570846118828,1
2015-04-03,123.00000000000001,-0.7693201309191287,1
2015-04-06,125.99999999999997,-0.6484112516028688,1
2015-04-07,120.0,-0.8715934781398047,1
2015-04-08,117.99999999999997,-0.9411312180447217,1
2015-04-09,121.0,-0.8188178142900483,1
2015-04-10,117.00000000000001,-0.9655013281260363,1
2015-04-13,120.00000000000001,-0.8427411173779198,1
2015-04-14,120.0,-0.8358791522890339,1
2015-04-15,121.99999999999997,-0.7519566089270235,1
2015-04-16,125.0,-0.6294860711597356,1
2015-04-17,119.99999999999997,-0.8173464728326196,1
2015-04-20,123.0,-0.6940312686243801,1
2015-04-21,123.0,-0.6878897346868201,1
2015-04-22,125.00000000000003,-0.6035742920696162,1
2015-04-23,125.99999999999997,-0.5586013535425691,1
2015-04-24,128.0,-0.4741017259804555,1
2015-04-27,124.99999999999997,-0.5864887185210406,1
2015-04-28,129.00000000000003,-0.42153388935922564,1
2015-04-29,132.99999999999997,-0.25553053951159516,1
2015-04-30,132.0,-0.28928425376793326,1
2015-05-01,131.99999999999997,-0.283090587295926,1
2015-05-04,137.0,-0.0738424063383111,1
2015-05-05,136.0,-0.10840217326134609,1
2015-05-06,140.0,0.06308344534104537,0
2015-05-07,135.0,-0.13618280004357364,0
2015-05-08,140.0,0.08022463961426414,0
2015-05-11,143.99999999999997,0.25703870256506756,0
2015-05-12,144.0,0.26599660181232504,0
2015-05-13,149.99999999999997,0.5316249226414665,0
2015-05-14,151.99999999999997,0.6263171301054614,0
2015-05-15,147.00000000000003,0.4183255446172202,0
2015-05-18,148.0,0.4700259035936752,0
2015-05-19,144.99999999999997,0.34694704576866503,0
2015-05-20,149.0,0.5312617043384149,0
2015-05-21,145.0,0.3622166809891838,0
2015-05-22,142.00000000000003,0.23695965653496887,0
2015-05-25,142.00000000000003,0.24582936688625218,0
2015-05-26,135.0,-0.06365672699175279,0
2015-05-27,135.0,-0.05661181683462316,0
2015-05-28,138.0,0.08851086865561371,0
2015-05-29,139.0,0.14267066499743883,0
2015-06-01,139.0,0.15030415905194003,0
2015-06-02,141.0,0.25085178213563786,0
2015-06-03,142.0,0.30441062625673826,0
2015-06-04,138.0,0.12120922691808252,0
2015-06-05,136.0,0.03318916489716016,0
2015-06-08,139.0,0.18497561236443785,0
2015-06-09,141.0,0.2892795496714564,0
2015-06-10,142.00000000000003,0.34598096042031,0
2015-06-11,137.0,0.10929245239621393,0
2015-06-12,135.0,0.018031350315063116,0
2015-06-15,138.0,0.173784192522596,0
2015-06-16,138.0,0.18174623775816304,0
2015-06-17,146.0,0.59114725346453,0
2015-06-18,149.00000000000003,0.7524884279930248,0
2015-06-19,145.99999999999997,0.6109507328765916,0
2015-06-22,148.00000000000003,0.7232964856789107,0
2015-06-23,149.00000000000003,0.7851001489662681,0
2015-06-24,147.00000000000003,0.6903506178355385,0
2015-06-25,146.00000000000003,0.6463386355473505,0
2015-06-26,150.0,0.8647902090315577,0
2015-06-29,146.99999999999997,0.7169712211354093,0
2015-06-30,148.0,0.7791428214563201,0
2015-07-01,150.00000000000003,0.8945484530001309,0
2015-07-02,155.0,1.1702044478693925,0
2015-07-03,155.0,1.1753484063203512,0
2015-07-06,152.0,1.018080559022835,0
2015-07-07,149.0,0.8601252778062991,0
2015-07-08,149.00000000000003,0.8630126767133739,0
2015-07-09,152.99999999999997,1.0828569183396295,0
2015-07-10,152.00000000000003,1.031765545029181,0
2015-07-13,150.0,0.9260967310704515,0
2015-07-14,153.00000000000003,1.091271669970061,0
2015-07-15,150.0,0.9282595966521399,0
2015-07-16,145.0,0.6566551779517649,0
2015-07-17,141.0,0.44101767794899793,0
2015-07-20,138.0,0.280830426541944,0
2015-07-21,139.0,0.3427133428706248,0
2015-07-22,135.0,0.1281263997166131,0
2015-07-23,133.0,0.023137893887883572,0
2015-07-24,132.0,-0.026610443208355136,0
2015-07-27,135.0,0.14958675478935013,0
2015-07-28,135.0,0.15625343773096814,0
2015-07-29,137.0,0.2774302726727861,0
2015-07-30,134.0,0.11308920404284145,0
2015-07-31,138.0,0.3524982968418245,0
2015-08-03,134.0,0.1273428132885234,0
2015-08-04,129.99999999999997,-0.1004416803970627,0
2015-08-05,129.0,-0.15243888302809006,0
2015-08-06,127.99999999999999,-0.20487615157792866,0
2015-08-07,124.0,-0.43686515121592784,0
2015-08-10,127.0,-0.2520047226909652,0
2015-08-11,128.0,-0.18764628513391438,0
2015-08-12,131.99999999999997,0.05562103332664269,0
2015-08-13,127.99999999999999,-0.18079028988702137,0
2015-08-14,122.99999999999997,-0.4771705658917429,0
2015-08-17,123.0,-0.47237598548955,0
2015-08-18,127.0,-0.22659990444098665,0
2015-08-19,131.0,0.01899569936361443,0
2015-08-20,125.99999999999997,-0.2792556349514206,0
2015-08-21,130.00000000000003,-0.03258458497567806,0
2015-08-24,134.0,0.21515964734020426,0
2015-08-25,136.0,0.3428308301206763,0
2015-08-26,145.0,0.8967612849005839,0
2015-08-27,144.00000000000003,0.8367352275126938,0
2015-08-28,140.0,0.5937921308263627,0
2015-08-31,141.0,0.6579341783066027,0
2015-09-01,144.00000000000003,0.8463308288655723,0
2015-09-02,145.00000000000003,0.9126075428921256,0
2015-09-03,146.00000000000003,0.9813061692117117,0
2015-09-04,142.00000000000003,0.7388734792453793,0
2015-09-07,142.00000000000003,0.7427944899336532,0
2015-09-08,144.00000000000003,0.868606860227643,0
2015-09-09,143.0,0.8083300027836595,0
2015-09-10,143.0,0.8100776830738794,0
2015-09-11,143.00000000000003,0.8113725364309832,0
2015-09-14,144.00000000000003,0.875415594908998,0
2015-09-15,145.0,0.9367843290250236,0
2015-09-16,146.0,0.9971609457687605,0
2015-09-17,152.0,1.3671964583872525,0
2015-09-18,148.00000000000003,1.1148281608512687,0
2015-09-21,151.0,1.298312950284681,0
2015-09-22,150.0,1.2307538224309078,0
2015-09-23,148.00000000000003,1.103510033151488,0
2015-09-24,147.00000000000003,1.0390973381968465,0
2015-09-25,148.0,1.102199525187991,0
2015-09-28,145.00000000000003,0.9180908512377768,0
2015-09-29,148.0,1.1043201733563042,0
2015-09-30,150.0,1.2272726776418692,0
2015-10-01,148.0,1.1043201733563042,0
2015-10-02,152.99999999999997,1.4162301022853767,0
2015-10-05,154.99999999999997,1.5404737874989243,-1
2015-10-06,153.99999999999997,1.4783519448921505,-1
2015-10-07,152.0,1.3563064520722228,-1
2015-10-08,156.0,1.6050613472121067,-1
2015-10-09,153.0,1.4200311985372824,-1
2015-10-12,153.0,1.4200311985372824,-1
2015-10-13,153.0,1.4200311985372824,-1
2015-10-14,154.99999999999997,1.542872623427134,-1
2015-10-15,153.0,1.4184951758571938,-1
2015-10-16,151.0,1.2905154171859838,-1
2015-10-19,154.0,1.4712351639659058,-1
2015-10-20,152.0,1.343023714431051,-1
2015-10-21,150.0,1.2160649337209741,-1
2015-10-22,151.0,1.2727716012176393,-1
2015-10-23,147.0,1.0245437967210174,-1
2015-10-26,146.00000000000003,0.9612449512684402,-1
2015-10-27,148.0,1.0822121200830495,-1
2015-10-28,140.0,0.5922184253837816,-1
2015-10-29,143.0,0.7770134963867218,-1
2015-10-30,141.0,0.6551489276960547,-1
2015-11-02,138.0,0.4725341868659054,-1
2015-11-03,141.0,0.6576030011686117,-1
2015-11-04,136.0,0.3514384452751795,-1
2015-11-05,136.0,0.3531853859701656,-1
2015-11-06,136.0,0.35493608937702514,-1
2015-11-09,137.0,0.41786619728725904,-1
2015-11-10,138.0,0.47993245415979524,-1
2015-11-11,138.0,0.4802379553170391,-1
2015-11-12,136.0,0.35753933395505366,-1
2015-11-13,139.0,0.5429300997095262,-1
2015-11-16,141.0,0.6658353351746941,-1
2015-11-17,138.0,0.48111853798121484,-1
2015-11-18,135.0,0.2980145752565263,-1
2015-11-19,132.0,0.11473966168391216,-1
2015-11-20,132.0,0.11626567833213178,-1
2015-11-23,130.0,-0.006392091497242764,0
2015-11-24,134.0,0.23992980082792253,0
2015-11-25,134.0,0.2372914854559225,0
2015-11-26,134.0,0.23487528572631478,0
2015-11-27,136.0,0.35610898356014986,0
2015-11-30,133.0,0.16755773943061925,0
2015-12-01,132.0,0.10314595240505685,0
2015-12-02,128.00000000000003,-0.1481773271183075,0
2015-12-03,132.99999999999997,0.15853143798086175,0
2015-12-04,129.99999999999997,-0.03242482185609469,0
2015-12-07,128.00000000000003,-0.16097286444992764,0
2015-12-08,129.00000000000003,-0.10324072103512576,0
2015-12-09,133.00000000000003,0.14187035356059916,0
2015-12-10,130.0,-0.05239871029965821,0
2015-12-11,131.0,0.004785260477453362,0
2015-12-14,130.0,-0.06477392742965042,0
2015-12-15,129.0,-0.13503927741753166,0
2015-12-16,127.0,-0.26991477161524535,0
2015-12-17,121.0,-0.6620889696089534,0
2015-12-18,123.0,-0.5378574852831587,0
2015-12-21,125.0,-0.4134532673629262,0
2015-12-22,125.0,-0.41963926149024383,0
2015-12-23,126.0,-0.36266307466561587,0
2015-12-24,123.0,-0.5694788238725943,0
2015-12-25,123.0,-0.5774251423406618,0
2015-12-28,122.00000000000001,-0.6499121880845392,0
2015-12-29,123.0,-0.5885686454509074,0
2015-12-30,124.0,-0.5271476844353933,0
2015-12-31,124.99999999999997,-0.4647196428432208,0
2016-01-01,124.99999999999997,-0.468834172832283,0
2016-01-04,125.0,-0.4713458642351561,0
2016-01-05,127.99999999999999,-0.2720200630322991,0
2016-01-06,129.0,-0.2083326902474767,0
2016-01-07,130.99999999999997,-0.07861553424912589,0
2016-01-08,134.0,0.12084203087925284,0
2016-01-11,138.0,0.3902021395404537,0
2016-01-12,134.0,0.10580539394124519,0
2016-01-13,134.0,0.09827416968085051,0
2016-01-14,138.0,0.3732828363534279,0
2016-01-15,135.0,0.15333599500945616,0
2016-01-18,135.0,0.14598704204399301,0
2016-01-19,132.99999999999997,-0.00546644773279343,0
2016-01-20,133.0,-0.013337744170064688,0
2016-01-21,135.0,0.12604435420000706,0
2016-01-22,134.0,0.04578503200653202,0
2016-01-25,132.99999999999997,-0.03451172679033072,0
2016-01-26,134.0,0.0309965719834145,0
2016-01-27,137.0,0.24879391527401787,0
2016-01-28,139.0,0.3940442693397375,0
2016-01-29,142.0,0.6182060946635776,0
2016-02-01,139.0,0.37972640355584864,0
2016-02-02,139.0,0.3733039599651064,0
2016-02-03,143.00000000000003,0.6811844267925287,0
2016-02-04,145.00000000000003,0.8329938141566965,0
2016-02-05,143.00000000000003,0.6680359440907362,0
2016-02-08,140.0,0.42326807146883244,0
2016-02-09,140.0,0.41699785306184156,0
2016-02-10,138.0,0.2490973073867673,0
2016-02-11,139.0,0.3238185098480258,0
2016-02-12,140.0,0.39887268123170466,0
2016-02-15,140.0,0.39228018677275966,0
2016-02-16,141.0,0.4690825504952529,0
2016-02-17,142.00000000000003,0.5468180544344785,0
2016-02-18,141.0,0.456064147461225,0
2016-02-19,137.0,0.10770729113854496,0
2016-02-22,137.0,0.1005700095245706,0
2016-02-23,137.0,0.09305968476825809,0
2016-02-24,140.0,0.3480714665174865,0
2016-02-25,142.00000000000003,0.5176258316877186,0
2016-02-26,140.0,0.33330457863131213,0
2016-02-29,139.0,0.23595669017048587,0
2016-03-01,139.0,0.22812928350370584,0
2016-03-02,135.0,-0.14949067621248557,0
2016-03-03,131.99999999999997,-0.44535020599198255,0
2016-03-04,132.00000000000003,-0.459278662853079,0
2016-03-07,129.0,-0.7672480648594455,0
2016-03-08,128.99999999999997,-0.7868884311610089,0
2016-03-09,129.00000000000003,-0.8047668501504075,0
2016-03-10,125.00000000000003,-1.2264937531127045,0
2016-03-11,126.0,-1.1478743605490227,0
2016-03-14,125.00000000000003,-1.2670416923820014,0
2016-03-15,123.0,-1.4947145889983442,0
2016-03-16,132.0,-0.5666676934353567,0
2016-03-17,130.0,-0.7902323999946603,0
2016-03-18,134.0,-0.3756155016396594,0
2016-03-21,134.00000000000003,-0.3857802380758986,0
2016-03-22,130.00000000000003,-0.8272941768276785,0
2016-03-23,127.99999999999999,-1.0477465092232758,0
2016-03-24,128.0,-1.05671071373152,0
2016-03-25,128.0,-1.0686303370269035,0
2016-03-28,129.0,-0.9662104441063307,0
2016-03-29,131.0,-0.7570321579422591,0
2016-03-30,139.0,0.134372221637843,0
2016-03-31,140.0,0.240572839465231,0
2016-04-01,138.0,0.005016760955891869,0
2016-04-04,138.0,-0.0009162103966230738,0
2016-04-05,137.0,-0.12522973910094343,0
2016-04-06,138.0,-0.015809216995504513,0
2016-04-07,138.0,-0.022928523361982398,0
2016-04-08,139.0,0.08886848313198617,0
2016-04-11,140.0,0.201611959771763,0
2016-04-12,139.0,0.07766707014985084,0
2016-04-13,136.0,-0.2869819506215504,0
2016-04-14,135.0,-0.4106756345215554,0
2016-04-15,134.0,-0.5315008542749527,0
2016-04-18,134.0,-0.5327880816583637,0
2016-04-19,134.0,-0.5340776187816865,0
2016-04-20,134.0,-0.5323743286096547,0
2016-04-21,134.0,-0.5312098271341065,0
2016-04-22,133.0,-0.647645842345973,0
2016-04-25,134.00000000000003,-0.5268693966539731,0
2016-04-26,136.0,-0.2846278296804737,0
2016-04-27,138.0,-0.04151630440860896,0
2016-04-28,140.0,0.20107053020289345,0
2016-04-29,138.0,-0.03404427959970712,0
2016-05-02,139.0,0.09353620215117267,0
2016-05-03,141.0,0.3401250076224488,0
2016-05-04,141.0,0.3444061305303284,0
2016-05-05,140.0,0.22504964047797407,0
2016-05-06,139.0,0.10805220301898207,0
2016-05-09,141.0,0.35572397680354967,0
2016-05-10,141.0,0.3562840270328923,0
2016-05-11,138.0,-0.010239945530876643,0
2016-05-12,136.0,-0.25652615385043154,0
2016-05-13,132.99999999999997,-0.6239396048729587,0
2016-05-16,132.99999999999997,-0.6210228925145914,0
2016-05-17,129.99999999999997,-0.9829903325093171,0
2016-05-18,126.0,-1.4604786444638502,0
2016-05-19,126.00000000000003,-1.4475098690910286,0
2016-05-20,125.0,-1.5540324080776449,1
2016-05-23,125.0,-1.5404294189456773,1
2016-05-24,124.0,-1.6462596371653153,1
2016-05-25,127.0,-1.2771401605472825,1
2016-05-26,129.0,-1.0308256530952542,1
2016-05-27,126.0,-1.3762382162951095,1
2016-05-30,126.0,-1.3659413370336586,1
2016-05-31,127.0,-1.2402487604920023,1
2016-06-01,124.0,-1.579716268813204,1
2016-06-02,122.0,-1.7953811175672556,1
2016-06-03,129.0,-0.9711777783757134,1
2016-06-06,129.99999999999997,-0.8476640120648093,1
2016-06-07,131.0,-0.724543259516672,1
2016-06-08,127.99999999999999,-1.067368896023707,1
2016-06-09,126.0,-1.2916831403243534,1
2016-06-10,127.0,-1.1651914122718607,1
2016-06-13,129.00000000000003,-0.9233601067759725,1
2016-06-14,128.00000000000003,-1.033110006948748,1
2016-06-15,133.0,-0.4397293490553353,1
2016-06-16,129.0,-0.9041014976182606,1
2016-06-17,130.00000000000003,-0.7795566464545368,1
2016-06-20,130.00000000000003,-0.77429838180945,1
2016-06-21,128.0,-1.0085147301921449,1
2016-06-22,130.0,-0.7615283328548399,1
2016-06-23,129.99999999999997,-0.7551282462092059,1
2016-06-24,134.0,-0.2624437557900531,1
2016-06-27,127.99999999999999,-0.9903116485830135,1
2016-06-28,127.0,-1.1070228396832573,1
2016-06-29,126.99999999999999,-1.0997446994343107,1
2016-06-30,128.99999999999997,-0.8460887650358749,1
2016-07-01,124.00000000000003,-1.4618688083861868,1
2016-07-04,124.00000000000003,-1.4492917644291945,1
2016-07-05,120.00000000000001,-1.9269957522475085,1
2016-07-06,119.00000000000001,-2.0255722061097168,1
2016-07-07,117.00000000000001,-2.23964377923833,1
2016-07-08,115.99999999999999,-2.3270096777113296,1
2016-07-11,111.00000000000001,-2.8725725539169935,1
2016-07-12,114.00000000000001,-2.4772232405292183,1
2016-07-13,111.00000000000001,-2.7745995307258524,1
2016-07-14,114.99999999999999,-2.2789442815285095,1
2016-07-15,114.99999999999999,-2.246199132225868,1
2016-07-18,115.99999999999999,-2.1059615331039483,1
2016-07-19,114.99999999999999,-2.1873124655703218,1
2016-07-20,114.99999999999999,-2.15855263104838,1
2016-07-21,118.0,-1.8117586043972982,1
2016-07-22,116.00000000000001,-2.0101375564190107,1
2016-07-25,114.00000000000001,-2.2020065864704415,1
2016-07-26,112.99999999999999,-2.286593593732765,1
2016-07-27,112.99999999999999,-2.260064128977933,1
2016-07-28,113.99999999999999,-2.130608923368441,1
2016-07-29,115.00000000000001,-2.002471315777611,1
2016-08-01,118.00000000000001,-1.677640989494594,1
2016-08-02,122.0,-1.2618174783017393,1
2016-08-03,122.0,-1.2607765325571747,1
2016-08-04,122.0,-1.2561296969481355,1
2016-08-05,119.0,-1.5541116500204146,1
2016-08-08,114.99999999999999,-1.9489743715453307,1
2016-08-09,113.99999999999999,-2.02854065853368,1
2016-08-10,115.99999999999999,-1.8064929194241208,1
2016-08-11,111.99999999999999,-2.17922099109349,1
2016-08-12,112.99999999999999,-2.054312261558285,1
2016-08-15,113.00000000000001,-2.029456613879592,1
2016-08-16,113.00000000000001,-2.0042135882630556,1
2016-08-17,112.00000000000001,-2.075018683055359,1
2016-08-18,113.99999999999997,-1.860138460639431,1
2016-08-19,112.00000000000001,-2.0292359773251603,1
2016-08-22,109.00000000000003,-2.28636560773776,1
2016-08-23,109.00000000000003,-2.2540032930868237,1
2016-08-24,111.00000000000003,-2.0391140642852053,1
2016-08-25,111.00000000000001,-2.0148301075182187,1
2016-08-26,106.0,-2.4430430278806328,1
2016-08-29,104.00000000000003,-2.583431992090956,1
2016-08-30,105.0,-2.4529929635972914,1
2016-08-31,104.0,-2.502970268682067,1
2016-09-01,105.0,-2.3784415837570276,1
2016-09-02,107.99999999999999,-2.0871392749345277,1
2016-09-05,107.99999999999999,-2.0673158705007992,1
2016-09-06,111.00000000000003,-1.786364882751187,1
2016-09-07,110.99999999999999,-1.7718663852810537,1
2016-09-08,112.99999999999999,-1.5840365252048867,1
2016-09-09,116.00000000000001,-1.3106163625972238,1
2016-09-12,119.0,-1.0389087620181294,1
2016-09-13,121.00000000000001,-0.8559222186828382,1
2016-09-14,123.0,-0.6729588363174118,1
2016-09-15,128.0,-0.22395857800223598,1
2016-09-16,123.0,-0.662932757223492,1
2016-09-19,123.00000000000001,-0.6567538298131598,1
2016-09-20,123.00000000000001,-0.6509435032857924,1
2016-09-21,119.00000000000001,-1.0083137500760897,1
2016-09-22,115.99999999999999,-1.2764798354170037,1
2016-09-23,118.0,-1.0868202879629565,1
2016-09-26,119.0,-0.99063954290257,1
2016-09-27,115.99999999999997,-1.2649870054265933,1
2016-09-28,116.00000000000001,-1.2595866672523628,1
2016-09-29,115.99999999999997,-1.2544166403929895,1
2016-09-30,118.0,-1.0605459798270873,1
2016-10-03,115.99999999999999,-1.2482400770779825,1
2016-10-04,118.0,-1.0491274105849073,1
2016-10-05,118.0,-1.0456968613885507,1
2016-10-06,118.0,-1.041289962065781,1
2016-10-07,120.0,-0.837127622080939,1
2016-10-10,120.0,-0.8322746048108939,1
2016-10-11,120.0,-0.826292762749151,1
2016-10-12,119.99999999999997,-0.8201416404456686,1
2016-10-13,121.0,-0.7121746872118917,1
2016-10-14,126.99999999999999,-0.0889902362187932,1
2016-10-17,126.0,-0.1862633426391,1
2016-10-18,126.99999999999999,-0.07693723241638954,1
2016-10-19,126.99999999999999,-0.07255263708192905,1
2016-10-20,124.0,-0.38029503245786506,1
2016-10-21,123.0,-0.48025713562223094,1
2016-10-24,125.0,-0.26612393552746516,1
2016-10-25,121.0,-0.6807750121639743,1
2016-10-26,122.99999999999997,-0.4652975735742504,1
2016-10-27,127.0,-0.039395314887003895,1
2016-10-28,129.0,0.1760356816062581,0
2016-10-31,127.0,-0.0319838863293025,0
2016-11-01,128.0,0.07893958946149285,0
2016-11-02,130.0,0.2975620915952582,0
2016-11-03,134.0,0.7276907263801773,0
2016-11-04,132.0,0.5154326406585485,0
2016-11-07,131.0,0.4088573628623748,0
2016-11-08,128.99999999999997,0.196017863228895,0
2016-11-09,139.0,1.259912032784044,0
2016-11-10,138.0,1.1495512427565726,0
2016-11-11,138.0,1.146037570673812,0
2016-11-14,133.00000000000003,0.6141829068683771,0
2016-11-15,129.00000000000003,0.19138035066092762,0
2016-11-16,124.0,-0.3384841412027355,0
2016-11-17,127.99999999999999,0.0902807306861171,0
2016-11-18,120.99999999999997,-0.6538801479269183,0
2016-11-21,121.0,-0.6487617313382719,0
2016-11-22,123.0,-0.4322890332946242,0
2016-11-23,119.0,-0.8540323074769728,0
2016-11-24,119.0,-0.8486553268135201,0
2016-11-25,117.99999999999997,-0.9477936395307893,0
2016-11-28,119.00000000000001,-0.8358685800799021,0
2016-11-29,117.00000000000001,-1.0404483833909417,0
2016-11-30,119.0,-0.8229341728732229,0
2016-12-01,120.00000000000001,-0.7126479193726531,0
2016-12-02,124.0,-0.2882853288299581,0
2016-12-05,120.99999999999997,-0.6055250793327965,0
2016-12-06,124.0,-0.2887464883206397,0
2016-12-07,122.0,-0.49879604972598185,0
2016-12-08,127.0,0.028947974062511667,0
2016-12-09,127.00000000000003,0.028528728085999426,0
2016-12-12,126.00000000000003,-0.07847744985582487,0
2016-12-13,122.00000000000001,-0.5009859717975909,0
2016-12-14,112.00000000000001,-1.547463358537085,1
2016-12-15,106.0,-2.152479032580947,1
2016-12-16,112.00000000000001,-1.5147459554257579,1
2016-12-19,109.00000000000003,-1.8079188707492553,1
2016-12-20,108.99999999999999,-1.7898760587071854,1
2016-12-21,108.0,-1.8723111055172168,1
2016-12-22,108.0,-1.8515046580730095,1
2016-12-23,108.0,-1.8309499611709643,1
2016-12-26,108.0,-1.8106300422402508,1
2016-12-27,107.00000000000003,-1.8885059374590407,1
2016-12-28,106.99999999999999,-1.8684338445978377,1
2016-12-29,112.00000000000001,-1.362302286141077,1
2016-12-30,113.00000000000001,-1.2531761184838515,1
2017-01-02,113.00000000000001,-1.243191877839881,1
2017-01-03,110.00000000000001,-1.5240830845602575,1
2017-01-04,110.99999999999999,-1.413405711292748,1
2017-01-05,109.99999999999999,-1.497239927687072,1
2017-01-06,108.0,-1.675051070091922,1
2017-01-09,108.00000000000003,-1.6584406466392418,1
2017-01-10,108.00000000000003,-1.6419595666398443,1
2017-01-11,107.0,-1.720145391931932,1
2017-01-12,113.99999999999997,-1.040537100824612,1
2017-01-13,109.00000000000003,-1.5063050209245157,1
2017-01-16,109.00000000000003,-1.493795369942517,1
2017-01-17,109.00000000000001,-1.4829504485579688,1
2017-01-18,107.0,-1.6594224231606505,1
2017-01-19,107.0,-1.6447934977516199,1
2017-01-20,109.99999999999999,-1.3498762758164713,1
2017-01-23,111.00000000000003,-1.2474419132494592,1
2017-01-24,110.99999999999999,-1.239752346478019,1
2017-01-25,111.00000000000001,-1.2309127590016258,1
2017-01-26,113.00000000000001,-1.0301544315277253,1
2017-01-27,112.00000000000001,-1.1186428245248092,1
2017-01-30,114.00000000000001,-0.9174772259503063,1
2017-01-31,114.99999999999999,-0.813644631286557,1
2017-02-01,115.00000000000001,-0.8071994798775805,1
2017-02-02,117.0,-0.604853585072462,1
2017-02-03,118.0,-0.5000311644198265,1
2017-02-06,118.99999999999997,-0.39446168986104185,1
2017-02-07,117.0,-0.5882576865498375,1
2017-02-08,114.99999999999999,-0.7821579209254214,1
2017-02-09,114.00000000000001,-0.8757396753552793,1
2017-02-10,111.99999999999999,-1.0701702900582373,1
2017-02-13,110.99999999999999,-1.1647594098358958,1
2017-02-14,108.99999999999999,-1.3592490788014,1
2017-02-15,108.0,-1.4509411501316865,1
2017-02-16,109.99999999999999,-1.2384879948964458,1
2017-02-17,110.99999999999999,-1.1274183942559841,1
2017-02-20,110.99999999999999,-1.1184269109048046,1
2017-02-21,111.00000000000001,-1.1095239777777828,1
2017-02-22,112.00000000000001,-0.9992750673714907,1
2017-02-23,114.99999999999999,-0.6867259841197063,1
2017-02-24,115.00000000000001,-0.6811668274576883,1
2017-02-27,110.99999999999999,-1.08261927662897,1
2017-02-28,108.00000000000003,-1.3770544078437912,1
2017-03-01,107.0,-1.465608715429154,1
2017-03-02,106.0,-1.5526865557000797,1
2017-03-03,106.0,-1.5384893066216614,1
2017-03-06,108.0,-1.325768200615765,1
2017-03-07,106.0,-1.5135595647951825,1
2017-03-08,106.99999999999999,-1.4016812090698465,1
2017-03-09,106.0,-1.4882056352339947,1
2017-03-10,105.00000000000003,-1.5728220314230603,1
2017-03-13,106.0,-1.4597916075049762,1
2017-03-14,104.0,-1.6416736233261187,1
2017-03-15,108.99999999999999,-1.1382894531370245,1
2017-03-16,109.00000000000003,-1.1292013854613376,1
2017-03-17,108.0,-1.2203139344390606,1
2017-03-20,108.0,-1.213429137815447,1
2017-03-21,108.0,-1.2056781436978135,1
2017-03-22,107.0,-1.297218289034476,1
2017-03-23,107.0,-1.288554600632539,1
2017-03-24,107.0,-1.280560353842281,1
2017-03-27,105.0,-1.4725164158620851,1
2017-03-28,105.0,-1.4639312130232174,1
2017-03-29,106.00000000000003,-1.3557597190255035,1
2017-03-30,106.99999999999999,-1.2471696522242404,1
2017-03-31,109.00000000000001,-1.0353964061193788,1
2017-04-03,110.00000000000001,-0.9258261596146166,1
2017-04-04,111.00000000000003,-0.8161146405444495,1
2017-04-05,112.99999999999999,-0.6030050625883622,1
2017-04-06,112.00000000000001,-0.7006892261803654,1
2017-04-07,108.0,-1.110285405826132,1
2017-04-10,108.00000000000003,-1.102545580182029,1
2017-04-11,109.00000000000001,-0.9902787154602263,1
2017-04-12,110.99999999999999,-0.773512391483797,1
2017-04-13,112.00000000000001,-0.6618573310954413,1
2017-04-14,112.00000000000001,-0.6561529972021696,1
2017-04-17,112.99999999999999,-0.5431963690069479,1
2017-04-18,112.99999999999999,-0.5372012840856164,1
2017-04-19,113.00000000000001,-0.5313001783529948,1
2017-04-20,111.00000000000001,-0.7479501676191681,1
2017-04-21,112.00000000000001,-0.6314901743529959,1
2017-04-24,112.00000000000001,-0.6265501458783569,1
2017-04-25,112.00000000000001,-0.621410190204705,1
2017-04-26,113.00000000000001,-0.49993797594794587,1
2017-04-27,114.99999999999999,-0.2565394730772277,1
2017-04-28,114.99999999999999,-0.2487107290022556,1
2017-05-01,115.99999999999999,-0.11937122913592983,1
2017-05-02,116.00000000000001,-0.11198241153748256,1
2017-05-03,111.00000000000001,-0.7223258298969829,1
2017-05-04,112.00000000000001,-0.5921440920945971,1
2017-05-05,110.00000000000003,-0.8346132962197581,1
2017-05-08,111.00000000000001,-0.703571525417488,1
2017-05-09,110.00000000000001,-0.8218577226449402,1
2017-05-10,108.99999999999999,-0.9394886782354351,1
2017-05-11,109.99999999999999,-0.807704250780961,1
2017-05-12,112.99999999999999,-0.42631412758176074,1
2017-05-15,113.99999999999999,-0.29461584850990086,1
2017-05-16,113.00000000000001,-0.41546279622644705,1
2017-05-17,115.00000000000001,-0.15720939188864616,1
2017-05-18,111.99999999999999,-0.5322725538593691,1
2017-05-19,110.99999999999999,-0.6538234289984366,1
2017-05-22,111.00000000000001,-0.648439323424861,1
2017-05-23,111.00000000000001,-0.6422969672540687,1
2017-05-24,112.99999999999999,-0.3796824032720982,1
2017-05-25,113.99999999999999,-0.24385106153164024,1
2017-05-26,112.99999999999999,-0.36776437972269715,1
2017-05-29,112.99999999999999,-0.3622179492084904,1
2017-05-30,111.99999999999999,-0.48726581649807027,1
2017-05-31,112.00000000000001,-0.4811235116449669,1
2017-06-01,111.00000000000001,-0.6072279565201103,1
2017-06-02,108.99999999999999,-0.8682990523456624,1
2017-06-05,109.99999999999999,-0.7281500455350781,1
2017-06-06,110.00000000000001,-0.7223194158206323,1
2017-06-07,109.99999999999999,-0.7165271999174672,1
2017-06-08,110.00000000000001,-0.7103838496518489,1
2017-06-09,108.99999999999999,-0.8421564432708377,1
2017-06-12,107.99999999999999,-0.9749172675231395,1
2017-06-13,108.0,-0.9724447555645455,1
2017-06-14,105.0,-1.3867441247054382,1
2017-06-15,101.99999999999999,-1.7960713636099466,1
2017-06-16,102.99999999999999,-1.642328098535818,1
2017-06-19,99.0,-2.188383060521704,1
2017-06-20,97.00000000000001,-2.435264139586911,1
2017-06-21,95.0,-2.6702368155927916,1
2017-06-22,96.00000000000001,-2.4901811333329844,1
2017-06-23,94.0,-2.7122198962791106,1
2017-06-26,93.00000000000001,-2.7908241920771144,1
2017-06-27,92.0,-2.8634540918993534,1
2017-06-28,96.0,-2.3079774118666534,1
2017-06-29,96.99999999999997,-2.1496224915625617,1
2017-06-30,95.0,-2.3714955484206985,1
2017-07-03,93.0,-2.5792582404761433,1
2017-07-04,93.0,-2.535254950755707,1
2017-07-05,93.00000000000001,-2.4928794506815777,1
2017-07-06,96.0,-2.0990039378219834,1
2017-07-07,98.00000000000001,-1.8365591447065734,1
2017-07-10,100.00000000000003,-1.5807400370138918,1
2017-07-11,100.0,-1.5657603269975506,1
2017-07-12,101.00000000000003,-1.4346434574474938,1
2017-07-13,103.0,-1.1894121686038828,1
2017-07-14,104.0,-1.0645311813558174,1
2017-07-17,103.0,-1.1741314396494416,1
2017-07-18,103.0,-1.1654820365184835,1
2017-07-19,102.0,-1.272136960450051,1
2017-07-20,101.0,-1.3773318230371954,1
2017-07-21,100.0,-1.480908888122728,1
2017-07-24,100.0,-1.4678350167082896,1
2017-07-25,101.00000000000003,-1.339781108292854,1
2017-07-26,106.0,-0.7543873789349187,1
2017-07-27,109.00000000000001,-0.40401204275148195,1
2017-07-28,106.0,-0.7466987325525828,1
2017-07-31,105.0,-0.8580853933376038,1
2017-08-01,105.99999999999999,-0.738374990081632,1
2017-08-02,103.0,-1.0780006162858318,1
2017-08-03,102.0,-1.1849432946420202,1
2017-08-04,101.99999999999999,-1.1771079380616845,1
2017-08-07,102.99999999999999,-1.05516679410571,1
2017-08-08,101.99999999999999,-1.1618938525654894,1
2017-08-09,100.99999999999997,-1.2686105449476488,1
2017-08-10,101.0,-1.261291793458714,1
2017-08-11,105.0,-0.8038351493247089,1
2017-08-14,104.0,-0.9124851851260103,1
2017-08-15,100.99999999999997,-1.2468454033149627,1
2017-08-16,102.0,-1.1320500602865784,1
2017-08-17,101.99999999999999,-1.1292442368343965,1
2017-08-18,100.99999999999997,-1.2387287596576684,1
2017-08-21,101.0,-1.2347046337385679,1
2017-08-22,99.0,-1.449643305559467,1
2017-08-23,99.0,-1.4402063784470753,1
2017-08-24,99.0,-1.4290596619105929,1
2017-08-25,98.0,-1.5271362074409291,1
2017-08-28,101.99999999999999,-1.0781287471313792,1
2017-08-29,104.00000000000003,-0.8516645495198286,1
2017-08-30,103.0,-0.9542174857305501,1
2017-08-31,103.0,-0.9466569363330541,1
2017-09-01,104.0,-0.8297974007367956,1
2017-09-04,104.0,-0.8236357926217542,1
2017-09-05,104.0,-0.8168807963556561,1
2017-09-06,103.00000000000003,-0.9206239147632403,1
2017-09-07,103.00000000000003,-0.9133846986668613,1
2017-09-08,103.0,-0.9061915606817871,1
2017-09-11,104.0,-0.7889718729983727,1
2017-09-12,102.99999999999999,-0.8932986935787799,1
2017-09-13,101.0,-1.1069276385924127,1
2017-09-14,98.0,-1.4275678947670176,1
2017-09-15,96.0,-1.6326430137255856,1
2017-09-18,96.99999999999997,-1.5081434114561274,1
2017-09-19,97.0,-1.494188480737974,1
2017-09-20,93.0,-1.909400102244993,1
2017-09-21,90.99999999999999,-2.0993008985411943,1
2017-09-22,92.0,-1.9674483612115747,1
2017-09-25,90.99999999999997,-2.04857637916885,1
2017-09-26,90.99999999999997,-2.0239490787250665,1
2017-09-27,95.0,-1.5855498070306369,1
2017-09-28,98.00000000000001,-1.258525306371897,1
2017-09-29,94.0,-1.663868697209832,1
2017-10-02,93.00000000000001,-1.7512962190520627,1
2017-10-03,95.00000000000001,-1.5314148949801119,1
2017-10-04,95.00000000000001,-1.5205064238757555,1
2017-10-05,95.00000000000001,-1.5105514731265333,1
2017-10-06,94.00000000000001,-1.604919521763898,1
2017-10-09,94.00000000000001,-1.5920338066770772,1
2017-10-10,93.0,-1.6826290260139678,1
2017-10-11,93.0,-1.669461050993123,1
2017-10-12,90.99999999999999,-1.8607183867182948,1
2017-10-13,90.00000000000001,-1.9458321937691112,1
2017-10-16,86.99999999999999,-2.2371604547541524,1
2017-10-17,82.99999999999999,-2.623217805588916,1
2017-10-18,86.00000000000001,-2.2880001186960643,1
2017-10-19,85.00000000000001,-2.3673250771844443,1
2017-10-20,86.00000000000003,-2.246712284516273,1
2017-10-23,88.00000000000003,-2.03459980367797,1
2017-10-24,87.00000000000001,-2.1283683206378123,1
2017-10-25,89.00000000000001,-1.9116079528465009,1
2017-10-26,89.00000000000001,-1.9011586319927092,1
2017-10-27,90.00000000000003,-1.8050965158827559,1
2017-10-30,87.99999999999999,-2.0268890450564414,1
2017-10-31,87.00000000000001,-2.1441482013383624,1
2017-11-01,84.00000000000003,-2.4656012570776813,1
2017-11-02,83.0,-2.555042950926717,1
2017-11-03,82.99999999999999,-2.5244005256003934,1
2017-11-06,80.99999999999999,-2.715844210883525,1
2017-11-07,78.0,-2.988670788076827,1
2017-11-08,78.00000000000003,-2.9350187869426745,1
2017-11-09,80.00000000000003,-2.6824699761193953,1
2017-11-10,81.99999999999999,-2.4353945675951953,1
2017-11-13,79.0,-2.706487886026482,1
2017-11-14,77.99999999999999,-2.76167319370751,1
2017-11-15,73.0,-3.2049428181032065,1
2017-11-16,74.00000000000003,-3.0383008163354837,1
2017-11-17,71.99999999999997,-3.167685660406269,1
2017-11-20,69.0,-3.3794143958041194,1
2017-11-21,64.99999999999999,-3.6680311531386405,1
2017-11-22,70.00000000000001,-3.1298598542042764,1
2017-11-23,70.00000000000001,-3.0729128869423206,1
2017-11-24,69.0,-3.1027727849774296,1
2017-11-27,69.99999999999997,-2.9662328909717415,1
2017-11-28,70.00000000000001,-2.9226806562579792,1
2017-11-29,72.00000000000001,-2.7081250958993133,1
2017-11-30,69.0,-2.922512346826941,1
2017-12-01,62.999999999999986,-3.3588004361199117,1
2017-12-04,62.000000000000014,-3.352496415391486,1
2017-12-05,58.00000000000001,-3.580253933302752,1
2017-12-06,60.00000000000001,-3.3267380027504316,1
2017-12-07,61.999999999999964,-3.092847333998793,1
2017-12-08,62.999999999999986,-2.9491264779949105,1
2017-12-11,60.999999999999986,-3.0336528495654647,1
2017-12-12,60.999999999999986,-2.967533496852034,1
2017-12-13,62.000000000000014,-2.834308006741355,1
2017-12-14,56.999999999999986,-3.125495415440781,1
2017-12-15,52.0,-3.390756925129816,1
2017-12-18,57.00000000000003,-2.9736180616511625,1
2017-12-19,58.999999999999986,-2.7809001761239753,1
2017-12-20,63.99999999999997,-2.4020900412789903,1
2017-12-21,58.00000000000001,-2.7536918608563807,1
2017-12-22,57.00000000000003,-2.766100878251936,1
2017-12-25,57.00000000000003,-2.714206345789962,1
2017-12-26,56.999999999999986,-2.664322732012901,1
2017-12-27,52.99999999999998,-2.859971812517456,1
2017-12-28,52.0,-2.8628374003013772,1
2017-12-29,54.0,-2.687967254835889,1
2018-01-01,54.0,-2.6408875904368716,1
2018-01-02,56.00000000000001,-2.4789233982529466,1
2018-01-03,52.99999999999998,-2.610519378717211,1
2018-01-04,52.0,-2.621707807282329,1
2018-01-05,52.0,-2.575864044777356,1
2018-01-08,52.0,-2.5319585298648812,1
2018-01-09,54.999999999999986,-2.326819056896859,1
2018-01-10,56.00000000000001,-2.2387306840995236,1
2018-01-11,59.00000000000003,-2.045979143823834,1
2018-01-12,50.0,-2.5007328694490685,1
2018-01-15,50.0,-2.461098356903371,1
2018-01-16,47.00000000000002,-2.5782480456299335,1
2018-01-17,44.99999999999997,-2.638133443623214,1
2018-01-18,46.99999999999997,-2.4925340024294176,1
2018-01-19,46.0,-2.504046525426677,1
2018-01-22,47.00000000000002,-2.4159826817139467,1
2018-01-23,46.99999999999997,-2.3812262935578627,1
2018-01-24,50.0,-2.2007546068511274,1
2018-01-25,48.0,-2.27029065330249,1
2018-01-26,43.99999999999999,-2.432624016772025,1
2018-01-29,44.99999999999997,-2.3482922637893147,1
2018-01-30,47.00000000000002,-2.219261623732994,1
2018-01-31,43.000000000000014,-2.3773461181079996,1
2018-02-01,44.99999999999997,-2.2485594963784754,1
2018-02-02,50.0,-1.9852031863965505,1
2018-02-05,54.0,-1.7762162944387414,1
2018-02-06,54.0,-1.757541378776504,1
2018-02-07,55.00000000000003,-1.6931968812191784,1
2018-02-08,57.00000000000003,-1.5842762790319818,1
2018-02-09,62.000000000000014,-1.3394992580260596,1
2018-02-12,58.00000000000001,-1.5121924322276008,1
2018-02-13,56.999999999999986,-1.5445750683797135,1
2018-02-14,53.00000000000003,-1.7124708988627915,1
2018-02-15,50.0,-1.83055758733132,1
2018-02-16,50.0,-1.8104457446328197,1
2018-02-19,50.0,-1.7907162939003585,1
2018-02-20,50.0,-1.771424722621201,1
2018-02-21,53.00000000000003,-1.6196822726536577,1
2018-02-22,54.999999999999986,-1.51525391361574,1
2018-02-23,54.0,-1.545359882346229,1
2018-02-26,54.999999999999986,-1.486770526820433,1
2018-02-27,50.0,-1.6921325059203192,1
2018-02-28,48.0,-1.761890965119764,1
2018-03-01,50.99999999999998,-1.6132711406271345,1
2018-03-02,51.00000000000002,-1.5977546616865146,1
2018-03-05,51.00000000000002,-1.5825206796863847,1
2018-03-06,49.00000000000002,-1.653309342661413,1
2018-03-07,50.0,-1.5942822945758819,1
2018-03-08,50.0,-1.5790628246705178,1
2018-03-09,51.00000000000002,-1.5215253197494671,1
2018-03-12,48.99999999999998,-1.592221287068127,1
2018-03-13,48.0,-1.6191905598799847,1
2018-03-14,43.99999999999999,-1.7711863045275247,1
2018-03-15,42.99999999999997,-1.7940966038761317,1
2018-03-16,43.000000000000014,-1.7749514166395948,1
2018-03-19,43.99999999999999,-1.715015808431126,1
2018-03-20,43.000000000000014,-1.7389912501788465,1
2018-03-21,43.000000000000014,-1.7214942284831636,1
2018-03-22,43.000000000000014,-1.7045022063502198,1
2018-03-23,45.000000000000014,-1.6065711187822689,1
2018-03-26,43.99999999999999,-1.6325382974617517,1
2018-03-27,44.99999999999997,-1.576246677880603,1
2018-03-28,41.99999999999999,-1.6829503688508063,1
2018-03-29,41.000000000000014,-1.7068048766532713,1
2018-03-30,41.000000000000014,-1.6902537360438463,1
2018-04-02,42.000000000000036,-1.6341300762028048,1
2018-04-03,41.99999999999999,-1.6190736031896662,1
2018-04-04,41.99999999999999,-1.6044620427388403,1
2018-04-05,42.99999999999997,-1.550247062075197,1
2018-04-06,42.99999999999997,-1.5367747392950772,1
2018-04-09,41.99999999999999,-1.5630018713806393,1
2018-04-10,39.99999999999999,-1.6285663390659193,1
2018-04-11,37.000000000000014,-1.7323426633911116,1
2018-04-12,37.999999999999986,-1.6764566056370507,1
2018-04-13,35.999999999999986,-1.7397556804559895,1
2018-04-16,33.999999999999986,-1.8021600300410376,1
2018-04-17,31.999999999999986,-1.8631757603255195,1
2018-04-18,33.00000000000001,-1.8063950140166947,1
2018-04-19,33.999999999999986,-1.7508172702266984,1
2018-04-20,34.00000000000003,-1.7340559699136482,1
2018-04-23,31.999999999999986,-1.7951990120693226,1
2018-04-24,35.00000000000001,-1.661738481646845,1
2018-04-25,37.000000000000014,-1.5695003930775713,1
2018-04-26,36.00000000000003,-1.5943237968209132,1
2018-04-27,33.00000000000001,-1.6953785728237953,1
2018-04-30,31.999999999999986,-1.717974727679609,1
2018-05-01,31.000000000000007,-1.7407579070716537,1
2018-05-02,34.00000000000003,-1.6106971150354128,1
2018-05-03,34.00000000000003,-1.5971206121955608,1
2018-05-04,34.00000000000003,-1.5842362658233315,1
2018-05-07,34.00000000000003,-1.5709689622907341,1
2018-05-08,31.999999999999986,-1.6339814696291164,1
2018-05-09,32.00000000000003,-1.6198705641717703,1
2018-05-10,29.000000000000004,-1.719933456796602,1
2018-05-11,26.00000000000002,-1.8185136115952092,1
2018-05-14,27.99999999999998,-1.7266322112689598,1
2018-05-15,28.000000000000025,-1.7117244143993882,1
2018-05-16,27.0,-1.7348600840256148,1
2018-05-17,31.000000000000007,-1.5688103214133027,1
2018-05-18,30.00000000000003,-1.594049741537653,1
2018-05-21,30.00000000000003,-1.581018292035043,1
2018-05-22,31.000000000000007,-1.53009328617987,1
2018-05-23,33.999999999999986,-1.4045062428586328,1
2018-05-24,31.000000000000007,-1.5073080644006778,1
2018-05-25,33.00000000000001,-1.4198746041573824,1
2018-05-28,33.00000000000001,-1.4091732203044867,1
2018-05-29,37.999999999999986,-1.208700220345388,1
2018-05-30,33.999999999999986,-1.3519464564461916,1
2018-05-31,31.999999999999986,-1.417794602827718,1
2018-06-01,29.999999999999982,-1.482403594315763,1
2018-06-04,30.00000000000003,-1.4699049296479085,1
2018-06-05,31.000000000000007,-1.4198737494454767,1
2018-06-06,31.999999999999986,-1.3700417944093115,1
2018-06-07,31.000000000000007,-1.396367831560017,1
2018-06-08,31.000000000000007,-1.3843949627204806,1
2018-06-11,30.00000000000003,-1.41036627788532,1
2018-06-12,27.99999999999998,-1.4733621116062572,1
2018-06-13,25.0,-1.5725825479240207,1
2018-06-14,23.99999999999998,-1.595122065619334,1
2018-06-15,23.99999999999998,-1.5804082096161929,1
2018-06-18,25.0,-1.5289426556953747,1
2018-06-19,25.0,-1.5152114349815788,1
2018-06-20,26.00000000000002,-1.4645113807617085,1
2018-06-21,27.0,-1.4146253898604741,1
2018-06-22,27.0,-1.4024143164712255,1
2018-06-25,27.0,-1.390637425832379,1
2018-06-26,27.99999999999998,-1.342367657340168,1
2018-06-27,26.00000000000002,-1.405530102425004,1
2018-06-28,24.00000000000002,-1.4679059865003585,1
2018-06-29,25.0,-1.4192601757076224,1
2018-07-02,24.00000000000002,-1.445196217125102,1
2018-07-03,23.99999999999998,-1.4342419707729313,1
2018-07-04,23.99999999999998,-1.42329692515894,1
2018-07-05,20.999999999999996,-1.5231000901001506,1
2018-07-06,23.0,-1.4373068766186032,1
2018-07-09,20.999999999999996,-1.4998750382237749,1
2018-07-10,20.000000000000018,-1.5246487405823304,1
2018-07-11,20.999999999999996,-1.4755130015081939,1
2018-07-12,20.000000000000018,-1.5008909197989067,1
2018-07-13,20.999999999999996,-1.4533602672464976,1
2018-07-16,20.999999999999996,-1.4440453676034397,1
2018-07-17,21.000000000000043,-1.4342192472807447,1
2018-07-18,22.00000000000002,-1.3872054387021142,1
2018-07-19,21.999999999999975,-1.3781189301501267,1
2018-07-20,25.99999999999998,-1.2190326499168882,1
2018-07-23,27.0,-1.1731894721446,1
2018-07-24,25.0,-1.2405458265549885,1
2018-07-25,24.00000000000002,-1.2701125173955679,1
2018-07-26,24.00000000000002,-1.2616383236194995,1
2018-07-27,25.0,-1.2152044539918603,1
2018-07-30,25.99999999999998,-1.1690484866338577,1
2018-07-31,23.0,-1.2766094921343778,1
2018-08-01,25.99999999999998,-1.1537919545496043,1
2018-08-02,27.0,-1.1077856380498934,1
2018-08-03,27.0,-1.1007764513949343,1
2018-08-06,28.000000000000025,-1.0549984697018913,1
2018-08-07,28.000000000000025,-1.04821658156079,1
2018-08-08,29.000000000000004,-1.0022812488155657,1
2018-08-09,28.000000000000025,-1.0349874227843792,1
2018-08-10,27.99999999999998,-1.0282085563421528,1
2018-08-13,29.999999999999982,-0.9419528587581635,1
2018-08-14,29.000000000000004,-0.9754623119781006,1
2018-08-15,29.999999999999982,-0.9292776260266559,1
2018-08-16,27.99999999999998,-1.004742358389039,1
2018-08-17,27.99999999999998,-0.9990917657898016,1
2018-08-20,29.000000000000004,-0.952533874818901,1
2018-08-21,27.0,-1.0299829203843662,1
2018-08-22,29.000000000000004,-0.9415990479007695,1
2018-08-23,25.0,-1.1044683906377841,1
2018-08-24,25.0,-1.0993722255349603,1
2018-08-27,25.99999999999998,-1.0518978669197077,1
2018-08-28,25.99999999999998,-1.0471908598145754,1
2018-08-29,24.00000000000002,-1.1294541063196302,1
2018-08-30,25.0,-1.081480937717347,1
2018-08-31,27.99999999999998,-0.9447473097603063,1
2018-09-03,27.99999999999998,-0.9395993407992798,1
2018-09-04,29.000000000000004,-0.889470626343355,1
2018-09-05,31.000000000000007,-0.7940950032469283,1
2018-09-06,30.00000000000003,-0.8344525606478761,1
2018-09-07,29.000000000000004,-0.874708147497777,1
2018-09-10,25.99999999999998,-1.007180495989643,1
2018-09-11,25.99999999999998,-1.0015316301389898,1
2018-09-12,23.99999999999998,-1.089040986874442,1
2018-09-13,23.99999999999998,-1.0832484170143295,1
2018-09-14,23.0,-1.1259050787043148,1
2018-09-17,23.99999999999998,-1.074749243449286,1
2018-09-18,26.00000000000002,-0.9739599828422075,1
2018-09-19,27.0,-0.9207502019087923,1
2018-09-20,25.0,-1.014919600103487,1
2018-09-21,25.0,-1.0113221387984226,1
2018-09-24,25.0,-1.0079556832119276,1
2018-09-25,23.99999999999998,-1.0551197728340196,1
2018-09-26,23.0,-1.1031561158064722,1
2018-09-27,23.0,-1.1000943835707349,1
2018-09-28,25.0,-0.9928940257050666,1
2018-10-01,28.000000000000025,-0.8309078842778366,1
2018-10-02,26.00000000000002,-0.933746544152048,1
2018-10-03,27.99999999999998,-0.8215243807690861,1
2018-10-04,30.00000000000003,-0.7073682500911734,1
2018-10-05,33.00000000000001,-0.5371177453664036,1
2018-10-08,33.00000000000001,-0.5312580058650367,1
2018-10-09,32.00000000000003,-0.5818104318118974,1
2018-10-10,34.00000000000003,-0.4624633078195982,1
2018-10-11,31.999999999999986,-0.5719904388775753,1
2018-10-12,31.999999999999986,-0.5670697339336094,1
2018-10-15,33.00000000000001,-0.5026498950263859,1
2018-10-16,29.999999999999982,-0.6790527873279387,1
2018-10-17,31.000000000000007,-0.6140210991924333,1
2018-10-18,33.00000000000001,-0.4847929044176746,1
2018-10-19,33.00000000000001,-0.4789998786647809,1
2018-10-22,33.00000000000001,-0.4731365963136526,1
2018-10-23,36.00000000000003,-0.27111759127464274,1
2018-10-24,39.000000000000014,-0.06401628821475004,1
2018-10-25,37.000000000000014,-0.1889258730317893,1
2018-10-26,40.99999999999997,0.09234918210455584,0
2018-10-29,41.99999999999999,0.17377873584164755,0
2018-10-30,41.99999999999999,0.18811184343758297,0
2018-10-31,41.000000000000014,0.1300888590902047,0
2018-11-01,41.99999999999999,0.2156138738174273,0
2018-11-02,41.99999999999999,0.22738797977225622,0
2018-11-05,40.000000000000036,0.09071524768041338,0
2018-11-06,38.000000000000036,-0.04969488742153962,0
2018-11-07,36.00000000000003,-0.19360171035324963,0
2018-11-08,34.00000000000003,-0.34032644088886704,0
2018-11-09,35.00000000000001,-0.255287160849108,0
2018-11-12,35.00000000000001,-0.24745996043673155,0
2018-11-13,36.999999999999964,-0.07988419553575132,0
2018-11-14,39.99999999999999,0.17254976878950018,0
2018-11-15,41.99999999999999,0.34883661442339,0
2018-11-16,43.000000000000014,0.44770826554151105,0
2018-11-19,44.99999999999997,0.6313280097887989,0
2018-11-20,43.000000000000014,0.4726609451768054,0
2018-11-21,41.99999999999999,0.39727405249528885,0
2018-11-22,41.99999999999999,0.40519180586227976,0
2018-11-23,43.000000000000014,0.5015257075646067,0
2018-11-26,41.99999999999999,0.42484721423485944,0
2018-11-27,42.99999999999997,0.525308854820859,0
2018-11-28,46.99999999999997,0.8935613797405209,0
2018-11-29,48.0,0.9953083234607085,0
2018-11-30,46.0,0.8274762200815745,0
2018-12-03,43.99999999999999,0.6534353224924943,0
2018-12-04,37.000000000000014,0.016097370447309585,0
2018-12-05,37.000000000000014,0.023578033960089197,0
2018-12-06,39.000000000000014,0.21847561574532137,0
2018-12-07,43.99999999999999,0.7026486837987508,0
2018-12-10,41.99999999999999,0.5231313048586251,0
2018-12-11,37.999999999999986,0.14936127071990826,0
2018-12-12,37.999999999999986,0.15785193126945457,0
2018-12-13,41.000000000000014,0.45857208802715405,0
2018-12-14,41.000000000000014,0.46551245447560186,0
2018-12-17,41.99999999999999,0.5700232981404898,0
2018-12-18,41.99999999999999,0.577903763525046,0
2018-12-19,37.999999999999986,0.18855531001670098,0
2018-12-20,37.000000000000014,0.09702437829341806,0
2018-12-21,38.99999999999997,0.30557908274075307,0
2018-12-24,41.99999999999999,0.6159461755974387,0
2018-12-25,41.99999999999999,0.622827030612206,0
2018-12-26,39.000000000000014,0.3234323705781401,0
2018-12-27,44.99999999999997,0.9490752310113695,0
2018-12-28,48.0,1.2691657702426618,0
2018-12-31,51.00000000000002,1.5945627051441298,-1
2019-01-01,51.00000000000002,1.5931250535740287,-1
2019-01-02,48.0,1.282030974295795,-1
2019-01-03,54.999999999999986,2.0002244137696024,-1
2019-01-04,48.99999999999998,1.3717027100431174,-1
2019-01-07,46.00000000000004,1.06109600183691,-1
2019-01-08,41.99999999999999,0.648127990926899,-1
2019-01-09,46.0,1.0651567543105391,-1
2019-01-10,50.0,1.4778000395011532,-1
2019-01-11,52.0,1.6825895403086693,-1
2019-01-14,53.00000000000003,1.778700874331971,-1
2019-01-15,55.00000000000003,1.968495891483641,-1
2019-01-16,52.99999999999998,1.7519221362086492,-1
2019-01-17,48.99999999999998,1.3404050883535346,-1
2019-01-18,46.99999999999997,1.13259774193705,-1
2019-01-21,46.99999999999997,1.1308404776703656,-1
2019-01-22,49.00000000000002,1.3359862795010728,-1
2019-01-23,48.0,1.241039483293729,-1
2019-01-24,49.00000000000002,1.3499258335087272,-1
2019-01-25,47.00000000000002,1.1535396372924753,-1
2019-01-28,48.0,1.2686563180529233,-1
2019-01-29,49.00000000000002,1.3934640621180903,-1
2019-01-30,56.999999999999986,2.237110531837181,-1
2019-01-31,56.00000000000001,2.134247469287544,-1
2019-02-01,52.0,1.7146044347632956,-1
2019-02-04,53.00000000000003,1.814965889214894,-1
2019-02-05,52.0,1.706646649064708,-1
2019-02-06,52.99999999999998,1.8066991232414922,-1
2019-02-07,54.0,1.9044632928384717,-1
2019-02-08,53.00000000000003,1.799927298546317,-1
2019-02-11,52.99999999999998,1.8036209924451478,-1
2019-02-12,52.99999999999998,1.8054349453109746,-1
2019-02-13,51.00000000000002,1.6023717262382544,-1
2019-02-14,52.99999999999998,1.8075699099257247,-1
2019-02-15,50.99999999999998,1.5936809881070055,-1
2019-02-18,50.99999999999998,1.5936809881070049,-1
2019-02-19,52.0,1.6967954779153565,-1
2019-02-20,52.99999999999998,1.7980467466115984,-1
2019-02-21,54.0,1.893994148279954,-1
2019-02-22,54.999999999999986,1.9888966911987531,-1
2019-02-25,54.999999999999986,1.9797785491407036,-1
2019-02-26,55.99999999999996,2.0733338112215765,-1
2019-02-27,57.999999999999964,2.2605470175452176,-1
2019-02-28,56.999999999999986,2.1413023604510943,-1
2019-03-01,56.999999999999986,2.1196252579695325,-1
2019-03-04,56.00000000000001,1.9993615137689436,-1
2019-03-05,55.00000000000003,1.882755630403872,-1
2019-03-06,56.999999999999986,2.0615903819702788,-1
2019-03-07,58.999999999999986,2.232482906048857,-1
2019-03-08,58.00000000000001,2.1115135424133444,-1
2019-03-11,58.999999999999986,2.1832690485675057,-1
2019-03-12,58.999999999999986,2.160506122228836,-1
2019-03-13,60.00000000000001,2.229849095569758,-1
2019-03-14,60.999999999999986,2.2969358369874913,-1
2019-03-15,62.000000000000014,2.357890487645118,-1
2019-03-18,58.999999999999986,2.055956808104007,-1
2019-03-19,60.00000000000001,2.122359393361582,-1
2019-03-20,64.00000000000001,2.450516676315033,-1
2019-03-21,62.000000000000014,2.2411348101835076,-1
2019-03-22,63.99999999999997,2.3853320754874234,-1
2019-03-25,66.00000000000001,2.522618252278384,-1
2019-03-26,67.99999999999997,2.6517733333123843,-1
2019-03-27,64.99999999999999,2.3598657999655908,-1
2019-03-28,60.999999999999986,1.9964297400862154,-1
2019-03-29,58.00000000000001,1.725701701896864,-1
2019-04-01,58.00000000000001,1.7089769823038492,-1
2019-04-02,60.00000000000001,1.8550798820969956,-1
2019-04-03,61.00000000000003,1.915212532564894,-1
2019-04-04,60.00000000000001,1.8125746494327524,-1
2019-04-05,60.00000000000001,1.792741727265771,-1
2019-04-08,60.00000000000001,1.7734611291874638,-1
2019-04-09,60.999999999999986,1.833519612870308,-1
2019-04-10,62.000000000000014,1.8914588647705537,-1
2019-04-11,62.999999999999986,1.9476303263836483,-1
2019-04-12,59.00000000000003,1.6158158983369044,-1
2019-04-15,58.999999999999986,1.6004915382600953,-1
2019-04-16,58.00000000000001,1.5080909614749474,-1
2019-04-17,59.00000000000003,1.5707520787647415,-1
2019-04-18,58.00000000000001,1.4793682628849087,-1
2019-04-19,58.00000000000001,1.4660773417209558,-1
2019-04-22,60.00000000000001,1.6043453508663545,-1
2019-04-23,62.000000000000014,1.7390578363715983,-1
2019-04-24,62.000000000000014,1.7208464256277458,-1
2019-04-25,60.999999999999986,1.6286298575087719,-1
2019-04-26,62.999999999999986,1.7603059710788234,-1
2019-04-29,64.00000000000001,1.815098715180779,-1
2019-04-30,65.00000000000003,1.8688842122848235,-1
2019-05-01,60.999999999999986,1.5570239298323474,-1
2019-05-02,60.00000000000001,1.469561429505979,-1
2019-05-03,60.00000000000001,1.456409686380178,-1
2019-05-06,61.00000000000003,1.5156457321138102,-1
2019-05-07,60.999999999999986,1.5015406308913977,-1
2019-05-08,61.00000000000003,1.4876671557150543,-1
2019-05-09,62.000000000000014,1.545631747994786,-1
2019-05-10,63.000000000000036,1.602323844738519,-1
2019-05-13,64.99999999999999,1.7283752883449535,-1
2019-05-14,65.99999999999997,1.7806081444586546,-1
2019-05-15,67.0,1.8312527790868223,-1
2019-05-16,65.99999999999997,1.741848100195775,-1
2019-05-17,64.99999999999999,1.6543198186161874,-1
2019-05-20,62.000000000000014,1.4305694914096552,-1
2019-05-21,60.999999999999986,1.3487717642404695,-1
2019-05-22,62.999999999999986,1.474872182369594,-1
2019-05-23,64.00000000000001,1.5299398237036426,-1
2019-05-24,62.999999999999986,1.4472842218793955,-1
2019-05-27,62.999999999999986,1.4342552572531464,-1
2019-05-28,64.00000000000001,1.4893357972963202,-1
2019-05-29,64.00000000000001,1.4757243269946503,-1
2019-05-30,62.000000000000014,1.3272989925678802,-1
2019-05-31,65.00000000000001,1.519141705115897,-1
2019-06-03,69.99999999999997,1.8417771602138515,-1
2019-06-04,71.00000000000001,1.8898636158044184,-1
2019-06-05,76.99999999999999,2.2661000889917764,-1
2019-06-06,74.00000000000003,2.0401182173777554,-1
2019-06-07,71.99999999999997,1.8856501470244693,-1
2019-06-10,71.00000000000001,1.8000631894112737,-1
2019-06-11,70.00000000000001,1.7164731265984217,-1
2019-06-12,74.00000000000003,1.9586861856624755,-1
2019-06-13,76.99999999999999,2.1287629475711594,-1
2019-06-14,73.99999999999997,1.9116262818930565,-1
2019-06-17,73.0,1.828179699685829,-1
2019-06-18,71.99999999999997,1.7462596977087692,-1
2019-06-19,77.0,2.046509289063548,-1
2019-06-20,78.99999999999999,2.149258587697629,-1
2019-06-21,78.99999999999999,2.123955697589356,-1
2019-06-24,79.99999999999999,2.1630304359988237,-1
2019-06-25,79.99999999999999,2.1379877131308667,-1
2019-06-26,76.99999999999999,1.9298947085127574,-1
2019-06-27,76.0,1.8504246247359588,-1
2019-06-28,76.0,1.8338091623710715,-1
2019-07-01,75.99999999999997,1.8180977439174726,-1
2019-07-02,75.99999999999997,1.8022645138649938,-1
2019-07-03,73.00000000000001,1.6018618189985805,-1
2019-07-04,73.00000000000001,1.5896262251621982,-1
2019-07-05,70.0,1.3914622919409803,-1
2019-07-08,66.99999999999997,1.1948585468708268,-1
2019-07-09,66.00000000000001,1.1234388100577655,-1
2019-07-10,74.99999999999997,1.6749316490032706,-1
2019-07-11,77.0,1.783985618926881,-1
2019-07-12,78.0,1.829672758386329,-1
2019-07-15,76.99999999999999,1.751548857283137,-1
2019-07-16,75.0,1.6129387380213964,-1
2019-07-17,73.99999999999997,1.537728207114851,-1
2019-07-18,78.0,1.772366405184199,-1
2019-07-19,76.99999999999999,1.6949251260531448,-1
2019-07-22,78.0,1.7410543408554628,-1
2019-07-23,77.99999999999999,1.7252220314563491,-1
2019-07-24,76.0,1.5872838432070224,-1
2019-07-25,75.0,1.512633982335478,-1
2019-07-26,73.99999999999997,1.4388097729982734,-1
2019-07-29,74.99999999999997,1.4884764926364709,-1
2019-07-30,74.0,1.4153404016793565,-1
2019-07-31,68.99999999999997,1.0974865516639731,-1
2019-08-01,76.0,1.5182945030361257,-1
2019-08-02,73.00000000000001,1.322107189165751,-1
2019-08-05,74.99999999999997,1.4345888948033585,-1
2019-08-06,72.0,1.2396636868317727,-1
2019-08-07,70.00000000000001,1.107408166343894,-1
2019-08-08,71.0,1.1612047060336905,-1
2019-08-09,68.99999999999997,1.0290586541903375,-1
2019-08-12,65.00000000000001,0.7733911546425299,-1
2019-08-13,57.999999999999986,0.3285667234916139,-1
2019-08-14,51.99999999999998,-0.05633289727756288,0
2019-08-15,56.00000000000001,0.19071761165306506,0
2019-08-16,58.999999999999986,0.3755596334639872,0
2019-08-19,61.00000000000001,0.4977325096401565,0
2019-08-20,62.000000000000014,0.5562070356092986,0
2019-08-21,59.999999999999986,0.42039395283650116,0
2019-08-22,60.999999999999986,0.47955268967630227,0
2019-08-23,62.000000000000014,0.5390670481196014,0
2019-08-26,61.00000000000001,0.46731736000414154,0
2019-08-27,57.00000000000001,0.19684040851407875,0
2019-08-28,56.999999999999986,0.1899795055435537,0
2019-08-29,57.00000000000001,0.18304434877951065,0
2019-08-30,57.00000000000001,0.17568251080687053,0
2019-09-02,57.00000000000001,0.16822209494692855,0
2019-09-03,59.999999999999986,0.36696377349770865,0
2019-09-04,64.99999999999999,0.706979454753023,0
2019-09-05,63.000000000000014,0.5616056683524746,0
2019-09-06,60.00000000000001,0.34440111728269535,0
2019-09-09,61.999999999999986,0.47963957598885804,0
2019-09-10,60.999999999999986,0.401734187711791,0
2019-09-11,62.000000000000014,0.4674706766943783,0
2019-09-12,57.00000000000003,0.09559986256145644,0
2019-09-13,62.000000000000014,0.4565856806764427,0
2019-09-16,62.000000000000014,0.4503050063547007,0
2019-09-17,61.00000000000001,0.3683422756531948,0
2019-09-18,57.00000000000001,0.056280450815515616,0
2019-09-19,56.00000000000003,-0.02983211290142166,0
2019-09-20,55.999999999999986,-0.03882090682024486,0
2019-09-23,57.00000000000001,0.03132724657743403,0
2019-09-24,56.999999999999986,0.02397574963415379,0
2019-09-25,58.00000000000001,0.09627160426920983,0
2019-09-26,55.999999999999986,-0.07205845026560997,0
2019-09-27,56.999999999999986,0.0012898753378354012,0
2019-09-30,57.00000000000001,-0.006828370652793504,0
2019-10-01,59.999999999999986,0.23183078196374904,0
2019-10-02,65.99999999999999,0.7218526278793999,0
2019-10-03,70.0,1.0501181752709527,0
2019-10-04,66.99999999999997,0.793306029571818,0
2019-10-07,67.0,0.7877907248290432,0
2019-10-08,68.0,0.8676979177880316,0
2019-10-09,68.00000000000001,0.8624221269201985,0
2019-10-10,68.00000000000001,0.8564377480196425,0
2019-10-11,63.000000000000014,0.41484256180631013,0
2019-10-14,63.000000000000014,0.408514908157911,0
2019-10-15,63.99999999999999,0.490677907096183,0
2019-10-16,65.99999999999999,0.6615072515645077,0
2019-10-17,67.00000000000001,0.7439091020954454,0
2019-10-18,69.0,0.9152169041038846,0
2019-10-21,66.99999999999997,0.7300716420313027,0
2019-10-22,65.99999999999997,0.6342267903998849,0
2019-10-23,67.0,0.7180807267914242,0
2019-10-24,67.99999999999997,0.8026106320910089,0
2019-10-25,67.0,0.7060051182518368,0
2019-10-28,68.0,0.7929892170254672,0
2019-10-29,67.00000000000001,0.6950791476187222,0
2019-10-30,64.99999999999997,0.501986441552612,0
2019-10-31,65.99999999999999,0.590631062855424,0
2019-11-01,65.99999999999999,0.5845800042206991,0
2019-11-04,67.0,0.6743512676290361,0
2019-11-05,68.0,0.7644072264343325,0
2019-11-06,67.0,0.6614136261762972,0
2019-11-07,65.99999999999999,0.5581927665751057,0
2019-11-08,69.00000000000001,0.844779147890363,0
2019-11-11,69.00000000000001,0.8385699272114733,0
2019-11-12,66.00000000000001,0.5366388179020223,0
2019-11-13,67.0,0.6297426005124264,0
2019-11-14,68.00000000000001,0.7233558335261737,0
2019-11-15,66.00000000000001,0.5169654519491357,0
2019-11-18,67.0,0.611573747459807,0
2019-11-19,62.999999999999986,0.20222659353742686,0
2019-11-20,62.000000000000014,0.09423488707528574,0
2019-11-21,62.000000000000014,0.08515426685569068,0
2019-11-22,60.00000000000001,-0.13224816335634212,0
2019-11-25,58.999999999999986,-0.24767640585546316,0
2019-11-26,60.00000000000001,-0.14977531940411343,0
2019-11-27,56.00000000000001,-0.5855691352930076,0
2019-11-28,56.00000000000001,-0.6004370402215943,0
2019-11-29,58.999999999999986,-0.287806609757859,0
2019-12-02,62.999999999999986,0.14363562062767862,0
2019-12-03,62.999999999999986,0.13537623110574223,0
2019-12-04,62.000000000000014,0.014392855038559759,0
2019-12-05,62.000000000000014,0.0054529358990897,0
2019-12-06,62.000000000000014,-0.005536879556904647,0
2019-12-09,60.00000000000001,-0.2529951435846101,0
2019-12-10,57.999999999999986,-0.5058612573122075,0
2019-12-11,59.00000000000001,-0.39851928666901254,0
2019-12-12,58.999999999999986,-0.4115975650709229,0
2019-12-13,59.999999999999986,-0.3039364351322117,0
2019-12-16,57.999999999999986,-0.5653056404574887,0
2019-12-17,60.00000000000001,-0.32125611853209385,0
2019-12-18,61.00000000000001,-0.20024370308262576,0
2019-12-19,62.000000000000014,-0.07872029741145868,0
2019-12-20,60.999999999999986,-0.2147952325857279,0
2019-12-23,60.00000000000001,-0.34682398735027187,0
2019-12-24,61.00000000000001,-0.2252612797439114,0
2019-12-25,61.00000000000001,-0.23520087690363123,0
2019-12-26,61.00000000000001,-0.24878443578197557,0
2019-12-27,63.99999999999999,0.1424688390473013,0
2019-12-30,65.99999999999999,0.4051900785398323,0
2019-12-31,70.00000000000001,0.9390145173833603,0
2020-01-01,70.00000000000001,0.9317356954802688,0
2020-01-02,66.00000000000001,0.38311894350109305,0
2020-01-03,66.99999999999997,0.5134355840379673,0
2020-01-06,66.99999999999997,0.5072732380030225,0
2020-01-07,69.0,0.7774082978602586,0
2020-01-08,68.00000000000001,0.633092559042324,0
2020-01-09,73.0,1.327033399464795,0
2020-01-10,64.99999999999999,0.19246305554566015,0
2020-01-13,64.99999999999999,0.18503300425824323,0
2020-01-14,64.00000000000001,0.03225549044850381,0
2020-01-15,62.999999999999986,-0.12282559824006938,0
2020-01-16,62.999999999999986,-0.13222935530461766,0
2020-01-17,66.00000000000001,0.3073553605486167,0
2020-01-20,66.00000000000001,0.3022500085652971,0
2020-01-21,65.99999999999999,0.29581531036863984,0
2020-01-22,65.00000000000001,0.1397553039116787,0
2020-01-23,63.000000000000014,-0.16893517526440718,0
2020-01-24,63.000000000000014,-0.1759368956300247,0
2020-01-27,60.999999999999986,-0.4869914471359185,0
2020-01-28,63.000000000000014,-0.18811575501670538,0
2020-01-29,63.99999999999999,-0.041167515174621694,0
2020-01-30,65.00000000000001,0.1069486336607758,0
2020-01-31,67.0,0.4120519468729188,0
2020-02-03,65.99999999999997,0.24841872644573712,0
2020-02-04,66.00000000000001,0.24116458774289834,0
2020-02-05,68.00000000000001,0.5542421614551807,0
2020-02-06,65.99999999999999,0.22530884169792628,0
2020-02-07,63.99999999999999,-0.10697637341673795,0
2020-02-10,64.99999999999999,0.04957509732807821,0
2020-02-11,64.99999999999999,0.04327241526643249,0
2020-02-12,63.99999999999999,-0.12851318247282428,0
2020-02-13,63.99999999999999,-0.1343524266526607,0
2020-02-14,62.000000000000014,-0.4715717095690353,0
2020-02-17,62.000000000000014,-0.47630317318783094,0
2020-02-18,61.00000000000001,-0.6483019982686041,0
2020-02-19,59.999999999999986,-0.8215914222028063,0
2020-02-20,59.999999999999986,-0.8284071964582412,0
2020-02-21,59.999999999999986,-0.8322493699245381,0
2020-02-24,63.000000000000014,-0.32648366121374983,0
2020-02-25,64.00000000000001,-0.1609814942966689,0
2020-02-26,67.00000000000001,0.34558825208763394,0
2020-02-27,68.0,0.5110498309293399,0
2020-02-28,75.99999999999999,1.858204835016437,-1
2020-03-02,77.99999999999999,2.1683405335056998,-1
2020-03-03,86.99999999999999,3.5763600618881193,-1
2020-03-04,92.0,4.226347071143192,-1
2020-03-05,89.0,3.637126208044323,-1
2020-03-06,67.0,0.2320390491196857,-1
2020-03-09,53.0,-1.9150623304955852,0
2020-03-10,65.0,-0.0719509372892463,0
2020-03-11,64.0,-0.22436976641781983,0
2020-03-12,83.0,2.6485887440832023,-1
2020-03-13,86.00000000000001,3.0331608002760566,-1
2020-03-16,85.00000000000001,2.826700600118881,-1
2020-03-17,96.99999999999999,4.393016468520513,-1
2020-03-18,98.0,4.348384727351481,-1
2020-03-19,112.00000000000001,5.797733143968303,-1
2020-03-20,103.0,4.453077315661425,-1
2020-03-23,95.0,3.386935858426173,-1
2020-03-24,86.99999999999999,2.3975534320948135,-1
2020-03-25,88.99999999999999,2.5872675576766904,-1
2020-03-26,90.99999999999999,2.765175805473909,-1
2020-03-27,88.00000000000001,2.3835842504248377,-1
2020-03-30,92.0,2.7809767648331465,-1
2020-03-31,98.00000000000001,3.360408687811006,-1
2020-04-01,90.0,2.44722232642837,-1
2020-04-02,87.0,2.0961567961667678,-1
2020-04-03,85.0,1.860442904188237,-1
2020-04-06,83.0,1.6309468306653352,-1
2020-04-07,84.00000000000001,1.71982466268415,-1
2020-04-08,90.00000000000001,2.321228400444087,-1
2020-04-09,94.00000000000001,2.6903254214329473,-1
2020-04-10,94.00000000000001,2.6416054182776847,-1
2020-04-13,95.0,2.693016830290173,-1
2020-04-14,99.0,3.0266382516103847,-1
2020-04-15,93.0,2.3941593363077245,-1
2020-04-16,86.0,1.6912738084498062,-1
2020-04-17,91.0,2.1488195208686984,-1
2020-04-20,88.0,1.838450982487439,-1
2020-04-21,82.99999999999999,1.3464427124850415,-1
2020-04-22,85.0,1.523666841746181,-1
2020-04-23,81.0,1.1324591852139199,-1
2020-04-24,81.0,1.1233972812626303,-1
2020-04-27,84.00000000000001,1.3966855242494003,-1
2020-04-28,83.0,1.2907794900311813,-1
2020-04-29,88.0,1.7456121771612294,-1
2020-04-30,92.0,2.0944278904775557,-1
2020-05-01,91.0,1.976767185726543,-1
2020-05-04,93.0,2.1329480910267713,-1
2020-05-05,96.00000000000001,2.370914669412558,-1
2020-05-06,104.0,3.0283484382444352,-1
2020-05-07,102.0,2.794403392638099,-1
2020-05-08,105.99999999999999,3.073882450826032,-1
2020-05-11,106.99999999999999,3.0868353997812488,-1
2020-05-12,103.99999999999999,2.7773506780284154,-1
2020-05-13,104.0,2.7246928197845333,-1
2020-05-14,99.0,2.279241407316201,-1
2020-05-15,101.0,2.4035756490991886,-1
2020-05-18,106.0,2.7528100063746206,-1
2020-05-19,108.0,2.8520569356109218,-1
2020-05-20,105.99999999999999,2.64672325573338,-1
2020-05-21,104.99999999999999,2.5263767798879404,-1
2020-05-22,103.0,2.340999727433845,-1
2020-05-25,103.0,2.3074821301383825,-1
2020-05-26,108.0,2.6319685495736573,-1
2020-05-27,109.99999999999999,2.7260689671259946,-1
2020-05-28,112.99999999999999,2.8818050333474403,-1
2020-05-29,110.99999999999999,2.689400896902125,-1
2020-06-01,114.99999999999999,2.9092274302983787,-1
2020-06-02,115.99999999999999,2.9158126417038708,-1
2020-06-03,118.00000000000001,2.984542014773722,-1
2020-06-04,121.0,3.1092593195173768,-1
2020-06-05,121.0,3.040410282392485,-1
2020-06-08,120.0,2.915847342882801,-1
2020-06-09,119.0,2.7986819492302617,-1
2020-06-10,120.0,2.806352772034861,-1
2020-06-11,108.99999999999999,2.1101273259232904,-1
2020-06-12,111.99999999999999,2.2597752354685556,-1
2020-06-15,111.99999999999999,2.2288000146389626,-1
2020-06-16,120.0,2.654176047519576,-1
2020-06-17,118.0,2.495997427423935,-1
2020-06-18,112.99999999999999,2.1782688510611776,-1
2020-06-19,113.99999999999999,2.20439975143608,-1
2020-06-22,111.99999999999999,2.0647531066478604,-1
2020-06-23,115.99999999999999,2.2558840623660394,-1
2020-06-24,110.99999999999999,1.954385000109602,-1
2020-06-25,110.99999999999999,1.9310544341178517,-1
2020-06-26,107.0,1.6953746169166501,-1
2020-06-29,110.99999999999999,1.891999775818962,-1
2020-06-30,111.99999999999999,1.9243654048322296,-1
2020-07-01,111.99999999999999,1.9029926106478514,-1
2020-07-02,113.99999999999999,1.9853940784939814,-1
2020-07-03,113.99999999999999,1.9617984189090958,-1
2020-07-06,113.99999999999999,1.9395746579780513,-1
2020-07-07,108.99999999999999,1.6636443529878397,-1
2020-07-08,108.99999999999999,1.6482646501046017,-1
2020-07-09,104.0,1.38048315356577,-1
2020-07-10,103.0,1.3191437496229226,-1
2020-07-13,103.0,1.3089932263599098,-1
2020-07-14,102.0,1.2486074917464893,-1
2020-07-15,105.0,1.3894136024402326,-1
2020-07-16,103.0,1.2784016887025205,-1
2020-07-17,104.0,1.3176808694329243,-1
2020-07-20,103.0,1.2580981493736478,-1
2020-07-21,104.0,1.2977627128758835,-1
2020-07-22,102.0,1.189293546142198,-1
2020-07-23,97.0,0.9340972278320716,-1
2020-07-24,96.0,0.8782235636916835,-1
2020-07-27,95.0,0.8229754478175888,-1
2020-07-28,96.0,0.8663053283357068,-1
2020-07-29,99.0,1.0070220137853385,-1
2020-07-30,97.0,0.9008681094395916,-1
2020-07-31,99.0,0.9921432411676672,-1
2020-08-03,101.0,1.0826810953022425,-1
2020-08-04,100.0,1.0249387142012878,-1
2020-08-05,100.0,1.016840564372226,-1
2020-08-06,99.0,0.959691772953564,-1
2020-08-07,100.0,1.0012412064339582,-1
2020-08-10,101.0,1.042438387027458,-1
2020-08-11,105.0,1.2301977754363354,-1
2020-08-12,107.0,1.317791672475367,-1
2020-08-13,109.99999999999999,1.4531300821267392,-1
2020-08-14,115.99999999999999,1.7313900437695167,-1
2020-08-17,113.99999999999999,1.6179693432715794,-1
2020-08-18,112.99999999999999,1.5548470989656886,-1
2020-08-19,112.99999999999999,1.5409488031204674,-1
2020-08-20,111.99999999999999,1.4788379429130074,-1
2020-08-21,108.0,1.2733748536409522,-1
2020-08-24,107.0,1.2147476212171455,-1
2020-08-25,108.99999999999999,1.3008813467762186,-1
2020-08-26,112.99999999999999,1.4812069673644601,-1
2020-08-27,119.0,1.7529977256840679,-1
2020-08-28,124.0,1.9702928776837403,-1
2020-08-31,121.0,1.8081860040446953,-1
2020-09-01,117.0,1.6019777004174998,-1
2020-09-02,111.99999999999999,1.3526349610090482,-1
2020-09-03,110.00000000000001,1.2474287706375204,-1
2020-09-04,115.99999999999999,1.5187377476939226,-1
2020-09-07,115.99999999999999,1.505888994359582,-1
2020-09-08,114.99999999999999,1.4465784218880557,-1
2020-09-09,117.0,1.5278629371109416,-1
2020-09-10,117.0,1.5148145194849214,-1
2020-09-11,115.99999999999999,1.4552989689319078,-1
2020-09-14,114.99999999999999,1.396956199592683,-1
2020-09-15,115.99999999999999,1.4322593696560797,-1
2020-09-16,117.0,1.4671197276149686,-1
2020-09-17,114.99999999999999,1.361713346565112,-1
2020-09-18,115.99999999999999,1.396410794966026,-1
2020-09-21,115.99999999999999,1.3841260161104534,-1
2020-09-22,114.99999999999999,1.3259379089278185,-1
2020-09-23,113.99999999999999,1.2685615200918938,-1
2020-09-24,112.99999999999999,1.211900377426262,-1
2020-09-25,113.99999999999999,1.2480123585334413,-1
2020-09-28,115.99999999999999,1.3295280149435145,-1
2020-09-29,117.0,1.364374789415297,-1
2020-09-30,118.0,1.3987410868485242,-1
2020-10-01,118.0,1.3868341329763438,-1
2020-10-02,120.0,1.46606412288837,-1
2020-10-05,124.0,1.6344243132117684,-1
2020-10-06,124.0,1.6184460445621107,-1
2020-10-07,125.0,1.647928411263024,-1
2020-10-08,124.0,1.5872252241868703,-1
2020-10-09,124.0,1.5723040291675083,-1
2020-10-12,124.0,1.5575466668299018,-1
2020-10-13,121.0,1.4094978684177601,-1
2020-10-14,120.0,1.3526931799374646,-1
2020-10-15,120.0,1.3412541510258955,-1
2020-10-16,120.0,1.3301362633923872,-1
2020-10-19,121.0,1.3634769244031821,-1
2020-10-20,126.0,1.5732670394961463,-1
2020-10-21,126.00000000000003,1.5587349224923053,-1
2020-10-22,129.0,1.676005378172753,-1
2020-10-23,127.0,1.5722801951865395,-1
2020-10-26,124.00000000000003,1.426751565755958,-1
2020-10-27,123.0,1.3705685797971794,-1
2020-10-28,122.0,1.315185576662747,-1
2020-10-29,124.00000000000003,1.3917215931339462,-1
2020-10-30,127.0,1.5105061147980245,-1
2020-11-02,125.0,1.4101753961492605,-1
2020-11-03,127.0,1.4850659422817973,-1
2020-11-04,122.0,1.2553445758936759,-1
2020-11-05,121.0,1.202174549589895,-1
2020-11-06,124.00000000000003,1.3235566700084738,-1
2020-11-09,129.0,1.5303012928237165,-1
2020-11-10,129.0,1.5180980022071713,-1
2020-11-11,129.0,1.5063484854777978,-1
2020-11-12,123.99999999999997,1.2774925503152177,-1
2020-11-13,124.0,1.2690047010130767,-1
2020-11-16,125.0,1.3043872945668213,-1
2020-11-17,123.0,1.2075645399312294,-1
2020-11-18,122.00000000000001,1.1546924172937154,-1
2020-11-19,119.0,1.0140275475064973,-1
2020-11-20,114.99999999999999,0.8295554924839356,-1
2020-11-23,117.0,0.911814784668177,-1
2020-11-24,121.0,1.0829657539340412,-1
2020-11-25,123.0,1.1646775178203028,-1
2020-11-26,123.0,1.157164799237873,-1
2020-11-27,120.00000000000001,1.0148583570967042,-1
2020-11-30,122.00000000000001,1.0982541164072879,-1
2020-12-01,124.0,1.1814001252056436,-1
2020-12-02,128.0,1.3553664171769984,-1
2020-12-03,127.0,1.3010876662507738,-1
2020-12-04,131.0,1.474337205784312,-1
2020-12-07,129.0,1.3729351398911223,-1
2020-12-08,127.99999999999999,1.3182343104063168,-1
2020-12-09,128.0,1.3100139356470033,-1
2020-12-10,125.99999999999997,1.209667266152359,-1
2020-12-11,125.99999999999997,1.2021353576804614,-1
2020-12-14,125.99999999999997,1.1947390150092676,-1
2020-12-15,127.99999999999999,1.2798805703949825,-1
2020-12-16,129.0,1.317588667468203,-1
2020-12-17,129.99999999999997,1.3542601543328034,-1
2020-12-18,131.0,1.3906077621079396,-1
2020-12-21,129.0,1.2875419225038578,-1
2020-12-22,127.99999999999999,1.231795182245778,-1
2020-12-23,131.99999999999997,1.4110851345947595,-1
2020-12-24,129.0,1.25983384393686,-1
2020-12-25,129.0,1.2511500916751919,-1
2020-12-28,129.0,1.2417202176135065,-1
2020-12-29,129.99999999999997,1.2812817378201617,-1
2020-12-30,129.0,1.225861250462514,-1
2020-12-31,129.0,1.2186408208549886,-1
2021-01-01,129.0,1.2118361328532916,-1
2021-01-04,129.99999999999997,1.2533618201890104,-1
2021-01-05,131.99999999999997,1.3424166429609417,-1
2021-01-06,138.0,1.6242973347999365,-1
2021-01-07,139.0,1.661846262628908,-1
2021-01-08,138.0,1.6028363035210815,-1
2021-01-11,138.0,1.5939899559530393,-1
2021-01-12,138.0,1.585445297830348,-1
2021-01-13,134.0,1.3816687682829087,-1
2021-01-14,139.0,1.6221917881969512,-1
2021-01-15,139.0,1.61359179743339,-1
2021-01-18,139.0,1.604819127194516,-1
2021-01-19,139.0,1.5954112113604284,-1
2021-01-20,139.0,1.5867627347881055,-1
2021-01-21,142.00000000000003,1.728858558436963,-1
2021-01-22,141.0,1.6678494638411991,-1
2021-01-25,138.0,1.5074946016892616,-1
2021-01-26,138.0,1.501474779453813,-1
2021-01-27,138.0,1.4952748930159048,-1
2021-01-28,139.0,1.5409042209420822,-1
2021-01-29,142.00000000000003,1.690815700246692,-1
2021-02-01,142.00000000000003,1.684602840387195,-1
2021-02-02,142.00000000000003,1.680202413380098,-1
2021-02-03,146.0,1.8869992264557613,-1
2021-02-04,147.0,1.9354296493833307,-1
2021-02-05,150.0,2.091525617429742,-1
2021-02-08,148.0,1.9797134070102702,-1
2021-02-09,147.0,1.9231009856087364,-1
2021-02-10,146.0,1.8644635433773078,-1
2021-02-11,148.0,1.9706881838050159,-1
2021-02-12,150.99999999999997,2.1288423969596173,-1
2021-02-15,150.99999999999997,2.1187475825485906,-1
2021-02-16,151.00000000000003,2.1021682678534095,-1
2021-02-17,149.00000000000003,1.974082340116381,-1
2021-02-18,152.0,2.1196065203684435,-1
2021-02-19,155.00000000000003,2.25800789574814,-1
2021-02-22,158.0,2.3921860237035206,-1
2021-02-23,162.0,2.59444629331074,-1
2021-02-24,162.0,2.598056118412364,-1
2021-02-25,152.0,2.0346475851856627,-1
2021-02-26,142.0,1.4716420805957386,-1
2021-03-01,152.0,2.026312372237719,-1
2021-03-02,154.0,2.119039966248032,-1
2021-03-03,152.0,1.987216927407072,-1
2021-03-04,152.99999999999997,2.020144026527177,-1
2021-03-05,148.99999999999997,1.775212080489451,-1
2021-03-08,145.00000000000003,1.5352716724889037,-1
2021-03-09,142.99999999999997,1.4103619265580023,-1
2021-03-10,144.00000000000003,1.4540463166768185,-1
2021-03-11,151.0,1.8301064875954403,-1
2021-03-12,154.99999999999997,2.0330238997520285,-1
2021-03-15,153.00000000000003,1.9029587454461314,-1
2021-03-16,154.99999999999997,1.9950772613668946,-1
2021-03-17,162.0,2.352194628668549,-1
2021-03-18,159.00000000000003,2.159160839509372,-1
2021-03-19,155.00000000000003,1.9219086101361802,-1
2021-03-22,150.99999999999997,1.690785152705926,-1
2021-03-23,150.99999999999997,1.6793681769643587,-1
2021-03-24,148.0,1.5068089351834775,-1
2021-03-25,152.0,1.7156374662358196,-1
2021-03-26,152.0,1.7020551109777693,-1
2021-03-29,154.0,1.795484416486945,-1
2021-03-30,148.0,1.454302364813642,-1
2021-03-31,149.00000000000003,1.497173629282118,-1
2021-04-01,144.0,1.2127193329158168,-1
2021-04-02,138.0,0.8761002964478166,-1
2021-04-05,142.0,1.0906781993534966,-1
2021-04-06,144.0,1.1938399008051015,-1
2021-04-07,148.0,1.408155273788514,-1
2021-04-08,146.99999999999997,1.3466168568987973,-1
2021-04-09,146.99999999999997,1.340309560979233,-1
2021-04-12,144.99999999999997,1.2233092554205436,-1
2021-04-13,146.99999999999997,1.3335047886443747,-1
2021-04-14,144.99999999999997,1.2138146614115592,-1
2021-04-15,142.0,1.03600417727701,-1
2021-04-16,142.0,1.0306201367202261,-1
2021-04-19,144.0,1.1416826468631738,-1
2021-04-20,146.0,1.2532031394352725,-1
2021-04-21,144.99999999999997,1.186721749032541,-1
2021-04-22,143.00000000000003,1.0601894638557194,-1
2021-04-23,142.0,0.9924848317767165,-1
2021-04-26,139.0,0.8057260302046756,-1
2021-04-27,141.0,0.9187732076237625,-1
2021-04-28,143.00000000000003,1.0311338095549232,-1
2021-04-29,145.00000000000003,1.1429064322111544,-1
2021-04-30,144.0,1.0743205136572898,-1
2021-05-03,146.0,1.1869826990803145,-1
2021-05-04,145.00000000000003,1.1183459009721068,-1
2021-05-05,145.0,1.109685447589558,-1
2021-05-06,143.00000000000003,0.9804019635999819,-1
2021-05-07,150.99999999999997,1.4544061927611676,-1
2021-05-10,151.99999999999997,1.5024047618557186,-1
2021-05-11,155.0,1.669795779951706,-1
2021-05-12,152.99999999999997,1.5360649544720038,-1
2021-05-13,155.00000000000003,1.641680834898839,-1
2021-05-14,153.00000000000003,1.507152831662411,-1
2021-05-17,152.0,1.433959875107095,-1
2021-05-18,154.0,1.5399120391932877,-1
2021-05-19,150.99999999999997,1.348211409079809,-1
2021-05-20,150.99999999999997,1.3365935985126822,-1
2021-05-21,149.00000000000003,1.2073103391776423,-1
2021-05-24,149.00000000000003,1.1977503278206565,-1
2021-05-25,146.99999999999997,1.0707902433052254,-1
2021-05-26,147.0,1.0626277102585073,-1
2021-05-27,148.0,1.1130415634650555,-1
2021-05-28,146.99999999999997,1.0459294430463215,-1
2021-05-31,146.99999999999997,1.0377701758828526,-1
2021-06-01,148.99999999999997,1.1466038120808875,-1
2021-06-02,147.99999999999997,1.0789640497252324,-1
2021-06-03,146.0,0.9537526447957606,-1
2021-06-04,146.00000000000003,0.9464243622477982,-1
2021-06-07,146.0,0.9389242763030482,-1
2021-06-08,144.0,0.8144863944259837,-1
2021-06-09,142.0,0.6905412226270811,-1
2021-06-10,142.0,0.6847863590950771,-1
2021-06-11,139.0,0.5021811184165753,-1
2021-06-14,139.0,0.49668838496587603,-1
2021-06-15,141.0,0.6092168319549708,-1
2021-06-16,131.0,0.00970444390213585,-1
2021-06-17,121.0,-0.5899754523626539,0
2021-06-18,111.99999999999997,-1.127782657329898,0
2021-06-21,121.0,-0.5924256590767409,0
2021-06-22,123.0,-0.4756492424338123,0
2021-06-23,121.0,-0.5979838492165581,0
2021-06-24,120.00000000000001,-0.6623418950628189,0
2021-06-25,124.00000000000003,-0.4265893430843309,0
2021-06-28,120.00000000000001,-0.674860347120071,0
2021-06-29,121.0,-0.6217110237852626,0
2021-06-30,119.0,-0.7510617539245736,0
2021-07-01,117.99999999999997,-0.8203677986624296,0
2021-07-02,119.0,-0.7653777230004422,0
2021-07-05,119.0,-0.7731540060400861,0
2021-07-06,119.0,-0.7804536487439414,0
2021-07-07,114.99999999999999,-1.0373714850142897,0
2021-07-08,117.0,-0.9192330973270286,0
2021-07-09,120.0,-0.7392838711618054,0
2021-07-12,119.0,-0.8149313861242716,0
2021-07-13,119.0,-0.828311907400493,0
2021-07-14,118.0,-0.9074258078016673,0
2021-07-15,113.99999999999999,-1.1820166389608913,0
2021-07-16,113.99999999999999,-1.19378992086541,0
2021-07-19,111.00000000000001,-1.4051878479590891,0
2021-07-20,119.0,-0.8858327794860863,0
2021-07-21,120.0,-0.8300155722139393,0
2021-07-22,119.0,-0.9098450157353973,0
2021-07-23,120.0,-0.8542688668006542,0
2021-07-26,120.0,-0.8678906642331401,0
2021-07-27,118.0,-1.019697194052662,0
2021-07-28,118.0,-1.0323299920833353,0
2021-07-29,118.0,-1.041640768437565,0
2021-07-30,120.0,-0.9082933692734282,0
2021-08-02,120.00000000000001,-0.9144005887164788,0
2021-08-03,120.00000000000001,-0.9166373116189904,0
2021-08-04,116.00000000000001,-1.20396047966208,0
2021-08-05,114.00000000000001,-1.347820334287555,0
2021-08-06,117.0,-1.135959304649539,0
2021-08-09,117.0,-1.1395232646125228,0
2021-08-10,117.0,-1.1464152655112003,0
2021-08-11,118.0,-1.0825439188805932,0
2021-08-12,119.99999999999997,-0.9449239588155741,0
2021-08-13,114.99999999999999,-1.3100932333347037,0
2021-08-16,117.0,-1.163245935232328,0
2021-08-17,114.99999999999999,-1.302765274788175,0
2021-08-18,111.99999999999999,-1.513095646392917,1
2021-08-19,109.99999999999999,-1.6510436693440524,1
2021-08-20,107.0,-1.8614332932851887,1
2021-08-23,109.00000000000001,-1.7164530334102708,1
2021-08-24,110.99999999999999,-1.5681042141903703,1
2021-08-25,112.00000000000001,-1.492902095035468,1
2021-08-26,110.00000000000001,-1.6313844882814958,1
2021-08-27,111.99999999999999,-1.484207136318357,1
2021-08-30,112.99999999999999,-1.4096762221031016,1
2021-08-31,114.99999999999999,-1.266427838562182,1
2021-09-01,113.99999999999999,-1.3368878376541689,1
2021-09-02,111.99999999999999,-1.4759414748657576,1
2021-09-03,115.99999999999999,-1.190859414882042,1
2021-09-06,115.99999999999999,-1.1915554183503316,1
2021-09-07,117.0,-1.121100868793171,1
2021-09-08,113.99999999999999,-1.332964244837223,1
2021-09-09,110.99999999999999,-1.5426148420079642,1
2021-09-10,112.00000000000001,-1.4699244683133823,1
2021-09-13,109.99999999999999,-1.6088447065705664,1
2021-09-14,106.0,-1.8830447297663522,1
2021-09-15,106.0,-1.8722152897179694,1
2021-09-16,104.0,-1.9978437768380575,1
2021-09-17,102.99999999999999,-2.0503957036682294,1
2021-09-20,102.0,-2.1009343817937656,1
2021-09-21,102.0,-2.080858930028471,1
2021-09-22,98.00000000000001,-2.3236354902510046,1
2021-09-23,98.0,-2.2935926406496883,1
2021-09-24,102.0,-2.00382358531392,1
2021-09-27,101.0,-2.0481138431576844,1
2021-09-28,104.99999999999999,-1.7687875910964885,1
2021-09-29,107.99999999999999,-1.5608147439286926,1
2021-09-30,110.00000000000001,-1.4228494860444731,1
2021-10-01,110.99999999999999,-1.3519857784546885,1
2021-10-04,109.99999999999999,-1.4104457155327328,1
2021-10-05,112.00000000000001,-1.2760270609517061,1
2021-10-06,109.00000000000001,-1.462167750497015,1
2021-10-07,110.99999999999999,-1.325038480080974,1
2021-10-08,111.00000000000001,-1.3169647844237207,1
2021-10-11,111.00000000000001,-1.3079605841592679,1
2021-10-12,102.0,-1.8635260373139155,1
2021-10-13,95.99999999999997,-2.2158820829753445,1
2021-10-14,97.0,-2.1281981076971235,1
2021-10-15,92.0,-2.4054504550216644,1
2021-10-18,84.99999999999999,-2.7839781535607675,1
2021-10-19,92.0,-2.325642777058973,1
2021-10-20,96.00000000000001,-2.061469401092284,1
2021-10-21,89.99999999999999,-2.382480892559224,1
2021-10-22,86.00000000000001,-2.5758347634714527,1
2021-10-25,89.99999999999999,-2.312627594691199,1
2021-10-26,84.99999999999999,-2.5576863157471217,1
2021-10-27,79.0,-2.8399550511909695,1
2021-10-28,78.0,-2.837658905360391,1
2021-10-29,75.0,-2.9385402921623545,1
2021-11-01,78.0,-2.725865509382177,1
2021-11-02,81.0,-2.524899407868081,1
2021-11-03,81.0,-2.4847094166693307,1
2021-11-04,85.99999999999999,-2.1968145049376586,1
2021-11-05,83.0,-2.3181479085842693,1
2021-11-08,76.0,-2.6292480408741303,1
2021-11-09,75.0,-2.6364147771512987,1
2021-11-10,69.0,-2.876765744416241,1
2021-11-11,69.0,-2.8213911072075586,1
2021-11-12,71.0,-2.67680787276294,1
2021-11-15,74.99999999999997,-2.44928806055918,1
2021-11-16,75.0,-2.4129590459537886,1
2021-11-17,76.0,-2.332900728229997,1
2021-11-18,75.0,-2.3435664197775687,1
2021-11-19,69.0,-2.5690772910517,1
2021-11-22,64.99999999999999,-2.696098796433381,1
2021-11-23,69.0,-2.479027705649199,1
2021-11-24,61.999999999999986,-2.729238951047489,1
2021-11-25,61.999999999999986,-2.678810658716154,1
2021-11-26,67.00000000000001,-2.429216546863446,1
2021-11-29,69.00000000000001,-2.311600333350345,1
2021-11-30,64.00000000000001,-2.476106993453412,1
2021-12-01,62.000000000000014,-2.5145927391747542,1
2021-12-02,55.00000000000001,-2.74151493585621,1
2021-12-03,56.00000000000001,-2.6526357875796167,1
2021-12-06,54.0,-2.679691901274299,1
2021-12-07,54.0,-2.63116599687537,1
2021-12-08,60.00000000000001,-2.3670242691308805,1
2021-12-09,61.00000000000001,-2.295239411061004,1
2021-12-10,62.999999999999986,-2.190238181486478,1
2021-12-13,60.00000000000001,-2.2667867507478525,1
2021-12-14,59.00000000000001,-2.2695114916735584,1
2021-12-15,60.00000000000001,-2.2023408988302866,1
2021-12-16,68.00000000000001,-1.8955248627569568,1
2021-12-17,64.00000000000001,-2.0115102920273813,1
2021-12-20,68.00000000000001,-1.8503176669460446,1
2021-12-21,64.99999999999999,-1.9316125632270733,1
2021-12-22,63.000000000000014,-1.9763023182373716,1
2021-12-23,65.99999999999999,-1.852185080185356,1
2021-12-24,65.99999999999999,-1.831372908540294,1
2021-12-27,61.999999999999986,-1.9432180057498158,1
2021-12-28,62.999999999999986,-1.8874161268956346,1
2021-12-29,67.0,-1.7351446818028697,1
2021-12-30,65.99999999999999,-1.749451140186437,1
2021-12-31,63.99999999999999,-1.7955912762773465,1
2022-01-03,63.99999999999997,-1.7760992485422074,1
2022-01-04,69.99999999999997,-1.5647742973776433,1
2022-01-05,65.99999999999999,-1.6775927253552312,1
2022-01-06,61.999999999999986,-1.7874517655128879,1
2022-01-07,60.999999999999986,-1.7996703208739178,1
2022-01-10,57.999999999999986,-1.87419929994676,1
2022-01-11,57.00000000000001,-1.884165571949212,1
2022-01-12,58.00000000000001,-1.831739551633083,1
2022-01-13,57.999999999999986,-1.8114601057606725,1
2022-01-14,57.00000000000001,-1.8222417292882644,1
2022-01-17,57.00000000000001,-1.8022258811138159,1
2022-01-18,53.00000000000003,-1.9038042374662916,1
2022-01-19,52.0,-1.9121377286326182,1
2022-01-20,52.0,-1.8902533272792532,1
2022-01-21,52.99999999999998,-1.8395171808128206,1
2022-01-24,57.00000000000001,-1.7011808711737608,1
2022-01-25,56.00000000000001,-1.7141204011745068,1
2022-01-26,50.00000000000002,-1.873578502163471,1
2022-01-27,42.99999999999999,-2.0572753151131167,1
2022-01-28,45.99999999999997,-1.9454134414794346,1
2022-01-31,48.99999999999998,-1.8368826712038018,1
2022-02-01,49.00000000000002,-1.8178006840227825,1
2022-02-02,50.99999999999998,-1.741730708576764,1
2022-02-03,48.00000000000002,-1.810459104288403,1
2022-02-04,44.99999999999999,-1.8771455355408462,1
2022-02-07,46.00000000000002,-1.829147963007126,1
2022-02-08,43.99999999999999,-1.8674796182899636,1
2022-02-09,42.99999999999999,-1.877253764636189,1
2022-02-10,33.999999999999986,-2.1115105354359294,1
2022-02-11,40.000000000000014,-1.9213836592544162,1
2022-02-14,39.000000000000014,-1.9287979752430042,1
2022-02-15,43.000000000000014,-1.7961807747140806,1
2022-02-16,43.99999999999999,-1.75082058804296,1
2022-02-17,46.0,-1.6790746003902421,1
2022-02-18,42.000000000000014,-1.773817364065461,1
2022-02-21,42.000000000000014,-1.7568311918401058,1
2022-02-22,39.000000000000014,-1.8217093041607113,1
2022-02-23,40.000000000000014,-1.7755502341484581,1
2022-02-24,43.99999999999997,-1.648685583435386,1
2022-02-25,42.99999999999999,-1.6601427441190115,1
2022-02-28,46.0,-1.5638083507768084,1
2022-03-01,54.999999999999986,-1.3064093600778766,1
2022-03-02,50.00000000000002,-1.4323554883350427,1
2022-03-03,50.00000000000002,-1.421177699233607,1
2022-03-04,51.00000000000002,-1.3838970466069485,1
2022-03-07,48.0,-1.4556397353688237,1
2022-03-08,44.000000000000014,-1.5532421176923203,1
2022-03-09,41.99999999999999,-1.59454311327837,1
2022-03-10,46.0,-1.4723742735710494,1
2022-03-11,39.99999999999999,-1.6229254594431457,1
2022-03-14,37.000000000000014,-1.6902793007974501,1
2022-03-15,39.000000000000014,-1.6215225252269967,1
2022-03-16,27.99999999999998,-1.904347330981768,1
2022-03-17,33.00000000000001,-1.7510362925113367,1
2022-03-18,27.99999999999998,-1.8686376864770111,1
2022-03-21,21.999999999999975,-2.0089019426276744,1
2022-03-22,20.999999999999996,-2.012091866121357,1
2022-03-23,18.000000000000014,-2.0681168943911477,1
2022-03-24,13.999999999999968,-2.1486158281449534,1
2022-03-25,5.000000000000027,-2.35591374332498,1
2022-03-28,2.9999999999999805,-2.3757267472375196,1
2022-03-29,3.999999999999959,-2.3184961369229273,1
2022-03-30,4.0000000000000036,-2.2880602597784723,1
2022-03-31,2.0000000000000018,-2.3091483548768155,1
2022-04-01,-10.999999999999988,-2.600952391830483,1
2022-04-04,-8.000000000000007,-2.4865975884653135,1
2022-04-05,-12.00000000000001,-2.5468928829650745,1
2022-04-06,-7.000000000000028,-2.3882549778017133,1
2022-04-07,-1.000000000000023,-2.212111434233489,1
2022-04-08,0.0,-2.161199901486077,1
2022-04-11,4.999999999999982,-2.0161747652203177,1
2022-04-12,15.99999999999997,-1.7317420170783278,1
2022-04-13,14.999999999999991,-1.7389922439755676,1
2022-04-14,12.99999999999999,-1.7700774634174201,1
2022-04-15,12.99999999999999,-1.7533669011551414,1
2022-04-18,16.000000000000014,-1.666266501720781,1
2022-04-19,9.999999999999964,-1.7933751504256683,1
2022-04-20,2.9999999999999805,-1.9413978234117548,1
2022-04-21,-2.0000000000000018,-2.0385963122321273,1
2022-04-22,1.000000000000023,-1.947011305115404,1
2022-04-25,4.0000000000000036,-1.8573501573109692,1
2022-04-26,6.999999999999984,-1.7710011893021496,1
2022-04-27,10.000000000000009,-1.686408830100644,1
2022-04-28,6.000000000000005,-1.7666870831424553,1
2022-04-29,4.0000000000000036,-1.7988285306418221,1
2022-05-02,6.000000000000005,-1.7379881456839559,1
2022-05-03,2.0000000000000018,-1.8172714598776791,1
2022-05-04,7.999999999999963,-1.6627989964640093,1
2022-05-05,14.000000000000012,-1.510701984098382,1
2022-05-06,16.999999999999993,-1.4298681937785085,1
2022-05-09,23.99999999999998,-1.255663355773938,1
2022-05-10,20.999999999999996,-1.318156596399978,1
2022-05-11,15.99999999999997,-1.427574560980345,1
2022-05-12,18.999999999999993,-1.346713650328502,1
2022-05-13,20.999999999999996,-1.2902052566276747,1
2022-05-16,25.99999999999998,-1.1626398938096798,1
2022-05-17,20.999999999999996,-1.2747495411950225,1
2022-05-18,17.99999999999997,-1.3384726940021197,1
2022-05-19,20.999999999999996,-1.2580220408824931,1
2022-05-20,19.00000000000004,-1.298550022961538,1
2022-05-23,20.000000000000018,-1.26613324361679,1
2022-05-24,22.00000000000002,-1.2096296344665474,1
2022-05-25,26.00000000000002,-1.104460770997231,1
2022-05-26,29.000000000000004,-1.023753578938374,1
2022-05-27,26.00000000000002,-1.0910126875260968,1
2022-05-30,26.00000000000002,-1.0840288802110405,1
2022-05-31,25.99999999999998,-1.0768688010698688,1
2022-06-01,14.999999999999991,-1.3438610344211837,1
2022-06-02,16.999999999999993,-1.285545195090526,1
2022-06-03,15.99999999999997,-1.301452963440016,1
2022-06-06,16.000000000000014,-1.291340331531524,1
2022-06-07,13.999999999999968,-1.330777147193223,1
2022-06-08,15.000000000000036,-1.2954286070783496,1
2022-06-09,11.000000000000032,-1.3856337834197208,1
2022-06-10,-4.999999999999982,-1.7730426344349774,1
2022-06-13,-14.000000000000012,-1.9784502540027356,1
2022-06-14,-15.99999999999997,-2.0073059603427916,1
2022-06-15,1.000000000000023,-1.5685965212007096,1
2022-06-16,0.0,-1.5801465850833043,1
2022-06-17,-4.0000000000000036,-1.665009797506042,1
2022-06-20,-4.0000000000000036,-1.6501751801016578,1
2022-06-21,1.000000000000023,-1.5131914497963268,1
2022-06-22,2.9999999999999805,-1.4517517158992652,1
2022-06-23,6.999999999999984,-1.3419261140275656,1
2022-06-24,7.999999999999963,-1.306752299708331,1
2022-06-27,6.999999999999984,-1.3213816297212964,1
2022-06-28,4.999999999999982,-1.360829283127593,1
2022-06-29,7.000000000000028,-1.3012310812907084,1
2022-06-30,13.000000000000034,-1.1432370019861169,1
2022-07-01,23.0,-0.8864972560587444,1
2022-07-04,23.0,-0.8795133130822107,1
2022-07-05,23.0,-0.8725736815367534,1
2022-07-06,18.000000000000014,-0.9907847696872261,1
2022-07-07,15.000000000000036,-1.0587917713606214,1
2022-07-08,14.000000000000012,-1.076444020088031,1
2022-07-11,13.000000000000034,-1.094031017286051,1
2022-07-12,12.00000000000001,-1.111705385083544,1
2022-07-13,6.000000000000005,-1.255947455651152,1
2022-07-14,4.999999999999982,-1.272497333822284,1
2022-07-15,5.000000000000027,-1.2636360685493968,1
2022-07-18,8.000000000000007,-1.1785326019562987,1
2022-07-19,2.9999999999999805,-1.298350470640966,1
2022-07-20,-1.000000000000023,-1.3919427230078896,1
2022-07-21,8.000000000000007,-1.151854893170483,1
2022-07-22,12.99999999999999,-1.0150926883390696,1
2022-07-25,14.999999999999991,-0.9560930535715855,1
2022-07-26,13.999999999999968,-0.975366970008838,1
2022-07-27,20.999999999999996,-0.7856926594604067,1
2022-07-28,33.00000000000001,-0.4636334683943677,1
2022-07-29,29.999999999999982,-0.5369456223293618,1
2022-08-01,25.99999999999998,-0.6374444895119554,1
2022-08-02,14.999999999999991,-0.925645419632759,1
2022-08-03,10.000000000000009,-1.0534555317037513,1
2022-08-04,21.000000000000043,-0.7499561281636402,1
2022-08-05,8.999999999999986,-1.0689024336137316,1
2022-08-08,8.999999999999986,-1.061635915374626,1
2022-08-09,3.999999999999959,-1.1902085477599196,1
2022-08-10,10.999999999999988,-0.9912086439685603,1
2022-08-11,16.999999999999993,-0.8196935665595205,1
2022-08-12,14.999999999999991,-0.8687998428227645,1
2022-08-15,18.999999999999993,-0.7513768436954811,1
2022-08-16,15.99999999999997,-0.8291731986460346,1
2022-08-17,10.999999999999988,-0.9635751117066915,1
2022-08-18,12.00000000000001,-0.9294425776326709,1
2022-08-19,11.000000000000032,-0.9519777344545609,1
2022-08-22,7.000000000000028,-1.0601463768232893,1
2022-08-23,7.999999999999963,-1.0257778805062647,1
2022-08-24,11.999999999999966,-0.9045438987758592,1
2022-08-25,10.000000000000009,-0.9577208348819786,1
2022-08-26,0.9999999999999787,-1.2162611491917712,1
2022-08-29,-2.0000000000000018,-1.2981537641878247,1
2022-08-30,-4.0000000000000036,-1.3508381762299861,1
2022-08-31,-2.9999999999999805,-1.314189668149701,1
2022-09-01,-2.0000000000000018,-1.2769800589191933,1
2022-09-02,5.000000000000027,-1.0597887932557664,1
2022-09-05,5.000000000000027,-1.0535261910591769,1
2022-09-06,6.000000000000005,-1.0168469758837424,1
2022-09-07,4.999999999999982,-1.0412079239834533,1
2022-09-08,6.000000000000005,-1.0042853219140044,1
2022-09-09,2.0000000000000018,-1.1213119164168883,1
2022-09-12,5.999999999999961,-0.9904329091646915,1
2022-09-13,-7.000000000000028,-1.3895544580199015,1
2022-09-14,-12.99999999999999,-1.5687879601951993,1
2022-09-15,-18.000000000000014,-1.7168311369850187,1
2022-09-16,-10.000000000000009,-1.4579192192678714,1
2022-09-19,-16.999999999999993,-1.674028172065216,1
2022-09-20,-16.000000000000014,-1.6364819638166426,1
2022-09-21,-24.00000000000002,-1.8858735565289138,1
2022-09-22,-26.00000000000002,-1.9429622043086678,1
2022-09-23,-35.00000000000001,-2.2219362629882187,1
2022-09-26,-43.000000000000014,-2.464653553024543,1
2022-09-27,-33.999999999999986,-2.1605726946451123,1
2022-09-28,-21.999999999999975,-1.763155980328207,1
2022-09-29,-27.0,-1.9180035764398626,1
2022-09-30,-26.999999999999957,-1.9057495933861328,1
2022-10-03,-16.999999999999993,-1.5666657319036636,1
2022-10-04,-13.999999999999968,-1.458951945842817,1
2022-10-05,-18.000000000000014,-1.5822140143671757,1
2022-10-06,-23.99999999999998,-1.7727379683416127,1
2022-10-07,-27.99999999999998,-1.8966197219486842,1
2022-10-10,-27.99999999999998,-1.8838715025575243,1
2022-10-11,-21.999999999999975,-1.6702852147083935,1
2022-10-12,-22.00000000000002,-1.6611167626115688,1
2022-10-13,-23.99999999999998,-1.7177155662525363,1
2022-10-14,-25.99999999999998,-1.7718728423067664,1
2022-10-17,-20.000000000000018,-1.5564977307362091,1
2022-10-18,-16.999999999999993,-1.4439016359032826,1
2022-10-19,-19.99999999999993,-1.535855165860567,1
2022-10-20,-20.999999999999996,-1.5601860733784003,1
2022-10-21,-0.9999999999999787,-0.8680606105137303,1
2022-10-24,4.0000000000000036,-0.689897086038713,1
2022-10-25,0.9999999999999787,-0.7887345476813021,1
2022-10-26,-0.9999999999999787,-0.8527080682659759,1
2022-10-27,3.000000000000025,-0.7056615060515504,1
2022-10-28,-4.0000000000000036,-0.9469323852281303,1
2022-10-31,-4.999999999999982,-0.9755398583376309,1
2022-11-01,-12.99999999999999,-1.252950891601212,1
2022-11-02,-14.999999999999947,-1.3167514298683618,1
2022-11-03,-18.00000000000006,-1.416115042100588,1
2022-11-04,-6.00000000000005,-0.9773486474176485,1
2022-11-07,-4.999999999999982,-0.9351440033741172,1
2022-11-08,-2.999999999999936,-0.855817379496692,1
2022-11-09,4.0000000000000036,-0.5929701607834665,1
2022-11-10,8.000000000000007,-0.4393432500426297,1
2022-11-11,8.000000000000007,-0.4333580809403501,1
2022-11-14,7.000000000000028,-0.4645949098595618,1
2022-11-15,4.999999999999982,-0.5333133690603875,1
2022-11-16,2.0000000000000018,-0.6402097529957083,1
2022-11-17,-4.0000000000000036,-0.8609850695903608,1
2022-11-18,-7.000000000000028,-0.968156395020198,1
2022-11-21,-6.000000000000005,-0.9227889790015074,1
2022-11-22,-10.000000000000009,-1.0678696378760297,1
2022-11-23,-13.999999999999968,-1.2119602291261367,1
2022-11-24,-13.999999999999968,-1.2028295742234927,1
2022-11-25,-10.999999999999988,-1.0800911359891778,1
2022-11-28,-13.999999999999968,-1.1876902721153015,1
2022-11-29,-10.999999999999988,-1.0648458553400773,1
2022-11-30,-2.0000000000000018,-0.7094521154725391,1
2022-12-01,-4.0000000000000036,-0.7810866331771132,1
2022-12-02,-10.999999999999988,-1.0481005887018382,1
2022-12-05,-17.99999999999997,-1.3164527591899478,1
2022-12-06,-20.999999999999996,-1.4264268724898206,1
2022-12-07,-20.000000000000018,-1.37994977040939,1
2022-12-08,-27.0,-1.648636158822533,1
2022-12-09,-18.999999999999993,-1.3215328988639938,1
2022-12-12,-23.0,-1.4743177330895068,1
2022-12-13,-13.000000000000034,-1.0659528765559214,1
2022-12-14,-12.00000000000001,-1.019366878400295,1
2022-12-15,-14.000000000000012,-1.0950307000459687,1
2022-12-16,-8.000000000000007,-0.8438171067488033,1
2022-12-19,-8.000000000000007,-0.8387945715929075,1
2022-12-20,-4.999999999999982,-0.708093800493624,1
2022-12-21,-3.999999999999959,-0.6604637812459778,1
2022-12-22,-6.000000000000005,-0.7410018162588274,1
2022-12-23,-4.0000000000000036,-0.6498235327543317,1
2022-12-26,-4.0000000000000036,-0.6442789484801257,1
2022-12-27,-0.9999999999999787,-0.5067581219112186,1
2022-12-28,0.9999999999999787,-0.41183672776816793,1
2022-12-29,-2.0000000000000018,-0.5395966356695598,1
2022-12-30,-2.0000000000000018,-0.5335839518392095,1
2023-01-02,-2.0000000000000018,-0.5275688081873795,1
2023-01-03,-6.000000000000005,-0.7052457236349482,1
2023-01-04,-4.0000000000000036,-0.6072041510138072,1
2023-01-05,-12.00000000000001,-0.9743131438460044,1
2023-01-06,-2.0000000000000018,-0.4991256764435559,1
2023-01-09,0.0,-0.39808220243130343,1
2023-01-10,2.0000000000000018,-0.2957634904116645,1
2023-01-11,0.9999999999999787,-0.33682519717189957,1
2023-01-12,3.000000000000025,-0.2318951150818366,1
2023-01-13,0.9999999999999787,-0.3233734584955866,1
2023-01-16,0.9999999999999787,-0.31701542687169215,1
2023-01-17,4.0000000000000036,-0.16028807181931584,1
2023-01-18,10.999999999999988,0.2007276158003127,0
2023-01-19,8.999999999999986,0.10838575900784063,0
2023-01-20,10.000000000000009,0.16958218316040358,0
2023-01-23,8.000000000000007,0.07512169350959579,0
2023-01-24,4.0000000000000036,-0.12600880101682013,0
2023-01-25,8.000000000000007,0.09302014093884328,0
2023-01-26,4.0000000000000036,-0.11159377979319522,0
2023-01-27,2.0000000000000018,-0.21145650960026977,0
2023-01-30,-2.0000000000000018,-0.421060962530553,0
2023-01-31,2.0000000000000018,-0.19781200354628728,0
2023-02-01,6.999999999999984,0.08204586606957864,0
2023-02-02,5.999999999999961,0.03555769440478991,0
2023-02-03,-4.0000000000000036,-0.5114557311634256,0
2023-02-06,-14.000000000000012,-1.0648373908063882,0
2023-02-07,-12.99999999999999,-1.003060183234592,0
2023-02-08,-11.999999999999966,-0.9410631487009185,0
2023-02-09,-12.00000000000001,-0.9351653555275925,0
2023-02-10,-10.000000000000009,-0.8147865970215455,0
2023-02-13,-14.000000000000012,-1.041606245884644,0
2023-02-14,-18.999999999999993,-1.3280225058544766,0
2023-02-15,-18.999999999999993,-1.3247696086526826,0
2023-02-16,-13.999999999999968,-1.0296345332333876,0
2023-02-17,-15.000000000000036,-1.0893474834587489,0
2023-02-20,-15.000000000000036,-1.089285546528184,0
2023-02-21,-18.000000000000014,-1.2774118073201692,0
2023-02-22,-18.999999999999993,-1.3412203195655794,0
2023-02-23,-20.999999999999996,-1.4672191738895752,0
2023-02-24,-26.00000000000002,-1.784775522014403,1
2023-02-27,-23.99999999999998,-1.6558094102478955,1
2023-02-28,-24.999999999999957,-1.716826023452767,1
2023-03-01,-29.999999999999936,-2.036151124745864,1
2023-03-02,-29.000000000000004,-1.9623282302784768,1
2023-03-03,-35.999999999999986,-2.4004144329608077,1
2023-03-06,-34.999999999999964,-2.313284126244,1
2023-03-07,-42.99999999999997,-2.7995858814908376,1
2023-03-08,-46.0,-2.939676753867401,1
2023-03-09,-33.999999999999986,-2.1365161148458873,1
2023-03-10,-25.99999999999998,-1.605919798603825,1
2023-03-13,2.0000000000000018,0.19870325950250295,0
2023-03-14,-0.9999999999999787,0.006906869169045782,0
2023-03-15,11.000000000000032,0.7775968400680744,0
2023-03-16,-1.000000000000023,0.006134180391621804,0
2023-03-17,16.000000000000014,1.0956151181368303,0
2023-03-20,8.999999999999986,0.6434703118467398,0
2023-03-21,0.0,0.0627416459097482,0
2023-03-22,14.000000000000012,0.9555779897285479,0
2023-03-23,27.0,1.7705992746805475,-1
2023-03-24,23.0,1.501300616803675,-1
2023-03-27,18.000000000000014,1.1753786282063723,-1
2023-03-28,14.000000000000012,0.9167220438527203,-1
2023-03-29,10.999999999999988,0.7247528877289744,-1
2023-03-30,8.000000000000007,0.5378959909172389,-1
2023-03-31,6.999999999999984,0.4772686503510532,-1
2023-04-03,12.00000000000001,0.7948585816655434,-1
2023-04-04,20.999999999999996,1.3608194135855853,-1
2023-04-05,20.000000000000018,1.2949807879899233,-1
2023-04-06,16.999999999999993,1.1018168945470714,-1
2023-04-07,11.999999999999966,0.7830109740823771,-1
2023-04-10,10.000000000000009,0.6533400535798276,-1
2023-04-11,8.000000000000007,0.52529014246639,-1
2023-04-12,18.000000000000014,1.14866892152417,-1
2023-04-13,18.000000000000014,1.1434057753746654,-1
2023-04-14,14.000000000000012,0.891010117502213,-1
2023-04-17,12.00000000000001,0.7635960574069453,-1
2023-04-18,10.000000000000009,0.6365225645244607,-1
2023-04-19,8.000000000000007,0.5108409557118806,-1
2023-04-20,12.00000000000001,0.757603017775428,-1
2023-04-21,11.999999999999966,0.7561361027412471,-1
2023-04-24,12.99999999999999,0.8189696685532434,-1
2023-04-25,21.999999999999975,1.3774698009104969,-1
2023-04-26,24.00000000000002,1.5021321782958277,-1
2023-04-27,15.99999999999997,1.006169563483981,-1
2023-04-28,16.000000000000014,1.0061695634839836,-1
2023-05-01,19.99999999999997,1.2552242891006362,-1
2023-05-02,26.00000000000002,1.625425547283834,-1
2023-05-03,33.00000000000001,2.0531515820712047,-1
2023-05-04,43.99999999999999,2.6996332933991836,-1
2023-05-05,34.999999999999964,2.1286766381167967,-1
2023-05-08,34.999999999999964,2.113105115507049,-1
2023-05-09,34.00000000000003,2.0371216529734464,-1
2023-05-10,42.99999999999997,2.547777537030015,-1
2023-05-11,37.000000000000014,2.1728017425884443,-1
2023-05-12,32.999999999999964,1.928467149425334,-1
2023-05-15,37.999999999999986,2.212833677278257,-1
2023-05-16,35.00000000000001,2.026517884386485,-1
2023-05-17,29.999999999999982,1.7296493499367342,-1
2023-05-18,22.00000000000002,1.2635902011849833,-1
2023-05-19,19.00000000000004,1.0857177457797966,-1
2023-05-22,20.000000000000018,1.1427746367143934,-1
2023-05-23,20.000000000000018,1.140754359075796,-1
2023-05-24,22.00000000000002,1.2544660429184997,-1
2023-05-25,10.999999999999988,0.6129296079781542,-1
2023-05-26,4.0000000000000036,0.2066759318525605,-1
2023-05-29,4.0000000000000036,0.2084417789055679,-1
2023-05-30,8.999999999999986,0.49783714781459343,-1
2023-05-31,10.999999999999988,0.6095387001550201,-1
2023-06-01,13.999999999999968,0.7788414057706483,-1
2023-06-02,4.0000000000000036,0.19190477680293297,-1
2023-06-05,7.000000000000028,0.36603425861052274,-1
2023-06-06,2.0000000000000018,0.07163589497278698,-1
2023-06-07,2.0000000000000018,0.07025071569572823,-1
2023-06-08,2.0000000000000018,0.07001742986361295,-1
2023-06-09,-2.9999999999999805,-0.22166864157229457,0
2023-06-12,-2.0000000000000018,-0.1609942482165081,0
2023-06-13,-6.999999999999984,-0.45062428627763057,0
2023-06-14,-15.99999999999997,-0.9713304211107756,0
2023-06-15,-6.000000000000005,-0.38340701662589416,0
2023-06-16,-13.000000000000034,-0.7876566650363385,0
2023-06-19,-13.000000000000034,-0.7815081511925123,0
2023-06-20,-12.99999999999999,-0.7749452902993557,0
2023-06-21,-14.000000000000012,-0.8267550835484249,0
2023-06-22,-15.000000000000036,-0.8784557962392386,0
2023-06-23,-17.000000000000036,-0.9882767410825903,0
2023-06-26,-12.99999999999999,-0.7466533224216915,0
2023-06-27,-17.99999999999997,-1.032892596079201,0
2023-06-28,-16.000000000000014,-0.9080612741345863,0
2023-06-29,-21.999999999999975,-1.25051945874547,0
2023-06-30,-27.99999999999998,-1.5872662848458394,1
2023-07-03,-32.00000000000003,-1.8010182831400146,1
2023-07-04,-32.00000000000003,-1.7815090516446896,1
2023-07-05,-29.999999999999982,-1.64927286492305,1
2023-07-06,-36.00000000000003,-1.9696912013870356,1
2023-07-07,-29.999999999999982,-1.6127933587376615,1
2023-07-10,-20.000000000000018,-1.0380210479279637,1
2023-07-11,-20.999999999999996,-1.08590930713514,1
2023-07-12,-11.000000000000032,-0.5153417008897848,1
2023-07-13,-3.000000000000025,-0.058727833010946716,1
2023-07-14,-10.999999999999988,-0.5066108846965235,1
2023-07-17,-7.999999999999963,-0.3293207808600332,1
2023-07-18,-8.999999999999986,-0.3802621761043133,1
2023-07-19,-14.000000000000012,-0.6625534061595089,1
2023-07-20,-16.999999999999993,-0.8296337361645293,1
2023-07-21,-17.99999999999997,-0.8807708232841206,1
2023-07-24,-20.999999999999996,-1.0467111656515042,1
2023-07-25,-20.000000000000018,-0.9810251032246696,1
2023-07-26,-14.999999999999991,-0.6855043585497449,1
2023-07-27,-18.00000000000006,-0.8535140124039667,1
2023-07-28,-14.999999999999947,-0.6740156613804111,1
2023-07-31,-16.000000000000014,-0.7256581298834638,1
2023-08-01,-12.99999999999999,-0.5459297324273351,1
2023-08-02,-7.000000000000028,-0.1915524291282551,1
2023-08-03,2.000000000000046,0.33783109018839635,0
2023-08-04,5.999999999999961,0.5735164784175136,0
2023-08-07,10.999999999999943,0.8667301511983827,0
2023-08-08,10.000000000000053,0.808548355721844,0
2023-08-09,5.999999999999961,0.5745268907307706,0
2023-08-10,3.000000000000025,0.40016850842210916,0
2023-08-11,-4.0000000000000036,-0.006525615478733003,0
2023-08-14,-7.000000000000028,-0.17898213314533762,0
2023-08-15,-4.0000000000000036,-0.0014003589159190194,0
2023-08-16,-4.0000000000000036,-0.0009335978335518707,0
2023-08-17,-0.9999999999999787,0.17480551077513565,0
2023-08-18,0.0,0.23289467917888038,0
2023-08-21,-0.9999999999999787,0.1738483561841931,0
2023-08-22,-7.000000000000028,-0.1762687590034791,0
2023-08-23,-9.000000000000075,-0.290782437630589,0
2023-08-24,-8.999999999999986,-0.2874331514103771,0
2023-08-25,-14.000000000000057,-0.5773848189509602,0
2023-08-28,-8.999999999999986,-0.2796205473603682,0
2023-08-29,-2.999999999999936,0.07506819852084048,0
2023-08-30,-3.9999999999999147,0.01848827489037078,0
2023-08-31,-3.000000000000025,0.07653036213412102,0
2023-09-01,0.0,0.2505210337341166,0
2023-09-04,0.0,0.24660170288908106,0
2023-09-05,0.9999999999999787,0.303111154175187,0
2023-09-06,-7.000000000000028,-0.17202210200887338,0
2023-09-07,-1.9999999999999574,0.12050811096276294,0
2023-09-08,-5.999999999999961,-0.1208426232211656,0
2023-09-11,-3.000000000000025,0.05200132260690982,0
2023-09-12,-6.00000000000005,-0.13447173381413927,0
2023-09-13,-4.999999999999982,-0.08447905453967275,0
2023-09-14,-3.000000000000025,0.029564646541657455,0
2023-09-15,-3.000000000000025,0.02502435549372118,0
2023-09-18,-5.999999999999961,-0.1644302466145283,0
2023-09-19,-8.000000000000007,-0.2932169764279678,0
2023-09-20,-11.999999999999922,-0.5418246400298973,0
2023-09-21,-5.000000000000071,-0.11164825613190454,0
2023-09-22,-4.0000000000000036,-0.053336811060463014,0
2023-09-25,4.999999999999982,0.49841100312039166,0
2023-09-26,8.000000000000007,0.6785383373666054,0
2023-09-27,6.00000000000005,0.5477715899674899,0
2023-09-28,8.999999999999986,0.7293089708137926,0
2023-09-29,13.000000000000078,0.9726218817962844,0
2023-10-02,8.999999999999986,0.7150269759203661,0
2023-10-03,15.000000000000036,1.0849339261249842,0
2023-10-04,15.000000000000036,1.0763948935044183,0
2023-10-05,20.999999999999996,1.4421753322117927,0
2023-10-06,20.000000000000018,1.3676309602490893,0
2023-10-09,20.000000000000018,1.356379654985024,0
2023-10-10,22.999999999999954,1.5317254245240588,-1
2023-10-11,14.000000000000057,0.9646307975086809,-1
2023-10-12,16.999999999999993,1.1450783750868794,-1
2023-10-13,12.99999999999999,0.8910122847886754,-1
2023-10-16,15.000000000000036,1.0105231165744575,-1
2023-10-17,8.000000000000007,0.5726642648296665,-1
2023-10-18,8.000000000000007,0.5691568643923344,-1
2023-10-19,16.000000000000014,1.0568654165605922,-1
2023-10-20,22.999999999999954,1.4768141311804355,-1
2023-10-23,20.000000000000018,1.2808674267547269,-1
2023-10-24,13.999999999999968,0.9045177657120238,-1
2023-10-25,20.000000000000018,1.2641556902618003,-1
2023-10-26,21.999999999999975,1.3757195159650937,-1
2023-10-27,27.000000000000046,1.6669764918747447,-1
2023-10-30,24.00000000000002,1.4748640781840971,-1
2023-10-31,21.999999999999975,1.3460396460300061,-1
2023-11-01,29.000000000000004,1.7535812981462,-1
2023-11-02,16.999999999999993,1.0277592178680477,-1
2023-11-03,27.999999999999936,1.6718344321220415,-1
2023-11-06,24.00000000000002,1.4210644804559325,-1
2023-11-07,21.999999999999975,1.2915610363485714,-1
2023-11-08,12.99999999999999,0.7534614510240092,-1
2023-11-09,11.999999999999922,0.688981291196275,-1
2023-11-10,8.000000000000007,0.4476589407558888,-1
2023-11-13,8.999999999999986,0.5019538893424363,-1
2023-11-14,19.00000000000004,1.0860915775424793,-1
2023-11-15,16.000000000000014,0.9013654690147339,-1
2023-11-16,20.000000000000018,1.1290263740388864,-1
2023-11-17,13.999999999999968,0.7698701209240774,-1
2023-11-20,12.99999999999999,0.706281177810418,-1
2023-11-21,16.000000000000014,0.8764175591255595,-1
2023-11-22,10.999999999999943,0.5760074863265947,-1
2023-11-23,10.999999999999943,0.5701101413585268,-1
2023-11-24,10.999999999999943,0.564277461235974,-1
2023-11-27,15.000000000000036,0.7954375133134364,-1
2023-11-28,22.999999999999954,1.2624271989941445,-1
2023-11-29,22.000000000000064,1.19399018452282,-1
2023-11-30,23.000000000000043,1.243325185923961,-1
2023-12-01,26.000000000000068,1.4096169108043979,-1
2023-12-04,19.99999999999993,1.0443869240740653,-1
2023-12-05,16.000000000000014,0.8004595461457654,-1
2023-12-06,9.999999999999964,0.4397906236838793,-1
2023-12-07,13.999999999999968,0.6727998361227143,-1
2023-12-08,6.99999999999994,0.254263234306698,-1
2023-12-11,7.000000000000028,0.2513003709564926,-1
2023-12-12,6.99999999999994,0.24875472672656126,-1
2023-12-13,19.00000000000004,0.9555861468379939,-1
2023-12-14,13.000000000000034,0.5956158784812612,-1
2023-12-15,8.999999999999986,0.3562524885788589,-1
2023-12-18,10.999999999999988,0.4717367000925639,-1
2023-12-19,9.00000000000003,0.35048368875656216,-1
2023-12-20,12.00000000000001,0.5249433416970133,-1
2023-12-21,16.000000000000014,0.7565225623949423,-1
2023-12-22,17.99999999999997,0.868876651354113,-1
2023-12-25,17.99999999999997,0.8619673293657387,-1
2023-12-26,14.999999999999991,0.6798763343253175,-1
2023-12-27,17.000000000000036,0.7932745230140762,-1
2023-12-28,14.999999999999991,0.6714493790392011,-1
2023-12-29,19.00000000000004,0.9019599293210248,-1
2024-01-01,19.00000000000004,0.8967745549112005,-1
2024-01-02,14.999999999999991,0.6575671326284371,-1
2024-01-03,14.999999999999991,0.6537766309929991,-1
2024-01-04,15.99999999999997,0.7090208368169165,-1
2024-01-05,19.00000000000004,0.8821769323023277,-1
2024-01-08,19.99999999999997,0.9367595569523036,-1
2024-01-09,20.99999999999995,0.9910304142017315,-1
2024-01-10,20.999999999999996,0.9861979724382363,-1
2024-01-11,27.99999999999998,1.3835889804156323,-1
2024-01-12,36.00000000000003,1.8297464826570966,-1
2024-01-15,36.00000000000003,1.810432709498415,-1
2024-01-16,34.999999999999964,1.7351123176033836,-1
2024-01-17,29.000000000000004,1.3812315066416703,-1
2024-01-18,33.00000000000001,1.59333036338644,-1
2024-01-19,28.000000000000025,1.3017068867589465,-1
2024-01-22,29.000000000000004,1.3479666207168768,-1
2024-01-23,32.00000000000003,1.502219413545446,-1
2024-01-24,35.00000000000006,1.6536869434941428,-1
2024-01-25,37.000000000000014,1.7469454818371588,-1
2024-01-26,33.999999999999986,1.5656206031548363,-1
2024-01-29,33.99999999999994,1.550996286850756,-1
2024-01-30,28.000000000000025,1.2100804155240708,-1
2024-01-31,30.99999999999996,1.3636995800067053,-1
2024-02-01,29.999999999999982,1.2986192215725918,-1
2024-02-02,22.999999999999954,0.9063128059047227,-1
2024-02-05,21.999999999999975,0.8442527506171871,-1
2024-02-06,25.99999999999998,1.056817684011522,-1
2024-02-07,25.0,0.9937390621672937,-1
2024-02-08,24.00000000000002,0.9311795139046276,-1
2024-02-09,23.000000000000043,0.8688823303238471,-1
2024-02-12,24.00000000000002,0.9175618381472258,-1
2024-02-13,15.000000000000036,0.409412351233109,-1
2024-02-14,20.000000000000018,0.6839849948203783,-1
2024-02-15,20.000000000000018,0.6779726356934308,-1
2024-02-16,16.000000000000014,0.4444875387566653,-1
2024-02-19,16.000000000000014,0.438097193410407,-1
2024-02-20,19.00000000000004,0.6064948368319952,-1
2024-02-21,19.00000000000004,0.6014221280351062,-1
2024-02-22,13.999999999999968,0.2972741799958904,-1
2024-02-23,8.999999999999986,-0.018392185899407002,0
2024-02-26,11.000000000000032,0.0955442563554747,0
2024-02-27,12.00000000000001,0.1502780865895901,0
2024-02-28,14.000000000000057,0.27400499110522936,0
2024-02-29,12.00000000000001,0.1441670718289827,0
2024-03-01,16.000000000000014,0.3964028860165997,0
2024-03-04,15.000000000000036,0.3292285657649826,0
2024-03-05,13.999999999999968,0.2663469734219574,0
2024-03-06,12.00000000000001,0.13870727239697342,0
2024-03-07,17.99999999999997,0.5149290675155548,0
2024-03-08,20.000000000000018,0.6398876816237467,0
2024-03-11,17.99999999999997,0.5162716578587042,0
2024-03-12,15.999999999999925,0.3914099488889979,0
2024-03-13,15.999999999999925,0.392005111431067,0
2024-03-14,15.000000000000036,0.3281187133357268,0
2024-03-15,9.999999999999964,0.010348469623935331,0
2024-03-18,9.999999999999964,0.00984393319107191,0
2024-03-19,13.000000000000078,0.19914758926743886,0
2024-03-20,20.000000000000018,0.6418649405349279,0
2024-03-21,18.00000000000006,0.5157488260564063,0
2024-03-22,18.99999999999995,0.5796763896844632,0
2024-03-25,18.99999999999995,0.5790203352790239,0
2024-03-26,18.00000000000006,0.5136750124827374,0
2024-03-27,18.00000000000006,0.5113899797306501,0
2024-03-28,12.99999999999999,0.19255048748514206,0
2024-03-29,12.99999999999999,0.1938969937515083,0
2024-04-01,12.99999999999999,0.19524505115256768,0
2024-04-02,16.000000000000014,0.38538213496294327,0
2024-04-03,16.999999999999993,0.4475149034791781,0
2024-04-04,16.999999999999993,0.4455730362139974,0
2024-04-05,16.000000000000014,0.37994991297249364,0
2024-04-08,12.00000000000001,0.1259780878556018,0
2024-04-09,12.99999999999999,0.1892115449761919,0
2024-04-10,2.999999999999936,-0.443030968036664,0
2024-04-11,4.0000000000000036,-0.37535883741673587,0
2024-04-12,7.000000000000028,-0.1807730590441232,0
2024-04-15,8.999999999999986,-0.05177327296616749,0
2024-04-16,7.999999999999918,-0.11342835039613536,0
2024-04-17,8.999999999999986,-0.04702774519112308,0
2024-04-18,6.00000000000005,-0.23359266918282148,0
2024-04-19,5.999999999999961,-0.22774235454066233,0
2024-04-22,5.999999999999961,-0.2202113223797362,0
2024-04-23,10.000000000000053,0.04547466453360101,0
2024-04-24,14.000000000000057,0.31304322407376045,0
2024-04-25,12.00000000000001,0.18880907863847024,0
2024-04-26,10.000000000000053,0.06647215459533416,0
2024-04-29,9.999999999999964,0.07410859090045763,0
2024-04-30,7.000000000000028,-0.120420888191729,0
2024-05-01,10.000000000000053,0.08960743341882513,0
2024-05-02,14.999999999999947,0.4366700280955845,0
2024-05-03,17.99999999999997,0.6468060833100172,0
2024-05-06,15.999999999999925,0.5121232858172777,0
2024-05-07,12.99999999999999,0.3084035625822775,0
2024-05-08,13.999999999999968,0.3789942277791149,0
2024-05-09,12.99999999999999,0.3125714288478167,0
2024-05-10,12.00000000000001,0.24696450404803966,0
2024-05-13,12.99999999999999,0.3152195557365309,0
2024-05-14,12.99999999999999,0.3127579026877474,0
2024-05-15,16.999999999999993,0.5842539126843931,0
2024-05-16,11.999999999999922,0.23940799849067415,0
2024-05-17,11.999999999999922,0.23912158683370294,0
2024-05-20,12.00000000000001,0.2397080213396012,0
2024-05-21,12.00000000000001,0.23754295070279965,0
2024-05-22,8.000000000000007,-0.03795301589896517,0
2024-05-23,6.00000000000005,-0.1767198057286733,0
2024-05-24,4.0000000000000036,-0.31499351532614095,0
2024-05-27,4.0000000000000036,-0.31560641345185175,0
2024-05-28,10.000000000000053,0.0941169574039328,0
2024-05-29,11.000000000000032,0.1596700003897141,0
2024-05-30,12.00000000000001,0.22398647600848737,0
2024-05-31,13.000000000000078,0.28683954013604296,0
2024-06-03,12.99999999999999,0.2821544569603765,0
2024-06-04,13.000000000000078,0.276217002365207,0
2024-06-05,13.000000000000078,0.27024508442907524,0
2024-06-06,13.999999999999968,0.33461608987902836,0
2024-06-07,8.999999999999986,-0.02538107414040882,0
2024-06-10,10.999999999999943,0.11007962531860153,0
2024-06-11,12.00000000000001,0.17459061730360664,0
2024-06-12,14.999999999999947,0.384538038242988,0
2024-06-13,16.000000000000014,0.45059493326230593,0
2024-06-14,12.00000000000001,0.1518509579747539,0
2024-06-17,10.000000000000053,-0.004420814381238704,0
2024-06-18,12.00000000000001,0.13449153053804747,0
2024-06-19,12.00000000000001,0.12384977398200801,0
2024-06-20,12.99999999999999,0.19126407504860635,0
2024-06-21,12.99999999999999,0.1815597228807886,0
2024-06-24,11.000000000000032,0.005913026763859575,0
2024-06-25,11.000000000000032,-0.00773521251779267,0
2024-06-26,12.99999999999999,0.152798210610928,0
2024-06-27,13.999999999999968,0.2303467389721336,0
2024-06-28,17.99999999999997,0.5734704206472058,0
2024-07-01,19.99999999999993,0.7428470036484942,0
2024-07-02,20.999999999999996,0.8251849833132747,0
2024-07-03,20.000000000000018,0.730348607538195,0
2024-07-04,20.000000000000018,0.7243344457038026,0
2024-07-05,25.0,1.1682408639728208,0
2024-07-08,22.999999999999954,0.9849263834148603,0
2024-07-09,25.0,1.1671415453374416,0
2024-07-10,22.999999999999954,0.9827816890588374,0
2024-07-11,28.000000000000025,1.4580480227362012,0
2024-07-12,29.000000000000004,1.5517383307796262,-1
2024-07-15,33.00000000000001,1.9392910156071943,-1
2024-07-16,29.000000000000004,1.5477328903940786,-1
2024-07-17,29.999999999999982,1.6474060408003366,-1
2024-07-18,29.999999999999982,1.6447297286586053,-1
2024-07-19,29.000000000000004,1.5357422070069875,-1
2024-07-22,31.00000000000005,1.7210729753837641,-1
2024-07-23,33.00000000000001,1.9005194241950458,-1
2024-07-24,41.99999999999999,2.748353557852086,-1
2024-07-25,37.000000000000014,2.222598515781386,-1
2024-07-26,39.00000000000006,2.381043808241806,-1
2024-07-29,37.000000000000014,2.159291139557954,-1
2024-07-30,37.000000000000014,2.1375865545591854,-1
2024-07-31,37.99999999999994,2.2137240664931155,-1
2024-08-01,42.99999999999997,2.6539992787328264,-1
2024-08-02,49.00000000000002,3.160177296375332,-1
2024-08-05,43.99999999999995,2.6494686562718264,-1
2024-08-06,44.99999999999997,2.69687945765587,-1
2024-08-07,46.99999999999997,2.830041059030869,-1
2024-08-08,45.000000000000014,2.6160766288790174,-1
2024-08-09,43.00000000000006,2.4133120373019605,-1
2024-08-12,44.00000000000004,2.479577223669518,-1
2024-08-13,48.0,2.814942534707809,-1
2024-08-14,45.000000000000014,2.5206908431050112,-1
2024-08-15,38.99999999999997,1.9647444832095244,-1
2024-08-16,38.000000000000036,1.8606009418662655,-1
2024-08-19,36.00000000000003,1.6691990135476231,-1
2024-08-20,37.000000000000014,1.7435982746339984,-1
2024-08-21,41.99999999999995,2.166846297176218,-1
2024-08-22,40.99999999999997,2.055136643108778,-1
2024-08-23,44.99999999999997,2.38811202184035,-1
2024-08-26,45.000000000000014,2.360008250984042,-1
2024-08-27,46.99999999999997,2.509146984755684,-1
2024-08-28,50.0,2.7325812611656457,-1
2024-08-29,49.00000000000002,2.6144964385175564,-1
2024-08-30,49.00000000000002,2.5833554953878934,-1
2024-09-02,49.00000000000002,2.5506196761459163,-1
2024-09-03,48.0,2.436063040884501,-1
2024-09-04,49.99999999999996,2.5781753112742867,-1
2024-09-05,47.99999999999996,2.388259428144176,-1
2024-09-06,53.00000000000003,2.7900865436058138,-1
2024-09-09,50.99999999999998,2.589787997222762,-1
2024-09-10,54.0,2.803957980495049,-1
2024-09-11,50.99999999999998,2.5127093295292604,-1
2024-09-12,52.99999999999998,2.6333854202079876,-1
2024-09-13,54.999999999999986,2.7482358808528264,-1
2024-09-16,52.99999999999998,2.5428376734844664,-1
2024-09-17,52.0,2.4231778702364775,-1
2024-09-18,56.00000000000001,2.692313927326398,-1
2024-09-19,56.99999999999994,2.718281342051692,-1
2024-09-20,59.00000000000003,2.815607966077392,-1
2024-09-23,58.00000000000001,2.688443025813337,-1
2024-09-24,61.999999999999964,2.9253628400980163,-1
2024-09-25,61.999999999999964,2.8650100734754633,-1
2024-09-26,57.00000000000003,2.461549172723997,-1
2024-09-27,59.999999999999964,2.628738744733758,-1
2024-09-30,55.99999999999996,2.3102207566528175,-1
2024-10-01,57.00000000000003,2.3442251815702657,-1
2024-10-02,58.999999999999986,2.4428015671754393,-1
2024-10-03,55.99999999999996,2.2070969132249494,-1
2024-10-04,44.99999999999997,1.4454465363179385,-1
2024-10-07,43.99999999999999,1.3655861399664273,-1
2024-10-08,46.00000000000004,1.488234453162686,-1
2024-10-09,42.99999999999997,1.27580215138675,-1
2024-10-10,46.99999999999997,1.5300513389170298,-1
2024-10-11,50.99999999999998,1.7785820857669756,-1
2024-10-14,50.99999999999998,1.7599991130702082,-1
2024-10-15,46.00000000000004,1.418663685240787,-1
2024-10-16,46.0,1.4073077034895174,-1
2024-10-17,48.99999999999998,1.5891208094816067,-1
2024-10-18,50.0,1.6403314089630758,-1
2024-10-21,51.00000000000002,1.6876742420556812,-1
2024-10-22,49.00000000000002,1.5457670504395162,-1
2024-10-23,46.0,1.342397526615779,-1
2024-10-24,43.99999999999995,1.2052416660857175,-1
2024-10-25,43.99999999999995,1.195393416110892,-1
2024-10-28,41.99999999999999,1.0593714725042847,-1
2024-10-29,40.99999999999993,0.987794012495213,-1
2024-10-30,35.00000000000006,0.5995471075631355,-1
2024-10-31,31.99999999999994,0.4046933289723844,-1
2024-11-01,35.00000000000006,0.5914919636354383,-1
2024-11-04,33.00000000000001,0.4604000953301318,-1
2024-11-05,28.000000000000025,0.13773890402273645,-1
2024-11-06,33.00000000000001,0.45270621161641694,-1
2024-11-07,34.999999999999964,0.5759309107908844,-1
2024-11-08,26.999999999999957,0.0600396255641542,-1
2024-11-11,26.999999999999957,0.05607347698384071,-1
2024-11-12,25.99999999999998,-0.012002011314248629,0
2024-11-13,33.00000000000001,0.4341465430470585,0
2024-11-14,25.99999999999998,-0.017377602145951583,0
2024-11-15,29.999999999999982,0.23818436624028902,0
2024-11-18,33.00000000000001,0.4287151873862855,0
2024-11-19,32.00000000000003,0.3627031954460574,0
2024-11-20,30.99999999999996,0.295574078767833,0
2024-11-21,31.00000000000005,0.29195465038213253,0
2024-11-22,29.999999999999982,0.22289754641288875,0
2024-11-25,28.000000000000025,0.09030096737064786,0
2024-11-26,31.00000000000005,0.2789400575126129,0
2024-11-27,33.00000000000001,0.4031283008946206,0
2024-11-28,33.00000000000001,0.3976138256261014,0
2024-11-29,31.00000000000005,0.26414409102677017,0
2024-12-02,28.000000000000025,0.06458887765894122,0
2024-12-03,29.000000000000004,0.1251115117466897,0
2024-12-04,27.999999999999936,0.055265463742338705,0
2024-12-05,25.99999999999998,-0.08078119830999621,0
2024-12-06,30.99999999999996,0.2441134384933503,0
2024-12-09,31.99999999999994,0.30621116680395466,0
2024-12-10,32.00000000000003,0.30271722489093045,0
2024-12-11,35.00000000000006,0.4967119895631326,0
2024-12-12,37.000000000000014,0.6235520733967523,0
2024-12-13,36.00000000000003,0.5526053574803829,0
2024-12-16,34.999999999999964,0.48161839596255845,0
2024-12-17,33.00000000000001,0.3455890222197637,0
2024-12-18,25.0,-0.18632124608814393,0
2024-12-19,31.00000000000005,0.20765653085193764,0
2024-12-20,34.999999999999964,0.4684975219983934,0
2024-12-23,33.999999999999986,0.39764996611707143,0
2024-12-24,33.00000000000001,0.32758032127781417,0
2024-12-25,33.00000000000001,0.32426550975726887,0
2024-12-26,33.999999999999986,0.38748571264041265,0
2024-12-27,37.000000000000014,0.582949253260042,0
2024-12-30,39.99999999999994,0.7786105638210957,0
2024-12-31,40.000000000000036,0.777023727838543,0
2025-01-01,40.000000000000036,0.7754402847373049,0
2025-01-02,41.000000000000014,0.839424988346933,0
2025-01-03,41.000000000000014,0.8351012013457701,0
2025-01-06,42.99999999999997,0.9633805478162087,0
2025-01-07,45.000000000000014,1.088631122503715,0
2025-01-08,46.0,1.1471440913614679,0
2025-01-09,46.0,1.1406243747536473,0
2025-01-10,37.000000000000014,0.5490698573839363,0
2025-01-13,35.99999999999994,0.48375732459220994,0
2025-01-14,39.00000000000006,0.6789384761932948,0
2025-01-15,42.99999999999997,0.937585935792936,0
2025-01-16,45.000000000000014,1.0617765196190359,0
2025-01-17,41.99999999999999,0.8616105943774053,0
2025-01-20,41.99999999999999,0.8572507486768893,0
2025-01-21,39.99999999999994,0.7219773724323689,0
2025-01-22,39.00000000000006,0.6521761065793242,0
2025-01-23,41.99999999999999,0.8421752030801215,0
2025-01-24,41.99999999999999,0.8367319238544659,0
2025-01-27,43.99999999999995,0.9598555605816256,0
2025-01-28,45.000000000000014,1.0172272063359324,0
2025-01-29,44.00000000000004,0.9459160757817828,0
2025-01-30,45.000000000000014,1.0025332035231418,0
2025-01-31,46.99999999999997,1.1227765109264132,0
2025-02-03,41.99999999999999,0.7944231596611488,0
2025-02-04,44.00000000000004,0.9160145780454576,0
2025-02-05,39.99999999999994,0.6526518487430928,0
2025-02-06,37.000000000000014,0.4548899015824369,0
2025-02-07,35.00000000000006,0.32203104769691215,0
2025-02-10,37.000000000000014,0.44603558818964284,0
2025-02-11,37.999999999999986,0.5048934446982475,0
2025-02-12,34.999999999999964,0.30496213205238754,0
2025-02-13,33.00000000000001,0.16986809640927564,0
2025-02-14,36.00000000000003,0.36066700302838484,0
2025-02-17,36.00000000000003,0.3553899076182511,0
2025-02-18,36.99999999999992,0.41610593196209833,0
2025-02-19,38.99999999999997,0.5420018340780531,0
2025-02-20,40.000000000000036,0.602005664627029,0
2025-02-21,41.000000000000014,0.6617656289696827,0
2025-02-24,42.99999999999997,0.7874345938394122,0
2025-02-25,42.99999999999997,0.7812893422978754,0
2025-02-26,45.000000000000014,0.9061453308650512,0
2025-02-27,46.99999999999997,1.02996463163094,0
2025-02-28,47.99999999999996,1.0872664428193775,0
2025-03-03,48.0,1.0786800164964658,0
2025-03-04,52.00000000000004,1.332372085895487,0
2025-03-05,49.00000000000002,1.1258972122692381,0
2025-03-06,52.00000000000004,1.3136731231266066,0
2025-03-07,53.00000000000003,1.367752773532524,0
2025-03-10,56.00000000000001,1.5509133293912003,-1
2025-03-11,55.99999999999996,1.536357844847228,-1
2025-03-12,54.0,1.392942477149827,-1
2025-03-13,57.00000000000003,1.5740639026558496,-1
2025-03-14,53.00000000000003,1.3022740065960388,-1
2025-03-17,48.99999999999993,1.033921406647713,-1
2025-03-18,50.99999999999998,1.1553329543999824,-1
2025-03-19,52.999999999999936,1.2757370848447322,-1
2025-03-20,54.0,1.3298687241262057,-1
2025-03-21,58.999999999999986,1.6398493036053827,-1
2025-03-24,57.00000000000003,1.4964087139781572,-1
2025-03-25,58.00000000000001,1.5471826654912264,-1
2025-03-26,61.00000000000003,1.7254437920692536,-1
2025-03-27,64.00000000000006,1.8994964826236878,-1
2025-03-28,65.99999999999997,2.0123461720506013,-1
2025-03-31,62.999999999999986,1.8065685246151482,-1
2025-04-01,60.99999999999994,1.6654651185615816,-1
2025-04-02,58.999999999999986,1.5252686640358495,-1
2025-04-03,74.00000000000003,2.4622502504936667,-1
2025-04-04,69.0,2.119253674911339,-1
2025-04-07,76.00000000000003,2.535025988483116,-1
2025-04-08,83.0,2.9313197042138577,-1
2025-04-09,66.00000000000001,1.8465010193104503,-1
2025-04-10,82.00000000000003,2.807766252886714,-1
2025-04-11,69.99999999999993,2.0367179189714477,-1
2025-04-14,78.00000000000003,2.4980320013292,-1
2025-04-15,81.0,2.643268737729201,-1
2025-04-16,83.0,2.722481275558226,-1
2025-04-17,84.99999999999997,2.800067924751968,-1
2025-04-18,84.99999999999997,2.755634663948355,-1
2025-04-21,94.0,3.216408854347392,-1
2025-04-22,89.99999999999999,2.9235903922397593,-1
2025-04-23,83.0,2.482866997266962,-1
2025-04-24,85.99999999999994,2.6133527698805015,-1
2025-04-25,86.00000000000003,2.5735488271622797,-1
2025-04-28,88.00000000000003,2.6436335935417983,-1
2025-04-29,86.99999999999997,2.5506098305775273,-1
2025-04-30,94.0,2.882932291819231,-1
2025-05-01,93.00000000000001,2.7803929056879535,-1
2025-05-02,87.00000000000001,2.4220956580272666,-1
2025-05-05,87.99999999999999,2.442062968446318,-1
2025-05-06,90.99999999999997,2.56310788034945,-1
2025-05-07,89.99999999999994,2.4760441672243427,-1
2025-05-08,83.0,2.088494390621854,-1
2025-05-09,83.0,2.0687902799797606,-1
2025-05-12,79.99999999999999,1.8983682496723502,-1
2025-05-13,82.00000000000003,1.986974866949656,-1
2025-05-14,79.99999999999999,1.870378580957895,-1
2025-05-15,83.99999999999999,2.058353490522596,-1
2025-05-16,83.0,1.987774519209127,-1
2025-05-19,84.99999999999997,2.0702279286917262,-1
2025-05-20,88.99999999999997,2.250271571086197,-1
2025-05-21,92.99999999999997,2.4238359162248493,-1
2025-05-22,93.99999999999994,2.4424258134492294,-1
2025-05-23,96.0,2.509030276483576,-1
2025-05-26,96.0,2.47492305413269,-1
2025-05-27,90.00000000000003,2.1540486509522867,-1
2025-05-28,92.0,2.2296323812151533,-1
2025-05-29,92.0,2.205683390405814,-1
2025-05-30,96.0,2.372975810539541,-1
2025-06-02,98.00000000000004,2.4379136932884724,-1
2025-06-03,94.00000000000004,2.2184593766859204,-1
2025-06-04,95.99999999999996,2.290971281952247,-1
2025-06-05,88.99999999999997,1.93452579719808,-1
2025-06-06,83.99999999999999,1.6798915484730037,-1
2025-06-09,86.00000000000003,1.762773063659521,-1
2025-06-10,84.99999999999997,1.7013431334974534,-1
2025-06-11,89.00000000000006,1.8804085055859112,-1
2025-06-12,86.99999999999997,1.7705257663490754,-1
2025-06-13,88.00000000000009,1.8048469349987897,-1
2025-06-16,92.0,1.9810925975444669,-1
2025-06-17,88.99999999999997,1.8193091497655833,-1
2025-06-18,89.99999999999999,1.8501101759144076,-1
2025-06-19,89.99999999999999,1.8325792013006854,-1
2025-06-20,92.99999999999997,1.9573872834634038,-1
2025-06-23,96.0,2.0789202837911955,-1
2025-06-24,97.00000000000001,2.101677896848531,-1
2025-06-25,100.0,2.216867027846593,-1
2025-06-26,101.99999999999996,2.281125573127337,-1
2025-06-27,101.99999999999996,2.2525243435623277,-1
2025-06-30,99.00000000000003,2.086943528323964,-1
2025-07-01,94.00000000000004,1.8353347282875507,-1
2025-07-02,95.00000000000001,1.8608195292287508,-1
2025-07-03,92.00000000000004,1.7060225014397767,-1
2025-07-04,92.00000000000004,1.6894155945469482,-1
2025-07-07,96.0,1.8523912372034204,-1
2025-07-08,95.00000000000001,1.7885594314237236,-1
2025-07-09,95.00000000000001,1.7702711663986497,-1
2025-07-10,93.00000000000001,1.6634059678408089,-1
2025-07-11,96.99999999999997,1.8229679722378898,-1
2025-07-14,98.99999999999997,1.8906797199271927,-1
2025-07-15,96.0,1.738576390905713,-1
2025-07-16,101.99999999999996,1.9803162540727919,-1
2025-07-17,100.0,1.870956158976556,-1
2025-07-18,104.0,2.020806847257597,-1
2025-07-21,103.00000000000003,1.953459642163516,-1
2025-07-22,102.00000000000004,1.888128611489223,-1
2025-07-23,101.00000000000003,1.8245881617447637,-1
2025-07-24,98.0,1.6792421094292975,-1
2025-07-25,96.99999999999997,1.6205909115326829,-1
2025-07-28,100.0,1.7287450523660741,-1
2025-07-29,96.00000000000004,1.5458860214401617,-1
2025-07-30,92.99999999999997,1.4077822267709768,-1
2025-07-31,92.99999999999997,1.3954849997689414,-1
2025-08-01,103.99999999999996,1.831692487303317,-1
2025-08-04,104.99999999999999,1.8520504628166616,-1
2025-08-05,101.00000000000003,1.6708048217442795,-1
2025-08-06,103.99999999999996,1.7747016253427619,-1
2025-08-07,101.99999999999996,1.676306094037202,-1
2025-08-08,100.99999999999997,1.6195409099714335,-1
2025-08-11,100.99999999999997,1.6036972514095924,-1
2025-08-12,104.99999999999999,1.745867779872884,-1
2025-08-13,106.0,1.7666175007532563,-1
2025-08-14,106.0,1.7477139187182718,-1
2025-08-15,106.99999999999999,1.7679914866634805,-1
2025-08-18,108.00000000000006,1.787571067486903,-1
2025-08-19,108.00000000000006,1.768214512790992,-1
2025-08-20,107.99999999999996,1.7492795323574333,-1
2025-08-21,106.0,1.6549200342707397,-1
2025-08-22,112.00000000000001,1.8643825669912375,-1
2025-08-25,108.99999999999999,1.7310457597606284,-1
2025-08-26,115.00000000000003,1.9359987119688762,-1
2025-08-27,122.00000000000001,2.170149238524442,-1
2025-08-28,119.0,2.031744682485921,-1
2025-08-29,123.99999999999997,2.186585446600616,-1
2025-09-01,123.99999999999997,2.156662004997728,-1
2025-09-02,122.99999999999996,2.092325852363753,-1
2025-09-03,121.00000000000004,1.9949400559044552,-1
2025-09-04,121.00000000000004,1.9705500765101684,-1
2025-09-05,119.00000000000004,1.8774616074595032,-1
2025-09-08,112.00000000000006,1.6139016722255108,-1
2025-09-09,110.99999999999999,1.563923507661857,-1
2025-09-10,110.00000000000006,1.5149153094438377,-1
2025-09-11,106.00000000000006,1.3642558711637056,-1
2025-09-12,104.99999999999999,1.3190291356146424,-1
2025-09-15,105.00000000000003,1.3082405445773502,-1
2025-09-16,106.00000000000006,1.331873687631297,-1
2025-09-17,104.0,1.2529347402550193,-1
2025-09-18,104.99999999999999,1.276855538510465,-1
2025-09-19,106.99999999999999,1.3342105481640216,-1
2025-09-22,105.99999999999996,1.2894712587811652,-1
2025-09-23,105.00000000000003,1.2450496241919067,-1
2025-09-24,105.99999999999996,1.2682567084836776,-1
2025-09-25,100.0,1.0567105627638789,-1
2025-09-26,100.99999999999997,1.0818552289116934,-1
2025-09-29,96.99999999999997,0.9393458947240284,-1
2025-09-30,99.00000000000003,0.9992134532975704,-1
2025-10-01,103.99999999999996,1.1585446238178034,-1
2025-10-02,102.00000000000004,1.0825539427892488,-1
2025-10-03,98.99999999999997,0.9739909927655903,-1
2025-10-06,100.99999999999997,1.0330952355145735,-1
2025-10-07,102.00000000000004,1.0583382823085365,-1
2025-10-08,99.99999999999996,0.983694566744841,-1
2025-10-09,97.99999999999996,0.9096505177356184,-1
2025-10-10,98.0,0.9025189187873917,-1
2025-10-13,98.0,0.8953777933147045,-1
2025-10-14,102.0,1.0210908023753613,-1
2025-10-15,100.99999999999997,0.9798348231633702,-1
2025-10-16,103.00000000000003,1.038453829177616,-1
2025-10-17,100.99999999999997,0.9639581703053913,-1
2025-10-20,100.0,0.9232170564745709,-1
2025-10-21,98.99999999999997,0.8825663449030994,-1
2025-10-22,98.0,0.8421081159003742,-1
2025-10-23,97.00000000000001,0.8018705196170895,-1
2025-10-24,98.0,0.82888398715152,-1
2025-10-27,96.00000000000004,0.7546608699601679,-1
2025-10-28,94.99999999999997,0.7144371196950758,-1
2025-10-29,91.00000000000001,0.5720154774894897,-1
2025-10-30,93.00000000000001,0.634361037754141,-1
2025-10-31,96.0,0.7311775521083889,-1
2025-11-03,97.00000000000001,0.7594087470066955,-1
2025-11-04,98.0,0.7876010637385976,-1
2025-11-05,98.00000000000004,0.7810770699648332,-1
2025-11-06,100.00000000000004,0.844179543716411,-1
2025-11-07,103.00000000000003,0.9422093857753612,-1
2025-11-10,98.99999999999997,0.7952480855648879,-1
2025-11-11,98.99999999999997,0.7888578254906486,-1
2025-11-12,98.99999999999997,0.7825985882488712,-1
2025-11-13,99.00000000000003,0.776235586715167,-1
2025-11-14,100.0,0.8054565104678388,-1
2025-11-17,101.00000000000003,0.8347443812117133,-1
2025-11-18,104.0,0.9359777887827507,-1
2025-11-19,104.0,0.9295917970360317,-1
2025-11-20,105.00000000000003,0.9593817983260139,-1
2025-11-21,108.99999999999999,1.098458815172083,-1
2025-11-24,106.99999999999999,1.0190162006232382,-1
2025-11-25,112.00000000000001,1.1955844468192263,-1
2025-11-26,107.99999999999996,1.040780910113713,-1
2025-11-27,107.99999999999996,1.0339584450422723,-1
2025-11-28,108.0,1.0268641732265917,-1
2025-12-01,107.00000000000003,0.9823951847732806,-1
2025-12-02,108.0,1.0128949854029101,-1
2025-12-03,111.00000000000003,1.1185571577118096,-1
2025-12-04,107.99999999999996,0.9985906501454769,-1
2025-12-05,106.99999999999999,0.9554144856283195,-1
2025-12-08,105.99999999999996,0.9112176927355697,-1
2025-12-09,102.0,0.7510848794133687,-1
2025-12-10,106.0,0.8998895710924719,-1
2025-12-11,106.99999999999999,0.9328527997827968,-1
2025-12-12,109.99999999999997,1.0442393548402564,-1
2025-12-15,110.99999999999999,1.0773270970632831,-1
2025-12-16,113.00000000000003,1.1494867825085975,-1
2025-12-17,112.99999999999999,1.142041355393874,-1
2025-12-18,113.99999999999997,1.1744005030664706,-1
2025-12-19,112.00000000000001,1.087265042060088,-1
2025-12-22,112.99999999999999,1.1202194776935794,-1
2025-12-23,110.99999999999999,1.03267534446372,-1
2025-12-24,108.99999999999999,0.9449161418190313,-1
2025-12-25,108.99999999999999,0.9381195569065361,-1
2025-12-26,112.99999999999994,1.094006340537188,-1
2025-12-29,112.99999999999999,1.0864979324843143,-1
2025-12-30,112.99999999999994,1.0806059071922625,-1
2025-12-31,110.99999999999999,0.9924395251879325,-1
2026-01-01,110.99999999999999,0.9866074091489082,-1
2026-01-02,112.00000000000001,1.0220484017331757,-1
2026-01-05,113.99999999999997,1.099265635710604,-1
2026-01-06,114.00000000000001,1.0928910734026278,-1
2026-01-07,112.00000000000001,1.001831655723608,-1
2026-01-08,110.99999999999994,0.9535565004547707,-1
2026-01-09,107.00000000000003,0.7759403641045244,-1
2026-01-12,106.0,0.7268485390899172,-1
2026-01-13,108.0,0.8087908108590148,-1
2026-01-14,106.99999999999999,0.7590123623825816,-1
2026-01-15,102.0,0.5310691408200043,-1
2026-01-16,101.00000000000003,0.4801380970318731,-1
2026-01-19,101.00000000000003,0.4738868762528002,-1
2026-01-20,105.00000000000003,0.6496920101266758,-1
2026-01-21,104.0,0.598259675102669,-1
2026-01-22,98.99999999999997,0.3606332971790758,-1
2026-01-23,98.00000000000004,0.30676672167994273,-1
2026-01-26,98.0,0.29927906647328995,-1
2026-01-27,102.0,0.48457863164691883,-1
2026-01-28,101.99999999999996,0.4787128446856313,-1
2026-01-29,104.99999999999999,0.621489897827023,-1
2026-01-30,108.0,0.7683309348338566,-1
2026-02-02,107.00000000000003,0.7153858520321823,-1
2026-02-03,107.00000000000003,0.7125980196237658,-1
2026-02-04,108.0,0.7630225371572922,-1
2026-02-05,110.99999999999994,0.922597035944735,-1
2026-02-06,108.99999999999999,0.8126957416104897,-1
2026-02-09,109.99999999999997,0.866815094695251,-1
2026-02-10,108.0,0.7527186747211394,-1
2026-02-11,107.00000000000003,0.6927863072286561,-1
2026-02-12,104.99999999999999,0.5727890446989433,-1
2026-02-13,108.00000000000006,0.7474562160441321,-1
2026-02-16,108.00000000000006,0.7448608339954066,-1
2026-02-17,104.99999999999999,0.5573823919530557,-1
2026-02-18,104.99999999999999,0.5529101621454295,-1
2026-02-19,105.00000000000003,0.5479181329464274,-1
2026-02-20,106.99999999999999,0.6732105003124813,-1
2026-02-23,111.00000000000003,0.9331119739877546,-1
2026-02-24,109.00000000000003,0.7985736301097143,-1
2026-02-25,109.00000000000003,0.7957113906659032,-1
2026-02-26,110.00000000000001,0.8619081419189194,-1
2026-02-27,112.99999999999999,1.0707238327880702,-1
2026-03-02,108.0,0.7156824159109392,-1
2026-03-03,107.00000000000003,0.6417559966431121,-1
2026-03-04,104.99999999999999,0.4922095652934795,-1
2026-03-05,102.0,0.258932733503629,-1
2026-03-06,104.99999999999994,0.4855125200579792,-1
2026-03-09,100.99999999999997,0.15971800644075465,-1
2026-03-10,105.00000000000003,0.47814866432011444,-1
2026-03-11,107.00000000000003,0.6420910012000184,-1
2026-03-12,100.0,0.0371525561822688,-1
2026-03-13,103.00000000000003,0.2892671052586746,-1
2026-03-16,106.00000000000006,0.5513895241106184,-1
2026-03-17,105.99999999999996,0.547100665706635,-1
2026-03-18,100.99999999999997,0.07416072245720569,-1
2026-03-19,95.00000000000001,-0.5190415043058824,0
2026-03-20,95.00000000000001,-0.5506012455653805,0
2026-03-23,96.0,-0.46551493809046707,0
2026-03-24,91.00000000000001,-1.0015503241122539,0
2026-03-25,92.99999999999997,-0.8109310286988307,0
2026-03-26,84.99999999999997,-1.6529967459256272,1
2026-03-27,92.00000000000009,-0.9528146988967016,1
2026-03-30,94.0,-0.7478613303330673,1
2026-03-31,96.0,-0.5543245707843998,1
2026-04-01,94.0,-0.7926788731833219,1
2026-04-02,94.0,-0.8056504406539916,1
2026-04-03,92.0,-1.0428479143297984,1
2026-04-06,90.99999999999997,-1.1643450039128023,1
2026-04-07,95.00000000000001,-0.7151546760515896,1
2026-04-08,96.99999999999997,-0.48665489989052874,1
2026-04-09,99.00000000000003,-0.2610902206747593,1
2026-04-10,97.00000000000001,-0.5030305004951711,1
2026-04-13,98.00000000000004,-0.39436732080973247,1
2026-04-14,100.0,-0.16730212658197244,1
2026-04-15,98.99999999999997,-0.29197283090208603,1
2026-04-16,101.99999999999996,0.057320008460233066,0
2026-04-17,104.0,0.2917582360168417,0
2026-04-20,102.0,0.04849059915801716,0
2026-04-21,97.99999999999996,-0.43846156956519367,0
2026-04-22,99.00000000000003,-0.32491947236170937,0
2026-04-23,96.0,-0.692353862412368,0
2026-04-24,99.00000000000003,-0.3337215718485312,0
2026-04-27,100.00000000000004,-0.22237291354070324,0
2026-04-28,97.00000000000001,-0.604781755054321,0
2026-04-29,93.00000000000006,-1.122785134692763,0
2026-04-30,96.00000000000009,-0.7606191770840017,0
2026-05-01,95.00000000000001,-0.9085256306943337,0
2026-05-04,93.99999999999994,-1.0521123196368232,0
2026-05-05,90.00000000000003,-1.5891809353843158,1
2026-05-06,95.00000000000001,-0.9453601265724891,1
2026-05-07,92.99999999999997,-1.2162560809437228,1
2026-05-08,93.00000000000006,-1.2162560809437115,1
2026-05-11,91.00000000000001,-1.477493260980596,1
2026-05-12,91.00000000000001,-1.4704211940331824,1
2026-05-13,91.00000000000001,-1.4634148217196838,1
2026-05-14,88.99999999999997,-1.7250843796536994,1
2026-05-15,86.00000000000003,-2.105751157130796,1
2026-05-18,87.00000000000001,-1.9637093037813953,1
2026-05-19,85.99999999999994,-2.073542770300523,1
2026-05-20,89.00000000000006,-1.6718997340861503,1
2026-05-21,84.99999999999997,-2.166664479783633,1
2026-05-22,80.00000000000007,-2.7583186447250743,1
2026-05-25,80.00000000000007,-2.7269648711809844,1
2026-05-26,83.99999999999999,-2.2275497930286616,1
2026-05-27,83.99999999999999,-2.221916875894491,1
2026-05-28,83.0,-2.340365800014265,1
2026-05-29,86.00000000000003,-1.9607473448353112,1
2026-06-01,81.00000000000006,-2.5610549301208554,1
2026-06-02,79.99999999999999,-2.6575834719410247,1
2026-06-03,78.00000000000003,-2.8556021493166472,1
2026-06-04,79.0,-2.7028459254175767,1
2026-06-05,71.99999999999997,-3.4571846665760355,1
2026-06-08,74.00000000000003,-3.1627296505971234,1
2026-06-09,75.0,-2.9905155572544664,1
2026-06-10,76.00000000000007,-2.824518551963923,1
2026-06-11,77.00000000000004,-2.666902736635448,1
2026-06-12,75.99999999999997,-2.7249312376012087,1
2026-06-15,79.0,-2.3638639112496853,1
2026-06-16,76.99999999999996,-2.533940980119885,1
2026-06-17,66.00000000000001,-3.585375275635049,1
2026-06-18,67.0,-3.3940468073016943,1
2026-06-19,67.0,-3.310148043713044,1
2026-06-22,66.00000000000001,-3.3270810793913004,1
2026-06-23,67.00000000000009,-3.160544850563366,1
2026-06-24,69.00000000000004,-2.911891005504712,1
2026-06-25,71.0,-2.6793256196353545,1
2026-06-26,75.0,-2.282657717756543,1
2026-06-29,72.00000000000006,-2.5167390568171903,1
2026-06-30,71.99999999999997,-2.477261917234176,1
2026-07-01,72.99999999999996,-2.3531812153925866,1
2026-07-02,75.0,-2.151198707177523,1
2026-07-03,75.0,-2.1226724432470943,1
2026-07-06,78.00000000000003,-1.8446992940038907,1
2026-07-07,78.00000000000003,-1.8241463830662197,1
2026-07-08,75.0,-2.051976563045098,1
2026-07-09,78.00000000000003,-1.7804582430014646,1
2026-07-10,75.99999999999997,-1.924955150733089,1
2026-07-13,72.99999999999996,-2.1455865635136964,1
2026-07-14,77.00000000000004,-1.7986846076252192,1
2026-07-15,82.00000000000003,-1.3793147039203055,1
2026-07-16,80.99999999999996,-1.4498521828002489,1
2026-07-17,77.99999999999994,-1.6792842425221404,1
2026-07-20,78.00000000000003,-1.6659047042656425,1
2026-07-21,75.99999999999997,-1.8060889675715721,1
2026-07-22,74.00000000000003,-1.9418328913893335,1
2026-07-23,71.0,-2.1497804721197613,1
2026-07-24,73.00000000000004,-1.9686785135229454,1
2026-07-27,71.99999999999997,-2.020851173356766,1
2026-07-28,74.00000000000003,-1.845686336260937,1
2026-07-29,83.0,-1.147328721250994,1
2026-07-30,83.0,-1.1383446984982348,1
